blockchain,mode,workload,network_size,metric,eligible_observations,eligible_hash_batches,hash_batches_with_at_least_two_eligible_executions,total_sum_of_squares,within_hash_sum_of_squares,between_hash_sum_of_squares,decomposition_identity_error,between_hash_fraction,decomposition_available,strict_sensitivity
Algorand,fat-tree,DDoS,10 nodes,TPS,13,3,2,38426.132307692314,25985.465000000004,12440.667307692307,3.637978807091713e-12,0.3237553862583739,True,True
Algorand,fat-tree,DDoS,40 nodes,TPS,13,3,2,74179.6523076923,69402.14399999999,4777.508307692318,0.0,0.06440456592969092,True,True
Algorand,fat-tree,FIFA,10 nodes,TPS,16,5,3,138541.7175,60175.08899999999,78366.62849999999,1.4551915228366852e-11,0.565653652301517,True,True
Algorand,fat-tree,FIFA,40 nodes,TPS,13,3,2,11530.01692307692,10077.804,1452.2129230769228,2.2737367544323206e-12,0.12595063240283455,True,True
Algorand,fat-tree,GAFAM,10 nodes,TPS,13,3,2,11255.263076923076,9899.861000000003,1355.4020769230735,2.2737367544323206e-13,0.12042384684033601,True,True
Algorand,fat-tree,GAFAM,40 nodes,TPS,13,3,2,13008.28,11692.674,1315.6059999999998,0.0,0.10113604565707378,True,True
Algorand,fat-tree,Gaming,10 nodes,TPS,13,3,2,46130.03076923076,38802.14099999999,7327.889769230769,3.637978807091713e-12,0.15885291310316127,True,True
Algorand,fat-tree,Gaming,40 nodes,TPS,13,3,2,30717.329230769228,24102.473999999995,6614.8552307692225,1.0913936421275139e-11,0.21534604070145497,True,True
Algorand,fat-tree,PayPal,10 nodes,TPS,13,3,2,13.149230769230737,10.815999999999985,2.3332307692308,4.75175454539567e-14,0.1774423774423802,True,True
Algorand,fat-tree,PayPal,40 nodes,TPS,13,3,2,3.6999999999999607,3.548999999999956,0.1509999999999925,1.2184697695261093e-14,0.04081081081080922,True,True
Algorand,fat-tree,VISA,10 nodes,TPS,13,3,2,876.8723076923102,854.4450000000027,22.427307692309036,1.5134560271690134e-12,0.02557648074362346,True,True
Algorand,fat-tree,VISA,40 nodes,TPS,13,3,2,31617.64769230769,29228.43,2389.2176923076895,1.8189894035458565e-12,0.07556595340547634,True,True
Algorand,full mesh,DDoS,10 nodes,TPS,14,4,2,13907.454285714297,13792.74600000001,114.70828571428662,2.1316282072803006e-13,0.008247971437311477,True,True
Algorand,full mesh,DDoS,40 nodes,TPS,13,3,2,139051.0292307692,126318.96099999998,12732.068230769213,5.4569682106375694e-12,0.09156399849179873,True,True
Algorand,full mesh,FIFA,10 nodes,TPS,14,4,2,122924.96,117897.636,5027.3240000000005,7.275957614183426e-12,0.04089750364775389,True,True
Algorand,full mesh,FIFA,40 nodes,TPS,13,3,2,20561.836923076924,8075.650000000001,12486.18692307692,1.8189894035458565e-12,0.6072505569316837,True,True
Algorand,full mesh,GAFAM,10 nodes,TPS,14,4,2,7873.894285714286,7021.1759999999995,852.7182857142845,1.5916157281026244e-12,0.10829689284264116,True,True
Algorand,full mesh,GAFAM,40 nodes,TPS,13,3,2,3985.3630769230776,3542.714000000001,442.64907692307736,5.684341886080801e-13,0.11106869521780864,True,True
Algorand,full mesh,Gaming,10 nodes,TPS,13,3,2,25841.93999999999,25400.675999999996,441.2639999999998,4.206412995699793e-12,0.01707549820176039,True,True
Algorand,full mesh,Gaming,40 nodes,TPS,13,3,2,42901.57230769231,23772.121000000003,19129.45130769231,3.637978807091713e-12,0.4458916137267625,True,True
Algorand,full mesh,PayPal,10 nodes,TPS,13,3,2,18.870769230769245,17.580999999999996,1.2897692307692459,2.886579864025407e-15,0.06834746453611684,True,True
Algorand,full mesh,PayPal,40 nodes,TPS,13,3,2,14.932307692307633,10.763999999999934,4.1683076923077325,3.2862601528904634e-14,0.2791469194312834,True,True
Algorand,full mesh,VISA,10 nodes,TPS,13,3,2,5635.912307692314,5546.054000000007,89.85830769230759,7.105427357601002e-13,0.015943879674930758,True,True
Algorand,full mesh,VISA,40 nodes,TPS,13,3,2,24745.8723076923,16849.36499999999,7896.507307692306,4.547473508864641e-12,0.3191040190261413,True,True
Algorand,hypercube,DDoS,10 nodes,TPS,13,3,2,29338.947692307695,15655.880999999998,13683.066692307666,3.092281986027956e-11,0.46637891841959944,True,True
Algorand,hypercube,DDoS,40 nodes,TPS,13,3,2,156921.1369230769,127318.94099999999,29602.19592307694,2.546585164964199e-11,0.18864377676276972,True,True
Algorand,hypercube,FIFA,10 nodes,TPS,13,3,2,45846.156923076924,31799.346,14046.810923076924,1.8189894035458565e-12,0.30639015057784225,True,True
Algorand,hypercube,FIFA,40 nodes,TPS,13,3,2,18913.636923076923,15010.141,3903.495923076922,1.8189894035458565e-12,0.20638526259929338,True,True
Algorand,hypercube,GAFAM,10 nodes,TPS,13,3,2,16317.052307692305,15592.081,724.9713076923075,2.1600499167107046e-12,0.04443028642805393,True,True
Algorand,hypercube,GAFAM,40 nodes,TPS,13,3,2,7799.236923076924,6840.264000000001,958.9729230769215,1.1368683772161603e-12,0.12295727550466454,True,True
Algorand,hypercube,Gaming,10 nodes,TPS,13,3,2,43943.5,40131.534,3811.965999999998,2.2737367544323206e-12,0.08674698191996537,True,True
Algorand,hypercube,Gaming,40 nodes,TPS,13,3,2,37376.66923076923,31624.168999999998,5752.500230769236,5.4569682106375694e-12,0.15390617594233522,True,True
Algorand,hypercube,PayPal,10 nodes,TPS,13,3,2,3.1323076923077386,1.3000000000000282,1.8323076923076966,1.3766765505351941e-14,0.5849705304518591,True,True
Algorand,hypercube,PayPal,40 nodes,TPS,13,3,2,7.16307692307689,6.408999999999965,0.7540769230769161,8.548717289613705e-15,0.10527276632302357,True,True
Algorand,hypercube,VISA,10 nodes,TPS,13,3,2,1970.103076923073,1770.2559999999964,199.84707692307728,6.252776074688882e-13,0.10143990904029268,True,True
Algorand,hypercube,VISA,40 nodes,TPS,13,3,2,40568.943076923075,22703.309999999998,17865.633076923095,1.8189894035458565e-11,0.4403770895151973,True,True
Algorand,scale-free,DDoS,10 nodes,TPS,13,3,2,31663.389230769233,23980.189,7683.200230769263,2.8194335754960775e-11,0.24265248974999276,True,True
Algorand,scale-free,DDoS,40 nodes,TPS,13,3,2,51715.24,40159.72899999999,11555.510999999999,7.275957614183426e-12,0.2234449844958662,True,True
Algorand,scale-free,FIFA,10 nodes,TPS,17,6,3,59258.30117647058,37689.818999999996,21568.482176470585,0.0,0.3639740213314566,True,True
Algorand,scale-free,FIFA,40 nodes,TPS,11,3,2,7610.301818181819,4861.075000000001,2749.226818181817,9.094947017729282e-13,0.3612506946325864,True,True
Algorand,scale-free,GAFAM,10 nodes,TPS,13,3,2,15990.510769230768,10496.37,5494.1407692307685,9.094947017729282e-13,0.3435875719368949,True,True
Algorand,scale-free,GAFAM,40 nodes,TPS,13,3,2,22521.812307692304,18042.364,4479.448307692308,5.4569682106375694e-12,0.1988937766860954,True,True
Algorand,scale-free,Gaming,10 nodes,TPS,12,3,2,39407.48666666667,25542.039999999997,13865.44666666667,3.637978807091713e-12,0.35184803293722705,True,True
Algorand,scale-free,Gaming,40 nodes,TPS,13,3,2,54947.15076923078,40979.49600000001,13967.654769230769,3.637978807091713e-12,0.2542016205333863,True,True
Algorand,scale-free,PayPal,10 nodes,TPS,13,3,2,0.8307692307692507,0.6690000000000301,0.16176923076920413,1.6431300764452317e-14,0.1947222222221855,True,True
Algorand,scale-free,PayPal,40 nodes,TPS,13,3,2,5.067692307692305,3.544999999999995,1.5226923076922751,3.441691376337985e-14,0.3004705525197266,True,True
Algorand,scale-free,VISA,10 nodes,TPS,13,3,2,5219.1076923076935,4231.169000000002,987.9386923076895,2.2737367544323206e-12,0.18929264359955372,True,True
Algorand,scale-free,VISA,40 nodes,TPS,13,3,2,10251.330769230772,8419.164,1832.1667692307706,4.547473508864641e-13,0.17872477344404825,True,True
Algorand,torus,DDoS,10 nodes,TPS,13,3,2,22979.35230769233,19638.98100000003,3340.3713076923036,2.2737367544323206e-12,0.14536403215220803,True,True
Algorand,torus,DDoS,40 nodes,TPS,13,3,2,39317.48769230769,20456.749,18860.738692307696,7.275957614183426e-12,0.47970355684749727,True,True
Algorand,torus,FIFA,10 nodes,TPS,13,3,2,65368.76923076923,60405.509,4963.260230769231,2.7284841053187847e-12,0.0759270870352109,True,True
Algorand,torus,FIFA,40 nodes,TPS,13,3,2,14612.803076923077,14076.220999999998,536.5820769230767,2.8421709430404007e-12,0.03671999643726543,True,True
Algorand,torus,GAFAM,10 nodes,TPS,13,3,2,17894.587692307687,15854.506,2040.081692307691,3.637978807091713e-12,0.11400551537628649,True,True
Algorand,torus,GAFAM,40 nodes,TPS,13,3,2,13488.812307692308,12107.905999999999,1380.9063076923082,2.2737367544323206e-13,0.10237419545861828,True,True
Algorand,torus,Gaming,10 nodes,TPS,13,3,2,12811.789230769235,8946.389000000003,3865.4002307692344,2.7284841053187847e-12,0.3017065111784665,True,True
Algorand,torus,Gaming,40 nodes,TPS,13,3,2,60245.82,47379.969000000005,12865.850999999991,3.637978807091713e-12,0.2135559114308676,True,True
Algorand,torus,PayPal,10 nodes,TPS,13,3,2,3.047692307692291,2.560999999999978,0.486692307692307,5.662137425588298e-15,0.1596920747097432,True,True
Algorand,torus,PayPal,40 nodes,TPS,13,3,2,9.503076923076941,8.086000000000002,1.4170769230769633,2.4202861936828413e-14,0.14911769467379382,True,True
Algorand,torus,VISA,10 nodes,TPS,13,3,2,663.8723076923083,529.7210000000011,134.15130769231018,3.069544618483633e-12,0.20207396232362004,True,True
Algorand,torus,VISA,40 nodes,TPS,13,3,2,18293.46769230769,13463.608999999993,4829.858692307695,3.637978807091713e-12,0.26402094854539937,True,True
Diem,fat-tree,DDoS,10 nodes,TPS,13,3,2,4415.472307692312,4144.216000000004,271.25630769230764,2.8421709430404007e-13,0.06143313530010024,True,True
Diem,fat-tree,DDoS,40 nodes,TPS,20,4,2,256207.0975,89722.91500000001,166484.18249999997,2.9103830456733704e-11,0.6498031636301566,True,True
Diem,fat-tree,FIFA,10 nodes,TPS,13,3,2,1233.4292307692308,1006.289,227.1402307692308,0.0,0.18415343588668992,True,True
Diem,fat-tree,FIFA,40 nodes,TPS,21,5,3,2097.149523809524,1190.2543055555557,906.8952182539687,3.410605131648481e-13,0.43244184926145424,True,True
Diem,fat-tree,GAFAM,10 nodes,TPS,13,3,2,4986.167692307694,4832.196000000001,153.97169230769225,7.958078640513122e-13,0.030879766146900526,True,True
Diem,fat-tree,GAFAM,40 nodes,TPS,19,4,2,15899.264210526315,12245.61757142857,3653.6466390977403,5.4569682106375694e-12,0.22979973102647078,True,True
Diem,fat-tree,Gaming,10 nodes,TPS,13,3,2,74994.15692307692,74644.79400000001,349.3629230769237,8.981260180007666e-12,0.004658535243422665,True,True
Diem,fat-tree,Gaming,40 nodes,TPS,25,6,3,70732.68000000001,39977.569,30755.111000000015,1.0913936421275139e-11,0.4348076589208837,True,True
Diem,fat-tree,PayPal,10 nodes,TPS,13,3,2,19.08923076923074,17.328999999999976,1.7602307692306771,8.548717289613705e-14,0.09221067053513395,True,True
Diem,fat-tree,PayPal,40 nodes,TPS,23,6,3,140.94000000000017,45.885,95.05499999999903,1.1510792319313623e-12,0.6744359301830489,True,True
Diem,fat-tree,VISA,10 nodes,TPS,11,3,2,11592.116363636367,3053.5750000000016,8538.54136363636,7.275957614183426e-12,0.7365817505439427,True,True
Diem,fat-tree,VISA,40 nodes,TPS,23,5,3,351779.0921739131,25949.877888888892,325829.2142850242,0.0,0.9262324610353485,True,True
Diem,full mesh,DDoS,10 nodes,TPS,13,3,2,84190.1923076923,79557.52599999998,4632.6663076923,1.4551915228366852e-11,0.05502619937915288,True,True
Diem,full mesh,DDoS,40 nodes,TPS,11,3,1,3395.8072727272747,2794.2622222222244,601.5450505050501,2.2737367544323206e-13,0.17714346021231386,True,False
Diem,full mesh,FIFA,10 nodes,TPS,13,3,2,1586.436923076923,1269.1459999999997,317.290923076923,2.8421709430404007e-13,0.20000223044577878,True,True
Diem,full mesh,FIFA,40 nodes,TPS,11,3,2,191.86727272727273,190.055,1.8122727272727326,5.10702591327572e-15,0.009445449979626095,True,True
Diem,full mesh,GAFAM,10 nodes,TPS,12,3,2,8618.489166666668,6630.695555555557,1987.7936111111126,1.3642420526593924e-12,0.23064293203491049,True,True
Diem,full mesh,GAFAM,40 nodes,TPS,13,3,2,1585.792307692308,1503.701,82.09130769230782,1.4210854715202004e-13,0.051766746057539864,True,True
Diem,full mesh,Gaming,10 nodes,TPS,13,3,2,49499.93076923078,39582.049000000006,9917.881769230766,5.4569682106375694e-12,0.20036152808916116,True,True
Diem,full mesh,Gaming,40 nodes,TPS,12,3,2,11548.429166666669,8996.485,2551.9441666666694,1.3642420526593924e-12,0.2209776004889556,True,True
Diem,full mesh,PayPal,10 nodes,TPS,13,3,2,1.1676923076922971,0.7689999999999996,0.39869230769229735,2.220446049250313e-16,0.3414361001317465,True,True
Diem,full mesh,PayPal,40 nodes,TPS,13,3,2,237.32923076923075,96.10400000000013,141.22523076923045,1.7053025658242404e-13,0.595060415910386,True,True
Diem,full mesh,VISA,10 nodes,TPS,13,3,2,33451.38769230768,13515.544999999995,19935.842692307677,1.0913936421275139e-11,0.5959645942249513,True,True
Diem,full mesh,VISA,40 nodes,TPS,12,3,2,1487.3799999999992,1421.3738888888886,66.00611111111095,3.410605131648481e-13,0.04437743623761983,True,True
Diem,hypercube,DDoS,10 nodes,TPS,13,3,2,58630.383076923084,50420.661,8209.722076923077,7.275957614183426e-12,0.14002504582226452,True,True
Diem,hypercube,DDoS,40 nodes,TPS,12,4,1,3954.166666666666,2401.608888888888,1552.5577777777778,2.2737367544323206e-13,0.39263842641376895,True,False
Diem,hypercube,FIFA,10 nodes,TPS,13,3,2,1403.0707692307694,1379.969,23.101769230769314,6.394884621840902e-14,0.01646514896995168,True,True
Diem,hypercube,FIFA,40 nodes,TPS,9,3,1,602.2288888888888,502.0342857142856,100.19460317460319,4.263256414560601e-14,0.1663729605523608,True,False
Diem,hypercube,GAFAM,10 nodes,TPS,13,3,2,3650.1707692307677,3271.701,378.46976923076846,7.389644451905042e-13,0.1036854966954126,True,True
Diem,hypercube,GAFAM,40 nodes,TPS,10,3,2,12209.381000000001,11206.888571428572,1002.4924285714302,5.684341886080801e-13,0.0821083745827434,True,True
Diem,hypercube,Gaming,10 nodes,TPS,13,3,2,129348.82923076922,120871.48599999999,8477.343230769231,3.637978807091713e-12,0.06553861585901899,True,True
Diem,hypercube,Gaming,40 nodes,TPS,10,3,2,17778.084000000003,15619.757142857143,2158.3268571428575,2.2737367544323206e-12,0.12140379453392487,True,True
Diem,hypercube,PayPal,10 nodes,TPS,13,3,2,6.140000000000024,5.449000000000012,0.6910000000000676,5.617728504603292e-14,0.11254071661238842,True,True
Diem,hypercube,PayPal,40 nodes,TPS,11,3,1,109.40909090909098,67.23999999999998,42.16909090909073,2.7000623958883807e-13,0.38542584129621743,True,False
Diem,hypercube,VISA,10 nodes,TPS,12,3,2,4367.659999999999,2542.4938888888905,1825.1661111111134,5.002220859751105e-12,0.4178819118500785,True,True
Diem,hypercube,VISA,40 nodes,TPS,9,3,1,508.5288888888889,465.5371428571428,42.991746031745734,3.836930773104541e-13,0.08454140358806483,True,False
Diem,scale-free,DDoS,10 nodes,TPS,13,3,2,7911.28923076923,6096.856000000001,1814.4332307692318,2.5011104298755527e-12,0.22934735134096607,True,True
Diem,scale-free,DDoS,40 nodes,TPS,18,3,3,4925.836111111112,4192.154333333334,733.6817777777762,1.5916157281026244e-12,0.1489456330312786,True,True
Diem,scale-free,FIFA,10 nodes,TPS,12,3,2,562.9091666666666,447.4755555555556,115.43361111111109,1.2789769243681803e-13,0.20506614201126785,True,True
Diem,scale-free,FIFA,40 nodes,TPS,18,4,3,371.2294444444444,206.21214285714285,165.01730158730157,0.0,0.4445156602118529,True,True
Diem,scale-free,GAFAM,10 nodes,TPS,14,4,2,4403.037142857143,4298.929000000001,104.1081428571424,1.4210854715202004e-14,0.023644620628747712,True,True
Diem,scale-free,GAFAM,40 nodes,TPS,16,4,2,442.15937500000047,394.6820833333338,47.47729166666704,3.979039320256561e-13,0.10737596973188003,True,True
Diem,scale-free,Gaming,10 nodes,TPS,13,3,2,51945.650769230764,40651.709,11293.941769230767,5.4569682106375694e-12,0.21741842872282516,True,True
Diem,scale-free,Gaming,40 nodes,TPS,17,4,3,6344.742352941176,4068.248333333332,2276.494019607843,1.3642420526593924e-12,0.3588000730325241,True,True
Diem,scale-free,PayPal,10 nodes,TPS,13,4,1,64.08000000000014,56.5210000000002,7.5589999999999495,8.881784197001252e-15,0.117961922596753,True,False
Diem,scale-free,PayPal,40 nodes,TPS,19,5,4,2264.124210526316,1627.908571428572,636.2156390977448,9.094947017729282e-13,0.28099855835641224,True,True
Diem,scale-free,VISA,10 nodes,TPS,12,3,2,2958.1500000000015,2784.280555555556,173.86944444444504,3.979039320256561e-13,0.058776412434949195,True,True
Diem,scale-free,VISA,40 nodes,TPS,19,6,4,994.2915789473683,735.8049999999998,258.48657894736795,5.115907697472721e-13,0.2599706005968805,True,True
Diem,torus,DDoS,10 nodes,TPS,13,3,2,19282.823076923076,18762.928999999993,519.8940769230792,3.865352482534945e-12,0.026961512577754653,True,True
Diem,torus,DDoS,40 nodes,TPS,10,3,1,2166.125000000001,1482.5487500000004,683.5762499999998,6.821210263296962e-13,0.3155756246753994,True,False
Diem,torus,FIFA,10 nodes,TPS,13,3,2,1906.2476923076927,1038.5660000000003,867.6816923076923,1.1368683772161603e-13,0.45517783224554714,True,True
Diem,torus,FIFA,40 nodes,TPS,9,3,1,79.32222222222224,36.48857142857143,42.8336507936508,7.105427357601002e-15,0.5399955976227162,True,False
Diem,torus,GAFAM,10 nodes,TPS,13,3,2,890.0999999999999,192.8240000000001,697.276000000001,1.1368683772161603e-12,0.7833681608808011,True,True
Diem,torus,GAFAM,40 nodes,TPS,13,4,2,501.6630769230771,439.605,62.05807692307732,2.5579538487363607e-13,0.12370469300572633,True,True
Diem,torus,Gaming,10 nodes,TPS,12,3,2,92747.33999999998,82064.62888888888,10682.71111111111,9.094947017729282e-12,0.11518078158479922,True,True
Diem,torus,Gaming,40 nodes,TPS,11,4,3,19382.12727272727,1900.2749999999996,17481.852272727265,7.275957614183426e-12,0.9019573562147692,True,True
Diem,torus,PayPal,10 nodes,TPS,12,3,1,1.3966666666666776,1.1409999999999993,0.25566666666667054,7.716050021144838e-15,0.18305489260143332,True,False
Diem,torus,PayPal,40 nodes,TPS,12,4,3,17061.116666666665,15933.999285714284,1127.1173809523823,1.5916157281026244e-12,0.06606351758642502,True,True
Diem,torus,VISA,10 nodes,TPS,13,3,2,7691.792307692306,4303.723999999997,3388.0683076923124,3.637978807091713e-12,0.4404783920522682,True,True
Diem,torus,VISA,40 nodes,TPS,13,4,2,20236.167692307696,1290.0405555555556,18946.127136752137,3.637978807091713e-12,0.9362507479098457,True,True
Ethereum,fat-tree,DDoS,10 nodes,TPS,13,3,2,256.143076923077,114.30500000000002,141.8380769230769,8.526512829121202e-14,0.5537455028139319,True,True
Ethereum,fat-tree,DDoS,40 nodes,TPS,13,3,2,36.0676923076923,30.489000000000004,5.578692307692311,1.7763568394002505e-14,0.15467283739976126,True,True
Ethereum,fat-tree,FIFA,10 nodes,TPS,14,4,2,23.380000000000003,22.041,1.339,2.220446049250313e-15,0.057271171941830616,True,True
Ethereum,fat-tree,FIFA,40 nodes,TPS,13,3,2,21.90923076923077,19.601,2.3082307692307666,4.884981308350689e-15,0.10535425883013821,True,True
Ethereum,fat-tree,GAFAM,10 nodes,TPS,13,3,2,131.5169230769231,36.800000000000004,94.71692307692308,0.0,0.7201881009755983,True,True
Ethereum,fat-tree,GAFAM,40 nodes,TPS,13,3,2,13.552307692307695,8.201,5.351307692307695,8.881784197001252e-16,0.39486320808264286,True,True
Ethereum,fat-tree,Gaming,10 nodes,TPS,13,3,2,0.8369230769230768,0.7699999999999999,0.0669230769230769,4.163336342344337e-17,0.07996323529411764,True,True
Ethereum,fat-tree,Gaming,40 nodes,TPS,13,3,2,0.0907692307692308,0.08500000000000003,0.005769230769230754,8.673617379884035e-18,0.06355932203389812,True,True
Ethereum,fat-tree,PayPal,10 nodes,TPS,14,4,2,88.10357142857143,13.268999999999998,74.83457142857145,2.842170943040401e-14,0.8493931655113708,True,True
Ethereum,fat-tree,PayPal,40 nodes,TPS,13,3,2,0.3230769230769237,0.24900000000000058,0.07407692307692361,4.85722573273506e-16,0.22928571428571548,True,True
Ethereum,fat-tree,VISA,10 nodes,TPS,13,3,2,73.49230769230769,16.181000000000004,57.3113076923077,1.4210854715202004e-14,0.7798272974670296,True,True
Ethereum,fat-tree,VISA,40 nodes,TPS,13,3,2,2.4123076923076927,2.024,0.38830769230768825,4.440892098500626e-15,0.16096938775510033,True,True
Ethereum,full mesh,DDoS,10 nodes,TPS,11,2,1,139.46181818181816,139.405,0.056818181818181816,2.3252233471993122e-14,0.0004074103045473509,True,False
Ethereum,full mesh,DDoS,40 nodes,TPS,13,3,2,50.03230769230769,48.689,1.3433076923076888,8.881784197001252e-16,0.026848805387288146,True,True
Ethereum,full mesh,FIFA,10 nodes,TPS,13,4,2,15.867692307692307,9.5,6.367692307692309,1.7763568394002505e-15,0.4012992049641265,True,True
Ethereum,full mesh,FIFA,40 nodes,TPS,13,3,2,11.236923076923077,5.864000000000002,5.372923076923074,8.881784197001252e-16,0.47814895947426045,True,True
Ethereum,full mesh,GAFAM,10 nodes,TPS,13,3,2,15.356923076923078,9.783999999999997,5.5729230769230815,8.881784197001252e-16,0.3628932077739935,True,True
Ethereum,full mesh,GAFAM,40 nodes,TPS,13,3,2,6.587692307692311,5.669000000000003,0.9186923076923073,8.881784197001252e-16,0.13945586174684713,True,True
Ethereum,full mesh,Gaming,10 nodes,TPS,13,3,2,0.2876923076923077,0.269,0.018692307692307678,3.469446951953614e-18,0.06497326203208552,True,True
Ethereum,full mesh,Gaming,40 nodes,TPS,13,3,2,0.13076923076923078,0.125,0.00576923076923078,3.469446951953614e-18,0.04411764705882361,True,True
Ethereum,full mesh,PayPal,10 nodes,TPS,13,3,2,4.667692307692306,4.513999999999998,0.15369230769230768,7.771561172376096e-16,0.03292682926829269,True,True
Ethereum,full mesh,PayPal,40 nodes,TPS,13,3,2,0.2876923076923075,0.2009999999999996,0.08669230769230811,1.8041124150158794e-16,0.30133689839572353,True,True
Ethereum,full mesh,VISA,10 nodes,TPS,13,3,2,48.51076923076925,46.066,2.4447692307692335,1.2878587085651816e-14,0.0503964226817202,True,True
Ethereum,full mesh,VISA,40 nodes,TPS,13,3,2,0.7523076923076917,0.7289999999999993,0.023307692307692352,1.0408340855860843e-17,0.030981595092024625,True,True
Ethereum,hypercube,DDoS,10 nodes,TPS,13,3,2,156.96307692307693,37.89999999999999,119.0630769230769,2.842170943040401e-14,0.75854194028973,True,True
Ethereum,hypercube,DDoS,40 nodes,TPS,13,3,2,40.13692307692309,35.38400000000001,4.752923076923087,4.440892098500626e-15,0.11841772394495785,True,True
Ethereum,hypercube,FIFA,10 nodes,TPS,12,3,2,18.289166666666667,16.74,1.5491666666666664,1.7763568394002505e-15,0.08470405978038,True,True
Ethereum,hypercube,FIFA,40 nodes,TPS,13,3,2,13.310769230769232,10.179999999999998,3.1307692307692325,1.3322676295501878e-15,0.23520573277854842,True,True
Ethereum,hypercube,GAFAM,10 nodes,TPS,13,3,2,28.552307692307693,21.344,7.208307692307681,1.0658141036401503e-14,0.2524597230454223,True,True
Ethereum,hypercube,GAFAM,40 nodes,TPS,13,3,2,6.927692307692307,5.181,1.746692307692307,4.440892098500626e-16,0.2521319120586275,True,True
Ethereum,hypercube,Gaming,10 nodes,TPS,13,3,2,0.3507692307692309,0.27600000000000013,0.07476923076923075,0.0,0.213157894736842,True,True
Ethereum,hypercube,Gaming,40 nodes,TPS,13,3,2,0.5923076923076922,0.22899999999999998,0.363307692307692,2.220446049250313e-16,0.6133766233766229,True,True
Ethereum,hypercube,PayPal,10 nodes,TPS,14,4,2,41.63428571428571,39.736,1.8982857142857106,2.220446049250313e-15,0.045594290419983446,True,True
Ethereum,hypercube,PayPal,40 nodes,TPS,13,3,2,0.6492307692307703,0.6200000000000009,0.029230769230769022,3.712308238590367e-16,0.04502369668246406,True,True
Ethereum,hypercube,VISA,10 nodes,TPS,13,3,2,24.556923076923088,16.84900000000001,7.7079230769230715,5.329070518200751e-15,0.313879839619095,True,True
Ethereum,hypercube,VISA,40 nodes,TPS,13,3,2,2.116923076923076,1.793999999999999,0.3229230769230762,6.661338147750939e-16,0.15254360465116254,True,True
Ethereum,scale-free,DDoS,10 nodes,TPS,14,4,2,310.77500000000003,170.18599999999998,140.58899999999994,1.1368683772161603e-13,0.4523819483549189,True,True
Ethereum,scale-free,DDoS,40 nodes,TPS,13,3,2,80.08307692307693,61.884000000000015,18.19907692307692,3.552713678800501e-15,0.22725246859031,True,True
Ethereum,scale-free,FIFA,10 nodes,TPS,13,3,2,13.096923076923078,9.861,3.2359230769230782,8.881784197001252e-16,0.24707506167038654,True,True
Ethereum,scale-free,FIFA,40 nodes,TPS,13,3,2,19.987692307692306,15.245,4.742692307692306,8.881784197001252e-16,0.23728063423645315,True,True
Ethereum,scale-free,GAFAM,10 nodes,TPS,13,3,2,76.04923076923079,52.901,23.14823076923076,2.4868995751603507e-14,0.30438481145816454,True,True
Ethereum,scale-free,GAFAM,40 nodes,TPS,13,3,2,58.76923076923078,50.06900000000001,8.700230769230775,3.552713678800501e-15,0.14804057591623043,True,True
Ethereum,scale-free,Gaming,10 nodes,TPS,13,3,2,1.2907692307692307,1.27,0.02076923076923083,1.8041124150158794e-16,0.016090584028605533,True,True
Ethereum,scale-free,Gaming,40 nodes,TPS,13,3,2,0.6369230769230767,0.29999999999999993,0.33692307692307705,2.7755575615628914e-16,0.5289855072463772,True,True
Ethereum,scale-free,PayPal,10 nodes,TPS,13,3,2,36.852307692307704,23.896000000000004,12.95630769230771,1.0658141036401503e-14,0.35157384987893503,True,True
Ethereum,scale-free,PayPal,40 nodes,TPS,13,3,2,1.2307692307692315,1.1250000000000007,0.10576923076923214,1.304512053934559e-15,0.08593750000000107,True,True
Ethereum,scale-free,VISA,10 nodes,TPS,13,3,2,68.52923076923078,35.181,33.348230769230774,7.105427357601002e-15,0.4866278286637931,True,True
Ethereum,scale-free,VISA,40 nodes,TPS,13,3,2,10.263076923076916,5.660999999999999,4.602076923076914,3.552713678800501e-15,0.4484110328286608,True,True
Ethereum,torus,DDoS,10 nodes,TPS,14,4,2,559.2571428571429,378.6410000000001,180.6161428571429,1.1368683772161603e-13,0.32295723919485037,True,True
Ethereum,torus,DDoS,40 nodes,TPS,13,3,2,73.72923076923077,70.624,3.1052307692307606,1.1546319456101628e-14,0.04211668475085541,True,True
Ethereum,torus,FIFA,10 nodes,TPS,16,5,3,33.989374999999995,16.421,17.568375,3.552713678800501e-15,0.5168784362760422,True,True
Ethereum,torus,FIFA,40 nodes,TPS,13,3,2,31.750769230769233,31.676,0.0747692307692305,4.191091917959966e-15,0.0023548793487740975,True,True
Ethereum,torus,GAFAM,10 nodes,TPS,15,4,3,66.65733333333334,23.665999999999997,42.99133333333333,1.4210854715202004e-14,0.6449602944412216,True,True
Ethereum,torus,GAFAM,40 nodes,TPS,13,3,2,12.343076923076922,9.485999999999999,2.8570769230769195,3.1086244689504383e-15,0.23147201794839808,True,True
Ethereum,torus,Gaming,10 nodes,TPS,14,4,2,0.8942857142857142,0.6849999999999999,0.2092857142857143,0.0,0.23402555910543132,True,True
Ethereum,torus,Gaming,40 nodes,TPS,13,3,2,0.5076923076923078,0.44400000000000006,0.06369230769230771,0.0,0.12545454545454549,True,True
Ethereum,torus,PayPal,10 nodes,TPS,15,4,3,23.26,11.565999999999999,11.694000000000004,1.7763568394002505e-15,0.5027515047291489,True,True
Ethereum,torus,PayPal,40 nodes,TPS,13,3,2,0.7507692307692301,0.5199999999999998,0.23076923076923075,4.718447854656915e-16,0.30737704918032815,True,True
Ethereum,torus,VISA,10 nodes,TPS,15,4,3,39.70933333333335,25.605999999999998,14.103333333333337,1.2434497875801753e-14,0.355164193136794,True,True
Ethereum,torus,VISA,40 nodes,TPS,13,3,2,1.5369230769230773,1.3660000000000005,0.1709230769230751,1.6375789613221059e-15,0.11121121121121,True,True
Quorum,fat-tree,GAFAM,10 nodes,TPS,10,4,3,19309.856,12045.940000000002,7263.916,2.7284841053187847e-12,0.37617660121339075,True,True
Quorum,fat-tree,GAFAM,40 nodes,TPS,8,5,3,3413.6000000000004,6.279999999999999,3407.3200000000006,4.547473508864641e-13,0.9981602999765644,True,True
Quorum,fat-tree,PayPal,10 nodes,TPS,14,4,2,56276.28,93.00400000000012,56183.27600000001,1.4551915228366852e-11,0.9983473676653826,True,True
Quorum,fat-tree,PayPal,40 nodes,TPS,13,3,2,13.810769230769242,7.886000000000024,5.9247692307692805,6.217248937900877e-14,0.42899632393895837,True,True
Quorum,fat-tree,VISA,10 nodes,TPS,3,2,1,11.006666666666664,5.779999999999998,5.226666666666666,8.881784197001252e-16,0.47486371895820717,True,False
Quorum,fat-tree,VISA,40 nodes,TPS,14,4,2,128.11428571428573,66.76,61.354285714285716,7.105427357601002e-15,0.4789027653880463,True,True
Quorum,full mesh,GAFAM,10 nodes,TPS,10,3,2,13603.448999999999,6509.308571428572,7094.140428571423,3.637978807091713e-12,0.5214957198407127,True,True
Quorum,full mesh,GAFAM,40 nodes,TPS,2,2,0,54.08000000000001,0.0,54.08000000000001,0.0,1.0,True,False
Quorum,full mesh,PayPal,10 nodes,TPS,13,3,2,46636.6,3724.1609999999996,42912.439,0.0,0.9201451006291196,True,True
Quorum,full mesh,PayPal,40 nodes,TPS,13,3,2,0.7707692307692167,0.6689999999999836,0.10176923076921093,2.2121193765656244e-14,0.13203592814368925,True,True
Quorum,full mesh,VISA,10 nodes,TPS,8,5,1,153.82874999999999,0.03999999999999998,153.78874999999996,2.842170943040401e-14,0.9997399705841722,True,False
Quorum,full mesh,VISA,40 nodes,TPS,18,5,4,444.4961111111111,253.88566666666665,190.61044444444443,0.0,0.4288236492507746,True,True
Quorum,hypercube,DDoS,40 nodes,TPS,1,1,0,0.0,0.0,0.0,0.0,,False,False
Quorum,hypercube,GAFAM,10 nodes,TPS,13,4,2,26086.590769230766,5707.36,20379.230769230773,7.275957614183426e-12,0.7812147991859539,True,True
Quorum,hypercube,GAFAM,40 nodes,TPS,5,4,1,706.6000000000001,0.07999999999999996,706.5200000000001,0.0,0.9998867817718652,True,False
Quorum,hypercube,PayPal,10 nodes,TPS,17,5,4,18079.258823529406,11787.523999999998,6291.73482352941,1.8189894035458565e-12,0.34800844907098616,True,True
Quorum,hypercube,PayPal,40 nodes,TPS,13,3,2,4.592307692307745,4.449000000000052,0.14330769230769835,5.329070518200751e-15,0.031206030150754724,True,True
Quorum,hypercube,VISA,10 nodes,TPS,4,4,0,186.0275,0.0,186.0275,0.0,1.0,True,False
Quorum,hypercube,VISA,40 nodes,TPS,14,4,3,343.27714285714285,331.15999999999997,12.117142857142854,2.6645352591003757e-14,0.03529842609470065,True,True
Quorum,scale-free,GAFAM,10 nodes,TPS,12,4,2,7535.489166666667,3470.615,4064.8741666666674,0.0,0.5394306961049975,True,True
Quorum,scale-free,GAFAM,40 nodes,TPS,7,5,1,439.09714285714284,154.1666666666667,284.93047619047616,0.0,0.6489007747499197,True,False
Quorum,scale-free,PayPal,10 nodes,TPS,15,5,2,68124.58399999999,960.2240000000003,67164.36000000002,2.9103830456733704e-11,0.9859048827366055,True,True
Quorum,scale-free,PayPal,40 nodes,TPS,16,5,3,1.6543749999999995,1.3159999999999914,0.33837500000001475,6.661338147750939e-15,0.2045334340763218,True,True
Quorum,scale-free,VISA,10 nodes,TPS,5,5,0,107.13999999999999,0.0,107.14,1.4210854715202004e-14,1.0000000000000002,True,False
Quorum,scale-free,VISA,40 nodes,TPS,12,6,2,138.67000000000002,10.386666666666667,128.28333333333336,0.0,0.9250979543760968,True,True
Quorum,torus,GAFAM,10 nodes,TPS,10,2,1,11583.423999999999,10689.768888888886,893.6551111111107,2.2737367544323206e-12,0.07714947765972399,True,False
Quorum,torus,GAFAM,40 nodes,TPS,6,4,2,574.1283333333333,6.445000000000001,567.6833333333333,0.0,0.9887742868174072,True,True
Quorum,torus,PayPal,10 nodes,TPS,11,2,1,2856.176363636365,2764.721000000001,91.45536363636417,2.4158453015843406e-13,0.032020208836098275,True,False
Quorum,torus,PayPal,40 nodes,TPS,13,3,2,13.509230769230742,11.875999999999994,1.6332307692307544,6.661338147750939e-15,0.12089739209657129,True,True
Quorum,torus,VISA,10 nodes,TPS,2,2,0,35.28,0.0,35.28,0.0,1.0,True,False
Quorum,torus,VISA,40 nodes,TPS,18,5,4,255.07999999999998,105.84666666666666,149.23333333333332,0.0,0.5850452145732058,True,True
Solana,fat-tree,DDoS,10 nodes,TPS,11,3,2,17850.045454545456,7848.925000000001,10001.12045454545,5.4569682106375694e-12,0.5602854334468206,True,True
Solana,fat-tree,FIFA,10 nodes,TPS,9,4,2,4306.04,3817.6080000000006,488.43199999999996,6.252776074688882e-13,0.1134295083185479,True,True
Solana,fat-tree,GAFAM,10 nodes,TPS,12,3,2,1633.0091666666667,1554.9538888888892,78.05527777777776,2.4158453015843406e-13,0.04779843210378657,True,True
Solana,fat-tree,GAFAM,40 nodes,TPS,13,3,2,10.512307692307694,8.489,2.0233076923076903,2.6645352591003757e-15,0.19247036440801968,True,True
Solana,fat-tree,Gaming,10 nodes,TPS,9,3,1,3421.76,1458.2285714285713,1963.531428571429,0.0,0.5738366888885921,True,False
Solana,fat-tree,PayPal,10 nodes,TPS,7,3,2,15085.874285714286,12637.472500000002,2448.401785714285,4.547473508864641e-13,0.1622976394568542,True,True
Solana,fat-tree,PayPal,40 nodes,TPS,2,1,1,6216.125000000001,6216.125000000001,0.0,0.0,,False,False
Solana,fat-tree,VISA,10 nodes,TPS,10,3,2,239865.10400000005,55960.64857142857,183904.45542857144,2.9103830456733704e-11,0.7666995005183055,True,True
Solana,full mesh,DDoS,10 nodes,TPS,12,3,2,50377.639999999985,45185.525416666664,5192.114583333352,3.092281986027956e-11,0.1030638708628144,True,True
Solana,full mesh,FIFA,10 nodes,TPS,13,3,2,3399.4092307692313,2960.4000000000005,439.0092307692308,5.684341886080802e-14,0.12914280128311886,True,True
Solana,full mesh,GAFAM,10 nodes,TPS,13,3,2,152.81076923076915,129.45599999999996,23.354769230769282,8.881784197001252e-14,0.1528345767011995,True,True
Solana,full mesh,GAFAM,40 nodes,TPS,13,3,2,20.463076923076922,9.804999999999998,10.658076923076932,7.105427357601002e-15,0.5208442974212469,True,True
Solana,full mesh,Gaming,10 nodes,TPS,15,4,3,6053.293333333333,4722.608888888889,1330.6844444444441,0.0,0.21982817801292368,True,True
Solana,full mesh,PayPal,10 nodes,TPS,13,3,2,15923.196923076921,15247.34222222222,675.8547008547043,3.183231456205249e-12,0.04244466134028728,True,True
Solana,full mesh,VISA,10 nodes,TPS,14,4,3,74324.29428571429,40116.72541666668,34207.5688690476,7.275957614183426e-12,0.4602474762498023,True,True
Solana,hypercube,DDoS,10 nodes,TPS,12,3,2,147125.86250000002,120987.69499999999,26138.167500000007,1.8189894035458565e-11,0.1776585506847921,True,True
Solana,hypercube,FIFA,10 nodes,TPS,13,3,2,13372.416923076924,5078.961,8293.455923076921,1.8189894035458565e-12,0.6201912467120895,True,True
Solana,hypercube,GAFAM,10 nodes,TPS,13,3,2,1678.3707692307692,1358.5800000000002,319.79076923076934,3.410605131648481e-13,0.1905364268095159,True,True
Solana,hypercube,GAFAM,40 nodes,TPS,13,3,2,23.470769230769232,21.426000000000002,2.0447692307692322,2.220446049250313e-15,0.08711982170949141,True,True
Solana,hypercube,Gaming,10 nodes,TPS,14,4,3,5080.957142857143,4793.61375,287.34339285714293,7.958078640513122e-13,0.05655300463635931,True,True
Solana,hypercube,PayPal,10 nodes,TPS,13,4,2,6710.983076923078,6086.281666666668,624.7014102564103,4.547473508864641e-13,0.09308642312101165,True,True
Solana,hypercube,PayPal,40 nodes,TPS,1,1,0,0.0,0.0,0.0,0.0,,False,False
Solana,hypercube,VISA,10 nodes,TPS,13,4,2,230152.39692307694,67804.91500000001,162347.4819230769,2.9103830456733704e-11,0.705391228131931,True,True
Solana,scale-free,DDoS,10 nodes,TPS,8,4,2,78589.315,34817.3675,43771.947499999995,7.275957614183426e-12,0.5569707217832347,True,True
Solana,scale-free,FIFA,10 nodes,TPS,2,2,0,226.84500000000003,0.0,226.84500000000003,0.0,1.0,True,False
Solana,scale-free,FIFA,40 nodes,TPS,1,1,0,0.0,0.0,0.0,0.0,,False,False
Solana,scale-free,GAFAM,10 nodes,TPS,2,2,0,356.44500000000005,0.0,356.44500000000005,0.0,1.0,True,False
Solana,scale-free,GAFAM,40 nodes,TPS,12,3,2,31.6025,8.345000000000002,23.2575,3.552713678800501e-15,0.7359386124515466,True,True
Solana,scale-free,Gaming,10 nodes,TPS,2,2,0,435.125,0.0,435.125,0.0,1.0,True,False
Solana,scale-free,PayPal,10 nodes,TPS,9,5,3,16097.100000000002,1377.5049999999994,14719.595000000003,0.0,0.914425269147859,True,True
Solana,scale-free,VISA,10 nodes,TPS,14,6,3,140275.2885714286,23191.157499999994,117084.13107142856,2.9103830456733704e-11,0.8346739633460741,True,True
Solana,torus,DDoS,10 nodes,TPS,13,3,2,27781.96769230769,22717.344,5064.6236923076995,9.094947017729282e-12,0.182298955509548,True,True
Solana,torus,FIFA,10 nodes,TPS,10,3,2,3687.42,2849.462142857143,837.957857142857,1.1368683772161603e-13,0.22724773883714278,True,True
Solana,torus,GAFAM,10 nodes,TPS,13,3,2,1470.0769230769233,1440.586,29.490923076923032,2.7711166694643907e-13,0.020060802679085308,True,True
Solana,torus,GAFAM,40 nodes,TPS,13,3,2,7.42769230769231,5.144000000000001,2.283692307692311,1.7763568394002505e-15,0.30745650372825223,True,True
Solana,torus,Gaming,10 nodes,TPS,12,3,2,3255.886666666667,2896.921666666667,358.9650000000001,5.684341886080802e-14,0.11025107344031222,True,True
Solana,torus,PayPal,10 nodes,TPS,11,3,2,30368.62181818182,22382.42375,7986.198068181819,1.8189894035458565e-12,0.2629753209083874,True,True
Solana,torus,PayPal,40 nodes,TPS,1,1,0,0.0,0.0,0.0,0.0,,False,False
Solana,torus,VISA,10 nodes,TPS,15,4,3,228415.7093333334,208518.59555555554,19897.113777777784,6.548361852765083e-11,0.0871092178197839,True,True
Solana,torus,VISA,40 nodes,TPS,1,1,0,0.0,0.0,0.0,0.0,,False,False
Algorand,fat-tree,DDoS,10 nodes,Latency,13,3,2,232.0992923076923,102.76225999999994,129.33703230769243,5.684341886080802e-14,0.5572487146416254,True,True
Algorand,fat-tree,DDoS,40 nodes,Latency,13,3,2,1030.1708923076924,940.9253599999998,89.24553230769233,2.1316282072803006e-13,0.0866317743726702,True,True
Algorand,fat-tree,FIFA,10 nodes,Latency,16,5,3,6675.6599,4010.8229899999997,2664.83691,0.0,0.39918703917196263,True,True
Algorand,fat-tree,FIFA,40 nodes,Latency,13,3,2,7281.215092307691,4621.278039999999,2659.93705230769,1.3642420526593924e-12,0.36531499462470296,True,True
Algorand,fat-tree,GAFAM,10 nodes,Latency,13,3,2,175.8812000000001,174.92009000000007,0.9611099999999977,2.1538326677728037e-14,0.005464540837792767,True,True
Algorand,fat-tree,GAFAM,40 nodes,Latency,13,3,2,2675.464169230769,2306.08374,369.380429230769,1.1368683772161603e-13,0.1380621850514151,True,True
Algorand,fat-tree,Gaming,10 nodes,Latency,13,3,2,1746.4010769230763,1042.8804399999995,703.5206369230772,3.410605131648481e-13,0.4028402445574449,True,True
Algorand,fat-tree,Gaming,40 nodes,Latency,13,3,2,2359.9020307692313,1960.0106499999997,399.8913807692314,1.7053025658242404e-13,0.1694525347049611,True,True
Algorand,fat-tree,PayPal,10 nodes,Latency,13,3,2,0.07792307692307716,0.06249000000000017,0.015433076923077707,7.129713486264677e-16,0.19805528134255634,True,True
Algorand,fat-tree,PayPal,40 nodes,Latency,13,3,2,0.12843076923076907,0.056689999999999685,0.07174076923076927,1.1102230246251565e-16,0.5585948730234798,True,True
Algorand,fat-tree,VISA,10 nodes,Latency,13,3,2,2.739907692307692,1.7198499999999983,1.0200576923076947,8.881784197001252e-16,0.37229637157905465,True,True
Algorand,fat-tree,VISA,40 nodes,Latency,13,3,2,216.34052307692312,213.42481000000006,2.9157130769230495,5.329070518200751e-15,0.013477424550213942,True,True
Algorand,full mesh,DDoS,10 nodes,Latency,14,4,2,197.18009285714285,157.92400999999998,39.25608285714288,7.105427357601002e-15,0.19908745496729197,True,True
Algorand,full mesh,DDoS,40 nodes,Latency,13,3,2,2059.4737999999998,1869.71065,189.7631499999999,1.4210854715202004e-13,0.09214157033704432,True,True
Algorand,full mesh,FIFA,10 nodes,Latency,14,4,2,3055.320235714286,2552.0576,503.26263571428564,1.7053025658242404e-13,0.16471682078740618,True,True
Algorand,full mesh,FIFA,40 nodes,Latency,13,3,2,13885.711523076923,12191.960699999998,1693.7508230769245,9.094947017729282e-13,0.12197796420169384,True,True
Algorand,full mesh,GAFAM,10 nodes,Latency,14,4,2,69.54074285714285,67.32824,2.2125028571428658,1.4210854715202004e-14,0.03181592209459134,True,True
Algorand,full mesh,GAFAM,40 nodes,Latency,13,3,2,1171.0908769230768,794.3286099999999,376.7622669230767,2.2737367544323206e-13,0.321719069243355,True,True
Algorand,full mesh,Gaming,10 nodes,Latency,13,3,2,799.5301692307688,572.0410499999999,227.4891192307691,1.9895196601282805e-13,0.2845284993431046,True,True
Algorand,full mesh,Gaming,40 nodes,Latency,13,3,2,1514.238276923077,1185.0845599999998,329.1537169230774,2.8421709430404007e-13,0.2173724716508394,True,True
Algorand,full mesh,PayPal,10 nodes,Latency,13,3,2,0.04276923076923079,0.033210000000000024,0.009559230769230858,9.367506770274758e-17,0.2235071942446063,True,True
Algorand,full mesh,PayPal,40 nodes,Latency,13,3,2,60.35943076923077,47.20500999999999,13.154420769230757,2.4868995751603507e-14,0.2179348049109907,True,True
Algorand,full mesh,VISA,10 nodes,Latency,13,3,2,24.94292307692307,23.934659999999994,1.0082630769230823,6.8833827526759706e-15,0.04042281146494481,True,True
Algorand,full mesh,VISA,40 nodes,Latency,13,3,2,252.52496923076922,211.71854,40.806429230769204,2.1316282072803006e-14,0.16159364103705073,True,True
Algorand,hypercube,DDoS,10 nodes,Latency,13,3,2,86.16952307692308,78.54896,7.620563076923074,1.687538997430238e-14,0.08843687193348206,True,True
Algorand,hypercube,DDoS,40 nodes,Latency,13,3,2,1684.4459999999997,1621.1191599999995,63.32683999999988,2.913225216616411e-13,0.03759505499137396,True,True
Algorand,hypercube,FIFA,10 nodes,Latency,13,3,2,2891.3779230769233,2568.4346499999997,322.943273076923,5.684341886080801e-13,0.11169182364554261,True,True
Algorand,hypercube,FIFA,40 nodes,Latency,13,3,2,4035.5993692307698,2617.3092500000002,1418.2901192307697,2.2737367544323206e-13,0.35144472715613284,True,True
Algorand,hypercube,GAFAM,10 nodes,Latency,13,3,2,57.66476923076923,54.119009999999996,3.5457592307692236,1.1546319456101628e-14,0.06148917750072689,True,True
Algorand,hypercube,GAFAM,40 nodes,Latency,13,3,2,1287.183923076923,1213.06069,74.12323307692301,2.842170943040401e-14,0.0575855802329605,True,True
Algorand,hypercube,Gaming,10 nodes,Latency,13,3,2,1708.0999692307691,1613.2830499999998,94.81691923076916,2.1316282072803006e-13,0.055510169743442646,True,True
Algorand,hypercube,Gaming,40 nodes,Latency,13,3,2,2947.78323076923,2261.7426099999993,686.0406207692314,5.684341886080801e-13,0.2327310277120369,True,True
Algorand,hypercube,PayPal,10 nodes,Latency,13,3,2,0.04023076923076922,0.03929000000000005,0.0009407692307692401,6.451002926288751e-17,0.023384321223709606,True,True
Algorand,hypercube,PayPal,40 nodes,Latency,13,3,2,62.44936923076919,58.99188999999997,3.4574792307692452,2.1760371282653068e-14,0.055364518062509485,True,True
Algorand,hypercube,VISA,10 nodes,Latency,13,3,2,20.26532307692309,19.90361000000001,0.3617130769230806,2.942091015256665e-15,0.017848868017060007,True,True
Algorand,hypercube,VISA,40 nodes,Latency,13,3,2,287.50356923076913,116.91488999999993,170.58867923076923,2.842170943040401e-14,0.5933445615551424,True,True
Algorand,scale-free,DDoS,10 nodes,Latency,13,3,2,56.415723076923086,50.48044,5.935283076923103,1.7763568394002505e-14,0.10520618638230193,True,True
Algorand,scale-free,DDoS,40 nodes,Latency,13,3,2,1113.7444307692313,1040.00324,73.74119076923073,5.258016244624741e-13,0.06621015444117624,True,True
Algorand,scale-free,FIFA,10 nodes,Latency,17,6,3,5347.343552941177,2047.7968499999997,3299.5467029411766,9.094947017729282e-13,0.6170440837163605,True,True
Algorand,scale-free,FIFA,40 nodes,Latency,11,3,2,664.6121636363636,567.6548874999999,96.95727613636313,5.684341886080801e-13,0.14588549749957994,True,True
Algorand,scale-free,GAFAM,10 nodes,Latency,13,3,2,150.488523076923,88.10946000000001,62.379063076923046,5.684341886080802e-14,0.41451043442719987,True,True
Algorand,scale-free,GAFAM,40 nodes,Latency,13,3,2,1500.5070769230767,1352.4660899999997,148.04098692307704,2.842170943040401e-14,0.09866063892657424,True,True
Algorand,scale-free,Gaming,10 nodes,Latency,12,3,2,1067.9662666666668,869.9912000000002,197.97506666666652,1.1368683772161603e-13,0.18537576779890785,True,True
Algorand,scale-free,Gaming,40 nodes,Latency,13,3,2,1958.1934,1767.95329,190.24011000000021,2.842170943040401e-14,0.09715082790086015,True,True
Algorand,scale-free,PayPal,10 nodes,Latency,13,3,2,0.17083076923076895,0.14628999999999964,0.02454076923076916,1.491862189340054e-16,0.14365543948126783,True,True
Algorand,scale-free,PayPal,40 nodes,Latency,13,3,2,0.1230769230769232,0.10810000000000011,0.014976923076923481,3.9898639947466563e-16,0.12168750000000317,True,True
Algorand,scale-free,VISA,10 nodes,Latency,13,3,2,77.84112307692305,61.808199999999964,16.032923076923097,7.105427357601002e-15,0.2059698324377883,True,True
Algorand,scale-free,VISA,40 nodes,Latency,13,3,2,800.1401692307693,721.92341,78.21675923076897,3.268496584496461e-13,0.09775382144101603,True,True
Algorand,torus,DDoS,10 nodes,Latency,13,3,2,178.02543076923078,173.43929000000003,4.58614076923075,2.6645352591003757e-15,0.025761155299074273,True,True
Algorand,torus,DDoS,40 nodes,Latency,13,3,2,452.8503076923075,436.6242399999998,16.226067692307648,6.039613253960852e-14,0.03583097420203713,True,True
Algorand,torus,FIFA,10 nodes,Latency,13,3,2,2522.4805076923076,2203.55006,318.9304476923078,2.2737367544323206e-13,0.12643524765393785,True,True
Algorand,torus,FIFA,40 nodes,Latency,13,3,2,3211.1393999999996,3036.9732599999998,174.16614000000013,3.126388037344441e-13,0.054238112490538455,True,True
Algorand,torus,GAFAM,10 nodes,Latency,13,3,2,44.36916923076924,42.088260000000005,2.2809092307692254,7.105427357601002e-15,0.05140752622403069,True,True
Algorand,torus,GAFAM,40 nodes,Latency,13,3,2,1117.5161692307693,1012.42229,105.09387923076929,0.0,0.09404237909426365,True,True
Algorand,torus,Gaming,10 nodes,Latency,13,3,2,1388.330707692308,1370.82009,17.51061769230769,2.7000623958883807e-13,0.012612713667778731,True,True
Algorand,torus,Gaming,40 nodes,Latency,13,3,2,1604.5748307692306,1341.1312099999998,263.4436207692304,4.547473508864641e-13,0.1641828200950503,True,True
Algorand,torus,PayPal,10 nodes,Latency,13,3,2,0.059307692307691964,0.03228999999999977,0.02701769230769209,1.0408340855860843e-16,0.4555512321660171,True,True
Algorand,torus,PayPal,40 nodes,Latency,13,3,2,0.126230769230769,0.10573999999999967,0.020490769230769635,2.949029909160572e-16,0.16232784887264212,True,True
Algorand,torus,VISA,10 nodes,Latency,13,3,2,49.325492307692315,47.72654000000001,1.598952307692311,3.1086244689504383e-15,0.03241634767105921,True,True
Algorand,torus,VISA,40 nodes,Latency,13,3,2,290.91796923076924,255.84724000000003,35.070729230769196,2.1316282072803006e-14,0.1205519525779087,True,True
Diem,fat-tree,DDoS,10 nodes,Latency,13,3,2,66.2253692307693,58.6937400000001,7.531629230769219,1.4210854715202004e-14,0.11372725162957507,True,True
Diem,fat-tree,DDoS,40 nodes,Latency,20,4,2,1256.7840950000004,580.39344,676.3906550000003,1.1368683772161603e-13,0.5381916095938499,True,True
Diem,fat-tree,FIFA,10 nodes,Latency,13,3,2,1580.3636923076922,1414.8938400000002,165.4698523076923,2.8421709430404007e-13,0.10470365341415082,True,True
Diem,fat-tree,FIFA,40 nodes,Latency,21,5,3,1026.3998952380953,619.5721930555555,406.82770218254046,7.389644451905042e-13,0.39636374094540233,True,True
Diem,fat-tree,GAFAM,10 nodes,Latency,13,3,2,133.37587692307696,122.30561000000003,11.0702669230769,2.842170943040401e-14,0.08300051837306047,True,True
Diem,fat-tree,GAFAM,40 nodes,Latency,19,4,2,5444.8964526315785,545.0572400000002,4899.839212631581,2.7284841053187847e-12,0.8998957565599681,True,True
Diem,fat-tree,Gaming,10 nodes,Latency,13,3,2,4816.054707692308,4680.53925,135.51545769230725,5.400124791776761e-13,0.02813827207482901,True,True
Diem,fat-tree,Gaming,40 nodes,Latency,25,6,3,32813.728616,5612.53635,27201.19226599999,7.275957614183426e-12,0.8289576775720839,True,True
Diem,fat-tree,PayPal,10 nodes,Latency,13,3,2,9.929876923076923,6.052640000000004,3.87723692307692,4.440892098500626e-16,0.39046173010123264,True,True
Diem,fat-tree,PayPal,40 nodes,Latency,23,6,3,2126.013243478261,167.28604,1958.7272034782607,2.2737367544323206e-13,0.9213146764192719,True,True
Diem,fat-tree,VISA,10 nodes,Latency,11,3,2,111.99647272727275,95.1830000000001,16.81347272727267,3.197442310920451e-14,0.15012502017108928,True,True
Diem,fat-tree,VISA,40 nodes,Latency,23,5,3,10271.887382608693,6124.751209999999,4147.136172608699,5.4569682106375694e-12,0.4037365304092221,True,True
Diem,full mesh,DDoS,10 nodes,Latency,13,3,2,677.4684923076923,651.1326899999999,26.33580230769233,1.7763568394002505e-14,0.03887384078628287,True,True
Diem,full mesh,DDoS,40 nodes,Latency,11,3,1,318.786218181818,307.4557999999998,11.330418181818212,1.9539925233402755e-14,0.03554237145645979,True,False
Diem,full mesh,FIFA,10 nodes,Latency,13,3,2,145.4576307692308,137.71365,7.743980769230783,1.9539925233402755e-14,0.053238738512912005,True,True
Diem,full mesh,FIFA,40 nodes,Latency,11,3,2,176.49729090909085,98.85125,77.64604090909084,1.4210854715202004e-14,0.43992766409703304,True,True
Diem,full mesh,GAFAM,10 nodes,Latency,12,3,2,32.335024999999995,31.468488888888878,0.8665361111111083,8.43769498715119e-15,0.026798683814566664,True,True
Diem,full mesh,GAFAM,40 nodes,Latency,13,3,2,301.49770769230764,275.81048999999996,25.68721769230772,3.552713678800501e-14,0.08519871639794593,True,True
Diem,full mesh,Gaming,10 nodes,Latency,13,3,2,3795.007307692308,3657.03421,137.9730976923074,9.379164112033322e-13,0.03635647747308474,True,True
Diem,full mesh,Gaming,40 nodes,Latency,12,3,2,4839.808366666665,4198.0401999999995,641.7681666666654,4.547473508864641e-13,0.1326019788483221,True,True
Diem,full mesh,PayPal,10 nodes,Latency,13,3,2,7.190076923076923,5.23669,1.9533869230769227,2.220446049250313e-16,0.27167816755999186,True,True
Diem,full mesh,PayPal,40 nodes,Latency,13,3,2,491.39063076923077,249.71524999999997,241.6753807692309,1.1368683772161603e-13,0.4918192688999959,True,True
Diem,full mesh,VISA,10 nodes,Latency,13,3,2,361.1278769230771,296.40706000000023,64.72081692307668,1.9895196601282805e-13,0.17921855680186852,True,True
Diem,full mesh,VISA,40 nodes,Latency,12,3,2,246.17242500000026,168.9478722222224,77.2245527777776,2.5579538487363607e-13,0.31370106858141206,True,True
Diem,hypercube,DDoS,10 nodes,Latency,13,3,2,101.80076923076908,93.27193999999987,8.52882923076919,1.4210854715202004e-14,0.08377961478302237,True,True
Diem,hypercube,DDoS,40 nodes,Latency,12,4,1,602.9608249999995,354.9801999999995,247.9806249999999,1.4210854715202004e-13,0.41127153658780413,True,False
Diem,hypercube,FIFA,10 nodes,Latency,13,3,2,827.7069230769233,574.29889,253.40803307692323,5.684341886080802e-14,0.3061567156342036,True,True
Diem,hypercube,FIFA,40 nodes,Latency,9,3,1,801.6988888888885,521.9583428571426,279.7405460317462,2.8421709430404007e-13,0.3489346809741143,True,False
Diem,hypercube,GAFAM,10 nodes,Latency,13,3,2,106.43729230769233,77.46849,28.968802307692307,2.1316282072803006e-14,0.27216778705670536,True,True
Diem,hypercube,GAFAM,40 nodes,Latency,10,3,2,698.9519599999998,576.4199999999998,122.5319599999999,1.4210854715202004e-14,0.17530812847280655,True,True
Diem,hypercube,Gaming,10 nodes,Latency,13,3,2,9569.49030769231,8702.40236,867.0879476923078,1.3642420526593924e-12,0.0906096270347137,True,True
Diem,hypercube,Gaming,40 nodes,Latency,10,3,2,3162.2021600000003,2875.259571428572,286.9425885714274,7.389644451905042e-13,0.09074138023213145,True,True
Diem,hypercube,PayPal,10 nodes,Latency,13,3,2,5.245000000000001,4.46721,0.7777900000000023,9.992007221626409e-16,0.14829170638703568,True,True
Diem,hypercube,PayPal,40 nodes,Latency,11,3,1,293.35461818181824,287.7595555555556,5.59506262626263,1.7763568394002505e-15,0.019072693182538774,True,False
Diem,hypercube,VISA,10 nodes,Latency,12,3,2,105.11680000000015,81.39985000000017,23.71695,1.7763568394002505e-14,0.22562473362963834,True,True
Diem,hypercube,VISA,40 nodes,Latency,9,3,1,43.93108888888885,42.642999999999944,1.288088888888907,4.440892098500626e-16,0.029320668380125068,True,False
Diem,scale-free,DDoS,10 nodes,Latency,13,3,2,166.00112307692294,149.7626999999999,16.23842307692309,6.394884621840902e-14,0.09782116395320048,True,True
Diem,scale-free,DDoS,40 nodes,Latency,18,3,3,2316.914977777778,2024.77126,292.1437177777785,5.115907697472721e-13,0.12609168682485802,True,True
Diem,scale-free,FIFA,10 nodes,Latency,12,3,2,1217.0920666666661,1120.5492499999996,96.5428166666668,2.2737367544323206e-13,0.07932252564185654,True,True
Diem,scale-free,FIFA,40 nodes,Latency,18,4,3,8986.53111111111,8602.350808928571,384.18030218253983,1.7621459846850485e-12,0.042750678480101445,True,True
Diem,scale-free,GAFAM,10 nodes,Latency,14,4,2,390.99099999999993,381.5549399999999,9.436060000000019,3.552713678800501e-14,0.02413370128724196,True,True
Diem,scale-free,GAFAM,40 nodes,Latency,16,4,2,543.9775937499999,382.91468333333313,161.06291041666648,2.5579538487363607e-13,0.29608372158557594,True,True
Diem,scale-free,Gaming,10 nodes,Latency,13,3,2,4177.591200000003,2752.9760400000014,1424.6151600000005,6.821210263296962e-13,0.3410135390940118,True,True
Diem,scale-free,Gaming,40 nodes,Latency,17,4,3,1008.5318117647053,566.7391499999999,441.79266176470367,1.7053025658242404e-12,0.4380552567713905,True,True
Diem,scale-free,PayPal,10 nodes,Latency,13,4,1,41.56527692307694,32.633210000000005,8.93206692307692,1.0658141036401503e-14,0.21489251568339388,True,False
Diem,scale-free,PayPal,40 nodes,Latency,19,5,4,3148.6049999999996,1870.4681571428569,1278.1368428571427,0.0,0.4059375002126792,True,True
Diem,scale-free,VISA,10 nodes,Latency,12,3,2,79.2902999999997,70.92627222222197,8.364027777777812,7.638334409421077e-14,0.10548614115191698,True,True
Diem,scale-free,VISA,40 nodes,Latency,19,6,4,639.9950421052632,378.6882499999998,261.3067921052623,1.1368683772161603e-12,0.408295025607845,True,True
Diem,torus,DDoS,10 nodes,Latency,13,3,2,78.51532307692311,47.91079999999997,30.604523076923183,4.618527782440651e-14,0.38979044952714886,True,True
Diem,torus,DDoS,40 nodes,Latency,10,3,1,550.8247600000001,504.77020000000016,46.05455999999976,1.6342482922482304e-13,0.08361018484354217,True,False
Diem,torus,FIFA,10 nodes,Latency,13,3,2,1202.5897692307694,1063.5494899999999,139.040279230769,5.684341886080801e-13,0.11561738074630837,True,True
Diem,torus,FIFA,40 nodes,Latency,9,3,1,319.96695555555556,209.73348571428568,110.23346984127006,1.8474111129762605e-13,0.3445151692301249,True,False
Diem,torus,GAFAM,10 nodes,Latency,13,3,2,75.30589230769232,71.43421000000001,3.8716823076923004,1.021405182655144e-14,0.051412740610960364,True,True
Diem,torus,GAFAM,40 nodes,Latency,13,4,2,279.8081230769232,248.10128888888903,31.706834188034062,1.1723955140041653e-13,0.11331634635681183,True,True
Diem,torus,Gaming,10 nodes,Latency,12,3,2,7249.542766666666,6466.542072222222,783.0006944444442,2.2737367544323206e-13,0.10800690742106862,True,True
Diem,torus,Gaming,40 nodes,Latency,11,4,3,5442.4848909090915,452.5779333333338,4989.9069575757585,9.094947017729282e-13,0.916843511299535,True,True
Diem,torus,PayPal,10 nodes,Latency,12,3,1,2.789424999999999,1.92889,0.8605349999999992,0.0,0.3084990634270502,True,False
Diem,torus,PayPal,40 nodes,Latency,12,4,3,146.6401666666667,111.02574285714283,35.61442380952381,4.973799150320701e-14,0.24286949898577448,True,True
Diem,torus,VISA,10 nodes,Latency,13,3,2,172.1349692307693,67.74001000000004,104.39495923076915,9.947598300641403e-14,0.6064715362444114,True,True
Diem,torus,VISA,40 nodes,Latency,13,4,2,5263.478169230769,285.42884999999956,4978.049319230769,9.094947017729282e-13,0.9457718184016494,True,True
Ethereum,fat-tree,DDoS,10 nodes,Latency,13,3,2,3010.049430769231,2332.7984899999997,677.250940769231,4.547473508864641e-13,0.22499661761240797,True,True
Ethereum,fat-tree,DDoS,40 nodes,Latency,13,3,2,852.9727692307691,675.6399399999999,177.3328292307693,8.526512829121202e-14,0.20789975439742608,True,True
Ethereum,fat-tree,FIFA,10 nodes,Latency,14,4,2,203.83714285714282,146.19273999999996,57.64440285714289,2.842170943040401e-14,0.28279636404412506,True,True
Ethereum,fat-tree,FIFA,40 nodes,Latency,13,3,2,512.6386923076924,411.1574100000001,101.48128230769228,2.842170943040401e-14,0.19795868675238798,True,True
Ethereum,fat-tree,GAFAM,10 nodes,Latency,13,3,2,588.1579692307691,505.94384999999994,82.2141192307693,9.947598300641403e-14,0.1397823774083929,True,True
Ethereum,fat-tree,GAFAM,40 nodes,Latency,13,3,2,243.64049230769217,237.59539999999987,6.04509230769232,1.9539925233402755e-14,0.02481152558195461,True,True
Ethereum,fat-tree,Gaming,10 nodes,Latency,13,3,2,11949.411630769231,9678.695249999997,2270.71638076923,4.092726157978177e-12,0.19002746335411452,True,True
Ethereum,fat-tree,Gaming,40 nodes,Latency,13,3,2,1535.8753230769235,800.62201,735.2533130769235,1.1368683772161603e-13,0.4787193999601091,True,True
Ethereum,fat-tree,PayPal,10 nodes,Latency,14,4,2,9632.60957142857,458.59739999999994,9174.01217142857,1.8189894035458565e-12,0.9523911566643113,True,True
Ethereum,fat-tree,PayPal,40 nodes,Latency,13,3,2,204.5628769230771,200.66704000000018,3.895836923076848,7.993605777301127e-14,0.019044691694191516,True,True
Ethereum,fat-tree,VISA,10 nodes,Latency,13,3,2,7491.23609230769,998.8604900000001,6492.3756023076885,1.8189894035458565e-12,0.8666627940046272,True,True
Ethereum,fat-tree,VISA,40 nodes,Latency,13,3,2,962.1849076923081,732.6138100000007,229.57109769230775,3.694822225952521e-13,0.2385935342125747,True,True
Ethereum,full mesh,DDoS,10 nodes,Latency,11,2,1,892.8928545454546,685.72084,207.17201454545446,1.9895196601282805e-13,0.23202337603084483,True,False
Ethereum,full mesh,DDoS,40 nodes,Latency,13,3,2,332.8802923076923,320.21000999999995,12.670282307692208,1.2434497875801753e-13,0.03806257865208988,True,True
Ethereum,full mesh,FIFA,10 nodes,Latency,13,4,2,739.4008769230768,556.1076888888889,183.29318803418798,8.526512829121202e-14,0.24789419887752823,True,True
Ethereum,full mesh,FIFA,40 nodes,Latency,13,3,2,604.7348,593.62169,11.113109999999972,3.375077994860476e-14,0.018376832290782626,True,True
Ethereum,full mesh,GAFAM,10 nodes,Latency,13,3,2,767.993076923077,760.80149,7.191586923076982,2.930988785010413e-14,0.009364129884985016,True,True
Ethereum,full mesh,GAFAM,40 nodes,Latency,13,3,2,239.25576923076915,229.11920999999987,10.136559230769317,3.730349362740526e-14,0.04236704202937029,True,True
Ethereum,full mesh,Gaming,10 nodes,Latency,13,3,2,3800.136676923077,3719.5230899999997,80.61358692307688,6.110667527536862e-13,0.021213338828736203,True,True
Ethereum,full mesh,Gaming,40 nodes,Latency,13,3,2,846.2298000000004,731.1270900000003,115.10271000000002,9.947598300641403e-14,0.13601826596038094,True,True
Ethereum,full mesh,PayPal,10 nodes,Latency,13,3,2,2332.0307692307697,1466.7485000000001,865.2822692307693,2.2737367544323206e-13,0.37104238959770947,True,True
Ethereum,full mesh,PayPal,40 nodes,Latency,13,3,2,121.82963076923055,88.6585599999998,33.171070769230575,1.7763568394002505e-13,0.2722742452701277,True,True
Ethereum,full mesh,VISA,10 nodes,Latency,13,3,2,5179.244600000001,3629.1134900000015,1550.13111,6.821210263296962e-13,0.2992967565192808,True,True
Ethereum,full mesh,VISA,40 nodes,Latency,13,3,2,572.7499692307692,465.58724000000007,107.16272923076951,3.410605131648481e-13,0.187102112593204,True,True
Ethereum,hypercube,DDoS,10 nodes,Latency,13,3,2,3837.381923076922,630.1131599999997,3207.2687630769224,0.0,0.8357960785162721,True,True
Ethereum,hypercube,DDoS,40 nodes,Latency,13,3,2,541.7191230769232,424.4004400000002,117.31868307692292,1.1368683772161603e-13,0.21656736504069077,True,True
Ethereum,hypercube,FIFA,10 nodes,Latency,12,3,2,413.03436666666664,399.1328722222222,13.901494444444456,1.7763568394002505e-14,0.03365699216904015,True,True
Ethereum,hypercube,FIFA,40 nodes,Latency,13,3,2,946.727276923077,755.82216,190.90511692307675,2.5579538487363607e-13,0.2016474243179412,True,True
Ethereum,hypercube,GAFAM,10 nodes,Latency,13,3,2,475.007369230769,468.16315999999983,6.8442092307692395,1.0125233984581428e-13,0.014408638000401574,True,True
Ethereum,hypercube,GAFAM,40 nodes,Latency,13,3,2,251.3394307692308,240.05315999999996,11.286270769230867,2.842170943040401e-14,0.04490449721593204,True,True
Ethereum,hypercube,Gaming,10 nodes,Latency,13,3,2,4873.686507692308,3329.9446399999997,1543.741867692308,0.0,0.3167503419138196,True,True
Ethereum,hypercube,Gaming,40 nodes,Latency,13,3,2,3837.32923076923,2387.3042899999996,1450.0249407692293,1.1368683772161603e-12,0.3778734775067913,True,True
Ethereum,hypercube,PayPal,10 nodes,Latency,14,4,2,4532.085921428572,3000.57205,1531.513871428572,2.2737367544323206e-13,0.3379269276840672,True,True
Ethereum,hypercube,PayPal,40 nodes,Latency,13,3,2,210.28512307692353,181.79164000000037,28.493483076922985,1.7053025658242404e-13,0.13549928145178344,True,True
Ethereum,hypercube,VISA,10 nodes,Latency,13,3,2,1454.7771692307695,747.4667400000001,707.3104292307694,0.0,0.48619846681039686,True,True
Ethereum,hypercube,VISA,40 nodes,Latency,13,3,2,603.185876923077,348.5704499999998,254.6154269230758,1.3642420526593924e-12,0.4221176865444851,True,True
Ethereum,scale-free,DDoS,10 nodes,Latency,14,4,2,2920.1326357142857,2379.22669,540.9059457142863,5.684341886080801e-13,0.18523334834137656,True,True
Ethereum,scale-free,DDoS,40 nodes,Latency,13,3,2,245.27239999999995,232.61304999999993,12.659349999999986,3.197442310920451e-14,0.05161343061836549,True,True
Ethereum,scale-free,FIFA,10 nodes,Latency,13,3,2,339.60532307692307,318.92954,20.67578307692308,1.7763568394002505e-14,0.06088179917085653,True,True
Ethereum,scale-free,FIFA,40 nodes,Latency,13,3,2,330.4354307692307,190.39588999999995,140.0395407692308,2.842170943040401e-14,0.4238030420745998,True,True
Ethereum,scale-free,GAFAM,10 nodes,Latency,13,3,2,961.0335692307692,492.0070399999999,469.0265292307698,5.115907697472721e-13,0.4880438563724555,True,True
Ethereum,scale-free,GAFAM,40 nodes,Latency,13,3,2,365.73183076923067,365.6923599999999,0.03947076923076838,6.369904603786836e-15,0.00010792270704945458,True,True
Ethereum,scale-free,Gaming,10 nodes,Latency,13,3,2,7569.323492307693,7074.075449999999,495.24804230769223,1.8189894035458565e-12,0.06542830978369293,True,True
Ethereum,scale-free,Gaming,40 nodes,Latency,13,3,2,2084.843507692308,1176.8898,907.9537076923081,1.1368683772161603e-13,0.435502091328338,True,True
Ethereum,scale-free,PayPal,10 nodes,Latency,13,3,2,5302.493892307692,1115.43334,4187.060552307687,4.547473508864641e-12,0.789639863306932,True,True
Ethereum,scale-free,PayPal,40 nodes,Latency,13,3,2,463.9192000000003,446.7793000000003,17.13990000000005,9.592326932761353e-14,0.03694587333311499,True,True
Ethereum,scale-free,VISA,10 nodes,Latency,13,3,2,2940.658907692308,1941.3445399999998,999.3143676923087,6.821210263296962e-13,0.3398266847876363,True,True
Ethereum,scale-free,VISA,40 nodes,Latency,13,3,2,686.2279230769233,555.4046900000002,130.82323307692303,5.684341886080802e-14,0.1906410810133389,True,True
Ethereum,torus,DDoS,10 nodes,Latency,14,4,2,9936.820235714285,2987.8936900000003,6948.926545714287,2.7284841053187847e-12,0.6993108842543915,True,True
Ethereum,torus,DDoS,40 nodes,Latency,13,3,2,150.76843076923078,94.16609000000001,56.60234076923091,1.4921397450962104e-13,0.3754256808301441,True,True
Ethereum,torus,FIFA,10 nodes,Latency,16,5,3,510.94339375000004,377.18388999999996,133.75950375000002,5.684341886080802e-14,0.2617892811340415,True,True
Ethereum,torus,FIFA,40 nodes,Latency,13,3,2,418.6924307692308,211.38549000000003,207.30694076923078,2.842170943040401e-14,0.49512942086954376,True,True
Ethereum,torus,GAFAM,10 nodes,Latency,15,4,3,689.29196,606.7994900000001,82.49247000000001,9.947598300641403e-14,0.11967711040761307,True,True
Ethereum,torus,GAFAM,40 nodes,Latency,13,3,2,438.59947692307685,414.05249999999984,24.546976923077167,1.5631940186722204e-13,0.055966726397583696,True,True
Ethereum,torus,Gaming,10 nodes,Latency,14,4,2,4620.478400000001,3733.3888100000013,887.0895899999999,3.410605131648481e-13,0.191990853154946,True,True
Ethereum,torus,Gaming,40 nodes,Latency,13,3,2,5211.3155230769235,4864.80941,346.50611307692327,3.410605131648481e-13,0.06649110220682536,True,True
Ethereum,torus,PayPal,10 nodes,Latency,15,4,3,3829.6459599999994,1165.7187400000003,2663.9272200000014,2.2737367544323206e-12,0.6956066560262406,True,True
Ethereum,torus,PayPal,40 nodes,Latency,13,3,2,196.83949230769247,196.21189000000018,0.6276023076922859,4.440892098500626e-16,0.00318839629352041,True,True
Ethereum,torus,VISA,10 nodes,Latency,15,4,3,3461.8954933333353,1974.417000000001,1487.478493333337,2.7284841053187847e-12,0.4296716917647613,True,True
Ethereum,torus,VISA,40 nodes,Latency,13,3,2,1553.3697230769224,1035.0611599999988,518.3085630769244,9.094947017729282e-13,0.33366722382759995,True,True
Quorum,fat-tree,GAFAM,10 nodes,Latency,10,4,3,7399.225609999999,2732.515099999999,4666.710509999994,4.547473508864641e-12,0.6307025567233644,True,True
Quorum,fat-tree,GAFAM,40 nodes,Latency,8,5,3,14143.687549999999,7511.383050000001,6632.304499999999,1.8189894035458565e-12,0.46892329009346645,True,True
Quorum,fat-tree,PayPal,10 nodes,Latency,14,4,2,33877.74574999999,829.6790599999999,33048.06668999999,7.275957614183426e-12,0.9755096143018903,True,True
Quorum,fat-tree,PayPal,40 nodes,Latency,13,3,2,0.06709230769230788,0.062410000000000264,0.004682307692307629,1.1275702593849246e-17,0.06978903921118895,True,True
Quorum,fat-tree,VISA,10 nodes,Latency,3,2,1,8088.273266666664,2096.281249999999,5991.992016666664,9.094947017729282e-13,0.740824625864314,True,False
Quorum,fat-tree,VISA,40 nodes,Latency,14,4,2,374.80695,176.83954,197.96741,2.842170943040401e-14,0.5281850029728639,True,True
Quorum,full mesh,GAFAM,10 nodes,Latency,10,3,2,8960.456889999998,7985.725742857139,974.7311471428575,9.094947017729282e-13,0.10878141138435383,True,True
Quorum,full mesh,GAFAM,40 nodes,Latency,2,2,0,1488.9424500000005,0.0,1488.9424500000005,0.0,1.0,True,False
Quorum,full mesh,PayPal,10 nodes,Latency,13,3,2,26167.53127692308,111.02448999999997,26056.50678692308,0.0,0.995757166053417,True,True
Quorum,full mesh,PayPal,40 nodes,Latency,13,3,2,0.012492307692307634,0.006399999999999994,0.006092307692307722,8.239936510889834e-17,0.4876847290640441,True,True
Quorum,full mesh,VISA,10 nodes,Latency,10,5,1,77308.57181,13.054533333333335,77295.51727666667,0.0,0.9998311373108093,True,False
Quorum,full mesh,VISA,40 nodes,Latency,18,5,4,5037.147444444445,3117.5133566666677,1919.6340877777777,6.821210263296962e-13,0.3810954729734931,True,True
Quorum,hypercube,DDoS,40 nodes,Latency,1,1,0,0.0,0.0,0.0,0.0,,False,False
Quorum,hypercube,GAFAM,10 nodes,Latency,13,4,2,16650.63303076923,10893.27562222222,5757.357408547007,2.7284841053187847e-12,0.3457740854601627,True,True
Quorum,hypercube,GAFAM,40 nodes,Latency,6,4,1,13957.855200000002,0.1984666666666666,13957.656733333337,1.8189894035458565e-12,0.9999857810054753,True,False
Quorum,hypercube,PayPal,10 nodes,Latency,17,5,4,6518.889811764706,2602.160639999999,3916.7291717647054,1.3642420526593924e-12,0.6008276385798307,True,True
Quorum,hypercube,PayPal,40 nodes,Latency,13,3,2,0.0304923076923077,0.02764000000000005,0.0028523076923076375,1.3010426069826053e-17,0.09354187689202643,True,True
Quorum,hypercube,VISA,10 nodes,Latency,4,4,0,5796.195475,0.0,5796.195475,0.0,1.0,True,False
Quorum,hypercube,VISA,40 nodes,Latency,15,4,3,198.68135999999996,153.77164,44.90971999999998,1.4210854715202004e-14,0.2260389198060653,True,True
Quorum,scale-free,GAFAM,10 nodes,Latency,12,4,2,9514.323291666666,5837.565137500001,3676.758154166667,1.8189894035458565e-12,0.3864445259482656,True,True
Quorum,scale-free,GAFAM,40 nodes,Latency,7,5,1,16769.205885714284,6163.351799999999,10605.854085714287,1.8189894035458565e-12,0.6324601270922097,True,False
Quorum,scale-free,PayPal,10 nodes,Latency,15,5,2,38182.06317333333,3295.1998399999998,34886.863333333335,7.275957614183426e-12,0.9136977008015275,True,True
Quorum,scale-free,PayPal,40 nodes,Latency,16,5,3,10.767993750000004,0.08428999999999959,10.683703750000006,1.7763568394002505e-15,0.9921721722767533,True,True
Quorum,scale-free,VISA,10 nodes,Latency,5,5,0,19852.300520000004,0.0,19852.30052,3.637978807091713e-12,0.9999999999999998,True,False
Quorum,scale-free,VISA,40 nodes,Latency,12,6,2,12537.775691666666,197.2411866666667,12340.534505,0.0,0.984268247293835,True,True
Quorum,torus,GAFAM,10 nodes,Latency,10,2,1,7412.441409999999,2459.8878888888894,4952.553521111115,4.547473508864641e-12,0.6681406634027094,True,False
Quorum,torus,GAFAM,40 nodes,Latency,7,4,2,24937.974485714283,8150.674866666667,16787.29961904762,3.637978807091713e-12,0.6731621138141841,True,True
Quorum,torus,PayPal,10 nodes,Latency,11,2,1,26.042763636363635,25.73589,0.30687363636363774,4.440892098500626e-15,0.011783451274547092,True,False
Quorum,torus,PayPal,40 nodes,Latency,13,3,2,0.06403076923076943,0.05936000000000016,0.004670769230769182,8.760353553682876e-17,0.07294569918308406,True,True
Quorum,torus,VISA,10 nodes,Latency,3,2,1,5153.464266666666,0.18000000000000005,5153.284266666667,9.094947017729282e-13,0.9999650720387907,True,False
Quorum,torus,VISA,40 nodes,Latency,18,5,4,2219.0737777777777,1985.58324,233.49053777777775,2.842170943040401e-14,0.10521981743734522,True,True
Solana,fat-tree,DDoS,10 nodes,Latency,11,3,2,184.555618181818,77.8496375,106.705980681818,0.0,0.5781779050296635,True,True
Solana,fat-tree,FIFA,10 nodes,Latency,9,4,2,2240.2968222222225,1547.0334800000003,693.2633422222217,5.684341886080801e-13,0.3094515580906603,True,True
Solana,fat-tree,GAFAM,10 nodes,Latency,12,3,2,19474.10929166667,16963.954022222224,2510.1552694444445,2.7284841053187847e-12,0.1288970515595589,True,True
Solana,fat-tree,GAFAM,40 nodes,Latency,13,3,2,1360.2610307692305,1280.6701399999997,79.59089076923117,3.836930773104541e-13,0.05851148343507448,True,True
Solana,fat-tree,Gaming,10 nodes,Latency,9,3,1,12968.053955555555,7668.737771428572,5299.316184126983,0.0,0.40864390310905047,True,False
Solana,fat-tree,PayPal,10 nodes,Latency,7,3,2,2984.399171428572,467.5252750000002,2516.873896428572,0.0,0.8433435850418746,True,True
Solana,fat-tree,PayPal,40 nodes,Latency,2,1,1,36.80819999999993,36.80819999999993,0.0,0.0,,False,False
Solana,fat-tree,VISA,10 nodes,Latency,10,3,2,14981.601649999997,11185.543285714282,3796.058364285715,4.547473508864641e-13,0.25338134419598024,True,True
Solana,full mesh,DDoS,10 nodes,Latency,12,3,2,254.0956666666666,162.02726666666658,92.06840000000001,1.4210854715202004e-14,0.3623375447830018,True,True
Solana,full mesh,FIFA,10 nodes,Latency,13,3,2,302.06949230769214,301.12428999999986,0.9452023076922967,1.2545520178264269e-14,0.0031290889406650198,True,True
Solana,full mesh,GAFAM,10 nodes,Latency,13,3,2,153.95652307692305,119.88354,34.07298307692304,1.4210854715202004e-14,0.22131561817552067,True,True
Solana,full mesh,GAFAM,40 nodes,Latency,13,3,2,1030.007507692308,993.4444100000003,36.56309769230725,5.400124791776761e-13,0.03549789435440665,True,True
Solana,full mesh,Gaming,10 nodes,Latency,15,4,3,1183.2813733333332,1004.9976055555555,178.28376777777794,2.2737367544323206e-13,0.15066895481972145,True,True
Solana,full mesh,PayPal,10 nodes,Latency,13,3,2,38.810123076923084,36.76335555555556,2.0467675213675323,1.1546319456101628e-14,0.052737980688975505,True,True
Solana,full mesh,VISA,10 nodes,Latency,14,4,3,782.8191714285715,549.4225166666668,233.3966547619047,5.684341886080802e-14,0.2981488743255709,True,True
Solana,hypercube,DDoS,10 nodes,Latency,12,3,2,1321.186091666666,999.0945999999997,322.0914916666667,3.410605131648481e-13,0.24378964757368188,True,True
Solana,hypercube,FIFA,10 nodes,Latency,13,3,2,2089.4345076923078,1543.63366,545.8008476923075,3.410605131648481e-13,0.26121940921475517,True,True
Solana,hypercube,GAFAM,10 nodes,Latency,13,3,2,2886.02603076923,2045.4798599999997,840.5461707692311,6.821210263296962e-13,0.2912469124698765,True,True
Solana,hypercube,GAFAM,40 nodes,Latency,13,3,2,2084.4559999999997,1717.1918499999995,367.2641499999996,6.252776074688882e-13,0.17619184573816843,True,True
Solana,hypercube,Gaming,10 nodes,Latency,15,4,3,6481.039040000001,5467.414116666668,1013.6249233333328,0.0,0.15639852145271643,True,True
Solana,hypercube,PayPal,10 nodes,Latency,13,4,2,43.98063076923077,19.196587500000014,24.78404326923076,3.552713678800501e-15,0.5635217784682136,True,True
Solana,hypercube,PayPal,40 nodes,Latency,1,1,0,0.0,0.0,0.0,0.0,,False,False
Solana,hypercube,VISA,10 nodes,Latency,13,4,2,3876.458723076923,995.2556666666666,2881.2030564102574,9.094947017729282e-13,0.743256477686241,True,True
Solana,scale-free,DDoS,10 nodes,Latency,8,4,2,2731.019750000001,1049.4174750000002,1681.6022750000006,0.0,0.6157415284162628,True,True
Solana,scale-free,FIFA,10 nodes,Latency,2,2,0,186.24499999999995,0.0,186.24499999999995,0.0,1.0,True,False
Solana,scale-free,FIFA,40 nodes,Latency,1,1,0,0.0,0.0,0.0,0.0,,False,False
Solana,scale-free,GAFAM,10 nodes,Latency,2,2,0,2615.0912000000008,0.0,2615.0912000000008,0.0,1.0,True,False
Solana,scale-free,GAFAM,40 nodes,Latency,12,3,2,1637.7954249999996,1614.686005555555,23.10941944444465,1.6697754290362354e-13,0.0141100769312777,True,True
Solana,scale-free,Gaming,10 nodes,Latency,2,2,0,140.28125,0.0,140.28125,0.0,1.0,True,False
Solana,scale-free,PayPal,10 nodes,Latency,9,5,3,17941.23928888889,6214.182966666667,11727.056322222223,0.0,0.6536369162349256,True,True
Solana,scale-free,VISA,10 nodes,Latency,14,6,3,39620.52057142858,24389.42855,15231.092021428569,7.275957614183426e-12,0.38442432864983905,True,True
Solana,torus,DDoS,10 nodes,Latency,13,3,2,470.1097692307695,389.6405400000002,80.46922923076932,5.684341886080802e-14,0.17117114873498457,True,True
Solana,torus,FIFA,10 nodes,Latency,10,3,2,4508.226290000002,3737.189971428572,771.0363185714299,5.684341886080801e-13,0.17102875254547825,True,True
Solana,torus,GAFAM,10 nodes,Latency,13,3,2,11756.202569230769,11081.705810000001,674.4967592307686,1.0231815394945443e-12,0.057373693185256355,True,True
Solana,torus,GAFAM,40 nodes,Latency,13,3,2,168.8452923076924,111.0477000000001,57.79759230769241,1.1368683772161603e-13,0.3423109493770542,True,True
Solana,torus,Gaming,10 nodes,Latency,12,3,2,1812.652266666666,1375.3546166666665,437.29764999999963,1.1368683772161603e-13,0.2412474019653851,True,True
Solana,torus,PayPal,10 nodes,Latency,11,3,2,687.3848909090909,610.2508,77.13409090909097,7.105427357601002e-14,0.11221382944143331,True,True
Solana,torus,PayPal,40 nodes,Latency,1,1,0,0.0,0.0,0.0,0.0,,False,False
Solana,torus,VISA,10 nodes,Latency,15,4,3,2371.596973333333,1399.7993388888885,971.7976344444438,7.958078640513122e-13,0.4097650846123995,True,True
Solana,torus,VISA,40 nodes,Latency,1,1,0,0.0,0.0,0.0,0.0,,False,False
Algorand,fat-tree,DDoS,10 nodes,Energy,13,3,2,35.41527352458234,34.502554999095565,0.9127185254867755,1.4432899320127035e-15,0.02577188977104023,True,True
Algorand,fat-tree,DDoS,40 nodes,Energy,13,3,2,31.43967974303914,27.322211367025332,4.117468376013814,7.105427357601002e-15,0.13096406864403373,True,True
Algorand,fat-tree,FIFA,10 nodes,Energy,16,5,3,32.22751885697828,24.2801200760689,7.947398780909371,7.105427357601002e-15,0.2466028742758305,True,True
Algorand,fat-tree,FIFA,40 nodes,Energy,13,3,2,28.724912257113,28.021516007184893,0.7033962499281132,5.10702591327572e-15,0.024487324578474034,True,True
Algorand,fat-tree,GAFAM,10 nodes,Energy,13,3,2,46.237136758983624,32.40494383740305,13.832192921580567,3.552713678800501e-15,0.29915764450732446,True,True
Algorand,fat-tree,GAFAM,40 nodes,Energy,13,3,2,91.18534820790703,79.90932010213648,11.276028105770534,1.5987211554602254e-14,0.12366052581233382,True,True
Algorand,fat-tree,Gaming,10 nodes,Energy,13,3,2,70.70422510076054,62.47307031356668,8.231154787193864,5.329070518200751e-15,0.11641673146779632,True,True
Algorand,fat-tree,Gaming,40 nodes,Energy,13,3,2,118.84520114047015,118.64265752397826,0.20254361649190122,6.8833827526759706e-15,0.0017042641566360173,True,True
Algorand,fat-tree,PayPal,10 nodes,Energy,13,3,2,72.52726979240268,61.23270817925058,11.294561613152098,0.0,0.15572848179010343,True,True
Algorand,fat-tree,PayPal,40 nodes,Energy,13,3,2,92.69164730653142,88.71944366610894,3.972203640422468,1.021405182655144e-14,0.0428539545455092,True,True
Algorand,fat-tree,VISA,10 nodes,Energy,13,3,2,118.83369246332784,118.15464360888313,0.6790488544447162,1.4654943925052066e-14,0.005714278841030469,True,True
Algorand,fat-tree,VISA,40 nodes,Energy,13,3,2,139.47050534052613,123.36162156926484,16.10888377126134,4.973799150320701e-14,0.11550028969874651,True,True
Algorand,full mesh,DDoS,10 nodes,Energy,14,4,2,34.56076101094983,9.888152497011266,24.672608513938574,7.105427357601002e-15,0.7138907764826588,True,True
Algorand,full mesh,DDoS,40 nodes,Energy,13,3,2,32.94432153715809,24.552216713913598,8.392104823244498,7.105427357601002e-15,0.25473600401146507,True,True
Algorand,full mesh,FIFA,10 nodes,Energy,14,4,2,34.93926469064594,27.520438908323317,7.418825782322618,6.217248937900877e-15,0.2123349145441178,True,True
Algorand,full mesh,FIFA,40 nodes,Energy,13,3,2,16.494723305162182,14.586659728587502,1.908063576574671,8.881784197001252e-15,0.11567721029776377,True,True
Algorand,full mesh,GAFAM,10 nodes,Energy,14,4,2,117.10223060885046,48.80488465159272,68.29734595725778,4.263256414560601e-14,0.5832283945588304,True,True
Algorand,full mesh,GAFAM,40 nodes,Energy,13,3,2,44.461792552698036,38.636278922850266,5.825513629847771,1.7763568394002505e-15,0.13102291417835035,True,True
Algorand,full mesh,Gaming,10 nodes,Energy,13,3,2,230.08866305933932,216.41272893375367,13.675934125585655,0.0,0.059437670434282386,True,True
Algorand,full mesh,Gaming,40 nodes,Energy,13,3,2,84.41402808021893,63.524967856763254,20.88906022345561,6.394884621840902e-14,0.24745958341905763,True,True
Algorand,full mesh,PayPal,10 nodes,Energy,13,3,2,156.56354899744238,135.19954453780707,21.364004459635346,3.552713678800501e-14,0.13645580083257022,True,True
Algorand,full mesh,PayPal,40 nodes,Energy,13,3,2,81.84904604636628,68.40147501384502,13.447571032521273,5.329070518200751e-15,0.16429722375632114,True,True
Algorand,full mesh,VISA,10 nodes,Energy,13,3,2,314.91607758444496,265.4290758983789,49.48700168606597,6.394884621840902e-14,0.15714345887213713,True,True
Algorand,full mesh,VISA,40 nodes,Energy,13,3,2,114.99426903725593,110.29537899186457,4.698890045391398,3.197442310920451e-14,0.04086194977133206,True,True
Algorand,hypercube,DDoS,10 nodes,Energy,13,3,2,40.136757992996664,33.26109392619985,6.875664066796818,2.6645352591003757e-15,0.17130591534065934,True,True
Algorand,hypercube,DDoS,40 nodes,Energy,13,3,2,27.404816262299178,17.847985509441354,9.556830752857818,5.329070518200751e-15,0.34872814549773706,True,True
Algorand,hypercube,FIFA,10 nodes,Energy,13,3,2,47.48171392500993,44.33239389687927,3.1493200281306506,9.325873406851315e-15,0.06632700818476177,True,True
Algorand,hypercube,FIFA,40 nodes,Energy,13,3,2,41.71889989126204,41.57607219580208,0.14282769545996993,6.050715484207103e-15,0.003423572908975123,True,True
Algorand,hypercube,GAFAM,10 nodes,Energy,13,3,2,57.98744517486401,53.75335579777884,4.234089377085164,5.329070518200751e-15,0.0730173465017653,True,True
Algorand,hypercube,GAFAM,40 nodes,Energy,13,3,2,37.986848047534856,24.792090747566988,13.194757299967868,0.0,0.34735067472448894,True,True
Algorand,hypercube,Gaming,10 nodes,Energy,13,3,2,182.98027889935986,161.98030357883377,20.99997532052613,3.907985046680551e-14,0.11476633136009279,True,True
Algorand,hypercube,Gaming,40 nodes,Energy,13,3,2,261.9126308855391,252.43781175954473,9.474819125994369,3.552713678800501e-15,0.03617549521746834,True,True
Algorand,hypercube,PayPal,10 nodes,Energy,13,3,2,53.604727615711646,35.09303809110706,18.51168952460455,3.552713678800501e-14,0.34533688254725387,True,True
Algorand,hypercube,PayPal,40 nodes,Energy,13,3,2,95.45498699738526,82.59194197699769,12.86304502038756,1.4210854715202004e-14,0.1347550864025565,True,True
Algorand,hypercube,VISA,10 nodes,Energy,13,3,2,80.04276099998636,72.19150994905613,7.851251050930235,4.440892098500626e-15,0.09808820876295825,True,True
Algorand,hypercube,VISA,40 nodes,Energy,13,3,2,97.85233929347824,80.39187914568191,17.460460147796343,1.7763568394002505e-14,0.17843681892396074,True,True
Algorand,scale-free,DDoS,10 nodes,Energy,13,3,2,36.16277770555188,33.41448606594946,2.7482916396024195,1.3322676295501878e-15,0.07599780254658062,True,True
Algorand,scale-free,DDoS,40 nodes,Energy,13,3,2,40.80722268595762,39.163074279261636,1.644148406695985,1.9984014443252818e-15,0.04029062255348638,True,True
Algorand,scale-free,FIFA,10 nodes,Energy,17,6,3,17.823005377737758,12.118452722285951,5.704552655451807,8.881784197001252e-16,0.320066820076103,True,True
Algorand,scale-free,FIFA,40 nodes,Energy,11,3,2,20.83109995643804,19.42654377478215,1.4045561816558956,3.9968028886505635e-15,0.06742592491962023,True,True
Algorand,scale-free,GAFAM,10 nodes,Energy,13,3,2,61.264281864203994,45.199631652646985,16.06465021155702,1.0658141036401503e-14,0.26221886101864855,True,True
Algorand,scale-free,GAFAM,40 nodes,Energy,13,3,2,43.07394835933885,39.80523080608251,3.268717553256346,8.881784197001252e-15,0.07588618359263219,True,True
Algorand,scale-free,Gaming,10 nodes,Energy,12,3,2,95.52966776585511,85.94271733660923,9.58695042924585,2.4868995751603507e-14,0.10035573925310441,True,True
Algorand,scale-free,Gaming,40 nodes,Energy,13,3,2,86.49718329359474,82.20588146303685,4.291301830557882,1.687538997430238e-14,0.04961204130765793,True,True
Algorand,scale-free,PayPal,10 nodes,Energy,13,3,2,80.55975534241212,70.27477120299433,10.28498413941779,3.552713678800501e-15,0.1276690091187886,True,True
Algorand,scale-free,PayPal,40 nodes,Energy,13,3,2,144.39961252050713,132.97056301738343,11.429049503123675,3.197442310920451e-14,0.07914875465126724,True,True
Algorand,scale-free,VISA,10 nodes,Energy,13,3,2,81.655939534069,73.91624670866554,7.739692825403447,1.9539925233402755e-14,0.09478419903764923,True,True
Algorand,scale-free,VISA,40 nodes,Energy,13,3,2,28.165294264987068,23.218601921759085,4.9466923432279994,1.5987211554602254e-14,0.17563077085892007,True,True
Algorand,torus,DDoS,10 nodes,Energy,13,3,2,27.64773313270732,16.4371077127558,11.210625419951523,3.552713678800501e-15,0.40548081703990885,True,True
Algorand,torus,DDoS,40 nodes,Energy,13,3,2,25.30029268490027,14.090018482084268,11.210274202816004,1.7763568394002505e-15,0.44308871610432093,True,True
Algorand,torus,FIFA,10 nodes,Energy,13,3,2,20.847093545430635,20.809851230464535,0.037242314966100774,4.649058915617843e-16,0.001786451184906959,True,True
Algorand,torus,FIFA,40 nodes,Energy,13,3,2,18.842438004848646,18.259291961768447,0.5831460430802007,2.4424906541753444e-15,0.030948545136788675,True,True
Algorand,torus,GAFAM,10 nodes,Energy,13,3,2,64.93702009706139,55.95239023294555,8.984629864115844,1.7763568394002505e-15,0.1383591339837663,True,True
Algorand,torus,GAFAM,40 nodes,Energy,13,3,2,37.669361101811816,27.432923342954414,10.236437758857406,3.552713678800501e-15,0.2717443954302972,True,True
Algorand,torus,Gaming,10 nodes,Energy,13,3,2,103.31866238084166,94.37632363656788,8.94233874427379,7.105427357601002e-15,0.08655105029633026,True,True
Algorand,torus,Gaming,40 nodes,Energy,13,3,2,146.19764154879945,107.2263200436389,38.971321505160574,2.842170943040401e-14,0.2665660067584079,True,True
Algorand,torus,PayPal,10 nodes,Energy,13,3,2,76.64725742537321,40.83009459307173,35.81716283230148,7.105427357601002e-15,0.46729868798207785,True,True
Algorand,torus,PayPal,40 nodes,Energy,13,3,2,155.3867262069306,126.55476453146613,28.831961675464445,2.4868995751603507e-14,0.18554970800445678,True,True
Algorand,torus,VISA,10 nodes,Energy,13,3,2,61.0656596230678,58.2402542201724,2.825405402895403,4.440892098500626e-15,0.04626831872996087,True,True
Algorand,torus,VISA,40 nodes,Energy,13,3,2,125.82117276826962,124.7040907209131,1.117082047356533,1.4432899320127035e-14,0.008878331228194099,True,True
Diem,fat-tree,DDoS,10 nodes,Energy,13,3,2,11.928993819457547,8.790328439915928,3.138665379541616,3.1086244689504383e-15,0.26311233177286886,True,True
Diem,fat-tree,DDoS,40 nodes,Energy,20,4,2,53.488083820853454,39.87620289415569,13.611880926697758,7.105427357601002e-15,0.254484362765504,True,True
Diem,fat-tree,FIFA,10 nodes,Energy,13,3,2,32.743616115852795,24.208787608992317,8.534828506860475,3.552713678800501e-15,0.2606562597320564,True,True
Diem,fat-tree,FIFA,40 nodes,Energy,21,5,3,44.76330672834441,33.91337174865734,10.849934979687081,1.0658141036401503e-14,0.24238457282729814,True,True
Diem,fat-tree,GAFAM,10 nodes,Energy,13,3,2,21.78730855475271,17.16807785214241,4.61923070261029,8.881784197001252e-15,0.21201474661277725,True,True
Diem,fat-tree,GAFAM,40 nodes,Energy,19,4,2,131.05392292645652,123.51425834512435,7.539664581332142,3.375077994860476e-14,0.0575310102358643,True,True
Diem,fat-tree,Gaming,10 nodes,Energy,13,3,2,299.460349186519,297.09818690117487,2.362162285344107,3.375077994860476e-14,0.007888063617640523,True,True
Diem,fat-tree,Gaming,40 nodes,Energy,25,6,3,248.18927171852687,144.80774792346153,103.38152379506529,4.263256414560601e-14,0.4165430805257005,True,True
Diem,fat-tree,PayPal,10 nodes,Energy,13,3,2,40.52736263104399,39.111236189654356,1.4161264413896413,5.10702591327572e-15,0.03494247711803697,True,True
Diem,fat-tree,PayPal,40 nodes,Energy,23,6,3,340.0606125405665,250.20227825206757,89.85833428849902,7.105427357601002e-14,0.26424211147881654,True,True
Diem,fat-tree,VISA,10 nodes,Energy,11,3,2,60.59898799414097,60.426359161472,0.1726288326689623,7.466249840604178e-15,0.002848708177860214,True,True
Diem,fat-tree,VISA,40 nodes,Energy,23,5,3,265.1033819722915,210.7227202184994,54.380661753792175,6.394884621840902e-14,0.20513001889759375,True,True
Diem,full mesh,DDoS,10 nodes,Energy,13,3,2,28.7614386131962,24.932358002992213,3.829080610203991,3.1086244689504383e-15,0.13313244381479405,True,True
Diem,full mesh,DDoS,40 nodes,Energy,11,3,1,24.263446199343463,18.165484429280124,6.097961770063336,2.6645352591003757e-15,0.2513229868487659,True,False
Diem,full mesh,FIFA,10 nodes,Energy,13,3,2,10.519042145435352,8.469394423455213,2.0496477219801346,3.552713678800501e-15,0.1948511750064203,True,True
Diem,full mesh,FIFA,40 nodes,Energy,11,3,2,13.508103840387804,8.434627838833991,5.073476001553812,8.881784197001252e-16,0.3755875777608886,True,True
Diem,full mesh,GAFAM,10 nodes,Energy,12,3,2,42.535605949374215,35.03822557454923,7.49738037482501,2.4868995751603507e-14,0.17626128057863746,True,True
Diem,full mesh,GAFAM,40 nodes,Energy,13,3,2,16.85245464655683,12.969801826550917,3.882652820005909,3.1086244689504383e-15,0.23039093719200038,True,True
Diem,full mesh,Gaming,10 nodes,Energy,13,3,2,94.83483031779937,77.38014750519297,17.454682812606382,2.4868995751603507e-14,0.1840535039089994,True,True
Diem,full mesh,Gaming,40 nodes,Energy,12,3,2,110.47269525755785,84.49319416038588,25.97950109717194,2.1316282072803006e-14,0.23516671731963185,True,True
Diem,full mesh,PayPal,10 nodes,Energy,13,3,2,61.75836682848819,53.88492482695723,7.873442001530952,8.881784197001252e-15,0.1274878596352236,True,True
Diem,full mesh,PayPal,40 nodes,Energy,13,3,2,74.2575463686813,69.42171528452377,4.83583108415752,1.3322676295501878e-14,0.06512241947974017,True,True
Diem,full mesh,VISA,10 nodes,Energy,13,3,2,76.33104081824469,63.21639383634346,13.114646981901226,5.329070518200751e-15,0.17181276242687568,True,True
Diem,full mesh,VISA,40 nodes,Energy,12,3,2,43.054540367576664,35.10084009549407,7.953700272082592,8.881784197001252e-16,0.18473545888954215,True,True
Diem,hypercube,DDoS,10 nodes,Energy,13,3,2,15.185015123604417,12.485513595554128,2.6995015280502868,2.6645352591003757e-15,0.177774042770233,True,True
Diem,hypercube,DDoS,40 nodes,Energy,12,4,1,14.260238866502284,11.94669304664565,2.3135458198566345,8.881784197001252e-16,0.16223752221228363,True,False
Diem,hypercube,FIFA,10 nodes,Energy,13,3,2,15.694407790908437,13.522612704595026,2.1717950863134154,4.440892098500626e-15,0.1383801870862249,True,True
Diem,hypercube,FIFA,40 nodes,Energy,9,3,1,36.50686492939712,32.60125157057858,3.9056133588185347,0.0,0.1069829843338189,True,False
Diem,hypercube,GAFAM,10 nodes,Energy,13,3,2,14.894013303539158,12.154177650763886,2.7398356527752687,2.6645352591003757e-15,0.18395549922895674,True,True
Diem,hypercube,GAFAM,40 nodes,Energy,10,3,2,55.45955179691488,54.84274709345834,0.6168047034565443,6.661338147750939e-15,0.011121703718688473,True,True
Diem,hypercube,Gaming,10 nodes,Energy,13,3,2,65.69943293269331,60.89169721000857,4.807735722684754,1.4210854715202004e-14,0.07317773545488748,True,True
Diem,hypercube,Gaming,40 nodes,Energy,10,3,2,172.80433789184843,139.58198163145798,33.22235626039047,1.4210854715202004e-14,0.19225417987587246,True,True
Diem,hypercube,PayPal,10 nodes,Energy,13,3,2,128.27938623808993,90.07491802988721,38.20446820820272,7.105427357601002e-15,0.29782234954955444,True,True
Diem,hypercube,PayPal,40 nodes,Energy,11,3,1,83.6852757974523,80.11011909439844,3.575156703053875,1.1102230246251565e-14,0.04272145450899877,True,False
Diem,hypercube,VISA,10 nodes,Energy,12,3,2,47.16776404998743,34.749351061160624,12.41841298882682,1.0658141036401503e-14,0.263281782355976,True,True
Diem,hypercube,VISA,40 nodes,Energy,9,3,1,29.94142532582742,29.756510902410472,0.18491442341695216,3.524958103184872e-15,0.006175872437757507,True,False
Diem,scale-free,DDoS,10 nodes,Energy,13,3,2,43.187645854580374,30.710553285807727,12.477092568772665,1.7763568394002505e-14,0.28890420679064116,True,True
Diem,scale-free,DDoS,40 nodes,Energy,18,3,3,35.330262312545145,29.30732384448971,6.022938468055432,4.440892098500626e-15,0.17047533966134165,True,True
Diem,scale-free,FIFA,10 nodes,Energy,12,3,2,29.58145108581403,28.173856082158903,1.4075950036551252,3.1086244689504383e-15,0.04758370370580455,True,True
Diem,scale-free,FIFA,40 nodes,Energy,18,4,3,13.545601605134141,9.401440591053376,4.144161014080779,1.3322676295501878e-14,0.30594145132025974,True,True
Diem,scale-free,GAFAM,10 nodes,Energy,14,4,2,77.98920738868541,43.84595069563964,34.14325669304576,2.1316282072803006e-14,0.4377946364152846,True,True
Diem,scale-free,GAFAM,40 nodes,Energy,16,4,2,77.76701805651838,70.42485572085228,7.342162335666099,3.552713678800501e-15,0.09441229095771769,True,True
Diem,scale-free,Gaming,10 nodes,Energy,13,3,2,70.18848818380042,64.8669605192602,5.321527664540208,4.440892098500626e-15,0.07581767042203401,True,True
Diem,scale-free,Gaming,40 nodes,Energy,17,4,3,127.04333321721033,103.911473314086,23.131859903124386,4.973799150320701e-14,0.18207850280167834,True,True
Diem,scale-free,PayPal,10 nodes,Energy,13,4,1,60.421776287845255,46.369451232709736,14.052325055135523,3.552713678800501e-15,0.23257053861162896,True,False
Diem,scale-free,PayPal,40 nodes,Energy,19,5,4,213.8191464743597,170.32806123248014,43.491085241879595,2.1316282072803006e-14,0.20340126672002623,True,True
Diem,scale-free,VISA,10 nodes,Energy,12,3,2,57.85038875021104,57.837303914447915,0.013084835763111438,1.2254086634300165e-14,0.0002261840593605986,True,True
Diem,scale-free,VISA,40 nodes,Energy,19,6,4,175.86200753813537,77.91048743834583,97.95152009978952,2.842170943040401e-14,0.5569794264889698,True,True
Diem,torus,DDoS,10 nodes,Energy,13,3,2,63.228010196684,62.30500981777724,0.9230003789067561,5.551115123125783e-16,0.014597966566329855,True,True
Diem,torus,DDoS,40 nodes,Energy,10,3,1,23.874309756980058,17.598952744154964,6.275357012825093,8.881784197001252e-16,0.262849777719349,True,False
Diem,torus,FIFA,10 nodes,Energy,13,3,2,21.319706074449908,20.550900971021814,0.7688051034280948,1.6653345369377348e-15,0.036060774043665214,True,True
Diem,torus,FIFA,40 nodes,Energy,9,3,1,10.253795838336778,9.531652200323242,0.7221436380135371,8.881784197001252e-16,0.07042695694345644,True,False
Diem,torus,GAFAM,10 nodes,Energy,13,3,2,162.72495999897427,153.19344709803048,9.53151290094383,3.552713678800501e-14,0.05857437544310296,True,True
Diem,torus,GAFAM,40 nodes,Energy,13,4,2,64.77498281454535,48.80308332429401,15.971899490251372,2.6645352591003757e-14,0.24657512509080667,True,True
Diem,torus,Gaming,10 nodes,Energy,12,3,2,44.11626762165584,32.72997765631506,11.386289965340797,1.7763568394002505e-14,0.2580973092055386,True,True
Diem,torus,Gaming,40 nodes,Energy,11,4,3,101.68715366366511,87.19601443281165,14.49113923085347,7.105427357601002e-15,0.14250707890579348,True,True
Diem,torus,PayPal,10 nodes,Energy,12,3,1,139.37699115860775,121.95652912972933,17.42046202887841,7.105427357601002e-15,0.12498807646847773,True,False
Diem,torus,PayPal,40 nodes,Energy,12,4,3,76.89686092984044,46.08217305804174,30.814687871798704,0.0,0.4007275134405495,True,True
Diem,torus,VISA,10 nodes,Energy,13,3,2,137.71263996391892,136.73437342784942,0.9782665360694808,1.6986412276764895e-14,0.00710368007123957,True,True
Diem,torus,VISA,40 nodes,Energy,13,4,2,68.7848263296549,47.89053113078082,20.894295198874076,7.105427357601002e-15,0.30376314535908056,True,True
Ethereum,fat-tree,DDoS,10 nodes,Energy,13,3,2,19.9045337251747,18.9657389348741,0.938794790300601,5.551115123125783e-16,0.047164872247835644,True,True
Ethereum,fat-tree,DDoS,40 nodes,Energy,13,3,2,47.148842094882106,46.51614497355746,0.6326971213246503,3.6637359812630166e-15,0.013419144420374387,True,True
Ethereum,fat-tree,FIFA,10 nodes,Energy,14,4,2,16.465766123314953,14.23224353233375,2.233522590981205,2.6645352591003757e-15,0.13564644209409818,True,True
Ethereum,fat-tree,FIFA,40 nodes,Energy,13,3,2,14.278395553669542,12.387818331677586,1.8905772219919585,2.6645352591003757e-15,0.13240823976935426,True,True
Ethereum,fat-tree,GAFAM,10 nodes,Energy,13,3,2,70.42189229301835,65.67091215683863,4.750980136179726,6.217248937900877e-15,0.06746453384710795,True,True
Ethereum,fat-tree,GAFAM,40 nodes,Energy,13,3,2,59.981050118680855,47.50675339865627,12.474296720024594,1.0658141036401503e-14,0.20797062897936033,True,True
Ethereum,fat-tree,Gaming,10 nodes,Energy,13,3,2,94.20865883934317,71.59654792091362,22.612110918429558,7.105427357601002e-15,0.24002157760244378,True,True
Ethereum,fat-tree,Gaming,40 nodes,Energy,13,3,2,216.91084578662498,199.78793759966874,17.122908186956263,2.4868995751603507e-14,0.07893984334835914,True,True
Ethereum,fat-tree,PayPal,10 nodes,Energy,14,4,2,321.3084488607527,282.1953986492455,39.1130502115073,5.684341886080802e-14,0.12173053758837803,True,True
Ethereum,fat-tree,PayPal,40 nodes,Energy,13,3,2,44.6009336786427,23.17133813730636,21.429595541336347,1.0658141036401503e-14,0.48047414647729625,True,True
Ethereum,fat-tree,VISA,10 nodes,Energy,13,3,2,301.5450948445151,239.55850910504333,61.986585739471764,2.842170943040401e-14,0.20556323680686545,True,True
Ethereum,fat-tree,VISA,40 nodes,Energy,13,3,2,190.17100799540995,165.03598137599593,25.13502661941402,0.0,0.1321706546353306,True,True
Ethereum,full mesh,DDoS,10 nodes,Energy,11,2,1,34.714603865370435,34.34918269786362,0.36542116750681986,2.9976021664879227e-15,0.01052643921630187,True,False
Ethereum,full mesh,DDoS,40 nodes,Energy,13,3,2,35.05876654704574,29.798367534531994,5.260399012513746,1.7763568394002505e-15,0.1500451821502265,True,True
Ethereum,full mesh,FIFA,10 nodes,Energy,13,4,2,20.456701861027607,15.083387683432024,5.373314177595583,0.0,0.2626676682340652,True,True
Ethereum,full mesh,FIFA,40 nodes,Energy,13,3,2,27.932466847162964,23.591565312081556,4.340901535081402,5.329070518200751e-15,0.1554070236199814,True,True
Ethereum,full mesh,GAFAM,10 nodes,Energy,13,3,2,38.8454350693118,36.68834470616335,2.1570903631484386,9.769962616701378e-15,0.05553008633574443,True,True
Ethereum,full mesh,GAFAM,40 nodes,Energy,13,3,2,45.3924156966971,39.86379287745866,5.528622819238457,1.4210854715202004e-14,0.1217961797005824,True,True
Ethereum,full mesh,Gaming,10 nodes,Energy,13,3,2,154.93656233194582,142.52105400731907,12.415508324626742,1.4210854715202004e-14,0.08013285010175311,True,True
Ethereum,full mesh,Gaming,40 nodes,Energy,13,3,2,112.57206732687314,79.14592400839754,33.426143318475596,0.0,0.2969310603616864,True,True
Ethereum,full mesh,PayPal,10 nodes,Energy,13,3,2,85.52600294207255,27.44554933019233,58.080453611880195,2.842170943040401e-14,0.6790970186133748,True,True
Ethereum,full mesh,PayPal,40 nodes,Energy,13,3,2,87.03907354891527,79.85512827715688,7.183945271758411,2.1316282072803006e-14,0.0825370144561694,True,True
Ethereum,full mesh,VISA,10 nodes,Energy,13,3,2,81.95251045192992,77.77823334133747,4.174277110592452,4.440892098500626e-15,0.05093531714371235,True,True
Ethereum,full mesh,VISA,40 nodes,Energy,13,3,2,122.59153853793761,110.89751475882704,11.694023779110562,3.552713678800501e-15,0.09539013800280913,True,True
Ethereum,hypercube,DDoS,10 nodes,Energy,13,3,2,20.027876272705363,18.56571506501138,1.462161207693983,1.7763568394002505e-15,0.07300630320383313,True,True
Ethereum,hypercube,DDoS,40 nodes,Energy,13,3,2,24.759760236887445,15.900566690881831,8.859193546005622,8.881784197001252e-15,0.3578061120643272,True,True
Ethereum,hypercube,FIFA,10 nodes,Energy,12,3,2,20.48055035885587,17.828876369322924,2.6516739895329424,2.6645352591003757e-15,0.12947278969904968,True,True
Ethereum,hypercube,FIFA,40 nodes,Energy,13,3,2,22.077452441380395,21.711056544847697,0.3663958965326984,7.216449660063518e-16,0.01659593186784324,True,True
Ethereum,hypercube,GAFAM,10 nodes,Energy,13,3,2,57.75152706359977,37.86610266429186,19.8854243993079,7.105427357601002e-15,0.34432724830650396,True,True
Ethereum,hypercube,GAFAM,40 nodes,Energy,13,3,2,45.94552555587396,44.88243404230911,1.063091513564847,2.220446049250313e-15,0.023138085824527803,True,True
Ethereum,hypercube,Gaming,10 nodes,Energy,13,3,2,159.81311901567764,148.2156730670443,11.597445948633371,2.1316282072803006e-14,0.07256879798144521,True,True
Ethereum,hypercube,Gaming,40 nodes,Energy,13,3,2,71.78427514924635,60.61135409448283,11.172921054763524,3.552713678800501e-15,0.15564580169590006,True,True
Ethereum,hypercube,PayPal,10 nodes,Energy,14,4,2,144.2453953770116,61.38862875630176,82.85676662070986,2.842170943040401e-14,0.574415331623922,True,True
Ethereum,hypercube,PayPal,40 nodes,Energy,13,3,2,66.106569822811,47.91931668966079,18.1872531331502,7.105427357601002e-15,0.2751202063864223,True,True
Ethereum,hypercube,VISA,10 nodes,Energy,13,3,2,150.9690470184313,14.964882363946353,136.00416465448495,0.0,0.9008744993792049,True,True
Ethereum,hypercube,VISA,40 nodes,Energy,13,3,2,125.09058525630873,74.35697482049214,50.733610435816615,2.842170943040401e-14,0.40557497058522995,True,True
Ethereum,scale-free,DDoS,10 nodes,Energy,14,4,2,14.380772545250512,13.541614322597992,0.8391582226525193,5.551115123125783e-16,0.058352791549412635,True,True
Ethereum,scale-free,DDoS,40 nodes,Energy,13,3,2,35.08554606666505,21.723079412663083,13.362466654001974,3.552713678800501e-15,0.3808538886244589,True,True
Ethereum,scale-free,FIFA,10 nodes,Energy,13,3,2,17.104535941843118,15.734764918340263,1.3697710235028555,6.661338147750939e-16,0.08008232600756864,True,True
Ethereum,scale-free,FIFA,40 nodes,Energy,13,3,2,22.919895581551142,21.061009363611774,1.8588862179393748,6.8833827526759706e-15,0.081103607620082,True,True
Ethereum,scale-free,GAFAM,10 nodes,Energy,13,3,2,38.62010611725889,27.068920287591606,11.551185829667276,1.0658141036401503e-14,0.29909772372440946,True,True
Ethereum,scale-free,GAFAM,40 nodes,Energy,13,3,2,40.513714931674265,32.57069890494067,7.943016026733591,3.552713678800501e-15,0.1960574595573218,True,True
Ethereum,scale-free,Gaming,10 nodes,Energy,13,3,2,49.89590689674137,48.24477176858862,1.6511351281527678,1.532107773982716e-14,0.03309159469873472,True,True
Ethereum,scale-free,Gaming,40 nodes,Energy,13,3,2,95.98702578400959,95.67119265306164,0.31583313094795606,5.329070518200751e-15,0.00329037313499686,True,True
Ethereum,scale-free,PayPal,10 nodes,Energy,13,3,2,88.7593557766091,44.72999421420274,44.02936156240637,1.4210854715202004e-14,0.4960531898543759,True,True
Ethereum,scale-free,PayPal,40 nodes,Energy,13,3,2,90.3797431744531,46.444176922007905,43.935566252445106,8.526512829121202e-14,0.48612183116784974,True,True
Ethereum,scale-free,VISA,10 nodes,Energy,13,3,2,92.73665270042115,54.47933564661533,38.257317053805814,0.0,0.4125371785565005,True,True
Ethereum,scale-free,VISA,40 nodes,Energy,13,3,2,236.9042130000824,212.45368684880273,24.45052615127963,3.197442310920451e-14,0.10320849022330864,True,True
Ethereum,torus,DDoS,10 nodes,Energy,14,4,2,19.61573843747441,12.993147612528084,6.622590824946326,8.881784197001252e-16,0.33761618743316635,True,True
Ethereum,torus,DDoS,40 nodes,Energy,13,3,2,34.64679434655907,29.491662891639823,5.155131454919249,2.6645352591003757e-15,0.14879100800363737,True,True
Ethereum,torus,FIFA,10 nodes,Energy,16,5,3,13.13781492321763,9.814731913519239,3.323083009698388,2.220446049250313e-15,0.2529403123060984,True,True
Ethereum,torus,FIFA,40 nodes,Energy,13,3,2,21.151158864112684,15.987653144665117,5.163505719447571,3.552713678800501e-15,0.24412401006587522,True,True
Ethereum,torus,GAFAM,10 nodes,Energy,15,4,3,123.28240304089432,102.54364152046931,20.738761520425008,7.105427357601002e-15,0.1682215872572317,True,True
Ethereum,torus,GAFAM,40 nodes,Energy,13,3,2,19.9312125612372,13.15939619779338,6.771816363443822,3.552713678800501e-15,0.3397593770393,True,True
Ethereum,torus,Gaming,10 nodes,Energy,14,4,2,73.78925763489278,71.6016392321536,2.187618402739191,1.509903313490213e-14,0.02964684119148436,True,True
Ethereum,torus,Gaming,40 nodes,Energy,13,3,2,44.970540076020335,40.47540924190071,4.495130834119621,7.105427357601002e-15,0.09995723481463284,True,True
Ethereum,torus,PayPal,10 nodes,Energy,15,4,3,248.85865672232518,206.02805369327098,42.83060302905421,7.105427357601002e-15,0.1721081500365258,True,True
Ethereum,torus,PayPal,40 nodes,Energy,13,3,2,130.95466579616843,123.46292732757182,7.4917384685966315,2.3092638912203256e-14,0.057208641044203486,True,True
Ethereum,torus,VISA,10 nodes,Energy,15,4,3,72.9097892476329,70.92846201253424,1.9813272350986508,9.992007221626409e-15,0.02717505091626605,True,True
Ethereum,torus,VISA,40 nodes,Energy,13,3,2,127.11122338646918,121.46335757218579,5.647865814283419,2.6645352591003757e-14,0.04443247153016251,True,True
Quorum,fat-tree,GAFAM,10 nodes,Energy,10,4,3,37.60039899603059,11.845350019074049,25.755048976956548,3.552713678800501e-15,0.6849674382358406,True,True
Quorum,fat-tree,GAFAM,40 nodes,Energy,8,5,3,25.676187622506454,9.53805929168914,16.13812833081731,7.105427357601002e-15,0.6285250975760684,True,True
Quorum,fat-tree,PayPal,10 nodes,Energy,14,4,2,128.1496566929625,85.79280698481556,42.356849708146925,2.842170943040401e-14,0.33052643917440166,True,True
Quorum,fat-tree,PayPal,40 nodes,Energy,13,3,2,170.00350681753852,146.35632306883198,23.64718374870655,1.0658141036401503e-14,0.13909821150975793,True,True
Quorum,fat-tree,VISA,10 nodes,Energy,3,2,1,53.56025673988001,39.94581467939915,13.614442060480854,7.105427357601002e-15,0.2541892606415343,True,False
Quorum,fat-tree,VISA,40 nodes,Energy,14,4,2,65.62680178680452,24.117414556786073,41.50938723001842,2.842170943040401e-14,0.6325066299111447,True,True
Quorum,full mesh,GAFAM,10 nodes,Energy,10,3,2,40.56472089044513,33.74158367435861,6.823137216086524,1.7763568394002505e-15,0.16820372644776876,True,True
Quorum,full mesh,GAFAM,40 nodes,Energy,2,2,0,4.772159963074214,0.0,4.772159963074214,0.0,1.0,True,False
Quorum,full mesh,PayPal,10 nodes,Energy,13,3,2,129.80666866976603,129.48868927983693,0.3179793899290819,1.0880185641326534e-14,0.002449638321264031,True,True
Quorum,full mesh,PayPal,40 nodes,Energy,13,3,2,51.1897331280601,40.40765330488353,10.782079823176558,8.881784197001252e-15,0.21062973304047694,True,True
Quorum,full mesh,VISA,10 nodes,Energy,10,5,1,53.178629001466774,50.12625121323512,3.0523777882316523,0.0,0.057398579947359335,True,False
Quorum,full mesh,VISA,40 nodes,Energy,18,5,4,214.35529126447383,191.63166580769325,22.723625456780564,1.7763568394002505e-14,0.10600916507698387,True,True
Quorum,hypercube,DDoS,40 nodes,Energy,1,1,0,0.0,0.0,0.0,0.0,,False,False
Quorum,hypercube,GAFAM,10 nodes,Energy,13,4,2,49.373780977335755,34.39447641949372,14.97930455784201,2.4868995751603507e-14,0.3033858104713111,True,True
Quorum,hypercube,GAFAM,40 nodes,Energy,6,4,1,9.633394804545103,2.104177755491798,7.529217049053303,2.6645352591003757e-15,0.7815746371674672,True,False
Quorum,hypercube,PayPal,10 nodes,Energy,17,5,4,157.39886159963453,61.49616594227968,95.90269565735487,1.4210854715202004e-14,0.6092972635424547,True,True
Quorum,hypercube,PayPal,40 nodes,Energy,13,3,2,191.5223868655621,179.77529089716842,11.74709596839364,5.3290705182007514e-14,0.06133536742438072,True,True
Quorum,hypercube,VISA,10 nodes,Energy,4,4,0,18.53347631527475,0.0,18.53347631527475,0.0,1.0,True,False
Quorum,hypercube,VISA,40 nodes,Energy,15,4,3,239.4953773532262,225.17603661605278,14.319340737173388,1.7763568394002505e-14,0.05978963308362367,True,True
Quorum,scale-free,GAFAM,10 nodes,Energy,12,4,2,63.404571798068694,33.30550065856629,30.099071139502392,1.4210854715202004e-14,0.4747145242990066,True,True
Quorum,scale-free,GAFAM,40 nodes,Energy,7,5,1,20.801882605529148,5.025223665460214,15.776658940068929,5.329070518200751e-15,0.7584245733545043,True,False
Quorum,scale-free,PayPal,10 nodes,Energy,15,5,2,79.26761579133867,55.61217775959901,23.65543803173965,1.4210854715202004e-14,0.2984249973407729,True,True
Quorum,scale-free,PayPal,40 nodes,Energy,16,5,3,132.16892252356453,81.90915617309209,50.25976635047242,2.842170943040401e-14,0.38026916911206227,True,True
Quorum,scale-free,VISA,10 nodes,Energy,5,5,0,21.280850534049193,0.0,21.28085053404919,3.552713678800501e-15,0.9999999999999998,True,False
Quorum,scale-free,VISA,40 nodes,Energy,12,6,2,73.86145506726386,36.124324311302544,37.73713075596134,2.1316282072803006e-14,0.5109177814273363,True,True
Quorum,torus,GAFAM,10 nodes,Energy,10,2,1,90.4125435376862,90.40430815062385,0.008235387062327782,2.859865122495364e-14,9.108677557439879e-05,True,False
Quorum,torus,GAFAM,40 nodes,Energy,7,4,2,33.0630036403103,25.193117729128396,7.869885911181903,0.0,0.23802694990442325,True,True
Quorum,torus,PayPal,10 nodes,Energy,11,2,1,88.67012166139963,53.509415046678654,35.160706614721015,3.552713678800501e-14,0.3965338713415498,True,False
Quorum,torus,PayPal,40 nodes,Energy,13,3,2,96.04774001357974,81.23495629386515,14.812783719714574,1.4210854715202004e-14,0.1542231365112835,True,True
Quorum,torus,VISA,10 nodes,Energy,3,2,1,2.646784003551296,2.2873519485424767,0.35943205500881936,1.1102230246251565e-16,0.13579954183135268,True,False
Quorum,torus,VISA,40 nodes,Energy,18,5,4,179.94976425577656,142.45646892975043,37.493295326026136,7.105427357601002e-15,0.2083542342002405,True,True
Solana,fat-tree,DDoS,10 nodes,Energy,11,3,2,17.203778286727072,15.717983946908198,1.4857943398188793,5.551115123125783e-15,0.08636442036486765,True,True
Solana,fat-tree,FIFA,10 nodes,Energy,9,4,2,9.768441342525062,2.628983199015855,7.1394581435091995,7.105427357601002e-15,0.7308697358327698,True,True
Solana,fat-tree,GAFAM,10 nodes,Energy,12,3,2,28.184264121004453,19.9072766558117,8.276987465192754,0.0,0.2936740668359083,True,True
Solana,fat-tree,GAFAM,40 nodes,Energy,13,3,2,70.97715957545026,66.88552343294225,4.091636142507998,1.0658141036401503e-14,0.05764722295146934,True,True
Solana,fat-tree,Gaming,10 nodes,Energy,9,3,1,67.79806355140447,61.34150603744822,6.456557513956222,2.6645352591003757e-14,0.09523218180207849,True,False
Solana,fat-tree,PayPal,10 nodes,Energy,7,3,2,21.361100414073118,12.778797474945694,8.582302939127425,1.7763568394002505e-15,0.4017725104402034,True,True
Solana,fat-tree,PayPal,40 nodes,Energy,2,1,1,0.04048536967709855,0.04048536967709855,0.0,0.0,,False,False
Solana,fat-tree,VISA,10 nodes,Energy,10,3,2,44.35745183647451,14.740037782496424,29.617414053978056,3.197442310920451e-14,0.6676987254174072,True,True
Solana,full mesh,DDoS,10 nodes,Energy,12,3,2,18.63363671641361,17.191457256336967,1.4421794600766369,4.218847493575595e-15,0.07739656418257204,True,True
Solana,full mesh,FIFA,10 nodes,Energy,13,3,2,36.755131344941205,30.884779318643858,5.870352026297344,2.6645352591003757e-15,0.15971516932438634,True,True
Solana,full mesh,GAFAM,10 nodes,Energy,13,3,2,55.563506909872956,52.21610478143188,3.347402128441049,2.6201263381153694e-14,0.06024461583878639,True,True
Solana,full mesh,GAFAM,40 nodes,Energy,13,3,2,26.39758697809126,21.931837020721936,4.465749957369337,1.1546319456101628e-14,0.16917265813256707,True,True
Solana,full mesh,Gaming,10 nodes,Energy,15,4,3,82.85363553879323,80.00128895022347,2.8523465885697914,3.241851231905457e-14,0.03442632987703096,True,True
Solana,full mesh,PayPal,10 nodes,Energy,13,3,2,82.2051552071954,64.23970636163354,17.965448845561852,1.4210854715202004e-14,0.21854406576181903,True,True
Solana,full mesh,VISA,10 nodes,Energy,14,4,3,38.48274881442948,24.874694190464222,13.608054623965254,1.7763568394002505e-15,0.35361441277455685,True,True
Solana,hypercube,DDoS,10 nodes,Energy,12,3,2,29.50588514335049,24.517715726708587,4.988169416641903,8.881784197001252e-16,0.1690567624867898,True,True
Solana,hypercube,FIFA,10 nodes,Energy,13,3,2,26.02553611516144,25.462841272009047,0.5626948431523852,7.66053886991358e-15,0.021620874231466133,True,True
Solana,hypercube,GAFAM,10 nodes,Energy,13,3,2,61.79483696313393,61.318109771841,0.4767271912929263,3.9968028886505635e-15,0.007714676738727154,True,True
Solana,hypercube,GAFAM,40 nodes,Energy,13,3,2,60.78604000903659,59.75438639208473,1.0316536169518604,3.3306690738754696e-15,0.016971883952277406,True,True
Solana,hypercube,Gaming,10 nodes,Energy,15,4,3,123.74556688780224,102.29063827076313,21.45492861703913,1.4210854715202004e-14,0.17337937153330032,True,True
Solana,hypercube,PayPal,10 nodes,Energy,13,4,2,39.279900211467215,22.993682399093913,16.28621781237331,7.105427357601002e-15,0.414619633061562,True,True
Solana,hypercube,PayPal,40 nodes,Energy,1,1,0,0.0,0.0,0.0,0.0,,False,False
Solana,hypercube,VISA,10 nodes,Energy,13,4,2,100.0849630910887,60.594634510972675,39.49032858011607,4.973799150320701e-14,0.39456804859062977,True,True
Solana,scale-free,DDoS,10 nodes,Energy,8,4,2,21.353087899897286,5.851994284994207,15.501093614903072,7.105427357601002e-15,0.7259415447345036,True,True
Solana,scale-free,FIFA,10 nodes,Energy,2,2,0,0.09861829910973734,0.0,0.09861829910973734,0.0,1.0,True,False
Solana,scale-free,FIFA,40 nodes,Energy,1,1,0,0.0,0.0,0.0,0.0,,False,False
Solana,scale-free,GAFAM,10 nodes,Energy,2,2,0,0.2648212863200455,0.0,0.2648212863200455,0.0,1.0,True,False
Solana,scale-free,GAFAM,40 nodes,Energy,12,3,2,61.833831207052775,60.53327402988454,1.3005571771682323,4.6629367034256575e-15,0.02103310035590825,True,True
Solana,scale-free,Gaming,10 nodes,Energy,2,2,0,4.07389479217294,0.0,4.07389479217294,0.0,1.0,True,False
Solana,scale-free,PayPal,10 nodes,Energy,9,5,3,113.6597154974968,100.13727092722408,13.522444570272729,3.552713678800501e-15,0.11897306368473658,True,True
Solana,scale-free,VISA,10 nodes,Energy,14,6,3,82.10695565129328,77.3530868354047,4.753868815888571,9.769962616701378e-15,0.057898490793863604,True,True
Solana,torus,DDoS,10 nodes,Energy,13,3,2,16.700341183041488,14.131108091277822,2.569233091763671,5.329070518200751e-15,0.15384314988562162,True,True
Solana,torus,FIFA,10 nodes,Energy,10,3,2,17.514833160600258,10.906003789755603,6.608829370844659,4.440892098500626e-15,0.37732756631169445,True,True
Solana,torus,GAFAM,10 nodes,Energy,13,3,2,64.12136049291588,48.950652958192094,15.170707534723794,5.329070518200751e-15,0.2365936626750122,True,True
Solana,torus,GAFAM,40 nodes,Energy,13,3,2,57.15965585093767,13.693477603959952,43.466178246977705,1.4210854715202004e-14,0.7604345687512509,True,True
Solana,torus,Gaming,10 nodes,Energy,12,3,2,56.74600900708593,54.1891398058367,2.556869201249232,3.9968028886505635e-15,0.045058132650878636,True,True
Solana,torus,PayPal,10 nodes,Energy,11,3,2,107.02918770492954,97.25538351423143,9.773804190698133,1.7763568394002505e-14,0.09131905417841428,True,True
Solana,torus,PayPal,40 nodes,Energy,1,1,0,0.0,0.0,0.0,0.0,,False,False
Solana,torus,VISA,10 nodes,Energy,15,4,3,231.8009220494889,168.88621749412383,62.914704555365056,7.105427357601002e-15,0.27141697280191546,True,True
Solana,torus,VISA,40 nodes,Energy,1,1,0,0.0,0.0,0.0,0.0,,False,False
