hash,blockchain,mode,workload,cores,ram,secondaries,dataset,link_strategy,network_size,dynamic,n_observed,run_min,run_max,first_observed_at,last_observed_at
1a2467,Algorand,fat-tree,DDoS,8,16,10,2023,hop,10 nodes,0,2,1,2,2024-06-03 15:09:32.897,2024-06-03 15:17:35.952
1c5e88,Algorand,fat-tree,DDoS,8,16,10,2023,hop,10 nodes,0,10,1,10,2025-07-15 19:32:22.379,2025-07-15 20:45:25.492
8c1850,Algorand,fat-tree,DDoS,8,16,10,2023,hop,10 nodes,0,1,1,1,2024-05-05 10:22:41.366,2024-05-05 10:22:41.366
1e08df,Algorand,fat-tree,DDoS,8,16,10,2023,hop,40 nodes,0,2,1,2,2024-06-06 17:42:59.149,2024-06-06 17:53:39.296
3471d9,Algorand,fat-tree,DDoS,8,16,10,2023,hop,40 nodes,0,10,1,10,2025-06-26 18:20:52.410,2025-06-26 19:50:14.797
ff8c7a,Algorand,fat-tree,DDoS,8,16,10,2023,hop,40 nodes,0,1,1,1,2024-05-19 11:59:45.033,2024-05-19 11:59:45.033
38b05d,Algorand,fat-tree,FIFA,8,16,10,2023,hop,10 nodes,0,1,2,2,2024-06-03 15:44:45.437,2024-06-03 15:44:45.437
3fa6bd,Algorand,fat-tree,FIFA,8,16,10,2023,hop,10 nodes,0,1,1,1,2024-05-05 10:36:18.321,2024-05-05 10:36:18.321
41bc02,Algorand,fat-tree,FIFA,8,16,10,2023,hop,10 nodes,0,2,1,2,2024-06-12 10:04:19.112,2024-06-12 10:17:56.026
7b076a,Algorand,fat-tree,FIFA,8,16,10,2023,hop,10 nodes,0,2,1,2,2024-06-14 06:05:04.034,2024-06-14 06:20:12.703
d691d9,Algorand,fat-tree,FIFA,8,16,10,2023,hop,10 nodes,0,10,1,10,2025-07-15 20:57:57.233,2025-07-15 23:00:57.372
39ee01,Algorand,fat-tree,FIFA,8,16,10,2023,hop,40 nodes,0,2,1,2,2024-06-06 18:08:30.109,2024-06-06 18:24:19.692
956420,Algorand,fat-tree,FIFA,8,16,10,2023,hop,40 nodes,0,1,1,1,2024-05-19 12:12:26.611,2024-05-19 12:12:26.611
b856d6,Algorand,fat-tree,FIFA,8,16,10,2023,hop,40 nodes,0,10,1,10,2025-06-26 20:04:47.441,2025-06-26 22:19:39.812
077b84,Algorand,fat-tree,GAFAM,8,16,10,2023,hop,10 nodes,0,10,1,10,2025-07-15 14:49:21.334,2025-07-15 16:02:33.843
1a234b,Algorand,fat-tree,GAFAM,8,16,10,2023,hop,10 nodes,0,1,1,1,2024-05-05 10:03:58.380,2024-05-05 10:03:58.380
856e1b,Algorand,fat-tree,GAFAM,8,16,10,2023,hop,10 nodes,0,2,1,2,2024-06-03 14:32:12.419,2024-06-03 14:40:31.699
312aee,Algorand,fat-tree,GAFAM,8,16,10,2023,hop,40 nodes,0,1,1,1,2024-05-19 11:36:23.046,2024-05-19 11:36:23.046
31b654,Algorand,fat-tree,GAFAM,8,16,10,2023,hop,40 nodes,0,2,1,2,2024-06-06 16:56:54.320,2024-06-06 17:07:20.487
d3848f,Algorand,fat-tree,GAFAM,8,16,10,2023,hop,40 nodes,0,10,1,10,2025-06-26 12:37:20.173,2025-06-26 14:09:52.047
16bd94,Algorand,fat-tree,Gaming,8,16,10,2023,hop,10 nodes,0,10,1,10,2025-07-15 23:14:20.866,2025-07-16 01:16:21.795
ef10af,Algorand,fat-tree,Gaming,8,16,10,2023,hop,10 nodes,0,1,1,1,2024-05-05 10:49:36.183,2024-05-05 10:49:36.183
f16e86,Algorand,fat-tree,Gaming,8,16,10,2023,hop,10 nodes,0,2,1,2,2024-06-03 15:58:27.295,2024-06-03 16:12:16.619
5d19e3,Algorand,fat-tree,Gaming,8,16,10,2023,hop,40 nodes,0,10,1,10,2025-06-26 22:35:50.650,2025-06-27 00:51:30.565
5fe56d,Algorand,fat-tree,Gaming,8,16,10,2023,hop,40 nodes,0,1,1,1,2024-05-19 12:27:10.905,2024-05-19 12:27:10.905
bd634b,Algorand,fat-tree,Gaming,8,16,10,2023,hop,40 nodes,0,2,1,2,2024-06-06 18:40:22.817,2024-06-06 18:56:41.746
02a857,Algorand,fat-tree,PayPal,8,16,10,2023,hop,10 nodes,0,2,1,2,2024-06-03 14:11:58.887,2024-06-03 14:21:50.075
33f133,Algorand,fat-tree,PayPal,8,16,10,2023,hop,10 nodes,0,10,1,10,2025-07-15 16:10:32.692,2025-07-15 17:40:21.680
d9ef8a,Algorand,fat-tree,PayPal,8,16,10,2023,hop,10 nodes,0,1,1,1,2024-05-05 09:53:28.629,2024-05-05 09:53:28.629
172a7c,Algorand,fat-tree,PayPal,8,16,10,2023,hop,40 nodes,0,10,1,10,2025-06-26 14:20:01.624,2025-06-26 16:10:57.907
349fe0,Algorand,fat-tree,PayPal,8,16,10,2023,hop,40 nodes,0,2,1,2,2024-06-06 16:31:44.362,2024-06-06 16:44:10.943
572656,Algorand,fat-tree,PayPal,8,16,10,2023,hop,40 nodes,0,1,1,1,2024-05-19 11:23:39.848,2024-05-19 11:23:39.848
658913,Algorand,fat-tree,VISA,8,16,10,2023,hop,10 nodes,0,10,1,10,2025-07-15 17:50:48.412,2025-07-15 19:22:07.333
91671a,Algorand,fat-tree,VISA,8,16,10,2023,hop,10 nodes,0,2,1,2,2024-06-03 14:48:38.702,2024-06-03 14:58:56.586
a48990,Algorand,fat-tree,VISA,8,16,10,2023,hop,10 nodes,0,1,1,1,2024-05-05 10:12:05.660,2024-05-05 10:12:05.660
1da2b4,Algorand,fat-tree,VISA,8,16,10,2023,hop,40 nodes,0,2,1,2,2024-06-06 17:17:40.503,2024-06-06 17:30:13.034
a200fc,Algorand,fat-tree,VISA,8,16,10,2023,hop,40 nodes,0,1,1,1,2024-05-19 11:46:57.355,2024-05-19 11:46:57.355
ea2df4,Algorand,fat-tree,VISA,8,16,10,2023,hop,40 nodes,0,10,1,10,2025-06-26 16:23:36.142,2025-06-26 18:09:29.807
273242,Algorand,full mesh,DDoS,8,16,10,2023,hop,10 nodes,0,1,1,1,2024-05-03 22:24:43.584,2024-05-03 22:24:43.584
a1cf33,Algorand,full mesh,DDoS,8,16,10,2023,hop,10 nodes,0,10,1,10,2025-06-23 16:38:27.632,2025-06-23 17:51:35.292
db6902,Algorand,full mesh,DDoS,8,16,10,2023,hop,10 nodes,0,2,1,2,2024-06-03 07:53:05.164,2024-06-03 08:01:30.646
ed1224,Algorand,full mesh,DDoS,8,16,10,2023,hop,10 nodes,0,1,1,1,2024-04-28 13:42:46.759,2024-04-28 13:42:46.759
057a99,Algorand,full mesh,DDoS,8,16,10,2023,hop,40 nodes,0,2,1,2,2024-06-06 08:48:27.248,2024-06-06 08:59:06.959
66c46d,Algorand,full mesh,DDoS,8,16,10,2023,hop,40 nodes,0,10,1,10,2025-06-24 04:45:35.990,2025-06-24 06:17:55.014
6e07d8,Algorand,full mesh,DDoS,8,16,10,2023,hop,40 nodes,0,1,1,1,2024-05-19 07:03:35.045,2024-05-19 07:03:35.045
3432ce,Algorand,full mesh,FIFA,8,16,10,2023,hop,10 nodes,0,1,1,1,2024-05-03 22:38:42.041,2024-05-03 22:38:42.041
7092eb,Algorand,full mesh,FIFA,8,16,10,2023,hop,10 nodes,0,10,1,10,2025-06-23 18:04:02.843,2025-06-23 20:07:23.560
9c59a9,Algorand,full mesh,FIFA,8,16,10,2023,hop,10 nodes,0,1,1,1,2024-04-28 14:03:55.244,2024-04-28 14:03:55.244
da3003,Algorand,full mesh,FIFA,8,16,10,2023,hop,10 nodes,0,2,1,2,2024-06-03 08:15:42.778,2024-06-03 08:30:06.011
5b588b,Algorand,full mesh,FIFA,8,16,10,2023,hop,40 nodes,0,10,1,10,2025-06-24 06:32:02.116,2025-06-24 08:50:00.112
66abbc,Algorand,full mesh,FIFA,8,16,10,2023,hop,40 nodes,0,1,1,1,2024-05-19 07:17:36.590,2024-05-19 07:17:36.590
72717b,Algorand,full mesh,FIFA,8,16,10,2023,hop,40 nodes,0,2,1,2,2024-06-06 09:11:59.872,2024-06-06 09:28:15.890
4a7a6d,Algorand,full mesh,GAFAM,8,16,10,2023,hop,10 nodes,0,2,1,2,2024-06-03 07:15:31.726,2024-06-03 07:23:52.003
5376e1,Algorand,full mesh,GAFAM,8,16,10,2023,hop,10 nodes,0,1,1,1,2024-05-03 22:05:53.084,2024-05-03 22:05:53.084
925131,Algorand,full mesh,GAFAM,8,16,10,2023,hop,10 nodes,0,10,1,10,2025-06-23 11:56:05.444,2025-06-23 13:09:37.190
db971b,Algorand,full mesh,GAFAM,8,16,10,2023,hop,10 nodes,0,1,1,1,2024-04-28 13:50:47.962,2024-04-28 13:50:47.962
0797a2,Algorand,full mesh,GAFAM,8,16,10,2023,hop,40 nodes,0,1,1,1,2024-05-19 06:40:26.993,2024-05-19 06:40:26.993
8d7e8d,Algorand,full mesh,GAFAM,8,16,10,2023,hop,40 nodes,0,10,1,10,2025-06-23 23:06:04.095,2025-06-24 00:30:01.703
c977a7,Algorand,full mesh,GAFAM,8,16,10,2023,hop,40 nodes,0,2,1,2,2024-06-06 08:02:20.428,2024-06-06 08:12:46.447
132372,Algorand,full mesh,Gaming,8,16,10,2023,hop,10 nodes,0,2,1,2,2024-06-03 08:43:03.011,2024-06-03 08:57:49.501
cd67ac,Algorand,full mesh,Gaming,8,16,10,2023,hop,10 nodes,0,10,1,10,2025-06-23 20:20:49.231,2025-06-23 22:23:08.943
e4128e,Algorand,full mesh,Gaming,8,16,10,2023,hop,10 nodes,0,1,1,1,2024-04-28 14:17:29.382,2024-04-28 14:17:29.382
42067a,Algorand,full mesh,Gaming,8,16,10,2023,hop,40 nodes,0,1,1,1,2024-05-19 07:32:29.041,2024-05-19 07:32:29.041
6943f9,Algorand,full mesh,Gaming,8,16,10,2023,hop,40 nodes,0,2,1,2,2024-06-06 09:44:41.979,2024-06-06 10:00:52.302
eb6d47,Algorand,full mesh,Gaming,8,16,10,2023,hop,40 nodes,0,10,1,10,2025-06-24 09:04:08.325,2025-06-24 11:20:01.334
4003e3,Algorand,full mesh,PayPal,8,16,10,2023,hop,10 nodes,0,1,1,1,2024-05-03 21:55:18.204,2024-05-03 21:55:18.204
42a61c,Algorand,full mesh,PayPal,8,16,10,2023,hop,10 nodes,0,10,1,10,2025-06-23 13:17:41.265,2025-06-23 14:47:07.467
a91dc1,Algorand,full mesh,PayPal,8,16,10,2023,hop,10 nodes,0,2,1,2,2024-06-03 06:54:53.838,2024-06-03 07:05:09.439
104372,Algorand,full mesh,PayPal,8,16,10,2023,hop,40 nodes,0,10,1,10,2025-06-24 00:40:12.275,2025-06-24 02:32:33.969
87951e,Algorand,full mesh,PayPal,8,16,10,2023,hop,40 nodes,0,2,1,2,2024-06-06 07:36:57.799,2024-06-06 07:49:37.768
ee295f,Algorand,full mesh,PayPal,8,16,10,2023,hop,40 nodes,0,1,1,1,2024-05-19 06:27:25.710,2024-05-19 06:27:25.710
006ce6,Algorand,full mesh,VISA,8,16,10,2023,hop,10 nodes,0,2,1,2,2024-06-03 07:32:05.754,2024-06-03 07:42:24.848
692b32,Algorand,full mesh,VISA,8,16,10,2023,hop,10 nodes,0,10,1,10,2025-06-23 14:57:33.471,2025-06-23 16:28:11.942
bb010b,Algorand,full mesh,VISA,8,16,10,2023,hop,10 nodes,0,1,1,1,2024-05-03 22:14:04.515,2024-05-03 22:14:04.515
373696,Algorand,full mesh,VISA,8,16,10,2023,hop,40 nodes,0,2,1,2,2024-06-06 08:23:07.569,2024-06-06 08:35:40.394
4ceb1e,Algorand,full mesh,VISA,8,16,10,2023,hop,40 nodes,0,10,1,10,2025-06-24 02:45:12.911,2025-06-24 04:34:13.141
6aab9c,Algorand,full mesh,VISA,8,16,10,2023,hop,40 nodes,0,1,1,1,2024-05-19 06:50:48.304,2024-05-19 06:50:48.304
96d2ae,Algorand,hypercube,DDoS,8,16,10,2023,hop,10 nodes,0,1,1,1,2024-05-05 11:40:39.780,2024-05-05 11:40:39.780
a814c0,Algorand,hypercube,DDoS,8,16,10,2023,hop,10 nodes,0,2,1,2,2024-06-03 17:34:51.542,2024-06-03 17:42:57.656
e18d14,Algorand,hypercube,DDoS,8,16,10,2023,hop,10 nodes,0,10,1,10,2025-07-12 17:24:16.799,2025-07-12 18:37:42.281
0121a1,Algorand,hypercube,DDoS,8,16,10,2023,hop,40 nodes,0,2,1,2,2024-06-10 12:30:23.806,2024-06-10 12:41:02.946
9c92ff,Algorand,hypercube,DDoS,8,16,10,2023,hop,40 nodes,0,1,1,1,2024-05-19 13:35:46.325,2024-05-19 13:35:46.325
a5606d,Algorand,hypercube,DDoS,8,16,10,2023,hop,40 nodes,0,10,1,10,2025-07-13 05:32:59.122,2025-07-13 07:03:40.886
50a76b,Algorand,hypercube,FIFA,8,16,10,2023,hop,10 nodes,0,10,1,10,2025-07-12 18:50:11.437,2025-07-12 20:53:27.537
7459b0,Algorand,hypercube,FIFA,8,16,10,2023,hop,10 nodes,0,2,1,2,2024-06-03 17:55:44.586,2024-06-03 18:09:51.094
ac04c4,Algorand,hypercube,FIFA,8,16,10,2023,hop,10 nodes,0,1,1,1,2024-05-05 11:53:35.013,2024-05-05 11:53:35.013
0c28d4,Algorand,hypercube,FIFA,8,16,10,2023,hop,40 nodes,0,2,1,2,2024-06-10 12:55:24.614,2024-06-10 13:12:02.512
231887,Algorand,hypercube,FIFA,8,16,10,2023,hop,40 nodes,0,1,1,1,2024-05-19 13:50:24.885,2024-05-19 13:50:24.885
65f25d,Algorand,hypercube,FIFA,8,16,10,2023,hop,40 nodes,0,10,1,10,2025-07-13 07:17:55.692,2025-07-13 09:38:41.639
2cd6d1,Algorand,hypercube,GAFAM,8,16,10,2023,hop,10 nodes,0,10,1,10,2025-07-12 12:41:35.805,2025-07-12 13:55:20.285
862244,Algorand,hypercube,GAFAM,8,16,10,2023,hop,10 nodes,0,1,1,1,2024-05-05 11:21:54.133,2024-05-05 11:21:54.133
e79640,Algorand,hypercube,GAFAM,8,16,10,2023,hop,10 nodes,0,2,1,2,2024-06-03 16:57:34.259,2024-06-03 17:05:38.002
817d0e,Algorand,hypercube,GAFAM,8,16,10,2023,hop,40 nodes,0,10,1,10,2025-07-12 23:49:47.680,2025-07-13 01:23:58.163
e0ecfd,Algorand,hypercube,GAFAM,8,16,10,2023,hop,40 nodes,0,1,1,1,2024-05-19 13:12:25.190,2024-05-19 13:12:25.190
e7d058,Algorand,hypercube,GAFAM,8,16,10,2023,hop,40 nodes,0,2,1,2,2024-06-10 11:44:18.818,2024-06-10 11:54:45.257
03a733,Algorand,hypercube,Gaming,8,16,10,2023,hop,10 nodes,0,2,1,2,2024-06-03 18:22:56.722,2024-06-03 18:36:42.903
822772,Algorand,hypercube,Gaming,8,16,10,2023,hop,10 nodes,0,1,1,1,2024-05-10 21:11:02.953,2024-05-10 21:11:02.953
a50647,Algorand,hypercube,Gaming,8,16,10,2023,hop,10 nodes,0,10,1,10,2025-07-12 21:06:37.139,2025-07-12 23:09:02.936
06f3f6,Algorand,hypercube,Gaming,8,16,10,2023,hop,40 nodes,0,1,1,1,2024-05-19 14:06:15.862,2024-05-19 14:06:15.862
2e5575,Algorand,hypercube,Gaming,8,16,10,2023,hop,40 nodes,0,10,1,10,2025-07-13 09:54:35.348,2025-07-13 12:14:55.706
829dc0,Algorand,hypercube,Gaming,8,16,10,2023,hop,40 nodes,0,2,1,2,2024-06-10 13:27:50.572,2024-06-10 13:43:58.577
4afdb4,Algorand,hypercube,PayPal,8,16,10,2023,hop,10 nodes,0,1,1,1,2024-05-05 11:11:25.345,2024-05-05 11:11:25.345
670737,Algorand,hypercube,PayPal,8,16,10,2023,hop,10 nodes,0,2,1,2,2024-06-03 16:36:53.331,2024-06-03 16:47:05.553
e7717b,Algorand,hypercube,PayPal,8,16,10,2023,hop,10 nodes,0,10,1,10,2025-07-12 14:03:23.765,2025-07-12 15:32:50.021
a27719,Algorand,hypercube,PayPal,8,16,10,2023,hop,40 nodes,0,10,1,10,2025-07-13 01:34:26.360,2025-07-13 03:23:56.917
c30780,Algorand,hypercube,PayPal,8,16,10,2023,hop,40 nodes,0,1,1,1,2024-05-19 12:59:23.921,2024-05-19 12:59:23.921
e879c6,Algorand,hypercube,PayPal,8,16,10,2023,hop,40 nodes,0,2,1,2,2024-06-10 11:19:09.418,2024-06-10 11:31:36.036
0c4488,Algorand,hypercube,VISA,8,16,10,2023,hop,10 nodes,0,2,1,2,2024-06-03 17:13:54.939,2024-06-03 17:24:16.601
6cb7aa,Algorand,hypercube,VISA,8,16,10,2023,hop,10 nodes,0,1,1,1,2024-05-05 11:30:03.538,2024-05-05 11:30:03.538
d3f495,Algorand,hypercube,VISA,8,16,10,2023,hop,10 nodes,0,10,1,10,2025-07-12 15:43:19.464,2025-07-12 17:13:41.314
290d83,Algorand,hypercube,VISA,8,16,10,2023,hop,40 nodes,0,10,1,10,2025-07-13 03:36:35.172,2025-07-13 05:19:57.058
733d44,Algorand,hypercube,VISA,8,16,10,2023,hop,40 nodes,0,1,1,1,2024-05-19 13:23:00.645,2024-05-19 13:23:00.645
b7d9b0,Algorand,hypercube,VISA,8,16,10,2023,hop,40 nodes,0,2,1,2,2024-06-10 12:05:06.151,2024-06-10 12:17:37.934
028f97,Algorand,scale-free,DDoS,8,16,10,2023,hop,10 nodes,0,1,1,1,2024-05-27 16:01:05.426,2024-05-27 16:01:05.426
8f749d,Algorand,scale-free,DDoS,8,16,10,2023,hop,10 nodes,0,2,1,2,2024-06-03 10:19:33.861,2024-06-03 10:28:00.058
f2fd13,Algorand,scale-free,DDoS,8,16,10,2023,hop,10 nodes,0,10,1,10,2025-06-24 16:36:40.347,2025-06-24 17:49:58.287
2b52f2,Algorand,scale-free,DDoS,8,16,10,2023,hop,40 nodes,0,10,1,10,2025-06-25 04:44:04.194,2025-06-25 06:16:14.899
57e795,Algorand,scale-free,DDoS,8,16,10,2023,hop,40 nodes,0,2,1,2,2024-06-06 11:46:20.570,2024-06-06 11:57:01.072
8eb943,Algorand,scale-free,DDoS,8,16,10,2023,hop,40 nodes,0,1,1,1,2024-05-27 17:32:58.049,2024-05-27 17:32:58.049
5628bd,Algorand,scale-free,FIFA,8,16,10,2023,hop,10 nodes,0,10,1,10,2025-06-24 18:03:41.979,2025-06-24 20:06:24.033
5b025b,Algorand,scale-free,FIFA,8,16,10,2023,hop,10 nodes,0,1,2,2,2024-06-14 06:58:14.690,2024-06-14 06:58:14.690
602191,Algorand,scale-free,FIFA,8,16,10,2023,hop,10 nodes,0,1,1,1,2024-06-03 10:44:05.619,2024-06-03 10:44:05.619
c30450,Algorand,scale-free,FIFA,8,16,10,2023,hop,10 nodes,0,2,1,2,2024-06-14 09:35:01.298,2024-06-14 09:49:06.877
c49694,Algorand,scale-free,FIFA,8,16,10,2023,hop,10 nodes,0,1,1,1,2024-05-27 16:14:36.783,2024-05-27 16:14:36.783
d462bf,Algorand,scale-free,FIFA,8,16,10,2023,hop,10 nodes,0,2,1,2,2024-06-12 09:21:05.406,2024-06-12 09:35:01.001
462166,Algorand,scale-free,FIFA,8,16,10,2023,hop,40 nodes,0,8,2,10,2025-06-25 06:47:04.371,2025-06-25 08:49:01.091
b2341b,Algorand,scale-free,FIFA,8,16,10,2023,hop,40 nodes,0,1,1,1,2024-05-27 17:48:21.072,2024-05-27 17:48:21.072
cf1ad0,Algorand,scale-free,FIFA,8,16,10,2023,hop,40 nodes,0,2,1,2,2024-06-06 12:11:26.127,2024-06-06 12:27:57.207
17b05a,Algorand,scale-free,GAFAM,8,16,10,2023,hop,10 nodes,0,2,1,2,2024-06-03 09:42:13.747,2024-06-03 09:50:15.303
27038d,Algorand,scale-free,GAFAM,8,16,10,2023,hop,10 nodes,0,10,1,10,2025-06-24 11:53:38.547,2025-06-24 13:07:14.499
7ef328,Algorand,scale-free,GAFAM,8,16,10,2023,hop,10 nodes,0,1,1,1,2024-05-27 15:42:43.851,2024-05-27 15:42:43.851
4240c4,Algorand,scale-free,GAFAM,8,16,10,2023,hop,40 nodes,0,1,1,1,2024-05-27 17:09:44.418,2024-05-27 17:09:44.418
8f3072,Algorand,scale-free,GAFAM,8,16,10,2023,hop,40 nodes,0,10,1,10,2025-06-24 23:01:56.816,2025-06-25 00:34:40.857
bb54ab,Algorand,scale-free,GAFAM,8,16,10,2023,hop,40 nodes,0,2,1,2,2024-06-06 11:01:25.182,2024-06-06 11:11:51.398
43fd7d,Algorand,scale-free,Gaming,8,16,10,2023,hop,10 nodes,0,9,1,9,2025-06-24 20:19:55.016,2025-06-24 22:08:44.572
ca94f8,Algorand,scale-free,Gaming,8,16,10,2023,hop,10 nodes,0,2,1,2,2024-06-03 11:09:22.120,2024-06-03 11:24:12.489
cd64be,Algorand,scale-free,Gaming,8,16,10,2023,hop,10 nodes,0,1,1,1,2024-05-27 16:28:03.888,2024-05-27 16:28:03.888
2a3e02,Algorand,scale-free,Gaming,8,16,10,2023,hop,40 nodes,0,2,1,2,2024-06-06 12:43:16.342,2024-06-06 12:59:36.810
62020b,Algorand,scale-free,Gaming,8,16,10,2023,hop,40 nodes,0,1,1,1,2024-05-27 18:04:48.987,2024-05-27 18:04:48.987
b606c6,Algorand,scale-free,Gaming,8,16,10,2023,hop,40 nodes,0,10,1,10,2025-06-25 09:05:17.212,2025-06-25 11:25:17.518
39f177,Algorand,scale-free,PayPal,8,16,10,2023,hop,10 nodes,0,1,1,1,2024-05-27 15:32:11.967,2024-05-27 15:32:11.967
3c74c1,Algorand,scale-free,PayPal,8,16,10,2023,hop,10 nodes,0,2,1,2,2024-06-03 09:21:23.641,2024-06-03 09:31:40.464
f71d90,Algorand,scale-free,PayPal,8,16,10,2023,hop,10 nodes,0,10,1,10,2025-06-24 13:15:07.849,2025-06-24 14:44:58.791
3b22da,Algorand,scale-free,PayPal,8,16,10,2023,hop,40 nodes,0,10,1,10,2025-06-25 00:44:49.274,2025-06-25 02:34:07.817
a28150,Algorand,scale-free,PayPal,8,16,10,2023,hop,40 nodes,0,2,1,2,2024-06-06 10:36:13.980,2024-06-06 10:48:39.917
f4a469,Algorand,scale-free,PayPal,8,16,10,2023,hop,40 nodes,0,1,1,1,2024-05-27 16:56:42.147,2024-05-27 16:56:42.147
0a7e73,Algorand,scale-free,VISA,8,16,10,2023,hop,10 nodes,0,2,1,2,2024-06-03 09:58:33.649,2024-06-03 10:08:53.667
492cdf,Algorand,scale-free,VISA,8,16,10,2023,hop,10 nodes,0,1,1,1,2024-05-27 15:50:50.016,2024-05-27 15:50:50.016
a745d0,Algorand,scale-free,VISA,8,16,10,2023,hop,10 nodes,0,10,1,10,2025-06-24 14:55:05.188,2025-06-24 16:26:24.227
2eb25b,Algorand,scale-free,VISA,8,16,10,2023,hop,40 nodes,0,10,1,10,2025-06-25 02:45:22.830,2025-06-25 04:31:17.251
30da0c,Algorand,scale-free,VISA,8,16,10,2023,hop,40 nodes,0,1,1,1,2024-05-27 17:20:05.529,2024-05-27 17:20:05.529
ae6d22,Algorand,scale-free,VISA,8,16,10,2023,hop,40 nodes,0,2,1,2,2024-06-06 11:22:10.170,2024-06-06 11:34:59.365
8417b6,Algorand,torus,DDoS,8,16,10,2023,hop,10 nodes,0,1,1,1,2024-05-04 04:08:43.188,2024-05-04 04:08:43.188
90ad7f,Algorand,torus,DDoS,8,16,10,2023,hop,10 nodes,0,2,1,2,2024-06-03 12:43:50.303,2024-06-03 12:52:15.002
d4bb3f,Algorand,torus,DDoS,8,16,10,2023,hop,10 nodes,0,10,1,10,2025-06-25 16:43:50.085,2025-06-25 17:56:53.424
36b543,Algorand,torus,DDoS,8,16,10,2023,hop,40 nodes,0,2,1,2,2024-06-06 14:44:12.157,2024-06-06 14:54:51.147
a18966,Algorand,torus,DDoS,8,16,10,2023,hop,40 nodes,0,10,1,10,2025-06-26 04:57:58.987,2025-06-26 06:26:14.610
b4ece5,Algorand,torus,DDoS,8,16,10,2023,hop,40 nodes,0,1,1,1,2024-05-19 10:20:44.628,2024-05-19 10:20:44.628
0fa950,Algorand,torus,FIFA,8,16,10,2023,hop,10 nodes,0,10,1,10,2025-06-25 18:09:05.339,2025-06-25 20:12:35.043
c0dfe2,Algorand,torus,FIFA,8,16,10,2023,hop,10 nodes,0,2,1,2,2024-06-03 13:05:30.612,2024-06-03 13:19:37.695
f80d8a,Algorand,torus,FIFA,8,16,10,2023,hop,10 nodes,0,1,1,1,2024-05-04 04:22:40.917,2024-05-04 04:22:40.917
658268,Algorand,torus,FIFA,8,16,10,2023,hop,40 nodes,0,2,1,2,2024-06-06 15:09:03.099,2024-06-06 15:25:23.631
6cb425,Algorand,torus,FIFA,8,16,10,2023,hop,40 nodes,0,10,1,10,2025-06-26 06:40:14.135,2025-06-26 09:02:46.426
f90f52,Algorand,torus,FIFA,8,16,10,2023,hop,40 nodes,0,1,1,1,2024-05-19 10:35:22.977,2024-05-19 10:35:22.977
2e586c,Algorand,torus,GAFAM,8,16,10,2023,hop,10 nodes,0,2,1,2,2024-06-03 12:06:37.532,2024-06-03 12:14:41.482
a7311b,Algorand,torus,GAFAM,8,16,10,2023,hop,10 nodes,0,1,1,1,2024-05-04 03:49:53.447,2024-05-04 03:49:53.447
f16bf4,Algorand,torus,GAFAM,8,16,10,2023,hop,10 nodes,0,10,1,10,2025-06-25 12:01:23.710,2025-06-25 13:14:19.866
0e9a81,Algorand,torus,GAFAM,8,16,10,2023,hop,40 nodes,0,10,1,10,2025-06-25 23:11:23.901,2025-06-26 00:46:01.142
44e384,Algorand,torus,GAFAM,8,16,10,2023,hop,40 nodes,0,2,1,2,2024-06-06 13:59:32.190,2024-06-06 14:09:58.071
4b9840,Algorand,torus,GAFAM,8,16,10,2023,hop,40 nodes,0,1,1,1,2024-05-19 09:57:23.011,2024-05-19 09:57:23.011
2a9056,Algorand,torus,Gaming,8,16,10,2023,hop,10 nodes,0,1,1,1,2024-05-04 14:13:00.131,2024-05-04 14:13:00.131
95064c,Algorand,torus,Gaming,8,16,10,2023,hop,10 nodes,0,2,1,2,2024-06-03 13:32:49.999,2024-06-03 13:46:44.188
dff1ae,Algorand,torus,Gaming,8,16,10,2023,hop,10 nodes,0,10,1,10,2025-06-25 20:26:08.407,2025-06-25 22:28:04.636
4ec866,Algorand,torus,Gaming,8,16,10,2023,hop,40 nodes,0,1,1,1,2024-05-19 10:51:37.480,2024-05-19 10:51:37.480
540c67,Algorand,torus,Gaming,8,16,10,2023,hop,40 nodes,0,2,1,2,2024-06-06 15:39:43.497,2024-06-06 15:56:00.599
b2441c,Algorand,torus,Gaming,8,16,10,2023,hop,40 nodes,0,10,1,10,2025-06-26 09:17:05.345,2025-06-26 11:31:44.236
0d9f93,Algorand,torus,PayPal,8,16,10,2023,hop,10 nodes,0,2,1,2,2024-06-03 11:46:17.317,2024-06-03 11:56:29.487
4456d8,Algorand,torus,PayPal,8,16,10,2023,hop,10 nodes,0,1,1,1,2024-05-04 03:39:19.841,2024-05-04 03:39:19.841
af0f1c,Algorand,torus,PayPal,8,16,10,2023,hop,10 nodes,0,10,1,10,2025-06-25 13:22:15.081,2025-06-25 14:52:52.596
9088fb,Algorand,torus,PayPal,8,16,10,2023,hop,40 nodes,0,1,1,1,2024-05-19 09:44:40.209,2024-05-19 09:44:40.209
a1dfad,Algorand,torus,PayPal,8,16,10,2023,hop,40 nodes,0,10,1,10,2025-06-26 00:56:26.946,2025-06-26 02:47:36.024
cfdf0f,Algorand,torus,PayPal,8,16,10,2023,hop,40 nodes,0,2,1,2,2024-06-06 13:34:22.913,2024-06-06 13:46:49.317
608883,Algorand,torus,VISA,8,16,10,2023,hop,10 nodes,0,1,1,1,2024-05-04 03:58:03.323,2024-05-04 03:58:03.323
8625d6,Algorand,torus,VISA,8,16,10,2023,hop,10 nodes,0,10,1,10,2025-06-25 15:03:19.846,2025-06-25 16:33:35.330
aa03c0,Algorand,torus,VISA,8,16,10,2023,hop,10 nodes,0,2,1,2,2024-06-03 12:22:56.912,2024-06-03 12:33:14.983
7a8ac6,Algorand,torus,VISA,8,16,10,2023,hop,40 nodes,0,1,1,1,2024-05-19 10:07:56.117,2024-05-19 10:07:56.117
cccb36,Algorand,torus,VISA,8,16,10,2023,hop,40 nodes,0,2,1,2,2024-06-06 14:20:18.626,2024-06-06 14:32:50.357
e8b369,Algorand,torus,VISA,8,16,10,2023,hop,40 nodes,0,10,1,10,2025-06-26 03:00:17.560,2025-06-26 04:45:04.880
3e5705,Diem,fat-tree,DDoS,8,16,10,2023,hop,10 nodes,0,1,1,1,2024-05-06 02:47:53.486,2024-05-06 02:47:53.486
c882df,Diem,fat-tree,DDoS,8,16,10,2023,hop,10 nodes,0,2,1,2,2024-06-04 19:26:42.035,2024-06-04 19:40:09.419
f516d8,Diem,fat-tree,DDoS,8,16,10,2023,hop,10 nodes,0,10,1,10,2025-07-01 13:54:18.129,2025-07-01 15:55:34.720
01b238,Diem,fat-tree,DDoS,8,16,10,2023,hop,40 nodes,0,1,1,1,2024-06-07 14:47:07.417,2024-06-07 14:47:07.417
7922a0,Diem,fat-tree,DDoS,8,16,10,2023,hop,40 nodes,0,10,1,10,2025-07-02 21:08:08.721,2025-07-02 23:09:07.199
dfab1e,Diem,fat-tree,DDoS,8,16,10,2023,hop,40 nodes,0,1,1,1,2024-05-20 06:00:38.171,2024-05-20 06:00:38.171
fad36c,Diem,fat-tree,DDoS,8,16,10,2023,hop,40 nodes,0,8,1,9,2025-07-02 05:21:14.020,2025-07-02 07:18:50.691
43dce7,Diem,fat-tree,FIFA,8,16,10,2023,hop,10 nodes,0,10,1,10,2025-07-01 16:14:00.679,2025-07-01 18:56:35.215
51df90,Diem,fat-tree,FIFA,8,16,10,2023,hop,10 nodes,0,1,1,1,2024-05-06 03:09:35.550,2024-05-06 03:09:35.550
db0edd,Diem,fat-tree,FIFA,8,16,10,2023,hop,10 nodes,0,2,1,2,2024-06-04 19:59:06.237,2024-06-04 20:17:12.162
29678b,Diem,fat-tree,FIFA,8,16,10,2023,hop,40 nodes,0,9,1,10,2025-07-02 07:51:47.184,2025-07-02 10:45:20.137
55d1be,Diem,fat-tree,FIFA,8,16,10,2023,hop,40 nodes,0,8,2,10,2025-07-02 23:45:02.020,2025-07-03 02:08:54.659
90c4c3,Diem,fat-tree,FIFA,8,16,10,2023,hop,40 nodes,0,2,1,2,2024-06-12 11:26:39.627,2024-06-12 11:45:44.260
bd15f9,Diem,fat-tree,FIFA,8,16,10,2023,hop,40 nodes,0,1,2,2,2024-06-07 15:37:56.764,2024-06-07 15:37:56.764
e4be2c,Diem,fat-tree,FIFA,8,16,10,2023,hop,40 nodes,0,1,1,1,2024-05-20 06:19:53.038,2024-05-20 06:19:53.038
184cdf,Diem,fat-tree,GAFAM,8,16,10,2023,hop,10 nodes,0,1,1,1,2024-05-06 02:25:15.793,2024-05-06 02:25:15.793
2d80cb,Diem,fat-tree,GAFAM,8,16,10,2023,hop,10 nodes,0,2,1,2,2024-06-04 18:41:32.952,2024-06-04 18:52:17.359
c2faba,Diem,fat-tree,GAFAM,8,16,10,2023,hop,10 nodes,0,10,1,10,2025-07-01 08:13:58.498,2025-07-01 09:50:33.370
300e84,Diem,fat-tree,GAFAM,8,16,10,2023,hop,40 nodes,0,1,1,1,2024-06-07 13:56:44.470,2024-06-07 13:56:44.470
6178d5,Diem,fat-tree,GAFAM,8,16,10,2023,hop,40 nodes,0,7,1,10,2025-07-01 23:02:54.211,2025-07-02 00:51:00.531
938c6a,Diem,fat-tree,GAFAM,8,16,10,2023,hop,40 nodes,0,10,1,10,2025-07-02 15:27:17.990,2025-07-02 17:04:13.662
b871f0,Diem,fat-tree,GAFAM,8,16,10,2023,hop,40 nodes,0,1,1,1,2024-05-20 05:35:36.233,2024-05-20 05:35:36.233
3a34db,Diem,fat-tree,Gaming,8,16,10,2023,hop,10 nodes,0,10,1,10,2025-07-01 19:13:58.298,2025-07-01 21:48:51.476
3a8bc4,Diem,fat-tree,Gaming,8,16,10,2023,hop,10 nodes,0,2,1,2,2024-06-04 20:34:30.025,2024-06-04 20:51:48.839
7ee176,Diem,fat-tree,Gaming,8,16,10,2023,hop,10 nodes,0,1,1,1,2024-05-06 03:25:24.102,2024-05-06 03:25:24.102
1f8436,Diem,fat-tree,Gaming,8,16,10,2023,hop,40 nodes,0,10,1,10,2025-07-02 11:03:59.518,2025-07-02 13:50:28.490
7b9212,Diem,fat-tree,Gaming,8,16,10,2023,hop,40 nodes,0,10,1,10,2025-07-03 02:26:28.068,2025-07-03 05:01:21.666
83f134,Diem,fat-tree,Gaming,8,16,10,2023,hop,40 nodes,0,2,1,2,2024-06-13 20:06:52.619,2024-06-13 20:24:29.744
97c580,Diem,fat-tree,Gaming,8,16,10,2023,hop,40 nodes,0,1,1,1,2024-05-20 06:38:23.897,2024-05-20 06:38:23.897
c2683d,Diem,fat-tree,Gaming,8,16,10,2023,hop,40 nodes,0,1,2,2,2024-06-12 12:22:21.345,2024-06-12 12:22:21.345
f8d161,Diem,fat-tree,Gaming,8,16,10,2023,hop,40 nodes,0,1,2,2,2024-06-07 16:14:35.753,2024-06-07 16:14:35.753
42beb2,Diem,fat-tree,PayPal,8,16,10,2023,hop,10 nodes,0,2,1,2,2024-06-04 18:18:13.260,2024-06-04 18:29:48.577
804473,Diem,fat-tree,PayPal,8,16,10,2023,hop,10 nodes,0,10,1,10,2025-07-01 10:01:09.488,2025-07-01 11:45:37.343
92b0d5,Diem,fat-tree,PayPal,8,16,10,2023,hop,10 nodes,0,1,1,1,2024-05-06 02:13:26.867,2024-05-06 02:13:26.867
144d2d,Diem,fat-tree,PayPal,8,16,10,2023,hop,40 nodes,0,2,1,2,2024-06-13 20:39:19.437,2024-06-13 20:52:29.857
51c81d,Diem,fat-tree,PayPal,8,16,10,2023,hop,40 nodes,0,1,1,1,2024-05-20 05:22:39.510,2024-05-20 05:22:39.510
6c7fee,Diem,fat-tree,PayPal,8,16,10,2023,hop,40 nodes,0,1,2,2,2024-06-12 12:49:25.717,2024-06-12 12:49:25.717
b0799f,Diem,fat-tree,PayPal,8,16,10,2023,hop,40 nodes,0,10,1,10,2025-07-02 17:14:51.497,2025-07-02 18:59:04.968
e93557,Diem,fat-tree,PayPal,8,16,10,2023,hop,40 nodes,0,8,1,10,2025-07-02 01:02:49.377,2025-07-02 02:58:09.054
f6c214,Diem,fat-tree,PayPal,8,16,10,2023,hop,40 nodes,0,1,2,2,2024-06-07 13:43:02.866,2024-06-07 13:43:02.866
9c267c,Diem,fat-tree,VISA,8,16,10,2023,hop,10 nodes,0,8,1,10,2025-07-01 11:57:32.677,2025-07-01 13:42:10.174
a087c2,Diem,fat-tree,VISA,8,16,10,2023,hop,10 nodes,0,1,1,1,2024-05-06 07:03:21.218,2024-05-06 07:03:21.218
a871f3,Diem,fat-tree,VISA,8,16,10,2023,hop,10 nodes,0,2,1,2,2024-06-04 19:03:16.821,2024-06-04 19:14:45.146
43779b,Diem,fat-tree,VISA,8,16,10,2023,hop,40 nodes,0,10,1,10,2025-07-02 19:11:04.471,2025-07-02 20:56:08.577
58c904,Diem,fat-tree,VISA,8,16,10,2023,hop,40 nodes,0,1,1,1,2024-06-13 19:37:07.413,2024-06-13 19:37:07.413
b6b397,Diem,fat-tree,VISA,8,16,10,2023,hop,40 nodes,0,1,1,1,2024-05-20 05:47:08.180,2024-05-20 05:47:08.180
c13f14,Diem,fat-tree,VISA,8,16,10,2023,hop,40 nodes,0,9,1,9,2025-07-02 03:11:08.779,2025-07-02 04:55:04.092
e08835,Diem,fat-tree,VISA,8,16,10,2023,hop,40 nodes,0,2,1,2,2024-06-07 14:20:15.290,2024-06-07 14:33:14.582
91c74b,Diem,full mesh,DDoS,8,16,10,2023,hop,10 nodes,0,10,1,10,2025-06-27 18:03:26.842,2025-06-27 20:04:36.615
a4b5db,Diem,full mesh,DDoS,8,16,10,2023,hop,10 nodes,0,1,1,1,2024-05-04 22:22:09.595,2024-05-04 22:22:09.595
dea9cb,Diem,full mesh,DDoS,8,16,10,2023,hop,10 nodes,0,2,1,2,2024-06-04 09:02:40.981,2024-06-04 09:16:09.587
2913a6,Diem,full mesh,DDoS,8,16,10,2023,hop,40 nodes,0,1,1,1,2024-05-19 23:24:25.853,2024-05-19 23:24:25.853
5be69c,Diem,full mesh,DDoS,8,16,10,2023,hop,40 nodes,0,9,1,10,2025-06-28 09:27:44.795,2025-06-28 11:40:01.615
a0d433,Diem,full mesh,DDoS,8,16,10,2023,hop,40 nodes,0,1,1,1,2024-06-11 10:45:12.770,2024-06-11 10:45:12.770
34e578,Diem,full mesh,FIFA,8,16,10,2023,hop,10 nodes,0,1,1,1,2024-05-04 22:41:05.689,2024-05-04 22:41:05.689
aaa637,Diem,full mesh,FIFA,8,16,10,2023,hop,10 nodes,0,2,1,2,2024-06-04 09:37:28.434,2024-06-04 09:54:21.167
aea1d6,Diem,full mesh,FIFA,8,16,10,2023,hop,10 nodes,0,10,1,10,2025-06-27 20:23:06.347,2025-06-27 23:05:55.838
16f753,Diem,full mesh,FIFA,8,16,10,2023,hop,40 nodes,0,2,1,2,2024-06-11 11:18:56.340,2024-06-11 11:38:23.943
e226eb,Diem,full mesh,FIFA,8,16,10,2023,hop,40 nodes,0,8,2,10,2025-06-28 12:17:51.515,2025-06-28 14:51:50.144
e694b2,Diem,full mesh,FIFA,8,16,10,2023,hop,40 nodes,0,1,1,1,2024-05-19 23:44:25.771,2024-05-19 23:44:25.771
09a8ee,Diem,full mesh,GAFAM,8,16,10,2023,hop,10 nodes,0,2,1,2,2024-06-04 08:17:04.704,2024-06-04 08:27:59.412
a5b2bc,Diem,full mesh,GAFAM,8,16,10,2023,hop,10 nodes,0,1,1,1,2024-05-08 17:36:11.374,2024-05-08 17:36:11.374
efbc85,Diem,full mesh,GAFAM,8,16,10,2023,hop,10 nodes,0,9,1,10,2025-06-27 12:22:24.648,2025-06-27 13:59:16.559
3fe8bc,Diem,full mesh,GAFAM,8,16,10,2023,hop,40 nodes,0,1,1,1,2024-05-19 22:58:46.718,2024-05-19 22:58:46.718
a6e8dc,Diem,full mesh,GAFAM,8,16,10,2023,hop,40 nodes,0,10,1,10,2025-06-28 03:09:08.735,2025-06-28 04:57:15.240
f88803,Diem,full mesh,GAFAM,8,16,10,2023,hop,40 nodes,0,2,1,2,2024-06-11 09:54:53.358,2024-06-11 10:06:53.002
1e7cb3,Diem,full mesh,Gaming,8,16,10,2023,hop,10 nodes,0,2,1,2,2024-06-04 10:11:21.137,2024-06-04 10:27:51.080
854944,Diem,full mesh,Gaming,8,16,10,2023,hop,10 nodes,0,10,1,10,2025-06-27 23:23:19.193,2025-06-28 01:57:55.298
dd526f,Diem,full mesh,Gaming,8,16,10,2023,hop,10 nodes,0,1,1,1,2024-05-08 17:52:00.805,2024-05-08 17:52:00.805
224ae3,Diem,full mesh,Gaming,8,16,10,2023,hop,40 nodes,0,9,1,10,2025-06-28 15:10:28.727,2025-06-28 17:56:16.313
556631,Diem,full mesh,Gaming,8,16,10,2023,hop,40 nodes,0,1,1,1,2024-05-20 00:03:28.909,2024-05-20 00:03:28.909
9d388e,Diem,full mesh,Gaming,8,16,10,2023,hop,40 nodes,0,2,1,2,2024-06-11 11:57:07.218,2024-06-11 12:15:30.505
0a255c,Diem,full mesh,PayPal,8,16,10,2023,hop,10 nodes,0,10,1,10,2025-06-27 14:10:03.340,2025-06-27 15:54:27.116
52e628,Diem,full mesh,PayPal,8,16,10,2023,hop,10 nodes,0,2,1,2,2024-06-04 07:53:47.642,2024-06-04 08:05:22.220
f0c304,Diem,full mesh,PayPal,8,16,10,2023,hop,10 nodes,0,1,1,1,2024-05-04 21:47:50.816,2024-05-04 21:47:50.816
8b6a31,Diem,full mesh,PayPal,8,16,10,2023,hop,40 nodes,0,2,1,2,2024-06-11 09:29:08.782,2024-06-11 09:41:57.766
a1086d,Diem,full mesh,PayPal,8,16,10,2023,hop,40 nodes,0,10,1,10,2025-06-28 05:09:10.612,2025-06-28 07:05:08.076
e388d0,Diem,full mesh,PayPal,8,16,10,2023,hop,40 nodes,0,1,1,1,2024-05-19 22:46:04.910,2024-05-19 22:46:04.910
07272f,Diem,full mesh,VISA,8,16,10,2023,hop,10 nodes,0,2,1,2,2024-06-04 08:38:55.126,2024-06-04 08:50:35.404
0d4d0e,Diem,full mesh,VISA,8,16,10,2023,hop,10 nodes,0,1,1,1,2024-05-04 22:10:17.980,2024-05-04 22:10:17.980
0d8347,Diem,full mesh,VISA,8,16,10,2023,hop,10 nodes,0,10,1,10,2025-06-27 16:06:18.941,2025-06-27 17:51:20.899
0695f4,Diem,full mesh,VISA,8,16,10,2023,hop,40 nodes,0,2,1,2,2024-06-11 10:19:14.877,2024-06-11 10:32:15.810
23fc43,Diem,full mesh,VISA,8,16,10,2023,hop,40 nodes,0,1,1,1,2024-05-19 23:11:03.628,2024-05-19 23:11:03.628
8ee0c1,Diem,full mesh,VISA,8,16,10,2023,hop,40 nodes,0,9,2,10,2025-06-28 07:30:54.145,2025-06-28 09:14:44.385
80db0e,Diem,hypercube,DDoS,8,16,10,2023,hop,10 nodes,0,1,1,1,2024-05-05 22:20:01.176,2024-05-05 22:20:01.176
c21f71,Diem,hypercube,DDoS,8,16,10,2023,hop,10 nodes,0,2,1,2,2024-06-04 22:57:07.293,2024-06-04 23:10:24.859
fa2560,Diem,hypercube,DDoS,8,16,10,2023,hop,10 nodes,0,10,1,10,2025-08-08 09:10:54.632,2025-08-08 11:12:04.815
5c9031,Diem,hypercube,DDoS,8,16,10,2023,hop,40 nodes,0,9,1,9,2025-07-03 12:52:25.032,2025-07-03 14:50:30.158
80c444,Diem,hypercube,DDoS,8,16,10,2023,hop,40 nodes,0,1,2,2,2024-06-07 18:47:15.380,2024-06-07 18:47:15.380
c2a06f,Diem,hypercube,DDoS,8,16,10,2023,hop,40 nodes,0,1,1,1,2024-05-20 08:17:35.925,2024-05-20 08:17:35.925
c68746,Diem,hypercube,DDoS,8,16,10,2023,hop,40 nodes,0,1,1,1,2024-05-21 07:29:26.037,2024-05-21 07:29:26.037
3ccbba,Diem,hypercube,FIFA,8,16,10,2023,hop,10 nodes,0,10,1,10,2025-08-08 11:30:19.830,2025-08-08 14:13:29.062
4c92db,Diem,hypercube,FIFA,8,16,10,2023,hop,10 nodes,0,1,1,1,2024-05-05 22:39:03.769,2024-05-05 22:39:03.769
b1cf85,Diem,hypercube,FIFA,8,16,10,2023,hop,10 nodes,0,2,1,2,2024-06-04 23:29:15.658,2024-06-04 23:47:12.934
0c3713,Diem,hypercube,FIFA,8,16,10,2023,hop,40 nodes,0,7,2,9,2025-07-03 15:42:39.676,2025-07-03 17:57:43.758
822993,Diem,hypercube,FIFA,8,16,10,2023,hop,40 nodes,0,1,1,1,2024-05-20 08:37:34.201,2024-05-20 08:37:34.201
e683ea,Diem,hypercube,FIFA,8,16,10,2023,hop,40 nodes,0,1,2,2,2024-06-07 19:24:53.903,2024-06-07 19:24:53.903
00d543,Diem,hypercube,GAFAM,8,16,10,2023,hop,10 nodes,0,10,1,10,2025-08-08 03:30:22.680,2025-08-08 05:07:22.043
9c09fb,Diem,hypercube,GAFAM,8,16,10,2023,hop,10 nodes,0,1,1,1,2024-05-05 21:57:05.673,2024-05-05 21:57:05.673
b1615f,Diem,hypercube,GAFAM,8,16,10,2023,hop,10 nodes,0,2,1,2,2024-06-04 22:11:41.097,2024-06-04 22:22:27.036
49a85a,Diem,hypercube,GAFAM,8,16,10,2023,hop,40 nodes,0,1,1,1,2024-05-21 07:17:04.585,2024-05-21 07:17:04.585
fa868c,Diem,hypercube,GAFAM,8,16,10,2023,hop,40 nodes,0,2,1,2,2024-06-07 17:42:20.317,2024-06-07 17:54:39.178
fadf82,Diem,hypercube,GAFAM,8,16,10,2023,hop,40 nodes,0,7,1,9,2025-07-03 06:34:33.488,2025-07-03 08:10:59.233
202cc8,Diem,hypercube,Gaming,8,16,10,2023,hop,10 nodes,0,2,1,2,2024-06-05 00:04:33.692,2024-06-05 00:21:47.603
817e57,Diem,hypercube,Gaming,8,16,10,2023,hop,10 nodes,0,1,1,1,2024-05-05 22:55:54.106,2024-05-05 22:55:54.106
b397ae,Diem,hypercube,Gaming,8,16,10,2023,hop,10 nodes,0,10,1,10,2025-08-08 14:30:25.056,2025-08-08 17:05:23.621
3604f1,Diem,hypercube,Gaming,8,16,10,2023,hop,40 nodes,0,7,1,10,2025-07-03 18:34:44.538,2025-07-03 21:19:22.325
45515e,Diem,hypercube,Gaming,8,16,10,2023,hop,40 nodes,0,2,1,2,2024-06-07 19:42:46.504,2024-06-07 20:01:48.075
930343,Diem,hypercube,Gaming,8,16,10,2023,hop,40 nodes,0,1,1,1,2024-05-21 07:47:54.356,2024-05-21 07:47:54.356
373da5,Diem,hypercube,PayPal,8,16,10,2023,hop,10 nodes,0,2,1,2,2024-06-04 21:48:22.912,2024-06-04 22:00:03.763
bd1e59,Diem,hypercube,PayPal,8,16,10,2023,hop,10 nodes,0,1,1,1,2024-05-05 21:45:13.306,2024-05-05 21:45:13.306
e5560b,Diem,hypercube,PayPal,8,16,10,2023,hop,10 nodes,0,10,1,10,2025-08-08 05:17:46.176,2025-08-08 07:02:10.090
3d810c,Diem,hypercube,PayPal,8,16,10,2023,hop,40 nodes,0,1,1,1,2024-05-20 07:38:50.131,2024-05-20 07:38:50.131
40a0a3,Diem,hypercube,PayPal,8,16,10,2023,hop,40 nodes,0,1,2,2,2024-06-07 17:29:20.770,2024-06-07 17:29:20.770
886501,Diem,hypercube,PayPal,8,16,10,2023,hop,40 nodes,0,9,1,10,2025-07-03 08:34:37.799,2025-07-03 10:30:14.282
1a923c,Diem,hypercube,VISA,8,16,10,2023,hop,10 nodes,0,1,1,1,2024-05-05 22:07:52.093,2024-05-05 22:07:52.093
5287ac,Diem,hypercube,VISA,8,16,10,2023,hop,10 nodes,0,9,1,10,2025-08-08 07:13:59.362,2025-08-08 08:58:59.045
cddf9d,Diem,hypercube,VISA,8,16,10,2023,hop,10 nodes,0,2,1,2,2024-06-04 22:33:25.323,2024-06-04 22:44:59.931
6590e9,Diem,hypercube,VISA,8,16,10,2023,hop,40 nodes,0,7,1,10,2025-07-03 10:43:08.879,2025-07-03 12:39:50.190
ce82a5,Diem,hypercube,VISA,8,16,10,2023,hop,40 nodes,0,1,2,2,2024-06-07 18:19:13.780,2024-06-07 18:19:13.780
d4cbbb,Diem,hypercube,VISA,8,16,10,2023,hop,40 nodes,0,1,1,1,2024-05-20 08:04:10.318,2024-05-20 08:04:10.318
0d0867,Diem,scale-free,DDoS,8,16,10,2023,hop,10 nodes,0,2,1,2,2024-06-04 12:33:21.263,2024-06-04 12:46:48.134
b61af5,Diem,scale-free,DDoS,8,16,10,2023,hop,10 nodes,0,10,1,10,2025-06-29 00:43:31.397,2025-06-29 02:45:01.959
c62b08,Diem,scale-free,DDoS,8,16,10,2023,hop,10 nodes,0,1,1,1,2024-05-27 22:23:56.093,2024-05-27 22:23:56.093
358ce8,Diem,scale-free,DDoS,8,16,10,2023,hop,40 nodes,0,6,1,8,2025-06-29 16:05:35.926,2025-06-29 17:48:34.838
5dee49,Diem,scale-free,DDoS,8,16,10,2023,hop,40 nodes,0,10,1,10,2025-07-13 22:02:52.899,2025-07-14 00:14:51.885
a072bf,Diem,scale-free,DDoS,8,16,10,2023,hop,40 nodes,0,1,1,1,2024-05-28 00:37:13.151,2024-05-28 00:37:13.151
adf956,Diem,scale-free,DDoS,8,16,10,2023,hop,40 nodes,0,2,1,2,2024-06-07 07:20:25.886,2024-06-07 07:35:24.515
0c44e8,Diem,scale-free,FIFA,8,16,10,2023,hop,10 nodes,0,1,1,1,2024-05-28 13:47:31.580,2024-05-28 13:47:31.580
34a72c,Diem,scale-free,FIFA,8,16,10,2023,hop,10 nodes,0,2,1,2,2024-06-04 13:05:03.885,2024-06-04 13:25:06.002
c5c20c,Diem,scale-free,FIFA,8,16,10,2023,hop,10 nodes,0,9,1,10,2025-06-29 03:03:26.259,2025-06-29 05:45:13.171
32d9ec,Diem,scale-free,FIFA,8,16,10,2023,hop,40 nodes,0,2,1,2,2024-06-07 07:54:08.745,2024-06-07 08:13:28.482
346a00,Diem,scale-free,FIFA,8,16,10,2023,hop,40 nodes,0,1,1,1,2024-05-28 15:23:33.348,2024-05-28 15:23:33.348
cac3f1,Diem,scale-free,FIFA,8,16,10,2023,hop,40 nodes,0,8,1,10,2025-07-14 00:33:55.294,2025-07-14 03:26:43.604
e636ed,Diem,scale-free,FIFA,8,16,10,2023,hop,40 nodes,0,7,2,10,2025-06-29 18:55:45.654,2025-06-29 21:29:08.627
50dc59,Diem,scale-free,GAFAM,8,16,10,2023,hop,10 nodes,0,2,1,2,2024-06-04 11:47:57.291,2024-06-04 11:59:01.526
6251a6,Diem,scale-free,GAFAM,8,16,10,2023,hop,10 nodes,0,10,1,10,2025-06-28 19:02:48.196,2025-06-28 20:40:38.106
995e84,Diem,scale-free,GAFAM,8,16,10,2023,hop,10 nodes,0,1,1,1,2024-05-27 22:01:10.072,2024-05-27 22:01:10.072
ec9402,Diem,scale-free,GAFAM,8,16,10,2023,hop,10 nodes,0,1,1,1,2024-05-28 13:15:08.869,2024-05-28 13:15:08.869
12a88f,Diem,scale-free,GAFAM,8,16,10,2023,hop,40 nodes,0,6,2,10,2025-07-13 15:56:39.046,2025-07-13 17:32:46.674
513fe3,Diem,scale-free,GAFAM,8,16,10,2023,hop,40 nodes,0,1,2,2,2024-06-07 06:42:21.526,2024-06-07 06:42:21.526
657bfc,Diem,scale-free,GAFAM,8,16,10,2023,hop,40 nodes,0,1,1,1,2024-05-28 14:54:37.493,2024-05-28 14:54:37.493
663095,Diem,scale-free,GAFAM,8,16,10,2023,hop,40 nodes,0,8,1,9,2025-06-29 09:47:54.037,2025-06-29 11:23:59.874
062a07,Diem,scale-free,Gaming,8,16,10,2023,hop,10 nodes,0,10,1,10,2025-06-29 06:02:42.390,2025-06-29 08:38:37.805
68014b,Diem,scale-free,Gaming,8,16,10,2023,hop,10 nodes,0,2,1,2,2024-06-04 13:40:33.345,2024-06-04 13:57:45.559
e21989,Diem,scale-free,Gaming,8,16,10,2023,hop,10 nodes,0,1,1,1,2024-05-27 22:59:03.580,2024-05-27 22:59:03.580
2309e0,Diem,scale-free,Gaming,8,16,10,2023,hop,40 nodes,0,8,2,10,2025-07-14 04:03:34.122,2025-07-14 06:31:19.572
5a0b49,Diem,scale-free,Gaming,8,16,10,2023,hop,40 nodes,0,1,1,1,2024-05-28 01:13:38.806,2024-05-28 01:13:38.806
697626,Diem,scale-free,Gaming,8,16,10,2023,hop,40 nodes,0,2,1,2,2024-06-13 22:25:43.631,2024-06-13 22:44:37.908
72914f,Diem,scale-free,Gaming,8,16,10,2023,hop,40 nodes,0,6,1,10,2025-06-29 21:47:58.586,2025-06-30 00:31:57.007
11ce63,Diem,scale-free,PayPal,8,16,10,2023,hop,10 nodes,0,1,1,1,2024-05-28 13:03:46.328,2024-05-28 13:03:46.328
529eb8,Diem,scale-free,PayPal,8,16,10,2023,hop,10 nodes,0,10,1,10,2025-06-28 20:50:26.123,2025-06-28 22:34:35.803
d2b5d2,Diem,scale-free,PayPal,8,16,10,2023,hop,10 nodes,0,1,1,1,2024-05-27 21:49:28.820,2024-05-27 21:49:28.820
dc8ab1,Diem,scale-free,PayPal,8,16,10,2023,hop,10 nodes,0,1,2,2,2024-06-04 11:36:24.614,2024-06-04 11:36:24.614
1b3ac7,Diem,scale-free,PayPal,8,16,10,2023,hop,40 nodes,0,2,1,2,2024-06-13 22:58:10.344,2024-06-13 23:11:30.318
24746b,Diem,scale-free,PayPal,8,16,10,2023,hop,40 nodes,0,2,1,2,2024-06-07 06:05:15.146,2024-06-07 06:17:40.878
388bb2,Diem,scale-free,PayPal,8,16,10,2023,hop,40 nodes,0,1,1,1,2024-05-28 14:41:21.501,2024-05-28 14:41:21.501
9c1dd1,Diem,scale-free,PayPal,8,16,10,2023,hop,40 nodes,0,7,1,9,2025-07-13 17:44:08.580,2025-07-13 19:27:02.884
c709cf,Diem,scale-free,PayPal,8,16,10,2023,hop,40 nodes,0,7,2,10,2025-06-29 12:00:52.191,2025-06-29 13:43:58.157
5c5b96,Diem,scale-free,VISA,8,16,10,2023,hop,10 nodes,0,9,1,10,2025-06-28 22:46:50.059,2025-06-29 00:31:33.520
6443a2,Diem,scale-free,VISA,8,16,10,2023,hop,10 nodes,0,2,1,2,2024-06-04 12:09:57.914,2024-06-04 12:21:12.357
bb8e1f,Diem,scale-free,VISA,8,16,10,2023,hop,10 nodes,0,1,1,1,2024-05-28 13:26:35.489,2024-05-28 13:26:35.489
009188,Diem,scale-free,VISA,8,16,10,2023,hop,40 nodes,0,2,1,2,2024-06-13 21:55:47.770,2024-06-13 22:08:48.386
3c29ab,Diem,scale-free,VISA,8,16,10,2023,hop,40 nodes,0,8,1,9,2025-07-13 19:53:03.928,2025-07-13 21:36:25.740
7dbe70,Diem,scale-free,VISA,8,16,10,2023,hop,40 nodes,0,1,1,1,2024-05-28 00:23:24.549,2024-05-28 00:23:24.549
c3107d,Diem,scale-free,VISA,8,16,10,2023,hop,40 nodes,0,2,1,2,2024-06-07 06:54:44.496,2024-06-07 07:07:26.281
e60a85,Diem,scale-free,VISA,8,16,10,2023,hop,40 nodes,0,5,1,9,2025-06-29 13:57:21.642,2025-06-29 15:40:20.416
f5886b,Diem,scale-free,VISA,8,16,10,2023,hop,40 nodes,0,1,1,1,2024-05-28 15:06:11.336,2024-05-28 15:06:11.336
4a540c,Diem,torus,DDoS,8,16,10,2023,hop,10 nodes,0,1,1,1,2024-05-05 02:26:50.386,2024-05-05 02:26:50.386
af88c3,Diem,torus,DDoS,8,16,10,2023,hop,10 nodes,0,10,1,10,2025-06-30 07:16:45.105,2025-06-30 09:17:45.298
c8b1ba,Diem,torus,DDoS,8,16,10,2023,hop,10 nodes,0,2,1,2,2024-06-04 16:00:01.957,2024-06-04 16:13:37.249
544243,Diem,torus,DDoS,8,16,10,2023,hop,40 nodes,0,1,1,1,2024-05-21 09:13:20.548,2024-05-21 09:13:20.548
d4ba06,Diem,torus,DDoS,8,16,10,2023,hop,40 nodes,0,8,1,10,2025-06-30 22:43:21.363,2025-07-01 00:55:07.949
f7efd2,Diem,torus,DDoS,8,16,10,2023,hop,40 nodes,0,1,2,2,2024-06-07 11:14:01.990,2024-06-07 11:14:01.990
6903ef,Diem,torus,FIFA,8,16,10,2023,hop,10 nodes,0,10,1,10,2025-06-30 09:36:02.777,2025-06-30 12:19:19.999
8c8737,Diem,torus,FIFA,8,16,10,2023,hop,10 nodes,0,2,1,2,2024-06-04 16:32:32.445,2024-06-04 16:50:07.483
e24c54,Diem,torus,FIFA,8,16,10,2023,hop,10 nodes,0,1,1,1,2024-05-05 02:45:21.959,2024-05-05 02:45:21.959
386f77,Diem,torus,FIFA,8,16,10,2023,hop,40 nodes,0,1,1,1,2024-05-20 04:05:30.518,2024-05-20 04:05:30.518
874385,Diem,torus,FIFA,8,16,10,2023,hop,40 nodes,0,7,1,10,2025-07-01 01:14:02.461,2025-07-01 04:06:11.879
cd48a4,Diem,torus,FIFA,8,16,10,2023,hop,40 nodes,0,1,2,2,2024-06-07 11:52:11.486,2024-06-07 11:52:11.486
1c87eb,Diem,torus,GAFAM,8,16,10,2023,hop,10 nodes,0,2,1,2,2024-06-04 15:15:03.116,2024-06-04 15:25:54.519
a1394f,Diem,torus,GAFAM,8,16,10,2023,hop,10 nodes,0,10,1,10,2025-06-30 01:35:36.995,2025-06-30 03:12:39.983
d179b1,Diem,torus,GAFAM,8,16,10,2023,hop,10 nodes,0,1,1,1,2024-05-05 02:03:52.818,2024-05-05 02:03:52.818
14293c,Diem,torus,GAFAM,8,16,10,2023,hop,40 nodes,0,1,1,1,2024-05-20 03:21:03.950,2024-05-20 03:21:03.950
16e656,Diem,torus,GAFAM,8,16,10,2023,hop,40 nodes,0,2,1,2,2024-06-07 10:09:31.659,2024-06-07 10:22:05.495
a53b57,Diem,torus,GAFAM,8,16,10,2023,hop,40 nodes,0,9,1,9,2025-06-30 16:24:58.918,2025-06-30 18:01:03.515
dbe237,Diem,torus,GAFAM,8,16,10,2023,hop,40 nodes,0,1,1,1,2024-05-21 09:00:35.029,2024-05-21 09:00:35.029
06e269,Diem,torus,Gaming,8,16,10,2023,hop,10 nodes,0,9,1,10,2025-06-30 12:36:41.474,2025-06-30 15:10:48.855
33ac13,Diem,torus,Gaming,8,16,10,2023,hop,10 nodes,0,2,1,2,2024-06-04 17:07:42.712,2024-06-04 17:25:12.235
f38f1f,Diem,torus,Gaming,8,16,10,2023,hop,10 nodes,0,1,1,1,2024-05-05 14:14:08.960,2024-05-05 14:14:08.960
1be8c7,Diem,torus,Gaming,8,16,10,2023,hop,40 nodes,0,6,1,10,2025-07-01 04:25:30.103,2025-07-01 07:09:04.073
614415,Diem,torus,Gaming,8,16,10,2023,hop,40 nodes,0,2,1,2,2024-06-07 12:10:58.920,2024-06-07 12:29:16.223
6b90b7,Diem,torus,Gaming,8,16,10,2023,hop,40 nodes,0,2,1,2,2024-06-14 00:30:37.530,2024-06-14 00:48:42.825
ebdf97,Diem,torus,Gaming,8,16,10,2023,hop,40 nodes,0,1,1,1,2024-05-21 09:31:52.595,2024-05-21 09:31:52.595
20c5d7,Diem,torus,PayPal,8,16,10,2023,hop,10 nodes,0,10,1,10,2025-06-30 03:23:12.311,2025-06-30 05:07:39.517
c0345f,Diem,torus,PayPal,8,16,10,2023,hop,10 nodes,0,1,1,1,2024-06-04 14:51:40.162,2024-06-04 14:51:40.162
e92ade,Diem,torus,PayPal,8,16,10,2023,hop,10 nodes,0,1,1,1,2024-05-05 01:52:25.597,2024-05-05 01:52:25.597
1dabee,Diem,torus,PayPal,8,16,10,2023,hop,40 nodes,0,1,1,1,2024-05-21 08:47:53.362,2024-05-21 08:47:53.362
4fb458,Diem,torus,PayPal,8,16,10,2023,hop,40 nodes,0,7,2,10,2025-06-30 18:37:50.014,2025-06-30 20:21:31.767
a15147,Diem,torus,PayPal,8,16,10,2023,hop,40 nodes,0,2,1,2,2024-06-14 01:03:17.777,2024-06-14 01:16:40.233
cee90f,Diem,torus,PayPal,8,16,10,2023,hop,40 nodes,0,2,1,2,2024-06-07 09:56:47.572,2024-06-07 09:56:47.572
260ccf,Diem,torus,VISA,8,16,10,2023,hop,10 nodes,0,10,1,10,2025-06-30 05:19:36.090,2025-06-30 07:04:38.652
8680d9,Diem,torus,VISA,8,16,10,2023,hop,10 nodes,0,1,1,1,2024-05-05 02:14:34.885,2024-05-05 02:14:34.885
a93ecc,Diem,torus,VISA,8,16,10,2023,hop,10 nodes,0,2,1,2,2024-06-04 15:36:26.089,2024-06-04 15:48:15.905
54f100,Diem,torus,VISA,8,16,10,2023,hop,40 nodes,0,2,1,2,2024-06-14 10:55:24.927,2024-06-14 11:08:19.747
7a110b,Diem,torus,VISA,8,16,10,2023,hop,40 nodes,0,9,1,10,2025-06-30 20:33:46.384,2025-06-30 22:29:56.259
cf22c6,Diem,torus,VISA,8,16,10,2023,hop,40 nodes,0,1,1,1,2024-05-20 03:33:15.906,2024-05-20 03:33:15.906
faf2cd,Diem,torus,VISA,8,16,10,2023,hop,40 nodes,0,1,1,1,2024-06-07 10:33:40.632,2024-06-07 10:33:40.632
13706c,Ethereum,fat-tree,DDoS,8,16,10,2023,hop,10 nodes,0,10,1,10,2025-06-21 15:36:18.533,2025-06-21 16:54:42.034
b69154,Ethereum,fat-tree,DDoS,8,16,10,2023,hop,10 nodes,0,2,1,2,2024-06-04 03:22:50.639,2024-06-04 03:31:39.978
f4ab29,Ethereum,fat-tree,DDoS,8,16,10,2023,hop,10 nodes,0,1,1,1,2024-05-08 22:47:19.426,2024-05-08 22:47:19.426
2b0bd3,Ethereum,fat-tree,DDoS,8,16,10,2023,hop,40 nodes,0,1,1,1,2024-05-19 19:44:25.322,2024-05-19 19:44:25.322
7c7a02,Ethereum,fat-tree,DDoS,8,16,10,2023,hop,40 nodes,0,10,1,10,2025-06-22 03:57:26.293,2025-06-22 05:26:43.809
a2d1dc,Ethereum,fat-tree,DDoS,8,16,10,2023,hop,40 nodes,0,2,1,2,2024-06-07 00:04:46.992,2024-06-07 00:14:38.814
29ac23,Ethereum,fat-tree,FIFA,8,16,10,2023,hop,10 nodes,0,10,1,10,2025-06-21 17:09:01.597,2025-06-21 19:22:49.273
33d3f4,Ethereum,fat-tree,FIFA,8,16,10,2023,hop,10 nodes,0,1,1,1,2024-05-08 23:01:08.390,2024-05-08 23:01:08.390
9eb0c2,Ethereum,fat-tree,FIFA,8,16,10,2023,hop,10 nodes,0,2,1,2,2024-06-04 03:46:33.529,2024-06-04 04:00:09.682
c621a0,Ethereum,fat-tree,FIFA,8,16,10,2023,hop,10 nodes,0,1,1,1,2024-05-09 08:49:00.391,2024-05-09 08:49:00.391
2cd6d3,Ethereum,fat-tree,FIFA,8,16,10,2023,hop,40 nodes,0,2,1,2,2024-06-07 00:27:46.750,2024-06-07 00:43:55.731
aab1b0,Ethereum,fat-tree,FIFA,8,16,10,2023,hop,40 nodes,0,1,1,1,2024-05-19 19:57:56.050,2024-05-19 19:57:56.050
e377d9,Ethereum,fat-tree,FIFA,8,16,10,2023,hop,40 nodes,0,10,1,10,2025-06-22 05:41:14.050,2025-06-22 08:06:15.122
8b826a,Ethereum,fat-tree,GAFAM,8,16,10,2023,hop,10 nodes,0,2,1,2,2024-06-04 02:47:10.771,2024-06-04 02:56:45.506
a2b226,Ethereum,fat-tree,GAFAM,8,16,10,2023,hop,10 nodes,0,10,1,10,2025-06-21 10:40:43.038,2025-06-21 11:56:43.470
b0381e,Ethereum,fat-tree,GAFAM,8,16,10,2023,hop,10 nodes,0,1,1,1,2024-05-08 22:28:33.482,2024-05-08 22:28:33.482
6c60b9,Ethereum,fat-tree,GAFAM,8,16,10,2023,hop,40 nodes,0,10,1,10,2025-06-21 22:24:10.359,2025-06-21 23:52:01.322
7abca0,Ethereum,fat-tree,GAFAM,8,16,10,2023,hop,40 nodes,0,2,1,2,2024-06-06 23:21:34.959,2024-06-06 23:31:31.081
f270d5,Ethereum,fat-tree,GAFAM,8,16,10,2023,hop,40 nodes,0,1,1,1,2024-05-19 19:22:41.406,2024-05-19 19:22:41.406
d585e9,Ethereum,fat-tree,Gaming,8,16,10,2023,hop,10 nodes,0,2,1,2,2024-06-04 04:15:14.457,2024-06-04 04:30:44.034
ee3dac,Ethereum,fat-tree,Gaming,8,16,10,2023,hop,10 nodes,0,1,1,1,2024-05-09 08:33:20.928,2024-05-09 08:33:20.928
f62e54,Ethereum,fat-tree,Gaming,8,16,10,2023,hop,10 nodes,0,10,1,10,2025-06-21 19:37:04.919,2025-06-21 21:50:25.023
25df51,Ethereum,fat-tree,Gaming,8,16,10,2023,hop,40 nodes,0,2,1,2,2024-06-07 01:00:16.216,2024-06-07 01:15:57.321
4f4973,Ethereum,fat-tree,Gaming,8,16,10,2023,hop,40 nodes,0,1,1,1,2024-05-19 20:13:33.727,2024-05-19 20:13:33.727
fd5faf,Ethereum,fat-tree,Gaming,8,16,10,2023,hop,40 nodes,0,10,1,10,2025-06-22 08:22:13.923,2025-06-22 10:47:07.168
0f4ebf,Ethereum,fat-tree,PayPal,8,16,10,2023,hop,10 nodes,0,2,1,2,2024-06-18 09:14:52.794,2024-06-18 09:25:19.693
6d9c7f,Ethereum,fat-tree,PayPal,8,16,10,2023,hop,10 nodes,0,1,1,1,2024-05-08 22:17:23.794,2024-05-08 22:17:23.794
c1f287,Ethereum,fat-tree,PayPal,8,16,10,2023,hop,10 nodes,0,10,1,10,2025-06-21 12:04:41.319,2025-06-21 13:39:02.286
e2ae6c,Ethereum,fat-tree,PayPal,8,16,10,2023,hop,10 nodes,0,1,1,1,2024-06-04 02:23:12.999,2024-06-04 02:23:12.999
bcb075,Ethereum,fat-tree,PayPal,8,16,10,2023,hop,40 nodes,0,10,1,10,2025-06-22 00:01:23.647,2025-06-22 01:46:47.066
cebc4a,Ethereum,fat-tree,PayPal,8,16,10,2023,hop,40 nodes,0,2,1,2,2024-06-06 22:58:12.443,2024-06-06 23:09:52.459
ecf920,Ethereum,fat-tree,PayPal,8,16,10,2023,hop,40 nodes,0,1,1,1,2024-05-19 19:10:58.182,2024-05-19 19:10:58.182
1cf8a0,Ethereum,fat-tree,VISA,8,16,10,2023,hop,10 nodes,0,2,1,2,2024-06-04 03:01:26.729,2024-06-04 03:11:58.288
303798,Ethereum,fat-tree,VISA,8,16,10,2023,hop,10 nodes,0,1,1,1,2024-05-08 22:36:31.182,2024-05-08 22:36:31.182
8df0b5,Ethereum,fat-tree,VISA,8,16,10,2023,hop,10 nodes,0,10,1,10,2025-06-21 13:49:47.011,2025-06-21 15:25:22.877
6318ba,Ethereum,fat-tree,VISA,8,16,10,2023,hop,40 nodes,0,1,1,1,2024-05-19 19:32:27.840,2024-05-19 19:32:27.840
a79eba,Ethereum,fat-tree,VISA,8,16,10,2023,hop,40 nodes,0,2,1,2,2024-06-06 23:41:01.100,2024-06-06 23:52:46.998
d6d663,Ethereum,fat-tree,VISA,8,16,10,2023,hop,40 nodes,0,10,1,10,2025-06-22 01:58:43.208,2025-06-22 03:45:19.258
7a2b94,Ethereum,full mesh,DDoS,8,16,10,2023,hop,10 nodes,0,1,1,1,2024-05-08 19:00:52.490,2024-05-08 19:00:52.490
f6cfef,Ethereum,full mesh,DDoS,8,16,10,2023,hop,10 nodes,0,10,1,10,2025-06-18 13:40:46.329,2025-06-18 14:59:24.644
94333c,Ethereum,full mesh,DDoS,8,16,10,2023,hop,40 nodes,0,2,1,2,2024-06-11 07:12:09.490,2024-06-11 07:22:02.429
a4562a,Ethereum,full mesh,DDoS,8,16,10,2023,hop,40 nodes,0,10,1,10,2025-06-19 02:03:39.578,2025-06-19 03:33:04.517
efed9f,Ethereum,full mesh,DDoS,8,16,10,2023,hop,40 nodes,0,1,1,1,2024-05-19 15:09:06.730,2024-05-19 15:09:06.730
a7bdfe,Ethereum,full mesh,FIFA,8,16,10,2023,hop,10 nodes,0,2,1,2,2024-06-03 20:24:22.180,2024-06-03 20:42:52.074
b19581,Ethereum,full mesh,FIFA,8,16,10,2023,hop,10 nodes,0,9,1,10,2025-06-18 15:12:49.390,2025-06-18 17:26:42.956
b8e6ab,Ethereum,full mesh,FIFA,8,16,10,2023,hop,10 nodes,0,1,1,1,2024-05-08 19:14:45.746,2024-05-08 19:14:45.746
c42b71,Ethereum,full mesh,FIFA,8,16,10,2023,hop,10 nodes,0,1,1,1,2024-05-09 06:47:24.341,2024-05-09 06:47:24.341
1f69b6,Ethereum,full mesh,FIFA,8,16,10,2023,hop,40 nodes,0,10,1,10,2025-06-19 03:47:22.779,2025-06-19 06:12:16.328
4d076e,Ethereum,full mesh,FIFA,8,16,10,2023,hop,40 nodes,0,2,1,2,2024-06-11 07:37:49.951,2024-06-11 07:54:13.887
e01c84,Ethereum,full mesh,FIFA,8,16,10,2023,hop,40 nodes,0,1,1,1,2024-05-19 15:22:56.729,2024-05-19 15:22:56.729
6e27bd,Ethereum,full mesh,GAFAM,8,16,10,2023,hop,10 nodes,0,10,1,10,2025-06-18 08:45:00.784,2025-06-18 10:01:26.012
8907c0,Ethereum,full mesh,GAFAM,8,16,10,2023,hop,10 nodes,0,1,1,1,2024-05-08 18:42:38.315,2024-05-08 18:42:38.315
decabb,Ethereum,full mesh,GAFAM,8,16,10,2023,hop,10 nodes,0,2,1,2,2024-06-03 19:23:12.054,2024-06-03 19:32:30.494
58d02c,Ethereum,full mesh,GAFAM,8,16,10,2023,hop,40 nodes,0,1,1,1,2024-05-19 14:47:37.062,2024-05-19 14:47:37.062
86eb9c,Ethereum,full mesh,GAFAM,8,16,10,2023,hop,40 nodes,0,10,1,10,2025-06-18 20:30:25.636,2025-06-18 21:58:15.891
caad24,Ethereum,full mesh,GAFAM,8,16,10,2023,hop,40 nodes,0,2,1,2,2024-06-11 06:28:22.567,2024-06-11 06:38:18.016
20bdb5,Ethereum,full mesh,Gaming,8,16,10,2023,hop,10 nodes,0,1,1,1,2024-05-09 06:31:25.950,2024-05-09 06:31:25.950
ee589b,Ethereum,full mesh,Gaming,8,16,10,2023,hop,10 nodes,0,10,1,10,2025-06-18 17:41:17.407,2025-06-18 19:54:27.264
f271dc,Ethereum,full mesh,Gaming,8,16,10,2023,hop,10 nodes,0,2,1,2,2024-06-03 20:52:45.703,2024-06-03 21:08:49.976
038a8d,Ethereum,full mesh,Gaming,8,16,10,2023,hop,40 nodes,0,10,1,10,2025-06-19 06:28:14.505,2025-06-19 08:52:59.051
b06846,Ethereum,full mesh,Gaming,8,16,10,2023,hop,40 nodes,0,2,1,2,2024-06-11 08:09:28.157,2024-06-11 08:25:28.939
e9cc43,Ethereum,full mesh,Gaming,8,16,10,2023,hop,40 nodes,0,1,1,1,2024-05-19 15:38:36.644,2024-05-19 15:38:36.644
7eb360,Ethereum,full mesh,PayPal,8,16,10,2023,hop,10 nodes,0,10,1,10,2025-06-18 10:09:14.209,2025-06-18 11:43:29.874
975db7,Ethereum,full mesh,PayPal,8,16,10,2023,hop,10 nodes,0,1,1,1,2024-05-08 18:30:54.818,2024-05-08 18:30:54.818
d6004f,Ethereum,full mesh,PayPal,8,16,10,2023,hop,10 nodes,0,2,1,2,2024-06-03 19:00:44.612,2024-06-03 19:11:22.724
502da4,Ethereum,full mesh,PayPal,8,16,10,2023,hop,40 nodes,0,1,1,1,2024-05-19 14:35:38.393,2024-05-19 14:35:38.393
67c80e,Ethereum,full mesh,PayPal,8,16,10,2023,hop,40 nodes,0,10,1,10,2025-06-18 22:07:38.240,2025-06-18 23:53:07.959
69ba48,Ethereum,full mesh,PayPal,8,16,10,2023,hop,40 nodes,0,2,1,2,2024-06-11 06:04:52.540,2024-06-11 06:16:35.481
5f0fc0,Ethereum,full mesh,VISA,8,16,10,2023,hop,10 nodes,0,10,1,10,2025-06-18 11:54:21.089,2025-06-18 13:29:44.722
e9e813,Ethereum,full mesh,VISA,8,16,10,2023,hop,10 nodes,0,1,1,1,2024-05-08 18:50:02.606,2024-05-08 18:50:02.606
fa13eb,Ethereum,full mesh,VISA,8,16,10,2023,hop,10 nodes,0,2,1,2,2024-06-03 19:39:18.340,2024-06-03 19:49:50.764
3c2d14,Ethereum,full mesh,VISA,8,16,10,2023,hop,40 nodes,0,2,1,2,2024-06-11 06:47:53.824,2024-06-11 06:59:52.264
78aff3,Ethereum,full mesh,VISA,8,16,10,2023,hop,40 nodes,0,10,1,10,2025-06-19 00:05:04.410,2025-06-19 01:51:31.211
ba2de7,Ethereum,full mesh,VISA,8,16,10,2023,hop,40 nodes,0,1,1,1,2024-05-19 14:57:09.169,2024-05-19 14:57:09.169
76a894,Ethereum,hypercube,DDoS,8,16,10,2023,hop,10 nodes,0,10,1,10,2025-06-22 16:13:32.862,2025-06-22 17:31:46.158
c2b88c,Ethereum,hypercube,DDoS,8,16,10,2023,hop,10 nodes,0,1,1,1,2024-05-09 00:02:51.594,2024-05-09 00:02:51.594
c58c92,Ethereum,hypercube,DDoS,8,16,10,2023,hop,10 nodes,0,2,1,2,2024-06-04 05:52:50.789,2024-06-04 06:01:41.351
82237c,Ethereum,hypercube,DDoS,8,16,10,2023,hop,40 nodes,0,2,1,2,2024-06-07 02:57:38.906,2024-06-07 03:07:32.720
9b3a4e,Ethereum,hypercube,DDoS,8,16,10,2023,hop,40 nodes,0,10,1,10,2025-06-23 04:34:29.475,2025-06-23 06:03:41.557
da04d4,Ethereum,hypercube,DDoS,8,16,10,2023,hop,40 nodes,0,1,1,1,2024-05-19 21:16:40.073,2024-05-19 21:16:40.073
8e4328,Ethereum,hypercube,FIFA,8,16,10,2023,hop,10 nodes,0,9,1,10,2025-06-22 17:44:42.076,2025-06-22 19:58:08.187
9c9193,Ethereum,hypercube,FIFA,8,16,10,2023,hop,10 nodes,0,1,1,1,2024-05-09 10:18:01.920,2024-05-09 10:18:01.920
a09a3e,Ethereum,hypercube,FIFA,8,16,10,2023,hop,10 nodes,0,2,1,2,2024-06-04 06:16:26.676,2024-06-04 06:30:04.047
984471,Ethereum,hypercube,FIFA,8,16,10,2023,hop,40 nodes,0,1,1,1,2024-05-19 21:30:36.811,2024-05-19 21:30:36.811
c2881a,Ethereum,hypercube,FIFA,8,16,10,2023,hop,40 nodes,0,2,1,2,2024-06-07 03:23:08.179,2024-06-07 03:38:52.731
d46ae2,Ethereum,hypercube,FIFA,8,16,10,2023,hop,40 nodes,0,10,1,10,2025-06-23 06:17:22.288,2025-06-23 08:41:44.199
0b3b86,Ethereum,hypercube,GAFAM,8,16,10,2023,hop,10 nodes,0,2,1,2,2024-06-04 05:17:07.859,2024-06-04 05:26:14.413
497d12,Ethereum,hypercube,GAFAM,8,16,10,2023,hop,10 nodes,0,1,1,1,2024-05-08 23:44:10.329,2024-05-08 23:44:10.329
715746,Ethereum,hypercube,GAFAM,8,16,10,2023,hop,10 nodes,0,10,1,10,2025-06-22 11:18:54.680,2025-06-22 12:34:54.592
6a9524,Ethereum,hypercube,GAFAM,8,16,10,2023,hop,40 nodes,0,1,1,1,2024-05-19 20:55:08.928,2024-05-19 20:55:08.928
744522,Ethereum,hypercube,GAFAM,8,16,10,2023,hop,40 nodes,0,2,1,2,2024-06-07 02:14:29.547,2024-06-07 02:24:10.509
fbc8e5,Ethereum,hypercube,GAFAM,8,16,10,2023,hop,40 nodes,0,10,1,10,2025-06-22 23:02:11.072,2025-06-23 00:29:34.074
3363a1,Ethereum,hypercube,Gaming,8,16,10,2023,hop,10 nodes,0,2,1,2,2024-06-04 06:45:03.692,2024-06-04 07:02:02.316
4cf55d,Ethereum,hypercube,Gaming,8,16,10,2023,hop,10 nodes,0,1,1,1,2024-05-09 10:00:42.421,2024-05-09 10:00:42.421
f07979,Ethereum,hypercube,Gaming,8,16,10,2023,hop,10 nodes,0,10,1,10,2025-06-22 20:12:47.932,2025-06-22 22:25:33.579
289922,Ethereum,hypercube,Gaming,8,16,10,2023,hop,40 nodes,0,1,1,1,2024-05-19 21:46:14.332,2024-05-19 21:46:14.332
686f1e,Ethereum,hypercube,Gaming,8,16,10,2023,hop,40 nodes,0,2,1,2,2024-06-07 03:54:37.322,2024-06-07 04:10:40.378
d7b2c3,Ethereum,hypercube,Gaming,8,16,10,2023,hop,40 nodes,0,10,1,10,2025-06-23 08:57:32.154,2025-06-23 11:22:06.906
05d847,Ethereum,hypercube,PayPal,8,16,10,2023,hop,10 nodes,0,2,1,2,2024-06-18 10:04:41.656,2024-06-18 10:15:08.807
539765,Ethereum,hypercube,PayPal,8,16,10,2023,hop,10 nodes,0,1,1,1,2024-05-08 23:32:27.762,2024-05-08 23:32:27.762
5eaa53,Ethereum,hypercube,PayPal,8,16,10,2023,hop,10 nodes,0,10,1,10,2025-06-22 12:42:53.341,2025-06-22 14:17:06.001
dcf102,Ethereum,hypercube,PayPal,8,16,10,2023,hop,10 nodes,0,1,1,1,2024-06-04 04:53:12.303,2024-06-04 04:53:12.303
155467,Ethereum,hypercube,PayPal,8,16,10,2023,hop,40 nodes,0,1,1,1,2024-05-19 20:43:09.963,2024-05-19 20:43:09.963
f59c23,Ethereum,hypercube,PayPal,8,16,10,2023,hop,40 nodes,0,10,1,10,2025-06-23 00:39:11.598,2025-06-23 02:24:25.158
f5f1f8,Ethereum,hypercube,PayPal,8,16,10,2023,hop,40 nodes,0,2,1,2,2024-06-07 01:50:48.598,2024-06-07 02:02:29.556
3df57f,Ethereum,hypercube,VISA,8,16,10,2023,hop,10 nodes,0,2,1,2,2024-06-04 05:31:29.156,2024-06-04 05:42:01.005
4964f3,Ethereum,hypercube,VISA,8,16,10,2023,hop,10 nodes,0,1,1,1,2024-05-08 23:51:58.744,2024-05-08 23:51:58.744
e413eb,Ethereum,hypercube,VISA,8,16,10,2023,hop,10 nodes,0,10,1,10,2025-06-22 14:27:45.916,2025-06-22 16:02:41.989
5b35e0,Ethereum,hypercube,VISA,8,16,10,2023,hop,40 nodes,0,2,1,2,2024-06-07 02:33:47.545,2024-06-07 02:45:33.840
ad59f6,Ethereum,hypercube,VISA,8,16,10,2023,hop,40 nodes,0,10,1,10,2025-06-23 02:36:18.999,2025-06-23 04:22:28.246
d06091,Ethereum,hypercube,VISA,8,16,10,2023,hop,40 nodes,0,1,1,1,2024-05-19 21:04:41.248,2024-05-19 21:04:41.248
0e0d8f,Ethereum,scale-free,DDoS,8,16,10,2023,hop,10 nodes,0,10,1,10,2025-06-19 14:21:34.930,2025-06-19 15:40:21.288
ba03e3,Ethereum,scale-free,DDoS,8,16,10,2023,hop,10 nodes,0,1,1,1,2024-05-27 18:57:27.092,2024-05-27 18:57:27.092
ced983,Ethereum,scale-free,DDoS,8,16,10,2023,hop,10 nodes,0,1,1,1,2024-06-03 22:29:24.844,2024-06-03 22:29:24.844
f6e048,Ethereum,scale-free,DDoS,8,16,10,2023,hop,10 nodes,0,2,1,3,2024-06-18 13:20:02.953,2024-06-18 13:37:26.187
006ec2,Ethereum,scale-free,DDoS,8,16,10,2023,hop,40 nodes,0,2,1,2,2024-06-10 09:30:29.590,2024-06-10 09:40:22.086
7de464,Ethereum,scale-free,DDoS,8,16,10,2023,hop,40 nodes,0,10,1,10,2025-06-20 02:42:01.452,2025-06-20 04:11:12.257
db0ea7,Ethereum,scale-free,DDoS,8,16,10,2023,hop,40 nodes,0,1,1,1,2024-05-27 20:26:23.541,2024-05-27 20:26:23.541
9bfeef,Ethereum,scale-free,FIFA,8,16,10,2023,hop,10 nodes,0,1,1,1,2024-05-27 19:12:23.410,2024-05-27 19:12:23.410
c96ed8,Ethereum,scale-free,FIFA,8,16,10,2023,hop,10 nodes,0,10,1,10,2025-06-19 15:54:21.715,2025-06-19 18:08:55.788
f543a7,Ethereum,scale-free,FIFA,8,16,10,2023,hop,10 nodes,0,2,1,2,2024-06-03 22:54:20.018,2024-06-03 23:10:15.708
3ba8c0,Ethereum,scale-free,FIFA,8,16,10,2023,hop,40 nodes,0,2,1,2,2024-06-10 09:53:51.401,2024-06-10 10:10:10.989
b22eda,Ethereum,scale-free,FIFA,8,16,10,2023,hop,40 nodes,0,1,1,1,2024-05-27 20:39:53.694,2024-05-27 20:39:53.694
c384b5,Ethereum,scale-free,FIFA,8,16,10,2023,hop,40 nodes,0,10,1,10,2025-06-20 04:24:19.418,2025-06-20 06:48:38.001
2c4a0d,Ethereum,scale-free,GAFAM,8,16,10,2023,hop,10 nodes,0,1,1,1,2024-05-27 18:39:21.156,2024-05-27 18:39:21.156
2cf528,Ethereum,scale-free,GAFAM,8,16,10,2023,hop,10 nodes,0,2,2,3,2024-06-18 14:42:32.951,2024-06-18 14:47:26.474
9bc9a2,Ethereum,scale-free,GAFAM,8,16,10,2023,hop,10 nodes,0,10,1,10,2025-06-19 09:25:51.764,2025-06-19 10:42:01.382
05e886,Ethereum,scale-free,GAFAM,8,16,10,2023,hop,40 nodes,0,10,1,10,2025-06-19 21:09:59.150,2025-06-19 22:37:12.512
8563ba,Ethereum,scale-free,GAFAM,8,16,10,2023,hop,40 nodes,0,1,1,1,2024-05-27 20:04:51.693,2024-05-27 20:04:51.693
c2b03a,Ethereum,scale-free,GAFAM,8,16,10,2023,hop,40 nodes,0,2,1,2,2024-06-10 08:47:36.117,2024-06-10 08:57:01.210
03555f,Ethereum,scale-free,Gaming,8,16,10,2023,hop,10 nodes,0,1,1,1,2024-05-27 19:26:01.854,2024-05-27 19:26:01.854
65904a,Ethereum,scale-free,Gaming,8,16,10,2023,hop,10 nodes,0,10,1,10,2025-06-19 18:23:22.454,2025-06-19 20:36:28.070
c3d825,Ethereum,scale-free,Gaming,8,16,10,2023,hop,10 nodes,0,2,2,3,2024-06-18 14:06:32.493,2024-06-18 14:20:21.053
36bd95,Ethereum,scale-free,Gaming,8,16,10,2023,hop,40 nodes,0,1,1,1,2024-05-27 20:55:33.988,2024-05-27 20:55:33.988
9994c5,Ethereum,scale-free,Gaming,8,16,10,2023,hop,40 nodes,0,2,1,2,2024-06-10 10:25:42.887,2024-06-10 10:41:50.412
f8e3e3,Ethereum,scale-free,Gaming,8,16,10,2023,hop,40 nodes,0,10,1,10,2025-06-20 07:04:18.640,2025-06-20 09:28:51.279
2309fb,Ethereum,scale-free,PayPal,8,16,10,2023,hop,10 nodes,0,2,1,2,2024-06-03 21:29:40.665,2024-06-03 21:40:10.484
871eb0,Ethereum,scale-free,PayPal,8,16,10,2023,hop,10 nodes,0,10,1,10,2025-06-19 10:49:56.981,2025-06-19 12:24:17.101
9fbc3d,Ethereum,scale-free,PayPal,8,16,10,2023,hop,10 nodes,0,1,1,1,2024-05-27 18:27:26.645,2024-05-27 18:27:26.645
9b73db,Ethereum,scale-free,PayPal,8,16,10,2023,hop,40 nodes,0,2,1,2,2024-06-10 08:23:57.550,2024-06-10 08:35:37.531
acb4aa,Ethereum,scale-free,PayPal,8,16,10,2023,hop,40 nodes,0,10,1,10,2025-06-19 22:46:48.132,2025-06-20 00:31:54.277
d6b6f0,Ethereum,scale-free,PayPal,8,16,10,2023,hop,40 nodes,0,1,1,1,2024-05-27 19:52:52.095,2024-05-27 19:52:52.095
d9cba3,Ethereum,scale-free,VISA,8,16,10,2023,hop,10 nodes,0,10,1,10,2025-06-19 12:35:00.605,2025-06-19 14:10:30.996
e58fb5,Ethereum,scale-free,VISA,8,16,10,2023,hop,10 nodes,0,2,1,2,2024-06-03 22:07:46.804,2024-06-03 22:18:20.812
f336fe,Ethereum,scale-free,VISA,8,16,10,2023,hop,10 nodes,0,1,1,1,2024-05-27 18:46:35.300,2024-05-27 18:46:35.300
1cf374,Ethereum,scale-free,VISA,8,16,10,2023,hop,40 nodes,0,1,1,1,2024-05-27 20:14:23.872,2024-05-27 20:14:23.872
5b0dac,Ethereum,scale-free,VISA,8,16,10,2023,hop,40 nodes,0,10,1,10,2025-06-20 00:43:45.231,2025-06-20 02:30:02.001
7c647d,Ethereum,scale-free,VISA,8,16,10,2023,hop,40 nodes,0,2,1,2,2024-06-10 09:06:46.932,2024-06-10 09:18:31.315
5eb4f2,Ethereum,torus,DDoS,8,16,10,2023,hop,10 nodes,0,1,1,1,2024-05-08 21:32:01.148,2024-05-08 21:32:01.148
6867bb,Ethereum,torus,DDoS,8,16,10,2023,hop,10 nodes,0,2,1,2,2024-06-16 16:50:48.622,2024-06-16 16:59:30.157
6ae9e2,Ethereum,torus,DDoS,8,16,10,2023,hop,10 nodes,0,1,1,1,2024-06-16 14:22:32.449,2024-06-16 14:22:32.449
ad310a,Ethereum,torus,DDoS,8,16,10,2023,hop,10 nodes,0,10,1,10,2025-06-20 14:59:20.544,2025-06-20 16:17:59.576
54c98b,Ethereum,torus,DDoS,8,16,10,2023,hop,40 nodes,0,2,1,2,2024-06-06 21:15:46.212,2024-06-06 21:25:37.661
7b489f,Ethereum,torus,DDoS,8,16,10,2023,hop,40 nodes,0,1,1,1,2024-05-19 18:12:53.741,2024-05-19 18:12:53.741
8e9895,Ethereum,torus,DDoS,8,16,10,2023,hop,40 nodes,0,10,1,10,2025-06-21 03:20:02.788,2025-06-21 04:49:10.640
374312,Ethereum,torus,FIFA,8,16,10,2023,hop,10 nodes,0,1,1,1,2024-05-08 21:46:04.180,2024-05-08 21:46:04.180
a8bdf4,Ethereum,torus,FIFA,8,16,10,2023,hop,10 nodes,0,10,1,10,2025-06-20 16:31:52.417,2025-06-20 18:45:59.531
b2ffba,Ethereum,torus,FIFA,8,16,10,2023,hop,10 nodes,0,1,1,1,2024-05-09 08:08:24.585,2024-05-09 08:08:24.585
c11fdf,Ethereum,torus,FIFA,8,16,10,2023,hop,10 nodes,0,2,1,2,2024-06-16 14:45:12.035,2024-06-16 15:02:37.158
fe8e93,Ethereum,torus,FIFA,8,16,10,2023,hop,10 nodes,0,2,1,2,2024-06-16 17:15:54.778,2024-06-16 17:32:16.689
14e16a,Ethereum,torus,FIFA,8,16,10,2023,hop,40 nodes,0,2,1,2,2024-06-06 21:39:44.019,2024-06-06 21:55:58.508
3a1dc8,Ethereum,torus,FIFA,8,16,10,2023,hop,40 nodes,0,10,1,10,2025-06-21 05:03:00.536,2025-06-21 07:28:18.616
74c033,Ethereum,torus,FIFA,8,16,10,2023,hop,40 nodes,0,1,1,1,2024-05-19 18:26:32.791,2024-05-19 18:26:32.791
246a24,Ethereum,torus,GAFAM,8,16,10,2023,hop,10 nodes,0,10,1,10,2025-06-20 10:03:03.986,2025-06-20 11:19:34.299
900928,Ethereum,torus,GAFAM,8,16,10,2023,hop,10 nodes,0,2,1,2,2024-06-16 13:45:12.483,2024-06-16 13:54:20.190
df0851,Ethereum,torus,GAFAM,8,16,10,2023,hop,10 nodes,0,2,1,2,2024-06-16 16:13:50.054,2024-06-16 16:22:40.894
f1539c,Ethereum,torus,GAFAM,8,16,10,2023,hop,10 nodes,0,1,1,1,2024-05-08 21:13:56.413,2024-05-08 21:13:56.413
07611f,Ethereum,torus,GAFAM,8,16,10,2023,hop,40 nodes,0,2,1,2,2024-06-06 20:32:47.211,2024-06-06 20:42:27.213
97a787,Ethereum,torus,GAFAM,8,16,10,2023,hop,40 nodes,0,1,1,1,2024-05-19 17:51:07.992,2024-05-19 17:51:07.992
c6b2dc,Ethereum,torus,GAFAM,8,16,10,2023,hop,40 nodes,0,10,1,10,2025-06-20 21:47:55.416,2025-06-20 23:15:12.831
140b2b,Ethereum,torus,Gaming,8,16,10,2023,hop,10 nodes,0,10,1,10,2025-06-20 19:00:29.973,2025-06-20 21:13:58.161
41667c,Ethereum,torus,Gaming,8,16,10,2023,hop,10 nodes,0,1,1,1,2024-06-16 15:14:18.933,2024-06-16 15:14:18.933
591f5b,Ethereum,torus,Gaming,8,16,10,2023,hop,10 nodes,0,1,1,1,2024-05-09 07:53:09.526,2024-05-09 07:53:09.526
c3e074,Ethereum,torus,Gaming,8,16,10,2023,hop,10 nodes,0,3,1,3,2024-06-18 15:41:26.964,2024-06-18 16:08:58.025
5d24ec,Ethereum,torus,Gaming,8,16,10,2023,hop,40 nodes,0,10,1,10,2025-06-21 07:44:05.037,2025-06-21 10:07:42.190
60c8c9,Ethereum,torus,Gaming,8,16,10,2023,hop,40 nodes,0,1,1,1,2024-05-19 18:42:11.777,2024-05-19 18:42:11.777
d64792,Ethereum,torus,Gaming,8,16,10,2023,hop,40 nodes,0,2,1,2,2024-06-06 22:11:15.513,2024-06-06 22:27:23.051
559c56,Ethereum,torus,PayPal,8,16,10,2023,hop,10 nodes,0,10,1,10,2025-06-20 11:27:32.342,2025-06-20 13:02:13.128
59ab30,Ethereum,torus,PayPal,8,16,10,2023,hop,10 nodes,0,1,1,1,2024-05-08 21:02:03.536,2024-05-08 21:02:03.536
64693e,Ethereum,torus,PayPal,8,16,10,2023,hop,10 nodes,0,2,1,2,2024-06-16 13:23:00.644,2024-06-16 13:33:27.098
94e876,Ethereum,torus,PayPal,8,16,10,2023,hop,10 nodes,0,2,1,2,2024-06-16 15:51:13.756,2024-06-16 16:01:42.686
1e5617,Ethereum,torus,PayPal,8,16,10,2023,hop,40 nodes,0,1,1,1,2024-05-19 17:39:23.840,2024-05-19 17:39:23.840
9e5358,Ethereum,torus,PayPal,8,16,10,2023,hop,40 nodes,0,10,1,10,2025-06-20 23:24:34.575,2025-06-21 01:10:02.171
c06e59,Ethereum,torus,PayPal,8,16,10,2023,hop,40 nodes,0,2,1,2,2024-06-06 20:09:07.883,2024-06-06 20:20:48.366
266905,Ethereum,torus,VISA,8,16,10,2023,hop,10 nodes,0,2,1,2,2024-06-16 16:29:19.699,2024-06-16 16:39:55.702
4ecde5,Ethereum,torus,VISA,8,16,10,2023,hop,10 nodes,0,1,1,1,2024-05-08 21:21:11.681,2024-05-08 21:21:11.681
aa8f41,Ethereum,torus,VISA,8,16,10,2023,hop,10 nodes,0,10,1,10,2025-06-20 13:12:58.515,2025-06-20 14:48:26.549
e13758,Ethereum,torus,VISA,8,16,10,2023,hop,10 nodes,0,2,1,2,2024-06-16 14:01:07.505,2024-06-16 14:11:41.195
43b520,Ethereum,torus,VISA,8,16,10,2023,hop,40 nodes,0,1,1,1,2024-05-19 18:00:54.358,2024-05-19 18:00:54.358
524468,Ethereum,torus,VISA,8,16,10,2023,hop,40 nodes,0,10,1,10,2025-06-21 01:21:54.133,2025-06-21 03:08:03.316
cb086d,Ethereum,torus,VISA,8,16,10,2023,hop,40 nodes,0,2,1,2,2024-06-06 20:52:01.011,2024-06-06 21:03:46.465
325839,Quorum,fat-tree,DDoS,8,16,10,2023,hop,10 nodes,0,10,1,10,2025-07-10 18:14:28.394,2025-07-10 19:42:44.621
9e5cfb,Quorum,fat-tree,DDoS,8,16,10,2023,hop,10 nodes,0,2,1,2,2024-06-06 02:39:52.563,2024-06-06 02:50:32.204
c8fe7e,Quorum,fat-tree,DDoS,8,16,10,2023,hop,10 nodes,0,1,1,1,2024-05-09 17:03:10.486,2024-05-09 17:03:10.486
a1eadb,Quorum,fat-tree,DDoS,8,16,10,2023,hop,40 nodes,0,10,1,10,2025-07-11 13:34:32.061,2025-07-11 15:15:12.266
f4fddd,Quorum,fat-tree,DDoS,8,16,10,2023,hop,40 nodes,0,2,1,2,2024-06-08 09:22:10.885,2024-06-08 09:33:41.851
fa540a,Quorum,fat-tree,DDoS,8,16,10,2023,hop,40 nodes,0,1,1,1,2024-04-21 23:45:17.406,2024-04-21 23:45:17.406
26d6ab,Quorum,fat-tree,FIFA,8,16,10,2023,hop,10 nodes,0,1,1,1,2024-05-09 17:19:53.589,2024-05-09 17:19:53.589
73f6a8,Quorum,fat-tree,FIFA,8,16,10,2023,hop,10 nodes,0,2,1,2,2024-06-14 13:46:25.631,2024-06-14 13:58:56.077
bf9f2c,Quorum,fat-tree,FIFA,8,16,10,2023,hop,10 nodes,0,10,1,10,2025-07-10 19:57:16.825,2025-07-10 22:02:37.550
48a025,Quorum,fat-tree,FIFA,8,16,10,2023,hop,40 nodes,0,10,1,10,2025-07-11 15:29:32.908,2025-07-11 17:47:44.106
73c19c,Quorum,fat-tree,FIFA,8,16,10,2023,hop,40 nodes,0,1,1,1,2024-04-22 00:10:50.252,2024-04-22 00:10:50.252
8fa2e0,Quorum,fat-tree,FIFA,8,16,10,2023,hop,40 nodes,0,2,1,2,2024-06-08 09:50:27.227,2024-06-08 10:06:03.106
31cfe5,Quorum,fat-tree,GAFAM,8,16,10,2023,hop,10 nodes,0,2,1,2,2024-06-06 01:58:43.776,2024-06-06 02:09:07.828
4a9f3e,Quorum,fat-tree,GAFAM,8,16,10,2023,hop,10 nodes,0,10,1,10,2025-07-10 12:59:24.648,2025-07-10 14:48:36.932
e6711a,Quorum,fat-tree,GAFAM,8,16,10,2023,hop,10 nodes,0,1,1,1,2024-05-09 16:42:56.853,2024-05-09 16:42:56.853
f719b2,Quorum,fat-tree,GAFAM,8,16,10,2023,hop,10 nodes,0,2,1,2,2024-06-14 12:56:24.462,2024-06-14 13:09:14.203
46bdf5,Quorum,fat-tree,GAFAM,8,16,10,2023,hop,40 nodes,0,10,1,10,2025-07-11 07:37:18.364,2025-07-11 09:37:23.172
86310f,Quorum,fat-tree,GAFAM,8,16,10,2023,hop,40 nodes,0,1,1,1,2024-06-08 17:11:38.971,2024-06-08 17:11:38.971
8cb400,Quorum,fat-tree,GAFAM,8,16,10,2023,hop,40 nodes,0,2,1,2,2024-06-09 22:51:34.889,2024-06-09 23:04:56.030
a484e6,Quorum,fat-tree,GAFAM,8,16,10,2023,hop,40 nodes,0,2,1,2,2024-06-08 08:31:55.175,2024-06-08 08:45:14.575
ee2671,Quorum,fat-tree,GAFAM,8,16,10,2023,hop,40 nodes,0,1,1,1,2024-04-21 23:55:57.989,2024-04-21 23:55:57.989
0251ee,Quorum,fat-tree,Gaming,8,16,10,2023,hop,10 nodes,0,2,1,2,2024-06-16 22:06:34.878,2024-06-16 22:20:26.791
1f913f,Quorum,fat-tree,Gaming,8,16,10,2023,hop,10 nodes,0,1,2,2,2024-06-16 20:55:53.216,2024-06-16 20:55:53.216
3e216a,Quorum,fat-tree,Gaming,8,16,10,2023,hop,10 nodes,0,1,1,1,2024-05-09 17:34:33.953,2024-05-09 17:34:33.953
ad3b43,Quorum,fat-tree,Gaming,8,16,10,2023,hop,10 nodes,0,10,1,10,2025-07-10 22:16:07.596,2025-07-11 00:21:09.823
b3ed2e,Quorum,fat-tree,Gaming,8,16,10,2023,hop,10 nodes,0,2,1,2,2024-06-14 14:13:10.331,2024-06-14 14:26:16.765
42666e,Quorum,fat-tree,Gaming,8,16,10,2023,hop,40 nodes,0,2,1,2,2024-06-08 10:21:17.785,2024-06-08 10:36:51.969
474dd4,Quorum,fat-tree,Gaming,8,16,10,2023,hop,40 nodes,0,1,1,1,2024-04-22 00:23:33.428,2024-04-22 00:23:33.428
e3926b,Quorum,fat-tree,Gaming,8,16,10,2023,hop,40 nodes,0,10,1,10,2025-07-11 18:03:01.202,2025-07-11 20:19:22.300
0ba8aa,Quorum,fat-tree,PayPal,8,16,10,2023,hop,10 nodes,0,1,2,2,2024-06-14 12:44:31.644,2024-06-14 12:44:31.644
a5cf3d,Quorum,fat-tree,PayPal,8,16,10,2023,hop,10 nodes,0,10,1,10,2025-07-10 14:59:38.376,2025-07-10 16:27:18.560
aadf24,Quorum,fat-tree,PayPal,8,16,10,2023,hop,10 nodes,0,2,1,2,2024-06-15 09:14:45.022,2024-06-15 09:24:54.776
efddad,Quorum,fat-tree,PayPal,8,16,10,2023,hop,10 nodes,0,1,1,1,2024-05-09 16:29:48.702,2024-05-09 16:29:48.702
32d128,Quorum,fat-tree,PayPal,8,16,10,2023,hop,40 nodes,0,2,1,2,2024-06-08 08:09:07.846,2024-06-08 08:20:27.957
67d108,Quorum,fat-tree,PayPal,8,16,10,2023,hop,40 nodes,0,10,1,10,2025-07-11 09:50:33.142,2025-07-11 11:30:49.912
c8d59b,Quorum,fat-tree,PayPal,8,16,10,2023,hop,40 nodes,0,1,1,1,2024-05-04 16:40:09.569,2024-05-04 16:40:09.569
39022b,Quorum,fat-tree,VISA,8,16,10,2023,hop,10 nodes,0,1,1,1,2024-05-09 16:52:38.227,2024-05-09 16:52:38.227
c9ce1a,Quorum,fat-tree,VISA,8,16,10,2023,hop,10 nodes,0,10,1,10,2025-07-10 16:37:10.049,2025-07-10 18:04:28.207
fed60a,Quorum,fat-tree,VISA,8,16,10,2023,hop,10 nodes,0,2,1,3,2024-06-21 15:29:58.550,2024-06-21 15:49:52.635
1abce5,Quorum,fat-tree,VISA,8,16,10,2023,hop,40 nodes,0,10,1,10,2025-07-11 11:42:19.138,2025-07-11 13:22:48.319
2bf8c1,Quorum,fat-tree,VISA,8,16,10,2023,hop,40 nodes,0,1,1,1,2024-05-04 16:51:39.505,2024-05-04 16:51:39.505
3ce888,Quorum,fat-tree,VISA,8,16,10,2023,hop,40 nodes,0,1,1,1,2024-06-08 08:58:42.513,2024-06-08 08:58:42.513
a3d611,Quorum,fat-tree,VISA,8,16,10,2023,hop,40 nodes,0,2,1,2,2024-06-08 16:48:55.186,2024-06-08 17:00:19.286
074a54,Quorum,full mesh,DDoS,8,16,10,2023,hop,10 nodes,0,10,1,10,2025-07-12 03:06:32.235,2025-07-12 04:35:19.210
3e15e1,Quorum,full mesh,DDoS,8,16,10,2023,hop,10 nodes,0,1,1,1,2024-05-09 12:52:54.824,2024-05-09 12:52:54.824
d280ef,Quorum,full mesh,DDoS,8,16,10,2023,hop,10 nodes,0,2,1,2,2024-06-05 19:04:02.391,2024-06-05 19:13:51.685
036238,Quorum,full mesh,DDoS,8,16,10,2023,hop,40 nodes,0,10,1,10,2025-06-12 13:31:18.936,2025-06-12 15:11:30.248
77b7c2,Quorum,full mesh,DDoS,8,16,10,2023,hop,40 nodes,0,1,1,1,2024-04-22 08:41:23.221,2024-04-22 08:41:23.221
b26689,Quorum,full mesh,DDoS,8,16,10,2023,hop,40 nodes,0,2,1,2,2024-06-08 00:30:20.921,2024-06-08 00:41:51.685
2a94c0,Quorum,full mesh,FIFA,8,16,10,2023,hop,10 nodes,0,10,1,10,2025-07-12 04:49:33.144,2025-07-12 06:55:05.325
7f1727,Quorum,full mesh,FIFA,8,16,10,2023,hop,10 nodes,0,2,1,2,2024-06-05 19:29:05.515,2024-06-05 19:42:37.026
f06fb2,Quorum,full mesh,FIFA,8,16,10,2023,hop,10 nodes,0,1,1,1,2024-05-09 13:10:16.737,2024-05-09 13:10:16.737
57986b,Quorum,full mesh,FIFA,8,16,10,2023,hop,40 nodes,0,10,1,10,2025-06-12 15:26:26.726,2025-06-12 17:44:14.753
57eec7,Quorum,full mesh,FIFA,8,16,10,2023,hop,40 nodes,0,1,1,1,2024-04-22 09:06:49.491,2024-04-22 09:06:49.491
6c4ead,Quorum,full mesh,FIFA,8,16,10,2023,hop,40 nodes,0,2,1,2,2024-06-08 00:57:15.681,2024-06-08 01:12:56.120
056ee8,Quorum,full mesh,GAFAM,8,16,10,2023,hop,10 nodes,0,1,1,1,2024-05-09 12:30:41.843,2024-05-09 12:30:41.843
25c8cb,Quorum,full mesh,GAFAM,8,16,10,2023,hop,10 nodes,0,2,1,2,2024-06-05 18:22:34.153,2024-06-05 18:33:26.082
509e76,Quorum,full mesh,GAFAM,8,16,10,2023,hop,10 nodes,0,10,1,10,2025-07-11 21:52:56.756,2025-07-11 23:39:52.734
154bd7,Quorum,full mesh,GAFAM,8,16,10,2023,hop,40 nodes,0,1,2,2,2024-06-11 14:08:14.048,2024-06-11 14:08:14.048
483b56,Quorum,full mesh,GAFAM,8,16,10,2023,hop,40 nodes,0,2,1,2,2024-06-08 14:40:21.034,2024-06-08 14:53:39.319
717eb7,Quorum,full mesh,GAFAM,8,16,10,2023,hop,40 nodes,0,10,1,10,2025-06-12 07:35:02.553,2025-06-12 09:34:46.354
edecbd,Quorum,full mesh,GAFAM,8,16,10,2023,hop,40 nodes,0,1,1,1,2024-04-22 08:52:08.398,2024-04-22 08:52:08.398
5a3553,Quorum,full mesh,Gaming,8,16,10,2023,hop,10 nodes,0,3,1,3,2024-06-17 05:04:38.721,2024-06-17 05:38:17.226
6e38c1,Quorum,full mesh,Gaming,8,16,10,2023,hop,10 nodes,0,1,1,1,2024-05-09 13:21:46.823,2024-05-09 13:21:46.823
d1bd46,Quorum,full mesh,Gaming,8,16,10,2023,hop,10 nodes,0,10,1,10,2025-07-12 07:08:50.725,2025-07-12 09:13:52.211
112125,Quorum,full mesh,Gaming,8,16,10,2023,hop,40 nodes,0,2,1,2,2024-06-08 01:28:11.531,2024-06-08 01:43:49.592
2890bf,Quorum,full mesh,Gaming,8,16,10,2023,hop,40 nodes,0,10,1,10,2025-06-12 17:59:03.173,2025-06-12 20:16:20.980
a80966,Quorum,full mesh,Gaming,8,16,10,2023,hop,40 nodes,0,1,1,1,2024-04-22 09:19:32.548,2024-04-22 09:19:32.548
310393,Quorum,full mesh,PayPal,8,16,10,2023,hop,10 nodes,0,2,1,2,2024-06-05 17:59:49.107,2024-06-05 18:09:59.342
6a4392,Quorum,full mesh,PayPal,8,16,10,2023,hop,10 nodes,0,10,1,10,2025-07-11 23:51:46.401,2025-07-12 01:18:51.966
821059,Quorum,full mesh,PayPal,8,16,10,2023,hop,10 nodes,0,1,1,1,2024-05-09 12:19:58.919,2024-05-09 12:19:58.919
b7ad25,Quorum,full mesh,PayPal,8,16,10,2023,hop,40 nodes,0,1,1,1,2024-05-04 14:41:44.826,2024-05-04 14:41:44.826
c4a20b,Quorum,full mesh,PayPal,8,16,10,2023,hop,40 nodes,0,10,1,10,2025-06-12 09:47:27.955,2025-06-12 11:28:37.703
e6aed3,Quorum,full mesh,PayPal,8,16,10,2023,hop,40 nodes,0,2,1,2,2024-06-07 23:17:51.976,2024-06-07 23:29:11.042
510d65,Quorum,full mesh,VISA,8,16,10,2023,hop,10 nodes,0,1,1,1,2024-05-09 12:42:24.917,2024-05-09 12:42:24.917
7d913b,Quorum,full mesh,VISA,8,16,10,2023,hop,10 nodes,0,10,1,10,2025-07-12 01:28:41.243,2025-07-12 02:56:34.724
96f27e,Quorum,full mesh,VISA,8,16,10,2023,hop,10 nodes,0,1,1,1,2024-06-21 17:35:07.966,2024-06-21 17:35:07.966
af6c7c,Quorum,full mesh,VISA,8,16,10,2023,hop,10 nodes,0,1,2,2,2024-06-21 18:26:08.733,2024-06-21 18:26:08.733
c2aedc,Quorum,full mesh,VISA,8,16,10,2023,hop,10 nodes,0,1,3,3,2024-06-17 23:18:09.479,2024-06-17 23:18:09.479
1af088,Quorum,full mesh,VISA,8,16,10,2023,hop,40 nodes,0,3,1,3,2024-06-17 12:26:28.368,2024-06-17 12:49:19.127
81f977,Quorum,full mesh,VISA,8,16,10,2023,hop,40 nodes,0,2,1,2,2024-06-08 00:07:18.868,2024-06-08 00:18:42.193
a199a5,Quorum,full mesh,VISA,8,16,10,2023,hop,40 nodes,0,10,1,10,2025-06-12 11:39:38.132,2025-06-12 13:20:11.679
ac6c2a,Quorum,full mesh,VISA,8,16,10,2023,hop,40 nodes,0,2,1,2,2024-06-08 14:17:37.699,2024-06-08 14:29:01.392
e212b1,Quorum,full mesh,VISA,8,16,10,2023,hop,40 nodes,0,1,1,1,2024-05-04 14:53:14.361,2024-05-04 14:53:14.361
1084e3,Quorum,hypercube,DDoS,8,16,10,2023,hop,10 nodes,0,10,1,10,2025-06-16 05:56:55.763,2025-06-16 07:25:12.350
3177f0,Quorum,hypercube,DDoS,8,16,10,2023,hop,10 nodes,0,1,1,1,2024-05-09 21:27:20.732,2024-05-09 21:27:20.732
ed85c6,Quorum,hypercube,DDoS,8,16,10,2023,hop,10 nodes,0,2,1,2,2024-06-06 05:12:47.370,2024-06-06 05:23:05.523
2917ba,Quorum,hypercube,DDoS,8,16,10,2023,hop,40 nodes,0,2,1,2,2024-06-08 12:20:14.581,2024-06-08 12:31:44.965
73f4de,Quorum,hypercube,DDoS,8,16,10,2023,hop,40 nodes,0,10,1,10,2025-06-16 18:38:06.897,2025-06-16 20:20:34.976
d81f5e,Quorum,hypercube,DDoS,8,16,10,2023,hop,40 nodes,0,1,1,1,2024-04-22 00:53:18.285,2024-04-22 00:53:18.285
076d3d,Quorum,hypercube,FIFA,8,16,10,2023,hop,10 nodes,0,1,2,2,2024-06-06 05:54:17.251,2024-06-06 05:54:17.251
730e5b,Quorum,hypercube,FIFA,8,16,10,2023,hop,10 nodes,0,10,1,10,2025-06-16 07:39:42.764,2025-06-16 09:44:50.117
b9d84a,Quorum,hypercube,FIFA,8,16,10,2023,hop,10 nodes,0,2,1,2,2024-06-14 18:12:57.616,2024-06-14 18:26:51.420
d3d376,Quorum,hypercube,FIFA,8,16,10,2023,hop,10 nodes,0,1,1,1,2024-05-09 21:43:26.656,2024-05-09 21:43:26.656
046312,Quorum,hypercube,FIFA,8,16,10,2023,hop,40 nodes,0,2,1,2,2024-06-08 12:48:22.555,2024-06-08 13:03:52.288
b97867,Quorum,hypercube,FIFA,8,16,10,2023,hop,40 nodes,0,10,1,10,2025-06-16 20:34:47.624,2025-06-16 22:53:49.296
d642f6,Quorum,hypercube,FIFA,8,16,10,2023,hop,40 nodes,0,1,1,1,2024-04-22 01:18:44.297,2024-04-22 01:18:44.297
07a378,Quorum,hypercube,GAFAM,8,16,10,2023,hop,10 nodes,0,2,1,2,2024-06-14 17:23:09.926,2024-06-14 17:40:16.524
2547cb,Quorum,hypercube,GAFAM,8,16,10,2023,hop,10 nodes,0,1,1,1,2024-05-09 21:04:49.544,2024-05-09 21:04:49.544
b7b1d3,Quorum,hypercube,GAFAM,8,16,10,2023,hop,10 nodes,0,9,1,10,2025-06-16 00:42:35.079,2025-06-16 02:30:55.744
c6fe2f,Quorum,hypercube,GAFAM,8,16,10,2023,hop,10 nodes,0,1,2,2,2024-06-06 04:46:01.842,2024-06-06 04:46:01.842
119693,Quorum,hypercube,GAFAM,8,16,10,2023,hop,40 nodes,0,1,1,1,2024-06-08 18:17:53.014,2024-06-08 18:17:53.014
27ae76,Quorum,hypercube,GAFAM,8,16,10,2023,hop,40 nodes,0,1,1,1,2024-04-22 01:03:58.033,2024-04-22 01:03:58.033
a31edb,Quorum,hypercube,GAFAM,8,16,10,2023,hop,40 nodes,0,1,1,1,2024-06-09 23:35:38.446,2024-06-09 23:35:38.446
aa323c,Quorum,hypercube,GAFAM,8,16,10,2023,hop,40 nodes,0,10,1,10,2025-06-16 12:41:32.332,2025-06-16 14:40:55.657
6aaa93,Quorum,hypercube,Gaming,8,16,10,2023,hop,10 nodes,0,1,2,2,2024-06-06 06:19:19.055,2024-06-06 06:19:19.055
9888fd,Quorum,hypercube,Gaming,8,16,10,2023,hop,10 nodes,0,3,1,3,2024-06-17 03:40:38.647,2024-06-17 04:10:53.303
a34db5,Quorum,hypercube,Gaming,8,16,10,2023,hop,10 nodes,0,1,1,1,2024-05-09 21:57:55.017,2024-05-09 21:57:55.017
a7e3e4,Quorum,hypercube,Gaming,8,16,10,2023,hop,10 nodes,0,2,1,2,2024-06-14 18:41:04.832,2024-06-14 18:58:51.022
bad54a,Quorum,hypercube,Gaming,8,16,10,2023,hop,10 nodes,0,10,1,10,2025-06-16 09:58:35.826,2025-06-16 12:03:31.180
3907fb,Quorum,hypercube,Gaming,8,16,10,2023,hop,40 nodes,0,1,1,1,2024-04-22 01:31:03.398,2024-04-22 01:31:03.398
a9f932,Quorum,hypercube,Gaming,8,16,10,2023,hop,40 nodes,0,10,1,10,2025-06-16 23:08:37.440,2025-06-17 01:24:56.493
c483c0,Quorum,hypercube,Gaming,8,16,10,2023,hop,40 nodes,0,2,1,2,2024-06-08 13:19:02.879,2024-06-08 13:34:31.895
0b6afc,Quorum,hypercube,PayPal,8,16,10,2023,hop,10 nodes,0,2,1,2,2024-06-06 04:08:26.061,2024-06-06 04:18:32.859
2b4339,Quorum,hypercube,PayPal,8,16,10,2023,hop,10 nodes,0,2,1,2,2024-06-15 11:19:40.992,2024-06-15 11:29:49.098
3a84bd,Quorum,hypercube,PayPal,8,16,10,2023,hop,10 nodes,0,10,1,10,2025-06-16 02:42:04.269,2025-06-16 04:09:45.082
81d514,Quorum,hypercube,PayPal,8,16,10,2023,hop,10 nodes,0,1,1,1,2024-05-09 20:54:06.340,2024-05-09 20:54:06.340
a7bc3b,Quorum,hypercube,PayPal,8,16,10,2023,hop,10 nodes,0,2,1,2,2024-06-14 17:02:25.790,2024-06-14 17:12:54.070
0cb8cd,Quorum,hypercube,PayPal,8,16,10,2023,hop,40 nodes,0,1,1,1,2024-05-04 17:18:56.082,2024-05-04 17:18:56.082
6f6dd4,Quorum,hypercube,PayPal,8,16,10,2023,hop,40 nodes,0,10,1,10,2025-06-16 14:53:37.703,2025-06-16 16:34:44.905
b5a26b,Quorum,hypercube,PayPal,8,16,10,2023,hop,40 nodes,0,2,1,2,2024-06-08 11:07:08.634,2024-06-08 11:18:27.946
7f206b,Quorum,hypercube,VISA,8,16,10,2023,hop,10 nodes,0,1,1,1,2024-05-10 07:19:47.440,2024-05-10 07:19:47.440
86b2ba,Quorum,hypercube,VISA,8,16,10,2023,hop,10 nodes,0,1,1,1,2024-06-14 17:47:18.054,2024-06-14 17:47:18.054
bb1dba,Quorum,hypercube,VISA,8,16,10,2023,hop,10 nodes,0,10,1,10,2025-06-16 04:19:35.546,2025-06-16 05:46:55.538
bea3bc,Quorum,hypercube,VISA,8,16,10,2023,hop,10 nodes,0,1,1,1,2024-06-17 03:04:40.024,2024-06-17 03:04:40.024
68258d,Quorum,hypercube,VISA,8,16,10,2023,hop,40 nodes,0,2,1,2,2024-06-08 11:57:02.329,2024-06-08 12:08:27.320
998192,Quorum,hypercube,VISA,8,16,10,2023,hop,40 nodes,0,2,1,2,2024-06-08 17:55:12.366,2024-06-08 18:06:35.564
b6e4c6,Quorum,hypercube,VISA,8,16,10,2023,hop,40 nodes,0,10,1,10,2025-06-16 16:45:45.448,2025-06-16 18:26:59.746
c02209,Quorum,hypercube,VISA,8,16,10,2023,hop,40 nodes,0,1,1,1,2024-05-04 17:29:55.372,2024-05-04 17:29:55.372
0cc85d,Quorum,scale-free,DDoS,8,16,10,2023,hop,10 nodes,0,10,1,10,2025-06-13 02:06:35.533,2025-06-13 03:35:05.115
22bafa,Quorum,scale-free,DDoS,8,16,10,2023,hop,10 nodes,0,2,1,2,2024-06-05 21:38:21.215,2024-06-05 21:48:10.185
3972b9,Quorum,scale-free,DDoS,8,16,10,2023,hop,10 nodes,0,1,1,1,2024-05-09 14:15:34.275,2024-05-09 14:15:34.275
dc41d6,Quorum,scale-free,DDoS,8,16,10,2023,hop,10 nodes,0,1,1,1,2024-05-28 06:31:08.085,2024-05-28 06:31:08.085
36b58e,Quorum,scale-free,DDoS,8,16,10,2023,hop,40 nodes,0,10,1,10,2025-06-13 14:46:03.863,2025-06-13 16:26:42.957
3dd47b,Quorum,scale-free,DDoS,8,16,10,2023,hop,40 nodes,0,2,1,2,2024-06-08 03:28:05.781,2024-06-08 03:39:36.061
b3b294,Quorum,scale-free,DDoS,8,16,10,2023,hop,40 nodes,0,1,1,1,2024-05-28 08:04:56.552,2024-05-28 08:04:56.552
ebe8a1,Quorum,scale-free,DDoS,8,16,10,2023,hop,40 nodes,0,2,1,2,2024-06-10 06:38:37.332,2024-06-10 06:50:07.274
efc365,Quorum,scale-free,DDoS,8,16,10,2023,hop,40 nodes,0,1,1,1,2024-04-21 21:29:22.775,2024-04-21 21:29:22.775
1dae9e,Quorum,scale-free,FIFA,8,16,10,2023,hop,10 nodes,0,1,1,1,2024-05-28 06:47:05.736,2024-05-28 06:47:05.736
49446b,Quorum,scale-free,FIFA,8,16,10,2023,hop,10 nodes,0,1,1,1,2024-05-09 14:31:34.432,2024-05-09 14:31:34.432
865e69,Quorum,scale-free,FIFA,8,16,10,2023,hop,10 nodes,0,2,1,2,2024-06-05 22:07:40.569,2024-06-05 22:17:02.795
bf0510,Quorum,scale-free,FIFA,8,16,10,2023,hop,10 nodes,0,10,1,10,2025-06-13 03:50:17.768,2025-06-13 05:57:03.514
dc1e0c,Quorum,scale-free,FIFA,8,16,10,2023,hop,10 nodes,0,2,1,2,2024-06-14 16:00:34.890,2024-06-14 16:13:22.494
0c6e99,Quorum,scale-free,FIFA,8,16,10,2023,hop,40 nodes,0,2,1,2,2024-06-08 03:55:00.188,2024-06-08 04:10:44.843
1b1a77,Quorum,scale-free,FIFA,8,16,10,2023,hop,40 nodes,0,10,1,10,2025-06-13 16:41:33.512,2025-06-13 18:59:31.043
1b24b0,Quorum,scale-free,FIFA,8,16,10,2023,hop,40 nodes,0,1,1,1,2024-04-21 21:56:01.687,2024-04-21 21:56:01.687
2df6e3,Quorum,scale-free,FIFA,8,16,10,2023,hop,40 nodes,0,2,1,2,2024-06-10 07:05:32.325,2024-06-10 07:21:10.528
941609,Quorum,scale-free,FIFA,8,16,10,2023,hop,40 nodes,0,1,1,1,2024-05-28 08:21:41.013,2024-05-28 08:21:41.013
046585,Quorum,scale-free,GAFAM,8,16,10,2023,hop,10 nodes,0,8,2,10,2025-06-12 21:04:48.449,2025-06-12 22:38:54.233
3a66ab,Quorum,scale-free,GAFAM,8,16,10,2023,hop,10 nodes,0,1,1,1,2024-05-09 13:54:34.168,2024-05-09 13:54:34.168
adf66c,Quorum,scale-free,GAFAM,8,16,10,2023,hop,10 nodes,0,1,1,1,2024-05-28 06:08:39.615,2024-05-28 06:08:39.615
c5b01f,Quorum,scale-free,GAFAM,8,16,10,2023,hop,10 nodes,0,2,1,2,2024-06-14 15:11:37.617,2024-06-14 15:22:53.541
2fad2d,Quorum,scale-free,GAFAM,8,16,10,2023,hop,40 nodes,0,10,1,10,2025-06-13 08:49:54.169,2025-06-13 10:49:13.057
63bf50,Quorum,scale-free,GAFAM,8,16,10,2023,hop,40 nodes,0,1,1,1,2024-05-28 07:39:54.048,2024-05-28 07:39:54.048
7fbd61,Quorum,scale-free,GAFAM,8,16,10,2023,hop,40 nodes,0,1,1,1,2024-04-21 21:40:01.130,2024-04-21 21:40:01.130
bc3256,Quorum,scale-free,GAFAM,8,16,10,2023,hop,40 nodes,0,1,1,1,2024-06-10 05:49:23.954,2024-06-10 05:49:23.954
c299ba,Quorum,scale-free,GAFAM,8,16,10,2023,hop,40 nodes,0,3,1,3,2024-06-17 09:46:33.167,2024-06-17 10:13:12.629
f83b16,Quorum,scale-free,GAFAM,8,16,10,2023,hop,40 nodes,0,1,1,1,2024-06-08 02:38:23.339,2024-06-08 02:38:23.339
417322,Quorum,scale-free,Gaming,8,16,10,2023,hop,10 nodes,0,10,1,10,2025-06-13 06:10:36.844,2025-06-13 08:15:47.104
4fe6df,Quorum,scale-free,Gaming,8,16,10,2023,hop,10 nodes,0,1,1,1,2024-05-28 07:01:05.611,2024-05-28 07:01:05.611
6562f3,Quorum,scale-free,Gaming,8,16,10,2023,hop,10 nodes,0,2,1,2,2024-06-14 16:26:40.268,2024-06-14 16:41:47.493
928881,Quorum,scale-free,Gaming,8,16,10,2023,hop,10 nodes,0,1,1,1,2024-05-09 14:45:23.553,2024-05-09 14:45:23.553
00c730,Quorum,scale-free,Gaming,8,16,10,2023,hop,40 nodes,0,1,1,1,2024-05-28 08:36:51.242,2024-05-28 08:36:51.242
295600,Quorum,scale-free,Gaming,8,16,10,2023,hop,40 nodes,0,2,1,2,2024-06-10 07:36:15.763,2024-06-10 07:51:27.344
8d908b,Quorum,scale-free,Gaming,8,16,10,2023,hop,40 nodes,0,2,1,2,2024-06-08 04:25:43.962,2024-06-08 04:41:26.216
d09712,Quorum,scale-free,Gaming,8,16,10,2023,hop,40 nodes,0,1,1,1,2024-04-21 22:08:38.362,2024-04-21 22:08:38.362
f49261,Quorum,scale-free,Gaming,8,16,10,2023,hop,40 nodes,0,10,1,10,2025-06-13 19:15:05.671,2025-06-13 21:31:53.443
3a7b6c,Quorum,scale-free,PayPal,8,16,10,2023,hop,10 nodes,0,1,1,1,2024-06-14 14:48:20.413,2024-06-14 14:48:20.413
433e89,Quorum,scale-free,PayPal,8,16,10,2023,hop,10 nodes,0,1,1,1,2024-05-09 13:42:41.074,2024-05-09 13:42:41.074
453cd1,Quorum,scale-free,PayPal,8,16,10,2023,hop,10 nodes,0,10,1,10,2025-06-12 22:50:22.895,2025-06-13 00:18:36.550
71fae4,Quorum,scale-free,PayPal,8,16,10,2023,hop,10 nodes,0,2,1,2,2024-06-15 10:17:44.126,2024-06-15 10:27:51.956
a5ae9a,Quorum,scale-free,PayPal,8,16,10,2023,hop,10 nodes,0,1,1,1,2024-05-28 05:57:47.741,2024-05-28 05:57:47.741
09cc49,Quorum,scale-free,PayPal,8,16,10,2023,hop,40 nodes,0,2,1,2,2024-06-08 02:15:39.463,2024-06-08 02:26:56.955
1aa64f,Quorum,scale-free,PayPal,8,16,10,2023,hop,40 nodes,0,1,1,1,2024-05-28 07:28:19.976,2024-05-28 07:28:19.976
329bd1,Quorum,scale-free,PayPal,8,16,10,2023,hop,40 nodes,0,1,1,1,2024-05-04 15:21:14.249,2024-05-04 15:21:14.249
4352fd,Quorum,scale-free,PayPal,8,16,10,2023,hop,40 nodes,0,2,1,2,2024-06-10 05:26:37.120,2024-06-10 05:37:55.115
f8908a,Quorum,scale-free,PayPal,8,16,10,2023,hop,40 nodes,0,10,1,10,2025-06-13 11:02:20.857,2025-06-13 12:43:10.812
2046dc,Quorum,scale-free,VISA,8,16,10,2023,hop,10 nodes,0,10,1,10,2025-06-13 00:28:28.935,2025-06-13 01:56:32.898
7d7fdc,Quorum,scale-free,VISA,8,16,10,2023,hop,10 nodes,0,1,1,1,2024-06-14 15:32:56.594,2024-06-14 15:32:56.594
9512cc,Quorum,scale-free,VISA,8,16,10,2023,hop,10 nodes,0,1,1,1,2024-05-09 14:05:06.280,2024-05-09 14:05:06.280
97a9f7,Quorum,scale-free,VISA,8,16,10,2023,hop,10 nodes,0,1,1,1,2024-05-29 06:31:37.205,2024-05-29 06:31:37.205
f3df5d,Quorum,scale-free,VISA,8,16,10,2023,hop,10 nodes,0,1,1,1,2024-06-16 07:50:20.262,2024-06-16 07:50:20.262
2047d1,Quorum,scale-free,VISA,8,16,10,2023,hop,40 nodes,0,1,1,1,2024-05-28 16:24:19.708,2024-05-28 16:24:19.708
81b8ab,Quorum,scale-free,VISA,8,16,10,2023,hop,40 nodes,0,3,1,3,2024-06-17 09:11:38.795,2024-06-17 09:34:49.916
aba86c,Quorum,scale-free,VISA,8,16,10,2023,hop,40 nodes,0,1,1,1,2024-06-08 03:05:02.956,2024-06-08 03:05:02.956
b49d98,Quorum,scale-free,VISA,8,16,10,2023,hop,40 nodes,0,10,1,10,2025-06-13 12:54:11.577,2025-06-13 14:34:20.531
f64022,Quorum,scale-free,VISA,8,16,10,2023,hop,40 nodes,0,1,2,2,2024-06-10 06:27:27.821,2024-06-10 06:27:27.821
f64d7f,Quorum,scale-free,VISA,8,16,10,2023,hop,40 nodes,0,1,1,1,2024-05-04 15:33:05.644,2024-05-04 15:33:05.644
18705a,Quorum,torus,DDoS,8,16,10,2023,hop,10 nodes,0,1,1,1,2024-05-09 15:39:10.416,2024-05-09 15:39:10.416
29fb07,Quorum,torus,DDoS,8,16,10,2023,hop,10 nodes,0,10,1,10,2025-06-14 03:23:48.757,2025-06-14 04:52:06.061
08acba,Quorum,torus,DDoS,8,16,10,2023,hop,40 nodes,0,2,1,2,2024-06-08 06:24:38.718,2024-06-08 06:35:41.572
c7be65,Quorum,torus,DDoS,8,16,10,2023,hop,40 nodes,0,10,1,10,2025-06-14 16:04:43.091,2025-06-14 17:45:10.891
ecf5af,Quorum,torus,DDoS,8,16,10,2023,hop,40 nodes,0,1,1,1,2024-04-21 22:37:26.438,2024-04-21 22:37:26.438
041304,Quorum,torus,FIFA,8,16,10,2023,hop,10 nodes,0,1,1,1,2024-05-09 15:54:28.937,2024-05-09 15:54:28.937
9437dd,Quorum,torus,FIFA,8,16,10,2023,hop,10 nodes,0,10,1,10,2025-06-14 05:06:17.570,2025-06-14 07:12:08.450
13b0a3,Quorum,torus,FIFA,8,16,10,2023,hop,40 nodes,0,10,1,10,2025-06-14 18:00:43.833,2025-06-14 20:18:10.645
697489,Quorum,torus,FIFA,8,16,10,2023,hop,40 nodes,0,1,1,1,2024-04-21 23:04:08.118,2024-04-21 23:04:08.118
ccae3f,Quorum,torus,FIFA,8,16,10,2023,hop,40 nodes,0,2,1,2,2024-06-08 06:50:20.555,2024-06-08 07:06:05.042
8e04aa,Quorum,torus,GAFAM,8,16,10,2023,hop,10 nodes,0,1,1,1,2024-05-09 15:17:27.485,2024-05-09 15:17:27.485
b5f692,Quorum,torus,GAFAM,8,16,10,2023,hop,10 nodes,0,9,1,10,2025-06-13 22:09:23.128,2025-06-13 23:57:05.716
0a2fbb,Quorum,torus,GAFAM,8,16,10,2023,hop,40 nodes,0,1,2,2,2024-06-08 05:48:47.848,2024-06-08 05:48:47.848
2893af,Quorum,torus,GAFAM,8,16,10,2023,hop,40 nodes,0,1,1,1,2024-04-21 22:48:03.928,2024-04-21 22:48:03.928
4b7eab,Quorum,torus,GAFAM,8,16,10,2023,hop,40 nodes,0,2,2,3,2024-06-17 08:16:14.436,2024-06-17 08:29:31.279
c0c900,Quorum,torus,GAFAM,8,16,10,2023,hop,40 nodes,0,10,1,10,2025-06-14 10:05:32.122,2025-06-14 12:05:47.654
64333f,Quorum,torus,Gaming,8,16,10,2023,hop,10 nodes,0,10,1,10,2025-06-14 07:25:45.521,2025-06-14 09:30:41.644
65d40a,Quorum,torus,Gaming,8,16,10,2023,hop,10 nodes,0,1,1,1,2024-05-09 16:09:15.949,2024-05-09 16:09:15.949
0c6c5c,Quorum,torus,Gaming,8,16,10,2023,hop,40 nodes,0,1,1,1,2024-04-21 23:16:44.334,2024-04-21 23:16:44.334
103525,Quorum,torus,Gaming,8,16,10,2023,hop,40 nodes,0,2,1,2,2024-06-08 07:21:41.311,2024-06-08 07:37:15.125
d36352,Quorum,torus,Gaming,8,16,10,2023,hop,40 nodes,0,10,1,10,2025-06-14 20:33:23.881,2025-06-14 22:51:15.406
63151d,Quorum,torus,PayPal,8,16,10,2023,hop,10 nodes,0,10,1,10,2025-06-14 00:08:36.617,2025-06-14 01:36:11.312
d16c2a,Quorum,torus,PayPal,8,16,10,2023,hop,10 nodes,0,1,1,1,2024-05-09 15:06:15.738,2024-05-09 15:06:15.738
27d7b5,Quorum,torus,PayPal,8,16,10,2023,hop,40 nodes,0,2,1,2,2024-06-08 05:12:21.568,2024-06-08 05:24:00.654
486a84,Quorum,torus,PayPal,8,16,10,2023,hop,40 nodes,0,10,1,10,2025-06-14 12:18:29.933,2025-06-14 13:59:30.291
87abaf,Quorum,torus,PayPal,8,16,10,2023,hop,40 nodes,0,1,1,1,2024-05-04 16:00:47.513,2024-05-04 16:00:47.513
549c5e,Quorum,torus,VISA,8,16,10,2023,hop,10 nodes,0,1,1,1,2024-05-09 20:30:00.692,2024-05-09 20:30:00.692
f2506b,Quorum,torus,VISA,8,16,10,2023,hop,10 nodes,0,10,1,10,2025-06-14 01:46:31.130,2025-06-14 03:13:50.280
1057e8,Quorum,torus,VISA,8,16,10,2023,hop,40 nodes,0,3,1,3,2024-06-17 07:28:25.525,2024-06-17 07:51:14.419
1f3740,Quorum,torus,VISA,8,16,10,2023,hop,40 nodes,0,10,1,10,2025-06-14 14:11:04.429,2025-06-14 15:52:57.750
90aee4,Quorum,torus,VISA,8,16,10,2023,hop,40 nodes,0,2,1,2,2024-06-08 06:02:09.073,2024-06-08 06:13:32.277
c18aad,Quorum,torus,VISA,8,16,10,2023,hop,40 nodes,0,2,1,2,2024-06-08 15:42:17.541,2024-06-08 15:53:40.711
e4fad8,Quorum,torus,VISA,8,16,10,2023,hop,40 nodes,0,1,1,1,2024-05-04 16:12:41.179,2024-05-04 16:12:41.179
120635,Solana,fat-tree,DDoS,8,16,10,2023,hop,10 nodes,0,10,1,10,2025-07-07 23:27:20.581,2025-07-08 01:19:45.648
322ef4,Solana,fat-tree,DDoS,8,16,10,2023,hop,10 nodes,0,2,1,2,2024-06-05 12:49:22.163,2024-06-05 13:02:02.767
d4b486,Solana,fat-tree,DDoS,8,16,10,2023,hop,10 nodes,0,1,1,1,2024-05-10 14:41:54.782,2024-05-10 14:41:54.782
01d13e,Solana,fat-tree,DDoS,8,16,10,2023,hop,40 nodes,0,2,1,2,2024-06-09 17:03:41.553,2024-06-09 17:17:27.241
253645,Solana,fat-tree,DDoS,8,16,10,2023,hop,40 nodes,0,10,1,10,2025-07-08 14:45:46.223,2025-07-08 16:51:38.511
617706,Solana,fat-tree,DDoS,8,16,10,2023,hop,40 nodes,0,1,1,1,2024-05-27 02:35:47.453,2024-05-27 02:35:47.453
407307,Solana,fat-tree,FIFA,8,16,10,2023,hop,10 nodes,0,1,1,1,2024-06-05 13:22:42.008,2024-06-05 13:22:42.008
828d61,Solana,fat-tree,FIFA,8,16,10,2023,hop,10 nodes,0,10,1,10,2025-07-08 01:37:52.452,2025-07-08 04:19:47.182
bc565f,Solana,fat-tree,FIFA,8,16,10,2023,hop,10 nodes,0,1,1,1,2024-05-10 15:00:08.538,2024-05-10 15:00:08.538
f3ad04,Solana,fat-tree,FIFA,8,16,10,2023,hop,10 nodes,0,2,1,2,2024-06-17 16:08:41.981,2024-06-17 16:26:59.741
ab42e8,Solana,fat-tree,FIFA,8,16,10,2023,hop,40 nodes,0,10,1,10,2025-07-08 17:12:00.847,2025-07-08 20:06:34.105
d229b2,Solana,fat-tree,FIFA,8,16,10,2023,hop,40 nodes,0,1,1,1,2024-05-27 02:56:26.302,2024-05-27 02:56:26.302
e3f48d,Solana,fat-tree,FIFA,8,16,10,2023,hop,40 nodes,0,2,1,2,2024-06-09 17:38:57.959,2024-06-09 17:56:46.768
066279,Solana,fat-tree,GAFAM,8,16,10,2023,hop,10 nodes,0,2,1,2,2024-06-05 12:04:38.093,2024-06-05 12:17:12.567
301d76,Solana,fat-tree,GAFAM,8,16,10,2023,hop,10 nodes,0,1,1,1,2024-05-10 14:19:50.988,2024-05-10 14:19:50.988
35c86b,Solana,fat-tree,GAFAM,8,16,10,2023,hop,10 nodes,0,10,1,10,2025-07-07 17:57:43.826,2025-07-07 19:48:57.780
4b9147,Solana,fat-tree,GAFAM,8,16,10,2023,hop,40 nodes,0,2,1,2,2024-06-09 16:16:04.997,2024-06-09 16:29:30.906
efd5ca,Solana,fat-tree,GAFAM,8,16,10,2023,hop,40 nodes,0,1,1,1,2024-05-27 02:12:18.927,2024-05-27 02:12:18.927
fe0f8c,Solana,fat-tree,GAFAM,8,16,10,2023,hop,40 nodes,0,10,1,10,2025-07-08 08:32:59.557,2025-07-08 10:37:57.062
8b6650,Solana,fat-tree,Gaming,8,16,10,2023,hop,10 nodes,0,1,2,2,2024-06-05 14:15:46.677,2024-06-05 14:15:46.677
9c2df1,Solana,fat-tree,Gaming,8,16,10,2023,hop,10 nodes,0,10,1,10,2025-07-08 04:37:22.738,2025-07-08 07:19:26.950
e85992,Solana,fat-tree,Gaming,8,16,10,2023,hop,10 nodes,0,1,1,1,2024-05-10 18:17:15.819,2024-05-10 18:17:15.819
27b89b,Solana,fat-tree,Gaming,8,16,10,2023,hop,40 nodes,0,2,1,2,2024-06-09 18:15:40.235,2024-06-09 18:35:06.184
e7483c,Solana,fat-tree,Gaming,8,16,10,2023,hop,40 nodes,0,10,1,10,2025-07-08 20:25:37.137,2025-07-08 23:19:30.756
f5d69f,Solana,fat-tree,Gaming,8,16,10,2023,hop,40 nodes,0,1,1,1,2024-05-27 03:15:58.372,2024-05-27 03:15:58.372
0bb997,Solana,fat-tree,PayPal,8,16,10,2023,hop,10 nodes,0,1,1,1,2024-05-10 14:07:54.926,2024-05-10 14:07:54.926
2131e2,Solana,fat-tree,PayPal,8,16,10,2023,hop,10 nodes,0,10,1,10,2025-07-07 19:59:58.370,2025-07-07 21:32:51.713
89a2a0,Solana,fat-tree,PayPal,8,16,10,2023,hop,10 nodes,0,2,1,2,2024-06-05 11:42:12.521,2024-06-05 11:52:41.694
05722e,Solana,fat-tree,PayPal,8,16,10,2023,hop,40 nodes,0,1,1,1,2024-05-27 01:57:13.011,2024-05-27 01:57:13.011
6d44a8,Solana,fat-tree,PayPal,8,16,10,2023,hop,40 nodes,0,10,1,10,2025-07-08 10:48:24.602,2025-07-08 12:34:51.908
8acd78,Solana,fat-tree,PayPal,8,16,10,2023,hop,40 nodes,0,2,1,2,2024-06-09 15:49:28.419,2024-06-09 16:01:03.127
1ddc68,Solana,fat-tree,VISA,8,16,10,2023,hop,10 nodes,0,2,1,2,2024-06-05 12:28:13.778,2024-06-05 12:38:37.652
29f689,Solana,fat-tree,VISA,8,16,10,2023,hop,10 nodes,0,10,1,10,2025-07-07 21:43:24.137,2025-07-07 23:16:42.375
6e75d5,Solana,fat-tree,VISA,8,16,10,2023,hop,10 nodes,0,1,1,1,2024-05-10 14:31:04.412,2024-05-10 14:31:04.412
132e07,Solana,fat-tree,VISA,8,16,10,2023,hop,40 nodes,0,2,1,2,2024-06-09 16:40:02.925,2024-06-09 16:51:48.504
91bb99,Solana,fat-tree,VISA,8,16,10,2023,hop,40 nodes,0,10,1,10,2025-07-08 12:46:52.447,2025-07-08 14:33:48.098
fc9458,Solana,fat-tree,VISA,8,16,10,2023,hop,40 nodes,0,1,1,1,2024-05-27 02:23:26.244,2024-05-27 02:23:26.244
9b1bca,Solana,full mesh,DDoS,8,16,10,2023,hop,10 nodes,0,1,1,1,2024-05-10 01:19:52.405,2024-05-10 01:19:52.405
bc6248,Solana,full mesh,DDoS,8,16,10,2023,hop,10 nodes,0,3,1,3,2024-06-19 16:06:40.520,2024-06-19 16:31:18.815
bce54d,Solana,full mesh,DDoS,8,16,10,2023,hop,10 nodes,0,10,1,10,2025-07-04 03:41:53.286,2025-07-04 05:32:11.012
031b90,Solana,full mesh,DDoS,8,16,10,2023,hop,40 nodes,0,2,1,2,2024-06-09 08:41:45.949,2024-06-09 08:55:18.197
ae3041,Solana,full mesh,DDoS,8,16,10,2023,hop,40 nodes,0,1,1,1,2024-05-27 00:20:42.319,2024-05-27 00:20:42.319
d0cd7a,Solana,full mesh,DDoS,8,16,10,2023,hop,40 nodes,0,10,1,10,2025-07-04 18:33:41.704,2025-07-04 20:33:49.106
938657,Solana,full mesh,FIFA,8,16,10,2023,hop,10 nodes,0,1,1,1,2024-05-10 01:38:41.918,2024-05-10 01:38:41.918
aabedf,Solana,full mesh,FIFA,8,16,10,2023,hop,10 nodes,0,2,1,2,2024-06-05 02:46:06.806,2024-06-05 03:03:48.770
fca5d4,Solana,full mesh,FIFA,8,16,10,2023,hop,10 nodes,0,10,1,10,2025-07-04 05:49:29.625,2025-07-04 08:28:58.662
b3be75,Solana,full mesh,FIFA,8,16,10,2023,hop,40 nodes,0,2,1,2,2024-06-09 09:16:36.519,2024-06-09 09:32:52.321
b7a09d,Solana,full mesh,FIFA,8,16,10,2023,hop,40 nodes,0,1,1,1,2024-05-27 00:42:07.124,2024-05-27 00:42:07.124
fc5341,Solana,full mesh,FIFA,8,16,10,2023,hop,40 nodes,0,10,1,10,2025-07-04 20:53:35.989,2025-07-04 23:42:44.100
5fcd8f,Solana,full mesh,GAFAM,8,16,10,2023,hop,10 nodes,0,10,1,10,2025-07-03 22:17:44.178,2025-07-04 00:07:15.268
ee7b61,Solana,full mesh,GAFAM,8,16,10,2023,hop,10 nodes,0,1,1,1,2024-05-10 00:58:03.590,2024-05-10 00:58:03.590
fe60e5,Solana,full mesh,GAFAM,8,16,10,2023,hop,10 nodes,0,2,1,2,2024-06-05 01:33:10.255,2024-06-05 01:45:01.360
25d680,Solana,full mesh,GAFAM,8,16,10,2023,hop,40 nodes,0,2,1,2,2024-06-09 07:54:40.791,2024-06-09 08:08:03.883
55d2fd,Solana,full mesh,GAFAM,8,16,10,2023,hop,40 nodes,0,10,1,10,2025-07-04 12:38:37.084,2025-07-04 14:37:47.987
df0310,Solana,full mesh,GAFAM,8,16,10,2023,hop,40 nodes,0,1,1,1,2024-05-26 23:58:12.261,2024-05-26 23:58:12.261
0efb3c,Solana,full mesh,Gaming,8,16,10,2023,hop,10 nodes,0,10,1,10,2025-07-04 08:46:31.038,2025-07-04 11:25:13.602
12ad61,Solana,full mesh,Gaming,8,16,10,2023,hop,10 nodes,0,3,1,3,2024-06-19 17:18:40.060,2024-06-19 17:54:40.853
bd8e14,Solana,full mesh,Gaming,8,16,10,2023,hop,10 nodes,0,2,1,2,2024-06-05 03:20:44.214,2024-06-05 03:38:19.439
c1af84,Solana,full mesh,Gaming,8,16,10,2023,hop,10 nodes,0,1,1,1,2024-05-10 01:57:08.005,2024-05-10 01:57:08.005
28b21f,Solana,full mesh,Gaming,8,16,10,2023,hop,40 nodes,0,10,1,10,2025-07-05 00:01:13.779,2025-07-05 02:49:22.356
408399,Solana,full mesh,Gaming,8,16,10,2023,hop,40 nodes,0,2,1,2,2024-06-09 09:54:02.041,2024-06-09 10:11:12.018
7e49f2,Solana,full mesh,Gaming,8,16,10,2023,hop,40 nodes,0,1,1,1,2024-05-27 01:00:44.741,2024-05-27 01:00:44.741
7c0276,Solana,full mesh,PayPal,8,16,10,2023,hop,10 nodes,0,3,1,3,2024-06-19 15:35:35.942,2024-06-19 15:55:54.977
8fbf37,Solana,full mesh,PayPal,8,16,10,2023,hop,10 nodes,0,10,1,10,2025-07-04 00:18:13.150,2025-07-04 01:49:26.384
d250ec,Solana,full mesh,PayPal,8,16,10,2023,hop,10 nodes,0,1,1,1,2024-05-10 00:46:44.722,2024-05-10 00:46:44.722
b506e7,Solana,full mesh,PayPal,8,16,10,2023,hop,40 nodes,0,2,1,2,2024-06-09 07:29:04.802,2024-06-09 07:40:27.150
eecd25,Solana,full mesh,PayPal,8,16,10,2023,hop,40 nodes,0,10,1,10,2025-07-04 14:47:43.948,2025-07-04 16:28:34.745
f38bc4,Solana,full mesh,PayPal,8,16,10,2023,hop,40 nodes,0,1,1,1,2024-05-26 23:43:47.032,2024-05-26 23:43:47.032
08163a,Solana,full mesh,VISA,8,16,10,2023,hop,10 nodes,0,2,1,2,2024-06-05 01:56:07.216,2024-06-05 02:06:16.281
685946,Solana,full mesh,VISA,8,16,10,2023,hop,10 nodes,0,10,1,10,2025-07-04 01:59:42.259,2025-07-04 03:31:27.892
bc478e,Solana,full mesh,VISA,8,16,10,2023,hop,10 nodes,0,1,1,1,2024-05-10 01:09:18.924,2024-05-10 01:09:18.924
cf8d44,Solana,full mesh,VISA,8,16,10,2023,hop,10 nodes,0,3,1,3,2024-06-19 16:43:27.670,2024-06-19 17:03:43.989
26b819,Solana,full mesh,VISA,8,16,10,2023,hop,40 nodes,0,10,1,10,2025-07-04 16:40:03.404,2025-07-04 18:22:04.640
a9a11f,Solana,full mesh,VISA,8,16,10,2023,hop,40 nodes,0,2,1,2,2024-06-09 08:18:38.336,2024-06-09 08:30:05.537
e7ea00,Solana,full mesh,VISA,8,16,10,2023,hop,40 nodes,0,1,1,1,2024-05-27 00:08:56.852,2024-05-27 00:08:56.852
36dafe,Solana,hypercube,DDoS,8,16,10,2023,hop,10 nodes,0,10,1,10,2025-07-15 06:20:05.913,2025-07-15 08:13:21.583
687c96,Solana,hypercube,DDoS,8,16,10,2023,hop,10 nodes,0,1,1,1,2024-05-10 16:43:18.094,2024-05-10 16:43:18.094
a76737,Solana,hypercube,DDoS,8,16,10,2023,hop,10 nodes,0,3,1,3,2024-06-19 03:19:46.856,2024-06-19 03:44:52.597
c17c0a,Solana,hypercube,DDoS,8,16,10,2023,hop,40 nodes,0,1,1,1,2024-05-27 05:35:50.088,2024-05-27 05:35:50.088
c840db,Solana,hypercube,DDoS,8,16,10,2023,hop,40 nodes,0,10,1,10,2025-07-10 02:54:42.852,2025-07-10 04:58:35.244
caa098,Solana,hypercube,DDoS,8,16,10,2023,hop,40 nodes,0,2,1,2,2024-06-13 12:27:28.442,2024-06-13 12:41:09.351
407033,Solana,hypercube,FIFA,8,16,10,2023,hop,10 nodes,0,2,1,2,2024-06-05 16:41:01.679,2024-06-05 16:58:48.388
4e361a,Solana,hypercube,FIFA,8,16,10,2023,hop,10 nodes,0,10,1,10,2025-07-15 08:31:16.374,2025-07-15 11:13:44.075
a1ede7,Solana,hypercube,FIFA,8,16,10,2023,hop,10 nodes,0,1,1,1,2024-05-10 17:01:02.969,2024-05-10 17:01:02.969
11c62d,Solana,hypercube,FIFA,8,16,10,2023,hop,40 nodes,0,2,1,2,2024-06-13 13:01:15.132,2024-06-13 13:20:17.558
9a5b7b,Solana,hypercube,FIFA,8,16,10,2023,hop,40 nodes,0,10,1,10,2025-07-10 05:18:57.695,2025-07-10 08:12:05.668
fdadfd,Solana,hypercube,FIFA,8,16,10,2023,hop,40 nodes,0,1,1,1,2024-05-27 05:55:57.504,2024-05-27 05:55:57.504
77d5ea,Solana,hypercube,GAFAM,8,16,10,2023,hop,10 nodes,0,2,1,2,2024-06-05 15:26:53.863,2024-06-05 15:38:47.717
8b1532,Solana,hypercube,GAFAM,8,16,10,2023,hop,10 nodes,0,10,1,10,2025-07-15 00:46:58.693,2025-07-15 02:39:16.081
ae66a3,Solana,hypercube,GAFAM,8,16,10,2023,hop,10 nodes,0,1,1,1,2024-05-10 16:21:37.865,2024-05-10 16:21:37.865
1b85be,Solana,hypercube,GAFAM,8,16,10,2023,hop,40 nodes,0,10,1,10,2025-07-09 20:49:44.545,2025-07-09 22:52:06.733
1d8b80,Solana,hypercube,GAFAM,8,16,10,2023,hop,40 nodes,0,1,1,1,2024-05-27 05:13:04.311,2024-05-27 05:13:04.311
788e33,Solana,hypercube,GAFAM,8,16,10,2023,hop,40 nodes,0,2,1,2,2024-06-13 11:39:43.077,2024-06-13 11:53:19.916
2304ec,Solana,hypercube,Gaming,8,16,10,2023,hop,10 nodes,0,10,1,10,2025-07-15 11:31:25.339,2025-07-15 14:13:29.339
590e18,Solana,hypercube,Gaming,8,16,10,2023,hop,10 nodes,0,2,1,2,2024-06-05 17:15:56.203,2024-06-05 17:32:36.174
6da2cd,Solana,hypercube,Gaming,8,16,10,2023,hop,10 nodes,0,1,1,1,2024-05-10 17:18:15.229,2024-05-10 17:18:15.229
ad8e04,Solana,hypercube,Gaming,8,16,10,2023,hop,10 nodes,0,3,1,3,2024-06-19 04:34:06.924,2024-06-19 05:09:45.615
13a04e,Solana,hypercube,Gaming,8,16,10,2023,hop,40 nodes,0,2,1,2,2024-06-13 13:39:15.324,2024-06-13 13:58:26.667
40118f,Solana,hypercube,Gaming,8,16,10,2023,hop,40 nodes,0,10,1,10,2025-07-10 08:30:53.118,2025-07-10 11:23:30.755
b2ebfb,Solana,hypercube,Gaming,8,16,10,2023,hop,40 nodes,0,1,1,1,2024-05-27 06:14:58.667,2024-05-27 06:14:58.667
bdcb14,Solana,hypercube,PayPal,8,16,10,2023,hop,10 nodes,0,3,1,3,2024-06-19 02:48:02.170,2024-06-19 03:08:54.714
c83f40,Solana,hypercube,PayPal,8,16,10,2023,hop,10 nodes,0,1,1,1,2024-05-10 16:10:02.322,2024-05-10 16:10:02.322
cf6cc2,Solana,hypercube,PayPal,8,16,10,2023,hop,10 nodes,0,1,1,1,2024-06-05 15:05:30.137,2024-06-05 15:05:30.137
e3fc02,Solana,hypercube,PayPal,8,16,10,2023,hop,10 nodes,0,10,1,10,2025-07-15 02:50:26.628,2025-07-15 04:24:27.837
8177f3,Solana,hypercube,PayPal,8,16,10,2023,hop,40 nodes,0,1,1,1,2024-05-27 04:58:05.173,2024-05-27 04:58:05.173
9293fe,Solana,hypercube,PayPal,8,16,10,2023,hop,40 nodes,0,10,1,10,2025-07-09 23:02:29.231,2025-07-10 00:46:48.893
bae01c,Solana,hypercube,PayPal,8,16,10,2023,hop,40 nodes,0,2,1,2,2024-06-13 11:13:17.991,2024-06-13 11:24:52.227
5927d1,Solana,hypercube,VISA,8,16,10,2023,hop,10 nodes,0,1,2,2,2024-06-05 16:00:12.205,2024-06-05 16:00:12.205
62f941,Solana,hypercube,VISA,8,16,10,2023,hop,10 nodes,0,3,1,3,2024-06-19 03:57:05.052,2024-06-19 04:18:12.496
e17ae8,Solana,hypercube,VISA,8,16,10,2023,hop,10 nodes,0,10,1,10,2025-07-15 04:35:03.907,2025-07-15 06:09:20.955
f394b0,Solana,hypercube,VISA,8,16,10,2023,hop,10 nodes,0,1,1,1,2024-05-10 16:32:42.026,2024-05-10 16:32:42.026
2d2f2c,Solana,hypercube,VISA,8,16,10,2023,hop,40 nodes,0,1,1,1,2024-05-27 05:23:45.889,2024-05-27 05:23:45.889
437a03,Solana,hypercube,VISA,8,16,10,2023,hop,40 nodes,0,2,1,2,2024-06-13 12:03:51.672,2024-06-13 12:15:32.986
48edc7,Solana,hypercube,VISA,8,16,10,2023,hop,40 nodes,0,10,1,10,2025-07-10 00:58:25.588,2025-07-10 02:42:51.748
0ed9a0,Solana,scale-free,DDoS,8,16,10,2023,hop,10 nodes,0,1,1,1,2024-05-28 02:38:28.255,2024-05-28 02:38:28.255
611e9d,Solana,scale-free,DDoS,8,16,10,2023,hop,10 nodes,0,1,1,1,2024-05-10 10:38:32.513,2024-05-10 10:38:32.513
65844a,Solana,scale-free,DDoS,8,16,10,2023,hop,10 nodes,0,10,1,10,2025-07-05 09:36:40.598,2025-07-05 11:33:10.965
ebbe5b,Solana,scale-free,DDoS,8,16,10,2023,hop,10 nodes,0,10,1,10,2025-07-14 15:34:41.424,2025-07-14 17:33:12.986
0308a1,Solana,scale-free,DDoS,8,16,10,2023,hop,40 nodes,0,2,1,2,2024-06-09 12:28:44.966,2024-06-09 12:43:00.062
90693b,Solana,scale-free,DDoS,8,16,10,2023,hop,40 nodes,0,10,1,10,2025-07-06 01:15:28.289,2025-07-06 03:26:12.460
b7a223,Solana,scale-free,DDoS,8,16,10,2023,hop,40 nodes,0,1,1,1,2024-05-28 04:52:29.782,2024-05-28 04:52:29.782
0b994b,Solana,scale-free,FIFA,8,16,10,2023,hop,10 nodes,0,10,1,10,2025-07-14 17:52:34.905,2025-07-14 20:40:19.005
5ea949,Solana,scale-free,FIFA,8,16,10,2023,hop,10 nodes,0,1,1,1,2024-05-10 10:57:24.084,2024-05-10 10:57:24.084
7c3262,Solana,scale-free,FIFA,8,16,10,2023,hop,10 nodes,0,1,1,1,2024-05-28 09:47:34.366,2024-05-28 09:47:34.366
d51eea,Solana,scale-free,FIFA,8,16,10,2023,hop,10 nodes,0,6,1,10,2025-07-05 11:53:21.590,2025-07-05 14:36:12.275
fa5b8a,Solana,scale-free,FIFA,8,16,10,2023,hop,10 nodes,0,1,1,1,2024-05-10 08:58:29.350,2024-05-10 08:58:29.350
230230,Solana,scale-free,FIFA,8,16,10,2023,hop,40 nodes,0,10,1,10,2025-07-06 03:48:08.809,2025-07-06 06:47:36.566
2f0744,Solana,scale-free,FIFA,8,16,10,2023,hop,40 nodes,0,2,1,2,2024-06-09 13:04:24.482,2024-06-09 13:23:59.733
72c7ec,Solana,scale-free,FIFA,8,16,10,2023,hop,40 nodes,0,1,1,1,2024-05-28 05:13:49.299,2024-05-28 05:13:49.299
66c956,Solana,scale-free,GAFAM,8,16,10,2023,hop,10 nodes,0,1,1,1,2024-05-10 08:18:45.404,2024-05-10 08:18:45.404
9dd9cb,Solana,scale-free,GAFAM,8,16,10,2023,hop,10 nodes,0,8,1,9,2025-07-14 09:45:53.711,2025-07-14 11:30:25.011
b36a51,Solana,scale-free,GAFAM,8,16,10,2023,hop,10 nodes,0,5,3,7,2025-07-05 04:20:35.703,2025-07-05 05:11:26.227
ed6d06,Solana,scale-free,GAFAM,8,16,10,2023,hop,10 nodes,0,1,1,1,2024-05-28 02:16:16.185,2024-05-28 02:16:16.185
085ec1,Solana,scale-free,GAFAM,8,16,10,2023,hop,40 nodes,0,2,1,2,2024-06-09 11:38:01.151,2024-06-09 11:53:16.174
435dd4,Solana,scale-free,GAFAM,8,16,10,2023,hop,40 nodes,0,1,1,1,2024-05-28 04:29:06.768,2024-05-28 04:29:06.768
db9d9e,Solana,scale-free,GAFAM,8,16,10,2023,hop,40 nodes,0,10,1,10,2025-07-05 18:48:34.851,2025-07-05 20:58:12.953
0c3814,Solana,scale-free,Gaming,8,16,10,2023,hop,10 nodes,0,1,1,1,2024-05-28 03:16:55.990,2024-05-28 03:16:55.990
1abf8e,Solana,scale-free,Gaming,8,16,10,2023,hop,10 nodes,0,9,1,10,2025-07-14 21:00:16.898,2025-07-14 23:45:19.385
28e2b9,Solana,scale-free,Gaming,8,16,10,2023,hop,10 nodes,0,8,1,10,2025-07-05 14:53:27.636,2025-07-05 17:38:27.661
5291db,Solana,scale-free,Gaming,8,16,10,2023,hop,10 nodes,0,1,1,1,2024-05-10 11:14:33.169,2024-05-10 11:14:33.169
5a6488,Solana,scale-free,Gaming,8,16,10,2023,hop,10 nodes,0,1,1,1,2024-05-10 09:15:59.199,2024-05-10 09:15:59.199
49a5dc,Solana,scale-free,Gaming,8,16,10,2023,hop,40 nodes,0,10,1,10,2025-07-06 07:07:10.412,2025-07-06 10:06:57.326
4fab16,Solana,scale-free,Gaming,8,16,10,2023,hop,40 nodes,0,2,1,2,2024-06-09 13:43:58.037,2024-06-09 14:03:10.402
527d33,Solana,scale-free,Gaming,8,16,10,2023,hop,40 nodes,0,1,1,1,2024-05-28 05:32:02.694,2024-05-28 05:32:02.694
386485,Solana,scale-free,PayPal,8,16,10,2023,hop,10 nodes,0,1,1,1,2024-05-28 02:02:07.709,2024-05-28 02:02:07.709
54b1bd,Solana,scale-free,PayPal,8,16,10,2023,hop,10 nodes,0,10,1,10,2025-07-05 06:00:20.392,2025-07-05 07:37:23.588
5fb53f,Solana,scale-free,PayPal,8,16,10,2023,hop,10 nodes,0,10,1,10,2025-07-14 11:54:00.485,2025-07-14 13:32:17.810
9730f3,Solana,scale-free,PayPal,8,16,10,2023,hop,10 nodes,0,1,1,1,2024-05-10 08:07:12.264,2024-05-10 08:07:12.264
a79d49,Solana,scale-free,PayPal,8,16,10,2023,hop,10 nodes,0,2,1,2,2024-06-20 11:32:41.261,2024-06-20 11:44:01.912
3aeb33,Solana,scale-free,PayPal,8,16,10,2023,hop,40 nodes,0,2,1,2,2024-06-09 11:11:05.649,2024-06-09 11:23:18.243
764de6,Solana,scale-free,PayPal,8,16,10,2023,hop,40 nodes,0,1,1,1,2024-05-28 04:13:15.692,2024-05-28 04:13:15.692
788882,Solana,scale-free,PayPal,8,16,10,2023,hop,40 nodes,0,10,1,10,2025-07-05 21:08:06.403,2025-07-05 22:59:20.132
49ed11,Solana,scale-free,VISA,8,16,10,2023,hop,10 nodes,0,1,1,1,2024-05-28 02:26:57.731,2024-05-28 02:26:57.731
59aead,Solana,scale-free,VISA,8,16,10,2023,hop,10 nodes,0,10,1,10,2025-07-14 13:43:29.035,2025-07-14 15:23:35.891
6d331c,Solana,scale-free,VISA,8,16,10,2023,hop,10 nodes,0,10,1,10,2025-07-05 07:48:20.578,2025-07-05 09:25:33.237
746352,Solana,scale-free,VISA,8,16,10,2023,hop,10 nodes,0,3,1,3,2024-06-20 12:46:28.394,2024-06-20 13:09:00.060
96dfe9,Solana,scale-free,VISA,8,16,10,2023,hop,10 nodes,0,1,1,1,2024-05-10 08:29:56.814,2024-05-10 08:29:56.814
f6f2da,Solana,scale-free,VISA,8,16,10,2023,hop,10 nodes,0,1,1,1,2024-05-10 10:28:09.032,2024-05-10 10:28:09.032
37cf20,Solana,scale-free,VISA,8,16,10,2023,hop,40 nodes,0,10,1,10,2025-07-05 23:11:42.756,2025-07-06 01:02:56.408
520fee,Solana,scale-free,VISA,8,16,10,2023,hop,40 nodes,0,1,1,1,2024-05-28 04:39:56.843,2024-05-28 04:39:56.843
92937d,Solana,scale-free,VISA,8,16,10,2023,hop,40 nodes,0,2,1,2,2024-06-09 12:04:03.556,2024-06-09 12:16:14.639
71ddc3,Solana,torus,DDoS,8,16,10,2023,hop,10 nodes,0,10,1,10,2025-07-06 16:43:22.716,2025-07-06 18:37:06.933
c9accb,Solana,torus,DDoS,8,16,10,2023,hop,10 nodes,0,1,1,1,2024-05-10 12:39:25.261,2024-05-10 12:39:25.261
f05660,Solana,torus,DDoS,8,16,10,2023,hop,10 nodes,0,2,2,3,2024-06-18 17:49:29.305,2024-06-18 18:02:14.221
cd7b55,Solana,torus,DDoS,8,16,10,2023,hop,40 nodes,0,10,1,10,2025-07-07 08:11:57.736,2025-07-07 10:19:20.047
de7543,Solana,torus,DDoS,8,16,10,2023,hop,40 nodes,0,2,1,2,2024-06-13 16:18:10.741,2024-06-13 16:32:29.532
fafe86,Solana,torus,DDoS,8,16,10,2023,hop,40 nodes,0,1,1,1,2024-05-22 07:03:53.933,2024-05-22 07:03:53.933
173b23,Solana,torus,FIFA,8,16,10,2023,hop,10 nodes,0,10,1,10,2025-07-06 18:55:09.898,2025-07-06 21:38:08.490
79b57b,Solana,torus,FIFA,8,16,10,2023,hop,10 nodes,0,1,1,1,2024-05-10 12:57:53.355,2024-05-10 12:57:53.355
bad0ac,Solana,torus,FIFA,8,16,10,2023,hop,10 nodes,0,2,1,2,2024-06-05 09:59:03.920,2024-06-05 10:16:39.675
6b1372,Solana,torus,FIFA,8,16,10,2023,hop,40 nodes,0,10,1,10,2025-07-07 10:39:48.563,2025-07-07 13:35:47.498
bcae87,Solana,torus,FIFA,8,16,10,2023,hop,40 nodes,0,1,1,1,2024-05-22 07:24:14.729,2024-05-22 07:24:14.729
eaa7da,Solana,torus,FIFA,8,16,10,2023,hop,40 nodes,0,2,1,2,2024-06-13 16:53:06.580,2024-06-13 17:12:47.923
16a42e,Solana,torus,GAFAM,8,16,10,2023,hop,10 nodes,0,2,1,2,2024-06-05 08:41:36.781,2024-06-05 08:53:58.470
61d242,Solana,torus,GAFAM,8,16,10,2023,hop,10 nodes,0,1,1,1,2024-05-10 12:17:10.371,2024-05-10 12:17:10.371
cc7590,Solana,torus,GAFAM,8,16,10,2023,hop,10 nodes,0,10,1,10,2025-07-06 11:10:17.719,2025-07-06 13:02:59.681
6a10a8,Solana,torus,GAFAM,8,16,10,2023,hop,40 nodes,0,10,1,10,2025-07-07 01:53:11.421,2025-07-07 03:59:03.027
bb5d18,Solana,torus,GAFAM,8,16,10,2023,hop,40 nodes,0,1,1,1,2024-05-22 06:40:38.582,2024-05-22 06:40:38.582
e9233a,Solana,torus,GAFAM,8,16,10,2023,hop,40 nodes,0,2,1,2,2024-06-13 15:28:21.333,2024-06-13 15:42:31.193
573651,Solana,torus,Gaming,8,16,10,2023,hop,10 nodes,0,10,1,10,2025-07-06 21:55:49.703,2025-07-07 00:38:56.396
9ea6a7,Solana,torus,Gaming,8,16,10,2023,hop,10 nodes,0,3,1,3,2024-06-18 18:51:47.414,2024-06-18 19:27:23.235
c4c0e9,Solana,torus,Gaming,8,16,10,2023,hop,10 nodes,0,1,1,1,2024-05-10 13:15:40.000,2024-05-10 13:15:40.000
66207b,Solana,torus,Gaming,8,16,10,2023,hop,40 nodes,0,10,1,10,2025-07-07 13:55:36.091,2025-07-07 16:51:44.839
b5355b,Solana,torus,Gaming,8,16,10,2023,hop,40 nodes,0,2,1,2,2024-06-13 17:32:06.803,2024-06-13 17:51:56.977
f6618e,Solana,torus,Gaming,8,16,10,2023,hop,40 nodes,0,1,1,1,2024-05-22 07:43:45.581,2024-05-22 07:43:45.581
804425,Solana,torus,PayPal,8,16,10,2023,hop,10 nodes,0,1,1,1,2024-05-10 12:05:01.224,2024-05-10 12:05:01.224
992306,Solana,torus,PayPal,8,16,10,2023,hop,10 nodes,0,10,1,10,2025-07-06 13:14:07.334,2025-07-06 14:48:07.172
d2997d,Solana,torus,PayPal,8,16,10,2023,hop,10 nodes,0,2,1,3,2024-06-18 17:04:53.181,2024-06-18 17:25:50.129
a43d7b,Solana,torus,PayPal,8,16,10,2023,hop,40 nodes,0,2,1,2,2024-06-13 15:00:59.754,2024-06-13 15:13:07.636
b7ee31,Solana,torus,PayPal,8,16,10,2023,hop,40 nodes,0,10,1,10,2025-07-07 04:09:49.159,2025-07-07 05:58:04.413
f17535,Solana,torus,PayPal,8,16,10,2023,hop,40 nodes,0,1,1,1,2024-05-22 06:25:28.428,2024-05-22 06:25:28.428
2edd3c,Solana,torus,VISA,8,16,10,2023,hop,10 nodes,0,2,1,2,2024-06-05 09:05:27.761,2024-06-05 09:16:20.095
58ba82,Solana,torus,VISA,8,16,10,2023,hop,10 nodes,0,10,1,10,2025-07-06 14:58:38.041,2025-07-06 16:32:36.283
6bcb48,Solana,torus,VISA,8,16,10,2023,hop,10 nodes,0,1,1,1,2024-05-10 12:28:30.716,2024-05-10 12:28:30.716
e4c84b,Solana,torus,VISA,8,16,10,2023,hop,10 nodes,0,3,1,3,2024-06-18 18:14:36.497,2024-06-18 18:35:44.005
21f618,Solana,torus,VISA,8,16,10,2023,hop,40 nodes,0,1,1,1,2024-05-22 06:51:34.152,2024-05-22 06:51:34.152
96c193,Solana,torus,VISA,8,16,10,2023,hop,40 nodes,0,2,1,2,2024-06-13 15:53:33.398,2024-06-13 16:05:43.566
fcd5b9,Solana,torus,VISA,8,16,10,2023,hop,40 nodes,0,10,1,10,2025-07-07 06:10:09.884,2025-07-07 07:59:43.949
