blockchain,mode,workload,cores,ram,secondaries,dataset,link_strategy,network_size,dynamic,average_throughput_count,average_throughput_mean,average_throughput_max,average_throughput_min,average_throughput_q25,average_throughput_q75,average_throughput_std,average_latency_count,average_latency_mean,average_latency_max,average_latency_min,average_latency_q25,average_latency_q75,average_latency_std,energy_count,energy_mean,energy_max,energy_min,energy_q25,energy_q75,energy_std,commit_number_mean,average_throughput_min_perc,average_throughput_max_perc,average_throughput_iqr,average_throughput_iqr_perc,average_throughput_delta_abs,average_throughput_std_perc,average_latency_min_perc,average_latency_max_perc,average_latency_iqr,average_latency_iqr_perc,average_latency_delta_abs,average_latency_std_perc,energy_min_perc,energy_max_perc,energy_iqr,energy_iqr_perc,energy_delta_abs,energy_std_perc
Algorand,fat-tree,DDoS,8,16,10,2023,hop,10 nodes,0,13,676.8462,744.5000,573.5000,656.8000,720.6000,56.5878,13,33.7692,43.0200,27.5500,30.7100,36.8900,4.3979,13,10.4612,13.4347,7.6499,9.7471,11.3001,1.7179,86244.8462,-15.2688,9.9955,63.8000,9.4261,171.0000,8.3605,-18.4169,27.3941,6.1800,18.3007,15.4700,13.0234,-26.8734,28.4240,1.5530,14.8457,5.7848,16.4219
Algorand,fat-tree,DDoS,8,16,10,2023,hop,40 nodes,0,13,405.3538,533.9000,263.2000,374.6000,440.1000,78.6234,13,45.9208,64.2500,38.2900,39.5400,47.7000,9.2654,13,10.2479,12.7940,7.6616,8.5479,11.3930,1.6186,51358.0769,-35.0691,31.7121,65.5000,16.1587,270.7000,19.3962,-16.6173,39.9149,8.1600,17.7697,25.9600,20.1769,-25.2370,24.8457,2.8451,27.7632,5.1324,15.7948
Algorand,fat-tree,FIFA,8,16,10,2023,hop,10 nodes,0,16,96.8375,277.4000,0.5000,20.8000,177.5750,96.1047,16,42.4525,65.2400,16.5300,21.8400,63.1925,21.0961,16,9.4617,12.2341,6.8082,8.2443,10.4622,1.4658,14832.2500,-99.4837,186.4593,156.7750,161.8949,276.9000,99.2433,-61.0624,53.6776,41.3525,97.4089,48.7100,49.6933,-28.0441,29.3013,2.2179,23.4410,5.4258,15.4917
Algorand,fat-tree,FIFA,8,16,10,2023,hop,40 nodes,0,13,50.8154,107.8000,6.0000,27.5000,69.8000,30.9973,13,80.8192,140.7900,53.1000,67.9800,87.4800,24.6327,13,9.2669,10.9841,6.6161,8.4212,10.7964,1.5472,8637.9231,-88.1926,112.1405,42.3000,83.2425,101.8000,60.9999,-34.2978,74.2036,19.5000,24.1279,87.6900,30.4787,-28.6052,18.5306,2.3752,25.6309,4.3680,16.6957
Algorand,fat-tree,GAFAM,8,16,10,2023,hop,10 nodes,0,13,124.0231,158.2000,59.9000,117.6000,148.9000,30.6258,13,24.4800,36.0200,19.3600,22.8600,24.8500,3.8284,13,14.0809,18.2516,11.4733,12.2244,15.3058,1.9629,22424.6154,-51.7025,27.5569,31.3000,25.2372,98.3000,24.6936,-20.9150,47.1405,1.9900,8.1291,16.6600,15.6390,-18.5184,29.6198,3.0814,21.8834,6.7783,13.9404
Algorand,fat-tree,GAFAM,8,16,10,2023,hop,40 nodes,0,13,106.6000,144.7000,52.2000,72.7000,127.9000,32.9245,13,39.9485,68.9600,26.9300,29.0900,50.1000,14.9317,13,14.8063,19.9245,10.6057,13.2737,15.9514,2.7566,19273.6923,-51.0319,35.7411,55.2000,51.7824,92.5000,30.8860,-32.5881,72.6224,21.0100,52.5928,42.0300,37.3774,-28.3706,34.5674,2.6777,18.0849,9.3188,18.6176
Algorand,fat-tree,Gaming,8,16,10,2023,hop,10 nodes,0,13,225.5385,312.5000,87.8000,208.8000,278.5000,62.0014,13,84.1031,103.7200,58.8100,79.6200,91.3400,12.0637,13,20.9025,24.0884,15.5571,20.2274,22.6093,2.4273,66070.3077,-61.0709,38.5573,69.7000,30.9038,224.7000,27.4904,-30.0739,23.3249,11.7200,13.9353,44.9100,14.3440,-25.5730,15.2419,2.3819,11.3955,8.5313,11.6127
Algorand,fat-tree,Gaming,8,16,10,2023,hop,40 nodes,0,13,227.9923,299.8000,142.6000,180.8000,264.0000,50.5942,13,100.1723,123.1300,78.8600,89.7600,108.1700,14.0235,13,20.9147,25.7913,16.0243,20.1657,22.2172,3.1470,67571.4615,-37.4540,31.4957,83.2000,36.4925,157.2000,22.1912,-21.2756,22.9182,18.4100,18.3783,44.2700,13.9994,-23.3824,23.3167,2.0516,9.8092,9.7670,15.0470
Algorand,fat-tree,PayPal,8,16,10,2023,hop,10 nodes,0,13,190.8077,192.5000,189.9000,189.9000,191.7000,1.0468,13,13.1454,13.3100,13.0100,13.1000,13.2000,0.0806,13,22.1351,24.6792,16.2189,21.7165,23.6911,2.4584,57229.6923,-0.4757,0.8869,1.8000,0.9434,2.6000,0.5486,-1.0299,1.2523,0.1000,0.7607,0.3000,0.6130,-26.7278,11.4933,1.9746,8.9206,8.4603,11.1065
Algorand,fat-tree,PayPal,8,16,10,2023,hop,40 nodes,0,13,190.8000,191.7000,189.8000,190.4000,191.1000,0.5553,13,13.3177,13.4800,13.1700,13.2200,13.3700,0.1035,13,22.8021,28.3360,17.1070,21.3004,24.4800,2.7793,57231.0769,-0.5241,0.4717,0.7000,0.3669,1.9000,0.2910,-1.1090,1.2187,0.1500,1.1263,0.3100,0.7768,-24.9766,24.2690,3.1796,13.9444,11.2290,12.1886
Algorand,fat-tree,VISA,8,16,10,2023,hop,10 nodes,0,13,511.1462,534.7000,500.4000,506.9000,514.4000,8.5483,13,17.5362,18.3100,16.8800,17.2100,17.8100,0.4778,13,22.9236,28.1340,16.8742,21.1850,24.3043,3.1469,155213.9231,-2.1024,4.6080,7.5000,1.4673,34.3000,1.6724,-3.7417,4.4129,0.6000,3.4215,1.4300,2.7249,-26.3894,22.7295,3.1193,13.6074,11.2598,13.7277
Algorand,fat-tree,VISA,8,16,10,2023,hop,40 nodes,0,13,378.9692,468.2000,319.0000,335.7000,416.1000,51.3303,13,33.4654,41.6800,26.5600,31.4700,34.7600,4.2460,13,22.1195,27.5833,16.4712,20.2524,24.2710,3.4092,114462.3077,-15.8243,23.5457,80.4000,21.2154,149.2000,13.5447,-20.6344,24.5466,3.2900,9.8311,15.1200,12.6877,-25.5354,24.7015,4.0187,18.1681,11.1122,15.4126
Algorand,full mesh,DDoS,8,16,10,2023,hop,10 nodes,0,14,790.0571,849.7000,733.7000,766.7750,809.3250,32.7079,14,29.5093,35.8900,22.8400,26.5825,31.2875,3.8946,14,9.2301,11.8193,5.8948,8.7273,10.2365,1.6305,99891.0714,-7.1333,7.5492,42.5500,5.3857,116.0000,4.1399,-22.6006,21.6227,4.7050,15.9441,13.0500,13.1978,-36.1346,28.0523,1.5092,16.3511,5.9245,17.6651
Algorand,full mesh,DDoS,8,16,10,2023,hop,40 nodes,0,13,485.7923,643.9000,270.3000,469.7000,555.6000,107.6456,13,48.5100,75.5500,36.0000,39.5800,53.8600,13.1005,13,10.5730,13.2096,7.4538,10.0421,12.0518,1.6569,61361.4615,-44.3589,32.5464,85.9000,17.6825,373.6000,22.1588,-25.7885,55.7411,14.2800,29.4372,39.5500,27.0057,-29.5014,24.9372,2.0097,19.0082,5.7558,15.6712
Algorand,full mesh,FIFA,8,16,10,2023,hop,10 nodes,0,14,129.6000,335.2000,2.8000,65.0000,164.9750,97.2408,14,43.6779,64.0800,13.9800,36.7825,54.0750,15.3305,14,9.2940,12.2170,5.5891,8.5805,10.3843,1.6394,19625.5000,-97.8395,158.6420,99.9750,77.1412,332.4000,75.0315,-67.9929,46.7105,17.2925,39.5910,50.1000,35.0991,-39.8638,31.4502,1.8039,19.4089,6.6279,17.6393
Algorand,full mesh,FIFA,8,16,10,2023,hop,40 nodes,0,13,71.8846,183.9000,19.8000,53.0000,78.3000,41.3943,13,79.9446,154.1000,21.0100,61.1500,86.1500,34.0168,13,8.8003,11.0374,7.0833,8.0773,9.5628,1.1724,12729.6923,-72.4559,155.8266,25.3000,35.1953,164.1000,57.5843,-73.7193,92.7584,25.0000,31.2716,133.0900,42.5505,-19.5105,25.4213,1.4855,16.8806,3.9541,13.3225
Algorand,full mesh,GAFAM,8,16,10,2023,hop,10 nodes,0,14,147.1429,163.7000,81.4000,153.5000,160.5250,24.6107,14,21.0743,24.0600,15.1400,20.8750,22.3975,2.3129,14,15.2147,20.5844,10.4940,12.7795,16.7343,3.0013,26606.3571,-44.6796,11.2524,7.0250,4.7743,82.3000,16.7257,-28.1589,14.1676,1.5225,7.2244,8.9200,10.9748,-31.0276,35.2922,3.9548,25.9929,10.0904,19.7263
Algorand,full mesh,GAFAM,8,16,10,2023,hop,40 nodes,0,13,125.7769,155.4000,90.6000,115.8000,137.7000,18.2240,13,31.4469,49.9000,21.4200,25.3300,35.9600,9.8788,13,15.3301,17.9678,12.4068,13.1385,16.7161,1.9249,22744.3846,-27.9677,23.5521,21.9000,17.4118,64.8000,14.4891,-31.8852,58.6801,10.6300,33.8030,28.4800,31.4142,-19.0690,17.2058,3.5776,23.3370,5.5610,12.5562
Algorand,full mesh,Gaming,8,16,10,2023,hop,10 nodes,0,13,270.6000,353.7000,191.0000,260.7000,290.2000,46.4058,13,77.5185,87.3200,59.0400,72.0200,83.8200,8.1626,13,21.5935,28.8145,14.7793,17.5574,24.2800,4.3788,80738.7692,-29.4161,30.7095,29.5000,10.9017,162.7000,17.1492,-23.8375,12.6441,11.8000,15.2222,28.2800,10.5298,-31.5564,33.4408,6.7226,31.1325,14.0351,20.2784
Algorand,full mesh,Gaming,8,16,10,2023,hop,40 nodes,0,13,232.7538,324.1000,109.1000,228.2000,264.8000,59.7924,13,94.6531,113.3200,78.7000,85.1300,103.2000,11.2333,13,21.4330,25.6176,17.2988,19.5648,23.5602,2.6523,68985.8462,-53.1264,39.2458,36.6000,15.7248,215.0000,25.6891,-16.8543,19.7214,18.0700,19.0908,34.6200,11.8678,-19.2887,19.5244,3.9954,18.6414,8.3188,12.3747
Algorand,full mesh,PayPal,8,16,10,2023,hop,10 nodes,0,13,192.2615,193.5000,190.8000,191.0000,193.4000,1.2540,13,11.7415,11.8300,11.6500,11.7100,11.8000,0.0597,13,22.8482,29.4315,16.4073,21.9103,24.6299,3.6121,57670.9231,-0.7602,0.6442,2.4000,1.2483,2.7000,0.6522,-0.7796,0.7534,0.0900,0.7665,0.1800,0.5085,-28.1899,28.8134,2.7196,11.9029,13.0242,15.8090
Algorand,full mesh,PayPal,8,16,10,2023,hop,40 nodes,0,13,192.3538,193.5000,189.8000,191.6000,193.1000,1.1155,13,12.6977,18.2700,11.7000,11.7600,11.8400,2.2428,13,21.9810,26.1703,18.9623,19.7087,23.5943,2.6117,57697.7692,-1.3277,0.5959,1.5000,0.7798,3.7000,0.5799,-7.8573,43.8844,0.0800,0.6300,6.5700,17.6627,-13.7334,19.0586,3.8856,17.6772,7.2080,11.8814
Algorand,full mesh,VISA,8,16,10,2023,hop,10 nodes,0,13,553.7462,620.7000,538.1000,544.2000,555.7000,21.6716,13,15.2754,20.0400,14.6200,14.6900,15.0500,1.4417,13,23.3893,36.2513,17.2548,19.2778,25.6820,5.1228,167968.8462,-2.8255,12.0911,11.5000,2.0768,82.6000,3.9136,-4.2905,31.1915,0.3600,2.3567,5.4200,9.4382,-26.2277,54.9909,6.4043,27.3812,18.9965,21.9023
Algorand,full mesh,VISA,8,16,10,2023,hop,40 nodes,0,13,495.2462,581.8000,433.5000,458.2000,517.5000,45.4110,13,23.9415,33.9700,17.7400,20.7600,26.4500,4.5873,13,22.0665,27.1657,15.9693,20.6181,23.8932,3.0956,150056.0769,-12.4678,17.4769,59.3000,11.9738,148.3000,9.1694,-25.9028,41.8873,5.6900,23.7662,16.2300,19.1606,-27.6311,23.1082,3.2751,14.8420,11.1964,14.0286
Algorand,hypercube,DDoS,8,16,10,2023,hop,10 nodes,0,13,759.1692,835.1000,666.9000,732.4000,793.4000,49.4461,13,31.9146,35.4100,27.2100,29.9900,34.5900,2.6797,13,11.1191,14.8028,8.2276,9.7943,12.3673,1.8289,95798.3846,-12.1540,10.0018,61.0000,8.0351,168.2000,6.5132,-14.7413,10.9523,4.6000,14.4135,8.2000,8.3965,-26.0047,33.1294,2.5729,23.1398,6.5752,16.4479
Algorand,hypercube,DDoS,8,16,10,2023,hop,40 nodes,0,13,440.7846,594.4000,226.0000,365.7000,512.4000,114.3537,13,52.0200,75.2300,37.5600,43.7500,56.5600,11.8478,13,10.7605,13.1050,8.3908,9.9538,11.7270,1.5112,56521.3077,-48.7278,34.8504,146.7000,33.2816,368.4000,25.9432,-27.7970,44.6175,12.8100,24.6251,37.6700,22.7755,-22.0221,21.7885,1.7731,16.4783,4.7142,14.0440
Algorand,hypercube,FIFA,8,16,10,2023,hop,10 nodes,0,13,123.4846,215.5000,29.9000,62.9000,172.8000,61.8103,13,47.2354,67.6400,14.8100,45.3400,55.0600,15.5225,13,8.8462,12.5530,5.6491,7.8719,9.8410,1.9892,18162.0000,-75.7865,74.5157,109.9000,88.9989,185.6000,50.0551,-68.6464,43.1977,9.7200,20.5778,52.8300,32.8620,-36.1416,41.9025,1.9691,22.2596,6.9040,22.4861
Algorand,hypercube,FIFA,8,16,10,2023,hop,40 nodes,0,13,67.6154,153.6000,13.2000,40.7000,94.1000,39.7006,13,79.4415,129.3600,61.7000,67.6800,81.2500,18.3385,13,9.0584,12.2786,5.8817,7.7435,9.7093,1.8646,10668.1538,-80.4778,127.1672,53.4000,78.9761,140.4000,58.7153,-22.3328,62.8367,13.5700,17.0817,67.6600,23.0842,-35.0694,35.5488,1.9658,21.7013,6.3969,20.5837
Algorand,hypercube,GAFAM,8,16,10,2023,hop,10 nodes,0,13,119.6538,160.2000,45.3000,108.8000,136.9000,36.8748,13,20.6415,24.5200,17.3800,19.0800,21.7900,2.1921,13,13.7856,18.0259,10.0301,12.1766,15.3785,2.1982,21632.7692,-62.1408,33.8862,28.1000,23.4844,114.9000,30.8179,-15.8008,18.7896,2.7100,13.1289,7.1400,10.6200,-27.2420,30.7590,3.2019,23.2266,7.9958,15.9460
Algorand,hypercube,GAFAM,8,16,10,2023,hop,40 nodes,0,13,125.5154,149.6000,63.8000,124.1000,141.6000,25.4939,13,31.4046,60.0400,20.0500,26.5800,32.1100,10.3569,13,14.1686,16.0995,11.2994,12.1908,15.8210,1.7792,22693.4615,-49.1696,19.1886,17.5000,13.9425,85.8000,20.3113,-36.1559,91.1821,5.5300,17.6089,39.9900,32.9789,-20.2505,13.6279,3.6302,25.6214,4.8001,12.5574
Algorand,hypercube,Gaming,8,16,10,2023,hop,10 nodes,0,13,235.0000,329.2000,150.1000,185.6000,278.1000,60.5141,13,79.6415,96.8100,57.3700,68.9800,86.2200,11.9307,13,20.6340,26.8042,13.5077,18.4198,22.5140,3.9049,68954.2308,-36.1277,40.0851,92.5000,39.3617,179.1000,25.7507,-27.9647,21.5572,17.2400,21.6470,39.4400,14.9805,-34.5365,29.9032,4.0942,19.8419,13.2965,18.9247
Algorand,hypercube,Gaming,8,16,10,2023,hop,40 nodes,0,13,250.5923,340.9000,123.7000,246.3000,270.0000,55.8097,13,85.9477,107.4100,55.1000,78.9700,96.7500,15.6732,13,20.7853,28.1934,14.4962,17.2822,24.0597,4.6718,73477.1538,-50.6370,36.0377,23.7000,9.4576,217.2000,22.2711,-35.8912,24.9714,17.7800,20.6870,52.3100,18.2357,-30.2576,35.6408,6.7775,32.6072,13.6972,22.4766
Algorand,hypercube,PayPal,8,16,10,2023,hop,10 nodes,0,13,192.8462,193.4000,191.6000,192.6000,193.3000,0.5109,13,11.9123,12.0500,11.8300,11.8800,11.9500,0.0579,13,21.8476,24.1183,16.7343,21.2309,23.5228,2.1135,57844.6923,-0.6462,0.2872,0.7000,0.3630,1.8000,0.2649,-0.6909,1.1559,0.0700,0.5876,0.2200,0.4861,-23.4045,10.3931,2.2919,10.4904,7.3840,9.6740
Algorand,hypercube,PayPal,8,16,10,2023,hop,40 nodes,0,13,192.6769,193.5000,190.8000,192.2000,193.2000,0.7726,13,12.9315,18.1500,11.9200,11.9700,12.0500,2.2813,13,23.1341,29.3039,19.0053,22.1657,23.8331,2.8204,57789.4615,-0.9741,0.4272,1.0000,0.5190,2.7000,0.4010,-7.8223,40.3545,0.0800,0.6186,6.2300,17.6410,-17.8470,26.6699,1.6674,7.2075,10.2986,12.1915
Algorand,hypercube,VISA,8,16,10,2023,hop,10 nodes,0,13,552.0231,575.3000,537.1000,543.7000,560.4000,12.8131,13,15.6446,19.8500,14.8600,15.0800,15.5600,1.2995,13,22.0982,27.2477,18.8216,20.7118,23.0800,2.5827,167281.7692,-2.7033,4.2167,16.7000,3.0252,38.2000,2.3211,-5.0152,26.8807,0.4800,3.0681,4.9900,8.3066,-14.8272,23.3029,2.3682,10.7168,8.4261,11.6873
Algorand,hypercube,VISA,8,16,10,2023,hop,40 nodes,0,13,425.7231,520.0000,350.6000,375.9000,458.1000,58.1442,13,28.2415,35.8300,19.7100,25.3800,30.9000,4.8948,13,22.5890,27.5009,18.4517,20.1997,24.4614,2.8556,128745.0769,-17.6460,22.1451,82.2000,19.3083,169.4000,13.6577,-30.2092,26.8699,5.5200,19.5457,16.1200,17.3318,-18.3156,21.7446,4.2616,18.8660,9.0492,12.6415
Algorand,scale-free,DDoS,8,16,10,2023,hop,10 nodes,0,13,612.9077,673.3000,517.5000,589.1000,651.2000,51.3675,13,39.1946,43.3100,35.4500,37.9400,40.3200,2.1683,13,10.2329,13.0205,7.6742,8.9706,11.6096,1.7360,78044.3077,-15.5664,9.8534,62.1000,10.1320,155.8000,8.3809,-9.5539,10.4999,2.3800,6.0723,7.8600,5.5320,-25.0044,27.2417,2.6390,25.7895,5.3463,16.9645
Algorand,scale-free,DDoS,8,16,10,2023,hop,40 nodes,0,13,276.6000,376.5000,125.6000,247.8000,303.7000,65.6476,13,65.5123,76.5800,46.0000,58.6500,71.6600,9.6339,13,10.6256,14.2195,7.7349,9.6659,11.6853,1.8441,34768.6923,-54.5915,36.1171,55.9000,20.2097,250.9000,23.7338,-29.7842,16.8941,13.0100,19.8589,30.5800,14.7055,-27.2046,33.8234,2.0194,19.0047,6.4846,17.3550
Algorand,scale-free,FIFA,8,16,10,2023,hop,10 nodes,0,17,84.5412,230.2000,9.6000,36.8000,117.2000,60.8576,17,53.0029,90.4500,23.4500,39.6900,65.2000,18.2814,17,9.5562,11.5949,7.9736,8.8707,10.0409,1.0554,12353.7059,-88.6446,172.2933,80.4000,95.1016,220.6000,71.9857,-55.7572,70.6509,25.5100,48.1294,67.0000,34.4913,-16.5612,21.3336,1.1702,12.2454,3.6213,11.0445
Algorand,scale-free,FIFA,8,16,10,2023,hop,40 nodes,0,11,38.7727,80.1000,4.9000,17.5500,67.4000,27.5868,11,75.4982,92.4900,64.7300,70.8900,79.5900,8.1524,11,9.1557,11.7848,6.5312,8.5358,10.0623,1.4433,6213.1818,-87.3623,106.5885,49.8500,128.5698,75.2000,71.1499,-14.2628,22.5063,8.7000,11.5235,27.7600,10.7981,-28.6656,28.7153,1.5265,16.6731,5.2536,15.7640
Algorand,scale-free,GAFAM,8,16,10,2023,hop,10 nodes,0,13,78.9385,145.6000,14.4000,56.2000,102.9000,36.5040,13,26.8446,31.7200,18.8400,25.6800,29.1800,3.5413,13,15.3940,18.9541,11.2926,14.3384,16.4101,2.2595,14273.6923,-81.7579,84.4475,46.7000,59.1600,131.2000,46.2436,-29.8183,18.1615,3.5000,13.0380,12.8800,13.1918,-26.6425,23.1267,2.0717,13.4576,7.6615,14.6778
Algorand,scale-free,GAFAM,8,16,10,2023,hop,40 nodes,0,13,94.9462,140.5000,13.7000,73.0000,124.9000,43.3223,13,47.9369,66.8500,34.2500,38.7000,54.9300,11.1822,13,14.3701,18.0652,11.6548,13.2677,15.5747,1.8946,17167.0000,-85.5708,47.9786,51.9000,54.6626,126.8000,45.6282,-28.5519,39.4541,16.2300,33.8570,32.6000,23.3270,-18.8949,25.7143,2.3070,16.0543,6.4104,13.1843
Algorand,scale-free,Gaming,8,16,10,2023,hop,10 nodes,0,12,151.7667,226.0000,74.2000,88.4500,201.7250,59.8540,12,107.5967,125.5000,88.6600,103.8900,114.8850,9.8533,12,21.2828,25.6987,14.6213,20.2004,22.9175,2.9470,44685.5000,-51.1092,48.9128,113.2750,74.6376,151.8000,39.4382,-17.5997,16.6393,10.9950,10.2187,36.8400,9.1576,-31.2998,20.7487,2.7171,12.7665,11.0774,13.8466
Algorand,scale-free,Gaming,8,16,10,2023,hop,40 nodes,0,13,170.2615,238.9000,29.2000,157.1000,210.6000,67.6678,13,109.9200,126.6800,89.1100,101.3500,120.1900,12.7743,13,21.2343,26.0942,17.2897,19.4968,23.4440,2.6848,50050.3077,-82.8499,40.3135,53.5000,31.4222,209.7000,39.7434,-18.9320,15.2475,18.8400,17.1397,37.5700,11.6215,-18.5763,22.8869,3.9472,18.5888,8.8044,12.6437
Algorand,scale-free,PayPal,8,16,10,2023,hop,10 nodes,0,13,190.5615,190.9000,190.2000,190.3000,190.8000,0.2631,13,15.2977,15.4400,15.0900,15.1900,15.4000,0.1193,13,21.2604,27.5473,17.8920,19.5593,21.9772,2.5910,57163.7692,-0.1897,0.1776,0.5000,0.2624,0.7000,0.1381,-1.3577,0.9303,0.2100,1.3728,0.3500,0.7799,-15.8435,29.5712,2.4179,11.3728,9.6553,12.1870
Algorand,scale-free,PayPal,8,16,10,2023,hop,40 nodes,0,13,190.6692,191.8000,189.4000,190.1000,191.1000,0.6499,13,15.3731,15.6100,15.2400,15.2900,15.4300,0.1013,13,22.2771,29.1014,16.7376,19.9876,24.6238,3.4689,57184.6154,-0.6657,0.5931,1.0000,0.5245,2.4000,0.3408,-0.8656,1.5412,0.1400,0.9107,0.3700,0.6588,-24.8662,30.6338,4.6362,20.8116,12.3638,15.5716
Algorand,scale-free,VISA,8,16,10,2023,hop,10 nodes,0,13,486.6308,514.2000,454.1000,469.2000,505.4000,20.8549,13,25.4946,31.9900,22.3100,23.6000,26.8700,2.5469,13,23.2562,26.7148,16.6060,22.0515,24.5292,2.6086,147332.2308,-6.6849,5.6653,36.2000,7.4389,60.1000,4.2856,-12.4913,25.4775,3.2700,12.8262,9.6800,9.9900,-28.5953,14.8715,2.4776,10.6537,10.1087,11.2167
Algorand,scale-free,VISA,8,16,10,2023,hop,40 nodes,0,13,265.1385,309.6000,197.0000,257.2000,278.1000,29.2280,13,50.8715,68.8300,39.5100,45.2500,55.8000,8.1657,13,22.2989,25.1162,20.3696,21.2869,23.2578,1.5320,80008.3846,-25.6992,16.7692,20.9000,7.8827,112.6000,11.0237,-22.3338,35.3016,10.5500,20.7385,29.3200,16.0516,-8.6519,12.6345,1.9709,8.8386,4.7466,6.8704
Algorand,torus,DDoS,8,16,10,2023,hop,10 nodes,0,13,762.2462,806.5000,676.9000,737.7000,793.1000,43.7601,13,30.5223,37.4600,25.1100,27.3200,33.5700,3.8517,13,10.0803,12.9435,7.3253,9.4268,10.7171,1.5179,96415.1538,-11.1967,5.8057,55.4000,7.2680,129.6000,5.7409,-17.7323,22.7299,6.2500,20.4768,12.3500,12.6192,-27.3301,28.4038,1.2903,12.8001,5.6181,15.0580
Algorand,torus,DDoS,8,16,10,2023,hop,40 nodes,0,13,412.7692,497.0000,303.3000,352.9000,450.5000,57.2403,13,48.2238,60.1600,40.8000,45.2700,49.6900,6.1431,13,10.4533,12.4474,7.3135,9.5347,11.9005,1.4520,52729.3846,-26.5207,20.4063,97.6000,23.6452,193.7000,13.8674,-15.3946,24.7516,4.4200,9.1656,19.3600,12.7387,-30.0363,19.0760,2.3658,22.6323,5.1339,13.8906
Algorand,torus,FIFA,8,16,10,2023,hop,10 nodes,0,13,149.6923,263.9000,4.2000,113.3000,198.4000,73.8065,13,46.7938,62.2300,17.6400,40.2500,56.4000,14.4985,13,8.9889,11.2644,6.6382,8.3927,9.5152,1.3181,22445.2308,-97.1942,76.2950,85.1000,56.8499,259.7000,49.3055,-62.3027,32.9876,16.1500,34.5131,44.5900,30.9838,-26.1508,25.3146,1.1225,12.4879,4.6262,14.6631
Algorand,torus,FIFA,8,16,10,2023,hop,40 nodes,0,13,59.2231,126.8000,8.6000,34.2000,74.4000,34.8960,13,66.6200,89.1000,27.0900,61.5400,76.6700,16.3583,13,9.1519,11.1291,6.3345,8.3761,9.9819,1.2531,8993.0769,-85.4786,114.1057,40.2000,67.8789,118.2000,58.9230,-59.3365,33.7436,15.1300,22.7109,62.0100,24.5547,-30.7845,21.6042,1.6058,17.5458,4.7946,13.6920
Algorand,torus,GAFAM,8,16,10,2023,hop,10 nodes,0,13,126.2308,152.2000,30.2000,131.4000,149.4000,38.6163,13,23.0585,28.1000,19.3900,22.4700,23.5300,1.9229,13,14.3379,18.8384,11.0067,13.0072,15.0633,2.3262,22825.8462,-76.0756,20.5728,18.0000,14.2596,122.0000,30.5918,-15.9094,21.8642,1.0600,4.5970,8.7100,8.3391,-23.2335,31.3886,2.0561,14.3402,7.8317,16.2244
Algorand,torus,GAFAM,8,16,10,2023,hop,40 nodes,0,13,98.9462,141.6000,41.7000,70.3000,132.4000,33.5271,13,39.5985,60.3900,27.8300,30.2300,46.0400,9.6502,13,14.7533,17.6256,11.4359,13.4179,15.9280,1.7718,17891.2308,-57.8559,43.1081,62.1000,62.7614,99.9000,33.8842,-29.7195,52.5059,15.8100,39.9258,32.5600,24.3701,-22.4854,19.4693,2.5100,17.0133,6.1897,12.0092
Algorand,torus,Gaming,8,16,10,2023,hop,10 nodes,0,13,258.1077,307.7000,191.7000,248.2000,278.5000,32.6749,13,83.3262,104.4400,62.9400,76.3700,87.4000,10.7561,13,21.7156,27.2111,16.8268,20.0990,23.6515,2.9343,76071.4615,-25.7287,19.2138,30.3000,11.7393,116.0000,12.6594,-24.4655,25.3388,11.0300,13.2371,41.5000,12.9085,-22.5130,25.3068,3.5525,16.3592,10.3844,13.5122
Algorand,torus,Gaming,8,16,10,2023,hop,40 nodes,0,13,223.6000,301.9000,63.0000,222.6000,266.3000,70.8554,13,89.1677,108.4800,68.0400,79.7200,96.5900,11.5635,13,21.8958,27.1405,15.6640,19.0609,24.3852,3.4904,65725.3846,-71.8247,35.0179,43.7000,19.5438,238.9000,31.6885,-23.6943,21.6584,16.8700,18.9194,40.4400,12.9683,-28.4613,23.9527,5.3243,24.3167,11.4765,15.9411
Algorand,torus,PayPal,8,16,10,2023,hop,10 nodes,0,13,191.0308,191.9000,190.5000,190.7000,191.6000,0.5040,13,12.2362,12.3500,12.0800,12.1800,12.2900,0.0703,13,22.0623,25.5464,16.4412,21.1930,23.0439,2.5273,57303.4615,-0.2778,0.4550,0.9000,0.4711,1.4000,0.2638,-1.2762,0.9304,0.1100,0.8990,0.2700,0.5745,-25.4785,15.7921,1.8509,8.3895,9.1053,11.4553
Algorand,torus,PayPal,8,16,10,2023,hop,40 nodes,0,13,191.3231,193.3000,190.5000,190.8000,191.3000,0.8899,13,12.3377,12.6000,12.2000,12.2900,12.3600,0.1026,13,23.2130,30.9664,17.2140,21.4426,24.8467,3.5985,57386.6154,-0.4302,1.0333,0.5000,0.2613,2.8000,0.4651,-1.1160,2.1261,0.0700,0.5674,0.4000,0.8313,-25.8432,33.4010,3.4040,14.6642,13.7524,15.5019
Algorand,torus,VISA,8,16,10,2023,hop,10 nodes,0,13,533.6538,544.4000,522.0000,528.9000,538.9000,7.4379,13,16.2408,22.9600,15.4200,15.5700,15.8000,2.0274,13,22.5388,25.6270,18.9099,20.5903,23.8572,2.2558,162460.9231,-2.1838,2.0137,10.0000,1.8739,22.4000,1.3938,-5.0538,41.3726,0.2300,1.4162,7.5400,12.4836,-16.1009,13.7019,3.2669,14.4947,6.7172,10.0087
Algorand,torus,VISA,8,16,10,2023,hop,40 nodes,0,13,402.1692,465.4000,335.7000,374.1000,440.1000,39.0443,13,28.9015,36.5800,21.7100,25.4300,31.7000,4.9237,13,21.7095,28.9424,17.8149,18.8213,22.4557,3.2381,121706.2308,-16.5277,15.7224,66.0000,16.4110,129.7000,9.7084,-24.8829,26.5677,6.2700,21.6943,14.8700,17.0362,-17.9394,33.3171,3.6344,16.7409,11.1275,14.9155
Diem,fat-tree,DDoS,8,16,10,2023,hop,10 nodes,0,13,344.6462,380.8000,302.4000,339.9000,352.2000,19.1822,13,70.0415,74.3100,65.5700,69.0400,71.7400,2.3492,13,10.6317,11.8956,9.0574,9.9218,11.4876,0.9970,41775.6923,-12.2578,10.4901,12.3000,3.5689,78.4000,5.5658,-6.3841,6.0942,2.7000,3.8549,8.7400,3.3540,-14.8074,11.8885,1.5658,14.7279,2.8382,9.3780
Diem,fat-tree,DDoS,8,16,10,2023,hop,40 nodes,0,20,231.3750,420.0000,102.0000,137.5250,353.2250,116.1231,20,73.2605,88.9000,51.6500,69.1075,78.4075,8.1331,20,9.9051,13.0280,7.0111,8.6400,10.7738,1.6778,27793.7000,-55.9157,81.5235,215.7000,93.2253,318.0000,50.1883,-29.4982,21.3478,9.3000,12.6944,37.2500,11.1016,-29.2179,31.5279,2.1338,21.5423,6.0169,16.9392
Diem,fat-tree,FIFA,8,16,10,2023,hop,10 nodes,0,13,23.7077,43.2000,8.5000,18.6000,28.5000,10.1383,13,46.5392,71.8000,29.9700,37.8800,49.8800,11.4759,13,9.0467,11.5644,6.1225,8.1021,10.5596,1.6519,3919.6923,-64.1467,82.2193,9.9000,41.7586,34.7000,42.7639,-35.6027,54.2784,12.0000,25.7847,41.8300,24.6586,-32.3233,27.8305,2.4575,27.1646,5.4419,18.2593
Diem,fat-tree,FIFA,8,16,10,2023,hop,40 nodes,0,21,21.7619,46.5000,10.3000,15.1000,22.7000,10.2400,21,42.5438,57.8400,29.9200,38.1600,46.5800,7.1638,21,9.2766,12.2062,7.4604,7.8386,10.2432,1.4960,4104.1429,-52.6696,113.6761,7.6000,34.9234,36.2000,47.0547,-29.6725,35.9540,8.4200,19.7914,27.9200,16.8386,-19.5779,31.5807,2.4046,25.9212,4.7458,16.1271
Diem,fat-tree,GAFAM,8,16,10,2023,hop,10 nodes,0,13,153.9692,167.0000,103.5000,148.0000,166.9000,20.3842,13,31.6369,37.7700,26.7400,28.9500,34.4500,3.3339,13,14.6716,17.2206,13.2552,13.5020,15.4877,1.3474,27840.7692,-32.7788,8.4632,18.9000,12.2752,63.5000,13.2391,-15.4785,19.3858,5.5000,17.3848,11.0300,10.5379,-9.6540,17.3732,1.9857,13.5343,3.9653,9.1840
Diem,fat-tree,GAFAM,8,16,10,2023,hop,40 nodes,0,19,147.9632,167.1000,42.7000,137.9500,166.7000,29.7202,19,44.5116,73.0400,18.1000,30.2800,57.7200,17.3924,19,15.1386,20.7273,12.0094,12.8411,17.0873,2.6983,26753.0000,-71.1415,12.9335,28.7500,19.4305,124.4000,20.0862,-59.3364,64.0921,27.4400,61.6469,54.9400,39.0738,-20.6702,36.9171,4.2462,28.0489,8.7179,17.8239
Diem,fat-tree,Gaming,8,16,10,2023,hop,10 nodes,0,13,185.8846,352.3000,50.2000,150.9000,214.4000,79.0539,13,87.0338,119.6100,53.1400,77.6300,102.4600,20.0334,13,21.3098,26.4229,9.7322,19.3200,24.6969,4.9955,57973.8462,-72.9940,89.5262,63.5000,34.1610,302.1000,42.5285,-38.9433,37.4293,24.8300,28.5291,66.4700,23.0180,-54.3297,23.9942,5.3769,25.2321,16.6906,23.4423
Diem,fat-tree,Gaming,8,16,10,2023,hop,40 nodes,0,25,206.9800,285.6000,105.3000,158.0000,248.6000,54.2881,25,112.9744,154.1800,54.8400,79.3400,144.1100,36.9762,25,20.7813,26.9779,15.3222,17.8366,23.0922,3.2158,59677.6000,-49.1255,37.9843,90.6000,43.7723,180.3000,26.2287,-51.4580,36.4734,64.7700,57.3316,99.3400,32.7297,-26.2692,29.8184,5.2557,25.2904,11.6557,15.4744
Diem,fat-tree,PayPal,8,16,10,2023,hop,10 nodes,0,13,195.3923,196.8000,192.9000,194.8000,196.3000,1.2613,13,7.3969,9.0400,5.8500,6.8400,7.9400,0.9097,13,21.5917,25.7313,18.4366,20.7469,22.4511,1.8377,58612.5385,-1.2755,0.7204,1.5000,0.7677,3.9000,0.6455,-20.9131,22.2130,1.1000,14.8710,3.1900,12.2979,-14.6125,19.1724,1.7042,7.8929,7.2947,8.5113
Diem,fat-tree,PayPal,8,16,10,2023,hop,40 nodes,0,23,194.0000,197.1000,187.7000,192.3000,196.4000,2.5311,23,15.9526,33.2700,4.4200,5.6100,22.3700,9.8304,23,21.5990,27.0745,13.1238,19.1753,24.0683,3.9316,58192.8696,-3.2474,1.5979,4.1000,2.1134,9.4000,1.3047,-72.2929,108.5552,16.7600,105.0612,28.8500,61.6226,-39.2387,25.3510,4.8930,22.6540,13.9507,18.2026
Diem,fat-tree,VISA,8,16,10,2023,hop,10 nodes,0,11,388.5818,437.3000,314.8000,371.0500,408.9000,34.0472,11,128.1345,132.0100,122.2400,126.2050,130.5700,3.3466,11,23.0079,26.2111,17.5973,22.4629,24.4781,2.4617,117909.9091,-18.9875,12.5374,37.8500,9.7405,122.5000,8.7619,-4.6003,3.0245,4.3650,3.4066,9.7700,2.6118,-23.5165,13.9220,2.0151,8.7584,8.6138,10.6993
Diem,fat-tree,VISA,8,16,10,2023,hop,40 nodes,0,23,292.5348,457.0000,60.5000,195.5000,422.4500,126.4514,23,140.7291,169.7100,78.8100,125.5150,155.0600,21.6080,23,23.0266,29.2737,16.2575,21.2023,25.5098,3.4713,88570.0435,-79.3187,56.2207,226.9500,77.5805,396.5000,43.2261,-43.9988,20.5934,29.5450,20.9942,90.9000,15.3543,-29.3972,27.1297,4.3075,18.7065,13.0163,15.0753
Diem,full mesh,DDoS,8,16,10,2023,hop,10 nodes,0,13,296.4538,415.9000,145.2000,243.4000,358.9000,83.7607,13,61.8708,71.2300,47.4000,59.0300,69.3600,7.5137,13,10.1765,12.6434,7.7704,9.4170,11.2936,1.5482,36015.7692,-51.0210,40.2917,115.5000,38.9605,270.7000,28.2542,-23.3887,15.1271,10.3300,16.6961,23.8300,12.1442,-23.6432,24.2412,1.8766,18.4409,4.8730,15.2131
Diem,full mesh,DDoS,8,16,10,2023,hop,40 nodes,0,11,156.3545,183.3000,117.1000,148.1000,167.8000,18.4277,11,68.5027,80.1300,59.5200,64.9700,71.8600,5.6461,11,10.9172,13.1239,8.1831,9.7850,12.2182,1.5577,18766.2727,-25.1061,17.2336,19.7000,12.5996,66.2000,11.7859,-13.1129,16.9734,6.8900,10.0580,20.6100,8.2422,-25.0435,20.2134,2.4332,22.2878,4.9408,14.2681
Diem,full mesh,FIFA,8,16,10,2023,hop,10 nodes,0,13,34.2846,49.3000,18.3000,23.7000,42.8000,11.4980,13,35.4823,43.2900,31.0200,33.1500,38.0200,3.4816,13,9.5560,10.8926,8.1870,8.6952,10.3296,0.9363,6125.8462,-46.6233,43.7963,19.1000,55.7101,31.0000,33.5368,-12.5761,22.0045,4.8700,13.7252,12.2700,9.8122,-14.3252,13.9875,1.6344,17.1037,2.7056,9.7977
Diem,full mesh,FIFA,8,16,10,2023,hop,40 nodes,0,11,20.1545,29.6000,13.3000,17.6000,21.5000,4.3803,11,39.6891,48.0500,33.6000,36.6750,41.8050,4.2012,11,8.5572,10.2806,6.7240,7.9397,9.2497,1.1622,4387.0000,-34.0099,46.8651,3.9000,19.3505,16.3000,21.7334,-15.3420,21.0660,5.1300,12.9255,14.4500,10.5852,-21.4234,20.1398,1.3100,15.3086,3.5566,13.5820
Diem,full mesh,GAFAM,8,16,10,2023,hop,10 nodes,0,12,127.2583,167.3000,80.8000,113.3500,152.1000,27.9911,12,24.3525,26.0900,20.3900,23.9650,25.3550,1.7145,12,14.9963,18.5288,11.1964,14.1979,15.7125,1.9664,23009.3333,-36.5071,31.4649,38.7500,30.4499,86.5000,21.9955,-16.2714,7.1348,1.3900,5.7078,5.7000,7.0404,-25.3389,23.5555,1.5146,10.1000,7.3324,13.1128
Diem,full mesh,GAFAM,8,16,10,2023,hop,40 nodes,0,13,162.4462,167.2000,126.1000,166.9000,167.1000,11.4956,13,50.6638,58.8900,41.9800,46.3100,54.4700,5.0125,13,15.1750,17.0441,13.7954,13.9468,16.1723,1.1851,29371.6154,-22.3743,2.9264,0.2000,0.1231,41.1000,7.0766,-17.1401,16.2367,8.1600,16.1062,16.9100,9.8936,-9.0915,12.3167,2.2255,14.6654,3.2487,7.8093
Diem,full mesh,Gaming,8,16,10,2023,hop,10 nodes,0,13,144.0385,279.1000,54.9000,96.0000,171.5000,64.2261,13,60.4138,100.9400,37.1100,45.1200,68.6700,17.7834,13,20.6355,25.7016,16.5392,18.4014,22.4224,2.8112,40540.3077,-61.8852,93.7677,75.5000,52.4166,224.2000,44.5896,-38.5737,67.0809,23.5500,38.9811,63.8300,29.4360,-19.8509,24.5499,4.0210,19.4860,9.1624,13.6231
Diem,full mesh,Gaming,8,16,10,2023,hop,40 nodes,0,12,191.0417,221.0000,116.3000,184.8500,212.9250,32.4015,12,142.8517,169.2300,83.9800,140.5550,149.1175,20.9758,12,20.6691,26.7713,15.3708,19.1672,22.5076,3.1691,56791.1667,-39.1232,15.6816,28.0750,14.6957,104.7000,16.9604,-41.2117,18.4655,8.5625,5.9940,85.2500,14.6836,-25.6337,29.5235,3.3404,16.1614,11.4005,15.3324
Diem,full mesh,PayPal,8,16,10,2023,hop,10 nodes,0,13,197.7308,198.2000,197.2000,197.5000,198.0000,0.3119,13,4.4269,5.8000,3.2300,3.7800,5.0000,0.7741,13,22.3310,27.3218,19.0237,20.6463,23.6714,2.2686,59316.1538,-0.2684,0.2373,0.5000,0.2529,1.0000,0.1578,-27.0374,31.0165,1.2200,27.5586,2.5700,17.4853,-14.8103,22.3494,3.0251,13.5466,8.2981,10.1590
Diem,full mesh,PayPal,8,16,10,2023,hop,40 nodes,0,13,188.4077,194.9000,179.4000,184.9000,191.6000,4.4472,13,20.9177,37.4900,14.6600,16.8500,21.4200,6.3992,13,22.9747,27.3310,18.2998,22.1518,24.5619,2.4876,56516.3077,-4.7810,3.4459,6.7000,3.5561,15.5000,2.3604,-29.9158,79.2263,4.5700,21.8475,22.8300,30.5921,-20.3479,18.9615,2.4101,10.4902,9.0312,10.8275
Diem,full mesh,VISA,8,16,10,2023,hop,10 nodes,0,13,419.6308,501.9000,324.1000,399.1000,456.8000,52.7979,13,124.0669,140.1800,117.5900,120.5900,125.5100,5.4858,13,21.9297,25.6316,18.5330,19.6678,24.2989,2.5221,127435.6154,-22.7654,19.6051,57.7000,13.7502,177.8000,12.5820,-5.2205,12.9874,4.9200,3.9656,22.5900,4.4216,-15.4890,16.8806,4.6311,21.1181,7.0986,11.5008
Diem,full mesh,VISA,8,16,10,2023,hop,40 nodes,0,12,183.5000,204.1000,168.3000,173.5750,191.6500,11.6283,12,148.0675,156.2700,142.2900,145.2150,150.2175,4.7307,12,22.1327,26.7113,19.1528,21.1189,22.4440,1.9784,55053.3333,-8.2834,11.2262,18.0750,9.8501,35.8000,6.3369,-3.9019,5.5397,5.0025,3.3785,13.9800,3.1949,-13.4638,20.6871,1.3251,5.9869,7.5585,8.9388
Diem,hypercube,DDoS,8,16,10,2023,hop,10 nodes,0,13,319.8231,403.0000,206.4000,270.9000,387.8000,69.8990,13,69.5485,74.9900,63.9600,67.7500,70.3900,2.9126,13,11.0394,13.8515,9.2175,10.3589,11.4698,1.1249,38674.4615,-35.4643,26.0072,116.9000,36.5515,196.6000,21.8555,-8.0353,7.8241,2.6400,3.7959,11.0300,4.1879,-16.5041,25.4732,1.1109,10.0627,4.6340,10.1899
Diem,hypercube,DDoS,8,16,10,2023,hop,40 nodes,0,12,143.2667,177.1000,108.3000,133.5250,151.9750,18.9597,12,71.2425,83.8300,62.3800,64.8300,75.4375,7.4037,12,10.6123,12.3815,8.4769,10.0639,11.2476,1.1386,17198.9167,-24.4067,23.6156,18.4500,12.8781,68.8000,13.2338,-12.4399,17.6685,10.6075,14.8893,21.4500,10.3922,-20.1215,16.6714,1.1836,11.1534,3.9046,10.7290
Diem,hypercube,FIFA,8,16,10,2023,hop,10 nodes,0,13,29.5385,50.7000,11.3000,24.3000,34.4000,10.8131,13,43.5246,55.7700,29.8700,38.8500,46.0900,8.3052,13,8.9381,11.0779,7.3207,8.3163,9.5051,1.1436,5079.0769,-61.7448,71.6406,10.1000,34.1927,39.4000,36.6068,-31.3722,28.1344,7.2400,16.6343,25.9000,19.0815,-18.0956,23.9397,1.1888,13.3003,3.7572,12.7948
Diem,hypercube,FIFA,8,16,10,2023,hop,40 nodes,0,9,15.2889,33.9000,8.1000,8.8000,15.7000,8.6763,9,50.3011,69.2100,35.0200,45.7800,51.5400,10.0106,9,9.1445,12.1009,6.0609,7.5370,10.9554,2.1362,3154.3333,-47.0203,121.7297,6.9000,45.1308,25.8000,56.7492,-30.3793,37.5914,5.7600,11.4510,34.1900,19.9014,-33.7210,32.3297,3.4184,37.3821,6.0400,23.3605
Diem,hypercube,GAFAM,8,16,10,2023,hop,10 nodes,0,13,150.8385,167.1000,123.4000,132.4000,167.0000,17.4408,13,28.3208,33.4500,23.1800,26.9800,30.4600,2.9782,13,14.0565,15.3992,11.9200,13.4221,14.8958,1.1141,27275.6923,-18.1906,10.7808,34.6000,22.9384,43.7000,11.5626,-18.1519,18.1112,3.4800,12.2878,10.2700,10.5160,-15.1992,9.5517,1.4736,10.4837,3.4791,7.9257
Diem,hypercube,GAFAM,8,16,10,2023,hop,40 nodes,0,10,147.5300,167.0000,78.0000,154.3750,166.9000,36.8320,10,57.2180,71.3500,41.5900,52.4400,62.4100,8.8126,10,15.0260,18.6024,11.0174,14.1836,17.0258,2.4824,26676.5000,-47.1294,13.1973,12.5250,8.4898,89.0000,24.9658,-27.3131,24.6985,9.9700,17.4246,29.7600,15.4017,-26.6775,23.8015,2.8422,18.9156,7.5850,16.5206
Diem,hypercube,Gaming,8,16,10,2023,hop,10 nodes,0,13,206.7923,401.7000,84.3000,138.9000,283.1000,103.8223,13,82.1238,134.7100,45.1400,64.8600,109.9700,28.2393,13,20.3104,24.2416,16.6601,18.5538,21.2897,2.3399,61233.6923,-59.2345,94.2529,144.2000,69.7318,317.4000,50.2061,-45.0342,64.0327,45.1100,54.9292,89.5700,34.3862,-17.9727,19.3557,2.7360,13.4707,7.5816,11.5205
Diem,hypercube,Gaming,8,16,10,2023,hop,40 nodes,0,10,211.1600,247.6000,119.4000,200.4750,241.4500,44.4448,10,138.5620,155.5800,97.9700,139.9575,149.3450,18.7445,10,21.3888,27.5811,13.4419,18.9107,23.5741,4.3818,59946.8000,-43.4552,17.2571,40.9750,19.4047,128.2000,21.0479,-29.2952,12.2819,9.3875,6.7749,57.6100,13.5279,-37.1545,28.9512,4.6635,21.8035,14.1392,20.4866
Diem,hypercube,PayPal,8,16,10,2023,hop,10 nodes,0,13,196.7000,197.4000,194.6000,196.5000,197.1000,0.7153,13,5.5100,6.9200,4.7100,5.2100,5.8800,0.6611,13,22.2266,25.9957,16.3303,20.6712,25.0033,3.2695,59000.6154,-1.0676,0.3559,0.6000,0.3050,2.8000,0.3637,-14.5191,25.5898,0.6700,12.1597,2.2100,11.9986,-26.5284,16.9575,4.3321,19.4905,9.6654,14.7100
Diem,hypercube,PayPal,8,16,10,2023,hop,40 nodes,0,11,191.2909,195.5000,185.1000,189.4000,193.5000,3.3077,11,22.8727,35.8100,16.7300,19.3550,24.8350,5.4162,11,22.7455,26.6962,16.9746,21.4536,24.7640,2.8928,57376.0000,-3.2364,2.2004,4.1000,2.1433,10.4000,1.7291,-26.8561,56.5620,5.4800,23.9587,19.0800,23.6798,-25.3717,17.3691,3.3104,14.5542,9.7216,12.7183
Diem,hypercube,VISA,8,16,10,2023,hop,10 nodes,0,12,443.1000,475.8000,401.3000,430.1000,452.2750,19.9264,12,124.8800,131.3400,119.9900,123.0650,125.7725,3.0913,12,22.9636,26.3482,20.3248,21.5270,24.3284,2.0707,134692.5000,-9.4335,7.3798,22.1750,5.0045,74.5000,4.4970,-3.9158,5.1730,2.7075,2.1681,11.3500,2.4754,-11.4909,14.7390,2.8013,12.1991,6.0233,9.0175
Diem,hypercube,VISA,8,16,10,2023,hop,40 nodes,0,9,199.3889,210.7000,187.6000,193.9000,205.5000,7.9728,9,154.5889,159.5600,152.1100,152.6800,155.7300,2.3434,9,22.1514,24.9561,18.9274,20.7636,23.1271,1.9346,60049.7778,-5.9125,5.6729,11.6000,5.8178,23.1000,3.9986,-1.6035,3.2157,3.0500,1.9730,7.4500,1.5159,-14.5543,12.6612,2.3635,10.6697,6.0286,8.7335
Diem,scale-free,DDoS,8,16,10,2023,hop,10 nodes,0,13,220.3923,258.3000,176.9000,208.3000,237.0000,25.6763,13,73.0454,78.6100,66.8200,71.3100,75.8500,3.7193,13,10.1101,14.5397,6.9575,9.4090,10.7337,1.8971,26463.2308,-19.7340,17.2001,28.7000,13.0222,81.4000,11.6503,-8.5226,7.6180,4.5400,6.2153,11.7900,5.0918,-31.1833,43.8133,1.3246,13.1021,7.5822,18.7643
Diem,scale-free,DDoS,8,16,10,2023,hop,40 nodes,0,19,103.7632,133.3000,0.0000,96.2500,125.0000,30.0839,19,79.1042,109.9200,0.0000,74.8800,90.2700,22.2636,19,10.7669,12.8958,7.5948,9.6675,11.8233,1.4011,12451.5263,,28.4656,28.7500,27.7073,133.3000,28.9929,,38.9559,15.3900,19.4553,109.9200,28.1447,-29.4617,19.7722,2.1557,20.0217,5.3010,13.0131
Diem,scale-free,FIFA,8,16,10,2023,hop,10 nodes,0,12,19.5583,28.9000,4.8000,16.5750,25.5500,7.1536,12,60.2267,78.1600,40.8400,56.3750,65.0925,10.5188,12,9.4692,12.3535,6.8793,8.4865,10.4599,1.6399,3104.7500,-75.4580,47.7631,8.9750,45.8884,24.1000,36.5756,-32.1895,29.7764,8.7175,14.4745,37.3200,17.4653,-27.3507,30.4601,1.9734,20.8404,5.4742,17.3181
Diem,scale-free,FIFA,8,16,10,2023,hop,40 nodes,0,18,8.3056,20.0000,1.7000,6.1500,10.5000,4.6730,18,70.2778,120.3300,47.3900,55.0025,76.5175,22.9917,18,9.2492,10.8429,7.7326,8.6428,9.7969,0.8926,1737.0556,-79.5318,140.8027,4.3500,52.3746,18.3000,56.2637,-32.5676,71.2206,21.5150,30.6142,72.9400,32.7155,-16.3973,17.2301,1.1540,12.4771,3.1103,9.6509
Diem,scale-free,GAFAM,8,16,10,2023,hop,10 nodes,0,14,156.8143,166.5000,98.1000,151.4000,166.4000,18.4037,14,46.9000,59.4700,36.5000,43.7525,48.4100,5.4842,14,15.0820,19.9145,10.1150,13.5883,16.4027,2.4493,28355.2857,-37.4419,6.1766,15.0000,9.5655,68.4000,11.7360,-22.1748,26.8017,4.6575,9.9307,22.9700,11.6933,-32.9328,32.0417,2.8144,18.6609,9.7994,16.2401
Diem,scale-free,GAFAM,8,16,10,2023,hop,40 nodes,0,16,164.9563,166.5000,144.6000,166.2750,166.3250,5.4293,16,79.7856,92.9800,72.5900,75.3000,82.6350,6.0221,16,14.3074,18.5857,9.7407,13.1192,15.7258,2.2769,29826.5000,-12.3404,0.9359,0.0500,0.0303,21.9000,3.2914,-9.0187,16.5373,7.3350,9.1934,20.3900,7.5478,-31.9185,29.9025,2.6066,18.2183,8.8450,15.9144
Diem,scale-free,Gaming,8,16,10,2023,hop,10 nodes,0,13,165.9385,259.5000,66.1000,110.0000,228.6000,65.7936,13,104.2000,134.5500,77.1300,95.0300,122.9500,18.6583,13,20.3516,25.0446,17.5428,18.3877,21.2081,2.4185,46225.2308,-60.1660,56.3833,118.6000,71.4723,193.4000,39.6494,-25.9789,29.1267,27.9200,26.7946,57.4200,17.9062,-13.8013,23.0599,2.8205,13.8588,7.5018,11.8835
Diem,scale-free,Gaming,8,16,10,2023,hop,40 nodes,0,17,192.9471,229.9000,155.3000,184.6000,208.4000,19.9135,17,155.1559,173.2600,142.2400,150.6000,157.8500,7.9393,17,21.9439,26.8667,16.5062,20.3255,24.0499,2.8178,53348.1176,-19.5116,19.1519,23.8000,12.3350,74.6000,10.3207,-8.3245,11.6683,7.2500,4.6727,31.0200,5.1170,-24.7803,22.4336,3.7244,16.9724,10.3606,12.8411
Diem,scale-free,PayPal,8,16,10,2023,hop,10 nodes,0,13,193.0000,194.8000,186.9000,191.6000,194.5000,2.3108,13,12.1531,15.7100,9.5900,11.3000,12.4500,1.8611,13,22.5984,26.6873,18.1281,21.8327,23.7649,2.2439,57894.4615,-3.1606,0.9326,2.9000,1.5026,7.9000,1.1973,-21.0899,29.2677,1.1500,9.4626,6.1200,15.3140,-19.7814,18.0937,1.9322,8.5503,8.5592,9.9295
Diem,scale-free,PayPal,8,16,10,2023,hop,40 nodes,0,19,163.6632,182.4000,131.8000,157.6500,172.0500,11.2154,19,60.7400,100.4100,38.5400,55.7850,64.9250,13.2258,19,23.1638,29.5255,17.9088,20.4119,25.0258,3.4466,49093.2105,-19.4687,11.4484,14.4000,8.7986,50.6000,6.8527,-36.5492,65.3112,9.1400,15.0477,61.8700,21.7745,-22.6862,27.4639,4.6139,19.9185,11.6167,14.8791
Diem,scale-free,VISA,8,16,10,2023,hop,10 nodes,0,12,287.0500,321.5000,262.4000,275.7000,292.9750,16.3989,12,142.8050,148.9800,138.5500,141.5050,143.9600,2.6848,12,22.4399,26.5985,18.1381,21.7612,23.3514,2.2933,86728.8333,-8.5874,12.0014,17.2750,6.0181,59.1000,5.7129,-2.9796,4.3241,2.4550,1.7191,10.4300,1.8801,-19.1703,18.5323,1.5903,7.0869,8.4604,10.2196
Diem,scale-free,VISA,8,16,10,2023,hop,40 nodes,0,19,157.2211,173.3000,143.6000,153.3000,161.2500,7.4323,19,166.1637,179.6800,158.1500,161.5000,169.8400,5.9628,19,21.7667,27.0485,16.0506,19.5718,24.1333,3.1257,47168.3158,-8.6636,10.2270,7.9500,5.0566,29.7000,4.7273,-4.8228,8.1343,8.3400,5.0191,21.5300,3.5885,-26.2606,24.2659,4.5615,20.9563,10.9979,14.3601
Diem,torus,DDoS,8,16,10,2023,hop,10 nodes,0,13,319.2231,374.3000,226.1000,303.4000,341.7000,40.0862,13,69.0046,72.7000,62.8000,68.5000,70.0600,2.5579,13,10.5138,13.5212,6.5866,10.0676,12.0096,2.2954,38643.6923,-29.1718,17.2534,38.3000,11.9979,148.2000,12.5574,-8.9916,5.3553,1.5600,2.2607,9.9000,3.7069,-37.3526,28.6047,1.9420,18.4712,6.9346,21.8326
Diem,torus,DDoS,8,16,10,2023,hop,40 nodes,0,10,151.0500,175.0000,125.0000,141.6000,158.3000,15.5139,10,74.0520,89.9200,66.1600,69.4025,78.6175,7.8232,10,10.4569,13.5784,8.1029,9.4384,11.3142,1.6287,18128.7000,-17.2459,15.8557,16.7000,11.0559,50.0000,10.2707,-10.6574,21.4282,9.2150,12.4440,23.7600,10.5645,-22.5119,29.8512,1.8758,17.9380,5.4756,15.5754
Diem,torus,FIFA,8,16,10,2023,hop,10 nodes,0,13,30.2692,56.7000,9.9000,22.4000,36.9000,12.6037,13,45.8885,62.1400,30.7200,35.6000,51.5400,10.0108,13,9.0991,11.4185,6.2452,8.4603,9.5285,1.3329,4997.4615,-67.2935,87.3189,14.5000,47.9034,46.8000,41.6387,-33.0551,35.4153,15.9400,34.7364,31.4200,21.8155,-31.3648,25.4907,1.0682,11.7394,5.1733,14.6488
Diem,torus,FIFA,8,16,10,2023,hop,40 nodes,0,9,15.0556,20.0000,9.7000,13.4000,17.8000,3.1489,9,44.7578,55.6100,36.8700,39.8100,49.0400,6.3242,9,9.0577,10.8975,7.3060,8.2728,9.5283,1.1321,3411.1111,-35.5720,32.8413,4.4000,29.2251,10.3000,20.9149,-17.6233,24.2466,9.2300,20.6221,18.7400,14.1299,-19.3397,20.3126,1.2554,13.8605,3.5916,12.4991
Diem,torus,GAFAM,8,16,10,2023,hop,10 nodes,0,13,162.5000,167.1000,138.3000,161.7000,166.9000,8.6125,13,34.1508,38.0800,28.9400,32.5800,36.2400,2.5051,13,14.8282,22.4989,10.1905,12.1719,16.9295,3.6824,29384.0000,-14.8923,2.8308,5.2000,3.2000,28.8000,5.3000,-15.2581,11.5055,3.6600,10.7172,9.1400,7.3354,-31.2760,51.7307,4.7576,32.0846,12.3084,24.8341
Diem,torus,GAFAM,8,16,10,2023,hop,40 nodes,0,13,163.5231,166.9000,147.4000,166.7000,166.8000,6.4657,13,62.3546,71.9500,56.1200,58.7200,65.2700,4.8288,13,15.3310,18.5548,11.7370,14.4548,17.3963,2.3233,29568.8462,-9.8598,2.0651,0.1000,0.0612,19.5000,3.9540,-9.9986,15.3884,6.5500,10.5044,15.8300,7.7441,-23.4426,21.0280,2.9415,19.1865,6.8178,15.1545
Diem,torus,Gaming,8,16,10,2023,hop,10 nodes,0,12,229.9000,355.2000,74.0000,146.1000,307.1000,91.8236,12,102.5783,135.2300,61.0600,84.3350,122.0375,25.6720,12,20.0559,22.2626,15.9667,19.0755,21.6853,2.0026,67681.9167,-67.8121,54.5020,161.0000,70.0304,281.2000,39.9407,-40.4748,31.8310,37.7025,36.7548,74.1700,25.0267,-20.3889,11.0032,2.6098,13.0127,6.2960,9.9853
Diem,torus,Gaming,8,16,10,2023,hop,40 nodes,0,11,227.8455,262.4000,109.8000,217.0500,252.0500,44.0251,11,139.4991,157.5000,73.3100,140.8350,151.1600,23.3291,11,20.4971,26.6068,16.1026,18.5373,22.3716,3.1888,66079.4545,-51.8094,15.1658,35.0000,15.3613,152.6000,19.3224,-47.4477,12.9040,10.3250,7.4015,84.1900,16.7235,-21.4395,29.8076,3.8343,18.7067,10.5042,15.5575
Diem,torus,PayPal,8,16,10,2023,hop,10 nodes,0,12,196.1167,196.6000,195.6000,195.8500,196.4250,0.3563,12,7.4125,8.2600,6.4700,7.0950,7.7050,0.5036,12,21.4616,26.4501,14.1865,19.3203,24.8499,3.5596,58833.0000,-0.2634,0.2465,0.5750,0.2932,1.0000,0.1817,-12.7150,11.4334,0.6100,8.2293,1.7900,6.7935,-33.8982,23.2436,5.5296,25.7650,12.2636,16.5858
Diem,torus,PayPal,8,16,10,2023,hop,40 nodes,0,12,181.0833,195.0000,56.2000,190.6250,193.9750,39.3829,12,28.4683,33.1200,22.2100,26.7800,31.5000,3.6512,12,23.0961,27.1192,19.4089,20.8338,25.3688,2.6440,54324.3333,-68.9646,7.6852,3.3500,1.8500,138.8000,21.7485,-21.9835,16.3398,4.7200,16.5798,10.9100,12.8253,-15.9644,17.4189,4.5350,19.6353,7.7102,11.4477
Diem,torus,VISA,8,16,10,2023,hop,10 nodes,0,13,392.9462,421.9000,338.7000,377.8000,416.7000,25.3176,13,128.6785,138.0300,123.7500,126.1000,129.5200,3.7874,13,23.1955,28.6324,17.2689,21.4287,25.4319,3.3876,119505.6154,-13.8050,7.3684,38.9000,9.8996,83.2000,6.4430,-3.8301,7.2674,3.4200,2.6578,14.2800,2.9433,-25.5507,23.4396,4.0032,17.2584,11.3635,14.6047
Diem,torus,VISA,8,16,10,2023,hop,40 nodes,0,13,191.9692,224.5000,61.2000,190.4000,207.4000,41.0652,13,151.0315,164.9100,83.4100,154.3100,158.4500,20.9433,13,22.9065,27.0920,19.1101,21.4038,24.7078,2.3942,57717.3846,-68.1199,16.9458,17.0000,8.8556,163.3000,21.3915,-44.7731,9.1891,4.1400,2.7411,81.5000,13.8669,-16.5736,18.2719,3.3040,14.4239,7.9819,10.4519
Ethereum,fat-tree,DDoS,8,16,10,2023,hop,10 nodes,0,13,12.6769,20.5000,4.0000,10.3000,15.0000,4.6201,13,48.0123,73.0100,19.9200,39.8100,53.9300,15.8378,13,9.8746,11.5124,6.9026,9.2256,10.8714,1.2879,1521.3846,-68.4466,61.7112,4.7000,37.0752,16.5000,36.4449,-58.5106,52.0652,14.1200,29.4091,53.0900,32.9871,-30.0970,16.5864,1.6458,16.6674,4.6098,13.0427
Ethereum,fat-tree,DDoS,8,16,10,2023,hop,40 nodes,0,13,12.3692,15.0000,8.2000,11.4000,13.0000,1.7337,13,58.4015,72.5200,45.7800,49.8000,62.5300,8.4310,13,9.9374,13.8110,7.0769,8.7050,11.0939,1.9822,1485.6154,-33.7065,21.2687,1.6000,12.9353,6.8000,14.0161,-21.6117,24.1748,12.7300,21.7974,26.7400,14.4362,-28.7854,38.9795,2.3889,24.0397,6.7341,19.9467
Ethereum,fat-tree,FIFA,8,16,10,2023,hop,10 nodes,0,14,2.0000,5.7000,0.8000,1.0000,2.4500,1.3411,14,10.1157,17.4700,5.9600,7.4450,13.1650,3.9598,14,9.3173,10.6385,7.1020,8.7549,10.2068,1.1254,224.8571,-60.0000,185.0000,1.4500,72.5000,4.9000,67.0534,-41.0818,72.7016,5.7200,56.5457,11.5100,39.1447,-23.7757,14.1800,1.4519,15.5826,3.5365,12.0789
Ethereum,fat-tree,FIFA,8,16,10,2023,hop,40 nodes,0,13,3.6923,5.7000,1.1000,3.0000,4.3000,1.3512,13,18.6008,33.0900,12.2100,14.5600,18.4400,6.5360,13,9.1052,11.4474,7.3024,8.3517,9.7800,1.0908,374.0769,-70.2083,54.3750,1.3000,35.2083,4.6000,36.5953,-34.3576,77.8959,3.8800,20.8594,20.8800,35.1386,-19.7996,25.7236,1.4282,15.6860,4.1450,11.9800
Ethereum,fat-tree,GAFAM,8,16,10,2023,hop,10 nodes,0,13,10.7846,19.0000,7.1000,8.9000,12.4000,3.3106,13,90.1615,99.4000,75.2200,87.9500,94.8000,7.0009,13,14.0173,18.3642,10.4341,12.9005,15.2699,2.4225,1949.2308,-34.1655,76.1769,3.5000,32.4536,11.9000,30.6970,-16.5720,10.2466,6.8500,7.5975,24.1800,7.7649,-25.5632,31.0108,2.3695,16.9039,7.9302,17.2821
Ethereum,fat-tree,GAFAM,8,16,10,2023,hop,40 nodes,0,13,8.2462,10.0000,6.8000,7.9000,8.9000,1.0627,13,90.6392,98.4100,81.3100,89.9800,92.1100,4.5059,13,14.3926,17.9555,9.9580,13.0756,15.8494,2.2357,1490.1538,-17.5373,21.2687,1.0000,12.1269,3.2000,12.8874,-10.2927,8.5733,2.1300,2.3500,17.1000,4.9713,-30.8119,24.7553,2.7738,19.2725,7.9976,15.5338
Ethereum,fat-tree,Gaming,8,16,10,2023,hop,10 nodes,0,13,0.4846,0.8000,0.1000,0.3000,0.7000,0.2641,13,42.3777,89.3800,2.7900,12.1800,68.6000,31.5561,13,21.3614,27.4976,18.2140,18.5616,22.5648,2.8019,138.0000,-79.3651,65.0794,0.4000,82.5397,0.7000,54.4948,-93.4163,110.9129,56.4200,133.1361,86.5900,74.4638,-14.7343,28.7255,4.0033,18.7406,9.2836,13.1167
Ethereum,fat-tree,Gaming,8,16,10,2023,hop,40 nodes,0,13,0.9385,1.1000,0.8000,0.9000,1.0000,0.0870,13,90.1754,104.2600,64.3500,87.1600,98.8800,11.3132,13,21.3386,27.7291,14.5449,18.5963,24.1654,4.2516,262.5385,-14.7541,17.2131,0.1000,10.6557,0.3000,9.2675,-28.6391,15.6191,11.7200,12.9969,39.9100,12.5458,-31.8379,29.9480,5.5691,26.0986,13.1842,19.9243
Ethereum,fat-tree,PayPal,8,16,10,2023,hop,10 nodes,0,14,11.0214,13.1000,3.8000,11.0250,12.4750,2.6033,14,148.4714,227.9800,128.5000,130.8250,152.8550,27.2208,14,23.1006,31.8859,15.0389,19.0900,26.2982,4.9715,3305.6429,-65.5217,18.8594,1.4500,13.1562,9.3000,23.6204,-13.4514,53.5514,22.0300,14.8379,99.4800,18.3340,-34.8981,38.0311,7.2082,31.2037,16.8470,21.5212
Ethereum,fat-tree,PayPal,8,16,10,2023,hop,40 nodes,0,13,8.1769,8.5000,8.0000,8.0000,8.3000,0.1641,13,133.8469,143.4600,127.1500,131.0400,135.2300,4.1288,13,22.3442,25.3403,18.9188,20.7929,23.5124,1.9279,2451.3846,-2.1637,3.9511,0.3000,3.6689,0.5000,2.0067,-5.0034,7.1821,4.1900,3.1304,16.3100,3.0847,-15.3304,13.4086,2.7195,12.1709,6.4215,8.6281
Ethereum,fat-tree,VISA,8,16,10,2023,hop,10 nodes,0,13,14.2538,18.0000,8.8000,13.7000,15.3000,2.4747,13,155.9408,207.8900,128.7800,140.9400,156.7200,24.9854,13,21.7984,31.4260,14.6682,18.3252,24.3432,5.0129,4278.4615,-38.2623,26.2817,1.6000,11.2250,9.2000,17.3619,-17.4174,33.3134,15.7800,10.1192,79.1100,16.0224,-32.7095,44.1669,6.0180,27.6075,16.7578,22.9965
Ethereum,fat-tree,VISA,8,16,10,2023,hop,40 nodes,0,13,9.6462,10.5000,8.9000,9.4000,9.9000,0.4484,13,134.3762,151.1500,120.9800,128.2000,137.0400,8.9544,13,23.3310,29.6651,18.2195,20.3245,26.6190,3.9809,2892.2308,-7.7352,8.8517,0.5000,5.1834,1.6000,4.6481,-9.9691,12.4828,8.8400,6.5785,30.1700,6.6637,-21.9087,27.1491,6.2945,26.9791,11.4457,17.0627
Ethereum,full mesh,DDoS,8,16,10,2023,hop,10 nodes,0,11,10.8727,19.7000,5.5000,9.2500,11.9000,3.7345,11,48.8964,62.6200,33.7200,43.3300,54.9150,9.4493,11,10.4663,13.8204,7.9430,9.1325,12.0373,1.8632,1303.0000,-49.4147,81.1873,2.6500,24.3729,14.2000,34.3470,-31.0378,28.0668,11.5850,23.6930,28.9000,19.3252,-24.1091,32.0461,2.9048,27.7539,5.8774,17.8017
Ethereum,full mesh,DDoS,8,16,10,2023,hop,40 nodes,0,13,9.6462,12.6000,7.2000,8.1000,11.5000,2.0419,13,56.9492,66.5000,49.0200,53.0000,59.6500,5.2669,13,10.4842,13.6612,7.9289,9.3839,11.2306,1.7093,1157.9231,-25.3589,30.6220,3.4000,35.2472,5.4000,21.1680,-13.9233,16.7707,6.6500,11.6771,17.4800,9.2484,-24.3721,30.3030,1.8468,17.6148,5.7322,16.3033
Ethereum,full mesh,FIFA,8,16,10,2023,hop,10 nodes,0,13,2.0692,4.3000,0.6000,0.9000,3.0000,1.1499,13,11.5869,30.4000,2.9100,7.1400,13.8500,7.8496,13,8.9486,11.4219,7.3606,7.7277,9.8654,1.3057,239.3077,-71.0037,107.8067,2.1000,101.4870,3.7000,55.5722,-74.8855,162.3647,6.7100,57.9101,27.4900,67.7456,-17.7462,27.6385,2.1377,23.8885,4.0613,14.5905
Ethereum,full mesh,FIFA,8,16,10,2023,hop,40 nodes,0,13,2.9154,4.9000,1.1000,2.4000,3.2000,0.9677,13,19.5800,28.3500,6.4400,12.9500,25.1100,7.0989,13,9.2162,11.1818,6.1172,8.5945,10.2151,1.5257,304.6154,-62.2691,68.0739,0.8000,27.4406,3.8000,33.1923,-67.1093,44.7906,12.1600,62.1042,21.9100,36.2559,-33.6248,21.3280,1.6206,17.5847,5.0645,16.5544
Ethereum,full mesh,GAFAM,8,16,10,2023,hop,10 nodes,0,13,7.7154,9.1000,5.5000,7.1000,8.6000,1.1313,13,90.9531,108.5600,75.7800,86.9700,93.5200,8.0000,13,14.8187,17.4240,11.4122,13.8293,16.0254,1.7992,1392.9231,-28.7139,17.9462,1.5000,19.4417,3.6000,14.6624,-16.6823,19.3582,6.5500,7.2015,32.7800,8.7957,-22.9881,17.5811,2.1961,14.8196,6.0118,12.1414
Ethereum,full mesh,GAFAM,8,16,10,2023,hop,40 nodes,0,13,7.3308,8.4000,6.1000,7.0000,7.7000,0.7409,13,92.2985,99.0700,85.0700,88.1600,95.8500,4.4652,13,15.0307,17.7522,11.7323,13.5311,16.5981,1.9449,1325.9231,-16.7891,14.5855,0.7000,9.5488,2.3000,10.1071,-7.8316,7.3366,7.6900,8.3317,14.0000,4.8378,-21.9441,18.1064,3.0669,20.4045,6.0199,12.9397
Ethereum,full mesh,Gaming,8,16,10,2023,hop,10 nodes,0,13,0.5692,0.8000,0.3000,0.5000,0.7000,0.1548,13,63.7031,95.5000,34.5600,53.2700,73.5900,17.7955,13,21.8014,29.5166,15.5876,19.4232,23.5707,3.5932,154.8462,-47.2973,40.5405,0.2000,35.1351,0.5000,27.2010,-45.7483,49.9143,20.3200,31.8980,60.9400,27.9350,-28.5018,35.3886,4.1476,19.0243,13.9290,16.4817
Ethereum,full mesh,Gaming,8,16,10,2023,hop,40 nodes,0,13,0.8615,1.0000,0.7000,0.8000,0.9000,0.1044,13,90.1100,107.1500,73.1600,86.9500,93.8400,8.3976,13,20.4182,26.9393,15.4185,18.5123,21.8266,3.0628,240.0000,-18.7500,16.0714,0.1000,11.6071,0.3000,12.1168,-18.8103,18.9102,6.8900,7.6462,33.9900,9.3192,-24.4865,31.9380,3.3143,16.2321,11.5208,15.0006
Ethereum,full mesh,PayPal,8,16,10,2023,hop,10 nodes,0,13,10.3308,11.2000,9.0000,10.1000,10.7000,0.6237,13,142.5585,174.2300,122.0200,129.9800,149.0500,13.9404,13,21.7271,25.1920,16.6572,20.5008,23.3393,2.6697,3096.3077,-12.8816,8.4140,0.6000,5.8079,2.2000,6.0371,-14.4070,22.2165,19.0700,13.3770,52.2100,9.7788,-23.3345,15.9471,2.8385,13.0645,8.5348,12.2873
Ethereum,full mesh,PayPal,8,16,10,2023,hop,40 nodes,0,13,8.0308,8.3000,7.9000,7.9000,8.1000,0.1548,13,136.5623,143.3200,131.0300,135.4100,137.9700,3.1863,13,22.2370,27.0608,17.8286,20.4575,23.1151,2.6932,2409.4615,-1.6284,3.3525,0.2000,2.4904,0.4000,1.9280,-4.0511,4.9484,2.5600,1.8746,12.2900,2.3332,-19.8247,21.6925,2.6576,11.9512,9.2322,12.1113
Ethereum,full mesh,VISA,8,16,10,2023,hop,10 nodes,0,13,11.0615,14.9000,7.0000,9.8000,11.9000,2.0106,13,151.8700,214.3700,126.8900,143.1800,156.2600,20.7751,13,22.5108,27.1396,17.9509,21.5145,24.7445,2.6133,3320.0000,-36.7177,34.7010,2.1000,18.9847,7.9000,18.1766,-16.4483,41.1536,13.0800,8.6126,87.4800,13.6795,-20.2563,20.5625,3.2300,14.3487,9.1886,11.6091
Ethereum,full mesh,VISA,8,16,10,2023,hop,40 nodes,0,13,8.6462,9.1000,8.4000,8.5000,8.8000,0.2504,13,143.0785,151.8700,130.4400,135.6500,147.7800,6.9086,13,22.5112,28.0507,17.8849,19.3506,24.8057,3.1962,2591.4615,-2.8470,5.2491,0.3000,3.4698,0.7000,2.8959,-8.8332,6.1446,12.1300,8.4779,21.4300,4.8286,-20.5510,24.6075,5.4551,24.2327,10.1657,14.1984
Ethereum,hypercube,DDoS,8,16,10,2023,hop,10 nodes,0,13,12.1769,16.5000,4.3000,10.8000,15.0000,3.6167,13,55.8546,94.2000,34.5900,45.1300,58.7500,17.8824,13,10.3106,12.5160,8.5330,9.1927,10.8315,1.2919,1461.3077,-64.6873,35.5022,4.2000,34.4915,12.2000,29.7010,-38.0714,68.6521,13.6200,24.3847,59.6100,32.0161,-17.2409,21.3894,1.6388,15.8942,3.9830,12.5298
Ethereum,hypercube,DDoS,8,16,10,2023,hop,40 nodes,0,13,10.8846,13.9000,8.4000,9.3000,11.6000,1.8289,13,57.3946,66.9100,46.2200,51.7600,63.7200,6.7189,13,10.7570,13.6104,8.9414,9.6458,11.4009,1.4364,1308.4615,-22.8269,27.7032,2.3000,21.1307,5.5000,16.8023,-19.4698,16.5789,11.9600,20.8382,20.6900,11.7065,-16.8789,26.5258,1.7552,16.3163,4.6691,13.3533
Ethereum,hypercube,FIFA,8,16,10,2023,hop,10 nodes,0,12,2.6583,5.3000,0.9000,2.0000,3.1250,1.2894,12,14.7883,27.2800,5.1100,10.4650,18.2025,6.1277,12,9.8025,11.6117,7.4958,8.7505,10.9080,1.3645,292.5000,-66.1442,99.3730,1.1250,42.3197,4.4000,48.5055,-65.4457,84.4697,7.7375,52.3216,22.1700,41.4360,-23.5319,18.4569,2.1574,22.0090,4.1160,13.9199
Ethereum,hypercube,FIFA,8,16,10,2023,hop,40 nodes,0,13,3.1615,4.9000,1.1000,2.4000,3.9000,1.0532,13,22.6131,45.4500,10.4800,15.5900,24.8800,8.8822,13,9.0849,10.7238,6.7075,8.5140,9.8886,1.3564,330.4615,-65.2068,54.9878,1.5000,47.4453,3.8000,33.3129,-53.6551,100.9899,9.2900,41.0824,34.9700,39.2792,-26.1684,18.0399,1.3746,15.1306,4.0163,14.9301
Ethereum,hypercube,GAFAM,8,16,10,2023,hop,10 nodes,0,13,8.1538,11.2000,6.4000,6.7000,9.0000,1.5425,13,92.8385,104.7200,80.7800,89.4200,95.6700,6.2916,13,14.5199,18.0277,11.4615,13.6677,15.8042,2.1938,1476.6923,-21.5094,37.3585,2.3000,28.2075,4.8000,18.9177,-12.9886,12.7981,6.2500,6.7321,23.9400,6.7769,-21.0637,24.1583,2.1365,14.7142,6.5662,15.1087
Ethereum,hypercube,GAFAM,8,16,10,2023,hop,40 nodes,0,13,7.5308,8.5000,6.0000,7.2000,8.2000,0.7598,13,96.2377,105.1400,88.9900,92.7400,98.9100,4.5766,13,14.3156,18.3502,10.3223,13.8540,14.9315,1.9567,1360.8462,-20.3269,12.8703,1.0000,13.2789,2.5000,10.0894,-7.5310,9.2503,6.1700,6.4112,16.1500,4.7555,-27.8951,28.1832,1.0775,7.5267,8.0280,13.6685
Ethereum,hypercube,Gaming,8,16,10,2023,hop,10 nodes,0,13,0.8385,1.1000,0.6000,0.7000,1.0000,0.1710,13,71.8362,112.9100,44.5300,56.6000,82.4800,20.1529,13,20.3454,27.1687,13.2025,18.5747,22.6757,3.6494,233.3846,-28.4404,31.1927,0.3000,35.7798,0.5000,20.3909,-38.0117,57.1771,25.8800,36.0264,68.3800,28.0540,-35.1083,33.5370,4.1010,20.1569,13.9662,17.9370
Ethereum,hypercube,Gaming,8,16,10,2023,hop,40 nodes,0,13,0.9462,1.4000,0.7000,0.8000,1.0000,0.2222,13,97.2177,135.8800,75.4800,85.8800,104.2600,17.8823,13,20.7395,26.7611,17.5915,18.8123,21.6298,2.4458,262.0000,-26.0163,47.9675,0.2000,21.1382,0.7000,23.4813,-22.3598,39.7688,18.3800,18.9060,60.4000,18.3941,-15.1787,29.0346,2.8175,13.5852,9.1696,11.7931
Ethereum,hypercube,PayPal,8,16,10,2023,hop,10 nodes,0,14,11.4571,15.1000,8.9000,10.3750,11.8000,1.7896,14,144.7936,197.1900,114.8800,139.5075,147.7050,18.6714,14,22.6891,29.2408,16.6980,20.1776,24.4520,3.3310,3436.4286,-22.3192,31.7955,1.4250,12.4377,6.2000,15.6199,-20.6595,36.1870,8.1975,5.6615,82.3100,12.8952,-26.4050,28.8762,4.2744,18.8391,12.5428,14.6812
Ethereum,hypercube,PayPal,8,16,10,2023,hop,40 nodes,0,13,8.1077,8.8000,7.9000,8.0000,8.1000,0.2326,13,136.7346,144.8000,130.6000,135.3200,138.2700,4.1861,13,22.0948,25.4317,18.0052,20.4686,23.3098,2.3471,2435.2308,-2.5617,8.5389,0.1000,1.2334,0.9000,2.8689,-4.4865,5.8986,2.9500,2.1575,14.2000,3.0615,-18.5097,15.1023,2.8412,12.8591,7.4265,10.6228
Ethereum,hypercube,VISA,8,16,10,2023,hop,10 nodes,0,13,13.1846,17.1000,11.0000,12.5000,13.7000,1.4305,13,143.6415,163.1000,126.0800,135.1700,152.0500,11.0105,13,21.4276,25.3142,13.6412,21.2003,23.2466,3.5469,3951.3077,-16.5694,29.6966,1.2000,9.1015,6.1000,10.8500,-12.2259,13.5465,16.8800,11.7515,37.0200,7.6653,-36.3383,18.1383,2.0463,9.5499,11.6730,16.5531
Ethereum,hypercube,VISA,8,16,10,2023,hop,40 nodes,0,13,9.0154,9.8000,8.4000,8.8000,9.1000,0.4200,13,134.0869,145.0800,120.4000,131.9600,139.5000,7.0898,13,22.4385,28.4874,18.5255,20.0770,24.7207,3.2287,2707.4615,-6.8259,8.7031,0.3000,3.3276,1.4000,4.6588,-10.2075,8.1985,7.5400,5.6232,24.6800,5.2875,-17.4388,26.9574,4.6437,20.6952,9.9619,14.3889
Ethereum,scale-free,DDoS,8,16,10,2023,hop,10 nodes,0,14,13.5500,20.5000,5.8000,10.6250,17.6000,4.8894,14,50.9279,92.5800,31.8200,42.4350,56.2500,14.9875,14,10.5676,12.6871,9.0566,9.9048,11.1946,1.0518,1627.0714,-57.1956,51.2915,6.9750,51.4760,14.7000,36.0838,-37.5195,81.7866,13.8150,27.1266,60.7600,29.4289,-14.2984,20.0563,1.2898,12.2051,3.6305,9.9527
Ethereum,scale-free,DDoS,8,16,10,2023,hop,40 nodes,0,13,15.6231,20.5000,11.7000,14.0000,16.3000,2.5833,13,53.3400,62.3000,47.6400,50.1100,54.9100,4.5210,13,9.9448,12.4297,7.4725,8.4913,11.0406,1.7099,1874.0769,-25.1108,31.2161,2.3000,14.7218,8.8000,16.5353,-10.6862,16.7979,4.8000,8.9989,14.6600,8.4758,-24.8601,24.9866,2.5494,25.6350,4.9572,17.1940
Ethereum,scale-free,FIFA,8,16,10,2023,hop,10 nodes,0,13,1.9846,3.7000,0.1000,1.1000,2.5000,1.0447,13,10.0046,17.6300,1.7100,5.8100,13.8300,5.3198,13,9.1877,11.3481,7.4115,8.3456,10.2577,1.1939,226.0000,-94.9612,86.4341,1.4000,70.5426,3.6000,52.6402,-82.9079,76.2187,8.0200,80.1630,15.9200,53.1736,-19.3324,23.5145,1.9122,20.8122,3.9366,12.9945
Ethereum,scale-free,FIFA,8,16,10,2023,hop,40 nodes,0,13,3.9308,6.0000,2.1000,3.0000,5.3000,1.2906,13,17.5677,24.5300,8.0100,13.1300,22.3100,5.2475,13,9.3774,11.7582,7.3213,8.5299,10.2138,1.3820,400.0000,-46.5753,52.6419,2.3000,58.5127,3.9000,32.8332,-54.4049,39.6313,9.1800,52.2550,16.5200,29.8702,-21.9259,25.3885,1.6839,17.9565,4.4369,14.7378
Ethereum,scale-free,GAFAM,8,16,10,2023,hop,10 nodes,0,13,11.1923,14.2000,6.5000,9.7000,13.3000,2.5174,13,84.3585,94.0500,70.4100,77.8800,93.2500,8.9491,13,14.2929,16.5892,12.0778,12.5170,16.3845,1.7940,2024.4615,-41.9244,26.8729,3.6000,32.1649,7.7000,22.4925,-16.5348,11.4885,15.3700,18.2199,23.6400,10.6084,-15.4979,16.0666,3.8675,27.0591,4.5115,12.5515
Ethereum,scale-free,GAFAM,8,16,10,2023,hop,40 nodes,0,13,10.5923,15.9000,7.3000,9.2000,11.8000,2.2130,13,89.1677,99.0700,79.6000,87.0400,91.7400,5.5207,13,15.3821,18.6638,12.0102,14.4108,16.2952,1.8374,1916.8462,-31.0821,50.1089,2.6000,24.5461,8.6000,20.8927,-10.7300,11.1053,4.7000,5.2710,19.4700,6.1913,-21.9208,21.3351,1.8844,12.2504,6.6536,11.9453
Ethereum,scale-free,Gaming,8,16,10,2023,hop,10 nodes,0,13,0.7385,1.4000,0.1000,0.6000,0.8000,0.3280,13,58.3092,88.1300,9.2200,50.3200,76.6400,25.1153,13,21.2185,24.2665,16.4677,20.2733,22.1197,2.0391,209.9231,-86.4583,89.5833,0.2000,27.0833,1.3000,44.4126,-84.1878,51.1425,26.3200,45.1387,78.9100,43.0726,-22.3901,14.3648,1.8464,8.7017,7.7988,9.6101
Ethereum,scale-free,Gaming,8,16,10,2023,hop,40 nodes,0,13,1.0154,1.4000,0.6000,0.9000,1.2000,0.2304,13,79.5862,101.8800,55.6200,74.5500,86.7600,13.1809,13,19.9860,24.1005,15.1667,18.0310,22.1253,2.8282,281.0000,-40.9091,37.8788,0.3000,29.5455,0.8000,22.6894,-30.1135,28.0122,12.2100,15.3419,46.2600,16.5618,-24.1135,20.5868,4.0944,20.4861,8.9338,14.1511
Ethereum,scale-free,PayPal,8,16,10,2023,hop,10 nodes,0,13,13.0538,15.0000,9.0000,12.1000,14.2000,1.7524,13,146.2492,194.1800,125.7900,131.3400,148.0400,21.0208,13,22.9316,27.5327,17.0314,22.0840,24.5269,2.7197,3916.4615,-31.0548,14.9087,2.1000,16.0872,6.0000,13.4247,-13.9893,32.7733,16.7000,11.4189,68.3900,14.3733,-25.7296,20.0645,2.4428,10.6528,10.5013,11.8599
Ethereum,scale-free,PayPal,8,16,10,2023,hop,40 nodes,0,13,8.5615,9.0000,8.0000,8.4000,8.8000,0.3203,13,127.3400,137.0500,116.1600,123.9800,131.2800,6.2177,13,21.1244,23.6191,14.2089,19.9893,22.9871,2.7444,2564.8462,-6.5588,5.1213,0.4000,4.6721,1.0000,3.7406,-8.7796,7.6253,7.3000,5.7327,20.8900,4.8828,-32.7373,11.8091,2.9978,14.1912,9.4102,12.9915
Ethereum,scale-free,VISA,8,16,10,2023,hop,10 nodes,0,13,15.4923,18.2000,9.1000,14.6000,17.0000,2.3897,13,151.1138,197.6300,134.0700,144.3700,150.5900,15.6542,13,22.2915,27.8320,19.1916,20.6643,23.3357,2.7799,4651.2308,-41.2612,17.4777,2.4000,15.4916,9.1000,15.4252,-11.2788,30.7822,6.2200,4.1161,63.5600,10.3592,-13.9060,24.8550,2.6713,11.9836,8.6404,12.4709
Ethereum,scale-free,VISA,8,16,10,2023,hop,40 nodes,0,13,11.1231,12.7000,9.5000,10.6000,11.7000,0.9248,13,124.9846,135.5000,114.0500,119.9100,133.3500,7.5621,13,23.8889,30.8843,15.6577,19.7684,26.7183,4.4432,3339.0000,-14.5920,14.1770,1.1000,9.8893,3.2000,8.3143,-8.7488,8.4133,13.4400,10.7533,21.4500,6.0504,-34.4563,29.2830,6.9499,29.0925,15.2266,18.5994
Ethereum,torus,DDoS,8,16,10,2023,hop,10 nodes,0,14,10.4857,19.8000,1.1000,4.0750,16.3750,6.5589,14,54.9221,112.3400,23.1500,39.3200,52.3075,27.6473,14,10.3641,12.3302,8.5748,9.4348,11.4207,1.2284,1258.7143,-89.5095,88.8283,12.3000,117.3025,18.7000,62.5513,-57.8494,104.5441,12.9875,23.6471,89.1900,50.3390,-17.2646,18.9698,1.9860,19.1620,3.7554,11.8522
Ethereum,torus,DDoS,8,16,10,2023,hop,40 nodes,0,13,11.2077,15.9000,7.7000,9.6000,12.8000,2.4787,13,55.5177,62.9200,49.3200,53.7600,56.7600,3.5446,13,10.3104,13.3109,7.5699,9.4787,11.3613,1.6992,1346.3077,-31.2972,41.8668,3.2000,28.5518,8.2000,22.1163,-11.1635,13.3332,3.0000,5.4037,13.6000,6.3846,-26.5797,29.1019,1.8826,18.2589,5.7410,16.4804
Ethereum,torus,FIFA,8,16,10,2023,hop,10 nodes,0,16,2.9062,5.3000,1.1000,1.7750,4.2750,1.5053,16,12.8444,27.4700,5.0400,7.8600,16.6175,5.8363,16,8.9171,10.2568,7.4056,8.1604,9.6065,0.9359,325.1875,-62.1505,82.3656,2.5000,86.0215,4.2000,51.7956,-60.7610,113.8679,8.7575,68.1816,22.4300,45.4389,-16.9511,15.0231,1.4461,16.2168,2.8512,10.4952
Ethereum,torus,FIFA,8,16,10,2023,hop,40 nodes,0,13,4.0385,7.7000,2.0000,3.3000,4.6000,1.6266,13,18.8423,27.9500,8.6200,15.7700,24.0600,5.9069,13,9.3625,11.1423,7.3254,8.2668,10.5575,1.3276,419.2308,-50.4762,90.6667,1.3000,32.1905,5.7000,40.2782,-54.2519,48.3364,8.2900,43.9967,19.3300,31.3489,-21.7581,19.0097,2.2907,24.4666,3.8169,14.1803
Ethereum,torus,GAFAM,8,16,10,2023,hop,10 nodes,0,15,9.8133,16.3000,6.5000,8.9500,10.0500,2.1820,15,93.5740,104.7400,83.7100,86.9000,98.1250,7.0168,15,13.8783,17.9054,8.7246,11.7881,16.6632,2.9675,1775.4667,-33.7636,66.1005,1.1000,11.2092,9.8000,22.2353,-10.5414,11.9328,11.2250,11.9959,21.0300,7.4986,-37.1350,29.0172,4.8751,35.1279,9.1808,21.3821
Ethereum,torus,GAFAM,8,16,10,2023,hop,40 nodes,0,13,8.2231,10.0000,6.8000,7.4000,8.7000,1.0142,13,91.4531,99.7400,75.4800,89.1000,95.5600,6.0457,13,15.1480,17.4550,13.3804,13.9120,16.0790,1.2888,1486.3846,-17.3059,21.6090,1.3000,15.8092,3.2000,12.3335,-17.4659,9.0614,6.4600,7.0637,24.2600,6.6107,-11.6690,15.2297,2.1670,14.3056,4.0746,8.5079
Ethereum,torus,Gaming,8,16,10,2023,hop,10 nodes,0,15,0.6000,1.0000,0.0000,0.4000,0.8000,0.3024,15,50.2787,84.5900,0.0000,36.0600,64.7250,22.8801,15,20.4303,23.8397,17.2542,18.6194,22.5205,2.2978,165.4667,,66.6667,0.4000,66.6667,1.0000,50.3953,,68.2423,28.6650,57.0123,84.5900,45.5066,-15.5460,16.6876,3.9011,19.0944,6.5854,11.2468
Ethereum,torus,Gaming,8,16,10,2023,hop,40 nodes,0,13,0.8692,1.1000,0.4000,0.8000,1.0000,0.2057,13,86.8854,105.6800,35.6100,81.9400,98.6500,20.8393,13,20.7194,23.9865,17.3716,19.9003,21.2240,1.9359,241.3077,-53.9823,26.5487,0.2000,23.0088,0.7000,23.6633,-59.0150,21.6315,16.7100,19.2322,70.0700,23.9848,-16.1578,15.7686,1.3238,6.3890,6.6149,9.3432
Ethereum,torus,PayPal,8,16,10,2023,hop,10 nodes,0,15,11.8000,13.2000,8.2000,11.0000,12.8000,1.2890,15,140.7840,185.8700,126.0400,128.9750,147.8450,16.5392,15,23.8984,32.0239,16.3288,21.5248,26.2947,4.2161,3542.7333,-30.5085,11.8644,1.8000,15.2542,5.0000,10.9234,-10.4728,32.0249,18.8700,13.4035,59.8300,11.7479,-31.6738,34.0006,4.7699,19.9591,15.6951,17.6419
Ethereum,torus,PayPal,8,16,10,2023,hop,40 nodes,0,13,8.2385,8.7000,8.0000,8.0000,8.3000,0.2501,13,133.2192,139.9000,126.4900,130.0000,136.5000,4.0501,13,22.1369,26.6563,15.2025,20.2099,25.2205,3.3035,2468.4615,-2.8945,5.6022,0.3000,3.6415,0.7000,3.0361,-5.0512,5.0149,6.5000,4.8792,13.4100,3.0402,-31.3250,20.4158,5.0106,22.6346,11.4538,14.9229
Ethereum,torus,VISA,8,16,10,2023,hop,10 nodes,0,15,13.7067,17.5000,11.9000,12.4500,14.6500,1.6842,15,151.2473,186.3000,129.3800,141.0800,155.3950,15.7251,15,21.8539,27.2315,18.5300,20.8001,23.0656,2.2821,4111.4667,-13.1809,27.6751,2.2000,16.0506,5.6000,12.2871,-14.4580,23.1757,14.3150,9.4646,56.9200,10.3969,-15.2097,24.6071,2.2655,10.3665,8.7015,10.4424
Ethereum,torus,VISA,8,16,10,2023,hop,40 nodes,0,13,9.2154,9.8000,8.7000,8.9000,9.5000,0.3579,13,131.5154,150.8900,114.7900,121.5200,139.7000,11.3775,13,22.4121,27.1863,16.9772,19.5615,24.6927,3.2546,2764.7692,-5.5927,6.3439,0.6000,6.5109,1.1000,3.8835,-12.7174,14.7318,18.1800,13.8235,36.1000,8.6511,-24.2499,21.3015,5.1312,22.8945,10.2090,14.5217
Quorum,fat-tree,DDoS,8,16,10,2023,hop,10 nodes,0,13,0.0000,0.0000,0.0000,0.0000,0.0000,0.0000,13,0.0000,0.0000,0.0000,0.0000,0.0000,0.0000,13,10.3750,13.1818,6.4748,9.7462,11.1181,1.8822,0.0000,,,0.0000,,0.0000,,,,0.0000,,0.0000,,-37.5928,27.0529,1.3720,13.2237,6.7070,18.1413
Quorum,fat-tree,DDoS,8,16,10,2023,hop,40 nodes,0,13,0.0000,0.0000,0.0000,0.0000,0.0000,0.0000,13,0.0000,0.0000,0.0000,0.0000,0.0000,0.0000,13,10.3665,13.3110,7.4648,9.3966,10.9971,1.5853,0.0000,,,0.0000,,0.0000,,,,0.0000,,0.0000,,-27.9910,28.4036,1.6006,15.4396,5.8462,15.2923
Quorum,fat-tree,FIFA,8,16,10,2023,hop,10 nodes,0,13,0.0000,0.0000,0.0000,0.0000,0.0000,0.0000,13,0.0000,0.0000,0.0000,0.0000,0.0000,0.0000,13,9.2750,12.5060,6.2980,8.2505,10.6362,1.9012,0.0000,,,0.0000,,0.0000,,,,0.0000,,0.0000,,-32.0966,34.8368,2.3856,25.7211,6.2080,20.4982
Quorum,fat-tree,FIFA,8,16,10,2023,hop,40 nodes,0,13,0.0000,0.0000,0.0000,0.0000,0.0000,0.0000,13,0.0000,0.0000,0.0000,0.0000,0.0000,0.0000,13,9.1643,11.9321,6.5190,8.4307,10.1997,1.5947,0.0000,,,0.0000,,0.0000,,,,0.0000,,0.0000,,-28.8656,30.2017,1.7690,19.3030,5.4131,17.4008
Quorum,fat-tree,GAFAM,8,16,10,2023,hop,10 nodes,0,15,63.3467,167.0000,0.0000,0.0000,109.4000,59.4053,15,76.9380,157.1700,0.0000,0.0000,126.4050,60.8248,15,14.1876,18.2405,10.8140,12.3199,15.6628,2.0808,11453.6000,,163.6287,109.4000,172.7005,167.0000,93.7781,,104.2814,126.4050,164.2946,157.1700,79.0569,-23.7784,28.5668,3.3429,23.5624,7.4265,14.6660
Quorum,fat-tree,GAFAM,8,16,10,2023,hop,40 nodes,0,16,5.4750,65.4000,0.0000,0.0000,2.4000,16.1105,16,25.0663,119.3700,0.0000,0.0000,24.2000,40.1636,16,14.3564,18.1926,11.4176,13.3419,15.1979,1.8526,990.1250,,1094.5205,2.4000,43.8356,65.4000,294.2552,,376.2180,24.2000,96.5442,119.3700,160.2299,-20.4701,26.7211,1.8560,12.9283,6.7750,12.9042
Quorum,fat-tree,Gaming,8,16,10,2023,hop,10 nodes,0,16,0.0000,0.0000,0.0000,0.0000,0.0000,0.0000,16,0.0000,0.0000,0.0000,0.0000,0.0000,0.0000,16,20.8712,27.1617,15.9858,18.9556,22.6408,2.8816,0.0000,,,0.0000,,0.0000,,,,0.0000,,0.0000,,-23.4071,30.1399,3.6852,17.6569,11.1759,13.8067
Quorum,fat-tree,Gaming,8,16,10,2023,hop,40 nodes,0,13,0.0000,0.0000,0.0000,0.0000,0.0000,0.0000,13,0.0000,0.0000,0.0000,0.0000,0.0000,0.0000,13,21.4030,26.0679,17.4253,19.9736,22.4346,2.6417,0.0000,,,0.0000,,0.0000,,,,0.0000,,0.0000,,-18.5849,21.7956,2.4610,11.4986,8.6426,12.3427
Quorum,fat-tree,PayPal,8,16,10,2023,hop,10 nodes,0,14,155.9000,195.9000,33.7000,108.9500,195.6500,65.7947,14,32.1850,164.3800,7.1400,7.3200,18.3525,51.0488,14,22.6083,27.0647,17.3341,20.2555,24.3464,3.1397,46759.1429,-78.3836,25.6575,86.7000,55.6126,162.2000,42.2032,-77.8158,410.7348,11.0325,34.2784,157.2400,158.6105,-23.3288,19.7110,4.0908,18.0943,9.7306,13.8873
Quorum,fat-tree,PayPal,8,16,10,2023,hop,40 nodes,0,13,195.4385,198.0000,193.5000,195.2000,195.5000,1.0728,13,5.2092,5.3200,5.0900,5.1600,5.2600,0.0748,13,22.2733,27.8018,16.1025,19.3028,24.3218,3.7639,58620.6923,-0.9919,1.3107,0.3000,0.1535,4.5000,0.5489,-2.2888,2.1264,0.1000,1.9197,0.2300,1.4354,-27.7049,24.8211,5.0190,22.5335,11.6993,16.8987
Quorum,fat-tree,VISA,8,16,10,2023,hop,10 nodes,0,13,1.5154,9.2000,0.0000,0.0000,0.0000,3.0348,13,26.8138,180.1700,0.0000,0.0000,0.0000,57.1870,13,22.9866,27.1433,18.1552,21.1290,25.2427,2.7248,454.1538,,507.1066,0.0000,0.0000,9.2000,200.2631,,571.9290,0.0000,0.0000,180.1700,213.2740,-21.0186,18.0831,4.1136,17.8958,8.9881,11.8539
Quorum,fat-tree,VISA,8,16,10,2023,hop,40 nodes,0,14,6.5429,11.7000,2.9000,3.8250,8.0250,3.1393,14,9.7250,24.7200,5.1100,6.0350,11.9600,5.3695,14,21.5407,24.6968,16.5471,19.8861,23.1535,2.2468,1959.9286,-55.6769,78.8210,4.2000,64.1921,8.8000,47.9799,-47.4550,154.1902,5.9250,60.9254,19.6100,55.2132,-23.1821,14.6516,3.2673,15.1682,8.1497,10.4306
Quorum,full mesh,DDoS,8,16,10,2023,hop,10 nodes,0,13,0.0000,0.0000,0.0000,0.0000,0.0000,0.0000,13,0.0000,0.0000,0.0000,0.0000,0.0000,0.0000,13,10.5800,12.9458,8.3679,9.4666,11.5848,1.4600,0.0000,,,0.0000,,0.0000,,,,0.0000,,0.0000,,-20.9081,22.3611,2.1182,20.0210,4.5779,13.7993
Quorum,full mesh,DDoS,8,16,10,2023,hop,40 nodes,0,13,0.0000,0.0000,0.0000,0.0000,0.0000,0.0000,13,0.0000,0.0000,0.0000,0.0000,0.0000,0.0000,13,10.6515,13.7189,8.5317,10.0362,10.8406,1.4816,0.0000,,,0.0000,,0.0000,,,,0.0000,,0.0000,,-19.9017,28.7977,0.8044,7.5521,5.1872,13.9097
Quorum,full mesh,FIFA,8,16,10,2023,hop,10 nodes,0,13,0.0000,0.0000,0.0000,0.0000,0.0000,0.0000,13,0.0000,0.0000,0.0000,0.0000,0.0000,0.0000,13,9.0291,10.5816,6.1999,8.7202,9.6241,1.2044,0.0000,,,0.0000,,0.0000,,,,0.0000,,0.0000,,-31.3346,17.1936,0.9038,10.0104,4.3817,13.3394
Quorum,full mesh,FIFA,8,16,10,2023,hop,40 nodes,0,13,0.0000,0.0000,0.0000,0.0000,0.0000,0.0000,13,0.0000,0.0000,0.0000,0.0000,0.0000,0.0000,13,9.3619,11.9071,7.9920,8.5398,9.9992,1.1059,0.0000,,,0.0000,,0.0000,,,,0.0000,,0.0000,,-14.6330,27.1865,1.4594,15.5886,3.9151,11.8131
Quorum,full mesh,GAFAM,8,16,10,2023,hop,10 nodes,0,13,64.6846,166.7000,0.0000,28.3000,90.1000,49.9345,13,79.3546,157.1400,0.0000,60.2600,117.4900,52.8515,13,15.0713,19.0584,12.0099,13.6553,16.4440,2.2227,11696.1538,,157.7120,61.8000,95.5405,166.7000,77.1969,,98.0225,57.2300,72.1193,157.1400,66.6017,-20.3125,26.4552,2.7888,18.5040,7.0485,14.7483
Quorum,full mesh,GAFAM,8,16,10,2023,hop,40 nodes,0,14,1.7714,17.6000,0.0000,0.0000,0.0000,4.9433,14,13.7693,123.6700,0.0000,0.0000,0.0000,36.6005,14,14.9165,18.5959,11.5729,13.9335,15.7375,1.8109,319.9286,,893.5484,0.0000,0.0000,17.6000,279.0563,,798.1584,0.0000,0.0000,123.6700,265.8128,-22.4157,24.6665,1.8040,12.0943,7.0230,12.1401
Quorum,full mesh,Gaming,8,16,10,2023,hop,10 nodes,0,14,0.0000,0.0000,0.0000,0.0000,0.0000,0.0000,14,0.0000,0.0000,0.0000,0.0000,0.0000,0.0000,14,20.3679,23.5694,14.8182,18.6793,22.3229,2.6121,0.0000,,,0.0000,,0.0000,,,,0.0000,,0.0000,,-27.2470,15.7183,3.6436,17.8888,8.7511,12.8245
Quorum,full mesh,Gaming,8,16,10,2023,hop,40 nodes,0,13,0.0000,0.0000,0.0000,0.0000,0.0000,0.0000,13,0.0000,0.0000,0.0000,0.0000,0.0000,0.0000,13,20.3023,23.2241,16.5970,18.8512,21.7436,2.1485,0.0000,,,0.0000,,0.0000,,,,0.0000,,0.0000,,-18.2505,14.3918,2.8923,14.2463,6.6271,10.5827
Quorum,full mesh,PayPal,8,16,10,2023,hop,10 nodes,0,13,161.8000,198.2000,26.3000,155.0000,197.8000,62.3409,13,25.6231,170.6500,5.2700,5.4400,7.2600,46.6972,13,21.8959,27.3233,17.3521,18.2691,23.8689,3.2890,48532.0000,-83.7454,22.4969,42.8000,26.4524,171.9000,38.5296,-79.4326,566.0012,1.8200,7.1030,165.3800,182.2466,-20.7516,24.7875,5.5998,25.5745,9.9712,15.0209
Quorum,full mesh,PayPal,8,16,10,2023,hop,40 nodes,0,13,197.8385,198.2000,197.3000,197.7000,198.0000,0.2534,13,5.0108,5.0600,4.9400,4.9900,5.0300,0.0323,13,22.7437,25.3307,18.9384,22.4167,23.8018,2.0654,59340.6923,-0.2722,0.1827,0.3000,0.1516,0.9000,0.1281,-1.4123,0.9825,0.0400,0.7983,0.1200,0.6439,-16.7311,11.3746,1.3851,6.0902,6.3923,9.0811
Quorum,full mesh,VISA,8,16,10,2023,hop,10 nodes,0,14,2.7357,14.2000,0.0000,0.0000,4.5750,4.2282,14,44.8664,247.8600,0.0000,0.5550,47.5775,82.5467,14,22.4918,26.2754,17.2659,21.2508,24.5146,2.5730,820.6429,,419.0601,4.5750,167.2324,14.2000,154.5564,,452.4398,47.0225,104.8055,247.8600,183.9831,-23.2349,16.8221,3.2638,14.5109,9.0095,11.4399
Quorum,full mesh,VISA,8,16,10,2023,hop,40 nodes,0,18,8.9722,20.8000,0.5000,5.9500,11.5750,5.1134,18,15.0344,74.6500,2.2500,7.9375,12.0300,17.2134,18,22.2799,28.7493,15.4485,20.2740,23.8642,3.5509,2693.5556,-94.4272,131.8266,5.6250,62.6935,20.3000,56.9914,-85.0344,396.5265,4.0925,27.2208,72.4000,114.4934,-30.6617,29.0370,3.5903,16.1144,13.3008,15.9378
Quorum,hypercube,DDoS,8,16,10,2023,hop,10 nodes,0,13,0.0000,0.0000,0.0000,0.0000,0.0000,0.0000,13,0.0000,0.0000,0.0000,0.0000,0.0000,0.0000,13,10.4056,12.6375,7.8529,9.3569,11.6277,1.5075,0.0000,,,0.0000,,0.0000,,,,0.0000,,0.0000,,-24.5314,21.4493,2.2708,21.8231,4.7846,14.4874
Quorum,hypercube,DDoS,8,16,10,2023,hop,40 nodes,0,13,0.3231,4.2000,0.0000,0.0000,0.0000,1.1649,13,1.8077,23.5000,0.0000,0.0000,0.0000,6.5177,13,10.1809,14.0080,7.4911,8.7204,10.9673,1.9959,38.4615,,1200.0000,0.0000,0.0000,4.2000,360.5551,,1200.0000,0.0000,0.0000,23.5000,360.5551,-26.4206,37.5909,2.2469,22.0695,6.5170,19.6047
Quorum,hypercube,FIFA,8,16,10,2023,hop,10 nodes,0,14,0.0000,0.0000,0.0000,0.0000,0.0000,0.0000,14,0.0000,0.0000,0.0000,0.0000,0.0000,0.0000,14,9.4190,11.1571,8.0137,8.5268,10.2260,1.1147,0.0000,,,0.0000,,0.0000,,,,0.0000,,0.0000,,-14.9197,18.4522,1.6992,18.0397,3.1433,11.8345
Quorum,hypercube,FIFA,8,16,10,2023,hop,40 nodes,0,13,0.0000,0.0000,0.0000,0.0000,0.0000,0.0000,13,0.0000,0.0000,0.0000,0.0000,0.0000,0.0000,13,9.2997,11.2807,6.0256,7.7886,10.8470,1.6449,0.0000,,,0.0000,,0.0000,,,,0.0000,,0.0000,,-35.2068,21.3018,3.0584,32.8873,5.2551,17.6871
Quorum,hypercube,GAFAM,8,16,10,2023,hop,10 nodes,0,13,82.9615,166.6000,22.8000,48.3000,107.7000,46.6249,13,99.0777,150.6000,32.7400,80.7500,131.5100,37.2499,13,14.9136,17.7883,11.7483,13.6828,16.4282,2.0284,15000.3077,-72.5174,100.8159,59.4000,71.5994,143.8000,56.2006,-66.9552,52.0019,50.7600,51.2325,117.8600,37.5966,-21.2243,19.2756,2.7454,18.4087,6.0400,13.6012
Quorum,hypercube,GAFAM,8,16,10,2023,hop,40 nodes,0,13,3.3077,31.8000,0.0000,0.0000,1.5000,8.8231,13,17.3677,143.1200,0.0000,0.0000,8.5000,39.2987,13,14.1062,18.3074,11.7970,13.1237,14.9664,1.8075,598.5385,,861.3953,1.5000,45.3488,31.8000,266.7455,,724.0588,8.5000,48.9414,143.1200,226.2749,-16.3701,29.7827,1.8427,13.0628,6.5104,12.8136
Quorum,hypercube,Gaming,8,16,10,2023,hop,10 nodes,0,17,0.0000,0.0000,0.0000,0.0000,0.0000,0.0000,17,0.0000,0.0000,0.0000,0.0000,0.0000,0.0000,17,20.4858,28.0097,14.2752,18.8688,21.6950,3.2445,0.0000,,,0.0000,,0.0000,,,,0.0000,,0.0000,,-30.3169,36.7274,2.8262,13.7959,13.7346,15.8377
Quorum,hypercube,Gaming,8,16,10,2023,hop,40 nodes,0,13,0.0000,0.0000,0.0000,0.0000,0.0000,0.0000,13,0.0000,0.0000,0.0000,0.0000,0.0000,0.0000,13,21.5155,26.0085,15.6792,20.7781,22.6357,2.4616,0.0000,,,0.0000,,0.0000,,,,0.0000,,0.0000,,-27.1260,20.8827,1.8576,8.6336,10.3293,11.4411
Quorum,hypercube,PayPal,8,16,10,2023,hop,10 nodes,0,17,182.6647,198.2000,80.9000,195.2000,197.7000,33.6148,17,13.4841,90.7400,5.4400,7.0200,9.3900,20.1849,17,23.7825,31.1820,19.8558,21.1855,25.4198,3.1365,54791.1765,-55.7112,8.5048,2.5000,1.3686,117.3000,18.4025,-59.6562,572.9398,2.3700,17.5762,85.3000,149.6940,-16.5108,31.1129,4.2344,17.8045,11.3261,13.1881
Quorum,hypercube,PayPal,8,16,10,2023,hop,40 nodes,0,13,197.6462,198.1000,195.7000,197.5000,197.9000,0.6186,13,5.0308,5.1700,4.9600,5.0100,5.0400,0.0504,13,22.9131,27.7975,15.2547,20.0066,26.0955,3.9950,59288.7692,-0.9847,0.2296,0.4000,0.2024,2.4000,0.3130,-1.4067,2.7676,0.0300,0.5963,0.2100,1.0020,-33.4238,21.3169,6.0888,26.5736,12.5428,17.4355
Quorum,hypercube,VISA,8,16,10,2023,hop,10 nodes,0,13,2.4692,16.0000,0.0000,0.0000,0.3000,5.5104,13,14.4469,100.0400,0.0000,0.0000,3.6600,31.4922,13,22.1639,27.5271,15.6229,19.5910,24.5435,3.5415,738.0769,,547.9751,0.3000,12.1495,16.0000,223.1607,,592.4658,3.6600,25.3341,100.0400,217.9852,-29.5119,24.1976,4.9525,22.3448,11.9041,15.9789
Quorum,hypercube,VISA,8,16,10,2023,hop,40 nodes,0,15,7.3600,17.1000,0.0000,3.0500,11.2000,5.3540,15,9.2940,16.0600,2.3700,6.8400,10.5300,3.7672,15,21.8974,31.0560,16.8733,19.0172,23.4513,4.1360,2209.0667,,132.3370,8.1500,110.7337,17.1000,72.7447,-74.4997,72.7997,3.6900,39.7030,13.6900,40.5333,-22.9438,41.8253,4.4341,20.2494,14.1827,18.8883
Quorum,scale-free,DDoS,8,16,10,2023,hop,10 nodes,0,14,0.0000,0.0000,0.0000,0.0000,0.0000,0.0000,14,0.0000,0.0000,0.0000,0.0000,0.0000,0.0000,14,10.5866,13.0671,6.2788,9.7858,11.5608,1.9106,0.0000,,,0.0000,,0.0000,,,,0.0000,,0.0000,,-40.6911,23.4299,1.7750,16.7667,6.7883,18.0474
Quorum,scale-free,DDoS,8,16,10,2023,hop,40 nodes,0,16,0.0000,0.0000,0.0000,0.0000,0.0000,0.0000,16,0.0000,0.0000,0.0000,0.0000,0.0000,0.0000,16,10.5185,12.6436,6.8481,9.6832,11.5937,1.4819,0.0000,,,0.0000,,0.0000,,,,0.0000,,0.0000,,-34.8947,20.2039,1.9105,18.1634,5.7955,14.0885
Quorum,scale-free,FIFA,8,16,10,2023,hop,10 nodes,0,16,0.0000,0.0000,0.0000,0.0000,0.0000,0.0000,16,0.0000,0.0000,0.0000,0.0000,0.0000,0.0000,16,9.4559,13.1974,5.4212,7.5425,10.8024,2.2902,0.0000,,,0.0000,,0.0000,,,,0.0000,,0.0000,,-42.6693,39.5671,3.2599,34.4747,7.7762,24.2197
Quorum,scale-free,FIFA,8,16,10,2023,hop,40 nodes,0,16,0.0000,0.0000,0.0000,0.0000,0.0000,0.0000,16,0.0000,0.0000,0.0000,0.0000,0.0000,0.0000,16,8.9451,11.1251,6.7121,7.9198,9.8476,1.2124,0.0000,,,0.0000,,0.0000,,,,0.0000,,0.0000,,-24.9637,24.3713,1.9278,21.5513,4.4131,13.5541
Quorum,scale-free,GAFAM,8,16,10,2023,hop,10 nodes,0,12,70.5917,110.9000,31.8000,52.8750,96.6750,26.1734,12,95.6308,156.4300,53.3900,79.2475,107.7775,29.4098,12,14.1604,18.2173,10.0374,12.9333,14.9689,2.4008,12761.1667,-54.9522,57.1007,43.8000,62.0470,79.1000,37.0771,-44.1707,63.5769,28.5300,29.8335,103.0400,30.7535,-29.1164,28.6495,2.0356,14.3756,8.1799,16.9546
Quorum,scale-free,GAFAM,8,16,10,2023,hop,40 nodes,0,17,5.3353,25.6000,0.0000,0.0000,7.0000,8.4054,17,38.2165,141.3300,0.0000,0.0000,40.7900,57.1393,17,14.5065,17.2385,10.1847,13.9784,15.6451,1.8803,965.0000,,379.8236,7.0000,131.2018,25.6000,157.5424,,269.8144,40.7900,106.7341,141.3300,149.5149,-29.7919,18.8330,1.6667,11.4890,7.0538,12.9616
Quorum,scale-free,Gaming,8,16,10,2023,hop,10 nodes,0,14,0.0000,0.0000,0.0000,0.0000,0.0000,0.0000,14,0.0000,0.0000,0.0000,0.0000,0.0000,0.0000,14,20.3450,26.5878,15.6691,16.7054,22.8266,3.6372,0.0000,,,0.0000,,0.0000,,,,0.0000,,0.0000,,-22.9830,30.6846,6.1211,30.0868,10.9187,17.8776
Quorum,scale-free,Gaming,8,16,10,2023,hop,40 nodes,0,16,0.0000,0.0000,0.0000,0.0000,0.0000,0.0000,16,0.0000,0.0000,0.0000,0.0000,0.0000,0.0000,16,22.7573,27.7994,18.0464,20.0700,24.4090,3.0300,0.0000,,,0.0000,,0.0000,,,,0.0000,,0.0000,,-20.7003,22.1562,4.3391,19.0667,9.7530,13.3145
Quorum,scale-free,PayPal,8,16,10,2023,hop,10 nodes,0,15,147.8800,195.4000,30.6000,74.9500,195.1000,69.7570,15,40.6553,176.9600,10.0900,10.3250,58.6300,52.2235,15,23.0320,27.7064,19.7622,21.2091,24.0061,2.3795,44355.5333,-79.3075,32.1342,120.1500,81.2483,164.8000,47.1714,-75.1816,335.2688,48.3050,118.8159,166.8700,128.4542,-14.1966,20.2952,2.7970,12.1441,7.9442,10.3312
Quorum,scale-free,PayPal,8,16,10,2023,hop,40 nodes,0,16,194.5312,195.0000,193.9000,194.2750,194.7250,0.3321,16,8.1844,8.5300,5.0200,8.3475,8.4500,0.8473,16,23.1603,27.7026,18.8108,20.6783,25.2088,2.9684,58349.2500,-0.3245,0.2410,0.4500,0.2313,1.1000,0.1707,-38.6636,4.2230,0.1025,1.2524,3.5100,10.3523,-18.7799,19.6124,4.5305,19.5617,8.8918,12.8167
Quorum,scale-free,VISA,8,16,10,2023,hop,10 nodes,0,14,2.7143,15.2000,0.0000,0.0000,2.7750,4.7458,14,48.1021,228.6800,0.0000,0.0000,84.0525,77.5393,14,22.8002,26.9845,17.5941,21.1861,26.2912,3.2727,814.2857,,460.0000,2.7750,102.2368,15.2000,174.8462,,375.4050,84.0525,174.7375,228.6800,161.1972,-22.8334,18.3518,5.1051,22.3904,9.3903,14.3540
Quorum,scale-free,VISA,8,16,10,2023,hop,40 nodes,0,17,2.0824,10.9000,0.0000,0.0000,2.2000,3.2537,17,15.6382,128.4100,0.0000,0.0000,14.5500,29.8643,17,23.1775,28.8727,18.0973,21.3045,24.6387,3.1904,625.0000,,423.4463,2.2000,105.6497,10.9000,156.2510,,721.1285,14.5500,93.0412,128.4100,190.9698,-21.9186,24.5721,3.3343,14.3858,10.7754,13.7649
Quorum,torus,DDoS,8,16,10,2023,hop,10 nodes,0,11,0.0000,0.0000,0.0000,0.0000,0.0000,0.0000,11,0.0000,0.0000,0.0000,0.0000,0.0000,0.0000,11,10.4217,11.5634,8.9122,9.7534,11.1493,0.9699,0.0000,,,0.0000,,0.0000,,,,0.0000,,0.0000,,-14.4843,10.9547,1.3959,13.3942,2.6512,9.3068
Quorum,torus,DDoS,8,16,10,2023,hop,40 nodes,0,13,0.0000,0.0000,0.0000,0.0000,0.0000,0.0000,13,0.0000,0.0000,0.0000,0.0000,0.0000,0.0000,13,10.4144,12.6131,7.1486,9.8884,11.2862,1.4683,0.0000,,,0.0000,,0.0000,,,,0.0000,,0.0000,,-31.3585,21.1119,1.3979,13.4226,5.4645,14.0985
Quorum,torus,FIFA,8,16,10,2023,hop,10 nodes,0,11,0.0000,0.0000,0.0000,0.0000,0.0000,0.0000,11,0.0000,0.0000,0.0000,0.0000,0.0000,0.0000,11,9.6121,11.4085,6.6976,9.2510,10.1973,1.3287,0.0000,,,0.0000,,0.0000,,,,0.0000,,0.0000,,-30.3211,18.6886,0.9463,9.8444,4.7109,13.8228
Quorum,torus,FIFA,8,16,10,2023,hop,40 nodes,0,13,0.0000,0.0000,0.0000,0.0000,0.0000,0.0000,13,0.0000,0.0000,0.0000,0.0000,0.0000,0.0000,13,9.1324,11.6900,7.6631,8.2635,9.4217,1.3352,0.0000,,,0.0000,,0.0000,,,,0.0000,,0.0000,,-16.0895,28.0058,1.1581,12.6815,4.0270,14.6201
Quorum,torus,GAFAM,8,16,10,2023,hop,10 nodes,0,10,85.2400,166.7000,38.8000,64.0250,94.6250,35.8754,10,114.7030,142.0400,47.9400,104.8650,136.9750,28.6985,10,14.4617,19.7986,9.1411,12.7699,16.6030,3.1695,15411.0000,-54.4815,95.5655,30.6000,35.8986,127.9000,42.0876,-58.2051,23.8329,32.1100,27.9940,94.1000,25.0198,-36.7911,36.9033,3.8331,26.5050,10.6575,21.9166
Quorum,torus,GAFAM,8,16,10,2023,hop,40 nodes,0,14,3.3500,25.7000,0.0000,0.0000,0.7250,7.7639,14,37.3507,165.8100,0.0000,0.0000,32.1400,58.4867,14,14.8920,19.5461,11.4613,13.0826,16.1840,2.2650,606.5714,,667.1642,0.7250,21.6418,25.7000,231.7581,,343.9273,32.1400,86.0492,165.8100,156.5879,-23.0370,31.2525,3.1014,20.8261,8.0848,15.2093
Quorum,torus,Gaming,8,16,10,2023,hop,10 nodes,0,11,0.0000,0.0000,0.0000,0.0000,0.0000,0.0000,11,0.0000,0.0000,0.0000,0.0000,0.0000,0.0000,11,20.7369,23.4446,14.8878,20.0661,22.3251,2.5514,0.0000,,,0.0000,,0.0000,,,,0.0000,,0.0000,,-28.2065,13.0574,2.2591,10.8940,8.5569,12.3034
Quorum,torus,Gaming,8,16,10,2023,hop,40 nodes,0,13,0.0000,0.0000,0.0000,0.0000,0.0000,0.0000,13,0.0000,0.0000,0.0000,0.0000,0.0000,0.0000,13,21.1878,23.9000,15.8047,20.2748,22.3395,2.1816,0.0000,,,0.0000,,0.0000,,,,0.0000,,0.0000,,-25.4066,12.8006,2.0647,9.7449,8.0953,10.2965
Quorum,torus,PayPal,8,16,10,2023,hop,10 nodes,0,11,188.8818,198.0000,152.2000,195.3000,197.0500,16.9002,11,7.6418,12.0100,5.4200,7.0800,7.7900,1.6138,11,23.1133,26.6945,17.4596,21.4390,25.0572,2.9778,56659.5455,-19.4205,4.8275,1.7500,0.9265,45.8000,8.9475,-29.0745,57.1616,0.7100,9.2910,6.5900,21.1177,-24.4608,15.4943,3.6181,15.6539,9.2349,12.8833
Quorum,torus,PayPal,8,16,10,2023,hop,40 nodes,0,13,197.3077,198.2000,195.2000,196.6000,198.1000,1.0610,13,5.0723,5.2300,4.9700,5.0200,5.1100,0.0730,13,22.3644,27.2270,18.9694,20.2959,24.5493,2.8291,59179.9231,-1.0682,0.4522,1.5000,0.7602,3.0000,0.5378,-2.0170,3.1089,0.0900,1.7743,0.2600,1.4401,-15.1807,21.7423,4.2534,19.0186,8.2576,12.6501
Quorum,torus,VISA,8,16,10,2023,hop,10 nodes,0,11,0.7818,8.5000,0.0000,0.0000,0.0000,2.5600,11,8.8518,91.0700,0.0000,0.0000,1.4250,27.2981,11,21.3406,25.0511,17.3114,20.5713,22.3085,1.9879,236.1818,,987.2093,0.0000,0.0000,8.5000,327.4428,,928.8282,1.4250,16.0984,91.0700,308.3899,-18.8803,17.3873,1.7372,8.1405,7.7397,9.3150
Quorum,torus,VISA,8,16,10,2023,hop,40 nodes,0,18,7.4000,14.0000,0.6000,4.1750,9.4250,3.8736,18,11.9411,55.6400,5.7400,8.2750,9.4450,11.4251,18,22.1877,27.0404,15.4712,20.2532,24.4623,3.2535,2219.5000,-91.8919,89.1892,5.2500,70.9459,13.4000,52.3458,-51.9308,365.9533,1.1700,9.7981,49.9000,95.6790,-30.2712,21.8712,4.2090,18.9701,11.5692,14.6635
Solana,fat-tree,DDoS,8,16,10,2023,hop,10 nodes,0,13,147.7692,238.9000,0.0000,124.5000,190.0000,76.0821,13,60.5954,78.9800,0.0000,67.4300,74.3200,27.1774,13,10.7341,11.8945,7.6675,10.7482,11.5677,1.2380,19576.6154,,61.6710,65.5000,44.3259,238.9000,51.4871,,30.3400,6.8900,11.3705,78.9800,44.8507,-28.5694,10.8103,0.8195,7.6344,4.2271,11.5333
Solana,fat-tree,DDoS,8,16,10,2023,hop,40 nodes,0,13,0.0000,0.0000,0.0000,0.0000,0.0000,0.0000,13,0.0000,0.0000,0.0000,0.0000,0.0000,0.0000,13,10.6231,13.0765,8.5458,9.8152,11.4427,1.4061,0.0000,,,0.0000,,0.0000,,,,0.0000,,0.0000,,-19.5547,23.0942,1.6275,15.3199,4.5307,13.2363
Solana,fat-tree,FIFA,8,16,10,2023,hop,10 nodes,0,14,17.0571,73.0000,0.0000,0.0000,26.4000,22.4790,14,45.3243,98.8400,0.0000,0.0000,71.2025,37.4352,14,9.6013,12.1900,7.8111,8.8434,10.3915,1.1317,2247.7857,,327.9732,26.4000,154.7739,73.0000,131.7863,,118.0729,71.2025,157.0957,98.8400,82.5941,-18.6446,26.9625,1.5481,16.1237,4.3789,11.7871
Solana,fat-tree,FIFA,8,16,10,2023,hop,40 nodes,0,13,0.0000,0.0000,0.0000,0.0000,0.0000,0.0000,13,0.0000,0.0000,0.0000,0.0000,0.0000,0.0000,13,8.7885,11.4446,6.5396,7.9012,9.4444,1.2907,0.0000,,,0.0000,,0.0000,,,,0.0000,,0.0000,,-25.5895,30.2228,1.5432,17.5591,4.9051,14.6865
Solana,fat-tree,GAFAM,8,16,10,2023,hop,10 nodes,0,13,20.9154,35.5000,0.0000,9.3000,32.0000,13.2505,13,91.7269,173.0100,0.0000,67.1900,134.0900,48.8101,13,15.2054,18.2287,9.5206,13.9855,16.8875,2.2948,3780.0769,,69.7315,22.7000,108.5325,35.5000,63.3530,,88.6142,66.9000,72.9339,173.0100,53.2124,-37.3866,19.8830,2.9021,19.0858,8.7081,15.0921
Solana,fat-tree,GAFAM,8,16,10,2023,hop,40 nodes,0,13,4.2538,5.6000,2.1000,4.1000,4.8000,0.9360,13,104.0977,133.1300,84.8900,98.8600,105.5400,10.6468,13,14.6673,17.6552,11.1008,12.0085,16.8914,2.4320,770.0769,-50.6329,31.6456,0.7000,16.4557,3.5000,22.0027,-18.4516,27.8895,6.6800,6.4170,48.2400,10.2277,-24.3156,20.3718,4.8828,33.2907,6.5544,16.5813
Solana,fat-tree,Gaming,8,16,10,2023,hop,10 nodes,0,12,17.5000,59.8000,0.0000,0.6750,23.9250,20.5532,12,85.0333,170.8100,0.0000,46.2075,124.3925,61.7110,12,20.8986,25.4452,16.3506,18.8638,23.0442,2.9049,5284.4167,,241.7143,23.2500,132.8571,59.8000,117.4467,,100.8742,78.1850,91.9463,170.8100,72.5727,-21.7623,21.7552,4.1804,20.0032,9.0946,13.9001
Solana,fat-tree,Gaming,8,16,10,2023,hop,40 nodes,0,13,0.0000,0.0000,0.0000,0.0000,0.0000,0.0000,13,0.0000,0.0000,0.0000,0.0000,0.0000,0.0000,13,21.5874,27.1715,16.0887,18.7954,24.2977,3.3918,0.0000,,,0.0000,,0.0000,,,,0.0000,,0.0000,,-25.4717,25.8672,5.5023,25.4886,11.0827,15.7118
Solana,fat-tree,PayPal,8,16,10,2023,hop,10 nodes,0,13,62.1000,152.3000,0.0000,0.0000,142.6000,69.5565,13,26.7592,93.9000,0.0000,0.0000,41.4800,30.2260,13,21.3898,24.7620,18.9266,19.6241,22.6207,1.8371,18625.6154,,145.2496,142.6000,229.6296,152.3000,112.0073,,250.9069,41.4800,155.0119,93.9000,112.9553,-11.5162,15.7651,2.9965,14.0091,5.8354,8.5885
Solana,fat-tree,PayPal,8,16,10,2023,hop,40 nodes,0,13,14.8692,152.4000,0.0000,0.0000,0.0000,42.8411,13,10.1969,70.5700,0.0000,0.0000,0.0000,24.9519,13,22.6891,26.9089,17.9705,20.3493,24.9940,3.0203,4460.6154,,924.9353,0.0000,0.0000,152.4000,288.1193,,592.0715,0.0000,0.0000,70.5700,244.7005,-20.7966,18.5986,4.6447,20.4709,8.9384,13.3118
Solana,fat-tree,VISA,8,16,10,2023,hop,10 nodes,0,13,163.2000,483.6000,0.0000,10.0000,237.2000,169.2480,13,75.6500,169.9400,0.0000,64.2900,85.3700,55.7532,13,22.9075,25.8066,17.7104,21.3249,25.1273,2.7719,49586.4615,,196.3235,227.2000,139.2157,483.6000,103.7059,,124.6398,21.0800,27.8652,169.9400,73.6988,-22.6871,12.6558,3.8024,16.5991,8.0961,12.1005
Solana,fat-tree,VISA,8,16,10,2023,hop,40 nodes,0,13,0.0000,0.0000,0.0000,0.0000,0.0000,0.0000,13,0.0000,0.0000,0.0000,0.0000,0.0000,0.0000,13,22.4907,24.9052,19.8066,21.1221,23.5071,1.6205,0.0000,,,0.0000,,0.0000,,,,0.0000,,0.0000,,-11.9342,10.7358,2.3850,10.6044,5.0986,7.2051
Solana,full mesh,DDoS,8,16,10,2023,hop,10 nodes,0,14,261.1714,413.9000,0.0000,247.6500,333.3000,126.9571,14,55.7771,70.7100,0.0000,58.7900,68.7800,24.0405,14,10.3158,12.2668,8.7096,9.3064,11.3044,1.2539,34382.2143,,58.4783,85.6500,32.7946,413.9000,48.6107,,26.7724,9.9900,17.9106,70.7100,43.1010,-15.5703,18.9129,1.9980,19.3685,3.5572,12.1550
Solana,full mesh,DDoS,8,16,10,2023,hop,40 nodes,0,13,0.0000,0.0000,0.0000,0.0000,0.0000,0.0000,13,0.0000,0.0000,0.0000,0.0000,0.0000,0.0000,13,10.7386,14.2559,8.9000,9.2732,11.6306,1.6145,0.0000,,,0.0000,,0.0000,,,,0.0000,,0.0000,,-17.1216,32.7539,2.3574,21.9524,5.3559,15.0342
Solana,full mesh,FIFA,8,16,10,2023,hop,10 nodes,0,13,43.0077,68.4000,12.6000,30.6000,56.3000,16.8310,13,67.8892,76.4900,59.9500,65.8600,71.2000,5.0172,13,9.2659,11.6263,5.6258,8.5123,10.2011,1.7501,6102.3077,-70.7029,59.0413,25.7000,59.7568,55.8000,39.1350,-11.6944,12.6688,5.3400,7.8658,16.5400,7.3903,-39.2849,25.4734,1.6888,18.2262,6.0004,18.8877
Solana,full mesh,FIFA,8,16,10,2023,hop,40 nodes,0,13,0.0000,0.0000,0.0000,0.0000,0.0000,0.0000,13,0.0000,0.0000,0.0000,0.0000,0.0000,0.0000,13,8.8988,12.2849,6.5929,7.7946,9.5644,1.4850,0.0000,,,0.0000,,0.0000,,,,0.0000,,0.0000,,-25.9124,38.0506,1.7699,19.8888,5.6920,16.6873
Solana,full mesh,GAFAM,8,16,10,2023,hop,10 nodes,0,13,54.6615,61.3000,48.1000,52.8000,56.8000,3.5685,13,44.7346,52.5800,39.2500,42.3500,46.3500,3.5819,13,14.7560,18.7877,11.4395,13.6387,16.1091,2.1518,9884.5385,-12.0039,12.1447,4.0000,7.3178,13.2000,6.5284,-12.2603,17.5376,4.0000,8.9416,13.3300,8.0069,-22.4756,27.3224,2.4704,16.7418,7.3482,14.5826
Solana,full mesh,GAFAM,8,16,10,2023,hop,40 nodes,0,13,3.6231,6.0000,1.5000,2.9000,4.4000,1.3059,13,91.9038,109.6200,78.3200,85.8700,93.6500,9.2647,13,14.8087,18.5396,13.1661,13.7213,15.5380,1.4832,653.1538,-58.5987,65.6051,1.5000,41.4013,4.5000,36.0427,-14.7805,19.2768,7.7800,8.4654,31.3000,10.0808,-11.0921,25.1938,1.8167,12.2680,5.3735,10.0155
Solana,full mesh,Gaming,8,16,10,2023,hop,10 nodes,0,16,36.0312,90.8000,0.0000,24.8500,42.9750,22.2682,16,61.4988,76.5800,0.0000,58.0550,70.6850,18.6503,16,21.2846,26.2834,16.5628,19.5399,22.2941,2.6597,11110.6875,,152.0035,18.1250,50.3036,90.8000,61.8025,,24.5229,12.6300,20.5370,76.5800,30.3263,-22.1843,23.4856,2.7543,12.9402,9.7206,12.4959
Solana,full mesh,Gaming,8,16,10,2023,hop,40 nodes,0,13,0.0000,0.0000,0.0000,0.0000,0.0000,0.0000,13,0.0000,0.0000,0.0000,0.0000,0.0000,0.0000,13,21.1673,26.6358,17.4284,19.5153,22.5506,2.8505,0.0000,,,0.0000,,0.0000,,,,0.0000,,0.0000,,-17.6633,25.8348,3.0353,14.3397,9.2074,13.4665
Solana,full mesh,PayPal,8,16,10,2023,hop,10 nodes,0,14,165.3643,190.0000,0.0000,186.8250,188.8500,59.0775,14,17.5079,21.4200,0.0000,16.8000,19.6125,5.3271,14,22.9296,27.9994,17.5366,21.5606,24.1925,2.5980,49601.2857,,14.8978,2.0250,1.2246,190.0000,35.7257,,22.3451,2.8125,16.0642,21.4200,30.4269,-23.5198,22.1102,2.6319,11.4782,10.4628,11.3303
Solana,full mesh,PayPal,8,16,10,2023,hop,40 nodes,0,13,0.0000,0.0000,0.0000,0.0000,0.0000,0.0000,13,0.0000,0.0000,0.0000,0.0000,0.0000,0.0000,13,22.3807,27.2023,17.4930,19.3702,24.2863,3.3321,0.0000,,,0.0000,,0.0000,,,,0.0000,,0.0000,,-21.8387,21.5439,4.9161,21.9658,9.7093,14.8883
Solana,full mesh,VISA,8,16,10,2023,hop,10 nodes,0,16,444.4500,684.8000,0.0000,442.1500,517.4750,187.2315,16,61.1700,83.1600,0.0000,63.3625,74.5725,24.9472,16,23.0323,26.5947,20.4741,21.0464,24.6891,1.9628,135267.6250,,54.0781,75.3250,16.9479,684.8000,42.1266,,35.9490,11.2100,18.3260,83.1600,40.7834,-11.1068,15.4668,3.6427,15.8157,6.1205,8.5220
Solana,full mesh,VISA,8,16,10,2023,hop,40 nodes,0,13,0.0000,0.0000,0.0000,0.0000,0.0000,0.0000,13,0.0000,0.0000,0.0000,0.0000,0.0000,0.0000,13,22.2574,26.8805,18.9243,19.8037,23.9408,2.7706,0.0000,,,0.0000,,0.0000,,,,0.0000,,0.0000,,-14.9754,20.7708,4.1371,18.5877,7.9562,12.4480
Solana,hypercube,DDoS,8,16,10,2023,hop,10 nodes,0,14,184.7786,347.9000,0.0000,44.2750,279.3000,132.0819,14,61.8650,95.2700,0.0000,59.8300,72.1575,28.0816,14,10.2448,12.2753,6.7880,9.4556,11.4398,1.5996,23847.1429,,88.2794,235.0250,127.1928,347.9000,71.4812,,53.9966,12.3275,19.9265,95.2700,45.3918,-33.7418,19.8197,1.9841,19.3670,5.4873,15.6134
Solana,hypercube,DDoS,8,16,10,2023,hop,40 nodes,0,13,0.0000,0.0000,0.0000,0.0000,0.0000,0.0000,13,0.0000,0.0000,0.0000,0.0000,0.0000,0.0000,13,10.2013,12.3354,8.5087,9.1659,11.2124,1.2279,0.0000,,,0.0000,,0.0000,,,,0.0000,,0.0000,,-16.5923,20.9199,2.0465,20.0616,3.8267,12.0363
Solana,hypercube,FIFA,8,16,10,2023,hop,10 nodes,0,13,39.6154,103.5000,2.2000,11.4000,61.4000,33.3822,13,72.9638,98.7400,56.8000,65.9800,81.3600,13.1954,13,9.2706,11.7226,6.9923,7.7671,10.4269,1.4727,5421.0000,-94.4466,161.2621,50.0000,126.2136,101.3000,84.2656,-22.1532,35.3273,15.3800,21.0789,41.9400,18.0849,-24.5758,26.4490,2.6599,28.6914,4.7303,15.8855
Solana,hypercube,FIFA,8,16,10,2023,hop,40 nodes,0,13,0.0000,0.0000,0.0000,0.0000,0.0000,0.0000,13,0.0000,0.0000,0.0000,0.0000,0.0000,0.0000,13,9.1988,10.5027,7.1249,9.0191,9.6349,0.9693,0.0000,,,0.0000,,0.0000,,,,0.0000,,0.0000,,-22.5450,14.1745,0.6157,6.6936,3.3777,10.5377
Solana,hypercube,GAFAM,8,16,10,2023,hop,10 nodes,0,13,45.9385,61.7000,18.7000,41.7000,54.7000,11.8264,13,55.4977,87.6000,36.7100,49.5800,61.3200,15.5081,13,14.3350,18.4047,10.2399,12.8353,15.3063,2.2693,8308.7692,-59.2934,34.3101,13.0000,28.2987,43.0000,25.7441,-33.8531,57.8444,11.7400,21.1540,50.8900,27.9437,-28.5671,28.3902,2.4710,17.2377,8.1648,15.8303
Solana,hypercube,GAFAM,8,16,10,2023,hop,40 nodes,0,13,4.0385,6.1000,1.2000,2.9000,4.9000,1.3985,13,94.9900,110.6900,72.8600,82.3700,105.8900,13.1797,13,14.4850,17.3515,9.4361,13.0860,16.3645,2.2507,730.3077,-70.2857,51.0476,2.0000,49.5238,4.9000,34.6304,-23.2972,16.5281,23.5200,24.7605,37.8300,13.8748,-34.8559,19.7891,3.2784,22.6333,7.9153,15.5379
Solana,hypercube,Gaming,8,16,10,2023,hop,10 nodes,0,16,24.8625,67.9000,0.0000,9.0000,33.3750,20.8068,16,70.4925,136.1200,0.0000,59.3425,80.1050,28.0256,16,20.9271,25.5581,14.6281,19.6379,22.9154,3.3097,7654.3125,,173.1021,24.3750,98.0392,67.9000,83.6876,,93.0986,20.7625,29.4535,136.1200,39.7568,-30.0998,22.1291,3.2775,15.6614,10.9300,15.8155
Solana,hypercube,Gaming,8,16,10,2023,hop,40 nodes,0,13,0.0000,0.0000,0.0000,0.0000,0.0000,0.0000,13,0.0000,0.0000,0.0000,0.0000,0.0000,0.0000,13,20.4450,25.6021,15.1581,18.6320,22.6550,3.4109,0.0000,,,0.0000,,0.0000,,,,0.0000,,0.0000,,-25.8590,25.2241,4.0231,19.6774,10.4440,16.6831
Solana,hypercube,PayPal,8,16,10,2023,hop,10 nodes,0,15,153.2933,187.8000,0.0000,176.4500,185.2500,65.9757,15,20.1133,25.9600,0.0000,21.1200,24.5200,8.3561,15,22.6539,25.5120,18.3352,21.9608,24.0682,1.8642,45980.9333,,22.5102,8.8000,5.7406,187.8000,43.0389,,29.0686,3.4000,16.9042,25.9600,41.5452,-19.0640,12.6161,2.1075,9.3029,7.1768,8.2288
Solana,hypercube,PayPal,8,16,10,2023,hop,40 nodes,0,13,11.7231,152.4000,0.0000,0.0000,0.0000,42.2682,13,5.5600,72.2800,0.0000,0.0000,0.0000,20.0469,13,22.8868,26.0858,18.7556,21.7178,24.3355,2.1170,3515.3846,,1200.0000,0.0000,0.0000,152.4000,360.5551,,1200.0000,0.0000,0.0000,72.2800,360.5551,-18.0506,13.9775,2.6177,11.4375,7.3302,9.2498
Solana,hypercube,VISA,8,16,10,2023,hop,10 nodes,0,15,293.1200,595.1000,0.0000,186.8500,393.8500,174.9342,15,67.6213,107.1100,0.0000,67.2400,85.9250,32.1033,15,21.6991,27.9065,16.4684,20.2150,23.0322,2.7504,89049.0000,,103.0227,207.0000,70.6195,595.1000,59.6801,,58.3968,18.6850,27.6318,107.1100,47.4751,-24.1055,28.6066,2.8172,12.9829,11.4381,12.6754
Solana,hypercube,VISA,8,16,10,2023,hop,40 nodes,0,13,0.0000,0.0000,0.0000,0.0000,0.0000,0.0000,13,0.0000,0.0000,0.0000,0.0000,0.0000,0.0000,13,22.3717,26.0031,19.8582,20.7766,24.0566,1.9972,0.0000,,,0.0000,,0.0000,,,,0.0000,,0.0000,,-11.2355,16.2318,3.2800,14.6613,6.1449,8.9272
Solana,scale-free,DDoS,8,16,10,2023,hop,10 nodes,0,22,41.1364,290.7000,0.0000,0.0000,30.2500,82.7328,22,29.7245,117.2900,0.0000,0.0000,67.9900,41.8317,22,10.1103,13.0830,6.3248,8.6473,11.4594,1.7900,5320.5000,,606.6740,30.2500,73.5359,290.7000,201.1184,,294.5897,67.9900,228.7335,117.2900,140.7310,-37.4416,29.4026,2.8121,27.8140,6.7581,17.7049
Solana,scale-free,DDoS,8,16,10,2023,hop,40 nodes,0,13,0.0000,0.0000,0.0000,0.0000,0.0000,0.0000,13,0.0000,0.0000,0.0000,0.0000,0.0000,0.0000,13,10.5599,12.2055,8.8566,9.7433,11.1717,1.0427,0.0000,,,0.0000,,0.0000,,,,0.0000,,0.0000,,-16.1291,15.5839,1.4284,13.5265,3.3489,9.8742
Solana,scale-free,FIFA,8,16,10,2023,hop,10 nodes,0,19,4.2053,50.6000,0.0000,0.0000,0.0000,13.0870,19,7.6537,82.3600,0.0000,0.0000,0.0000,23.1502,19,9.5735,11.7797,6.8795,8.7330,10.6052,1.2543,577.6316,,1103.2541,0.0000,0.0000,50.6000,311.2051,,976.0831,0.0000,0.0000,82.3600,302.4707,-28.1409,23.0445,1.8722,19.5560,4.9003,13.1020
Solana,scale-free,FIFA,8,16,10,2023,hop,40 nodes,0,13,0.0077,0.1000,0.0000,0.0000,0.0000,0.0277,13,9.5700,124.4100,0.0000,0.0000,0.0000,34.5051,13,9.1734,10.8045,6.8655,8.3808,10.3171,1.1438,0.6154,,1200.0000,0.0000,0.0000,0.1000,360.5551,,1200.0000,0.0000,0.0000,124.4100,360.5551,-25.1593,17.7801,1.9363,21.1081,3.9390,12.4686
Solana,scale-free,GAFAM,8,16,10,2023,hop,10 nodes,0,15,3.9800,43.2000,0.0000,0.0000,0.0000,11.6524,15,11.2987,120.9000,0.0000,0.0000,0.0000,32.8002,15,14.1253,16.3494,12.4137,13.5299,14.7365,1.0118,719.2000,,985.4271,0.0000,0.0000,43.2000,292.7728,,970.0378,0.0000,0.0000,120.9000,290.3014,-12.1171,15.7453,1.2067,8.5427,3.9356,7.1631
Solana,scale-free,GAFAM,8,16,10,2023,hop,40 nodes,0,13,3.1615,7.9000,0.0000,2.4000,3.7000,1.8804,13,101.4346,130.5600,0.0000,97.9200,116.2100,32.6397,13,14.6723,19.1711,11.3439,12.8556,15.8879,2.2748,568.5385,,149.8783,1.3000,41.1192,7.9000,59.4773,,28.7135,18.2900,18.0313,130.5600,32.1781,-22.6848,30.6620,3.0323,20.6671,7.8272,15.5042
Solana,scale-free,Gaming,8,16,10,2023,hop,10 nodes,0,20,3.0850,45.6000,0.0000,0.0000,0.0000,10.6332,20,7.9535,87.9100,0.0000,0.0000,0.0000,24.6307,20,20.5399,29.5934,13.7349,18.6988,22.2997,3.5106,979.9500,,1378.1199,0.0000,0.0000,45.6000,344.6736,,1005.2996,0.0000,0.0000,87.9100,309.6837,-33.1309,44.0772,3.6009,17.5310,15.8585,17.0914
Solana,scale-free,Gaming,8,16,10,2023,hop,40 nodes,0,13,0.0000,0.0000,0.0000,0.0000,0.0000,0.0000,13,0.0000,0.0000,0.0000,0.0000,0.0000,0.0000,13,20.4142,24.6841,15.3328,18.3909,23.0839,3.1620,0.0000,,,0.0000,,0.0000,,,,0.0000,,0.0000,,-24.8916,20.9163,4.6931,22.9891,9.3513,15.4893
Solana,scale-free,PayPal,8,16,10,2023,hop,10 nodes,0,24,28.1750,185.8000,0.0000,0.0000,56.6000,45.6119,24,39.3371,157.2100,0.0000,0.0000,77.6075,58.9168,24,22.7325,29.4229,17.2186,20.5370,24.6971,3.3855,8451.0833,,559.4499,56.6000,200.8873,185.8000,161.8880,,299.6483,77.6075,197.2884,157.2100,149.7743,-24.2557,29.4309,4.1601,18.3002,12.2043,14.8928
Solana,scale-free,PayPal,8,16,10,2023,hop,40 nodes,0,13,0.0000,0.0000,0.0000,0.0000,0.0000,0.0000,13,0.0000,0.0000,0.0000,0.0000,0.0000,0.0000,13,21.7811,25.2496,18.8488,20.0379,23.4505,2.1309,0.0000,,,0.0000,,0.0000,,,,0.0000,,0.0000,,-13.4626,15.9244,3.4126,15.6676,6.4008,9.7834
Solana,scale-free,VISA,8,16,10,2023,hop,10 nodes,0,26,98.0154,399.5000,0.0000,0.0000,157.6500,119.0587,26,71.2446,242.4000,0.0000,0.0000,108.4850,78.1635,26,22.5778,30.4833,16.3911,20.3444,24.7520,3.3697,29660.1538,,307.5891,157.6500,160.8421,399.5000,121.4694,,240.2362,108.4850,152.2712,242.4000,109.7114,-27.4017,35.0147,4.4076,19.5218,14.0922,14.9247
Solana,scale-free,VISA,8,16,10,2023,hop,40 nodes,0,13,0.0000,0.0000,0.0000,0.0000,0.0000,0.0000,13,0.0000,0.0000,0.0000,0.0000,0.0000,0.0000,13,22.3349,25.4204,20.2205,21.3158,23.2525,1.4418,0.0000,,,0.0000,,0.0000,,,,0.0000,,0.0000,,-9.4668,13.8147,1.9367,8.6710,5.1999,6.4554
Solana,torus,DDoS,8,16,10,2023,hop,10 nodes,0,13,211.8308,280.7000,100.2000,179.7000,239.1000,48.1162,13,72.0815,85.6800,64.6600,67.9400,76.5000,6.2591,13,10.7077,13.1902,9.3277,9.7887,11.7066,1.1797,27746.4615,-52.6981,32.5114,59.4000,28.0413,180.5000,22.7144,-10.2960,18.8654,8.5600,11.8754,21.0200,8.6833,-12.8880,23.1843,1.9179,17.9117,3.8625,11.0173
Solana,torus,DDoS,8,16,10,2023,hop,40 nodes,0,13,0.0000,0.0000,0.0000,0.0000,0.0000,0.0000,13,0.0000,0.0000,0.0000,0.0000,0.0000,0.0000,13,10.4704,14.5395,7.3743,9.4787,10.4924,2.0800,0.0000,,,0.0000,,0.0000,,,,0.0000,,0.0000,,-29.5704,38.8626,1.0137,9.6812,7.1652,19.8655
Solana,torus,FIFA,8,16,10,2023,hop,10 nodes,0,13,19.2308,61.0000,0.0000,0.7000,26.5000,20.6755,13,53.4546,107.0400,0.0000,33.1600,71.8000,36.1156,13,9.0859,11.1779,6.9422,7.8121,10.1555,1.3566,2525.6923,,217.2000,25.8000,134.1600,61.0000,107.5127,,100.2446,38.6400,72.2856,107.0400,67.5632,-23.5937,23.0251,2.3434,25.7915,4.2357,14.9309
Solana,torus,FIFA,8,16,10,2023,hop,40 nodes,0,13,0.0000,0.0000,0.0000,0.0000,0.0000,0.0000,13,0.0000,0.0000,0.0000,0.0000,0.0000,0.0000,13,9.5066,11.9327,7.5860,8.5590,10.8638,1.3556,0.0000,,,0.0000,,0.0000,,,,0.0000,,0.0000,,-20.2028,25.5204,2.3048,24.2438,4.3467,14.2595
Solana,torus,GAFAM,8,16,10,2023,hop,10 nodes,0,13,27.9846,44.5000,8.7000,21.1000,39.3000,11.0683,13,90.3385,142.6800,54.6900,65.4500,108.6100,31.2999,13,15.4380,17.9874,11.0062,14.4055,17.0986,2.3116,5058.6154,-68.9115,59.0159,18.2000,65.0357,35.8000,39.5512,-39.4610,57.9394,43.1600,47.7759,87.9900,34.6474,-28.7073,16.5134,2.6931,17.4444,6.9812,14.9734
Solana,torus,GAFAM,8,16,10,2023,hop,40 nodes,0,13,4.9308,6.9000,3.8000,4.4000,5.2000,0.7867,13,96.3592,101.6500,88.6400,95.8000,99.2000,3.7511,13,13.5687,15.8052,7.7261,12.9781,14.9398,2.1825,889.6154,-22.9329,39.9376,0.8000,16.2246,3.1000,15.9559,-8.0109,5.4907,3.4000,3.5285,13.0100,3.8928,-43.0591,16.4830,1.9617,14.4573,8.0791,16.0848
Solana,torus,Gaming,8,16,10,2023,hop,10 nodes,0,14,23.3714,61.1000,0.0000,8.5000,36.2250,18.6680,14,58.0829,87.3500,0.0000,55.7225,75.4125,27.2939,14,20.5924,25.3793,15.3673,19.6530,21.7774,2.5777,7089.6429,,161.4303,27.7250,118.6278,61.1000,79.8752,,50.3886,19.6900,33.8998,87.3500,46.9913,-25.3741,23.2461,2.1244,10.3164,10.0121,12.5176
Solana,torus,Gaming,8,16,10,2023,hop,40 nodes,0,13,0.0000,0.0000,0.0000,0.0000,0.0000,0.0000,13,0.0000,0.0000,0.0000,0.0000,0.0000,0.0000,13,20.1623,25.0393,15.7496,18.3253,22.0104,2.9315,0.0000,,,0.0000,,0.0000,,,,0.0000,,0.0000,,-21.8861,24.1883,3.6851,18.2771,9.2897,14.5395
Solana,torus,PayPal,8,16,10,2023,hop,10 nodes,0,13,101.5154,180.4000,0.0000,43.9000,159.0000,67.5320,13,31.0615,54.4000,0.0000,29.1000,40.6500,15.7265,13,22.1223,29.2907,17.5083,19.6866,23.0586,3.3132,30447.6923,,77.7071,115.1000,113.3818,180.4000,66.5239,,75.1362,11.5500,37.1842,54.4000,50.6301,-20.8571,32.4034,3.3720,15.2424,11.7825,14.9768
Solana,torus,PayPal,8,16,10,2023,hop,40 nodes,0,13,11.6538,151.5000,0.0000,0.0000,0.0000,42.0185,13,4.9515,64.3700,0.0000,0.0000,0.0000,17.8530,13,23.4176,30.6641,19.1650,20.1504,24.9090,3.3795,3496.6154,,1200.0000,0.0000,0.0000,151.5000,360.5551,,1200.0000,0.0000,0.0000,64.3700,360.5551,-18.1599,30.9448,4.7587,20.3209,11.4991,14.4313
Solana,torus,VISA,8,16,10,2023,hop,10 nodes,0,16,291.1187,573.4000,0.0000,204.9750,389.9250,145.7889,16,71.0950,103.7000,0.0000,67.5125,76.0200,22.7495,16,22.2953,30.4238,16.2028,19.9161,24.3890,3.9615,88298.8125,,96.9643,184.9500,63.5308,573.4000,50.0788,,45.8612,8.5075,11.9664,103.7000,31.9987,-27.3266,36.4583,4.4729,20.0622,14.2211,17.7684
Solana,torus,VISA,8,16,10,2023,hop,40 nodes,0,13,0.4308,5.6000,0.0000,0.0000,0.0000,1.5532,13,9.1131,118.4700,0.0000,0.0000,0.0000,32.8577,13,22.9882,26.6783,20.6869,21.8376,23.9153,1.6927,128.4615,,1200.0000,0.0000,0.0000,5.6000,360.5551,,1200.0000,0.0000,0.0000,118.4700,360.5551,-10.0108,16.0522,2.0777,9.0382,5.9914,7.3634
