hash,workload,run,mode,dataset,link_strategy,cores,ram,secondaries,network_size,dynamic,submit_number,commit_number,abort_number,average_load,average_throughput,average_latency,median_latency,start_bench,blockchain,MiB-Rx,MiB-Tx,energy,bandwidth,switch,latency
8c1850,10000,1,fat-tree-l,diablo,hop,8,16,10,1,0,1199990,69100,0,9960.1,573.5,43.02,44.81,2024-05-05 10:22:41.366,algorand,116.14,116.57,10.15653839587382,0.0,0,0
d9ef8a,paypal,1,fat-tree-l,diablo,hop,8,16,10,1,0,59990,57198,0,200.0,190.7,13.1,13.09,2024-05-05 09:53:28.629,algorand,10.61,10.72,24.67919742133686,0.0,0,0
a48990,visa,1,fat-tree-l,diablo,hop,8,16,10,1,0,540000,155619,0,1769.8,510.0,17.24,15.76,2024-05-05 10:12:05.660,algorand,36.35,36.92,23.42508577188309,0.0,0,0
ef10af,dota,1,fat-tree-l,diablo,hop,8,16,10,1,0,3678700,82918,0,12354.4,278.5,103.72,92.55,2024-05-05 10:49:36.183,algorand,82.74,79.91,20.233708292650284,0.0,0,0
1a234b,gafam,1,fat-tree-l,diablo,hop,8,16,10,1,0,30320,28063,0,167.7,155.2,23.77,20.33,2024-05-05 10:03:58.380,algorand,24.93,25.31,15.591565257580875,0.0,0,0
3fa6bd,football,1,fat-tree-l,diablo,hop,8,16,10,1,0,4056130,33332,0,30997.6,254.7,64.0,70.7,2024-05-05 10:36:18.321,algorand,181.9,179.31,10.62726212217767,0.0,0,0
db971b,gafam,1,full-mesh,diablo,hop,8,16,10,1,0,30320,28173,0,167.7,155.8,20.92,16.65,2024-04-28 13:50:47.962,algorand,25.79,25.26,11.781247477334157,0.0,0,0
ed1224,10000,1,full-mesh,diablo,hop,8,16,10,1,0,1199990,95680,0,9850.9,785.5,25.88,23.31,2024-04-28 13:42:46.759,algorand,26.97,25.92,8.64362835319447,0.0,0,0
e4128e,dota,1,full-mesh,diablo,hop,8,16,10,1,0,3678700,90688,0,11770.1,290.2,76.35,71.22,2024-04-28 14:17:29.382,algorand,48.1,57.31,25.069836893596246,0.0,0,0
9c59a9,football,1,full-mesh,diablo,hop,8,16,10,1,0,4056130,23390,0,26456.3,152.6,45.31,28.4,2024-04-28 14:03:55.244,algorand,89.46,119.3,10.181662255307254,0.0,0,0
3432ce,football,1,full-mesh,diablo,hop,8,16,10,1,0,4056130,9606,0,29218.5,69.2,25.24,18.39,2024-05-03 22:38:42.041,algorand,173.84,212.58,7.447472308579335,0.0,0,0
bb010b,visa,1,full-mesh,diablo,hop,8,16,10,1,0,540000,167400,0,1760.3,545.7,14.68,13.96,2024-05-03 22:14:04.515,algorand,35.89,36.58,19.26569964605584,0.0,0,0
4003e3,paypal,1,full-mesh,diablo,hop,8,16,10,1,0,59990,57986,0,200.0,193.3,11.65,11.65,2024-05-03 21:55:18.204,algorand,9.36,9.47,25.10500800610873,0.0,0,0
5376e1,gafam,1,full-mesh,diablo,hop,8,16,10,1,0,30320,28284,0,167.7,156.4,21.36,16.24,2024-05-03 22:05:53.084,algorand,23.54,23.92,19.157379974055672,0.0,0,0
273242,10000,1,full-mesh,diablo,hop,8,16,10,1,0,1199990,100859,0,9295.5,781.3,25.24,22.56,2024-05-03 22:24:43.584,algorand,118.79,119.5,9.390357541604354,0.0,0,0
96d2ae,10000,1,hypercube,diablo,hop,8,16,10,1,0,1199990,84308,0,9492.5,666.9,29.27,24.07,2024-05-05 11:40:39.780,algorand,126.66,131.97,9.794330529806295,0.0,0,0
ac04c4,football,1,hypercube,diablo,hop,8,16,10,1,0,4056130,33447,0,26137.4,215.5,54.29,73.26,2024-05-05 11:53:35.013,algorand,194.52,211.02,9.841035883103356,0.0,0,0
862244,gafam,1,hypercube,diablo,hop,8,16,10,1,0,30320,24438,0,167.7,135.2,21.79,20.88,2024-05-05 11:21:54.133,algorand,24.88,28.52,12.970562419605356,0.0,0,0
4afdb4,paypal,1,hypercube,diablo,hop,8,16,10,1,0,59990,57473,0,200.0,191.6,11.93,11.89,2024-05-05 11:11:25.345,algorand,10.23,10.39,21.230895581968944,0.0,0,0
6cb7aa,visa,1,hypercube,diablo,hop,8,16,10,1,0,540000,164055,0,1772.7,538.5,15.21,14.2,2024-05-05 11:30:03.538,algorand,36.78,39.33,19.755891998783564,0.0,0,0
822772,dota,1,hypercube,diablo,hop,8,16,10,1,0,3678700,62342,0,13279.6,225.0,85.97,74.59,2024-05-10 21:11:02.953,algorand,16.77,29.14,17.24210025334993,0.0,0,0
1a2467,10000,1,fat-tree-l,diablo,hop,8,16,10,1,0,1199990,87858,0,9402.5,688.4,36.89,28.5,2024-06-03 15:09:32.897,algorand,229.72,245.36,11.300143399971496,1.0,0,0
1a2467,10000,2,fat-tree-l,diablo,hop,8,16,10,1,0,1199990,92529,0,9345.2,720.6,36.92,25.84,2024-06-03 15:17:35.952,algorand,229.72,245.36,10.836501601334003,1.0,0,0
02a857,paypal,1,fat-tree-l,diablo,hop,8,16,10,1,0,59990,57447,0,200.0,191.5,13.01,13.0,2024-06-03 14:11:58.887,algorand,16.26,16.48,22.306292654255312,1.0,0,0
02a857,paypal,2,fat-tree-l,diablo,hop,8,16,10,1,0,59990,57622,0,200.0,192.1,13.14,13.13,2024-06-03 14:21:50.075,algorand,16.26,16.48,24.211738164029104,1.0,0,0
91671a,visa,1,fat-tree-l,diablo,hop,8,16,10,1,0,540000,156561,0,1772.8,514.0,16.88,15.74,2024-06-03 14:48:38.702,algorand,62.75,69.43,21.184968223495794,1.0,0,0
91671a,visa,2,fat-tree-l,diablo,hop,8,16,10,1,0,540000,157104,0,1768.1,514.4,17.0,15.79,2024-06-03 14:58:56.586,algorand,62.75,69.43,23.75543897234033,1.0,0,0
f16e86,dota,1,fat-tree-l,diablo,hop,8,16,10,1,0,3678700,88377,0,13009.0,312.5,84.27,75.29,2024-06-03 15:58:27.295,algorand,163.29,206.61,21.421183172554713,1.0,0,0
f16e86,dota,2,fat-tree-l,diablo,hop,8,16,10,1,0,3678700,59808,0,13180.7,214.3,58.81,40.39,2024-06-03 16:12:16.619,algorand,163.29,206.61,24.088385287578156,1.0,0,0
856e1b,gafam,1,fat-tree-l,diablo,hop,8,16,10,1,0,30320,26517,0,167.7,146.7,24.46,24.22,2024-06-03 14:32:12.419,algorand,46.73,52.16,11.473305101630693,1.0,0,0
856e1b,gafam,2,fat-tree-l,diablo,hop,8,16,10,1,0,30320,21452,0,167.7,118.6,25.45,24.6,2024-06-03 14:40:31.699,algorand,46.73,52.16,12.085414355156937,1.0,0,0
38b05d,football,2,fat-tree-l,diablo,hop,8,16,10,1,0,4056130,33472,0,22639.1,186.8,58.13,70.16,2024-06-03 15:44:45.437,algorand,368.69,496.21,7.7707836603389016,1.0,0,0
41bc02,football,2,fat-tree-l,diablo,hop,8,16,10,1,0,4056130,20916,0,24891.7,128.4,62.96,70.68,2024-06-12 10:17:56.026,algorand,56.51,51.97,8.835809180101567,1.0,0,0
41bc02,football,1,fat-tree-l,diablo,hop,8,16,10,1,0,4056130,48803,0,23055.5,277.4,62.39,73.13,2024-06-12 10:04:19.112,algorand,56.51,51.97,8.298067045007231,1.0,0,0
7b076a,football,1,fat-tree-l,diablo,hop,8,16,10,1,0,4056130,3185,0,29197.3,22.9,22.31,22.63,2024-06-14 06:05:04.034,algorand,52.7,264.79,12.234050468332441,1.0,0,0
7b076a,football,2,fat-tree-l,diablo,hop,8,16,10,1,0,4056130,110,0,28597.5,0.8,17.14,17.14,2024-06-14 06:20:12.703,algorand,52.7,264.79,8.74944945281344,1.0,0,0
1c5e88,10000,8,fat-tree-l,diablo,hop,8,16,10,1,0,1199990,88578,0,9430.5,696.1,39.55,34.51,2025-07-15 20:29:15.283,algorand,1195.54,1325.82,9.265206196217155,1.0,0,0
1c5e88,10000,3,fat-tree-l,diablo,hop,8,16,10,1,0,1199990,90659,0,9735.9,735.5,30.0,22.15,2025-07-15 19:48:31.085,algorand,1195.54,1325.82,11.079052049030116,1.0,0,0
1c5e88,10000,2,fat-tree-l,diablo,hop,8,16,10,1,0,1199990,97536,0,9159.9,744.5,34.53,31.65,2025-07-15 19:40:26.190,algorand,1195.54,1325.82,9.792532353741557,1.0,0,0
1c5e88,10000,1,fat-tree-l,diablo,hop,8,16,10,1,0,1199990,84377,0,9855.5,693.0,27.55,23.16,2025-07-15 19:32:22.379,algorand,1195.54,1325.82,7.86588317286586,1.0,0,0
1c5e88,10000,9,fat-tree-l,diablo,hop,8,16,10,1,0,1199990,79761,0,9202.5,611.7,29.41,26.17,2025-07-15 20:37:19.890,algorand,1195.54,1325.82,7.6499334830091055,1.0,0,0
1c5e88,10000,4,fat-tree-l,diablo,hop,8,16,10,1,0,1199990,91508,0,9165.4,698.9,31.02,25.36,2025-07-15 19:56:35.652,algorand,1195.54,1325.82,12.435321545242617,1.0,0,0
1c5e88,10000,5,fat-tree-l,diablo,hop,8,16,10,1,0,1199990,73644,0,9522.0,584.4,32.05,30.24,2025-07-15 20:04:41.511,algorand,1195.54,1325.82,12.479375029300172,1.0,0,0
1c5e88,10000,6,fat-tree-l,diablo,hop,8,16,10,1,0,1199990,84410,0,9336.9,656.8,30.71,26.3,2025-07-15 20:12:45.943,algorand,1195.54,1325.82,13.43470322574238,1.0,0,0
1c5e88,10000,10,fat-tree-l,diablo,hop,8,16,10,1,0,1199990,84575,0,9399.4,662.5,34.41,29.46,2025-07-15 20:45:25.492,algorand,1195.54,1325.82,9.747106958076857,1.0,0,0
1c5e88,10000,7,fat-tree-l,diablo,hop,8,16,10,1,0,1199990,96648,0,9101.6,733.1,32.94,26.31,2025-07-15 20:21:11.156,algorand,1195.54,1325.82,9.953466540489751,1.0,0,0
16bd94,dota,8,fat-tree-l,diablo,hop,8,16,10,1,0,3678700,44905,0,12699.0,155.0,79.62,69.43,2025-07-16 00:49:07.645,algorand,850.05,1176.18,21.704261607916024,1.0,0,0
16bd94,dota,3,fat-tree-l,diablo,hop,8,16,10,1,0,3678700,67123,0,12382.2,225.9,83.71,73.74,2025-07-15 23:41:16.639,algorand,850.05,1176.18,24.05857479227527,1.0,0,0
16bd94,dota,2,fat-tree-l,diablo,hop,8,16,10,1,0,3678700,82956,0,12519.3,282.3,84.92,69.2,2025-07-15 23:27:56.372,algorand,850.05,1176.18,21.267899716157427,1.0,0,0
16bd94,dota,1,fat-tree-l,diablo,hop,8,16,10,1,0,3678700,58137,0,13328.6,210.6,65.54,60.3,2025-07-15 23:14:20.866,algorand,850.05,1176.18,20.227394985448118,1.0,0,0
16bd94,dota,9,fat-tree-l,diablo,hop,8,16,10,1,0,3678700,83008,0,11783.6,265.9,95.1,88.61,2025-07-16 01:02:36.769,algorand,850.05,1176.18,19.718157950150538,1.0,0,0
16bd94,dota,4,fat-tree-l,diablo,hop,8,16,10,1,0,3678700,24949,0,12950.4,87.8,88.24,69.23,2025-07-15 23:54:44.575,algorand,850.05,1176.18,20.9144168863838,1.0,0,0
16bd94,dota,5,fat-tree-l,diablo,hop,8,16,10,1,0,3678700,59515,0,12908.7,208.8,91.72,85.26,2025-07-16 00:08:42.438,algorand,850.05,1176.18,15.557070036874926,1.0,0,0
16bd94,dota,6,fat-tree-l,diablo,hop,8,16,10,1,0,3678700,84498,0,12186.6,279.9,91.34,81.19,2025-07-16 00:22:08.910,algorand,850.05,1176.18,22.611544703589665,1.0,0,0
16bd94,dota,10,fat-tree-l,diablo,hop,8,16,10,1,0,3678700,71883,0,12335.6,241.0,75.89,60.33,2025-07-16 01:16:21.795,algorand,850.05,1176.18,17.31996319963796,1.0,0,0
16bd94,dota,7,fat-tree-l,diablo,hop,8,16,10,1,0,3678700,50837,0,12265.6,169.5,90.46,85.83,2025-07-16 00:35:35.062,algorand,850.05,1176.18,22.6093387912364,1.0,0,0
658913,visa,8,fat-tree-l,diablo,hop,8,16,10,1,0,540000,155109,0,1770.7,508.6,17.61,15.99,2025-07-15 19:01:52.365,algorand,346.22,401.35,21.903017244864785,1.0,0,0
658913,visa,3,fat-tree-l,diablo,hop,8,16,10,1,0,540000,151407,0,1788.6,501.5,17.21,15.96,2025-07-15 18:11:24.792,algorand,346.22,401.35,22.036498503648534,1.0,0,0
658913,visa,2,fat-tree-l,diablo,hop,8,16,10,1,0,540000,156816,0,1773.0,514.9,16.95,15.91,2025-07-15 18:01:05.932,algorand,346.22,401.35,23.373400009757802,1.0,0,0
658913,visa,1,fat-tree-l,diablo,hop,8,16,10,1,0,540000,152164,0,1791.2,504.7,18.15,16.04,2025-07-15 17:50:48.412,algorand,346.22,401.35,20.539629440652387,1.0,0,0
658913,visa,9,fat-tree-l,diablo,hop,8,16,10,1,0,540000,155315,0,1776.2,510.9,17.27,15.85,2025-07-15 19:11:49.174,algorand,346.22,401.35,19.501454471978526,1.0,0,0
658913,visa,4,fat-tree-l,diablo,hop,8,16,10,1,0,540000,153760,0,1789.4,509.5,18.05,15.98,2025-07-15 18:21:42.949,algorand,346.22,401.35,24.30427504893437,1.0,0,0
658913,visa,5,fat-tree-l,diablo,hop,8,16,10,1,0,540000,151923,0,1778.6,500.4,17.69,16.14,2025-07-15 18:31:40.070,algorand,346.22,401.35,28.13402483272532,1.0,0,0
658913,visa,6,fat-tree-l,diablo,hop,8,16,10,1,0,540000,161932,0,1783.1,534.7,18.31,15.98,2025-07-15 18:41:37.026,algorand,346.22,401.35,27.96908697324467,1.0,0,0
658913,visa,10,fat-tree-l,diablo,hop,8,16,10,1,0,540000,153653,0,1781.4,506.9,17.8,16.17,2025-07-15 19:22:07.333,algorand,346.22,401.35,16.87419276020603,1.0,0,0
658913,visa,7,fat-tree-l,diablo,hop,8,16,10,1,0,540000,156418,0,1776.0,514.4,17.81,15.97,2025-07-15 18:51:55.183,algorand,346.22,401.35,25.005689517552177,1.0,0,0
077b84,gafam,8,fat-tree-l,diablo,hop,8,16,10,1,0,30320,21259,0,167.7,117.6,24.85,24.82,2025-07-15 15:46:02.565,algorand,72.43,149.94,16.04541288965344,1.0,0,0
077b84,gafam,3,fat-tree-l,diablo,hop,8,16,10,1,0,30320,28604,0,167.7,158.2,22.86,20.13,2025-07-15 15:05:52.508,algorand,72.43,149.94,14.530699706895197,1.0,0,0
077b84,gafam,2,fat-tree-l,diablo,hop,8,16,10,1,0,30320,22101,0,167.7,122.2,21.72,19.62,2025-07-15 14:57:40.504,algorand,72.43,149.94,13.98055588550456,1.0,0,0
077b84,gafam,1,fat-tree-l,diablo,hop,8,16,10,1,0,30320,27281,0,167.7,150.9,23.58,21.36,2025-07-15 14:49:21.334,algorand,72.43,149.94,14.277600824270888,1.0,0,0
077b84,gafam,9,fat-tree-l,diablo,hop,8,16,10,1,0,30320,26918,0,167.7,148.9,23.92,20.18,2025-07-15 15:54:22.047,algorand,72.43,149.94,18.25157211698801,1.0,0,0
077b84,gafam,4,fat-tree-l,diablo,hop,8,16,10,1,0,30320,19879,0,167.7,109.9,22.84,19.69,2025-07-15 15:13:43.177,algorand,72.43,149.94,12.224428071198878,1.0,0,0
077b84,gafam,5,fat-tree-l,diablo,hop,8,16,10,1,0,30320,10824,0,167.7,59.9,19.36,14.72,2025-07-15 15:21:34.072,algorand,72.43,149.94,11.719165207644973,1.0,0,0
077b84,gafam,6,fat-tree-l,diablo,hop,8,16,10,1,0,30320,12977,0,167.7,71.8,36.02,30.5,2025-07-15 15:29:38.423,algorand,72.43,149.94,14.477817497543407,1.0,0,0
077b84,gafam,10,fat-tree-l,diablo,hop,8,16,10,1,0,30320,24327,0,167.7,134.5,24.09,21.32,2025-07-15 16:02:33.843,algorand,72.43,149.94,13.087720759664025,1.0,0,0
077b84,gafam,7,fat-tree-l,diablo,hop,8,16,10,1,0,30320,21318,0,167.7,117.9,25.32,24.42,2025-07-15 15:37:57.828,algorand,72.43,149.94,15.305803534591766,1.0,0,0
33f133,paypal,8,fat-tree-l,diablo,hop,8,16,10,1,0,59990,56990,0,200.0,190.0,13.17,13.13,2025-07-15 17:20:38.863,algorand,141.48,193.06,23.691094191879536,1.0,0,0
33f133,paypal,3,fat-tree-l,diablo,hop,8,16,10,1,0,59990,56967,0,200.0,189.9,13.24,13.2,2025-07-15 16:30:57.265,algorand,141.48,193.06,23.069584585298575,1.0,0,0
33f133,paypal,2,fat-tree-l,diablo,hop,8,16,10,1,0,59990,56950,0,200.0,189.9,13.13,13.09,2025-07-15 16:20:44.959,algorand,141.48,193.06,21.716516218422957,1.0,0,0
33f133,paypal,1,fat-tree-l,diablo,hop,8,16,10,1,0,59990,57491,0,200.0,191.7,13.14,13.13,2025-07-15 16:10:32.692,algorand,141.48,193.06,20.34553359606139,1.0,0,0
33f133,paypal,9,fat-tree-l,diablo,hop,8,16,10,1,0,59990,57735,0,200.0,192.5,13.2,13.19,2025-07-15 17:30:30.249,algorand,141.48,193.06,16.21891205661706,1.0,0,0
33f133,paypal,4,fat-tree-l,diablo,hop,8,16,10,1,0,59990,57007,0,200.0,190.1,13.1,13.06,2025-07-15 16:41:13.484,algorand,141.48,193.06,22.326653235847548,1.0,0,0
33f133,paypal,5,fat-tree-l,diablo,hop,8,16,10,1,0,59990,56954,0,200.0,189.9,13.07,13.03,2025-07-15 16:51:04.825,algorand,141.48,193.06,24.333728531095623,1.0,0,0
33f133,paypal,6,fat-tree-l,diablo,hop,8,16,10,1,0,59990,56962,0,200.0,189.9,13.21,13.17,2025-07-15 17:00:56.172,algorand,141.48,193.06,23.036245927952002,1.0,0,0
33f133,paypal,10,fat-tree-l,diablo,hop,8,16,10,1,0,59990,56984,0,200.0,190.0,13.31,13.27,2025-07-15 17:40:21.680,algorand,141.48,193.06,18.527548107406606,1.0,0,0
33f133,paypal,7,fat-tree-l,diablo,hop,8,16,10,1,0,59990,57679,0,200.0,192.3,13.07,13.06,2025-07-15 17:10:47.506,algorand,141.48,193.06,23.293776396012042,1.0,0,0
d691d9,football,8,fat-tree-l,diablo,hop,8,16,10,1,0,4056130,3138,0,25717.0,19.9,17.66,17.6,2025-07-15 22:33:50.938,algorand,1849.9,2342.06,11.071870987001525,1.0,0,0
d691d9,football,3,fat-tree-l,diablo,hop,8,16,10,1,0,4056130,70,0,30070.4,0.5,25.21,20.28,2025-07-15 21:25:01.886,algorand,1849.9,2342.06,10.905739918191383,1.0,0,0
d691d9,football,2,fat-tree-l,diablo,hop,8,16,10,1,0,4056130,27410,0,25816.6,174.5,65.24,72.83,2025-07-15 21:11:40.520,algorand,1849.9,2342.06,10.407183925077291,1.0,0,0
d691d9,football,1,fat-tree-l,diablo,hop,8,16,10,1,0,4056130,3264,0,26242.6,21.1,20.43,17.52,2025-07-15 20:57:57.233,algorand,1849.9,2342.06,10.00389617462082,1.0,0,0
d691d9,football,9,fat-tree-l,diablo,hop,8,16,10,1,0,4056130,28921,0,29609.7,211.1,56.44,69.44,2025-07-15 22:47:25.749,algorand,1849.9,2342.06,10.151479288664897,1.0,0,0
d691d9,football,4,fat-tree-l,diablo,hop,8,16,10,1,0,4056130,10829,0,27615.1,73.7,63.89,73.38,2025-07-15 21:38:50.332,algorand,1849.9,2342.06,10.201558851477916,1.0,0,0
d691d9,football,5,fat-tree-l,diablo,hop,8,16,10,1,0,4056130,5973,0,29742.8,43.8,40.11,18.36,2025-07-15 21:52:28.217,algorand,1849.9,2342.06,6.80822369510856,1.0,0,0
d691d9,football,6,fat-tree-l,diablo,hop,8,16,10,1,0,4056130,3118,0,31308.6,24.1,16.53,16.33,2025-07-15 22:06:26.834,algorand,1849.9,2342.06,7.978774947848668,1.0,0,0
d691d9,football,10,fat-tree-l,diablo,hop,8,16,10,1,0,4056130,14078,0,30286.4,105.1,64.02,73.75,2025-07-15 23:00:57.372,algorand,1849.9,2342.06,8.082973667406755,1.0,0,0
d691d9,football,7,fat-tree-l,diablo,hop,8,16,10,1,0,4056130,697,0,26604.7,4.6,22.78,23.42,2025-07-15 22:19:57.733,algorand,1849.9,2342.06,9.259506330570542,1.0,0,0
da3003,football,1,full-mesh,diablo,hop,8,16,10,1,0,4056130,3909,0,16961.0,16.3,18.31,16.62,2024-06-03 08:15:42.778,algorand,354.73,389.9,8.820154801894208,1.0,0,0
da3003,football,2,full-mesh,diablo,hop,8,16,10,1,0,4056130,48397,0,23812.3,284.1,56.73,62.18,2024-06-03 08:30:06.011,algorand,354.73,389.9,12.216986436209885,1.0,0,0
006ce6,visa,1,full-mesh,diablo,hop,8,16,10,1,0,540000,168866,0,1776.9,555.7,14.69,13.96,2024-06-03 07:32:05.754,algorand,61.35,62.53,36.251302391188794,1.0,0,0
006ce6,visa,2,full-mesh,diablo,hop,8,16,10,1,0,540000,166614,0,1774.1,547.4,14.94,14.04,2024-06-03 07:42:24.848,algorand,61.35,62.53,18.41015841487185,1.0,0,0
a91dc1,paypal,1,full-mesh,diablo,hop,8,16,10,1,0,59990,57933,0,200.0,193.1,11.76,11.72,2024-06-03 06:54:53.838,algorand,14.71,14.93,17.289096857915037,1.0,0,0
a91dc1,paypal,2,full-mesh,diablo,hop,8,16,10,1,0,59990,57219,0,200.0,190.8,11.71,11.71,2024-06-03 07:05:09.439,algorand,14.71,14.93,22.89198067819479,1.0,0,0
132372,dota,1,full-mesh,diablo,hop,8,16,10,1,0,3678700,86109,0,11627.4,272.2,87.32,78.63,2024-06-03 08:43:03.011,algorand,151.57,162.15,28.81449506391334,1.0,0,0
132372,dota,2,full-mesh,diablo,hop,8,16,10,1,0,3678700,86109,0,11627.4,272.2,87.32,78.63,2024-06-03 08:57:49.501,algorand,151.57,162.15,14.779346098859863,1.0,0,0
4a7a6d,gafam,1,full-mesh,diablo,hop,8,16,10,1,0,30320,29099,0,167.7,160.9,21.82,16.06,2024-06-03 07:15:31.726,algorand,43.69,44.51,18.020866987431187,1.0,0,0
4a7a6d,gafam,2,full-mesh,diablo,hop,8,16,10,1,0,30320,29606,0,167.7,163.7,22.18,16.04,2024-06-03 07:23:52.003,algorand,43.69,44.51,20.584355922256652,1.0,0,0
db6902,10000,1,full-mesh,diablo,hop,8,16,10,1,0,1199990,106132,0,9049.7,800.4,35.89,30.81,2024-06-03 07:53:05.164,algorand,223.45,225.77,5.894807037847093,1.0,0,0
db6902,10000,2,full-mesh,diablo,hop,8,16,10,1,0,1199990,95775,0,9771.5,779.9,26.55,24.11,2024-06-03 08:01:30.646,algorand,223.45,225.77,6.273941390326816,1.0,0,0
692b32,visa,6,full-mesh,diablo,hop,8,16,10,1,0,540000,163164,0,1786.8,539.9,14.92,14.07,2025-06-23 15:48:02.477,algorand,339.24,369.38,28.586725484599057,1.0,0,0
692b32,visa,2,full-mesh,diablo,hop,8,16,10,1,0,540000,165377,0,1785.1,546.7,14.62,14.02,2025-06-23 15:07:30.487,algorand,339.24,369.38,19.277757144711167,1.0,0,0
692b32,visa,5,full-mesh,diablo,hop,8,16,10,1,0,540000,167189,0,1764.9,546.4,14.92,14.13,2025-06-23 15:38:05.655,algorand,339.24,369.38,25.68202174821396,1.0,0,0
692b32,visa,3,full-mesh,diablo,hop,8,16,10,1,0,540000,164953,0,1781.6,544.2,14.88,14.07,2025-06-23 15:17:49.151,algorand,339.24,369.38,17.25481968309122,1.0,0,0
692b32,visa,10,full-mesh,diablo,hop,8,16,10,1,0,540000,165281,0,1784.5,546.2,15.18,14.1,2025-06-23 16:28:11.942,algorand,339.24,369.38,19.945400678050042,1.0,0,0
692b32,visa,1,full-mesh,diablo,hop,8,16,10,1,0,540000,170003,0,1789.0,563.2,14.69,14.06,2025-06-23 14:57:33.471,algorand,339.24,369.38,23.957099264001982,1.0,0,0
692b32,visa,7,full-mesh,diablo,hop,8,16,10,1,0,540000,163508,0,1786.2,540.8,15.09,14.11,2025-06-23 15:57:59.884,algorand,339.24,369.38,22.914656266365267,1.0,0,0
692b32,visa,4,full-mesh,diablo,hop,8,16,10,1,0,540000,188777,0,1775.5,620.7,20.04,16.35,2025-06-23 15:28:08.175,algorand,339.24,369.38,22.87537242831236,1.0,0,0
692b32,visa,9,full-mesh,diablo,hop,8,16,10,1,0,540000,169759,0,1793.0,563.7,15.05,14.07,2025-06-23 16:17:53.841,algorand,339.24,369.38,26.254669097241656,1.0,0,0
692b32,visa,8,full-mesh,diablo,hop,8,16,10,1,0,540000,162704,0,1786.0,538.1,14.88,14.06,2025-06-23 16:07:56.576,algorand,339.24,369.38,23.385256792312966,1.0,0,0
cd67ac,dota,6,full-mesh,diablo,hop,8,16,10,1,0,3678700,79892,0,12002.5,260.7,78.13,62.56,2025-06-23 21:28:59.210,algorand,834.05,1021.95,22.25590424848129,1.0,0,0
cd67ac,dota,2,full-mesh,diablo,hop,8,16,10,1,0,3678700,68582,0,12524.3,233.5,69.64,66.82,2025-06-23 20:34:29.859,algorand,834.05,1021.95,21.62392671014865,1.0,0,0
cd67ac,dota,5,full-mesh,diablo,hop,8,16,10,1,0,3678700,102886,0,12644.8,353.7,72.02,52.66,2025-06-23 21:15:25.741,algorand,834.05,1021.95,21.07254618409862,1.0,0,0
cd67ac,dota,3,full-mesh,diablo,hop,8,16,10,1,0,3678700,85101,0,11860.5,274.4,81.47,74.05,2025-06-23 20:47:46.165,algorand,834.05,1021.95,18.62289533160552,1.0,0,0
cd67ac,dota,10,full-mesh,diablo,hop,8,16,10,1,0,3678700,89133,0,12935.8,313.4,71.76,69.42,2025-06-23 22:23:08.943,algorand,834.05,1021.95,17.557412462387145,1.0,0,0
cd67ac,dota,1,full-mesh,diablo,hop,8,16,10,1,0,3678700,76946,0,13224.9,276.6,82.53,82.73,2025-06-23 20:20:49.231,algorand,834.05,1021.95,28.585113323385485,1.0,0,0
cd67ac,dota,7,full-mesh,diablo,hop,8,16,10,1,0,3678700,56229,0,12496.6,191.0,83.82,89.55,2025-06-23 21:42:19.363,algorand,834.05,1021.95,23.216645005498634,1.0,0,0
cd67ac,dota,4,full-mesh,diablo,hop,8,16,10,1,0,3678700,77122,0,12539.1,262.9,74.03,67.97,2025-06-23 21:01:28.750,algorand,834.05,1021.95,17.47424540873854,1.0,0,0
cd67ac,dota,9,full-mesh,diablo,hop,8,16,10,1,0,3678700,53400,0,13318.3,193.3,59.04,49.9,2025-06-23 22:09:30.657,algorand,834.05,1021.95,17.362677676487987,1.0,0,0
cd67ac,dota,8,full-mesh,diablo,hop,8,16,10,1,0,3678700,97407,0,12225.1,323.7,84.31,80.11,2025-06-23 21:55:52.569,algorand,834.05,1021.95,24.280006378862122,1.0,0,0
925131,gafam,6,full-mesh,diablo,hop,8,16,10,1,0,30320,27859,0,167.7,154.1,24.06,21.08,2025-06-23 12:36:48.765,algorand,64.24,101.39,12.55486667551073,1.0,0,0
925131,gafam,2,full-mesh,diablo,hop,8,16,10,1,0,30320,14716,0,167.7,81.4,15.14,13.14,2025-06-23 12:04:20.896,algorand,64.24,101.39,16.46443443116479,1.0,0,0
925131,gafam,5,full-mesh,diablo,hop,8,16,10,1,0,30320,29467,0,167.7,163.0,20.96,16.55,2025-06-23 12:28:36.429,algorand,64.24,101.39,11.774105917558249,1.0,0,0
925131,gafam,3,full-mesh,diablo,hop,8,16,10,1,0,30320,29396,0,167.7,162.6,19.81,16.72,2025-06-23 12:12:41.416,algorand,64.24,101.39,15.191270406467961,1.0,0,0
925131,gafam,10,full-mesh,diablo,hop,8,16,10,1,0,30320,28827,0,167.7,159.4,22.47,16.78,2025-06-23 13:09:37.190,algorand,64.24,101.39,16.814133153453298,1.0,0,0
925131,gafam,1,full-mesh,diablo,hop,8,16,10,1,0,30320,27716,0,167.7,153.3,22.6,20.96,2025-06-23 11:56:05.444,algorand,64.24,101.39,16.494687771381795,1.0,0,0
925131,gafam,7,full-mesh,diablo,hop,8,16,10,1,0,30320,21397,0,167.7,118.3,23.13,21.45,2025-06-23 12:45:08.844,algorand,64.24,101.39,10.493971548462723,1.0,0,0
925131,gafam,4,full-mesh,diablo,hop,8,16,10,1,0,30320,28537,0,167.7,157.8,20.86,16.81,2025-06-23 12:20:45.173,algorand,64.24,101.39,16.331657186373384,1.0,0,0
925131,gafam,9,full-mesh,diablo,hop,8,16,10,1,0,30320,28821,0,167.7,159.4,22.15,16.7,2025-06-23 13:01:24.793,algorand,64.24,101.39,13.889951682702012,1.0,0,0
925131,gafam,8,full-mesh,diablo,hop,8,16,10,1,0,30320,20591,0,167.7,113.9,17.58,16.21,2025-06-23 12:53:20.966,algorand,64.24,101.39,13.453461397057387,1.0,0,0
7092eb,football,6,full-mesh,diablo,hop,8,16,10,1,0,4056130,21563,0,28551.5,151.8,54.79,69.09,2025-06-23 19:12:42.937,algorand,1819.35,2065.08,9.464920468897724,1.0,0,0
7092eb,football,2,full-mesh,diablo,hop,8,16,10,1,0,4056130,8525,0,12756.7,26.8,34.14,17.34,2025-06-23 18:17:41.060,algorand,1819.35,2065.08,9.691382586834061,1.0,0,0
7092eb,football,5,full-mesh,diablo,hop,8,16,10,1,0,4056130,31046,0,26373.1,201.9,59.78,69.19,2025-06-23 18:59:02.138,algorand,1819.35,2065.08,10.499931174967132,1.0,0,0
7092eb,football,3,full-mesh,diablo,hop,8,16,10,1,0,4056130,20329,0,26614.4,133.4,45.1,28.76,2025-06-23 18:31:12.187,algorand,1819.35,2065.08,7.887970461974981,1.0,0,0
7092eb,football,10,full-mesh,diablo,hop,8,16,10,1,0,4056130,390,0,29541.0,2.8,13.98,13.92,2025-06-23 20:07:23.560,algorand,1819.35,2065.08,10.45187192223563,1.0,0,0
7092eb,football,1,full-mesh,diablo,hop,8,16,10,1,0,4056130,8834,0,29190.4,63.6,50.33,63.51,2025-06-23 18:04:02.843,algorand,1819.35,2065.08,10.644053522387242,1.0,0,0
7092eb,football,7,full-mesh,diablo,hop,8,16,10,1,0,4056130,46368,0,29326.6,335.2,64.08,74.5,2025-06-23 19:26:21.631,algorand,1819.35,2065.08,10.00957383512313,1.0,0,0
7092eb,football,4,full-mesh,diablo,hop,8,16,10,1,0,4056130,22444,0,30558.4,169.1,47.06,66.3,2025-06-23 18:45:05.939,algorand,1819.35,2065.08,8.655630575033143,1.0,0,0
7092eb,football,9,full-mesh,diablo,hop,8,16,10,1,0,4056130,14433,0,26817.8,95.4,44.71,20.73,2025-06-23 19:53:45.342,algorand,1819.35,2065.08,8.555398890775807,1.0,0,0
7092eb,football,8,full-mesh,diablo,hop,8,16,10,1,0,4056130,15523,0,29318.9,112.2,51.93,77.94,2025-06-23 19:39:50.953,algorand,1819.35,2065.08,5.589063267161218,1.0,0,0
42a61c,paypal,6,full-mesh,diablo,hop,8,16,10,1,0,59990,57328,0,200.0,191.1,11.68,11.68,2025-06-23 14:07:41.122,algorand,132.32,158.26,21.910325128146273,1.0,0,0
42a61c,paypal,2,full-mesh,diablo,hop,8,16,10,1,0,59990,58009,0,200.0,193.4,11.8,11.77,2025-06-23 13:27:32.864,algorand,132.32,158.26,29.43148582037963,1.0,0,0
42a61c,paypal,5,full-mesh,diablo,hop,8,16,10,1,0,59990,57298,0,200.0,191.0,11.72,11.72,2025-06-23 13:57:28.572,algorand,132.32,158.26,16.40727349680542,1.0,0,0
42a61c,paypal,3,full-mesh,diablo,hop,8,16,10,1,0,59990,57273,0,200.0,190.9,11.72,11.71,2025-06-23 13:37:24.379,algorand,132.32,158.26,23.592764561194898,1.0,0,0
42a61c,paypal,10,full-mesh,diablo,hop,8,16,10,1,0,59990,58036,0,200.0,193.5,11.83,11.79,2025-06-23 14:47:07.467,algorand,132.32,158.26,23.703353873118147,1.0,0,0
42a61c,paypal,1,full-mesh,diablo,hop,8,16,10,1,0,59990,58012,0,200.0,193.4,11.82,11.78,2025-06-23 13:17:41.265,algorand,132.32,158.26,27.47328138690282,1.0,0,0
42a61c,paypal,7,full-mesh,diablo,hop,8,16,10,1,0,59990,58029,0,200.0,193.5,11.74,11.7,2025-06-23 14:17:32.691,algorand,132.32,158.26,22.147213715121477,1.0,0,0
42a61c,paypal,4,full-mesh,diablo,hop,8,16,10,1,0,59990,57331,0,200.0,191.1,11.68,11.68,2025-06-23 13:47:37.008,algorand,132.32,158.26,19.95150913762483,1.0,0,0
42a61c,paypal,9,full-mesh,diablo,hop,8,16,10,1,0,59990,58008,0,200.0,193.4,11.82,11.78,2025-06-23 14:37:15.842,algorand,132.32,158.26,24.629913760360722,1.0,0,0
42a61c,paypal,8,full-mesh,diablo,hop,8,16,10,1,0,59990,57260,0,200.0,190.9,11.71,11.71,2025-06-23 14:27:24.244,algorand,132.32,158.26,22.49284039450557,1.0,0,0
a1cf33,10000,6,full-mesh,diablo,hop,8,16,10,1,0,1199990,98988,0,9241.8,762.4,27.16,22.88,2025-06-23 17:18:50.400,algorand,1169.13,1238.61,8.274737124201026,1.0,0,0
a1cf33,10000,2,full-mesh,diablo,hop,8,16,10,1,0,1199990,90130,0,9769.1,733.7,33.47,31.84,2025-06-23 16:46:31.600,algorand,1169.13,1238.61,8.978347122595705,1.0,0,0
a1cf33,10000,5,full-mesh,diablo,hop,8,16,10,1,0,1199990,102842,0,9478.5,812.3,29.8,28.74,2025-06-23 17:10:45.504,algorand,1169.13,1238.61,9.48995427710742,1.0,0,0
a1cf33,10000,3,full-mesh,diablo,hop,8,16,10,1,0,1199990,103972,0,9807.3,849.7,30.83,23.62,2025-06-23 16:54:36.401,algorand,1169.13,1238.61,11.115083364645281,1.0,0,0
a1cf33,10000,10,full-mesh,diablo,hop,8,16,10,1,0,1199990,91544,0,9979.8,761.3,22.84,18.85,2025-06-23 17:51:35.292,algorand,1169.13,1238.61,10.315293831943816,1.0,0,0
a1cf33,10000,1,full-mesh,diablo,hop,8,16,10,1,0,1199990,107495,0,9206.6,824.7,31.33,22.95,2025-06-23 16:38:27.632,algorand,1169.13,1238.61,9.201573199590312,1.0,0,0
a1cf33,10000,7,full-mesh,diablo,hop,8,16,10,1,0,1199990,100616,0,9383.4,786.8,31.12,26.71,2025-06-23 17:27:19.486,algorand,1169.13,1238.61,10.315833556896026,1.0,0,0
a1cf33,10000,4,full-mesh,diablo,hop,8,16,10,1,0,1199990,104102,0,9091.3,788.7,26.68,21.36,2025-06-23 17:02:41.547,algorand,1169.13,1238.61,11.819289671600943,1.0,0,0
a1cf33,10000,9,full-mesh,diablo,hop,8,16,10,1,0,1199990,93356,0,9709.3,755.4,35.18,26.22,2025-06-23 17:43:29.128,algorand,1169.13,1238.61,10.000209085757122,1.0,0,0
a1cf33,10000,8,full-mesh,diablo,hop,8,16,10,1,0,1199990,106984,0,9406.8,838.7,31.16,25.72,2025-06-23 17:35:23.692,algorand,1169.13,1238.61,9.507668890764585,1.0,0,0
0c4488,visa,2,hypercube,diablo,hop,8,16,10,1,0,540000,162247,0,1787.7,537.1,15.08,14.32,2024-06-03 17:24:16.601,algorand,64.58,73.07,21.177978784651003,1.0,0,0
0c4488,visa,1,hypercube,diablo,hop,8,16,10,1,0,540000,173021,0,1781.9,570.9,15.77,14.41,2024-06-03 17:13:54.939,algorand,64.58,73.07,21.625653033655517,1.0,0,0
a814c0,10000,2,hypercube,diablo,hop,8,16,10,1,0,1199990,90017,0,9533.2,715.1,32.75,30.43,2024-06-03 17:42:57.656,algorand,234.39,254.73,12.971104022622036,1.0,0,0
a814c0,10000,1,hypercube,diablo,hop,8,16,10,1,0,1199990,92177,0,9535.1,732.4,31.25,27.06,2024-06-03 17:34:51.542,algorand,234.39,254.73,12.367277068538938,1.0,0,0
03a733,dota,2,hypercube,diablo,hop,8,16,10,1,0,3678700,50688,0,12260.6,168.9,67.95,60.88,2024-06-03 18:36:42.903,algorand,163.71,196.28,21.56404085119589,1.0,0,0
03a733,dota,1,hypercube,diablo,hop,8,16,10,1,0,3678700,70126,0,11763.2,224.2,81.02,70.76,2024-06-03 18:22:56.722,algorand,163.71,196.28,24.041150516716904,1.0,0,0
e79640,gafam,2,hypercube,diablo,hop,8,16,10,1,0,30320,24758,0,167.7,136.9,23.74,16.71,2024-06-03 17:05:38.002,algorand,47.4,57.4,13.110234213064656,1.0,0,0
e79640,gafam,1,hypercube,diablo,hop,8,16,10,1,0,30320,23064,0,167.7,127.6,19.23,16.98,2024-06-03 16:57:34.259,algorand,47.4,57.4,12.176594916379758,1.0,0,0
7459b0,football,2,hypercube,diablo,hop,8,16,10,1,0,4056130,12765,0,29502.7,92.8,54.62,82.74,2024-06-03 18:09:51.094,algorand,357.56,376.76,9.511676293109659,1.0,0,0
7459b0,football,1,hypercube,diablo,hop,8,16,10,1,0,4056130,6485,0,30468.1,48.7,17.5,14.91,2024-06-03 17:55:44.586,algorand,357.56,376.76,6.15431869470624,1.0,0,0
670737,paypal,2,hypercube,diablo,hop,8,16,10,1,0,59990,57920,0,200.0,193.1,11.89,11.89,2024-06-03 16:47:05.553,algorand,16.16,16.39,16.734308649480987,1.0,0,0
670737,paypal,1,hypercube,diablo,hop,8,16,10,1,0,59990,57979,0,200.0,193.3,11.9,11.9,2024-06-03 16:36:53.331,algorand,16.16,16.39,21.571403940524302,1.0,0,0
d3f495,visa,6,hypercube,diablo,hop,8,16,10,1,0,540000,163888,0,1791.6,543.7,15.16,14.32,2025-07-12 16:33:27.072,algorand,357.7,422.23,23.080018417740792,1.0,0,0
d3f495,visa,2,hypercube,diablo,hop,8,16,10,1,0,540000,164398,0,1792.7,545.8,15.8,14.26,2025-07-12 15:53:38.054,algorand,357.7,422.23,20.79426327172674,1.0,0,0
d3f495,visa,5,hypercube,diablo,hop,8,16,10,1,0,540000,170928,0,1789.4,566.4,15.45,14.31,2025-07-12 16:23:29.335,algorand,357.7,422.23,20.711798650559768,1.0,0,0
d3f495,visa,3,hypercube,diablo,hop,8,16,10,1,0,540000,170868,0,1771.1,560.4,15.28,14.26,2025-07-12 16:03:35.231,algorand,357.7,422.23,20.06558340914142,1.0,0,0
d3f495,visa,10,hypercube,diablo,hop,8,16,10,1,0,540000,174142,0,1784.0,575.3,19.85,14.12,2025-07-12 17:13:41.314,algorand,357.7,422.23,18.82163830896023,1.0,0,0
d3f495,visa,1,hypercube,diablo,hop,8,16,10,1,0,540000,169556,0,1765.6,554.4,14.9,14.3,2025-07-12 15:43:19.464,algorand,357.7,422.23,21.65396210469016,1.0,0,0
d3f495,visa,7,hypercube,diablo,hop,8,16,10,1,0,540000,164389,0,1765.3,537.4,15.56,14.33,2025-07-12 16:43:24.573,algorand,357.7,422.23,21.79760190178407,1.0,0,0
d3f495,visa,4,hypercube,diablo,hop,8,16,10,1,0,540000,164090,0,1794.7,545.4,15.0,14.25,2025-07-12 16:13:32.635,algorand,357.7,422.23,23.390756432369738,1.0,0,0
d3f495,visa,9,hypercube,diablo,hop,8,16,10,1,0,540000,168714,0,1770.4,553.1,14.86,14.23,2025-07-12 17:03:19.158,algorand,357.7,422.23,27.15356297713684,1.0,0,0
d3f495,visa,8,hypercube,diablo,hop,8,16,10,1,0,540000,164367,0,1800.0,547.9,15.46,14.26,2025-07-12 16:53:21.816,algorand,357.7,422.23,27.247707666230543,1.0,0,0
a50647,dota,6,hypercube,diablo,hop,8,16,10,1,0,3678700,49372,0,12177.5,163.4,83.3,81.73,2025-07-12 22:14:15.512,algorand,860.01,1115.15,26.804221423337594,1.0,0,0
a50647,dota,2,hypercube,diablo,hop,8,16,10,1,0,3678700,81395,0,12488.6,276.3,78.69,66.5,2025-07-12 21:20:13.460,algorand,860.01,1115.15,13.50773534966192,1.0,0,0
a50647,dota,5,hypercube,diablo,hop,8,16,10,1,0,3678700,84050,0,12173.5,278.1,94.67,90.16,2025-07-12 22:00:50.821,algorand,860.01,1115.15,25.897780897385843,1.0,0,0
a50647,dota,3,hypercube,diablo,hop,8,16,10,1,0,3678700,62306,0,13218.5,223.9,75.0,63.65,2025-07-12 21:33:36.769,algorand,860.01,1115.15,20.4933229622513,1.0,0,0
a50647,dota,10,hypercube,diablo,hop,8,16,10,1,0,3678700,96388,0,12562.9,329.2,92.33,79.08,2025-07-12 23:09:02.936,algorand,860.01,1115.15,22.513953317102043,1.0,0,0
a50647,dota,1,hypercube,diablo,hop,8,16,10,1,0,3678700,91901,0,13080.3,326.8,86.22,73.5,2025-07-12 21:06:37.139,algorand,860.01,1115.15,22.146734602432492,1.0,0,0
a50647,dota,7,hypercube,diablo,hop,8,16,10,1,0,3678700,53309,0,12808.2,185.6,57.37,47.12,2025-07-12 22:27:53.867,algorand,860.01,1115.15,15.048337349230707,1.0,0,0
a50647,dota,4,hypercube,diablo,hop,8,16,10,1,0,3678700,44997,0,12270.9,150.1,68.98,67.3,2025-07-12 21:47:10.959,algorand,860.01,1115.15,20.631725249524354,1.0,0,0
a50647,dota,9,hypercube,diablo,hop,8,16,10,1,0,3678700,59207,0,13220.1,212.8,67.03,54.51,2025-07-12 22:55:21.505,algorand,860.01,1115.15,18.419778751979493,1.0,0,0
a50647,dota,8,hypercube,diablo,hop,8,16,10,1,0,3678700,90324,0,11841.1,290.7,96.81,82.22,2025-07-12 22:41:33.733,algorand,860.01,1115.15,19.931016268807628,1.0,0,0
2cd6d1,gafam,6,hypercube,diablo,hop,8,16,10,1,0,30320,19110,0,167.7,105.7,24.52,21.25,2025-07-12 13:22:39.269,algorand,75.44,168.01,15.768093164665613,1.0,0,0
2cd6d1,gafam,2,hypercube,diablo,hop,8,16,10,1,0,30320,8245,0,167.7,45.6,17.72,17.01,2025-07-12 12:49:39.543,algorand,75.44,168.01,11.297785922902941,1.0,0,0
2cd6d1,gafam,5,hypercube,diablo,hop,8,16,10,1,0,30320,21913,0,167.7,121.2,20.62,21.59,2025-07-12 13:14:16.297,algorand,75.44,168.01,14.396207752783171,1.0,0,0
2cd6d1,gafam,3,hypercube,diablo,hop,8,16,10,1,0,30320,19669,0,167.7,108.8,19.08,17.2,2025-07-12 12:57:51.776,algorand,75.44,168.01,13.509422738676756,1.0,0,0
2cd6d1,gafam,10,hypercube,diablo,hop,8,16,10,1,0,30320,27667,0,167.7,153.0,22.35,21.08,2025-07-12 13:55:20.285,algorand,75.44,168.01,14.382732553169383,1.0,0,0
2cd6d1,gafam,1,hypercube,diablo,hop,8,16,10,1,0,30320,28228,0,167.7,156.1,20.74,17.59,2025-07-12 12:41:35.805,algorand,75.44,168.01,10.0301281947453,1.0,0,0
2cd6d1,gafam,7,hypercube,diablo,hop,8,16,10,1,0,30320,28960,0,167.7,160.2,21.58,16.55,2025-07-12 13:30:43.420,algorand,75.44,168.01,16.15144571536093,1.0,0,0
2cd6d1,gafam,4,hypercube,diablo,hop,8,16,10,1,0,30320,22282,0,167.7,123.2,18.6,16.85,2025-07-12 13:06:03.984,algorand,75.44,168.01,12.015150596341362,1.0,0,0
2cd6d1,gafam,9,hypercube,diablo,hop,8,16,10,1,0,30320,24710,0,167.7,136.7,20.99,17.28,2025-07-12 13:47:15.829,algorand,75.44,168.01,15.37851522710621,1.0,0,0
2cd6d1,gafam,8,hypercube,diablo,hop,8,16,10,1,0,30320,8182,0,167.7,45.3,17.38,21.17,2025-07-12 13:39:03.503,algorand,75.44,168.01,18.02591804796351,1.0,0,0
50a76b,football,6,hypercube,diablo,hop,8,16,10,1,0,4056130,26014,0,28827.8,184.9,55.06,72.11,2025-07-12 19:58:40.657,algorand,1878.21,2215.33,7.871905235963923,1.0,0,0
50a76b,football,2,hypercube,diablo,hop,8,16,10,1,0,4056130,23453,0,29877.3,172.8,51.01,72.06,2025-07-12 19:03:48.812,algorand,1878.21,2215.33,6.8957224973131,1.0,0,0
50a76b,football,5,hypercube,diablo,hop,8,16,10,1,0,4056130,12178,0,20963.0,62.9,67.64,71.82,2025-07-12 19:45:04.048,algorand,1878.21,2215.33,12.553009351447535,1.0,0,0
50a76b,football,3,hypercube,diablo,hop,8,16,10,1,0,4056130,24556,0,24550.5,148.6,45.34,35.53,2025-07-12 19:17:38.439,algorand,1878.21,2215.33,8.790878412082462,1.0,0,0
50a76b,football,10,hypercube,diablo,hop,8,16,10,1,0,4056130,14183,0,26588.0,93.0,49.29,70.58,2025-07-12 20:53:27.537,algorand,1878.21,2215.33,11.32514230888978,1.0,0,0
50a76b,football,1,hypercube,diablo,hop,8,16,10,1,0,4056130,4090,0,29673.8,29.9,14.81,14.56,2025-07-12 18:50:11.437,algorand,1878.21,2215.33,5.649053517159379,1.0,0,0
50a76b,football,7,hypercube,diablo,hop,8,16,10,1,0,4056130,22632,0,29893.5,166.8,53.56,72.67,2025-07-12 20:12:30.097,algorand,1878.21,2215.33,8.445140484717836,1.0,0,0
50a76b,football,4,hypercube,diablo,hop,8,16,10,1,0,4056130,24033,0,24873.5,147.4,55.61,31.51,2025-07-12 19:31:06.221,algorand,1878.21,2215.33,10.623353385432473,1.0,0,0
50a76b,football,9,hypercube,diablo,hop,8,16,10,1,0,4056130,7647,0,30253.0,57.0,36.68,20.83,2025-07-12 20:39:45.195,algorand,1878.21,2215.33,8.141802371576512,1.0,0,0
50a76b,football,8,hypercube,diablo,hop,8,16,10,1,0,4056130,24623,0,30481.5,185.0,58.65,68.84,2025-07-12 20:26:02.454,algorand,1878.21,2215.33,9.197801339917621,1.0,0,0
e7717b,paypal,6,hypercube,diablo,hop,8,16,10,1,0,59990,57755,0,200.0,192.5,11.95,11.91,2025-07-12 14:53:23.678,algorand,145.77,206.27,24.11829164244652,1.0,0,0
e7717b,paypal,2,hypercube,diablo,hop,8,16,10,1,0,59990,57980,0,200.0,193.3,11.88,11.88,2025-07-12 14:13:36.127,algorand,145.77,206.27,23.223935960307198,1.0,0,0
e7717b,paypal,5,hypercube,diablo,hop,8,16,10,1,0,59990,57921,0,200.0,193.1,11.9,11.89,2025-07-12 14:43:32.056,algorand,145.77,206.27,23.52280936608142,1.0,0,0
e7717b,paypal,3,hypercube,diablo,hop,8,16,10,1,0,59990,57967,0,200.0,193.3,11.83,11.83,2025-07-12 14:23:27.721,algorand,145.77,206.27,24.044066345455285,1.0,0,0
e7717b,paypal,10,hypercube,diablo,hop,8,16,10,1,0,59990,57928,0,200.0,193.1,11.85,11.85,2025-07-12 15:32:50.021,algorand,145.77,206.27,22.725885320468947,1.0,0,0
e7717b,paypal,1,hypercube,diablo,hop,8,16,10,1,0,59990,57770,0,200.0,192.6,11.93,11.89,2025-07-12 14:03:23.765,algorand,145.77,206.27,20.3011416149206,1.0,0,0
e7717b,paypal,7,hypercube,diablo,hop,8,16,10,1,0,59990,57796,0,200.0,192.7,11.95,11.91,2025-07-12 15:03:15.201,algorand,145.77,206.27,22.02837858052634,1.0,0,0
e7717b,paypal,4,hypercube,diablo,hop,8,16,10,1,0,59990,57724,0,200.0,192.4,12.05,12.02,2025-07-12 14:33:19.317,algorand,145.77,206.27,21.402878419670362,1.0,0,0
e7717b,paypal,9,hypercube,diablo,hop,8,16,10,1,0,59990,57996,0,200.0,193.4,11.85,11.84,2025-07-12 15:22:58.374,algorand,145.77,206.27,23.650484582334983,1.0,0,0
e7717b,paypal,8,hypercube,diablo,hop,8,16,10,1,0,59990,57772,0,200.0,192.6,11.95,11.91,2025-07-12 15:13:06.772,algorand,145.77,206.27,19.46485600933455,1.0,0,0
e18d14,10000,6,hypercube,diablo,hop,8,16,10,1,0,1199990,95427,0,9273.7,737.5,29.14,25.04,2025-07-12 18:04:41.400,algorand,1233.43,1388.52,11.010090868477587,1.0,0,0
e18d14,10000,2,hypercube,diablo,hop,8,16,10,1,0,1199990,106272,0,9410.1,833.4,34.62,30.6,2025-07-12 17:32:22.292,algorand,1233.43,1388.52,8.227625366960536,1.0,0,0
e18d14,10000,5,hypercube,diablo,hop,8,16,10,1,0,1199990,90996,0,9309.6,706.0,30.34,26.3,2025-07-12 17:56:36.186,algorand,1233.43,1388.52,10.09724719925832,1.0,0,0
e18d14,10000,3,hypercube,diablo,hop,8,16,10,1,0,1199990,99775,0,9240.5,768.3,34.59,32.95,2025-07-12 17:40:26.888,algorand,1233.43,1388.52,9.269301602255698,1.0,0,0
e18d14,10000,10,hypercube,diablo,hop,8,16,10,1,0,1199990,100531,0,9968.4,835.1,33.92,29.68,2025-07-12 18:37:42.281,algorand,1233.43,1388.52,11.671006610465945,1.0,0,0
e18d14,10000,1,hypercube,diablo,hop,8,16,10,1,0,1199990,100608,0,9463.4,793.4,31.2,21.52,2025-07-12 17:24:16.799,algorand,1233.43,1388.52,9.572871090279673,1.0,0,0
e18d14,10000,7,hypercube,diablo,hop,8,16,10,1,0,1199990,94099,0,9986.0,783.1,35.2,33.66,2025-07-12 18:12:45.979,algorand,1233.43,1388.52,12.793457441474368,1.0,0,0
e18d14,10000,4,hypercube,diablo,hop,8,16,10,1,0,1199990,92356,0,9676.1,744.7,35.41,28.69,2025-07-12 17:48:31.588,algorand,1233.43,1388.52,10.133944399029957,1.0,0,0
e18d14,10000,9,hypercube,diablo,hop,8,16,10,1,0,1199990,97853,0,9257.3,754.9,29.99,28.1,2025-07-12 18:29:16.183,algorand,1233.43,1388.52,11.837558199546889,1.0,0,0
e18d14,10000,8,hypercube,diablo,hop,8,16,10,1,0,1199990,100960,0,9489.5,798.4,27.21,20.42,2025-07-12 18:20:50.670,algorand,1233.43,1388.52,14.80282390701194,1.0,0,0
7ef328,gafam,1,scale-free-l,diablo,hop,8,16,10,1,0,30320,26331,0,167.7,145.6,31.72,29.2,2024-05-27 15:42:43.851,algorand,25.16,25.49,16.38748756944871,1.0,0,0
028f97,10000,1,scale-free-l,diablo,hop,8,16,10,1,0,1199990,72342,0,9243.8,557.3,37.27,31.56,2024-05-27 16:01:05.426,algorand,125.81,125.81,10.444922856943275,1.0,0,0
39f177,paypal,1,scale-free-l,diablo,hop,8,16,10,1,0,59990,57159,0,200.0,190.6,15.4,15.36,2024-05-27 15:32:11.967,algorand,11.34,11.44,21.15694752598562,1.0,0,0
cd64be,dota,1,scale-free-l,diablo,hop,8,16,10,1,0,3678700,22928,0,13200.5,82.3,94.62,102.07,2024-05-27 16:28:03.888,algorand,89.03,135.21,18.35374113860503,1.0,0,0
492cdf,visa,1,scale-free-l,diablo,hop,8,16,10,1,0,540000,140620,0,1782.8,464.3,22.31,19.12,2024-05-27 15:50:50.016,algorand,33.68,34.17,21.812712767459193,1.0,0,0
c49694,football,1,scale-free-l,diablo,hop,8,16,10,1,0,4056130,3608,0,20431.7,18.2,34.2,27.76,2024-05-27 16:14:36.783,algorand,189.53,200.79,9.495509631508789,1.0,0,0
602191,football,1,scale-free-l,diablo,hop,8,16,10,1,0,4056130,21418,0,26394.9,139.4,74.75,73.95,2024-06-03 10:44:05.619,algorand,384.1,591.25,9.456126390414548,1.0,0,0
0a7e73,visa,1,scale-free-l,diablo,hop,8,16,10,1,0,540000,155457,0,1778.7,512.1,23.58,19.4,2024-06-03 09:58:33.649,algorand,70.97,101.88,25.742719001924492,1.0,0,0
0a7e73,visa,2,scale-free-l,diablo,hop,8,16,10,1,0,540000,149481,0,1778.2,492.2,25.04,19.48,2024-06-03 10:08:53.667,algorand,70.97,101.88,24.033085341444348,1.0,0,0
3c74c1,paypal,1,scale-free-l,diablo,hop,8,16,10,1,0,59990,57093,0,200.0,190.3,15.09,15.08,2024-06-03 09:21:23.641,algorand,17.01,17.11,17.89200698968584,1.0,0,0
3c74c1,paypal,2,scale-free-l,diablo,hop,8,16,10,1,0,59990,57071,0,200.0,190.3,15.34,15.34,2024-06-03 09:31:40.464,algorand,17.01,17.11,20.50810961416746,1.0,0,0
ca94f8,dota,1,scale-free-l,diablo,hop,8,16,10,1,0,3678700,66583,0,12008.7,217.4,106.36,99.78,2024-06-03 11:09:22.120,algorand,165.04,269.65,21.90261332116509,1.0,0,0
ca94f8,dota,2,scale-free-l,diablo,hop,8,16,10,1,0,3678700,66583,0,12008.7,217.4,106.36,99.78,2024-06-03 11:24:12.489,algorand,165.04,269.65,20.58530814668522,1.0,0,0
17b05a,gafam,1,scale-free-l,diablo,hop,8,16,10,1,0,30320,12696,0,167.7,70.2,31.58,34.74,2024-06-03 09:42:13.747,algorand,54.58,89.74,16.667495531412815,1.0,0,0
17b05a,gafam,2,scale-free-l,diablo,hop,8,16,10,1,0,30320,7751,0,167.7,42.9,29.11,28.95,2024-06-03 09:50:15.303,algorand,54.58,89.74,18.954103833760946,1.0,0,0
8f749d,10000,1,scale-free-l,diablo,hop,8,16,10,1,0,1199990,82288,0,9144.9,627.1,38.54,35.93,2024-06-03 10:19:33.861,algorand,250.74,326.86,8.105877706196212,1.0,0,0
8f749d,10000,2,scale-free-l,diablo,hop,8,16,10,1,0,1199990,69123,0,9079.0,523.0,38.38,34.66,2024-06-03 10:28:00.058,algorand,250.74,326.86,10.203405684876076,1.0,0,0
d462bf,football,2,scale-free-l,diablo,hop,8,16,10,1,0,4056130,9678,0,27823.0,66.4,39.69,38.6,2024-06-12 09:35:01.001,algorand,55.34,50.82,10.602474962733092,1.0,0,0
d462bf,football,1,scale-free-l,diablo,hop,8,16,10,1,0,4056130,2762,0,29832.8,20.3,23.45,22.99,2024-06-12 09:21:05.406,algorand,55.34,50.82,11.367031436908734,1.0,0,0
5b025b,football,2,scale-free-l,diablo,hop,8,16,10,1,0,4056130,6368,0,30006.6,47.1,90.45,84.71,2024-06-14 06:58:14.690,algorand,79.7,213.11,8.990134922438738,1.0,0,0
c30450,football,1,scale-free-l,diablo,hop,8,16,10,1,0,4056130,20641,0,27042.3,137.6,57.11,73.57,2024-06-14 09:35:01.298,algorand,64.99,95.39,9.027522296555892,1.0,0,0
c30450,football,2,scale-free-l,diablo,hop,8,16,10,1,0,4056130,24506,0,27862.6,168.3,65.2,64.36,2024-06-14 09:49:06.877,algorand,64.99,95.39,10.961906992216049,1.0,0,0
27038d,gafam,9,scale-free-l,diablo,hop,8,16,10,1,0,30320,7884,0,167.7,43.6,22.41,18.32,2025-06-24 12:59:01.739,algorand,86.35,256.68,15.89286781533372,1.0,0,0
27038d,gafam,6,scale-free-l,diablo,hop,8,16,10,1,0,30320,18607,0,167.7,102.9,25.44,22.78,2025-06-24 12:34:24.550,algorand,86.35,256.68,15.799259738597318,1.0,0,0
27038d,gafam,4,scale-free-l,diablo,hop,8,16,10,1,0,30320,18126,0,167.7,100.2,26.19,24.07,2025-06-24 12:18:15.969,algorand,86.35,256.68,14.338390297838345,1.0,0,0
27038d,gafam,7,scale-free-l,diablo,hop,8,16,10,1,0,30320,21168,0,167.7,117.1,26.02,23.7,2025-06-24 12:42:37.147,algorand,86.35,256.68,16.410050967662507,1.0,0,0
27038d,gafam,3,scale-free-l,diablo,hop,8,16,10,1,0,30320,10168,0,167.6,56.2,29.18,35.05,2025-06-24 12:10:03.251,algorand,86.35,256.68,11.292632314971351,1.0,0,0
27038d,gafam,5,scale-free-l,diablo,hop,8,16,10,1,0,30320,2612,0,167.7,14.4,18.84,17.39,2025-06-24 12:25:55.066,algorand,86.35,256.68,14.678848161724188,1.0,0,0
27038d,gafam,1,scale-free-l,diablo,hop,8,16,10,1,0,30320,12915,0,167.7,71.4,29.18,28.68,2025-06-24 11:53:38.547,algorand,86.35,256.68,13.79012419989965,1.0,0,0
27038d,gafam,8,scale-free-l,diablo,hop,8,16,10,1,0,30320,12867,0,167.7,71.2,26.62,29.31,2025-06-24 12:50:49.489,algorand,86.35,256.68,18.902261401723703,1.0,0,0
27038d,gafam,2,scale-free-l,diablo,hop,8,16,10,1,0,30320,21472,0,167.7,118.8,25.68,23.86,2025-06-24 12:01:50.961,algorand,86.35,256.68,14.929774216318512,1.0,0,0
27038d,gafam,10,scale-free-l,diablo,hop,8,16,10,1,0,30320,12961,0,167.7,71.7,27.01,28.91,2025-06-24 13:07:14.499,algorand,86.35,256.68,12.078449078210168,1.0,0,0
f71d90,paypal,9,scale-free-l,diablo,hop,8,16,10,1,0,59990,57242,0,200.0,190.8,15.41,15.37,2025-06-24 14:35:06.755,algorand,160.07,278.14,19.454026079275252,1.0,0,0
f71d90,paypal,6,scale-free-l,diablo,hop,8,16,10,1,0,59990,57259,0,200.0,190.9,15.36,15.33,2025-06-24 14:05:09.523,algorand,160.07,278.14,27.547348970682364,1.0,0,0
f71d90,paypal,4,scale-free-l,diablo,hop,8,16,10,1,0,59990,57065,0,200.0,190.2,15.15,15.15,2025-06-24 13:45:25.719,algorand,160.07,278.14,20.37598002576393,1.0,0,0
f71d90,paypal,7,scale-free-l,diablo,hop,8,16,10,1,0,59990,57243,0,200.0,190.8,15.44,15.4,2025-06-24 14:15:01.553,algorand,160.07,278.14,23.130084399310437,1.0,0,0
f71d90,paypal,3,scale-free-l,diablo,hop,8,16,10,1,0,59990,57201,0,200.0,190.7,15.26,15.22,2025-06-24 13:35:12.668,algorand,160.07,278.14,19.559279918196726,1.0,0,0
f71d90,paypal,5,scale-free-l,diablo,hop,8,16,10,1,0,59990,57229,0,200.0,190.8,15.44,15.41,2025-06-24 13:55:17.673,algorand,160.07,278.14,24.777245428182972,1.0,0,0
f71d90,paypal,1,scale-free-l,diablo,hop,8,16,10,1,0,59990,57059,0,200.0,190.2,15.27,15.26,2025-06-24 13:15:07.849,algorand,160.07,278.14,21.977179415678517,1.0,0,0
f71d90,paypal,8,scale-free-l,diablo,hop,8,16,10,1,0,59990,57231,0,200.0,190.8,15.36,15.32,2025-06-24 14:25:14.672,algorand,160.07,278.14,20.80586728491088,1.0,0,0
f71d90,paypal,2,scale-free-l,diablo,hop,8,16,10,1,0,59990,57185,0,200.0,190.6,15.16,15.11,2025-06-24 13:25:20.776,algorand,160.07,278.14,19.40349541771152,1.0,0,0
f71d90,paypal,10,scale-free-l,diablo,hop,8,16,10,1,0,59990,57092,0,200.0,190.3,15.19,15.18,2025-06-24 14:44:58.791,algorand,160.07,278.14,19.797550233047886,1.0,0,0
43fd7d,dota,9,scale-free-l,diablo,hop,8,16,10,1,0,3678700,70371,0,11814.0,226.0,104.05,95.79,2025-06-24 22:08:44.572,algorand,909.19,1422.55,22.19533547937362,1.0,0,0
43fd7d,dota,6,scale-free-l,diablo,hop,8,16,10,1,0,3678700,59759,0,12095.4,196.5,115.86,111.98,2025-06-24 21:28:10.528,algorand,909.19,1422.55,14.621328370222036,1.0,0,0
43fd7d,dota,4,scale-free-l,diablo,hop,8,16,10,1,0,3678700,31640,0,13318.8,114.6,114.56,103.53,2025-06-24 21:00:44.280,algorand,909.19,1422.55,24.21037829769443,1.0,0,0
43fd7d,dota,7,scale-free-l,diablo,hop,8,16,10,1,0,3678700,51198,0,13328.5,185.5,115.98,110.34,2025-06-24 21:41:38.658,algorand,909.19,1422.55,19.045699846571246,1.0,0,0
43fd7d,dota,3,scale-free-l,diablo,hop,8,16,10,1,0,3678700,23415,0,11655.7,74.2,108.05,104.81,2025-06-24 20:47:29.577,algorand,909.19,1422.55,22.737026556702297,1.0,0,0
43fd7d,dota,5,scale-free-l,diablo,hop,8,16,10,1,0,3678700,48886,0,13328.5,177.1,103.41,108.61,2025-06-24 21:14:35.078,algorand,909.19,1422.55,21.98007689550456,1.0,0,0
43fd7d,dota,1,scale-free-l,diablo,hop,8,16,10,1,0,3678700,21624,0,13291.1,78.1,125.5,121.27,2025-06-24 20:19:55.016,algorand,909.19,1422.55,20.60461305271379,1.0,0,0
43fd7d,dota,8,scale-free-l,diablo,hop,8,16,10,1,0,3678700,44607,0,13328.0,161.6,88.66,75.89,2025-06-24 21:55:16.746,algorand,909.19,1422.55,25.698714472217738,1.0,0,0
43fd7d,dota,2,scale-free-l,diablo,hop,8,16,10,1,0,3678700,28632,0,11627.7,90.5,107.75,96.36,2025-06-24 20:33:42.542,algorand,909.19,1422.55,23.458840749756586,1.0,0,0
a745d0,visa,9,scale-free-l,diablo,hop,8,16,10,1,0,540000,149341,0,1771.1,489.8,24.12,19.32,2025-06-24 16:16:25.347,algorand,365.13,485.99,23.377226457794976,1.0,0,0
a745d0,visa,6,scale-free-l,diablo,hop,8,16,10,1,0,540000,153410,0,1789.4,508.4,23.09,19.78,2025-06-24 15:46:28.818,algorand,365.13,485.99,23.066096431559117,1.0,0,0
a745d0,visa,4,scale-free-l,diablo,hop,8,16,10,1,0,540000,137445,0,1784.3,454.1,26.87,19.66,2025-06-24 15:26:04.507,algorand,365.13,485.99,21.88342369621904,1.0,0,0
a745d0,visa,7,scale-free-l,diablo,hop,8,16,10,1,0,540000,154996,0,1791.3,514.2,23.6,20.27,2025-06-24 15:56:27.059,algorand,365.13,485.99,16.606020865078865,1.0,0,0
a745d0,visa,3,scale-free-l,diablo,hop,8,16,10,1,0,540000,144584,0,1788.3,478.8,26.97,22.52,2025-06-24 15:15:44.989,algorand,365.13,485.99,26.71476277129327,1.0,0,0
a745d0,visa,5,scale-free-l,diablo,hop,8,16,10,1,0,540000,141325,0,1792.7,469.2,24.03,20.14,2025-06-24 15:36:03.150,algorand,365.13,485.99,23.82200885913211,1.0,0,0
a745d0,visa,1,scale-free-l,diablo,hop,8,16,10,1,0,540000,154149,0,1770.4,505.4,26.46,17.97,2025-06-24 14:55:05.188,algorand,365.13,485.99,22.23687618094602,1.0,0,0
a745d0,visa,8,scale-free-l,diablo,hop,8,16,10,1,0,540000,142421,0,1759.4,464.0,27.13,22.22,2025-06-24 16:06:26.191,algorand,365.13,485.99,22.05154180257619,1.0,0,0
a745d0,visa,2,scale-free-l,diablo,hop,8,16,10,1,0,540000,141262,0,1800.0,470.9,31.99,21.53,2025-06-24 15:05:24.264,algorand,365.13,485.99,24.529190632203257,1.0,0,0
a745d0,visa,10,scale-free-l,diablo,hop,8,16,10,1,0,540000,150828,0,1800.0,502.8,26.24,22.61,2025-06-24 16:26:24.227,algorand,365.13,485.99,26.455144952768446,1.0,0,0
5628bd,football,9,scale-free-l,diablo,hop,8,16,10,1,0,4056130,10688,0,29789.2,78.5,47.34,63.97,2025-06-24 19:52:40.409,algorand,1978.31,2646.83,8.870742010359471,1.0,0,0
5628bd,football,6,scale-free-l,diablo,hop,8,16,10,1,0,4056130,10410,0,30099.0,77.2,50.85,48.12,2025-06-24 19:11:35.223,algorand,1978.31,2646.83,8.477779779161494,1.0,0,0
5628bd,football,4,scale-free-l,diablo,hop,8,16,10,1,0,4056130,1991,0,19491.5,9.6,28.6,28.82,2025-06-24 18:44:39.214,algorand,1978.31,2646.83,8.660793124393209,1.0,0,0
5628bd,football,7,scale-free-l,diablo,hop,8,16,10,1,0,4056130,7096,0,21044.0,36.8,37.24,34.83,2025-06-24 19:25:23.854,algorand,1978.31,2646.83,10.040942023888297,1.0,0,0
5628bd,football,3,scale-free-l,diablo,hop,8,16,10,1,0,4056130,31663,0,29488.3,230.2,67.28,72.98,2025-06-24 18:30:57.551,algorand,1978.31,2646.83,9.477048258683153,1.0,0,0
5628bd,football,5,scale-free-l,diablo,hop,8,16,10,1,0,4056130,18396,0,25850.0,117.2,76.77,71.68,2025-06-24 18:58:10.131,algorand,1978.31,2646.83,7.973587292524978,1.0,0,0
5628bd,football,1,scale-free-l,diablo,hop,8,16,10,1,0,4056130,15568,0,29286.2,112.4,49.48,68.89,2025-06-24 18:03:41.979,algorand,1978.31,2646.83,9.67353773895031,1.0,0,0
5628bd,football,8,scale-free-l,diablo,hop,8,16,10,1,0,4056130,3024,0,24364.9,18.2,43.67,29.31,2025-06-24 19:39:07.690,algorand,1978.31,2646.83,8.332071744763208,1.0,0,0
5628bd,football,2,scale-free-l,diablo,hop,8,16,10,1,0,4056130,8775,0,28495.0,61.6,49.96,33.52,2025-06-24 18:17:07.180,algorand,1978.31,2646.83,11.59488760131541,1.0,0,0
5628bd,football,10,scale-free-l,diablo,hop,8,16,10,1,0,4056130,13421,0,29680.6,98.2,65.01,70.87,2025-06-24 20:06:24.033,algorand,1978.31,2646.83,9.453441890182884,1.0,0,0
f2fd13,10000,9,scale-free-l,diablo,hop,8,16,10,1,0,1199990,79901,0,9246.3,615.7,43.31,39.52,2025-06-24 17:41:52.192,algorand,1263.72,1557.49,11.609593976527137,1.0,0,0
f2fd13,10000,6,scale-free-l,diablo,hop,8,16,10,1,0,1199990,74976,0,9429.0,589.1,42.28,37.25,2025-06-24 17:17:35.005,algorand,1263.72,1557.49,7.674215915485622,1.0,0,0
f2fd13,10000,4,scale-free-l,diablo,hop,8,16,10,1,0,1199990,86356,0,9054.1,651.6,36.92,30.42,2025-06-24 17:01:02.223,algorand,1263.72,1557.49,10.262292531894309,1.0,0,0
f2fd13,10000,7,scale-free-l,diablo,hop,8,16,10,1,0,1199990,64917,0,9565.9,517.5,39.84,36.51,2025-06-24 17:25:39.388,algorand,1263.72,1557.49,8.970583321050789,1.0,0,0
f2fd13,10000,3,scale-free-l,diablo,hop,8,16,10,1,0,1199990,84055,0,9296.4,651.2,40.27,34.72,2025-06-24 16:52:53.747,algorand,1263.72,1557.49,8.121640597258331,1.0,0,0
f2fd13,10000,5,scale-free-l,diablo,hop,8,16,10,1,0,1199990,80659,0,9616.4,646.4,40.32,34.85,2025-06-24 17:09:07.745,algorand,1263.72,1557.49,9.259438965424957,1.0,0,0
f2fd13,10000,1,scale-free-l,diablo,hop,8,16,10,1,0,1199990,76718,0,9763.1,624.2,37.94,36.53,2025-06-24 16:36:40.347,algorand,1263.72,1557.49,13.020502773133323,1.0,0,0
f2fd13,10000,8,scale-free-l,diablo,hop,8,16,10,1,0,1199990,82941,0,9591.9,663.0,35.45,30.25,2025-06-24 17:33:45.009,algorand,1263.72,1557.49,10.908396647442272,1.0,0,0
f2fd13,10000,2,scale-free-l,diablo,hop,8,16,10,1,0,1199990,82927,0,9742.4,673.3,40.33,35.63,2025-06-24 16:44:47.393,algorand,1263.72,1557.49,12.208921860643242,1.0,0,0
f2fd13,10000,10,scale-free-l,diablo,hop,8,16,10,1,0,1199990,77373,0,9746.0,628.4,38.68,34.86,2025-06-24 17:49:58.287,algorand,1263.72,1557.49,12.237779649008425,1.0,0,0
90ad7f,10000,1,torus-l,diablo,hop,8,16,10,1,0,1199990,100667,0,9223.7,773.8,28.61,24.74,2024-06-03 12:43:50.303,algorand,240.91,242.82,9.52035205829439,1.0,0,0
90ad7f,10000,2,torus-l,diablo,hop,8,16,10,1,0,1199990,100920,0,9589.6,806.5,29.88,23.67,2024-06-03 12:52:15.002,algorand,240.91,242.82,8.867659701122028,1.0,0,0
c0dfe2,football,1,torus-l,diablo,hop,8,16,10,1,0,4056130,25020,0,30990.2,191.2,62.23,71.29,2024-06-03 13:05:30.612,algorand,376.77,419.15,9.356766629270039,1.0,0,0
c0dfe2,football,2,torus-l,diablo,hop,8,16,10,1,0,4056130,27018,0,29671.6,197.6,48.86,31.41,2024-06-03 13:19:37.695,algorand,376.77,419.15,8.81448610486138,1.0,0,0
95064c,dota,1,torus-l,diablo,hop,8,16,10,1,0,3678700,84321,0,12548.3,287.6,80.02,66.44,2024-06-03 13:32:49.999,algorand,168.55,188.42,24.400538858694524,1.0,0,0
95064c,dota,2,torus-l,diablo,hop,8,16,10,1,0,3678700,93715,0,12078.3,307.7,83.23,75.23,2024-06-03 13:46:44.188,algorand,168.55,188.42,22.737450347903152,1.0,0,0
2e586c,gafam,1,torus-l,diablo,hop,8,16,10,1,0,30320,26481,0,167.7,146.5,24.15,18.3,2024-06-03 12:06:37.532,algorand,47.21,47.95,18.83839848210332,1.0,0,0
2e586c,gafam,2,torus-l,diablo,hop,8,16,10,1,0,30320,27519,0,167.7,152.2,22.72,18.32,2024-06-03 12:14:41.482,algorand,47.21,47.95,13.49102283469398,1.0,0,0
aa03c0,visa,1,torus-l,diablo,hop,8,16,10,1,0,540000,162226,0,1791.5,538.2,15.43,14.67,2024-06-03 12:22:56.912,algorand,64.52,65.6,25.627045743820833,1.0,0,0
aa03c0,visa,2,torus-l,diablo,hop,8,16,10,1,0,540000,162404,0,1766.2,531.2,15.64,14.62,2024-06-03 12:33:14.983,algorand,64.52,65.6,20.560124576035214,1.0,0,0
0d9f93,paypal,1,torus-l,diablo,hop,8,16,10,1,0,59990,57215,0,200.0,190.7,12.29,12.25,2024-06-03 11:46:17.317,algorand,15.3,15.47,21.9013787006271,1.0,0,0
0d9f93,paypal,2,torus-l,diablo,hop,8,16,10,1,0,59990,57152,0,200.0,190.5,12.24,12.2,2024-06-03 11:56:29.487,algorand,15.3,15.47,24.786306694653078,1.0,0,0
f16bf4,gafam,5,torus-l,diablo,hop,8,16,10,1,0,30320,23763,0,167.7,131.4,23.24,22.82,2025-06-25 12:34:19.690,algorand,74.02,151.1,14.149519686635543,1.0,0,0
f16bf4,gafam,2,torus-l,diablo,hop,8,16,10,1,0,30320,27017,0,167.7,149.4,22.47,22.58,2025-06-25 12:09:36.331,algorand,74.02,151.1,12.141059961278225,1.0,0,0
f16bf4,gafam,1,torus-l,diablo,hop,8,16,10,1,0,30320,19009,0,167.7,105.1,23.53,22.66,2025-06-25 12:01:23.710,algorand,74.02,151.1,11.561839682411398,1.0,0,0
f16bf4,gafam,9,torus-l,diablo,hop,8,16,10,1,0,30320,24588,0,167.7,136.0,23.63,18.19,2025-06-25 13:06:28.937,algorand,74.02,151.1,17.37792234413324,1.0,0,0
f16bf4,gafam,7,torus-l,diablo,hop,8,16,10,1,0,30320,26705,0,167.7,147.7,23.27,22.74,2025-06-25 12:50:01.625,algorand,74.02,151.1,17.221440601901815,1.0,0,0
f16bf4,gafam,6,torus-l,diablo,hop,8,16,10,1,0,30320,10922,0,167.7,60.4,19.39,18.3,2025-06-25 12:42:02.654,algorand,74.02,151.1,15.063329995175915,1.0,0,0
f16bf4,gafam,3,torus-l,diablo,hop,8,16,10,1,0,30320,27021,0,167.7,149.4,22.07,18.56,2025-06-25 12:17:55.467,algorand,74.02,151.1,11.006715056535471,1.0,0,0
f16bf4,gafam,10,torus-l,diablo,hop,8,16,10,1,0,30320,24128,0,167.7,133.4,23.0,22.1,2025-06-25 13:14:19.866,algorand,74.02,151.1,14.43553110833222,1.0,0,0
f16bf4,gafam,4,torus-l,diablo,hop,8,16,10,1,0,30320,5468,0,167.7,30.2,28.1,22.72,2025-06-25 12:26:07.440,algorand,74.02,151.1,13.681323789571385,1.0,0,0
f16bf4,gafam,8,torus-l,diablo,hop,8,16,10,1,0,30320,27241,0,167.7,150.7,22.53,18.04,2025-06-25 12:58:17.165,algorand,74.02,151.1,14.417623033142933,1.0,0,0
8625d6,visa,5,torus-l,diablo,hop,8,16,10,1,0,540000,160563,0,1765.6,525.0,15.8,14.73,2025-06-25 15:43:07.691,algorand,360.66,414.88,23.857181636037907,1.0,0,0
8625d6,visa,2,torus-l,diablo,hop,8,16,10,1,0,540000,164466,0,1774.8,540.6,16.13,14.84,2025-06-25 15:13:16.193,algorand,360.66,414.88,21.762723668367933,1.0,0,0
8625d6,visa,1,torus-l,diablo,hop,8,16,10,1,0,540000,163559,0,1781.6,539.6,15.63,14.7,2025-06-25 15:03:19.846,algorand,360.66,414.88,21.639831151128714,1.0,0,0
8625d6,visa,9,torus-l,diablo,hop,8,16,10,1,0,540000,163295,0,1782.0,538.9,15.54,14.69,2025-06-25 16:23:39.112,algorand,360.66,414.88,20.195326186789224,1.0,0,0
8625d6,visa,7,torus-l,diablo,hop,8,16,10,1,0,540000,159854,0,1764.8,522.4,15.42,14.68,2025-06-25 16:03:23.611,algorand,360.66,414.88,21.318349069185135,1.0,0,0
8625d6,visa,6,torus-l,diablo,hop,8,16,10,1,0,540000,163536,0,1776.0,537.9,15.75,14.66,2025-06-25 15:53:25.869,algorand,360.66,414.88,20.590252117682788,1.0,0,0
8625d6,visa,3,torus-l,diablo,hop,8,16,10,1,0,540000,159612,0,1766.0,522.0,15.83,14.72,2025-06-25 15:23:13.798,algorand,360.66,414.88,25.42043808242471,1.0,0,0
8625d6,visa,10,torus-l,diablo,hop,8,16,10,1,0,540000,159766,0,1787.6,528.9,15.68,14.72,2025-06-25 16:33:35.330,algorand,360.66,414.88,25.558188178823332,1.0,0,0
8625d6,visa,4,torus-l,diablo,hop,8,16,10,1,0,540000,161912,0,1768.3,530.2,15.57,14.7,2025-06-25 15:33:10.907,algorand,360.66,414.88,23.74623671845261,1.0,0,0
8625d6,visa,8,torus-l,diablo,hop,8,16,10,1,0,540000,164645,0,1765.2,538.2,22.96,14.86,2025-06-25 16:13:42.134,algorand,360.66,414.88,18.90985942837048,1.0,0,0
af0f1c,paypal,5,torus-l,diablo,hop,8,16,10,1,0,59990,57155,0,200.0,190.5,12.35,12.32,2025-06-25 14:03:09.560,algorand,146.95,197.49,25.546440257907378,1.0,0,0
af0f1c,paypal,2,torus-l,diablo,hop,8,16,10,1,0,59990,57199,0,200.0,190.7,12.25,12.22,2025-06-25 13:32:27.336,algorand,146.95,197.49,21.59729829809111,1.0,0,0
af0f1c,paypal,1,torus-l,diablo,hop,8,16,10,1,0,59990,57162,0,200.0,190.6,12.29,12.25,2025-06-25 13:22:15.081,algorand,146.95,197.49,20.002353270416577,1.0,0,0
af0f1c,paypal,9,torus-l,diablo,hop,8,16,10,1,0,59990,57557,0,200.0,191.9,12.17,12.16,2025-06-25 14:43:01.196,algorand,146.95,197.49,22.408361434567077,1.0,0,0
af0f1c,paypal,7,torus-l,diablo,hop,8,16,10,1,0,59990,57475,0,200.0,191.6,12.17,12.17,2025-06-25 14:22:52.273,algorand,146.95,197.49,22.868770894289394,1.0,0,0
af0f1c,paypal,6,torus-l,diablo,hop,8,16,10,1,0,59990,57509,0,200.0,191.7,12.24,12.23,2025-06-25 14:13:00.959,algorand,146.95,197.49,25.16814251777022,1.0,0,0
af0f1c,paypal,3,torus-l,diablo,hop,8,16,10,1,0,59990,57246,0,200.0,190.9,12.26,12.22,2025-06-25 13:42:39.579,algorand,146.95,197.49,21.193019473011105,1.0,0,0
af0f1c,paypal,10,torus-l,diablo,hop,8,16,10,1,0,59990,57501,0,200.0,191.7,12.18,12.18,2025-06-25 14:52:52.596,algorand,146.95,197.49,19.153180685804138,1.0,0,0
af0f1c,paypal,4,torus-l,diablo,hop,8,16,10,1,0,59990,57260,0,200.0,190.9,12.29,12.25,2025-06-25 13:52:56.955,algorand,146.95,197.49,22.699962258565286,1.0,0,0
af0f1c,paypal,8,torus-l,diablo,hop,8,16,10,1,0,59990,57240,0,200.0,190.8,12.26,12.22,2025-06-25 14:33:09.759,algorand,146.95,197.49,23.043945229173147,1.0,0,0
d4bb3f,10000,5,torus-l,diablo,hop,8,16,10,1,0,1199990,95485,0,9999.8,795.7,34.48,29.78,2025-06-25 17:16:09.381,algorand,1241.77,1370.43,12.943469560499775,1.0,0,0
d4bb3f,10000,2,torus-l,diablo,hop,8,16,10,1,0,1199990,97944,0,9521.6,777.2,25.58,20.05,2025-06-25 16:51:57.376,algorand,1241.77,1370.43,10.340751414872852,1.0,0,0
d4bb3f,10000,1,torus-l,diablo,hop,8,16,10,1,0,1199990,99071,0,9499.0,784.2,27.28,25.22,2025-06-25 16:43:50.085,algorand,1241.77,1370.43,10.717088934782813,1.0,0,0
d4bb3f,10000,9,torus-l,diablo,hop,8,16,10,1,0,1199990,101202,0,9404.2,793.1,25.11,21.42,2025-06-25 17:48:48.086,algorand,1241.77,1370.43,9.762557870561498,1.0,0,0
d4bb3f,10000,7,torus-l,diablo,hop,8,16,10,1,0,1199990,101246,0,9294.3,784.2,29.66,22.33,2025-06-25 17:32:16.491,algorand,1241.77,1370.43,10.030877163271724,1.0,0,0
d4bb3f,10000,6,torus-l,diablo,hop,8,16,10,1,0,1199990,87162,0,9319.3,676.9,33.57,28.97,2025-06-25 17:24:13.497,algorand,1241.77,1370.43,9.426800711062656,1.0,0,0
d4bb3f,10000,3,torus-l,diablo,hop,8,16,10,1,0,1199990,87942,0,9412.1,689.8,34.9,30.07,2025-06-25 16:59:59.914,algorand,1241.77,1370.43,12.17147874006734,1.0,0,0
d4bb3f,10000,10,torus-l,diablo,hop,8,16,10,1,0,1199990,90707,0,9759.3,737.7,37.46,27.49,2025-06-25 17:56:53.424,algorand,1241.77,1370.43,10.005640088827299,1.0,0,0
d4bb3f,10000,4,torus-l,diablo,hop,8,16,10,1,0,1199990,92058,0,9239.2,708.8,33.0,26.87,2025-06-25 17:08:04.445,algorand,1241.77,1370.43,11.493528771977928,1.0,0,0
d4bb3f,10000,8,torus-l,diablo,hop,8,16,10,1,0,1199990,97090,0,9729.9,787.2,27.32,25.04,2025-06-25 17:40:22.988,algorand,1241.77,1370.43,8.438203959497745,1.0,0,0
0fa950,football,5,torus-l,diablo,hop,8,16,10,1,0,4056130,22117,0,26176.9,142.7,59.88,74.81,2025-06-25 19:04:13.517,algorand,1897.91,2273.39,11.264399819351251,1.0,0,0
0fa950,football,2,torus-l,diablo,hop,8,16,10,1,0,4056130,31512,0,25537.6,198.4,50.65,70.51,2025-06-25 18:23:01.029,algorand,1897.91,2273.39,8.392676070452826,1.0,0,0
0fa950,football,1,torus-l,diablo,hop,8,16,10,1,0,4056130,17614,0,27696.3,120.3,52.21,40.67,2025-06-25 18:09:05.339,algorand,1897.91,2273.39,7.926797276672014,1.0,0,0
0fa950,football,9,torus-l,diablo,hop,8,16,10,1,0,4056130,36323,0,25225.3,225.9,40.25,39.64,2025-06-25 19:59:06.946,algorand,1897.91,2273.39,7.091104057800858,1.0,0,0
0fa950,football,7,torus-l,diablo,hop,8,16,10,1,0,4056130,10629,0,28136.2,73.7,45.8,72.12,2025-06-25 19:31:53.494,algorand,1897.91,2273.39,8.780430729577503,1.0,0,0
0fa950,football,6,torus-l,diablo,hop,8,16,10,1,0,4056130,34037,0,23851.6,200.2,54.99,71.82,2025-06-25 19:18:26.124,algorand,1897.91,2273.39,10.727207555653909,1.0,0,0
0fa950,football,3,torus-l,diablo,hop,8,16,10,1,0,4056130,15138,0,30354.5,113.3,36.26,29.52,2025-06-25 18:36:45.043,algorand,1897.91,2273.39,9.030370638368277,1.0,0,0
0fa950,football,10,torus-l,diablo,hop,8,16,10,1,0,4056130,41552,0,25764.8,263.9,62.14,71.23,2025-06-25 20:12:35.043,algorand,1897.91,2273.39,10.229384188493276,1.0,0,0
0fa950,football,4,torus-l,diablo,hop,8,16,10,1,0,4056130,565,0,30370.6,4.2,17.64,17.5,2025-06-25 18:50:14.981,algorand,1897.91,2273.39,9.515195762179628,1.0,0,0
0fa950,football,8,torus-l,diablo,hop,8,16,10,1,0,4056130,8174,0,28914.9,58.3,21.01,21.34,2025-06-25 19:45:40.222,algorand,1897.91,2273.39,6.638227877136784,1.0,0,0
dff1ae,dota,5,torus-l,diablo,hop,8,16,10,1,0,3678700,61267,0,12551.2,209.0,62.94,52.51,2025-06-25 21:20:16.860,algorand,862.01,1093.01,20.375680197561714,1.0,0,0
dff1ae,dota,2,torus-l,diablo,hop,8,16,10,1,0,3678700,86421,0,12669.9,297.6,73.89,58.94,2025-06-25 20:39:28.041,algorand,862.01,1093.01,23.65145959190472,1.0,0,0
dff1ae,dota,1,torus-l,diablo,hop,8,16,10,1,0,3678700,74385,0,12986.0,262.6,96.45,82.26,2025-06-25 20:26:08.407,algorand,862.01,1093.01,23.518496303401644,1.0,0,0
dff1ae,dota,9,torus-l,diablo,hop,8,16,10,1,0,3678700,76482,0,12961.9,269.5,81.92,70.28,2025-06-25 22:14:30.955,algorand,862.01,1093.01,20.79456120156766,1.0,0,0
dff1ae,dota,7,torus-l,diablo,hop,8,16,10,1,0,3678700,69393,0,13328.5,251.4,76.37,66.03,2025-06-25 21:47:20.627,algorand,862.01,1093.01,27.21111081534058,1.0,0,0
dff1ae,dota,6,torus-l,diablo,hop,8,16,10,1,0,3678700,82291,0,12449.7,278.5,81.85,63.45,2025-06-25 21:33:44.987,algorand,862.01,1093.01,24.61750435804574,1.0,0,0
dff1ae,dota,3,torus-l,diablo,hop,8,16,10,1,0,3678700,76460,0,12405.2,257.8,104.44,93.22,2025-06-25 20:53:06.624,algorand,862.01,1093.01,16.826750454647847,1.0,0,0
dff1ae,dota,10,torus-l,diablo,hop,8,16,10,1,0,3678700,79482,0,11814.1,255.3,93.29,76.63,2025-06-25 22:28:04.636,algorand,862.01,1093.01,20.09895330011397,1.0,0,0
dff1ae,dota,4,torus-l,diablo,hop,8,16,10,1,0,3678700,58100,0,12137.6,191.7,74.69,63.24,2025-06-25 21:06:35.830,algorand,862.01,1093.01,19.668954882671922,1.0,0,0
dff1ae,dota,8,torus-l,diablo,hop,8,16,10,1,0,3678700,74757,0,12214.2,248.2,87.4,83.84,2025-06-25 22:00:51.255,algorand,862.01,1093.01,17.887495299978443,1.0,0,0
f80d8a,football,1,torus-l,diablo,hop,8,16,10,1,0,4056130,22089,0,28693.1,156.3,56.4,71.32,2024-05-04 04:22:40.917,algorand,185.42,183.27,9.08856623354098,0.0,0,0
608883,visa,1,torus-l,diablo,hop,8,16,10,1,0,540000,166154,0,1769.2,544.4,15.75,14.6,2024-05-04 03:58:03.323,algorand,38.24,38.84,23.81895892101808,0.0,0,0
4456d8,paypal,1,torus-l,diablo,hop,8,16,10,1,0,59990,57274,0,200.0,190.9,12.08,12.07,2024-05-04 03:39:19.841,algorand,10.94,11.05,16.441176183643908,0.0,0,0
a7311b,gafam,1,torus-l,diablo,hop,8,16,10,1,0,30320,26874,0,167.7,148.6,21.66,18.76,2024-05-04 03:49:53.447,algorand,25.51,25.85,13.007236849445393,0.0,0,0
8417b6,10000,1,torus-l,diablo,hop,8,16,10,1,0,1199990,101903,0,9351.0,794.1,29.94,28.77,2024-05-04 04:08:43.188,algorand,121.95,122.88,7.325330248443449,0.0,0,0
2a9056,dota,1,torus-l,diablo,hop,8,16,10,1,0,3678700,71855,0,12210.7,238.5,86.75,85.13,2024-05-04 14:13:00.131,algorand,8.08,7.25,20.513653118926257,0.0,0,0
ff8c7a,10000,1,fat-tree-l,diablo,hop,8,16,10,4,0,1199990,53353,0,9401.4,418.0,41.97,39.42,2024-05-19 11:59:45.033,algorand,375.33,385.55,11.097230951599341,1.0,0,0
312aee,gafam,1,fat-tree-l,diablo,hop,8,16,10,4,0,30320,22604,0,167.7,125.0,43.19,29.78,2024-05-19 11:36:23.046,algorand,103.6,111.66,14.479230265984075,1.0,0,0
572656,paypal,1,fat-tree-l,diablo,hop,8,16,10,4,0,59990,57275,0,200.0,190.9,13.48,13.37,2024-05-19 11:23:39.848,algorand,44.84,44.53,21.12560285792639,1.0,0,0
a200fc,visa,1,fat-tree-l,diablo,hop,8,16,10,4,0,540000,102407,0,1766.6,335.0,32.56,20.62,2024-05-19 11:46:57.355,algorand,121.79,126.14,24.310320506067924,1.0,0,0
5fe56d,dota,1,fat-tree-l,diablo,hop,8,16,10,4,0,3678700,83765,0,12371.1,281.7,88.47,67.46,2024-05-19 12:27:10.905,algorand,258.23,282.09,21.004037092099157,1.0,0,0
956420,football,1,fat-tree-l,diablo,hop,8,16,10,4,0,4056130,13841,0,20464.1,69.8,70.17,67.92,2024-05-19 12:12:26.611,algorand,554.28,622.86,9.151706433384929,1.0,0,0
6aab9c,visa,1,full-mesh,diablo,hop,8,16,10,4,0,540000,169474,0,1795.4,563.5,20.48,18.5,2024-05-19 06:50:48.304,algorand,119.03,118.75,23.893218349779307,1.0,0,0
ee295f,paypal,1,full-mesh,diablo,hop,8,16,10,4,0,59990,57466,0,200.0,191.6,11.86,11.82,2024-05-19 06:27:25.710,algorand,41.62,41.77,19.7086670043183,1.0,0,0
0797a2,gafam,1,full-mesh,diablo,hop,8,16,10,4,0,30320,24898,0,167.7,137.7,49.9,42.93,2024-05-19 06:40:26.993,algorand,96.0,96.04,13.133707270054,1.0,0,0
42067a,dota,1,full-mesh,diablo,hop,8,16,10,4,0,3678700,31812,0,12613.2,109.1,95.61,77.72,2024-05-19 07:32:29.041,algorand,245.04,300.88,25.235813797156133,1.0,0,0
6e07d8,10000,1,full-mesh,diablo,hop,8,16,10,4,0,1199990,67477,0,9108.8,512.2,46.12,38.29,2024-05-19 07:03:35.045,algorand,382.35,380.83,8.871337288048876,1.0,0,0
66abbc,football,1,full-mesh,diablo,hop,8,16,10,4,0,4056130,10741,0,29573.6,78.3,49.8,21.83,2024-05-19 07:17:36.590,algorand,544.97,540.13,8.734684873610806,1.0,0,0
9c92ff,10000,1,hypercube,diablo,hop,8,16,10,4,0,1199990,47637,0,9211.9,365.7,51.68,51.93,2024-05-19 13:35:46.325,algorand,396.1,397.15,9.47233604374768,1.0,0,0
231887,football,1,hypercube,diablo,hop,8,16,10,4,0,4056130,13923,0,27419.6,94.1,81.25,76.9,2024-05-19 13:50:24.885,algorand,553.98,554.56,9.351081977221797,1.0,0,0
06f3f6,dota,1,hypercube,diablo,hop,8,16,10,4,0,3678700,69237,0,12145.4,228.6,78.97,60.12,2024-05-19 14:06:15.862,algorand,251.99,266.83,17.846428653405397,1.0,0,0
e0ecfd,gafam,1,hypercube,diablo,hop,8,16,10,4,0,30320,22440,0,167.7,124.1,23.17,20.06,2024-05-19 13:12:25.190,algorand,99.56,102.3,15.89940919678991,1.0,0,0
733d44,visa,1,hypercube,diablo,hop,8,16,10,4,0,540000,157077,0,1787.6,520.0,19.71,17.7,2024-05-19 13:23:00.645,algorand,129.93,131.3,26.258259182135994,1.0,0,0
c30780,paypal,1,hypercube,diablo,hop,8,16,10,4,0,59990,58026,0,200.0,193.5,12.0,11.96,2024-05-19 12:59:23.921,algorand,43.48,43.16,22.578105613187414,1.0,0,0
1e08df,10000,1,fat-tree-l,diablo,hop,8,16,10,4,0,1199990,47478,0,9731.6,385.0,43.22,30.93,2024-06-06 17:42:59.149,algorand,693.56,699.13,10.604829436273732,1.0,0,0
1e08df,10000,2,fat-tree-l,diablo,hop,8,16,10,4,0,1199990,61348,0,9999.8,511.2,38.3,32.71,2024-06-06 17:53:39.296,algorand,693.56,699.13,12.107358030282155,1.0,0,0
39ee01,football,1,fat-tree-l,diablo,hop,8,16,10,4,0,4056130,996,0,24431.1,6.0,140.79,141.79,2024-06-06 18:08:30.109,algorand,1043.85,1066.91,10.865272834262024,1.0,0,0
39ee01,football,2,fat-tree-l,diablo,hop,8,16,10,4,0,4056130,10156,0,20131.0,50.4,87.65,78.24,2024-06-06 18:24:19.692,algorand,1043.85,1066.91,6.616071011809668,1.0,0,0
bd634b,dota,1,fat-tree-l,diablo,hop,8,16,10,4,0,3678700,81827,0,11866.6,264.0,102.96,95.56,2024-06-06 18:40:22.817,algorand,461.01,467.45,20.165664161948534,1.0,0,0
bd634b,dota,2,fat-tree-l,diablo,hop,8,16,10,4,0,3678700,74185,0,12857.6,259.3,78.86,56.18,2024-06-06 18:56:41.746,algorand,461.01,467.45,22.217224279204842,1.0,0,0
31b654,gafam,1,fat-tree-l,diablo,hop,8,16,10,4,0,30320,21165,0,167.7,117.1,28.0,25.8,2024-06-06 16:56:54.320,algorand,190.94,195.87,19.924488867022447,1.0,0,0
31b654,gafam,2,fat-tree-l,diablo,hop,8,16,10,4,0,30320,24004,0,167.7,132.8,26.93,22.16,2024-06-06 17:07:20.487,algorand,190.94,195.87,14.055482545238043,1.0,0,0
1da2b4,visa,1,fat-tree-l,diablo,hop,8,16,10,4,0,540000,123277,0,1800.0,410.9,34.16,27.79,2024-06-06 17:17:40.503,algorand,208.36,212.13,18.545306631388105,1.0,0,0
1da2b4,visa,2,fat-tree-l,diablo,hop,8,16,10,4,0,540000,101394,0,1769.3,332.2,34.76,31.09,2024-06-06 17:30:13.034,algorand,208.36,212.13,21.064501617475656,1.0,0,0
349fe0,paypal,1,fat-tree-l,diablo,hop,8,16,10,4,0,59990,57298,0,200.0,191.0,13.17,13.13,2024-06-06 16:31:44.362,algorand,67.24,66.71,21.30041181515103,1.0,0,0
349fe0,paypal,2,fat-tree-l,diablo,hop,8,16,10,4,0,59990,57030,0,200.0,190.1,13.17,13.13,2024-06-06 16:44:10.943,algorand,67.24,66.71,23.3402084740957,1.0,0,0
3471d9,10000,8,fat-tree-l,diablo,hop,8,16,10,4,0,1199990,56111,0,9270.3,433.5,39.54,37.58,2025-06-26 19:31:40.782,algorand,3686.89,3813.51,7.661634293886509,1.0,0,0
3471d9,10000,3,fat-tree-l,diablo,hop,8,16,10,4,0,1199990,43886,0,9628.2,352.1,62.24,54.46,2025-06-26 18:40:50.997,algorand,3686.89,3813.51,10.516151324575903,1.0,0,0
3471d9,10000,1,fat-tree-l,diablo,hop,8,16,10,4,0,1199990,51442,0,9238.1,396.0,38.29,34.76,2025-06-26 18:20:52.410,algorand,3686.89,3813.51,8.329437454526278,1.0,0,0
3471d9,10000,5,fat-tree-l,diablo,hop,8,16,10,4,0,1199990,69776,0,9181.6,533.9,38.65,30.65,2025-06-26 19:02:11.888,algorand,3686.89,3813.51,11.68690900920384,1.0,0,0
3471d9,10000,7,fat-tree-l,diablo,hop,8,16,10,4,0,1199990,35921,0,9201.1,275.4,47.7,52.38,2025-06-26 19:20:44.379,algorand,3686.89,3813.51,10.169870014654528,1.0,0,0
3471d9,10000,2,fat-tree-l,diablo,hop,8,16,10,4,0,1199990,54758,0,9805.4,447.4,41.38,33.79,2025-06-26 18:30:08.200,algorand,3686.89,3813.51,8.54786437870797,1.0,0,0
3471d9,10000,4,fat-tree-l,diablo,hop,8,16,10,4,0,1199990,55655,0,9490.1,440.1,42.57,36.42,2025-06-26 18:51:30.984,algorand,3686.89,3813.51,12.794049733736278,1.0,0,0
3471d9,10000,10,fat-tree-l,diablo,hop,8,16,10,4,0,1199990,45845,0,9805.8,374.6,57.66,59.26,2025-06-26 19:50:14.797,algorand,3686.89,3813.51,10.037880858601115,1.0,0,0
3471d9,10000,6,fat-tree-l,diablo,hop,8,16,10,4,0,1199990,34658,0,9112.6,263.2,64.25,57.35,2025-06-26 19:11:27.797,algorand,3686.89,3813.51,11.393011557383867,1.0,0,0
3471d9,10000,9,fat-tree-l,diablo,hop,8,16,10,4,0,1199990,57424,0,9177.7,439.2,41.2,34.83,2025-06-26 19:40:56.969,algorand,3686.89,3813.51,8.276382166129311,1.0,0,0
d3848f,gafam,8,fat-tree-l,diablo,hop,8,16,10,4,0,30320,20837,0,167.7,115.2,29.09,28.79,2025-06-26 13:48:58.842,algorand,263.14,349.61,17.50148241916482,1.0,0,0
d3848f,gafam,3,fat-tree-l,diablo,hop,8,16,10,4,0,30320,12055,0,167.7,66.7,52.7,59.55,2025-06-26 12:58:12.653,algorand,263.14,349.61,10.605680162963935,1.0,0,0
d3848f,gafam,1,fat-tree-l,diablo,hop,8,16,10,4,0,30320,26167,0,167.7,144.7,31.22,30.89,2025-06-26 12:37:20.173,algorand,263.14,349.61,18.561987787990457,1.0,0,0
d3848f,gafam,5,fat-tree-l,diablo,hop,8,16,10,4,0,30320,13151,0,167.7,72.7,28.94,24.02,2025-06-26 13:19:04.838,algorand,263.14,349.61,15.744669253941936,1.0,0,0
d3848f,gafam,7,fat-tree-l,diablo,hop,8,16,10,4,0,30320,24467,0,167.7,135.3,50.1,52.47,2025-06-26 13:38:32.947,algorand,263.14,349.61,14.83223277781769,1.0,0,0
d3848f,gafam,2,fat-tree-l,diablo,hop,8,16,10,4,0,30320,23132,0,167.6,127.9,31.42,32.08,2025-06-26 12:47:39.664,algorand,263.14,349.61,15.951372335948363,1.0,0,0
d3848f,gafam,4,fat-tree-l,diablo,hop,8,16,10,4,0,30320,21260,0,167.7,117.6,29.16,31.73,2025-06-26 13:08:38.836,algorand,263.14,349.61,14.220775237142886,1.0,0,0
d3848f,gafam,10,fat-tree-l,diablo,hop,8,16,10,4,0,30320,22720,0,167.7,125.7,33.28,30.11,2025-06-26 14:09:52.047,algorand,263.14,349.61,11.077243560310654,1.0,0,0
d3848f,gafam,6,fat-tree-l,diablo,hop,8,16,10,4,0,30320,9561,0,167.7,52.9,66.34,70.9,2025-06-26 13:29:31.077,algorand,263.14,349.61,13.27365724359761,1.0,0,0
d3848f,gafam,9,fat-tree-l,diablo,hop,8,16,10,4,0,30320,9435,0,167.7,52.2,68.96,72.79,2025-06-26 13:59:25.656,algorand,263.14,349.61,12.253989592962217,1.0,0,0
5d19e3,dota,8,fat-tree-l,diablo,hop,8,16,10,4,0,3678700,88192,0,12504.5,299.8,95.63,75.11,2025-06-27 00:22:04.543,algorand,2430.33,2567.95,22.039752058376486,1.0,0,0
5d19e3,dota,3,fat-tree-l,diablo,hop,8,16,10,4,0,3678700,77353,0,11599.7,243.9,85.6,58.62,2025-06-26 23:06:37.949,algorand,2430.33,2567.95,16.024307388311893,1.0,0,0
5d19e3,dota,1,fat-tree-l,diablo,hop,8,16,10,4,0,3678700,82674,0,12135.4,272.7,108.17,96.83,2025-06-26 22:35:50.650,algorand,2430.33,2567.95,24.66172179020626,1.0,0,0
5d19e3,dota,5,fat-tree-l,diablo,hop,8,16,10,4,0,3678700,51205,0,12990.9,180.8,96.89,85.54,2025-06-26 23:35:58.926,algorand,2430.33,2567.95,25.79126780982269,1.0,0,0
5d19e3,dota,7,fat-tree-l,diablo,hop,8,16,10,4,0,3678700,42814,0,12255.4,142.6,115.91,104.43,2025-06-27 00:07:07.461,algorand,2430.33,2567.95,16.131325426657686,1.0,0,0
5d19e3,dota,2,fat-tree-l,diablo,hop,8,16,10,4,0,3678700,53729,0,12352.7,180.4,121.93,124.43,2025-06-26 22:51:45.021,algorand,2430.33,2567.95,16.450531311702946,1.0,0,0
5d19e3,dota,4,fat-tree-l,diablo,hop,8,16,10,4,0,3678700,58017,0,13235.3,208.7,89.76,66.48,2025-06-26 23:21:29.928,algorand,2430.33,2567.95,23.96313467832935,1.0,0,0
5d19e3,dota,10,fat-tree-l,diablo,hop,8,16,10,4,0,3678700,63245,0,12948.7,222.6,123.13,104.9,2025-06-27 00:51:30.565,algorand,2430.33,2567.95,20.496104379629127,1.0,0,0
5d19e3,dota,6,fat-tree-l,diablo,hop,8,16,10,4,0,3678700,74151,0,12532.7,252.6,103.87,94.64,2025-06-26 23:50:54.426,algorand,2430.33,2567.95,20.89124841434751,1.0,0,0
5d19e3,dota,9,fat-tree-l,diablo,hop,8,16,10,4,0,3678700,47272,0,12047.6,154.8,91.06,77.55,2025-06-27 00:36:45.645,algorand,2430.33,2567.95,22.054273290456806,1.0,0,0
ea2df4,visa,8,fat-tree-l,diablo,hop,8,16,10,4,0,540000,102616,0,1783.1,338.8,31.12,27.74,2025-06-26 17:47:12.305,algorand,1147.3,1201.3,20.252358187153526,1.0,0,0
ea2df4,visa,3,fat-tree-l,diablo,hop,8,16,10,4,0,540000,101951,0,1790.1,338.0,34.99,22.06,2025-06-26 16:47:17.379,algorand,1147.3,1201.3,23.179240290532476,1.0,0,0
ea2df4,visa,1,fat-tree-l,diablo,hop,8,16,10,4,0,540000,120104,0,1779.2,395.7,26.56,22.08,2025-06-26 16:23:36.142,algorand,1147.3,1201.3,17.008083065110178,1.0,0,0
ea2df4,visa,5,fat-tree-l,diablo,hop,8,16,10,4,0,540000,107027,0,1800.0,356.7,40.7,30.61,2025-06-26 17:10:59.014,algorand,1147.3,1201.3,23.072607665723577,1.0,0,0
ea2df4,visa,7,fat-tree-l,diablo,hop,8,16,10,4,0,540000,142601,0,1773.0,468.2,27.88,21.55,2025-06-26 17:34:39.507,algorand,1147.3,1201.3,22.51350267518027,1.0,0,0
ea2df4,visa,2,fat-tree-l,diablo,hop,8,16,10,4,0,540000,96628,0,1782.4,319.0,41.68,37.69,2025-06-26 16:36:09.021,algorand,1147.3,1201.3,24.27104256965278,1.0,0,0
ea2df4,visa,4,fat-tree-l,diablo,hop,8,16,10,4,0,540000,124832,0,1800.0,416.1,31.47,26.08,2025-06-26 16:59:50.283,algorand,1147.3,1201.3,27.583336464863898,1.0,0,0
ea2df4,visa,10,fat-tree-l,diablo,hop,8,16,10,4,0,540000,134311,0,1799.9,447.7,32.25,24.74,2025-06-26 18:09:29.807,algorand,1147.3,1201.3,22.418078247928737,1.0,0,0
ea2df4,visa,6,fat-tree-l,diablo,hop,8,16,10,4,0,540000,101075,0,1793.5,335.7,34.29,21.12,2025-06-26 17:23:30.890,algorand,1147.3,1201.3,16.471178807998257,1.0,0,0
ea2df4,visa,9,fat-tree-l,diablo,hop,8,16,10,4,0,540000,129787,0,1799.9,432.6,32.63,22.78,2025-06-26 17:58:21.392,algorand,1147.3,1201.3,26.863770437301728,1.0,0,0
172a7c,paypal,8,fat-tree-l,diablo,hop,8,16,10,4,0,59990,57224,0,200.0,190.8,13.37,13.33,2025-06-26 15:47:27.893,algorand,575.96,631.4,22.069447806103067,1.0,0,0
172a7c,paypal,3,fat-tree-l,diablo,hop,8,16,10,4,0,59990,57330,0,200.0,191.1,13.41,13.34,2025-06-26 14:44:55.506,algorand,575.96,631.4,24.738321513451645,1.0,0,0
172a7c,paypal,1,fat-tree-l,diablo,hop,8,16,10,4,0,59990,57105,0,200.0,190.4,13.36,13.31,2025-06-26 14:20:01.624,algorand,575.96,631.4,23.33644969134123,1.0,0,0
172a7c,paypal,5,fat-tree-l,diablo,hop,8,16,10,4,0,59990,57493,0,200.0,191.7,13.45,13.4,2025-06-26 15:10:06.380,algorand,575.96,631.4,17.106952600793473,1.0,0,0
172a7c,paypal,7,fat-tree-l,diablo,hop,8,16,10,4,0,59990,56919,0,200.0,189.8,13.19,13.15,2025-06-26 15:35:00.532,algorand,575.96,631.4,24.480031367776178,1.0,0,0
172a7c,paypal,2,fat-tree-l,diablo,hop,8,16,10,4,0,59990,57243,0,200.0,190.8,13.36,13.32,2025-06-26 14:32:28.894,algorand,575.96,631.4,22.132087063312564,1.0,0,0
172a7c,paypal,4,fat-tree-l,diablo,hop,8,16,10,4,0,59990,57483,0,200.0,191.6,13.33,13.3,2025-06-26 14:57:22.328,algorand,575.96,631.4,28.335988125033452,1.0,0,0
172a7c,paypal,10,fat-tree-l,diablo,hop,8,16,10,4,0,59990,57042,0,200.0,190.2,13.22,13.18,2025-06-26 16:10:57.907,algorand,575.96,631.4,21.38596587200273,1.0,0,0
172a7c,paypal,6,fat-tree-l,diablo,hop,8,16,10,4,0,59990,57251,0,200.0,190.9,13.31,13.27,2025-06-26 15:22:33.794,algorand,575.96,631.4,20.9543295542812,1.0,0,0
172a7c,paypal,9,fat-tree-l,diablo,hop,8,16,10,4,0,59990,57311,0,200.0,191.1,13.31,13.27,2025-06-26 15:58:30.262,algorand,575.96,631.4,26.122104484276292,1.0,0,0
b856d6,football,8,fat-tree-l,diablo,hop,8,16,10,4,0,4056130,3462,0,21215.6,18.1,53.1,72.88,2025-06-26 21:50:07.024,algorand,5380.81,5620.44,6.913473327601384,1.0,0,0
b856d6,football,3,fat-tree-l,diablo,hop,8,16,10,4,0,4056130,5158,0,21613.7,27.5,67.98,73.99,2025-06-26 20:34:27.618,algorand,5380.81,5620.44,8.791334642912002,1.0,0,0
b856d6,football,1,fat-tree-l,diablo,hop,8,16,10,4,0,4056130,17120,0,25539.9,107.8,87.48,80.69,2025-06-26 20:04:47.441,algorand,5380.81,5620.44,10.984090047342123,1.0,0,0
b856d6,football,5,fat-tree-l,diablo,hop,8,16,10,4,0,4056130,12594,0,21559.4,66.9,68.38,73.26,2025-06-26 21:04:08.167,algorand,5380.81,5620.44,8.421208261663528,1.0,0,0
b856d6,football,7,fat-tree-l,diablo,hop,8,16,10,4,0,4056130,5854,0,20861.2,30.1,119.81,131.02,2025-06-26 21:33:42.835,algorand,5380.81,5620.44,10.694790406672682,1.0,0,0
b856d6,football,2,fat-tree-l,diablo,hop,8,16,10,4,0,4056130,12138,0,25916.9,77.6,73.36,80.26,2025-06-26 20:19:23.096,algorand,5380.81,5620.44,9.948542029962315,1.0,0,0
b856d6,football,4,fat-tree-l,diablo,hop,8,16,10,4,0,4056130,12707,0,29014.9,90.9,83.47,77.48,2025-06-26 20:49:12.265,algorand,5380.81,5620.44,8.509908149740568,1.0,0,0
b856d6,football,10,fat-tree-l,diablo,hop,8,16,10,4,0,4056130,7910,0,29533.7,57.6,76.51,76.47,2025-06-26 22:19:39.812,algorand,5380.81,5620.44,10.796398196075994,1.0,0,0
b856d6,football,6,fat-tree-l,diablo,hop,8,16,10,4,0,4056130,7829,0,21177.3,40.9,59.7,77.03,2025-06-26 21:18:59.387,algorand,5380.81,5620.44,10.847090980628359,1.0,0,0
b856d6,football,9,fat-tree-l,diablo,hop,8,16,10,4,0,4056130,2528,0,27229.0,17.0,62.25,63.82,2025-06-26 22:04:42.336,algorand,5380.81,5620.44,7.929617241845722,1.0,0,0
057a99,10000,1,full-mesh,diablo,hop,8,16,10,4,0,1199990,35538,0,9127.4,270.3,75.55,70.51,2024-06-06 08:48:27.248,algorand,695.22,700.51,11.179489875631857,1.0,0,0
057a99,10000,2,full-mesh,diablo,hop,8,16,10,4,0,1199990,70144,0,9505.7,555.6,39.36,31.8,2024-06-06 08:59:06.959,algorand,695.22,700.51,13.209556448533961,1.0,0,0
c977a7,gafam,1,full-mesh,diablo,hop,8,16,10,4,0,30320,21723,0,167.7,120.1,35.96,40.16,2024-06-06 08:02:20.428,algorand,174.86,181.61,16.716116964637006,1.0,0,0
c977a7,gafam,2,full-mesh,diablo,hop,8,16,10,4,0,30320,27383,0,167.7,151.4,27.48,24.03,2024-06-06 08:12:46.447,algorand,174.86,181.61,15.309631744741372,1.0,0,0
87951e,paypal,1,full-mesh,diablo,hop,8,16,10,4,0,59990,57466,0,200.0,191.6,18.27,12.45,2024-06-06 07:36:57.799,algorand,60.31,59.81,18.96225502554913,1.0,0,0
87951e,paypal,2,full-mesh,diablo,hop,8,16,10,4,0,59990,57220,0,200.0,190.8,11.81,11.77,2024-06-06 07:49:37.768,algorand,60.31,59.81,21.7604692366104,1.0,0,0
373696,visa,1,full-mesh,diablo,hop,8,16,10,4,0,540000,143978,0,1787.8,476.7,21.3,18.1,2024-06-06 08:23:07.569,algorand,208.82,212.24,21.866363476033925,1.0,0,0
373696,visa,2,full-mesh,diablo,hop,8,16,10,4,0,540000,131007,0,1786.9,433.5,33.97,22.39,2024-06-06 08:35:40.394,algorand,208.82,212.24,20.61811051504818,1.0,0,0
6943f9,dota,1,full-mesh,diablo,hop,8,16,10,4,0,3678700,77325,0,12599.8,264.8,80.71,53.97,2024-06-06 09:44:41.979,algorand,451.17,458.73,19.564756598858153,1.0,0,0
6943f9,dota,2,full-mesh,diablo,hop,8,16,10,4,0,3678700,86654,0,12169.6,286.7,85.05,65.96,2024-06-06 10:00:52.302,algorand,451.17,458.73,25.617646630566025,1.0,0,0
72717b,football,1,full-mesh,diablo,hop,8,16,10,4,0,4056130,17080,0,24410.1,102.8,85.36,79.62,2024-06-06 09:11:59.872,algorand,1032.06,1034.57,8.558491922588198,1.0,0,0
72717b,football,2,full-mesh,diablo,hop,8,16,10,4,0,4056130,31059,0,24014.3,183.9,45.17,31.85,2024-06-06 09:28:15.890,algorand,1032.06,1034.57,7.271899489137181,1.0,0,0
8d7e8d,gafam,5,full-mesh,diablo,hop,8,16,10,4,0,30320,23159,0,167.7,128.1,48.33,42.24,2025-06-23 23:37:22.303,algorand,574.76,574.76,16.23017254677915,1.0,0,0
8d7e8d,gafam,2,full-mesh,diablo,hop,8,16,10,4,0,30320,19534,0,167.7,108.0,21.42,22.06,2025-06-23 23:06:04.095,algorand,574.76,574.76,17.96776017537342,1.0,0,0
8d7e8d,gafam,1,full-mesh,diablo,hop,8,16,10,4,0,30320,19534,0,167.7,108.0,21.42,22.06,2025-06-23 23:06:04.095,algorand,574.76,574.76,17.96776017537342,1.0,0,0
8d7e8d,gafam,9,full-mesh,diablo,hop,8,16,10,4,0,30320,24349,0,167.7,134.7,25.33,23.55,2025-06-24 00:19:35.675,algorand,574.76,574.76,17.043639134065064,1.0,0,0
8d7e8d,gafam,7,full-mesh,diablo,hop,8,16,10,4,0,30320,21915,0,167.7,121.2,25.46,22.92,2025-06-23 23:58:14.419,algorand,574.76,574.76,12.406792038914503,1.0,0,0
8d7e8d,gafam,6,full-mesh,diablo,hop,8,16,10,4,0,30320,25302,0,167.7,139.9,42.31,45.08,2025-06-23 23:47:48.409,algorand,574.76,574.76,15.282914722705238,1.0,0,0
8d7e8d,gafam,3,full-mesh,diablo,hop,8,16,10,4,0,30320,28100,0,167.7,155.4,33.76,25.28,2025-06-23 23:16:30.648,algorand,574.76,574.76,16.414314113735458,1.0,0,0
8d7e8d,gafam,10,full-mesh,diablo,hop,8,16,10,4,0,30320,20945,0,167.7,115.8,27.64,28.51,2025-06-24 00:30:01.703,algorand,574.76,574.76,13.102485526791773,1.0,0,0
8d7e8d,gafam,4,full-mesh,diablo,hop,8,16,10,4,0,30320,16381,0,167.7,90.6,27.3,30.42,2025-06-23 23:26:56.635,algorand,574.76,574.76,14.577360388549051,1.0,0,0
8d7e8d,gafam,8,full-mesh,diablo,hop,8,16,10,4,0,30320,22454,0,167.7,124.2,22.5,20.22,2025-06-24 00:08:57.333,algorand,574.76,574.76,13.138529580224393,1.0,0,0
4ceb1e,visa,5,full-mesh,diablo,hop,8,16,10,4,0,540000,158363,0,1764.6,517.5,26.45,18.64,2025-06-24 03:35:24.504,algorand,344.86,344.86,27.165673540470845,1.0,0,0
4ceb1e,visa,2,full-mesh,diablo,hop,8,16,10,4,0,540000,137730,0,1774.3,452.6,22.93,17.11,2025-06-24 02:57:46.341,algorand,344.86,344.86,15.969291833032084,1.0,0,0
4ceb1e,visa,1,full-mesh,diablo,hop,8,16,10,4,0,540000,152883,0,1791.0,507.0,20.76,16.24,2025-06-24 02:45:12.911,algorand,344.86,344.86,21.1292205081518,1.0,0,0
4ceb1e,visa,9,full-mesh,diablo,hop,8,16,10,4,0,540000,143395,0,1793.1,476.2,22.13,16.85,2025-06-24 04:23:05.310,algorand,344.86,344.86,20.44977234243552,1.0,0,0
4ceb1e,visa,7,full-mesh,diablo,hop,8,16,10,4,0,540000,145037,0,1781.0,478.4,25.36,18.05,2025-06-24 03:59:05.820,algorand,344.86,344.86,17.928604464677182,1.0,0,0
4ceb1e,visa,6,full-mesh,diablo,hop,8,16,10,4,0,540000,176373,0,1781.1,581.8,28.44,19.4,2025-06-24 03:47:57.898,algorand,344.86,344.86,22.106248055716325,1.0,0,0
4ceb1e,visa,3,full-mesh,diablo,hop,8,16,10,4,0,540000,139193,0,1777.7,458.2,26.4,17.33,2025-06-24 03:10:18.243,algorand,344.86,344.86,22.971352429133443,1.0,0,0
4ceb1e,visa,10,full-mesh,diablo,hop,8,16,10,4,0,540000,136414,0,1773.7,448.1,27.23,20.76,2025-06-24 04:34:13.141,algorand,344.86,344.86,24.571607542569712,1.0,0,0
4ceb1e,visa,4,full-mesh,diablo,hop,8,16,10,4,0,540000,161401,0,1787.0,534.1,18.05,16.12,2025-06-24 03:22:51.074,algorand,344.86,344.86,26.37584759975498,1.0,0,0
4ceb1e,visa,8,full-mesh,diablo,hop,8,16,10,4,0,540000,155481,0,1773.3,510.6,17.74,16.04,2025-06-24 04:11:55.914,algorand,344.86,344.86,21.81930540916907,1.0,0,0
104372,paypal,5,full-mesh,diablo,hop,8,16,10,4,0,59990,57874,0,200.0,192.9,11.79,11.76,2025-06-24 01:30:16.636,algorand,344.86,344.86,25.059170779151902,1.0,0,0
104372,paypal,2,full-mesh,diablo,hop,8,16,10,4,0,59990,56922,0,200.0,189.8,11.72,11.68,2025-06-24 00:52:39.270,algorand,344.86,344.86,23.299584714393777,1.0,0,0
104372,paypal,1,full-mesh,diablo,hop,8,16,10,4,0,59990,57999,0,200.0,193.4,11.82,11.78,2025-06-24 00:40:12.275,algorand,344.86,344.86,19.789258516592188,1.0,0,0
104372,paypal,9,full-mesh,diablo,hop,8,16,10,4,0,59990,57755,0,200.0,192.5,11.7,11.67,2025-06-24 02:20:06.661,algorand,344.86,344.86,25.93855885563496,1.0,0,0
104372,paypal,7,full-mesh,diablo,hop,8,16,10,4,0,59990,57925,0,200.0,193.1,11.72,11.69,2025-06-24 01:55:11.514,algorand,344.86,344.86,20.40282265079516,1.0,0,0
104372,paypal,6,full-mesh,diablo,hop,8,16,10,4,0,59990,57778,0,200.0,192.6,11.8,11.76,2025-06-24 01:42:43.729,algorand,344.86,344.86,22.20433925539103,1.0,0,0
104372,paypal,3,full-mesh,diablo,hop,8,16,10,4,0,59990,58044,0,200.0,193.5,11.76,11.73,2025-06-24 01:05:06.198,algorand,344.86,344.86,19.155742505720756,1.0,0,0
104372,paypal,10,full-mesh,diablo,hop,8,16,10,4,0,59990,58007,0,200.0,193.4,11.84,11.8,2025-06-24 02:32:33.969,algorand,344.86,344.86,23.594281917349758,1.0,0,0
104372,paypal,4,full-mesh,diablo,hop,8,16,10,4,0,59990,57721,0,200.0,192.4,17.18,12.34,2025-06-24 01:17:33.226,algorand,344.86,344.86,26.17026314939253,1.0,0,0
104372,paypal,8,full-mesh,diablo,hop,8,16,10,4,0,59990,57894,0,200.0,193.0,11.8,11.77,2025-06-24 02:07:38.565,algorand,344.86,344.86,19.707438567221438,1.0,0,0
66c46d,10000,5,full-mesh,diablo,hop,8,16,10,4,0,1199990,80981,0,9282.3,626.4,40.2,33.17,2025-06-24 05:28:36.793,algorand,862.14,862.14,12.311276679652467,1.0,0,0
66c46d,10000,2,full-mesh,diablo,hop,8,16,10,4,0,1199990,62320,0,9370.4,486.6,39.58,35.74,2025-06-24 04:56:16.074,algorand,862.14,862.14,10.069840501687604,1.0,0,0
66c46d,10000,1,full-mesh,diablo,hop,8,16,10,4,0,1199990,56373,0,9999.3,469.7,36.57,32.67,2025-06-24 04:45:35.990,algorand,862.14,862.14,10.042073479366536,1.0,0,0
66c46d,10000,9,full-mesh,diablo,hop,8,16,10,4,0,1199990,59793,0,9496.2,473.2,53.86,48.44,2025-06-24 06:08:40.208,algorand,862.14,862.14,10.469332884713602,1.0,0,0
66c46d,10000,7,full-mesh,diablo,hop,8,16,10,4,0,1199990,68158,0,9999.0,567.9,36.0,34.94,2025-06-24 05:50:08.069,algorand,862.14,862.14,7.453781678378055,1.0,0,0
66c46d,10000,6,full-mesh,diablo,hop,8,16,10,4,0,1199990,63015,0,9912.4,520.5,41.06,30.29,2025-06-24 05:39:29.181,algorand,862.14,862.14,12.504466620601296,1.0,0,0
66c46d,10000,3,full-mesh,diablo,hop,8,16,10,4,0,1199990,59732,0,9588.4,477.3,51.65,48.47,2025-06-24 05:06:56.705,algorand,862.14,862.14,10.371142053880185,1.0,0,0
66c46d,10000,10,full-mesh,diablo,hop,8,16,10,4,0,1199990,82593,0,9355.8,643.9,41.18,35.19,2025-06-24 06:17:55.014,algorand,862.14,862.14,10.158599828750983,1.0,0,0
66c46d,10000,4,full-mesh,diablo,hop,8,16,10,4,0,1199990,46883,0,9256.6,361.7,72.36,72.61,2025-06-24 05:17:55.404,algorand,862.14,862.14,12.05179821740693,1.0,0,0
66c46d,10000,8,full-mesh,diablo,hop,8,16,10,4,0,1199990,44692,0,9397.0,350.0,57.14,55.77,2025-06-24 05:59:23.287,algorand,862.14,862.14,8.755695396076975,1.0,0,0
5b588b,football,5,full-mesh,diablo,hop,8,16,10,4,0,4056130,3436,0,29757.3,25.2,21.01,21.08,2025-06-24 07:34:13.572,algorand,1034.57,1034.57,11.03742936140128,1.0,0,0
5b588b,football,2,full-mesh,diablo,hop,8,16,10,4,0,4056130,10546,0,20373.8,53.0,86.15,76.21,2025-06-24 06:48:21.034,algorand,1034.57,1034.57,9.210241940886633,1.0,0,0
5b588b,football,1,full-mesh,diablo,hop,8,16,10,4,0,4056130,14172,0,19199.5,67.1,126.22,123.17,2025-06-24 06:32:02.116,algorand,1034.57,1034.57,10.247082018582564,1.0,0,0
5b588b,football,9,full-mesh,diablo,hop,8,16,10,4,0,4056130,12085,0,20980.2,62.5,61.15,29.67,2025-06-24 08:35:02.358,algorand,1034.57,1034.57,8.867217510493697,1.0,0,0
5b588b,football,7,full-mesh,diablo,hop,8,16,10,4,0,4056130,15210,0,20405.9,76.5,84.83,84.33,2025-06-24 08:05:29.152,algorand,1034.57,1034.57,7.469072965583485,1.0,0,0
5b588b,football,6,full-mesh,diablo,hop,8,16,10,4,0,4056130,13104,0,21098.7,68.2,90.67,80.85,2025-06-24 07:50:38.743,algorand,1034.57,1034.57,9.761523933548958,1.0,0,0
5b588b,football,3,full-mesh,diablo,hop,8,16,10,4,0,4056130,13766,0,20031.1,68.0,154.1,191.69,2025-06-24 07:03:15.727,algorand,1034.57,1034.57,8.07725123549461,1.0,0,0
5b588b,football,10,full-mesh,diablo,hop,8,16,10,4,0,4056130,3782,0,21193.9,19.8,81.84,78.22,2025-06-24 08:50:00.112,algorand,1034.57,1034.57,9.562794815975401,1.0,0,0
5b588b,football,4,full-mesh,diablo,hop,8,16,10,4,0,4056130,13051,0,28599.6,92.0,70.72,81.79,2025-06-24 07:19:33.346,algorand,1034.57,1034.57,7.08329875326142,1.0,0,0
5b588b,football,8,full-mesh,diablo,hop,8,16,10,4,0,4056130,7454,0,20260.4,37.2,82.26,79.86,2025-06-24 08:20:08.222,algorand,1034.57,1034.57,8.52267732356342,1.0,0,0
eb6d47,dota,5,full-mesh,diablo,hop,8,16,10,4,0,3678700,39493,0,12671.1,136.0,107.73,104.3,2025-06-24 10:03:08.126,algorand,374.84,374.84,22.67254439660664,1.0,0,0
eb6d47,dota,2,full-mesh,diablo,hop,8,16,10,4,0,3678700,82837,0,11436.3,257.5,101.28,83.94,2025-06-24 09:19:02.328,algorand,374.84,374.84,20.34194735856949,1.0,0,0
eb6d47,dota,1,full-mesh,diablo,hop,8,16,10,4,0,3678700,74390,0,12745.7,257.7,103.2,82.25,2025-06-24 09:04:08.325,algorand,374.84,374.84,23.56016078260759,1.0,0,0
eb6d47,dota,9,full-mesh,diablo,hop,8,16,10,4,0,3678700,72760,0,11943.3,236.2,113.32,100.01,2025-06-24 11:05:39.930,algorand,374.84,374.84,17.298836224389067,1.0,0,0
eb6d47,dota,7,full-mesh,diablo,hop,8,16,10,4,0,3678700,70269,0,12605.8,240.8,92.13,78.79,2025-06-24 10:36:01.035,algorand,374.84,374.84,21.384935052549853,1.0,0,0
eb6d47,dota,6,full-mesh,diablo,hop,8,16,10,4,0,3678700,94516,0,12615.4,324.1,90.29,73.48,2025-06-24 10:19:49.131,algorand,374.84,374.84,23.68999710277262,1.0,0,0
eb6d47,dota,3,full-mesh,diablo,hop,8,16,10,4,0,3678700,68880,0,12188.1,228.2,85.13,75.59,2025-06-24 09:33:40.627,algorand,374.84,374.84,18.613991079417627,1.0,0,0
eb6d47,dota,10,full-mesh,diablo,hop,8,16,10,4,0,3678700,65160,0,13116.2,232.3,108.35,96.29,2025-06-24 11:20:01.334,algorand,374.84,374.84,20.712118417605943,1.0,0,0
eb6d47,dota,4,full-mesh,diablo,hop,8,16,10,4,0,3678700,55203,0,11892.3,178.5,88.99,69.32,2025-06-24 09:48:30.431,algorand,374.84,374.84,18.130504909338374,1.0,0,0
eb6d47,dota,8,full-mesh,diablo,hop,8,16,10,4,0,3678700,77517,0,12997.3,273.9,78.7,55.08,2025-06-24 10:50:40.430,algorand,374.84,374.84,21.80548308669804,1.0,0,0
0121a1,10000,1,hypercube,diablo,hop,8,16,10,4,0,1199990,53825,0,9320.8,418.1,57.8,55.26,2024-06-10 12:30:23.806,algorand,734.84,731.89,12.226739675961568,1.0,0,0
0121a1,10000,2,hypercube,diablo,hop,8,16,10,4,0,1199990,35706,0,9345.9,278.1,56.56,53.62,2024-06-10 12:41:02.946,algorand,734.84,731.89,13.105038292731791,1.0,0,0
e879c6,paypal,1,hypercube,diablo,hop,8,16,10,4,0,59990,58039,0,200.0,193.5,12.05,12.01,2024-06-10 11:19:09.418,algorand,67.37,66.78,27.263562403311873,1.0,0,0
e879c6,paypal,2,hypercube,diablo,hop,8,16,10,4,0,59990,57563,0,200.0,191.9,11.92,11.88,2024-06-10 11:31:36.036,algorand,67.37,66.78,23.666760062144167,1.0,0,0
b7d9b0,visa,1,hypercube,diablo,hop,8,16,10,4,0,540000,155440,0,1775.4,511.1,24.72,19.11,2024-06-10 12:05:06.151,algorand,220.92,220.01,20.1997420628604,1.0,0,0
b7d9b0,visa,2,hypercube,diablo,hop,8,16,10,4,0,540000,132551,0,1800.0,441.8,20.82,17.88,2024-06-10 12:17:37.934,algorand,220.92,220.01,22.177706028569975,1.0,0,0
829dc0,dota,1,hypercube,diablo,hop,8,16,10,4,0,3678700,76766,0,12330.3,257.3,62.35,42.62,2024-06-10 13:27:50.572,algorand,478.17,508.2,19.23019228717341,1.0,0,0
829dc0,dota,2,hypercube,diablo,hop,8,16,10,4,0,3678700,99950,0,12546.7,340.9,78.22,56.86,2024-06-10 13:43:58.577,algorand,478.17,508.2,23.273567714938057,1.0,0,0
e7d058,gafam,1,hypercube,diablo,hop,8,16,10,4,0,30320,27043,0,167.7,149.6,32.11,27.67,2024-06-10 11:44:18.818,algorand,194.28,192.67,12.190812992284009,1.0,0,0
e7d058,gafam,2,hypercube,diablo,hop,8,16,10,4,0,30320,25594,0,167.7,141.6,31.02,31.32,2024-06-10 11:54:45.257,algorand,194.28,192.67,11.785807161953564,1.0,0,0
0c28d4,football,1,hypercube,diablo,hop,8,16,10,4,0,4056130,10754,0,18706.5,49.6,129.36,170.18,2024-06-10 12:55:24.614,algorand,1057.87,1067.43,9.581417993625188,1.0,0,0
0c28d4,football,2,hypercube,diablo,hop,8,16,10,4,0,4056130,21864,0,28495.8,153.6,77.78,74.58,2024-06-10 13:12:02.512,algorand,1057.87,1067.43,8.197858566953876,1.0,0,0
a5606d,10000,8,hypercube,diablo,hop,8,16,10,4,0,1199990,69070,0,9999.8,575.6,39.13,31.85,2025-07-13 06:43:42.916,algorand,3662.04,3717.01,10.147961790582915,1.0,0,0
a5606d,10000,3,hypercube,diablo,hop,8,16,10,4,0,1199990,61750,0,9625.7,495.3,56.3,50.26,2025-07-13 05:52:55.416,algorand,3662.04,3717.01,11.476338193130786,1.0,0,0
a5606d,10000,2,hypercube,diablo,hop,8,16,10,4,0,1199990,76749,0,9049.3,578.8,37.56,31.46,2025-07-13 05:42:16.338,algorand,3662.04,3717.01,11.324542888119728,1.0,0,0
a5606d,10000,1,hypercube,diablo,hop,8,16,10,4,0,1199990,78933,0,9036.8,594.4,41.84,37.98,2025-07-13 05:32:59.122,algorand,3662.04,3717.01,8.726878122494242,1.0,0,0
a5606d,10000,9,hypercube,diablo,hop,8,16,10,4,0,1199990,57738,0,9223.2,443.8,49.98,38.66,2025-07-13 06:54:23.781,algorand,3662.04,3717.01,9.953804630809174,1.0,0,0
a5606d,10000,4,hypercube,diablo,hop,8,16,10,4,0,1199990,53722,0,9366.2,419.3,45.81,42.68,2025-07-13 06:02:12.279,algorand,3662.04,3717.01,12.970277662675931,1.0,0,0
a5606d,10000,5,hypercube,diablo,hop,8,16,10,4,0,1199990,61847,0,9132.5,470.7,43.75,38.2,2025-07-13 06:12:54.188,algorand,3662.04,3717.01,10.234248024343097,1.0,0,0
a5606d,10000,6,hypercube,diablo,hop,8,16,10,4,0,1199990,45284,0,9326.9,352.0,73.46,80.63,2025-07-13 06:23:34.399,algorand,3662.04,3717.01,10.130398112087946,1.0,0,0
a5606d,10000,10,hypercube,diablo,hop,8,16,10,4,0,1199990,65400,0,9402.4,512.4,47.16,37.8,2025-07-13 07:03:40.886,algorand,3662.04,3717.01,11.726952228591198,1.0,0,0
a5606d,10000,7,hypercube,diablo,hop,8,16,10,4,0,1199990,27116,0,9999.8,226.0,75.23,69.15,2025-07-13 06:32:52.789,algorand,3662.04,3717.01,8.390802251795451,1.0,0,0
2e5575,dota,8,hypercube,diablo,hop,8,16,10,4,0,3678700,70704,0,12838.9,246.8,96.75,83.02,2025-07-13 11:44:06.844,algorand,2394.25,2559.94,17.282193003290473,1.0,0,0
2e5575,dota,3,hypercube,diablo,hop,8,16,10,4,0,3678700,78839,0,12777.9,273.8,106.11,85.13,2025-07-13 10:25:34.430,algorand,2394.25,2559.94,27.812456463713115,1.0,0,0
2e5575,dota,2,hypercube,diablo,hop,8,16,10,4,0,3678700,50905,0,12232.7,169.3,81.63,52.02,2025-07-13 10:09:23.440,algorand,2394.25,2559.94,26.00166420595511,1.0,0,0
2e5575,dota,1,hypercube,diablo,hop,8,16,10,4,0,3678700,75860,0,12630.3,260.5,85.72,60.81,2025-07-13 09:54:35.348,algorand,2394.25,2559.94,16.514808285782124,1.0,0,0
2e5575,dota,9,hypercube,diablo,hop,8,16,10,4,0,3678700,69867,0,12967.3,246.3,103.69,85.49,2025-07-13 12:00:20.121,algorand,2394.25,2559.94,15.400416718362013,1.0,0,0
2e5575,dota,4,hypercube,diablo,hop,8,16,10,4,0,3678700,77411,0,12832.8,270.0,85.0,56.08,2025-07-13 10:41:37.428,algorand,2394.25,2559.94,18.969794739657193,1.0,0,0
2e5575,dota,5,hypercube,diablo,hop,8,16,10,4,0,3678700,73028,0,12796.2,254.0,107.41,101.77,2025-07-13 10:57:39.219,algorand,2394.25,2559.94,14.496180555195027,1.0,0,0
2e5575,dota,6,hypercube,diablo,hop,8,16,10,4,0,3678700,34932,0,13031.3,123.7,55.1,30.71,2025-07-13 11:12:24.334,algorand,2394.25,2559.94,24.05970994279945,1.0,0,0
2e5575,dota,10,hypercube,diablo,hop,8,16,10,4,0,3678700,97431,0,12031.0,318.6,89.35,65.8,2025-07-13 12:14:55.706,algorand,2394.25,2559.94,21.128515711595423,1.0,0,0
2e5575,dota,7,hypercube,diablo,hop,8,16,10,4,0,3678700,80273,0,12276.8,267.9,87.02,62.37,2025-07-13 11:29:25.078,algorand,2394.25,2559.94,28.193402326884254,1.0,0,0
290d83,visa,8,hypercube,diablo,hop,8,16,10,4,0,540000,117636,0,1766.5,384.8,35.83,22.9,2025-07-13 04:55:57.462,algorand,1143.42,1169.03,23.433690757100482,1.0,0,0
290d83,visa,3,hypercube,diablo,hop,8,16,10,4,0,540000,112773,0,1800.0,375.9,29.82,25.07,2025-07-13 03:58:50.691,algorand,1143.42,1169.03,26.258384308274216,1.0,0,0
290d83,visa,2,hypercube,diablo,hop,8,16,10,4,0,540000,110496,0,1800.0,368.3,35.05,22.85,2025-07-13 03:47:42.972,algorand,1143.42,1169.03,24.461379384374837,1.0,0,0
290d83,visa,1,hypercube,diablo,hop,8,16,10,4,0,540000,130467,0,1800.0,434.9,25.79,19.43,2025-07-13 03:36:35.172,algorand,1143.42,1169.03,20.144879946887812,1.0,0,0
290d83,visa,9,hypercube,diablo,hop,8,16,10,4,0,540000,106849,0,1772.0,350.6,30.9,20.86,2025-07-13 05:08:48.246,algorand,1143.42,1169.03,21.7015553317096,1.0,0,0
290d83,visa,4,hypercube,diablo,hop,8,16,10,4,0,540000,116557,0,1775.5,383.2,29.52,22.76,2025-07-13 04:09:59.110,algorand,1143.42,1169.03,18.451693820959946,1.0,0,0
290d83,visa,5,hypercube,diablo,hop,8,16,10,4,0,540000,135709,0,1800.0,452.4,25.38,18.65,2025-07-13 04:22:32.333,algorand,1143.42,1169.03,20.811496762709954,1.0,0,0
290d83,visa,6,hypercube,diablo,hop,8,16,10,4,0,540000,111468,0,1772.8,365.9,31.58,19.29,2025-07-13 04:33:40.752,algorand,1143.42,1169.03,22.771526136141723,1.0,0,0
290d83,visa,10,hypercube,diablo,hop,8,16,10,4,0,540000,137440,0,1800.0,458.1,30.68,22.01,2025-07-13 05:19:57.058,algorand,1143.42,1169.03,19.485874039067173,1.0,0,0
290d83,visa,7,hypercube,diablo,hop,8,16,10,4,0,540000,149223,0,1763.6,487.4,27.34,21.41,2025-07-13 04:44:48.770,algorand,1143.42,1169.03,27.500890096528227,1.0,0,0
817d0e,gafam,8,hypercube,diablo,hop,8,16,10,4,0,30320,25621,0,167.7,141.7,36.74,33.25,2025-07-13 01:03:05.326,algorand,256.44,299.9,11.299413014154846,1.0,0,0
817d0e,gafam,3,hypercube,diablo,hop,8,16,10,4,0,30320,24949,0,167.7,138.0,28.46,29.08,2025-07-13 00:10:54.095,algorand,256.44,299.9,15.376777356661139,1.0,0,0
817d0e,gafam,2,hypercube,diablo,hop,8,16,10,4,0,30320,18511,0,167.7,102.4,60.04,46.53,2025-07-13 00:00:13.331,algorand,256.44,299.9,13.908093122057918,1.0,0,0
817d0e,gafam,1,hypercube,diablo,hop,8,16,10,4,0,30320,26265,0,167.7,145.3,27.94,26.09,2025-07-12 23:49:47.680,algorand,256.44,299.9,12.084207071569576,1.0,0,0
817d0e,gafam,9,hypercube,diablo,hop,8,16,10,4,0,30320,15860,0,167.7,87.7,25.57,24.97,2025-07-13 01:13:31.782,algorand,256.44,299.9,13.983753612402001,1.0,0,0
817d0e,gafam,4,hypercube,diablo,hop,8,16,10,4,0,30320,23739,0,167.7,131.3,26.58,27.27,2025-07-13 00:21:20.013,algorand,256.44,299.9,15.90216654401212,1.0,0,0
817d0e,gafam,5,hypercube,diablo,hop,8,16,10,4,0,30320,23512,0,167.7,130.0,27.39,24.65,2025-07-13 00:31:45.891,algorand,256.44,299.9,15.821006322790268,1.0,0,0
817d0e,gafam,6,hypercube,diablo,hop,8,16,10,4,0,30320,25281,0,167.7,139.8,42.56,42.53,2025-07-13 00:42:12.503,algorand,256.44,299.9,16.099508137491405,1.0,0,0
817d0e,gafam,10,hypercube,diablo,hop,8,16,10,4,0,30320,24656,0,167.7,136.4,26.63,25.45,2025-07-13 01:23:58.163,algorand,256.44,299.9,15.49855166475336,1.0,0,0
817d0e,gafam,7,hypercube,diablo,hop,8,16,10,4,0,30320,11544,0,167.7,63.8,20.05,18.83,2025-07-13 00:52:38.512,algorand,256.44,299.9,14.342596414845064,1.0,0,0
a27719,paypal,8,hypercube,diablo,hop,8,16,10,4,0,59990,57592,0,200.0,192.0,11.97,11.94,2025-07-13 03:00:27.129,algorand,572.91,603.73,23.082138515691714,1.0,0,0
a27719,paypal,3,hypercube,diablo,hop,8,16,10,4,0,59990,57849,0,200.0,192.9,12.03,11.99,2025-07-13 01:59:20.792,algorand,572.91,603.73,21.4088578125304,1.0,0,0
a27719,paypal,2,hypercube,diablo,hop,8,16,10,4,0,59990,57858,0,200.0,192.9,17.99,12.79,2025-07-13 01:46:54.080,algorand,572.91,603.73,24.09124853931371,1.0,0,0
a27719,paypal,1,hypercube,diablo,hop,8,16,10,4,0,59990,57643,0,200.0,192.2,11.95,11.92,2025-07-13 01:34:26.360,algorand,572.91,603.73,22.165710198796326,1.0,0,0
a27719,paypal,9,hypercube,diablo,hop,8,16,10,4,0,59990,57220,0,200.0,190.8,12.0,11.96,2025-07-13 03:11:29.609,algorand,572.91,603.73,19.070293823624265,1.0,0,0
a27719,paypal,4,hypercube,diablo,hop,8,16,10,4,0,59990,57851,0,200.0,192.9,11.92,11.91,2025-07-13 02:11:47.780,algorand,572.91,603.73,19.005346386637534,1.0,0,0
a27719,paypal,5,hypercube,diablo,hop,8,16,10,4,0,59990,57806,0,200.0,192.7,12.04,12.01,2025-07-13 02:24:14.822,algorand,572.91,603.73,23.833089251761486,1.0,0,0
a27719,paypal,6,hypercube,diablo,hop,8,16,10,4,0,59990,57941,0,200.0,193.2,12.01,11.96,2025-07-13 02:36:56.953,algorand,572.91,603.73,23.064840478833528,1.0,0,0
a27719,paypal,10,hypercube,diablo,hop,8,16,10,4,0,59990,57872,0,200.0,192.9,18.15,12.7,2025-07-13 03:23:56.917,algorand,572.91,603.73,22.209194548408618,1.0,0,0
a27719,paypal,7,hypercube,diablo,hop,8,16,10,4,0,59990,58003,0,200.0,193.4,12.08,12.04,2025-07-13 02:49:24.703,algorand,572.91,603.73,29.30391669402923,1.0,0,0
65f25d,football,8,hypercube,diablo,hop,8,16,10,4,0,4056130,7386,0,28157.3,51.3,63.95,62.62,2025-07-13 09:06:12.351,algorand,5306.25,5458.52,9.684850798828508,1.0,0,0
65f25d,football,3,hypercube,diablo,hop,8,16,10,4,0,4056130,11057,0,21731.1,59.2,98.71,84.56,2025-07-13 07:49:11.837,algorand,5306.25,5458.52,8.015766616909096,1.0,0,0
65f25d,football,2,hypercube,diablo,hop,8,16,10,4,0,4056130,3788,0,21297.3,19.9,72.72,73.62,2025-07-13 07:34:16.124,algorand,5306.25,5458.52,5.88168565550493,1.0,0,0
65f25d,football,1,hypercube,diablo,hop,8,16,10,4,0,4056130,15493,0,28815.1,110.1,61.7,74.84,2025-07-13 07:17:55.692,algorand,5306.25,5458.52,9.709252561550215,1.0,0,0
65f25d,football,9,hypercube,diablo,hop,8,16,10,4,0,4056130,1849,0,29046.5,13.2,67.68,81.38,2025-07-13 09:22:41.028,algorand,5306.25,5458.52,12.278582711520313,1.0,0,0
65f25d,football,4,hypercube,diablo,hop,8,16,10,4,0,4056130,6547,0,21622.9,34.9,76.93,77.19,2025-07-13 08:04:01.013,algorand,5306.25,5458.52,11.635903327908597,1.0,0,0
65f25d,football,5,hypercube,diablo,hop,8,16,10,4,0,4056130,15155,0,27127.8,101.4,73.21,78.17,2025-07-13 08:20:14.685,algorand,5306.25,5458.52,10.997941805978918,1.0,0,0
65f25d,football,6,hypercube,diablo,hop,8,16,10,4,0,4056130,12370,0,26446.9,80.7,77.12,83.12,2025-07-13 08:35:06.318,algorand,5306.25,5458.52,7.672983806534663,1.0,0,0
65f25d,football,10,hypercube,diablo,hop,8,16,10,4,0,4056130,8107,0,20387.9,40.7,62.82,71.58,2025-07-13 09:38:41.639,algorand,5306.25,5458.52,7.743459368479648,1.0,0,0
65f25d,football,7,hypercube,diablo,hop,8,16,10,4,0,4056130,10393,0,27455.7,70.3,89.51,123.42,2025-07-13 08:51:16.768,algorand,5306.25,5458.52,7.008731658626102,1.0,0,0
b2341b,football,1,scale-free-l,diablo,hop,8,16,10,4,0,4056130,14946,0,21725.4,80.1,74.51,72.9,2024-05-27 17:48:21.072,algorand,546.45,537.21,10.087304497842622,1.0,0,0
30da0c,visa,1,scale-free-l,diablo,hop,8,16,10,4,0,540000,72002,0,1800.0,240.0,51.76,43.45,2024-05-27 17:20:05.529,algorand,113.0,111.11,23.650489779646563,1.0,0,0
f4a469,paypal,1,scale-free-l,diablo,hop,8,16,10,4,0,59990,57229,0,200.0,190.8,15.41,15.36,2024-05-27 16:56:42.147,algorand,47.68,47.04,19.987607193851407,1.0,0,0
62020b,dota,1,scale-free-l,diablo,hop,8,16,10,4,0,3678700,61273,0,11969.0,199.4,113.25,112.62,2024-05-27 18:04:48.987,algorand,244.42,254.18,19.496838940051234,1.0,0,0
4240c4,gafam,1,scale-free-l,diablo,hop,8,16,10,4,0,30320,25040,0,167.7,138.5,36.73,37.93,2024-05-27 17:09:44.418,algorand,108.92,107.5,12.760307195919525,1.0,0,0
8eb943,10000,1,scale-free-l,diablo,hop,8,16,10,4,0,1199990,37111,0,9206.9,284.7,71.64,75.9,2024-05-27 17:32:58.049,algorand,353.81,346.9,11.381334237339665,1.0,0,0
57e795,10000,1,scale-free-l,diablo,hop,8,16,10,4,0,1199990,34545,0,9999.8,287.9,46.0,44.13,2024-06-06 11:46:20.570,algorand,693.61,703.27,11.685293628916178,1.0,0,0
57e795,10000,2,scale-free-l,diablo,hop,8,16,10,4,0,1199990,15075,0,9999.8,125.6,76.58,78.66,2024-06-06 11:57:01.072,algorand,693.61,703.27,10.747193836081207,1.0,0,0
bb54ab,gafam,1,scale-free-l,diablo,hop,8,16,10,4,0,30320,25410,0,167.7,140.5,38.7,39.72,2024-06-06 11:01:25.182,algorand,198.93,202.59,14.310749189832082,1.0,0,0
bb54ab,gafam,2,scale-free-l,diablo,hop,8,16,10,4,0,30320,19113,0,167.7,105.7,63.51,56.97,2024-06-06 11:11:51.398,algorand,198.93,202.59,15.574665008905521,1.0,0,0
a28150,paypal,1,scale-free-l,diablo,hop,8,16,10,4,0,59990,57517,0,200.0,191.8,15.35,15.28,2024-06-06 10:36:13.980,algorand,63.8,63.43,21.15145683712157,1.0,0,0
a28150,paypal,2,scale-free-l,diablo,hop,8,16,10,4,0,59990,57306,0,200.0,191.1,15.24,15.19,2024-06-06 10:48:39.917,algorand,63.8,63.43,20.688458786803462,1.0,0,0
ae6d22,visa,1,scale-free-l,diablo,hop,8,16,10,4,0,540000,82347,0,1787.4,272.6,47.14,45.77,2024-06-06 11:22:10.170,algorand,207.55,211.87,20.675684078233836,1.0,0,0
ae6d22,visa,2,scale-free-l,diablo,hop,8,16,10,4,0,540000,92481,0,1784.5,305.6,43.1,36.17,2024-06-06 11:34:59.365,algorand,207.55,211.87,21.47281831916758,1.0,0,0
2a3e02,dota,1,scale-free-l,diablo,hop,8,16,10,4,0,3678700,8645,0,13226.7,31.1,93.06,80.0,2024-06-06 12:43:16.342,algorand,473.54,573.77,21.240025079045726,1.0,0,0
2a3e02,dota,2,scale-free-l,diablo,hop,8,16,10,4,0,3678700,47924,0,12059.3,157.1,108.99,112.29,2024-06-06 12:59:36.810,algorand,473.54,573.77,20.213612344163426,1.0,0,0
cf1ad0,football,1,scale-free-l,diablo,hop,8,16,10,4,0,4056130,5781,0,27726.0,39.5,92.49,97.03,2024-06-06 12:11:26.127,algorand,1021.04,1071.81,10.521510107632768,1.0,0,0
cf1ad0,football,2,scale-free-l,diablo,hop,8,16,10,4,0,4056130,9175,0,29682.0,67.1,71.09,70.78,2024-06-06 12:27:57.207,algorand,1021.04,1071.81,8.451923349998935,1.0,0,0
2eb25b,visa,6,scale-free-l,diablo,hop,8,16,10,4,0,540000,83736,0,1793.1,278.1,51.89,45.35,2025-06-25 03:43:53.161,algorand,1111.84,1208.16,23.257765664079326,1.0,0,0
2eb25b,visa,2,scale-free-l,diablo,hop,8,16,10,4,0,540000,87113,0,1772.4,285.9,39.51,31.54,2025-06-25 02:56:31.110,algorand,1111.84,1208.16,22.88207375060501,1.0,0,0
2eb25b,visa,5,scale-free-l,diablo,hop,8,16,10,4,0,540000,80017,0,1780.9,263.9,43.98,26.48,2025-06-25 03:32:46.217,algorand,1111.84,1208.16,20.656583886605194,1.0,0,0
2eb25b,visa,3,scale-free-l,diablo,hop,8,16,10,4,0,540000,81368,0,1788.6,269.5,58.19,54.7,2025-06-25 03:09:03.084,algorand,1111.84,1208.16,24.729453845733094,1.0,0,0
2eb25b,visa,10,scale-free-l,diablo,hop,8,16,10,4,0,540000,77811,0,1784.9,257.2,60.49,49.61,2025-06-25 04:31:17.251,algorand,1111.84,1208.16,21.992721380990748,1.0,0,0
2eb25b,visa,1,scale-free-l,diablo,hop,8,16,10,4,0,540000,59099,0,1800.0,197.0,68.83,70.96,2025-06-25 02:45:22.830,algorand,1111.84,1208.16,21.72845703452511,1.0,0,0
2eb25b,visa,7,scale-free-l,diablo,hop,8,16,10,4,0,540000,93891,0,1780.6,309.6,46.52,41.81,2025-06-25 03:55:02.082,algorand,1111.84,1208.16,22.06642669705717,1.0,0,0
2eb25b,visa,4,scale-free-l,diablo,hop,8,16,10,4,0,540000,72277,0,1800.0,240.9,48.87,44.77,2025-06-25 03:20:11.713,algorand,1111.84,1208.16,21.28685746627294,1.0,0,0
2eb25b,visa,9,scale-free-l,diablo,hop,8,16,10,4,0,540000,77841,0,1799.8,259.4,55.8,53.99,2025-06-25 04:18:43.934,algorand,1111.84,1208.16,25.11620901891556,1.0,0,0
2eb25b,visa,8,scale-free-l,diablo,hop,8,16,10,4,0,540000,80126,0,1800.0,267.1,45.25,28.24,2025-06-25 04:07:35.022,algorand,1111.84,1208.16,20.369575058495162,1.0,0,0
b606c6,dota,6,scale-free-l,diablo,hop,8,16,10,4,0,3678700,68875,0,12759.9,238.9,92.48,73.73,2025-06-25 10:23:18.429,algorand,2431.96,2720.64,22.55723369314728,1.0,0,0
b606c6,dota,2,scale-free-l,diablo,hop,8,16,10,4,0,3678700,59676,0,12981.9,210.6,89.11,80.18,2025-06-25 09:20:06.753,algorand,2431.96,2720.64,26.094151469756746,1.0,0,0
b606c6,dota,5,scale-free-l,diablo,hop,8,16,10,4,0,3678700,63471,0,12338.1,212.9,109.15,98.48,2025-06-25 10:08:27.229,algorand,2431.96,2720.64,20.115246529688207,1.0,0,0
b606c6,dota,3,scale-free-l,diablo,hop,8,16,10,4,0,3678700,50289,0,13201.8,180.5,120.19,95.61,2025-06-25 09:36:12.318,algorand,2431.96,2720.64,23.780726834212995,1.0,0,0
b606c6,dota,10,scale-free-l,diablo,hop,8,16,10,4,0,3678700,61686,0,12256.5,205.5,101.35,96.12,2025-06-25 11:25:17.518,algorand,2431.96,2720.64,24.254157524496275,1.0,0,0
b606c6,dota,1,scale-free-l,diablo,hop,8,16,10,4,0,3678700,58128,0,12158.7,192.1,121.9,123.78,2025-06-25 09:05:17.212,algorand,2431.96,2720.64,17.289736626445368,1.0,0,0
b606c6,dota,7,scale-free-l,diablo,hop,8,16,10,4,0,3678700,40660,0,12625.0,139.5,108.52,92.01,2025-06-25 10:37:58.377,algorand,2431.96,2720.64,23.44403610409815,1.0,0,0
b606c6,dota,4,scale-free-l,diablo,hop,8,16,10,4,0,3678700,8084,0,13274.0,29.2,125.32,127.65,2025-06-25 09:52:16.052,algorand,2431.96,2720.64,18.99834766691295,1.0,0,0
b606c6,dota,9,scale-free-l,diablo,hop,8,16,10,4,0,3678700,56183,0,12296.4,187.8,126.68,117.19,2025-06-25 11:09:06.409,algorand,2431.96,2720.64,17.391642803419646,1.0,0,0
b606c6,dota,8,scale-free-l,diablo,hop,8,16,10,4,0,3678700,65760,0,12802.2,228.8,118.96,116.42,2025-06-25 10:52:47.548,algorand,2431.96,2720.64,21.169913298652357,1.0,0,0
8f3072,gafam,6,scale-free-l,diablo,hop,8,16,10,4,0,30320,17306,0,167.7,95.7,49.89,42.69,2025-06-24 23:54:20.044,algorand,275.62,428.07,15.324547684448488,1.0,0,0
8f3072,gafam,2,scale-free-l,diablo,hop,8,16,10,4,0,30320,21876,0,167.7,121.0,49.96,58.85,2025-06-24 23:12:22.939,algorand,275.62,428.07,18.06521722713804,1.0,0,0
8f3072,gafam,5,scale-free-l,diablo,hop,8,16,10,4,0,30320,13200,0,167.7,73.0,47.68,50.21,2025-06-24 23:43:53.687,algorand,275.62,428.07,13.267659955773578,1.0,0,0
8f3072,gafam,3,scale-free-l,diablo,hop,8,16,10,4,0,30320,2474,0,167.7,13.7,54.93,59.97,2025-06-24 23:22:48.879,algorand,275.62,428.07,13.393948522362084,1.0,0,0
8f3072,gafam,10,scale-free-l,diablo,hop,8,16,10,4,0,30320,20955,0,167.7,115.9,38.96,37.67,2025-06-25 00:34:40.857,algorand,275.62,428.07,11.654843035890606,1.0,0,0
8f3072,gafam,1,scale-free-l,diablo,hop,8,16,10,4,0,30320,2842,0,167.7,15.7,34.25,32.55,2025-06-24 23:01:56.816,algorand,275.62,428.07,15.597704762670134,1.0,0,0
8f3072,gafam,7,scale-free-l,diablo,hop,8,16,10,4,0,30320,18001,0,167.7,99.6,35.07,36.34,2025-06-25 00:04:46.259,algorand,275.62,428.07,13.72213844502629,1.0,0,0
8f3072,gafam,4,scale-free-l,diablo,hop,8,16,10,4,0,30320,24227,0,167.7,134.0,61.72,59.28,2025-06-24 23:33:04.444,algorand,275.62,428.07,12.082938365208063,1.0,0,0
8f3072,gafam,9,scale-free-l,diablo,hop,8,16,10,4,0,30320,10143,0,167.7,56.1,44.93,50.64,2025-06-25 00:25:38.970,algorand,275.62,428.07,13.933792531391548,1.0,0,0
8f3072,gafam,8,scale-free-l,diablo,hop,8,16,10,4,0,30320,22584,0,167.7,124.9,66.85,61.62,2025-06-25 00:15:06.593,algorand,275.62,428.07,17.12218068762969,1.0,0,0
462166,football,6,scale-free-l,diablo,hop,8,16,10,4,0,4056130,1622,0,29914.1,12.0,72.46,72.54,2025-06-25 07:49:37.763,algorand,5384.33,5971.43,7.540482109459289,1.0,0,0
462166,football,2,scale-free-l,diablo,hop,8,16,10,4,0,4056130,3302,0,29951.9,24.4,83.05,76.83,2025-06-25 06:47:04.371,algorand,5384.33,5971.43,8.967122306204002,1.0,0,0
462166,football,5,scale-free-l,diablo,hop,8,16,10,4,0,4056130,9936,0,28138.7,68.9,77.9,76.45,2025-06-25 07:34:45.062,algorand,5384.33,5971.43,8.619585237310803,1.0,0,0
462166,football,3,scale-free-l,diablo,hop,8,16,10,4,0,4056130,12639,0,21722.1,67.7,77.18,74.67,2025-06-25 07:03:46.835,algorand,5384.33,5971.43,10.037284639572512,1.0,0,0
462166,football,10,scale-free-l,diablo,hop,8,16,10,4,0,4056130,1495,0,20190.2,7.4,70.69,70.67,2025-06-25 08:49:01.091,algorand,5384.33,5971.43,9.289813848364021,1.0,0,0
462166,football,7,scale-free-l,diablo,hop,8,16,10,4,0,4056130,4243,0,22073.4,23.1,64.73,61.3,2025-06-25 08:04:22.841,algorand,5384.33,5971.43,8.881587173673696,1.0,0,0
462166,football,9,scale-free-l,diablo,hop,8,16,10,4,0,4056130,657,0,30211.2,4.9,65.1,54.68,2025-06-25 08:34:25.876,algorand,5384.33,5971.43,6.531154154740525,1.0,0,0
462166,football,8,scale-free-l,diablo,hop,8,16,10,4,0,4056130,4549,0,28004.8,31.4,81.28,83.39,2025-06-25 08:19:38.833,algorand,5384.33,5971.43,11.784769804983386,1.0,0,0
3b22da,paypal,6,scale-free-l,diablo,hop,8,16,10,4,0,59990,57217,0,200.0,190.8,15.48,15.42,2025-06-25 01:45:40.822,algorand,606.42,704.75,16.73761675322699,1.0,0,0
3b22da,paypal,2,scale-free-l,diablo,hop,8,16,10,4,0,59990,56922,0,200.0,189.8,15.43,15.37,2025-06-25 00:57:16.265,algorand,606.42,704.75,25.453464753668744,1.0,0,0
3b22da,paypal,5,scale-free-l,diablo,hop,8,16,10,4,0,59990,57318,0,200.0,191.1,15.34,15.28,2025-06-25 01:34:38.269,algorand,606.42,704.75,19.436675382419676,1.0,0,0
3b22da,paypal,3,scale-free-l,diablo,hop,8,16,10,4,0,59990,56807,0,200.0,189.4,15.43,15.38,2025-06-25 01:09:43.053,algorand,606.42,704.75,29.10140982813809,1.0,0,0
3b22da,paypal,10,scale-free-l,diablo,hop,8,16,10,4,0,59990,57225,0,200.0,190.8,15.39,15.35,2025-06-25 02:34:07.817,algorand,606.42,704.75,20.559505665617024,1.0,0,0
3b22da,paypal,1,scale-free-l,diablo,hop,8,16,10,4,0,59990,57226,0,200.0,190.8,15.27,15.22,2025-06-25 00:44:49.274,algorand,606.42,704.75,19.828488035082763,1.0,0,0
3b22da,paypal,7,scale-free-l,diablo,hop,8,16,10,4,0,59990,57268,0,200.0,190.9,15.33,15.28,2025-06-25 01:58:08.822,algorand,606.42,704.75,21.771065115871203,1.0,0,0
3b22da,paypal,4,scale-free-l,diablo,hop,8,16,10,4,0,59990,57352,0,200.0,191.2,15.29,15.23,2025-06-25 01:22:10.952,algorand,606.42,704.75,24.623821700719084,1.0,0,0
3b22da,paypal,9,scale-free-l,diablo,hop,8,16,10,4,0,59990,57007,0,200.0,190.1,15.28,15.24,2025-06-25 02:21:39.860,algorand,606.42,704.75,23.01574614770535,1.0,0,0
3b22da,paypal,8,scale-free-l,diablo,hop,8,16,10,4,0,59990,57006,0,200.0,190.1,15.61,15.34,2025-06-25 02:10:37.047,algorand,606.42,704.75,27.24680767978738,1.0,0,0
2b52f2,10000,6,scale-free-l,diablo,hop,8,16,10,4,0,1199990,24820,0,9988.2,206.6,75.26,77.5,2025-06-25 05:36:04.804,algorand,3602.66,3831.29,9.777485274409218,1.0,0,0
2b52f2,10000,2,scale-free-l,diablo,hop,8,16,10,4,0,1199990,29742,0,9999.8,247.8,75.55,76.93,2025-06-25 04:54:45.787,algorand,3602.66,3831.29,14.219510757705741,1.0,0,0
2b52f2,10000,5,scale-free-l,diablo,hop,8,16,10,4,0,1199990,37824,0,9285.7,292.7,70.43,71.54,2025-06-25 05:26:48.900,algorand,3602.66,3831.29,10.45544530233522,1.0,0,0
2b52f2,10000,3,scale-free-l,diablo,hop,8,16,10,4,0,1199990,27648,0,9349.5,215.4,71.66,78.88,2025-06-25 05:05:26.708,algorand,3602.66,3831.29,7.7349347489565705,1.0,0,0
2b52f2,10000,10,scale-free-l,diablo,hop,8,16,10,4,0,1199990,37968,0,9597.1,303.7,58.65,47.79,2025-06-25 06:16:14.899,algorand,3602.66,3831.29,8.870096612386329,1.0,0,0
2b52f2,10000,1,scale-free-l,diablo,hop,8,16,10,4,0,1199990,42380,0,9100.4,321.4,65.23,74.04,2025-06-25 04:44:04.194,algorand,3602.66,3831.29,12.450711553503089,1.0,0,0
2b52f2,10000,7,scale-free-l,diablo,hop,8,16,10,4,0,1199990,37081,0,9483.7,293.1,54.12,55.5,2025-06-25 05:45:23.779,algorand,3602.66,3831.29,9.665936599285011,1.0,0,0
2b52f2,10000,4,scale-free-l,diablo,hop,8,16,10,4,0,1199990,43561,0,9733.6,353.3,62.46,58.6,2025-06-25 05:16:07.920,algorand,3602.66,3831.29,8.340309608703095,1.0,0,0
2b52f2,10000,9,scale-free-l,diablo,hop,8,16,10,4,0,1199990,49780,0,9074.9,376.5,54.8,55.69,2025-06-25 06:06:58.785,algorand,3602.66,3831.29,10.11461462410883,1.0,0,0
2b52f2,10000,8,scale-free-l,diablo,hop,8,16,10,4,0,1199990,34458,0,9999.8,287.1,69.28,73.18,2025-06-25 05:56:17.293,algorand,3602.66,3831.29,12.689703939068266,1.0,0,0
36b543,10000,1,torus-l,diablo,hop,8,16,10,4,0,1199990,37934,0,9593.4,303.3,45.6,39.62,2024-06-06 14:44:12.157,algorand,731.79,749.31,9.60155322671854,1.0,0,0
36b543,10000,2,torus-l,diablo,hop,8,16,10,4,0,1199990,45733,0,9260.9,352.9,47.98,39.23,2024-06-06 14:54:51.147,algorand,731.79,749.31,10.887977630213104,1.0,0,0
44e384,gafam,1,torus-l,diablo,hop,8,16,10,4,0,30320,17889,0,167.7,98.9,41.91,47.32,2024-06-06 13:59:32.190,algorand,198.5,209.42,16.470653402201712,1.0,0,0
44e384,gafam,2,torus-l,diablo,hop,8,16,10,4,0,30320,23932,0,167.7,132.4,27.83,27.83,2024-06-06 14:09:58.071,algorand,198.5,209.42,16.90998269329237,1.0,0,0
cfdf0f,paypal,1,torus-l,diablo,hop,8,16,10,4,0,59990,57241,0,200.0,190.8,12.31,12.27,2024-06-06 13:34:22.913,algorand,68.9,68.79,19.823836669922976,1.0,0,0
cfdf0f,paypal,2,torus-l,diablo,hop,8,16,10,4,0,59990,57967,0,200.0,193.3,12.2,12.17,2024-06-06 13:46:49.317,algorand,68.9,68.79,24.168623736319773,1.0,0,0
cccb36,visa,1,torus-l,diablo,hop,8,16,10,4,0,540000,110660,0,1789.7,366.8,28.97,24.9,2024-06-06 14:20:18.626,algorand,215.02,222.54,21.391284449450175,1.0,0,0
cccb36,visa,2,torus-l,diablo,hop,8,16,10,4,0,540000,133655,0,1778.0,440.1,21.71,19.14,2024-06-06 14:32:50.357,algorand,215.02,222.54,20.886432061101157,1.0,0,0
540c67,dota,1,torus-l,diablo,hop,8,16,10,4,0,3678700,84482,0,12610.3,289.6,81.54,58.6,2024-06-06 15:39:43.497,algorand,474.32,500.39,23.56857642621359,1.0,0,0
540c67,dota,2,torus-l,diablo,hop,8,16,10,4,0,3678700,73997,0,12252.0,246.4,77.13,61.2,2024-06-06 15:56:00.599,algorand,474.32,500.39,27.14045039187116,1.0,0,0
658268,football,1,torus-l,diablo,hop,8,16,10,4,0,4056130,12160,0,29942.3,89.8,58.97,78.43,2024-06-06 15:09:03.099,algorand,1045.7,1085.56,9.331835257920664,1.0,0,0
658268,football,2,torus-l,diablo,hop,8,16,10,4,0,4056130,8339,0,28374.3,58.3,61.54,79.58,2024-06-06 15:25:23.631,algorand,1045.7,1085.56,8.376117053353415,1.0,0,0
0e9a81,gafam,9,torus-l,diablo,hop,8,16,10,4,0,30320,10414,0,167.7,57.6,30.23,22.17,2025-06-26 00:35:25.690,algorand,267.93,375.4,13.81093350824723,1.0,0,0
0e9a81,gafam,6,torus-l,diablo,hop,8,16,10,4,0,30320,12586,0,167.7,69.6,40.47,38.78,2025-06-26 00:03:51.657,algorand,267.93,375.4,15.927954759829808,1.0,0,0
0e9a81,gafam,4,torus-l,diablo,hop,8,16,10,4,0,30320,19856,0,167.7,109.8,49.35,53.59,2025-06-25 23:42:44.970,algorand,267.93,375.4,15.378763181404551,1.0,0,0
0e9a81,gafam,7,torus-l,diablo,hop,8,16,10,4,0,30320,24042,0,167.7,133.0,40.47,42.3,2025-06-26 00:14:26.010,algorand,267.93,375.4,13.417932751332158,1.0,0,0
0e9a81,gafam,3,torus-l,diablo,hop,8,16,10,4,0,30320,12966,0,167.7,71.7,38.82,40.31,2025-06-25 23:32:18.011,algorand,267.93,375.4,17.625641725635493,1.0,0,0
0e9a81,gafam,5,torus-l,diablo,hop,8,16,10,4,0,30320,24005,0,167.7,132.8,29.62,28.55,2025-06-25 23:53:12.303,algorand,267.93,375.4,15.358567781927924,1.0,0,0
0e9a81,gafam,1,torus-l,diablo,hop,8,16,10,4,0,30320,7543,0,167.7,41.7,33.65,23.14,2025-06-25 23:11:23.901,algorand,267.93,375.4,11.435936844505084,1.0,0,0
0e9a81,gafam,8,torus-l,diablo,hop,8,16,10,4,0,30320,18320,0,167.7,101.3,28.65,29.04,2025-06-26 00:24:53.246,algorand,267.93,375.4,13.099977257109108,1.0,0,0
0e9a81,gafam,2,torus-l,diablo,hop,8,16,10,4,0,30320,22711,0,167.7,125.6,60.39,63.78,2025-06-25 23:21:50.794,algorand,267.93,375.4,13.819847048219977,1.0,0,0
0e9a81,gafam,10,torus-l,diablo,hop,8,16,10,4,0,30320,25612,0,167.7,141.6,46.04,48.55,2025-06-26 00:46:01.142,algorand,267.93,375.4,15.250408995751226,1.0,0,0
a1dfad,paypal,9,torus-l,diablo,hop,8,16,10,4,0,59990,57294,0,200.0,191.0,12.36,12.34,2025-06-26 02:34:49.966,algorand,590.44,657.87,24.846653827696283,1.0,0,0
a1dfad,paypal,6,torus-l,diablo,hop,8,16,10,4,0,59990,57276,0,200.0,191.0,12.35,12.32,2025-06-26 01:57:24.284,algorand,590.44,657.87,17.21404995294071,1.0,0,0
a1dfad,paypal,4,torus-l,diablo,hop,8,16,10,4,0,59990,57378,0,200.0,191.3,12.45,12.4,2025-06-26 01:33:52.012,algorand,590.44,657.87,23.792560624353953,1.0,0,0
a1dfad,paypal,7,torus-l,diablo,hop,8,16,10,4,0,59990,57526,0,200.0,191.8,12.28,12.26,2025-06-26 02:09:52.295,algorand,590.44,657.87,21.442647115844885,1.0,0,0
a1dfad,paypal,3,torus-l,diablo,hop,8,16,10,4,0,59990,57246,0,200.0,190.9,12.6,12.34,2025-06-26 01:21:23.973,algorand,590.44,657.87,21.758448353275686,1.0,0,0
a1dfad,paypal,5,torus-l,diablo,hop,8,16,10,4,0,59990,57290,0,200.0,191.0,12.33,12.3,2025-06-26 01:44:55.768,algorand,590.44,657.87,30.966413502411744,1.0,0,0
a1dfad,paypal,1,torus-l,diablo,hop,8,16,10,4,0,59990,57294,0,200.0,191.0,12.22,12.2,2025-06-26 00:56:26.946,algorand,590.44,657.87,20.744170477950373,1.0,0,0
a1dfad,paypal,8,torus-l,diablo,hop,8,16,10,4,0,59990,57928,0,200.0,193.1,12.31,12.22,2025-06-26 02:22:20.519,algorand,590.44,657.87,22.236591212879627,1.0,0,0
a1dfad,paypal,2,torus-l,diablo,hop,8,16,10,4,0,59990,57150,0,200.0,190.5,12.39,12.34,2025-06-26 01:08:55.484,algorand,590.44,657.87,21.486148743513457,1.0,0,0
a1dfad,paypal,10,torus-l,diablo,hop,8,16,10,4,0,59990,57209,0,200.0,190.7,12.3,12.26,2025-06-26 02:47:36.024,algorand,590.44,657.87,25.056122515359043,1.0,0,0
b2441c,dota,9,torus-l,diablo,hop,8,16,10,4,0,3678700,63872,0,13273.4,230.5,92.92,80.11,2025-06-26 11:17:00.845,algorand,2420.3,2681.9,20.565665475984282,1.0,0,0
b2441c,dota,6,torus-l,diablo,hop,8,16,10,4,0,3678700,66795,0,12260.6,222.6,93.34,77.51,2025-06-26 10:31:08.127,algorand,2420.3,2681.9,23.150842335302595,1.0,0,0
b2441c,dota,4,torus-l,diablo,hop,8,16,10,4,0,3678700,77122,0,12214.4,256.1,108.48,93.56,2025-06-26 10:01:32.248,algorand,2420.3,2681.9,19.006379487151165,1.0,0,0
b2441c,dota,7,torus-l,diablo,hop,8,16,10,4,0,3678700,85151,0,12465.7,288.5,79.72,54.06,2025-06-26 10:45:57.564,algorand,2420.3,2681.9,17.387060400238493,1.0,0,0
b2441c,dota,3,torus-l,diablo,hop,8,16,10,4,0,3678700,40866,0,13051.9,145.0,77.68,48.83,2025-06-26 09:46:27.441,algorand,2420.3,2681.9,15.663978623467333,1.0,0,0
b2441c,dota,5,torus-l,diablo,hop,8,16,10,4,0,3678700,80394,0,12184.1,266.3,92.75,66.82,2025-06-26 10:16:19.244,algorand,2420.3,2681.9,24.399526936345598,1.0,0,0
b2441c,dota,1,torus-l,diablo,hop,8,16,10,4,0,3678700,71419,0,12646.7,245.5,90.38,75.26,2025-06-26 09:17:05.345,algorand,2420.3,2681.9,26.806681940971853,1.0,0,0
b2441c,dota,8,torus-l,diablo,hop,8,16,10,4,0,3678700,62829,0,13234.8,226.0,68.04,46.28,2025-06-26 11:02:08.230,algorand,2420.3,2681.9,21.321143025614383,1.0,0,0
b2441c,dota,2,torus-l,diablo,hop,8,16,10,4,0,3678700,18057,0,12830.4,63.0,102.75,69.14,2025-06-26 09:31:41.434,algorand,2420.3,2681.9,19.06087658308333,1.0,0,0
b2441c,dota,10,torus-l,diablo,hop,8,16,10,4,0,3678700,37577,0,12273.5,125.4,97.86,83.15,2025-06-26 11:31:44.236,algorand,2420.3,2681.9,22.189074456257504,1.0,0,0
e8b369,visa,9,torus-l,diablo,hop,8,16,10,4,0,540000,125127,0,1800.0,417.1,25.43,19.64,2025-06-26 04:33:54.495,algorand,1178.39,1241.14,22.45569219196816,1.0,0,0
e8b369,visa,6,torus-l,diablo,hop,8,16,10,4,0,540000,115276,0,1794.2,383.0,36.53,23.48,2025-06-26 03:57:34.860,algorand,1178.39,1241.14,25.1333993032184,1.0,0,0
e8b369,visa,4,torus-l,diablo,hop,8,16,10,4,0,540000,136236,0,1796.6,453.3,27.1,22.7,2025-06-26 03:35:14.391,algorand,1178.39,1241.14,28.942423164631904,1.0,0,0
e8b369,visa,7,torus-l,diablo,hop,8,16,10,4,0,540000,114468,0,1764.8,374.1,35.77,35.95,2025-06-26 04:10:10.271,algorand,1178.39,1241.14,18.82133441624383,1.0,0,0
e8b369,visa,3,torus-l,diablo,hop,8,16,10,4,0,540000,110820,0,1799.6,369.3,28.39,21.68,2025-06-26 03:24:03.059,algorand,1178.39,1241.14,21.128066959974603,1.0,0,0
e8b369,visa,5,torus-l,diablo,hop,8,16,10,4,0,540000,119737,0,1799.9,399.1,36.58,27.44,2025-06-26 03:46:24.143,algorand,1178.39,1241.14,25.47384149926001,1.0,0,0
e8b369,visa,1,torus-l,diablo,hop,8,16,10,4,0,540000,142376,0,1765.2,465.4,23.4,20.91,2025-06-26 03:00:17.560,algorand,1178.39,1241.14,18.06284316062594,1.0,0,0
e8b369,visa,8,torus-l,diablo,hop,8,16,10,4,0,540000,118285,0,1783.3,390.6,26.7,20.38,2025-06-26 04:22:44.440,algorand,1178.39,1241.14,18.749827833660188,1.0,0,0
e8b369,visa,2,torus-l,diablo,hop,8,16,10,4,0,540000,135858,0,1767.0,444.6,24.87,21.58,2025-06-26 03:11:27.953,algorand,1178.39,1241.14,17.81490362387857,1.0,0,0
e8b369,visa,10,torus-l,diablo,hop,8,16,10,4,0,540000,118982,0,1766.1,389.1,28.57,22.2,2025-06-26 04:45:04.880,algorand,1178.39,1241.14,22.111769025793727,1.0,0,0
6cb425,football,9,torus-l,diablo,hop,8,16,10,4,0,4056130,7463,0,28825.2,53.0,74.01,77.26,2025-06-26 08:46:18.933,algorand,5416.21,5722.05,6.334512915073748,1.0,0,0
6cb425,football,6,torus-l,diablo,hop,8,16,10,4,0,4056130,5784,0,23371.0,33.3,62.56,80.52,2025-06-26 07:58:50.730,algorand,5416.21,5722.05,9.98188457082773,1.0,0,0
6cb425,football,4,torus-l,diablo,hop,8,16,10,4,0,4056130,5741,0,29731.2,42.1,45.29,27.82,2025-06-26 07:27:46.143,algorand,5416.21,5722.05,8.301036091651637,1.0,0,0
6cb425,football,7,torus-l,diablo,hop,8,16,10,4,0,4056130,11984,0,25172.1,74.4,76.67,76.55,2025-06-26 08:13:50.026,algorand,5416.21,5722.05,10.242616749594308,1.0,0,0
6cb425,football,3,torus-l,diablo,hop,8,16,10,4,0,4056130,3910,0,20642.2,19.9,67.26,76.43,2025-06-26 07:11:03.087,algorand,5416.21,5722.05,11.129068204228933,1.0,0,0
6cb425,football,5,torus-l,diablo,hop,8,16,10,4,0,4056130,18950,0,27150.1,126.8,68.43,71.73,2025-06-26 07:42:35.034,algorand,5416.21,5722.05,8.215480501196279,1.0,0,0
6cb425,football,1,torus-l,diablo,hop,8,16,10,4,0,4056130,18059,0,25788.3,114.8,77.7,76.4,2025-06-26 06:40:14.135,algorand,5416.21,5722.05,8.721948479152688,1.0,0,0
6cb425,football,8,torus-l,diablo,hop,8,16,10,4,0,4056130,4716,0,29411.2,34.2,89.1,129.2,2025-06-26 08:29:37.865,algorand,5416.21,5722.05,8.434447476850012,1.0,0,0
6cb425,football,2,torus-l,diablo,hop,8,16,10,4,0,4056130,1612,0,21523.3,8.6,27.09,18.4,2025-06-26 06:56:01.176,algorand,5416.21,5722.05,10.316698684984772,1.0,0,0
6cb425,football,10,torus-l,diablo,hop,8,16,10,4,0,4056130,9770,0,25799.4,62.1,81.22,82.52,2025-06-26 09:02:46.426,algorand,5416.21,5722.05,9.800096234039893,1.0,0,0
a18966,10000,9,torus-l,diablo,hop,8,16,10,4,0,1199990,54762,0,9451.2,431.3,40.92,37.81,2025-06-26 06:16:56.383,algorand,3761.89,3904.21,9.519441621654012,1.0,0,0
a18966,10000,6,torus-l,diablo,hop,8,16,10,4,0,1199990,51895,0,9544.5,412.8,52.58,42.75,2025-06-26 05:47:35.378,algorand,3761.89,3904.21,11.909549669669039,1.0,0,0
a18966,10000,4,torus-l,diablo,hop,8,16,10,4,0,1199990,58377,0,9060.4,440.8,49.69,51.26,2025-06-26 05:28:59.288,algorand,3761.89,3904.21,9.673793377389567,1.0,0,0
a18966,10000,7,torus-l,diablo,hop,8,16,10,4,0,1199990,46848,0,9014.8,351.9,59.37,55.35,2025-06-26 05:56:54.599,algorand,3761.89,3904.21,12.117497024086234,1.0,0,0
a18966,10000,3,torus-l,diablo,hop,8,16,10,4,0,1199990,54316,0,9951.8,450.5,46.75,31.64,2025-06-26 05:19:40.389,algorand,3761.89,3904.21,9.506908593676702,1.0,0,0
a18966,10000,5,torus-l,diablo,hop,8,16,10,4,0,1199990,43012,0,9626.7,345.1,60.16,61.12,2025-06-26 05:38:17.780,algorand,3761.89,3904.21,11.042511293677245,1.0,0,0
a18966,10000,1,torus-l,diablo,hop,8,16,10,4,0,1199990,54079,0,9335.0,420.7,46.78,46.43,2025-06-26 04:57:58.987,algorand,3761.89,3904.21,12.44735145752059,1.0,0,0
a18966,10000,8,torus-l,diablo,hop,8,16,10,4,0,1199990,61295,0,8995.3,459.5,40.8,40.26,2025-06-26 06:07:37.624,algorand,3761.89,3904.21,11.900515774919016,1.0,0,0
a18966,10000,2,torus-l,diablo,hop,8,16,10,4,0,1199990,59645,0,9999.8,497.0,42.2,36.07,2025-06-26 05:08:57.496,algorand,3761.89,3904.21,10.437325636894611,1.0,0,0
a18966,10000,10,torus-l,diablo,hop,8,16,10,4,0,1199990,56094,0,9205.2,430.3,48.81,44.5,2025-06-26 06:26:14.610,algorand,3761.89,3904.21,9.53470328080992,1.0,0,0
4b9840,gafam,1,torus-l,diablo,hop,8,16,10,4,0,30320,12710,0,167.7,70.3,47.35,48.88,2024-05-19 09:57:23.011,algorand,101.99,128.08,13.285997157882521,1.0,0,0
b4ece5,10000,1,torus-l,diablo,hop,8,16,10,4,0,1199990,61492,0,9169.3,469.9,45.27,40.38,2024-05-19 10:20:44.628,algorand,381.58,425.89,7.313497118920002,1.0,0,0
9088fb,paypal,1,torus-l,diablo,hop,8,16,10,4,0,59990,57227,0,200.0,190.8,12.29,12.26,2024-05-19 09:44:40.209,algorand,44.88,44.73,28.23316577822237,1.0,0,0
4ec866,dota,1,torus-l,diablo,hop,8,16,10,4,0,3678700,91869,0,12087.1,301.9,96.59,84.81,2024-05-19 10:51:37.480,algorand,248.91,266.6,24.385215804279404,1.0,0,0
7a8ac6,visa,1,torus-l,diablo,hop,8,16,10,4,0,540000,100701,0,1800.0,335.7,31.7,22.46,2024-05-19 10:07:56.117,algorand,123.25,140.96,21.25112721365098,1.0,0,0
f90f52,football,1,torus-l,diablo,hop,8,16,10,4,0,4056130,8422,0,25340.3,52.6,76.22,83.52,2024-05-19 10:35:22.977,algorand,546.56,597.96,9.78865661661702,1.0,0,0
f7e725,paypal,1,full-mesh,our,hop,8,16,10,1,0,59990,57946,0,200.0,193.2,11.64,11.64,2024-05-13 10:57:40.251,algorand,10.25,10.36,22.044872929560633,0.0,0,0
80c17b,paypal,2,full-mesh,our,hop,8,16,10,1,0,59990,57936,0,200.0,193.2,11.63,11.63,2024-06-24 10:03:58.613,algorand,31.45,31.99,22.808119638471013,1.0,0,0
80c17b,paypal,3,full-mesh,our,hop,8,16,10,1,0,59990,57922,0,200.0,193.1,11.67,11.67,2024-06-24 10:14:10.978,algorand,31.45,31.99,17.082331221804846,1.0,0,0
80c17b,paypal,4,full-mesh,our,hop,8,16,10,1,0,59990,57895,0,200.0,193.0,11.61,11.61,2024-06-24 10:24:23.236,algorand,31.45,31.99,19.305839697925627,1.0,0,0
80c17b,paypal,1,full-mesh,our,hop,8,16,10,1,0,59990,57923,0,200.0,193.1,11.6,11.6,2024-06-24 09:53:46.543,algorand,31.45,31.99,22.940651909120138,1.0,0,0
51df90,football,1,fat-tree-l,diablo,hop,8,16,10,1,0,4056130,4728,0,26131.9,30.5,43.49,33.01,2024-05-06 03:09:35.550,diem,106.89,165.23,11.564423077574226,0.0,0,0
92b0d5,paypal,1,fat-tree-l,diablo,hop,8,16,10,1,0,59990,58427,0,200.0,194.8,9.04,5.91,2024-05-06 02:13:26.867,diem,5.74,11.72,20.62193943201955,0.0,0,0
7ee176,dota,1,fat-tree-l,diablo,hop,8,16,10,1,0,3678700,62039,0,11735.2,197.9,86.09,77.46,2024-05-06 03:25:24.102,diem,55.2,84.14,22.242174457724676,0.0,0,0
184cdf,gafam,1,fat-tree-l,diablo,hop,8,16,10,1,0,30320,26767,0,167.7,148.0,30.45,31.3,2024-05-06 02:25:15.793,diem,13.68,27.95,15.15876829445537,0.0,0,0
3e5705,10000,1,fat-tree-l,diablo,hop,8,16,10,1,0,1199990,42123,0,9988.0,350.6,71.74,73.34,2024-05-06 02:47:53.486,diem,54.58,83.14,9.057402276347707,0.0,0,0
a087c2,visa,1,fat-tree-l,diablo,hop,8,16,10,1,0,540000,94428,0,1800.0,314.8,132.01,130.69,2024-05-06 07:03:21.218,diem,10.37,19.15,23.141947848806996,0.0,0,0
a4b5db,10000,1,full-mesh,diablo,hop,8,16,10,1,0,1199990,42554,0,9997.3,354.5,59.03,64.1,2024-05-04 22:22:09.595,diem,84.82,129.39,11.293606700865544,0.0,0,0
34e578,football,1,full-mesh,diablo,hop,8,16,10,1,0,4056130,9890,0,20221.1,49.3,33.74,25.31,2024-05-04 22:41:05.689,diem,135.33,206.28,10.329585463852622,0.0,0,0
0d4d0e,visa,1,full-mesh,diablo,hop,8,16,10,1,0,540000,98525,0,1776.6,324.1,125.51,128.01,2024-05-04 22:10:17.980,diem,14.32,28.78,18.53300825130963,0.0,0,0
f0c304,paypal,1,full-mesh,diablo,hop,8,16,10,1,0,59990,59213,0,200.0,197.4,4.5,3.66,2024-05-04 21:47:50.816,diem,5.32,11.4,22.725446767261943,0.0,0,0
a5b2bc,gafam,1,full-mesh,diablo,hop,8,16,10,1,0,30320,30247,0,167.7,167.3,24.92,25.88,2024-05-08 17:36:11.374,diem,6.1,10.84,14.625169284780775,0.0,0,0
dd526f,dota,1,full-mesh,diablo,hop,8,16,10,1,0,3678700,44542,0,13314.6,161.2,68.67,63.62,2024-05-08 17:52:00.805,diem,19.83,30.45,21.510908633925993,0.0,0,0
80db0e,10000,1,hypercube,diablo,hop,8,16,10,1,0,1199990,40032,0,9483.7,316.4,70.61,71.39,2024-05-05 22:20:01.176,diem,72.61,132.97,10.730544608784287,0.0,0,0
9c09fb,gafam,1,hypercube,diablo,hop,8,16,10,1,0,30320,30194,0,167.7,167.0,23.18,22.7,2024-05-05 21:57:05.673,diem,12.54,27.21,14.252360260392717,0.0,0,0
bd1e59,paypal,1,hypercube,diablo,hop,8,16,10,1,0,59990,59214,0,199.9,197.4,4.98,4.27,2024-05-05 21:45:13.306,diem,4.98,10.83,16.330275721798976,0.0,0,0
1a923c,visa,1,hypercube,diablo,hop,8,16,10,1,0,540000,135165,0,1799.6,450.4,123.18,122.81,2024-05-05 22:07:52.093,diem,19.66,40.97,26.238840279819634,0.0,0,0
817e57,dota,1,hypercube,diablo,hop,8,16,10,1,0,3678700,38410,0,13302.0,138.9,58.51,53.33,2024-05-05 22:55:54.106,diem,56.28,94.28,18.553773351834103,0.0,0,0
4c92db,football,1,hypercube,diablo,hop,8,16,10,1,0,4056130,5588,0,23008.0,31.7,31.57,28.03,2024-05-05 22:39:03.769,diem,117.39,205.6,9.196409010091848,0.0,0,0
a871f3,visa,2,fat-tree-l,diablo,hop,8,16,10,1,0,540000,127665,0,1770.2,418.5,130.05,129.8,2024-06-04 19:14:45.146,diem,31.07,66.17,23.961066279904518,1.0,0,0
a871f3,visa,1,fat-tree-l,diablo,hop,8,16,10,1,0,540000,132708,0,1779.6,437.3,124.76,124.38,2024-06-04 19:03:16.821,diem,31.07,66.17,22.522550849247587,1.0,0,0
c882df,10000,2,fat-tree-l,diablo,hop,8,16,10,1,0,1199990,41710,0,9998.1,347.5,67.39,64.6,2024-06-04 19:40:09.419,diem,150.58,262.89,11.611971269595607,1.0,0,0
c882df,10000,1,fat-tree-l,diablo,hop,8,16,10,1,0,1199990,43297,0,9990.7,360.5,69.7,71.66,2024-06-04 19:26:42.035,diem,150.58,262.89,10.783435424190758,1.0,0,0
3a8bc4,dota,2,fat-tree-l,diablo,hop,8,16,10,1,0,3678700,73111,0,11912.9,236.8,111.57,98.21,2024-06-04 20:51:48.839,diem,112.31,183.12,24.682734718387227,1.0,0,0
3a8bc4,dota,1,fat-tree-l,diablo,hop,8,16,10,1,0,3678700,41656,0,13328.6,150.9,77.63,74.98,2024-06-04 20:34:30.025,diem,112.31,183.12,19.320035361242528,1.0,0,0
2d80cb,gafam,2,fat-tree-l,diablo,hop,8,16,10,1,0,30320,30178,0,167.6,166.9,35.48,36.42,2024-06-04 18:52:17.359,diem,21.59,47.55,13.255237070403789,1.0,0,0
2d80cb,gafam,1,fat-tree-l,diablo,hop,8,16,10,1,0,30320,28193,0,167.7,155.9,31.98,34.06,2024-06-04 18:41:32.952,diem,21.59,47.55,13.310519901571233,1.0,0,0
db0edd,football,2,fat-tree-l,diablo,hop,8,16,10,1,0,4056130,1056,0,32576.5,8.5,71.8,80.1,2024-06-04 20:17:12.162,diem,240.09,401.06,8.12986962733449,1.0,0,0
db0edd,football,1,fat-tree-l,diablo,hop,8,16,10,1,0,4056130,3369,0,24806.5,20.6,37.88,28.72,2024-06-04 19:59:06.237,diem,240.09,401.06,7.876756501875684,1.0,0,0
42beb2,paypal,2,fat-tree-l,diablo,hop,8,16,10,1,0,59990,58685,0,200.0,195.6,7.41,6.6,2024-06-04 18:29:48.577,diem,7.24,16.13,22.451075873030128,1.0,0,0
42beb2,paypal,1,fat-tree-l,diablo,hop,8,16,10,1,0,59990,59037,0,200.0,196.8,5.85,5.78,2024-06-04 18:18:13.260,diem,7.24,16.13,21.707708921975147,1.0,0,0
f516d8,10000,8,fat-tree-l,diablo,hop,8,16,10,1,0,1199990,45475,0,9214.8,349.2,70.35,70.95,2025-07-01 15:28:46.092,diem,40.32,40.32,11.320332665207937,1.0,0,0
f516d8,10000,3,fat-tree-l,diablo,hop,8,16,10,1,0,1199990,39340,0,9960.6,326.5,74.31,78.19,2025-07-01 14:21:12.298,diem,40.32,40.32,9.345507890345848,1.0,0,0
f516d8,10000,1,fat-tree-l,diablo,hop,8,16,10,1,0,1199990,41823,0,9991.0,348.2,72.01,71.48,2025-07-01 13:54:18.129,diem,40.32,40.32,11.491952870574707,1.0,0,0
f516d8,10000,5,fat-tree-l,diablo,hop,8,16,10,1,0,1199990,45700,0,9999.8,380.8,65.57,64.52,2025-07-01 14:47:58.491,diem,40.32,40.32,11.487579055129741,1.0,0,0
f516d8,10000,7,fat-tree-l,diablo,hop,8,16,10,1,0,1199990,41339,0,9997.6,344.4,70.56,70.55,2025-07-01 15:15:06.755,diem,40.32,40.32,9.187533437950894,1.0,0,0
f516d8,10000,2,fat-tree-l,diablo,hop,8,16,10,1,0,1199990,40790,0,9999.9,339.9,72.04,71.76,2025-07-01 14:07:49.801,diem,40.32,40.32,10.069737197987848,1.0,0,0
f516d8,10000,4,fat-tree-l,diablo,hop,8,16,10,1,0,1199990,44151,0,9657.9,355.3,67.12,69.79,2025-07-01 14:34:51.494,diem,40.32,40.32,11.195386816728035,1.0,0,0
f516d8,10000,10,fat-tree-l,diablo,hop,8,16,10,1,0,1199990,42268,0,9999.9,352.2,70.28,71.57,2025-07-01 15:55:34.720,diem,40.32,40.32,9.921756115287266,1.0,0,0
f516d8,10000,6,fat-tree-l,diablo,hop,8,16,10,1,0,1199990,36294,0,9999.9,302.4,70.43,71.36,2025-07-01 15:01:35.116,diem,40.32,40.32,11.895619809311883,1.0,0,0
f516d8,10000,9,fat-tree-l,diablo,hop,8,16,10,1,0,1199990,38774,0,9994.1,322.9,69.04,72.33,2025-07-01 15:41:59.401,diem,40.32,40.32,10.843549887038725,1.0,0,0
c2faba,gafam,8,fat-tree-l,diablo,hop,8,16,10,1,0,30320,30190,0,167.7,167.0,30.07,29.68,2025-07-01 09:29:12.110,diem,26.88,26.88,15.487725418589921,1.0,0,0
c2faba,gafam,3,fat-tree-l,diablo,hop,8,16,10,1,0,30320,30189,0,167.7,167.0,37.77,38.15,2025-07-01 08:35:10.309,diem,26.88,26.88,13.757155764101492,1.0,0,0
c2faba,gafam,1,fat-tree-l,diablo,hop,8,16,10,1,0,30320,29985,0,167.7,165.8,28.17,29.96,2025-07-01 08:13:58.498,diem,26.88,26.88,13.435296763063695,1.0,0,0
c2faba,gafam,5,fat-tree-l,diablo,hop,8,16,10,1,0,30320,30190,0,167.7,167.0,33.81,34.32,2025-07-01 08:56:41.103,diem,26.88,26.88,16.64910343495528,1.0,0,0
c2faba,gafam,7,fat-tree-l,diablo,hop,8,16,10,1,0,30320,29281,0,167.7,161.9,28.62,27.33,2025-07-01 09:18:34.358,diem,26.88,26.88,14.26281909548606,1.0,0,0
c2faba,gafam,2,fat-tree-l,diablo,hop,8,16,10,1,0,30320,21871,0,167.7,121.0,28.95,27.94,2025-07-01 08:24:40.519,diem,26.88,26.88,13.502024942630419,1.0,0,0
c2faba,gafam,4,fat-tree-l,diablo,hop,8,16,10,1,0,30320,18723,0,167.7,103.5,34.45,37.21,2025-07-01 08:46:03.560,diem,26.88,26.88,17.220577711514863,1.0,0,0
c2faba,gafam,10,fat-tree-l,diablo,hop,8,16,10,1,0,30320,30168,0,167.6,166.8,30.06,28.69,2025-07-01 09:50:33.370,diem,26.88,26.88,13.894094293060409,1.0,0,0
c2faba,gafam,6,fat-tree-l,diablo,hop,8,16,10,1,0,30320,30180,0,167.7,166.9,34.73,34.12,2025-07-01 09:07:37.786,diem,26.88,26.88,16.125321680903934,1.0,0,0
c2faba,gafam,9,fat-tree-l,diablo,hop,8,16,10,1,0,30320,26015,0,167.7,143.9,26.74,30.33,2025-07-01 09:39:43.588,diem,26.88,26.88,14.67273858369351,1.0,0,0
3a34db,dota,8,fat-tree-l,diablo,hop,8,16,10,1,0,3678700,34285,0,13328.6,124.2,67.98,67.37,2025-07-01 21:14:14.500,diem,17.53,17.53,17.02079707396477,1.0,0,0
3a34db,dota,3,fat-tree-l,diablo,hop,8,16,10,1,0,3678700,13858,0,13328.6,50.2,60.16,46.36,2025-07-01 19:48:14.451,diem,17.53,17.53,14.503374631484398,1.0,0,0
3a34db,dota,1,fat-tree-l,diablo,hop,8,16,10,1,0,3678700,106390,0,12180.2,352.3,119.61,112.43,2025-07-01 19:13:58.298,diem,17.53,17.53,23.44743935328531,1.0,0,0
3a34db,dota,5,fat-tree-l,diablo,hop,8,16,10,1,0,3678700,46558,0,12096.0,153.1,81.89,83.6,2025-07-01 20:22:55.862,diem,17.53,17.53,26.42289520909423,1.0,0,0
3a34db,dota,7,fat-tree-l,diablo,hop,8,16,10,1,0,3678700,53274,0,12038.2,174.3,86.53,87.46,2025-07-01 20:57:29.481,diem,17.53,17.53,9.732249648211548,1.0,0,0
3a34db,dota,2,fat-tree-l,diablo,hop,8,16,10,1,0,3678700,22335,0,13328.6,80.9,53.14,43.88,2025-07-01 19:31:14.365,diem,17.53,17.53,24.696936265942867,1.0,0,0
3a34db,dota,4,fat-tree-l,diablo,hop,8,16,10,1,0,3678700,83129,0,11980.4,270.7,102.46,92.26,2025-07-01 20:05:32.370,diem,17.53,17.53,20.49617967258397,1.0,0,0
3a34db,dota,10,fat-tree-l,diablo,hop,8,16,10,1,0,3678700,65064,0,12061.2,213.3,84.17,73.68,2025-07-01 21:48:51.476,diem,17.53,17.53,25.850032938073003,1.0,0,0
3a34db,dota,6,fat-tree-l,diablo,hop,8,16,10,1,0,3678700,87200,0,8330.7,197.5,110.47,98.69,2025-07-01 20:40:11.781,diem,17.53,17.53,25.545997587288543,1.0,0,0
3a34db,dota,9,fat-tree-l,diablo,hop,8,16,10,1,0,3678700,64761,0,12179.1,214.4,89.74,77.45,2025-07-01 21:31:33.866,diem,17.53,17.53,23.066367877692617,1.0,0,0
9c267c,visa,8,fat-tree-l,diablo,hop,8,16,10,1,0,540000,119642,0,1774.2,393.1,131.09,127.39,2025-07-01 13:19:02.238,diem,16.13,16.13,24.995085777702382,1.0,0,0
9c267c,visa,3,fat-tree-l,diablo,hop,8,16,10,1,0,540000,113730,0,1779.1,374.7,128.8,127.83,2025-07-01 12:20:39.930,diem,16.13,16.13,22.403329949643297,1.0,0,0
9c267c,visa,1,fat-tree-l,diablo,hop,8,16,10,1,0,540000,112484,0,1780.1,370.8,123.6,119.05,2025-07-01 11:57:32.677,diem,16.13,16.13,25.79483574858902,1.0,0,0
9c267c,visa,5,fat-tree-l,diablo,hop,8,16,10,1,0,540000,120887,0,1775.9,397.6,129.62,126.94,2025-07-01 12:43:53.341,diem,16.13,16.13,20.306909790420914,1.0,0,0
9c267c,visa,2,fat-tree-l,diablo,hop,8,16,10,1,0,540000,130113,0,1773.6,427.3,122.24,120.25,2025-07-01 12:08:57.028,diem,16.13,16.13,26.211096881773667,1.0,0,0
9c267c,visa,4,fat-tree-l,diablo,hop,8,16,10,1,0,540000,112488,0,1774.9,369.7,131.98,129.63,2025-07-01 12:32:31.700,diem,16.13,16.13,23.584191638346226,1.0,0,0
9c267c,visa,10,fat-tree-l,diablo,hop,8,16,10,1,0,540000,120698,0,1786.4,399.3,127.68,127.04,2025-07-01 13:42:10.174,diem,16.13,16.13,22.568920972735885,1.0,0,0
9c267c,visa,6,fat-tree-l,diablo,hop,8,16,10,1,0,540000,112166,0,1787.4,371.3,127.65,116.86,2025-07-01 12:55:45.860,diem,16.13,16.13,17.59727403993721,1.0,0,0
804473,paypal,8,fat-tree-l,diablo,hop,8,16,10,1,0,59990,57868,0,200.0,192.9,7.62,6.39,2025-07-01 11:22:16.585,diem,16.13,16.13,20.77257840921284,1.0,0,0
804473,paypal,3,fat-tree-l,diablo,hop,8,16,10,1,0,59990,58734,0,200.0,195.8,6.84,5.89,2025-07-01 10:24:13.941,diem,16.13,16.13,18.436620231507472,1.0,0,0
804473,paypal,1,fat-tree-l,diablo,hop,8,16,10,1,0,59990,58945,0,200.0,196.5,7.94,6.03,2025-07-01 10:01:09.488,diem,16.13,16.13,21.2689666444964,1.0,0,0
804473,paypal,5,fat-tree-l,diablo,hop,8,16,10,1,0,59990,58169,0,200.0,193.9,8.81,6.53,2025-07-01 10:47:40.869,diem,16.13,16.13,25.731339892308178,1.0,0,0
804473,paypal,7,fat-tree-l,diablo,hop,8,16,10,1,0,59990,58944,0,200.0,196.5,7.2,6.21,2025-07-01 11:10:46.561,diem,16.13,16.13,23.4008772252571,1.0,0,0
804473,paypal,2,fat-tree-l,diablo,hop,8,16,10,1,0,59990,58658,0,200.0,195.6,6.45,5.84,2025-07-01 10:12:51.739,diem,16.13,16.13,21.565039792443187,1.0,0,0
804473,paypal,4,fat-tree-l,diablo,hop,8,16,10,1,0,59990,58023,0,200.0,193.4,8.14,6.63,2025-07-01 10:35:54.483,diem,16.13,16.13,20.94972945714683,1.0,0,0
804473,paypal,10,fat-tree-l,diablo,hop,8,16,10,1,0,59990,58740,0,200.0,195.8,6.8,5.86,2025-07-01 11:45:37.343,diem,16.13,16.13,19.708804019377467,1.0,0,0
804473,paypal,6,fat-tree-l,diablo,hop,8,16,10,1,0,59990,58892,0,200.0,196.3,7.22,6.03,2025-07-01 10:59:06.189,diem,16.13,16.13,20.74687171778512,1.0,0,0
804473,paypal,9,fat-tree-l,diablo,hop,8,16,10,1,0,59990,58841,0,200.0,196.2,6.84,5.81,2025-07-01 11:33:52.792,diem,16.13,16.13,23.330575225758107,1.0,0,0
43dce7,football,8,fat-tree-l,diablo,hop,8,16,10,1,0,4056130,3100,0,25550.9,19.5,36.18,24.86,2025-07-01 18:20:29.695,diem,48.39,48.39,10.892219287881929,1.0,0,0
43dce7,football,3,fat-tree-l,diablo,hop,8,16,10,1,0,4056130,6347,0,27616.9,43.2,52.29,44.59,2025-07-01 16:50:04.194,diem,48.39,48.39,8.102087103393576,1.0,0,0
43dce7,football,1,fat-tree-l,diablo,hop,8,16,10,1,0,4056130,2835,0,20855.9,14.6,33.8,28.63,2025-07-01 16:14:00.679,diem,48.39,48.39,10.559867714995061,1.0,0,0
43dce7,football,5,fat-tree-l,diablo,hop,8,16,10,1,0,4056130,8037,0,21369.6,42.3,49.88,42.47,2025-07-01 17:25:59.467,diem,48.39,48.39,9.175458232087797,1.0,0,0
43dce7,football,7,fat-tree-l,diablo,hop,8,16,10,1,0,4056130,3237,0,26263.4,21.0,47.81,30.5,2025-07-01 18:02:32.592,diem,48.39,48.39,10.480312528528936,1.0,0,0
43dce7,football,2,fat-tree-l,diablo,hop,8,16,10,1,0,4056130,3202,0,23556.4,18.6,62.58,65.6,2025-07-01 16:32:01.155,diem,48.39,48.39,6.9900656591554124,1.0,0,0
43dce7,football,4,fat-tree-l,diablo,hop,8,16,10,1,0,4056130,4415,0,26154.5,28.5,29.97,25.66,2025-07-01 17:07:51.502,diem,48.39,48.39,10.55958711705085,1.0,0,0
43dce7,football,10,fat-tree-l,diablo,hop,8,16,10,1,0,4056130,3930,0,25408.7,24.6,43.97,28.21,2025-07-01 18:56:35.215,diem,48.39,48.39,8.68790241612053,1.0,0,0
43dce7,football,6,fat-tree-l,diablo,hop,8,16,10,1,0,4056130,3055,0,25069.6,18.9,46.82,29.93,2025-07-01 17:44:13.060,diem,48.39,48.39,8.465880377202872,1.0,0,0
43dce7,football,9,fat-tree-l,diablo,hop,8,16,10,1,0,4056130,3645,0,19383.8,17.4,48.54,32.81,2025-07-01 18:38:34.272,diem,48.39,48.39,6.122499860470936,1.0,0,0
aaa637,football,1,full-mesh,diablo,hop,8,16,10,1,0,4056130,5471,0,25664.7,34.6,38.02,27.08,2024-06-04 09:37:28.434,diem,258.86,444.66,10.892592442006581,1.0,0,0
aaa637,football,2,full-mesh,diablo,hop,8,16,10,1,0,4056130,6421,0,26877.5,42.5,35.96,25.48,2024-06-04 09:54:21.167,diem,258.86,444.66,9.61858951589193,1.0,0,0
07272f,visa,1,full-mesh,diablo,hop,8,16,10,1,0,540000,146911,0,1774.3,482.7,117.59,115.41,2024-06-04 08:38:55.126,diem,32.73,71.25,24.40193527874135,1.0,0,0
07272f,visa,2,full-mesh,diablo,hop,8,16,10,1,0,540000,153967,0,1760.4,501.9,120.1,120.37,2024-06-04 08:50:35.404,diem,32.73,71.25,19.010678978955713,1.0,0,0
52e628,paypal,1,full-mesh,diablo,hop,8,16,10,1,0,59990,59400,0,200.0,198.0,3.29,3.1,2024-06-04 07:53:47.642,diem,7.04,16.2,19.02369798214857,1.0,0,0
52e628,paypal,2,full-mesh,diablo,hop,8,16,10,1,0,59990,59463,0,200.0,198.2,3.75,3.13,2024-06-04 08:05:22.220,diem,7.04,16.2,21.989002320145996,1.0,0,0
1e7cb3,dota,1,full-mesh,diablo,hop,8,16,10,1,0,3678700,62711,0,13322.0,227.1,67.02,66.58,2024-06-04 10:11:21.137,diem,124.67,208.09,16.539199729892392,1.0,0,0
1e7cb3,dota,2,full-mesh,diablo,hop,8,16,10,1,0,3678700,50953,0,13328.6,184.6,62.77,60.23,2024-06-04 10:27:51.080,diem,124.67,208.09,19.322203004633813,1.0,0,0
09a8ee,gafam,1,full-mesh,diablo,hop,8,16,10,1,0,30320,27127,0,167.6,150.0,25.01,25.17,2024-06-04 08:17:04.704,diem,22.34,50.75,15.935008127667686,1.0,0,0
09a8ee,gafam,2,full-mesh,diablo,hop,8,16,10,1,0,30320,21152,0,167.7,117.0,24.51,25.0,2024-06-04 08:27:59.412,diem,22.34,50.75,17.592472437038307,1.0,0,0
dea9cb,10000,1,full-mesh,diablo,hop,8,16,10,1,0,1199990,31773,0,10000.0,264.8,49.25,50.59,2024-06-04 09:02:40.981,diem,152.34,278.07,8.250789930298618,1.0,0,0
dea9cb,10000,2,full-mesh,diablo,hop,8,16,10,1,0,1199990,43091,0,9995.4,358.9,69.55,71.44,2024-06-04 09:16:09.587,diem,152.34,278.07,9.884120848923658,1.0,0,0
0d8347,visa,6,full-mesh,diablo,hop,8,16,10,1,0,540000,125691,0,1774.7,413.1,122.28,120.9,2025-06-27 17:04:44.099,diem,111.23,111.23,22.11234210900197,1.0,0,0
0d8347,visa,2,full-mesh,diablo,hop,8,16,10,1,0,540000,120033,0,1795.6,399.1,120.47,120.94,2025-06-27 16:18:00.679,diem,111.23,111.23,22.998236554602506,1.0,0,0
0d8347,visa,5,full-mesh,diablo,hop,8,16,10,1,0,540000,124205,0,1774.8,408.2,125.39,123.91,2025-06-27 16:52:58.762,diem,111.23,111.23,22.17257407685997,1.0,0,0
0d8347,visa,3,full-mesh,diablo,hop,8,16,10,1,0,540000,139474,0,1768.4,456.8,125.77,126.95,2025-06-27 16:29:39.006,diem,111.23,111.23,20.204090311224437,1.0,0,0
0d8347,visa,10,full-mesh,diablo,hop,8,16,10,1,0,540000,142920,0,1769.7,468.4,120.59,118.16,2025-06-27 17:51:20.899,diem,111.23,111.23,18.837892114657137,1.0,0,0
0d8347,visa,1,full-mesh,diablo,hop,8,16,10,1,0,540000,120026,0,1800.0,400.1,124.55,121.07,2025-06-27 16:06:18.941,diem,111.23,111.23,19.66778017219709,1.0,0,0
0d8347,visa,7,full-mesh,diablo,hop,8,16,10,1,0,540000,105360,0,1800.0,351.2,140.18,144.76,2025-06-27 17:16:22.439,diem,111.23,111.23,25.386106998145458,1.0,0,0
0d8347,visa,4,full-mesh,diablo,hop,8,16,10,1,0,540000,134630,0,1768.0,440.8,121.75,122.27,2025-06-27 16:41:18.631,diem,111.23,111.23,21.831087075503035,1.0,0,0
0d8347,visa,9,full-mesh,diablo,hop,8,16,10,1,0,540000,135700,0,1769.5,444.7,125.59,128.36,2025-06-27 17:39:50.172,diem,111.23,111.23,25.63156536814948,1.0,0,0
0d8347,visa,8,full-mesh,diablo,hop,8,16,10,1,0,540000,109221,0,1800.0,364.1,123.1,118.62,2025-06-27 17:28:06.719,diem,111.23,111.23,24.29892170941522,1.0,0,0
854944,dota,6,full-mesh,diablo,hop,8,16,10,1,0,3678700,87065,0,11792.4,279.1,100.94,84.63,2025-06-28 00:48:50.081,diem,120.9,120.9,17.02628055516338,1.0,0,0
854944,dota,2,full-mesh,diablo,hop,8,16,10,1,0,3678700,23944,0,13326.4,86.7,40.76,41.29,2025-06-27 23:40:17.393,diem,120.9,120.9,19.79202335043568,1.0,0,0
854944,dota,5,full-mesh,diablo,hop,8,16,10,1,0,3678700,46953,0,13328.6,170.1,55.8,53.7,2025-06-28 00:31:58.446,diem,120.9,120.9,24.531063126968927,1.0,0,0
854944,dota,3,full-mesh,diablo,hop,8,16,10,1,0,3678700,15169,0,13323.1,54.9,77.73,55.17,2025-06-27 23:57:38.776,diem,120.9,120.9,25.701564800482963,1.0,0,0
854944,dota,10,full-mesh,diablo,hop,8,16,10,1,0,3678700,31918,0,13328.6,115.6,42.95,43.88,2025-06-28 01:57:55.298,diem,120.9,120.9,20.849856923785733,1.0,0,0
854944,dota,1,full-mesh,diablo,hop,8,16,10,1,0,3678700,35767,0,13328.6,129.6,53.64,52.58,2025-06-27 23:23:19.193,diem,120.9,120.9,18.40136587708406,1.0,0,0
854944,dota,7,full-mesh,diablo,hop,8,16,10,1,0,3678700,26513,0,13323.9,96.0,74.42,54.24,2025-06-28 01:06:19.966,diem,120.9,120.9,22.422413168984775,1.0,0,0
854944,dota,4,full-mesh,diablo,hop,8,16,10,1,0,3678700,17914,0,13325.8,64.9,37.11,36.68,2025-06-28 00:14:40.267,diem,120.9,120.9,20.405915895299803,1.0,0,0
854944,dota,9,full-mesh,diablo,hop,8,16,10,1,0,3678700,47364,0,13323.9,171.5,58.45,61.94,2025-06-28 01:40:33.794,diem,120.9,120.9,18.371347823164328,1.0,0,0
854944,dota,8,full-mesh,diablo,hop,8,16,10,1,0,3678700,36211,0,13325.6,131.2,45.12,45.83,2025-06-28 01:23:29.158,diem,120.9,120.9,23.388001751099967,1.0,0,0
efbc85,gafam,6,full-mesh,diablo,hop,8,16,10,1,0,30320,23979,0,167.7,132.6,23.92,23.56,2025-06-27 13:16:15.990,diem,185.38,185.38,18.52877615817371,1.0,0,0
efbc85,gafam,5,full-mesh,diablo,hop,8,16,10,1,0,30320,22050,0,167.7,122.0,26.09,31.77,2025-06-27 13:05:42.038,diem,185.38,185.38,15.638383725058672,1.0,0,0
efbc85,gafam,3,full-mesh,diablo,hop,8,16,10,1,0,30320,16989,0,167.7,94.0,26.06,26.45,2025-06-27 12:44:02.298,diem,185.38,185.38,12.61239802388867,1.0,0,0
efbc85,gafam,10,full-mesh,diablo,hop,8,16,10,1,0,30320,29816,0,167.7,164.9,25.28,27.1,2025-06-27 13:59:16.559,diem,185.38,185.38,11.196417564187561,1.0,0,0
efbc85,gafam,1,full-mesh,diablo,hop,8,16,10,1,0,30320,28635,0,167.7,158.4,24.79,27.76,2025-06-27 12:22:24.648,diem,185.38,185.38,15.343684965709125,1.0,0,0
efbc85,gafam,7,full-mesh,diablo,hop,8,16,10,1,0,30320,14610,0,167.7,80.8,21.7,23.08,2025-06-27 13:26:56.467,diem,185.38,185.38,14.711117885457966,1.0,0,0
efbc85,gafam,4,full-mesh,diablo,hop,8,16,10,1,0,30320,21001,0,167.7,116.1,25.58,24.92,2025-06-27 12:54:57.083,diem,185.38,185.38,14.114266022060425,1.0,0,0
efbc85,gafam,9,full-mesh,diablo,hop,8,16,10,1,0,30320,19007,0,167.7,105.1,23.98,23.48,2025-06-27 13:48:32.689,diem,185.38,185.38,15.432382664253927,1.0,0,0
efbc85,gafam,8,full-mesh,diablo,hop,8,16,10,1,0,30320,21499,0,167.7,118.9,20.39,20.53,2025-06-27 13:37:46.539,diem,185.38,185.38,14.225798851895371,1.0,0,0
aea1d6,football,6,full-mesh,diablo,hop,8,16,10,1,0,4056130,8793,0,19732.5,42.8,34.63,30.5,2025-06-27 21:53:16.263,diem,333.68,333.68,9.937740925537227,1.0,0,0
aea1d6,football,2,full-mesh,diablo,hop,8,16,10,1,0,4056130,7050,0,24639.3,42.8,36.22,29.49,2025-06-27 20:41:02.812,diem,333.68,333.68,8.59612393655801,1.0,0,0
aea1d6,football,5,full-mesh,diablo,hop,8,16,10,1,0,4056130,9291,0,21301.2,48.8,34.4,27.22,2025-06-27 21:35:14.456,diem,333.68,333.68,8.981107065950074,1.0,0,0
aea1d6,football,3,full-mesh,diablo,hop,8,16,10,1,0,4056130,2939,0,25269.1,18.3,32.42,27.71,2025-06-27 20:59:12.173,diem,333.68,333.68,10.062158082006516,1.0,0,0
aea1d6,football,10,full-mesh,diablo,hop,8,16,10,1,0,4056130,5862,0,24933.2,36.0,31.02,29.31,2025-06-27 23:05:55.838,diem,333.68,333.68,8.239205392491668,1.0,0,0
aea1d6,football,1,full-mesh,diablo,hop,8,16,10,1,0,4056130,4500,0,21400.7,23.7,43.29,33.88,2025-06-27 20:23:06.347,diem,333.68,333.68,8.695163821961033,1.0,0,0
aea1d6,football,7,full-mesh,diablo,hop,8,16,10,1,0,4056130,5364,0,19614.8,25.9,38.31,32.29,2025-06-27 22:11:50.093,diem,333.68,333.68,10.702965990660163,1.0,0,0
aea1d6,football,4,full-mesh,diablo,hop,8,16,10,1,0,4056130,4156,0,19366.0,19.8,31.23,30.34,2025-06-27 21:17:31.885,diem,333.68,333.68,8.187042052103283,1.0,0,0
aea1d6,football,9,full-mesh,diablo,hop,8,16,10,1,0,4056130,3193,0,24362.0,19.2,38.88,29.89,2025-06-27 22:47:55.084,diem,333.68,333.68,10.456613512191657,1.0,0,0
aea1d6,football,8,full-mesh,diablo,hop,8,16,10,1,0,4056130,6706,0,25389.9,42.0,33.15,31.23,2025-06-27 22:29:54.773,diem,333.68,333.68,9.528498891793815,1.0,0,0
0a255c,paypal,6,full-mesh,diablo,hop,8,16,10,1,0,59990,59327,0,200.0,197.8,4.41,3.96,2025-06-27 15:08:02.500,diem,111.23,111.23,24.688074764940595,1.0,0,0
0a255c,paypal,2,full-mesh,diablo,hop,8,16,10,1,0,59990,59400,0,200.0,198.0,4.18,3.68,2025-06-27 14:21:30.919,diem,111.23,111.23,20.03685655049311,1.0,0,0
0a255c,paypal,5,full-mesh,diablo,hop,8,16,10,1,0,59990,59293,0,200.0,197.7,4.69,3.85,2025-06-27 14:56:20.310,diem,111.23,111.23,23.27858065988546,1.0,0,0
0a255c,paypal,3,full-mesh,diablo,hop,8,16,10,1,0,59990,59249,0,200.0,197.5,5.8,4.9,2025-06-27 14:33:14.369,diem,111.23,111.23,23.701413942542437,1.0,0,0
0a255c,paypal,10,full-mesh,diablo,hop,8,16,10,1,0,59990,59326,0,199.9,197.7,3.78,3.43,2025-06-27 15:54:27.116,diem,111.23,111.23,21.45759078035658,1.0,0,0
0a255c,paypal,1,full-mesh,diablo,hop,8,16,10,1,0,59990,59206,0,199.9,197.3,5.0,4.34,2025-06-27 14:10:03.340,diem,111.23,111.23,20.64633429670191,1.0,0,0
0a255c,paypal,7,full-mesh,diablo,hop,8,16,10,1,0,59990,59329,0,200.0,197.7,3.23,3.1,2025-06-27 15:19:35.971,diem,111.23,111.23,23.671415253263458,1.0,0,0
0a255c,paypal,4,full-mesh,diablo,hop,8,16,10,1,0,59990,59138,0,200.0,197.2,5.35,4.34,2025-06-27 14:44:52.173,diem,111.23,111.23,19.775948291615126,1.0,0,0
0a255c,paypal,9,full-mesh,diablo,hop,8,16,10,1,0,59990,59417,0,200.0,198.1,4.53,3.45,2025-06-27 15:42:50.691,diem,111.23,111.23,27.321799308966447,1.0,0,0
0a255c,paypal,8,full-mesh,diablo,hop,8,16,10,1,0,59990,59349,0,200.0,197.9,5.04,4.19,2025-06-27 15:31:22.038,diem,111.23,111.23,21.98645940904426,1.0,0,0
91c74b,10000,6,full-mesh,diablo,hop,8,16,10,1,0,1199990,24015,0,9994.3,200.0,62.63,57.95,2025-06-27 19:10:47.304,diem,278.07,278.07,8.366342516701915,1.0,0,0
91c74b,10000,2,full-mesh,diablo,hop,8,16,10,1,0,1199990,46303,0,9999.9,385.9,69.36,72.21,2025-06-27 18:16:52.878,diem,278.07,278.07,7.77044175973955,1.0,0,0
91c74b,10000,5,full-mesh,diablo,hop,8,16,10,1,0,1199990,47588,0,9993.6,396.3,71.23,73.15,2025-06-27 18:57:22.940,diem,278.07,278.07,12.463571768688709,1.0,0,0
91c74b,10000,3,full-mesh,diablo,hop,8,16,10,1,0,1199990,34777,0,9390.4,272.1,61.34,56.82,2025-06-27 18:30:21.709,diem,278.07,278.07,9.926291454558303,1.0,0,0
91c74b,10000,10,full-mesh,diablo,hop,8,16,10,1,0,1199990,27064,0,9999.9,225.5,62.99,60.88,2025-06-27 20:04:36.615,diem,278.07,278.07,12.643396625370777,1.0,0,0
91c74b,10000,1,full-mesh,diablo,hop,8,16,10,1,0,1199990,43659,0,9202.3,334.8,60.67,61.96,2025-06-27 18:03:26.842,diem,278.07,278.07,10.234691775531411,1.0,0,0
91c74b,10000,7,full-mesh,diablo,hop,8,16,10,1,0,1199990,17428,0,9996.6,145.2,58.22,64.54,2025-06-27 19:24:17.595,diem,278.07,278.07,9.924485055622782,1.0,0,0
91c74b,10000,4,full-mesh,diablo,hop,8,16,10,1,0,1199990,29205,0,9999.9,243.4,61.77,65.6,2025-06-27 18:43:52.604,diem,278.07,278.07,11.791493149996661,1.0,0,0
91c74b,10000,9,full-mesh,diablo,hop,8,16,10,1,0,1199990,49953,0,9991.7,415.9,70.88,71.35,2025-06-27 19:51:06.836,diem,278.07,278.07,9.416969018225297,1.0,0,0
91c74b,10000,8,full-mesh,diablo,hop,8,16,10,1,0,1199990,30795,0,10000.0,256.6,47.4,49.57,2025-06-27 19:37:37.131,diem,278.07,278.07,10.328195316871257,1.0,0,0
c21f71,10000,1,hypercube,diablo,hop,8,16,10,1,0,1199990,42530,0,9991.6,354.1,67.75,71.68,2024-06-04 22:57:07.293,diem,160.92,275.34,10.35893941442457,1.0,0,0
c21f71,10000,2,hypercube,diablo,hop,8,16,10,1,0,1199990,49933,0,9684.0,403.0,67.68,68.92,2024-06-04 23:10:24.859,diem,160.92,275.34,13.851523865010265,1.0,0,0
b1cf85,football,1,hypercube,diablo,hop,8,16,10,1,0,4056130,1359,0,40159.3,13.5,55.77,71.98,2024-06-04 23:29:15.658,diem,270.41,435.13,8.544126484416722,1.0,0,0
b1cf85,football,2,hypercube,diablo,hop,8,16,10,1,0,4056130,8011,0,25658.1,50.7,46.09,37.26,2024-06-04 23:47:12.934,diem,270.41,435.13,7.418470355530843,1.0,0,0
202cc8,dota,1,hypercube,diablo,hop,8,16,10,1,0,3678700,65549,0,11875.0,211.6,79.15,74.07,2024-06-05 00:04:33.692,diem,127.75,201.35,18.40926653684189,1.0,0,0
202cc8,dota,2,hypercube,diablo,hop,8,16,10,1,0,3678700,89005,0,11966.5,289.5,109.97,101.98,2024-06-05 00:21:47.603,diem,127.75,201.35,24.066810656646656,1.0,0,0
b1615f,gafam,1,hypercube,diablo,hop,8,16,10,1,0,30320,26124,0,167.7,144.5,32.83,35.07,2024-06-04 22:11:41.097,diem,21.6,48.53,11.920032745750756,1.0,0,0
b1615f,gafam,2,hypercube,diablo,hop,8,16,10,1,0,30320,30222,0,167.7,167.1,25.42,26.36,2024-06-04 22:22:27.036,diem,21.6,48.53,14.039708171893787,1.0,0,0
cddf9d,visa,1,hypercube,diablo,hop,8,16,10,1,0,540000,122081,0,1775.2,401.3,131.34,132.02,2024-06-04 22:33:25.323,diem,32.13,67.2,21.928015931325735,1.0,0,0
cddf9d,visa,2,hypercube,diablo,hop,8,16,10,1,0,540000,130354,0,1780.4,429.8,124.53,123.96,2024-06-04 22:44:59.931,diem,32.13,67.2,24.48575764892661,1.0,0,0
373da5,paypal,1,hypercube,diablo,hop,8,16,10,1,0,59990,59078,0,200.0,196.9,5.47,4.69,2024-06-04 21:48:22.912,diem,7.23,16.34,20.67121322339423,1.0,0,0
373da5,paypal,2,hypercube,diablo,hop,8,16,10,1,0,59990,59064,0,200.0,196.9,4.75,4.31,2024-06-04 22:00:03.763,diem,7.23,16.34,23.81597987209754,1.0,0,0
938c6a,gafam,2,fat-tree-l,diablo,hop,8,16,10,4,0,30320,23470,0,167.6,129.8,28.18,29.51,2025-07-02 15:38:09.266,diem,27.23,27.23,12.459734619842596,1.0,0,0
938c6a,gafam,8,fat-tree-l,diablo,hop,8,16,10,4,0,30320,30212,0,167.7,167.1,31.34,33.32,2025-07-02 16:42:36.882,diem,27.23,27.23,20.727301762386727,1.0,0,0
938c6a,gafam,5,fat-tree-l,diablo,hop,8,16,10,4,0,30320,30056,0,167.7,166.2,30.6,31.47,2025-07-02 16:10:21.217,diem,27.23,27.23,12.439781195375367,1.0,0,0
938c6a,gafam,1,fat-tree-l,diablo,hop,8,16,10,4,0,30320,23630,0,167.7,130.7,28.3,28.97,2025-07-02 15:27:17.990,diem,27.23,27.23,17.962639970409885,1.0,0,0
938c6a,gafam,6,fat-tree-l,diablo,hop,8,16,10,4,0,30320,23179,0,167.7,128.2,36.04,37.64,2025-07-02 16:21:04.864,diem,27.23,27.23,15.9766013255795,1.0,0,0
938c6a,gafam,7,fat-tree-l,diablo,hop,8,16,10,4,0,30320,7722,0,167.7,42.7,18.1,19.12,2025-07-02 16:32:02.930,diem,27.23,27.23,17.42250425245649,1.0,0,0
938c6a,gafam,10,fat-tree-l,diablo,hop,8,16,10,4,0,30320,25293,0,167.7,139.9,29.96,29.61,2025-07-02 17:04:13.662,diem,27.23,27.23,12.282996089374553,1.0,0,0
938c6a,gafam,4,fat-tree-l,diablo,hop,8,16,10,4,0,30320,24587,0,167.7,136.0,30.6,29.05,2025-07-02 15:59:42.270,diem,27.23,27.23,12.009398287147425,1.0,0,0
938c6a,gafam,3,fat-tree-l,diablo,hop,8,16,10,4,0,30320,30219,0,167.7,167.1,28.31,31.05,2025-07-02 15:49:03.010,diem,27.23,27.23,13.251127122628636,1.0,0,0
938c6a,gafam,9,fat-tree-l,diablo,hop,8,16,10,4,0,30320,25528,0,167.7,141.2,32.21,33.05,2025-07-02 16:53:22.234,diem,27.23,27.23,19.50109823685645,1.0,0,0
7922a0,10000,2,fat-tree-l,diablo,hop,8,16,10,4,0,1199990,22697,0,9999.9,189.1,65.17,59.83,2025-07-02 21:21:34.525,diem,40.84,40.84,8.0830471526863,1.0,0,0
7922a0,10000,8,fat-tree-l,diablo,hop,8,16,10,4,0,1199990,45442,0,9950.0,376.8,68.18,69.67,2025-07-02 22:42:30.404,diem,40.84,40.84,8.659102289794417,1.0,0,0
7922a0,10000,5,fat-tree-l,diablo,hop,8,16,10,4,0,1199990,46605,0,9992.4,388.1,67.55,68.54,2025-07-02 22:02:05.020,diem,40.84,40.84,9.351895237884497,1.0,0,0
7922a0,10000,1,fat-tree-l,diablo,hop,8,16,10,4,0,1199990,32488,0,9999.9,270.7,72.85,75.8,2025-07-02 21:08:08.721,diem,40.84,40.84,10.730894442927106,1.0,0,0
7922a0,10000,6,fat-tree-l,diablo,hop,8,16,10,4,0,1199990,14354,0,9999.9,119.6,51.65,47.71,2025-07-02 22:15:38.299,diem,40.84,40.84,12.572072622566095,1.0,0,0
7922a0,10000,7,fat-tree-l,diablo,hop,8,16,10,4,0,1199990,41815,0,9992.5,348.2,69.01,71.19,2025-07-02 22:28:49.005,diem,40.84,40.84,8.044227842036799,1.0,0,0
7922a0,10000,10,fat-tree-l,diablo,hop,8,16,10,4,0,1199990,47085,0,9999.9,392.4,70.48,69.05,2025-07-02 23:09:07.199,diem,40.84,40.84,12.220783724162946,1.0,0,0
7922a0,10000,4,fat-tree-l,diablo,hop,8,16,10,4,0,1199990,43776,0,9996.5,364.7,70.93,70.88,2025-07-02 21:48:31.792,diem,40.84,40.84,13.02798984897945,1.0,0,0
7922a0,10000,3,fat-tree-l,diablo,hop,8,16,10,4,0,1199990,42053,0,9971.1,349.4,70.28,70.52,2025-07-02 21:35:08.823,diem,40.84,40.84,9.674835805293645,1.0,0,0
7922a0,10000,9,fat-tree-l,diablo,hop,8,16,10,4,0,1199990,50463,0,9986.5,420.0,69.14,70.37,2025-07-02 22:56:02.435,diem,40.84,40.84,10.523962513461024,1.0,0,0
43779b,visa,2,fat-tree-l,diablo,hop,8,16,10,4,0,540000,134050,0,1764.9,438.1,125.28,123.67,2025-07-02 19:25:00.194,diem,16.34,16.34,25.57512479447545,1.0,0,0
43779b,visa,8,fat-tree-l,diablo,hop,8,16,10,4,0,540000,138109,0,1764.4,451.3,124.98,124.74,2025-07-02 20:32:48.341,diem,16.34,16.34,25.97082277004837,1.0,0,0
43779b,visa,5,fat-tree-l,diablo,hop,8,16,10,4,0,540000,135791,0,1767.7,444.5,124.1,124.1,2025-07-02 19:57:44.882,diem,16.34,16.34,16.257457265045428,1.0,0,0
43779b,visa,1,fat-tree-l,diablo,hop,8,16,10,4,0,540000,139722,0,1766.4,457.0,125.75,125.08,2025-07-02 19:11:04.471,diem,16.34,16.34,24.022050021961665,1.0,0,0
43779b,visa,6,fat-tree-l,diablo,hop,8,16,10,4,0,540000,121639,0,1800.0,405.5,127.9,125.88,2025-07-02 20:09:36.171,diem,16.34,16.34,18.091211058207854,1.0,0,0
43779b,visa,7,fat-tree-l,diablo,hop,8,16,10,4,0,540000,113402,0,1780.1,373.8,130.73,132.43,2025-07-02 20:21:06.671,diem,16.34,16.34,19.498942544831046,1.0,0,0
43779b,visa,10,fat-tree-l,diablo,hop,8,16,10,4,0,540000,121862,0,1769.6,399.3,128.38,129.27,2025-07-02 20:56:08.577,diem,16.34,16.34,29.27371619309465,1.0,0,0
43779b,visa,4,fat-tree-l,diablo,hop,8,16,10,4,0,540000,124038,0,1771.1,406.8,128.04,127.62,2025-07-02 19:46:15.406,diem,16.34,16.34,20.96137868525574,1.0,0,0
43779b,visa,3,fat-tree-l,diablo,hop,8,16,10,4,0,540000,136587,0,1794.7,454.0,122.79,120.86,2025-07-02 19:34:21.486,diem,16.34,16.34,28.012449938220335,1.0,0,0
43779b,visa,9,fat-tree-l,diablo,hop,8,16,10,4,0,540000,137567,0,1768.9,450.6,122.13,121.8,2025-07-02 20:44:31.638,diem,16.34,16.34,25.479978683522653,1.0,0,0
55d1be,football,2,fat-tree-l,diablo,hop,8,16,10,4,0,4056130,3630,0,24609.1,22.0,35.32,25.94,2025-07-02 23:45:02.020,diem,49.01,49.01,7.654272383229473,1.0,0,0
55d1be,football,5,fat-tree-l,diablo,hop,8,16,10,4,0,4056130,7831,0,24065.0,46.5,38.16,37.29,2025-07-03 00:39:27.249,diem,49.01,49.01,9.858106334343372,1.0,0,0
55d1be,football,6,fat-tree-l,diablo,hop,8,16,10,4,0,4056130,5011,0,20569.3,25.4,42.73,39.47,2025-07-03 00:57:40.364,diem,49.01,49.01,9.942154491097412,1.0,0,0
55d1be,football,7,fat-tree-l,diablo,hop,8,16,10,4,0,4056130,7258,0,25682.3,46.0,39.09,32.47,2025-07-03 01:15:28.921,diem,49.01,49.01,7.460431237039932,1.0,0,0
55d1be,football,10,fat-tree-l,diablo,hop,8,16,10,4,0,4056130,5678,0,26115.5,36.6,29.92,24.42,2025-07-03 02:08:54.659,diem,49.01,49.01,11.457759335962784,1.0,0,0
55d1be,football,4,fat-tree-l,diablo,hop,8,16,10,4,0,4056130,1153,0,40159.4,11.4,46.58,42.1,2025-07-03 00:21:15.760,diem,49.01,49.01,10.24321327920984,1.0,0,0
55d1be,football,3,fat-tree-l,diablo,hop,8,16,10,4,0,4056130,4209,0,21040.9,21.8,33.68,31.52,2025-07-03 00:03:24.911,diem,49.01,49.01,8.391245029141253,1.0,0,0
55d1be,football,9,fat-tree-l,diablo,hop,8,16,10,4,0,4056130,5921,0,20988.7,30.6,35.83,31.02,2025-07-03 01:51:02.980,diem,49.01,49.01,8.294329836942305,1.0,0,0
7b9212,dota,2,fat-tree-l,diablo,hop,8,16,10,4,0,3678700,29061,0,13328.6,105.3,80.93,59.53,2025-07-03 02:43:39.089,diem,17.76,17.76,23.79236520639256,1.0,0,0
7b9212,dota,8,fat-tree-l,diablo,hop,8,16,10,4,0,3678700,41693,0,13328.6,151.1,54.84,55.14,2025-07-03 04:26:36.227,diem,17.76,17.76,23.09223613275367,1.0,0,0
7b9212,dota,5,fat-tree-l,diablo,hop,8,16,10,4,0,3678700,40430,0,13328.6,146.5,67.18,68.06,2025-07-03 03:35:22.790,diem,17.76,17.76,17.635711665476315,1.0,0,0
7b9212,dota,1,fat-tree-l,diablo,hop,8,16,10,4,0,3678700,55666,0,13323.1,201.6,76.16,76.76,2025-07-03 02:26:28.068,diem,17.76,17.76,22.525820217192877,1.0,0,0
7b9212,dota,6,fat-tree-l,diablo,hop,8,16,10,4,0,3678700,29652,0,13328.6,107.4,57.49,53.36,2025-07-03 03:52:14.878,diem,17.76,17.76,20.548526790695064,1.0,0,0
7b9212,dota,7,fat-tree-l,diablo,hop,8,16,10,4,0,3678700,48344,0,12019.2,158.0,59.97,56.89,2025-07-03 04:09:41.828,diem,17.76,17.76,23.431985564722655,1.0,0,0
7b9212,dota,10,fat-tree-l,diablo,hop,8,16,10,4,0,3678700,39710,0,13328.6,143.9,62.27,63.9,2025-07-03 05:01:21.666,diem,17.76,17.76,20.63005008539787,1.0,0,0
7b9212,dota,4,fat-tree-l,diablo,hop,8,16,10,4,0,3678700,46522,0,13328.6,168.6,85.09,84.88,2025-07-03 03:18:17.748,diem,17.76,17.76,20.88774051503537,1.0,0,0
7b9212,dota,3,fat-tree-l,diablo,hop,8,16,10,4,0,3678700,87434,0,12016.6,285.6,102.94,89.96,2025-07-03 03:01:16.015,diem,17.76,17.76,17.51785083560055,1.0,0,0
7b9212,dota,9,fat-tree-l,diablo,hop,8,16,10,4,0,3678700,58802,0,13325.3,213.0,79.34,78.32,2025-07-03 04:44:08.400,diem,17.76,17.76,15.322223828649179,1.0,0,0
b0799f,paypal,2,fat-tree-l,diablo,hop,8,16,10,4,0,59990,57887,0,200.0,193.0,5.68,5.31,2025-07-02 17:26:20.077,diem,16.34,16.34,14.743800679796564,1.0,0,0
b0799f,paypal,8,fat-tree-l,diablo,hop,8,16,10,4,0,59990,58877,0,200.0,196.3,8.24,6.65,2025-07-02 18:35:53.807,diem,16.34,16.34,16.903654502250305,1.0,0,0
b0799f,paypal,5,fat-tree-l,diablo,hop,8,16,10,4,0,59990,57723,0,200.0,192.4,6.37,5.52,2025-07-02 18:01:07.147,diem,16.34,16.34,27.07451494279845,1.0,0,0
b0799f,paypal,1,fat-tree-l,diablo,hop,8,16,10,4,0,59990,58727,0,200.0,195.8,6.23,5.2,2025-07-02 17:14:51.497,diem,16.34,16.34,13.123815038559833,1.0,0,0
b0799f,paypal,6,fat-tree-l,diablo,hop,8,16,10,4,0,59990,58940,0,200.0,196.5,5.2,4.88,2025-07-02 18:12:40.123,diem,16.34,16.34,26.804964693957327,1.0,0,0
b0799f,paypal,7,fat-tree-l,diablo,hop,8,16,10,4,0,59990,59132,0,200.0,197.1,4.42,4.27,2025-07-02 18:24:24.227,diem,16.34,16.34,24.70342832072139,1.0,0,0
b0799f,paypal,10,fat-tree-l,diablo,hop,8,16,10,4,0,59990,59103,0,200.0,197.0,5.2,4.49,2025-07-02 18:59:04.968,diem,16.34,16.34,22.62031061198276,1.0,0,0
b0799f,paypal,4,fat-tree-l,diablo,hop,8,16,10,4,0,59990,58949,0,200.0,196.5,4.68,4.39,2025-07-02 17:49:32.667,diem,16.34,16.34,23.88492769987242,1.0,0,0
b0799f,paypal,3,fat-tree-l,diablo,hop,8,16,10,4,0,59990,59025,0,200.0,196.8,5.54,5.05,2025-07-02 17:37:46.499,diem,16.34,16.34,20.826555881515276,1.0,0,0
b0799f,paypal,9,fat-tree-l,diablo,hop,8,16,10,4,0,59990,59109,0,200.0,197.1,5.48,4.7,2025-07-02 18:47:28.338,diem,16.34,16.34,19.504990225585995,1.0,0,0
00d543,gafam,5,hypercube,diablo,hop,8,16,10,1,0,30320,30202,0,167.7,167.0,26.98,29.68,2025-08-08 04:13:33.230,diem,27.23,27.23,13.422134290132812,1.0,0,0
00d543,gafam,2,hypercube,diablo,hop,8,16,10,1,0,30320,22620,0,167.7,125.1,28.32,32.32,2025-08-08 03:41:20.729,diem,27.23,27.23,13.808725278767088,1.0,0,0
00d543,gafam,1,hypercube,diablo,hop,8,16,10,1,0,30320,29068,0,167.7,160.7,27.72,29.93,2025-08-08 03:30:22.680,diem,27.23,27.23,15.399150009597038,1.0,0,0
00d543,gafam,9,hypercube,diablo,hop,8,16,10,1,0,30320,23931,0,167.7,132.4,28.03,30.66,2025-08-08 04:56:28.011,diem,27.23,27.23,14.74833782938236,1.0,0,0
00d543,gafam,7,hypercube,diablo,hop,8,16,10,1,0,30320,29324,0,167.7,162.2,30.46,32.19,2025-08-08 04:34:54.893,diem,27.23,27.23,14.895776241842997,1.0,0,0
00d543,gafam,6,hypercube,diablo,hop,8,16,10,1,0,30320,22312,0,167.7,123.4,30.66,32.8,2025-08-08 04:24:16.487,diem,27.23,27.23,15.064187718854871,1.0,0,0
00d543,gafam,3,hypercube,diablo,hop,8,16,10,1,0,30320,29885,0,167.7,165.3,33.45,36.75,2025-08-08 03:51:47.907,diem,27.23,27.23,12.206401495674095,1.0,0,0
00d543,gafam,10,hypercube,diablo,hop,8,16,10,1,0,30320,26640,0,167.7,147.3,28.25,29.92,2025-08-08 05:07:22.043,diem,27.23,27.23,13.26861588733347,1.0,0,0
00d543,gafam,4,hypercube,diablo,hop,8,16,10,1,0,30320,23857,0,167.7,131.9,24.77,24.99,2025-08-08 04:02:47.451,diem,27.23,27.23,14.350511508136973,1.0,0,0
00d543,gafam,8,hypercube,diablo,hop,8,16,10,1,0,30320,30205,0,167.6,167.0,28.1,26.59,2025-08-08 04:45:37.765,diem,27.23,27.23,15.358740072819852,1.0,0,0
5287ac,visa,5,hypercube,diablo,hop,8,16,10,1,0,540000,136655,0,1771.7,448.3,124.95,124.35,2025-08-08 08:00:41.175,diem,16.34,16.34,26.34815412475645,1.0,0,0
5287ac,visa,2,hypercube,diablo,hop,8,16,10,1,0,540000,142083,0,1774.0,466.8,122.72,122.33,2025-08-08 07:25:39.082,diem,16.34,16.34,23.066397653033597,1.0,0,0
5287ac,visa,1,hypercube,diablo,hop,8,16,10,1,0,540000,136874,0,1772.5,449.3,126.47,127.57,2025-08-08 07:13:59.362,diem,16.34,16.34,20.363376607760724,1.0,0,0
5287ac,visa,9,hypercube,diablo,hop,8,16,10,1,0,540000,135610,0,1771.0,444.7,124.78,122.88,2025-08-08 08:47:21.697,diem,16.34,16.34,21.6898746053812,1.0,0,0
5287ac,visa,7,hypercube,diablo,hop,8,16,10,1,0,540000,132533,0,1773.2,435.2,128.74,130.76,2025-08-08 08:23:57.196,diem,16.34,16.34,22.267851492309585,1.0,0,0
5287ac,visa,6,hypercube,diablo,hop,8,16,10,1,0,540000,130219,0,1773.0,427.5,125.16,122.55,2025-08-08 08:12:27.862,diem,16.34,16.34,24.27592061208875,1.0,0,0
5287ac,visa,3,hypercube,diablo,hop,8,16,10,1,0,540000,130970,0,1773.6,430.2,125.54,125.91,2025-08-08 07:37:17.856,diem,16.34,16.34,23.535084010939745,1.0,0,0
5287ac,visa,10,hypercube,diablo,hop,8,16,10,1,0,540000,145357,0,1767.4,475.8,119.99,120.04,2025-08-08 08:58:59.045,diem,16.34,16.34,20.32483336443447,1.0,0,0
5287ac,visa,8,hypercube,diablo,hop,8,16,10,1,0,540000,138409,0,1786.6,457.9,121.16,121.59,2025-08-08 08:37:43.987,diem,16.34,16.34,21.03852333733358,1.0,0,0
e5560b,paypal,5,hypercube,diablo,hop,8,16,10,1,0,59990,58926,0,200.0,196.5,5.88,5.1,2025-08-08 06:04:10.834,diem,16.34,16.34,25.00329301847867,1.0,0,0
e5560b,paypal,2,hypercube,diablo,hop,8,16,10,1,0,59990,59206,0,200.0,197.3,4.71,4.23,2025-08-08 05:29:16.638,diem,16.34,16.34,25.99570935572669,1.0,0,0
e5560b,paypal,1,hypercube,diablo,hop,8,16,10,1,0,59990,58872,0,200.0,196.3,6.16,5.1,2025-08-08 05:17:46.176,diem,16.34,16.34,25.3158164370999,1.0,0,0
e5560b,paypal,9,hypercube,diablo,hop,8,16,10,1,0,59990,59140,0,200.0,197.2,5.28,4.39,2025-08-08 06:50:35.636,diem,16.34,16.34,23.939989699930173,1.0,0,0
e5560b,paypal,7,hypercube,diablo,hop,8,16,10,1,0,59990,59110,0,200.0,197.1,5.3,4.71,2025-08-08 06:27:26.202,diem,16.34,16.34,18.15753544130729,1.0,0,0
e5560b,paypal,6,hypercube,diablo,hop,8,16,10,1,0,59990,58905,0,200.0,196.4,5.21,4.68,2025-08-08 06:15:51.231,diem,16.34,16.34,17.327861519744015,1.0,0,0
e5560b,paypal,3,hypercube,diablo,hop,8,16,10,1,0,59990,59011,0,200.0,196.7,5.29,4.64,2025-08-08 05:40:57.071,diem,16.34,16.34,25.28293982082742,1.0,0,0
e5560b,paypal,10,hypercube,diablo,hop,8,16,10,1,0,59990,58384,0,199.9,194.6,6.92,5.65,2025-08-08 07:02:10.090,diem,16.34,16.34,21.943622578148744,1.0,0,0
e5560b,paypal,4,hypercube,diablo,hop,8,16,10,1,0,59990,59016,0,200.0,196.8,6.45,4.45,2025-08-08 05:52:39.443,diem,16.34,16.34,23.985437035022333,1.0,0,0
e5560b,paypal,8,hypercube,diablo,hop,8,16,10,1,0,59990,59082,0,200.0,197.0,5.23,4.46,2025-08-08 06:39:09.854,diem,16.34,16.34,21.176601986865045,1.0,0,0
fa2560,10000,5,hypercube,diablo,hop,8,16,10,1,0,1199990,35059,0,9999.9,292.2,65.9,66.7,2025-08-08 10:04:43.887,diem,40.84,40.84,9.217476703323712,1.0,0,0
fa2560,10000,2,hypercube,diablo,hop,8,16,10,1,0,1199990,38282,0,9999.9,319.0,73.74,81.2,2025-08-08 09:24:33.303,diem,40.84,40.84,11.81650344498242,1.0,0,0
fa2560,10000,1,hypercube,diablo,hop,8,16,10,1,0,1199990,43786,0,9999.9,364.9,68.99,68.07,2025-08-08 09:10:54.632,diem,40.84,40.84,10.279173635181218,1.0,0,0
fa2560,10000,9,hypercube,diablo,hop,8,16,10,1,0,1199990,25287,0,9999.9,210.7,63.96,64.56,2025-08-08 10:58:41.961,diem,40.84,40.84,10.58740830288939,1.0,0,0
fa2560,10000,7,hypercube,diablo,hop,8,16,10,1,0,1199990,47297,0,9993.8,393.9,70.39,72.43,2025-08-08 10:31:50.768,diem,40.84,40.84,11.469804083591384,1.0,0,0
fa2560,10000,6,hypercube,diablo,hop,8,16,10,1,0,1199990,46584,0,9990.0,387.8,69.91,73.16,2025-08-08 10:18:12.855,diem,40.84,40.84,10.804215544169,1.0,0,0
fa2560,10000,3,hypercube,diablo,hop,8,16,10,1,0,1199990,32582,0,9977.5,270.9,70.37,71.1,2025-08-08 09:37:53.748,diem,40.84,40.84,11.270516403962425,1.0,0,0
fa2560,10000,10,hypercube,diablo,hop,8,16,10,1,0,1199990,24778,0,9997.6,206.4,70.17,73.41,2025-08-08 11:12:04.815,diem,40.84,40.84,11.031889941135994,1.0,0,0
fa2560,10000,4,hypercube,diablo,hop,8,16,10,1,0,1199990,46989,0,9998.3,391.5,69.67,69.54,2025-08-08 09:51:19.113,diem,40.84,40.84,10.120247808033385,1.0,0,0
fa2560,10000,8,hypercube,diablo,hop,8,16,10,1,0,1199990,29629,0,9999.9,246.9,74.99,77.07,2025-08-08 10:45:13.959,diem,40.84,40.84,11.974359898058108,1.0,0,0
3ccbba,football,5,hypercube,diablo,hop,8,16,10,1,0,4056130,4546,0,23292.7,26.1,41.6,34.79,2025-08-08 12:42:12.080,diem,49.01,49.01,7.320719373805357,1.0,0,0
3ccbba,football,2,hypercube,diablo,hop,8,16,10,1,0,4056130,6801,0,18293.3,30.7,29.87,24.49,2025-08-08 11:48:30.403,diem,49.01,49.01,9.181962250219527,1.0,0,0
3ccbba,football,1,hypercube,diablo,hop,8,16,10,1,0,4056130,2506,0,18361.2,11.3,37.01,21.12,2025-08-08 11:30:19.830,diem,49.01,49.01,8.316345297582917,1.0,0,0
3ccbba,football,9,hypercube,diablo,hop,8,16,10,1,0,4056130,7186,0,21274.7,37.7,45.95,37.02,2025-08-08 13:55:05.186,diem,49.01,49.01,7.7952069761005305,1.0,0,0
3ccbba,football,7,hypercube,diablo,hop,8,16,10,1,0,4056130,3846,0,25624.9,24.3,54.7,51.53,2025-08-08 13:18:42.021,diem,49.01,49.01,9.505139579745537,1.0,0,0
3ccbba,football,6,hypercube,diablo,hop,8,16,10,1,0,4056130,5159,0,27064.7,34.4,41.9,33.05,2025-08-08 13:00:42.055,diem,49.01,49.01,8.633402306055359,1.0,0,0
3ccbba,football,3,hypercube,diablo,hop,8,16,10,1,0,4056130,6510,0,24913.0,40.0,55.08,49.61,2025-08-08 12:06:10.830,diem,49.01,49.01,11.07788963166835,1.0,0,0
3ccbba,football,10,hypercube,diablo,hop,8,16,10,1,0,4056130,4702,0,16714.1,19.4,38.85,25.22,2025-08-08 14:13:29.062,diem,49.01,49.01,10.440520731118493,1.0,0,0
3ccbba,football,4,hypercube,diablo,hop,8,16,10,1,0,4056130,4562,0,27196.5,30.6,45.56,33.58,2025-08-08 12:24:37.872,diem,49.01,49.01,8.624716812163355,1.0,0,0
3ccbba,football,8,hypercube,diablo,hop,8,16,10,1,0,4056130,5252,0,25945.6,33.6,41.87,22.92,2025-08-08 13:36:54.316,diem,49.01,49.01,10.140793351189192,1.0,0,0
b397ae,dota,5,hypercube,diablo,hop,8,16,10,1,0,3678700,23280,0,13328.6,84.3,77.49,52.32,2025-08-08 15:39:59.001,diem,17.76,17.76,16.660081067376467,1.0,0,0
b397ae,dota,2,hypercube,diablo,hop,8,16,10,1,0,3678700,117993,0,12045.9,386.4,124.02,115.62,2025-08-08 14:47:33.427,diem,17.76,17.76,20.682414900170816,1.0,0,0
b397ae,dota,1,hypercube,diablo,hop,8,16,10,1,0,3678700,45500,0,13328.6,164.9,68.33,65.9,2025-08-08 14:30:25.056,diem,17.76,17.76,19.05227094386877,1.0,0,0
b397ae,dota,9,hypercube,diablo,hop,8,16,10,1,0,3678700,39852,0,13324.4,144.3,64.86,60.97,2025-08-08 16:47:49.455,diem,17.76,17.76,21.28972409464328,1.0,0,0
b397ae,dota,7,hypercube,diablo,hop,8,16,10,1,0,3678700,54643,0,11910.1,176.9,68.89,67.03,2025-08-08 16:13:42.516,diem,17.76,17.76,24.2416361773363,1.0,0,0
b397ae,dota,6,hypercube,diablo,hop,8,16,10,1,0,3678700,53228,0,13319.9,192.7,71.53,69.48,2025-08-08 15:56:06.758,diem,17.76,17.76,23.146857897934574,1.0,0,0
b397ae,dota,3,hypercube,diablo,hop,8,16,10,1,0,3678700,31793,0,13322.8,115.1,54.74,54.77,2025-08-08 15:04:59.213,diem,17.76,17.76,19.635067876243596,1.0,0,0
b397ae,dota,10,hypercube,diablo,hop,8,16,10,1,0,3678700,27288,0,13327.1,98.9,45.14,45.79,2025-08-08 17:05:23.621,diem,17.76,17.76,18.11878182010608,1.0,0,0
b397ae,dota,4,hypercube,diablo,hop,8,16,10,1,0,3678700,122946,0,12020.4,401.7,134.71,130.52,2025-08-08 15:21:49.218,diem,17.76,17.76,19.97434385748001,1.0,0,0
b397ae,dota,8,hypercube,diablo,hop,8,16,10,1,0,3678700,86551,0,12031.8,283.1,110.27,96.56,2025-08-08 16:30:52.494,diem,17.76,17.76,20.204240957190706,1.0,0,0
c62b08,10000,1,scale-free-l,diablo,hop,8,16,10,1,0,1199990,21546,0,9998.1,179.5,69.23,64.95,2024-05-27 22:23:56.093,diem,48.93,72.02,7.870241145757141,1.0,0,0
e21989,dota,1,scale-free-l,diablo,hop,8,16,10,1,0,3678700,48613,0,13328.6,176.1,99.94,87.34,2024-05-27 22:59:03.580,diem,38.5,54.01,19.406308091527738,1.0,0,0
995e84,gafam,1,scale-free-l,diablo,hop,8,16,10,1,0,30320,30067,0,167.6,166.2,47.9,45.81,2024-05-27 22:01:10.072,diem,14.05,27.91,17.604443760675075,1.0,0,0
d2b5d2,paypal,1,scale-free-l,diablo,hop,8,16,10,1,0,59990,57378,0,200.0,191.3,13.67,12.12,2024-05-27 21:49:28.820,diem,5.91,11.81,24.353585967313286,1.0,0,0
0c44e8,football,1,scale-free-l,diablo,hop,8,16,10,1,0,4056130,2756,0,36631.6,24.9,69.45,73.92,2024-05-28 13:47:31.580,diem,86.13,158.05,10.353056828192312,1.0,0,0
bb8e1f,visa,1,scale-free-l,diablo,hop,8,16,10,1,0,540000,86816,0,1800.0,289.4,142.12,138.77,2024-05-28 13:26:35.489,diem,13.92,27.15,22.48084736858741,1.0,0,0
11ce63,paypal,1,scale-free-l,diablo,hop,8,16,10,1,0,59990,58342,0,200.0,194.5,11.31,8.76,2024-05-28 13:03:46.328,diem,5.49,11.3,19.417464608718326,1.0,0,0
ec9402,gafam,1,scale-free-l,diablo,hop,8,16,10,1,0,30320,28411,0,167.7,157.1,47.74,46.89,2024-05-28 13:15:08.869,diem,13.41,26.89,13.389253286234382,1.0,0,0
6443a2,visa,2,scale-free-l,diablo,hop,8,16,10,1,0,540000,82718,0,1799.8,275.7,142.88,147.65,2024-06-04 12:21:12.357,diem,16.13,16.13,18.13811900430454,1.0,0,0
6443a2,visa,1,scale-free-l,diablo,hop,8,16,10,1,0,540000,84414,0,1800.0,281.4,139.27,143.32,2024-06-04 12:09:57.914,diem,16.13,16.13,26.598539074618078,1.0,0,0
dc8ab1,paypal,2,scale-free-l,diablo,hop,8,16,10,1,0,59990,58359,0,199.9,194.5,9.78,8.8,2024-06-04 11:36:24.614,diem,16.13,16.13,21.94846185896323,1.0,0,0
50dc59,gafam,2,scale-free-l,diablo,hop,8,16,10,1,0,30320,27005,0,167.7,149.4,42.5,43.02,2024-06-04 11:59:01.526,diem,26.89,26.89,19.914481024625903,1.0,0,0
50dc59,gafam,1,scale-free-l,diablo,hop,8,16,10,1,0,30320,30077,0,167.7,166.3,47.47,47.19,2024-06-04 11:47:57.291,diem,26.89,26.89,16.54773663258929,1.0,0,0
68014b,dota,2,scale-free-l,diablo,hop,8,16,10,1,0,3678700,63086,0,13328.6,228.6,122.95,111.05,2024-06-04 13:57:45.559,diem,17.53,17.53,18.387662238336382,1.0,0,0
68014b,dota,1,scale-free-l,diablo,hop,8,16,10,1,0,3678700,71143,0,12312.0,238.1,134.55,124.38,2024-06-04 13:40:33.345,diem,17.53,17.53,19.779371579287876,1.0,0,0
0d0867,10000,2,scale-free-l,diablo,hop,8,16,10,1,0,1199990,25538,0,9999.9,212.8,71.76,74.33,2024-06-04 12:46:48.134,diem,40.33,40.33,6.957453194328892,1.0,0,0
0d0867,10000,1,scale-free-l,diablo,hop,8,16,10,1,0,1199990,28445,0,9999.9,237.0,75.85,76.79,2024-06-04 12:33:21.263,diem,40.33,40.33,10.210238200324094,1.0,0,0
34a72c,football,2,scale-free-l,diablo,hop,8,16,10,1,0,4056130,3341,0,26239.6,21.6,57.61,64.23,2024-06-04 13:25:06.002,diem,48.39,48.39,10.78031118794568,1.0,0,0
34a72c,football,1,scale-free-l,diablo,hop,8,16,10,1,0,4056130,1007,0,19342.2,4.8,63.64,64.13,2024-06-04 13:05:03.885,diem,48.39,48.39,8.95060414336309,1.0,0,0
b61af5,10000,8,scale-free-l,diablo,hop,8,16,10,1,0,1199990,24000,0,9997.4,200.0,72.43,81.88,2025-06-29 02:17:47.247,diem,40.33,40.33,9.717098742635274,1.0,0,0
b61af5,10000,3,scale-free-l,diablo,hop,8,16,10,1,0,1199990,21228,0,9999.6,176.9,76.38,81.09,2025-06-29 01:10:28.203,diem,40.33,40.33,10.733675328583733,1.0,0,0
b61af5,10000,2,scale-free-l,diablo,hop,8,16,10,1,0,1199990,25000,0,9999.2,208.3,78.61,83.1,2025-06-29 00:56:52.561,diem,40.33,40.33,8.649467184698638,1.0,0,0
b61af5,10000,1,scale-free-l,diablo,hop,8,16,10,1,0,1199990,26043,0,9997.1,217.0,73.1,80.34,2025-06-29 00:43:31.397,diem,40.33,40.33,9.740911032051233,1.0,0,0
b61af5,10000,9,scale-free-l,diablo,hop,8,16,10,1,0,1199990,30003,0,9956.1,248.9,74.86,75.35,2025-06-29 02:31:23.210,diem,40.33,40.33,11.506554943628412,1.0,0,0
b61af5,10000,4,scale-free-l,diablo,hop,8,16,10,1,0,1199990,30282,0,9991.6,252.1,66.82,68.61,2025-06-29 01:23:53.684,diem,40.33,40.33,11.930592894764326,1.0,0,0
b61af5,10000,5,scale-free-l,diablo,hop,8,16,10,1,0,1199990,27000,0,9997.5,224.9,73.13,72.77,2025-06-29 01:37:28.357,diem,40.33,40.33,9.961123844601305,1.0,0,0
b61af5,10000,6,scale-free-l,diablo,hop,8,16,10,1,0,1199990,31000,0,9999.9,258.3,71.31,69.29,2025-06-29 01:50:52.831,diem,40.33,40.33,10.205491717123646,1.0,0,0
b61af5,10000,10,scale-free-l,diablo,hop,8,16,10,1,0,1199990,27937,0,9995.3,232.7,78.27,78.32,2025-06-29 02:45:01.959,diem,40.33,40.33,14.539700807649263,1.0,0,0
b61af5,10000,7,scale-free-l,diablo,hop,8,16,10,1,0,1199990,26000,0,9999.9,216.7,67.84,67.69,2025-06-29 02:04:21.052,diem,40.33,40.33,9.40903926047691,1.0,0,0
062a07,dota,8,scale-free-l,diablo,hop,8,16,10,1,0,3678700,45664,0,13316.8,165.3,95.13,85.46,2025-06-29 08:02:48.628,diem,17.53,17.53,19.587055633654284,1.0,0,0
062a07,dota,3,scale-free-l,diablo,hop,8,16,10,1,0,3678700,70711,0,13328.6,256.2,129.28,123.42,2025-06-29 06:37:32.348,diem,17.53,17.53,17.61592678588021,1.0,0,0
062a07,dota,2,scale-free-l,diablo,hop,8,16,10,1,0,3678700,45142,0,13328.6,163.6,102.71,98.1,2025-06-29 06:19:47.574,diem,17.53,17.53,20.319447169738034,1.0,0,0
062a07,dota,1,scale-free-l,diablo,hop,8,16,10,1,0,3678700,30380,0,13324.1,110.0,80.5,78.36,2025-06-29 06:02:42.390,diem,17.53,17.53,17.542793396723336,1.0,0,0
062a07,dota,9,scale-free-l,diablo,hop,8,16,10,1,0,3678700,46119,0,13318.7,167.0,95.03,94.6,2025-06-29 08:20:25.590,diem,17.53,17.53,21.208143109734788,1.0,0,0
062a07,dota,4,scale-free-l,diablo,hop,8,16,10,1,0,3678700,18259,0,13320.3,66.1,77.13,58.92,2025-06-29 06:53:57.849,diem,17.53,17.53,20.05614442511626,1.0,0,0
062a07,dota,5,scale-free-l,diablo,hop,8,16,10,1,0,3678700,23944,0,13322.4,86.7,96.55,77.72,2025-06-29 07:11:33.445,diem,17.53,17.53,24.23755320953671,1.0,0,0
062a07,dota,6,scale-free-l,diablo,hop,8,16,10,1,0,3678700,23949,0,13328.6,86.8,92.32,87.71,2025-06-29 07:28:49.731,diem,17.53,17.53,23.035030857091517,1.0,0,0
062a07,dota,10,scale-free-l,diablo,hop,8,16,10,1,0,3678700,42294,0,13325.4,153.2,100.24,92.06,2025-06-29 08:38:37.805,diem,17.53,17.53,25.044642047034362,1.0,0,0
062a07,dota,7,scale-free-l,diablo,hop,8,16,10,1,0,3678700,71624,0,13327.8,259.5,128.27,121.38,2025-06-29 07:46:11.379,diem,17.53,17.53,18.350472099230707,1.0,0,0
5c5b96,visa,8,scale-free-l,diablo,hop,8,16,10,1,0,540000,86507,0,1772.3,283.9,148.98,151.13,2025-06-29 00:08:17.954,diem,16.13,16.13,24.942403570081982,1.0,0,0
5c5b96,visa,3,scale-free-l,diablo,hop,8,16,10,1,0,540000,97830,0,1774.8,321.5,138.55,139.71,2025-06-28 23:09:44.233,diem,16.13,16.13,21.824610731388255,1.0,0,0
5c5b96,visa,2,scale-free-l,diablo,hop,8,16,10,1,0,540000,92786,0,1794.0,308.3,141.51,146.88,2025-06-28 22:58:05.557,diem,16.13,16.13,22.907571755480195,1.0,0,0
5c5b96,visa,1,scale-free-l,diablo,hop,8,16,10,1,0,540000,81509,0,1799.2,271.6,143.59,144.43,2025-06-28 22:46:50.059,diem,16.13,16.13,19.249101813604245,1.0,0,0
5c5b96,visa,9,scale-free-l,diablo,hop,8,16,10,1,0,540000,91146,0,1772.3,299.2,144.52,147.14,2025-06-29 00:19:59.181,diem,16.13,16.13,23.01917480635774,1.0,0,0
5c5b96,visa,5,scale-free-l,diablo,hop,8,16,10,1,0,540000,78779,0,1798.6,262.4,142.67,142.06,2025-06-28 23:32:58.410,diem,16.13,16.13,21.57077027685281,1.0,0,0
5c5b96,visa,6,scale-free-l,diablo,hop,8,16,10,1,0,540000,84001,0,1772.3,275.7,141.49,141.83,2025-06-28 23:44:43.070,diem,16.13,16.13,21.951560653130613,1.0,0,0
5c5b96,visa,10,scale-free-l,diablo,hop,8,16,10,1,0,540000,88331,0,1778.2,290.9,144.2,146.95,2025-06-29 00:31:33.520,diem,16.13,16.13,22.247969391640442,1.0,0,0
5c5b96,visa,7,scale-free-l,diablo,hop,8,16,10,1,0,540000,85909,0,1789.1,284.6,143.88,146.86,2025-06-28 23:56:33.742,diem,16.13,16.13,24.3482605487825,1.0,0,0
6251a6,gafam,8,scale-free-l,diablo,hop,8,16,10,1,0,30320,30083,0,167.7,166.4,45.62,50.45,2025-06-28 20:18:22.322,diem,26.89,26.89,16.785032366299976,1.0,0,0
6251a6,gafam,3,scale-free-l,diablo,hop,8,16,10,1,0,30320,27023,0,167.7,149.5,48.98,48.52,2025-06-28 19:24:28.215,diem,26.89,26.89,14.949162974407054,1.0,0,0
6251a6,gafam,2,scale-free-l,diablo,hop,8,16,10,1,0,30320,30094,0,167.7,166.4,40.95,40.2,2025-06-28 19:13:44.701,diem,26.89,26.89,13.377757535545502,1.0,0,0
6251a6,gafam,1,scale-free-l,diablo,hop,8,16,10,1,0,30320,17734,0,167.7,98.1,36.5,36.4,2025-06-28 19:02:48.196,diem,26.89,26.89,15.858262857504883,1.0,0,0
6251a6,gafam,9,scale-free-l,diablo,hop,8,16,10,1,0,30320,30092,0,167.7,166.4,48.48,50.19,2025-06-28 20:28:50.307,diem,26.89,26.89,10.115049636908624,1.0,0,0
6251a6,gafam,4,scale-free-l,diablo,hop,8,16,10,1,0,30320,30103,0,167.7,166.5,59.47,60.66,2025-06-28 19:35:18.343,diem,26.89,26.89,15.967662175642147,1.0,0,0
6251a6,gafam,5,scale-free-l,diablo,hop,8,16,10,1,0,30320,30071,0,167.7,166.3,48.2,54.76,2025-06-28 19:46:14.653,diem,26.89,26.89,14.185386502383883,1.0,0,0
6251a6,gafam,6,scale-free-l,diablo,hop,8,16,10,1,0,30320,30088,0,167.7,166.4,46.19,50.15,2025-06-28 19:56:57.018,diem,26.89,26.89,15.618430618515932,1.0,0,0
6251a6,gafam,10,scale-free-l,diablo,hop,8,16,10,1,0,30320,26709,0,167.7,147.7,53.47,50.96,2025-06-28 20:40:38.106,diem,26.89,26.89,11.876878567173978,1.0,0,0
6251a6,gafam,7,scale-free-l,diablo,hop,8,16,10,1,0,30320,29417,0,167.7,162.7,43.13,44.01,2025-06-28 20:07:22.890,diem,26.89,26.89,14.958003938334482,1.0,0,0
529eb8,paypal,8,scale-free-l,diablo,hop,8,16,10,1,0,59990,56070,0,200.0,186.9,11.46,10.03,2025-06-28 22:11:28.686,diem,16.13,16.13,23.31969114718034,1.0,0,0
529eb8,paypal,3,scale-free-l,diablo,hop,8,16,10,1,0,59990,58131,0,200.0,193.8,15.48,11.94,2025-06-28 21:13:26.173,diem,16.13,16.13,20.6555632264647,1.0,0,0
529eb8,paypal,2,scale-free-l,diablo,hop,8,16,10,1,0,59990,58427,0,200.0,194.8,11.12,9.29,2025-06-28 21:02:11.944,diem,16.13,16.13,23.32481236832867,1.0,0,0
529eb8,paypal,1,scale-free-l,diablo,hop,8,16,10,1,0,59990,57482,0,200.0,191.6,12.45,10.16,2025-06-28 20:50:26.123,diem,16.13,16.13,22.76404987017402,1.0,0,0
529eb8,paypal,9,scale-free-l,diablo,hop,8,16,10,1,0,59990,58272,0,200.0,194.3,9.59,8.76,2025-06-28 22:23:04.485,diem,16.13,16.13,24.26817752519371,1.0,0,0
529eb8,paypal,4,scale-free-l,diablo,hop,8,16,10,1,0,59990,58278,0,200.0,194.3,11.81,9.59,2025-06-28 21:24:57.716,diem,16.13,16.13,21.832663123076035,1.0,0,0
529eb8,paypal,5,scale-free-l,diablo,hop,8,16,10,1,0,59990,57953,0,200.0,193.2,12.43,9.17,2025-06-28 21:36:35.443,diem,16.13,16.13,26.6872854120756,1.0,0,0
529eb8,paypal,6,scale-free-l,diablo,hop,8,16,10,1,0,59990,58438,0,199.9,194.8,11.3,9.05,2025-06-28 21:48:17.891,diem,16.13,16.13,23.314494245990186,1.0,0,0
529eb8,paypal,10,scale-free-l,diablo,hop,8,16,10,1,0,59990,57199,0,200.0,190.7,11.88,10.05,2025-06-28 22:34:35.803,diem,16.13,16.13,18.128126895638584,1.0,0,0
529eb8,paypal,7,scale-free-l,diablo,hop,8,16,10,1,0,59990,58299,0,200.0,194.3,15.71,12.9,2025-06-28 21:59:54.265,diem,16.13,16.13,23.764895625208233,1.0,0,0
c5c20c,football,8,scale-free-l,diablo,hop,8,16,10,1,0,4056130,3956,0,29609.3,28.9,63.04,62.79,2025-06-29 05:10:20.446,diem,48.39,48.39,11.602272252062976,1.0,0,0
c5c20c,football,3,scale-free-l,diablo,hop,8,16,10,1,0,4056130,3065,0,23651.5,17.9,59.47,49.94,2025-06-29 03:39:16.675,diem,48.39,48.39,9.610662043041822,1.0,0,0
c5c20c,football,2,scale-free-l,diablo,hop,8,16,10,1,0,4056130,3737,0,18744.2,17.3,40.84,36.78,2025-06-29 03:21:31.375,diem,48.39,48.39,6.879286783091494,1.0,0,0
c5c20c,football,1,scale-free-l,diablo,hop,8,16,10,1,0,4056130,3864,0,29950.4,28.5,78.16,85.61,2025-06-29 03:03:26.259,diem,48.39,48.39,8.502786055093434,1.0,0,0
c5c20c,football,4,scale-free-l,diablo,hop,8,16,10,1,0,4056130,4316,0,25843.2,27.5,59.12,49.82,2025-06-29 03:57:16.174,diem,48.39,48.39,12.353501362651393,1.0,0,0
c5c20c,football,5,scale-free-l,diablo,hop,8,16,10,1,0,4056130,2408,0,28162.5,16.7,71.35,90.98,2025-06-29 04:15:38.362,diem,48.39,48.39,8.437468832331497,1.0,0,0
c5c20c,football,6,scale-free-l,diablo,hop,8,16,10,1,0,4056130,2534,0,19748.0,12.3,45.32,34.91,2025-06-29 04:33:39.307,diem,48.39,48.39,7.364762907499974,1.0,0,0
c5c20c,football,10,scale-free-l,diablo,hop,8,16,10,1,0,4056130,2550,0,25705.3,16.2,62.05,73.38,2025-06-29 05:45:13.171,diem,48.39,48.39,10.021456443593236,1.0,0,0
c5c20c,football,7,scale-free-l,diablo,hop,8,16,10,1,0,4056130,3723,0,19745.1,18.1,52.67,42.48,2025-06-29 04:51:47.361,diem,48.39,48.39,8.773949933402383,1.0,0,0
c8b1ba,10000,1,torus-l,diablo,hop,8,16,10,1,0,1199990,45113,0,9956.7,374.3,69.46,69.75,2024-06-04 16:00:01.957,diem,40.33,40.33,11.14306601951445,1.0,0,0
c8b1ba,10000,2,torus-l,diablo,hop,8,16,10,1,0,1199990,34513,0,9999.9,287.6,62.8,69.53,2024-06-04 16:13:37.249,diem,40.33,40.33,10.918642931222719,1.0,0,0
8c8737,football,1,torus-l,diablo,hop,8,16,10,1,0,4056130,8444,0,27240.9,56.7,62.14,69.37,2024-06-04 16:32:32.445,diem,48.39,48.39,9.514121926140954,1.0,0,0
8c8737,football,2,torus-l,diablo,hop,8,16,10,1,0,4056130,6028,0,26769.4,39.8,43.7,35.98,2024-06-04 16:50:07.483,diem,48.39,48.39,9.528485188888915,1.0,0,0
33ac13,dota,1,torus-l,diablo,hop,8,16,10,1,0,3678700,20463,0,13307.8,74.0,65.12,49.26,2024-06-04 17:07:42.712,diem,17.53,17.53,19.211122864265082,1.0,0,0
33ac13,dota,2,torus-l,diablo,hop,8,16,10,1,0,3678700,101641,0,11937.5,329.8,120.47,111.12,2024-06-04 17:25:12.235,diem,17.53,17.53,17.204499389180146,1.0,0,0
1c87eb,gafam,1,torus-l,diablo,hop,8,16,10,1,0,30320,30213,0,167.7,167.1,34.35,38.6,2024-06-04 15:15:03.116,diem,26.89,26.89,12.306427996746367,1.0,0,0
1c87eb,gafam,2,torus-l,diablo,hop,8,16,10,1,0,30320,27432,0,167.7,151.7,31.8,33.63,2024-06-04 15:25:54.519,diem,26.89,26.89,16.018931880156504,1.0,0,0
a93ecc,visa,1,torus-l,diablo,hop,8,16,10,1,0,540000,126637,0,1777.1,416.7,128.11,126.3,2024-06-04 15:36:26.089,diem,16.13,16.13,21.428684879754556,1.0,0,0
a93ecc,visa,2,torus-l,diablo,hop,8,16,10,1,0,540000,120507,0,1776.7,396.5,131.7,134.8,2024-06-04 15:48:15.905,diem,16.13,16.13,26.15865388349165,1.0,0,0
c0345f,paypal,1,torus-l,diablo,hop,8,16,10,1,0,59990,58722,0,199.9,195.7,7.6,6.28,2024-06-04 14:51:40.162,diem,16.13,16.13,23.13201447167339,1.0,0,0
260ccf,visa,6,torus-l,diablo,hop,8,16,10,1,0,540000,128490,0,1770.5,421.3,125.96,125.61,2025-06-30 06:17:54.470,diem,16.13,16.13,18.849270021058267,1.0,0,0
260ccf,visa,2,torus-l,diablo,hop,8,16,10,1,0,540000,126863,0,1775.6,417.1,126.6,126.5,2025-06-30 05:31:20.833,diem,16.13,16.13,28.6323728855609,1.0,0,0
260ccf,visa,5,torus-l,diablo,hop,8,16,10,1,0,540000,122751,0,1769.4,402.2,129.34,131.04,2025-06-30 06:06:07.889,diem,16.13,16.13,17.268850682355538,1.0,0,0
260ccf,visa,3,torus-l,diablo,hop,8,16,10,1,0,540000,124437,0,1769.3,407.7,123.75,122.2,2025-06-30 05:43:14.570,diem,16.13,16.13,25.43185654582613,1.0,0,0
260ccf,visa,10,torus-l,diablo,hop,8,16,10,1,0,540000,118306,0,1778.3,389.6,128.02,128.44,2025-06-30 07:04:38.652,diem,16.13,16.13,24.955917034658277,1.0,0,0
260ccf,visa,1,torus-l,diablo,hop,8,16,10,1,0,540000,128584,0,1771.6,421.9,126.1,125.48,2025-06-30 05:19:36.090,diem,16.13,16.13,25.29654026834707,1.0,0,0
260ccf,visa,7,torus-l,diablo,hop,8,16,10,1,0,540000,117011,0,1773.9,384.4,125.61,125.57,2025-06-30 06:29:40.962,diem,16.13,16.13,22.24834232954614,1.0,0,0
260ccf,visa,4,torus-l,diablo,hop,8,16,10,1,0,540000,112200,0,1774.2,368.6,129.52,129.04,2025-06-30 05:54:46.448,diem,16.13,16.13,18.756080764810463,1.0,0,0
260ccf,visa,9,torus-l,diablo,hop,8,16,10,1,0,540000,114584,0,1780.4,377.8,133.03,134.23,2025-06-30 06:53:05.327,diem,16.13,16.13,22.890845890972397,1.0,0,0
260ccf,visa,8,torus-l,diablo,hop,8,16,10,1,0,540000,110236,0,1792.1,365.8,127.05,125.84,2025-06-30 06:41:14.879,diem,16.13,16.13,26.18990002207931,1.0,0,0
06e269,dota,6,torus-l,diablo,hop,8,16,10,1,0,3678700,38615,0,13318.2,139.8,69.38,63.81,2025-06-30 14:02:11.674,diem,17.53,17.53,18.668602036715956,1.0,0,0
06e269,dota,2,torus-l,diablo,hop,8,16,10,1,0,3678700,62092,0,12599.1,212.7,89.32,84.41,2025-06-30 12:53:35.670,diem,17.53,17.53,21.973226369850515,1.0,0,0
06e269,dota,5,torus-l,diablo,hop,8,16,10,1,0,3678700,35188,0,13328.6,127.5,105.9,92.11,2025-06-30 13:45:12.264,diem,17.53,17.53,20.017425281536426,1.0,0,0
06e269,dota,3,torus-l,diablo,hop,8,16,10,1,0,3678700,86638,0,12793.8,301.3,135.23,128.86,2025-06-30 13:11:01.584,diem,17.53,17.53,19.883938820106057,1.0,0,0
06e269,dota,10,torus-l,diablo,hop,8,16,10,1,0,3678700,86789,0,12033.7,283.9,118.1,107.35,2025-06-30 15:10:48.855,diem,17.53,17.53,15.966681299428815,1.0,0,0
06e269,dota,1,torus-l,diablo,hop,8,16,10,1,0,3678700,65245,0,12424.2,220.4,104.86,96.67,2025-06-30 12:36:41.474,diem,17.53,17.53,22.262640297194245,1.0,0,0
06e269,dota,7,torus-l,diablo,hop,8,16,10,1,0,3678700,44310,0,12302.2,148.2,61.06,55.86,2025-06-30 14:19:24.644,diem,17.53,17.53,21.58933427773418,1.0,0,0
06e269,dota,4,torus-l,diablo,hop,8,16,10,1,0,3678700,98034,0,13328.6,355.2,126.74,114.14,2025-06-30 13:27:43.055,diem,17.53,17.53,20.716116312448563,1.0,0,0
06e269,dota,9,torus-l,diablo,hop,8,16,10,1,0,3678700,74232,0,11970.4,241.5,107.91,97.95,2025-06-30 14:53:30.234,diem,17.53,17.53,21.056932241568912,1.0,0,0
a1394f,gafam,6,torus-l,diablo,hop,8,16,10,1,0,30320,30159,0,167.7,166.8,34.79,38.8,2025-06-30 02:29:24.904,diem,26.89,26.89,13.767583688903395,1.0,0,0
a1394f,gafam,2,torus-l,diablo,hop,8,16,10,1,0,30320,30164,0,167.7,166.8,38.08,43.93,2025-06-30 01:46:31.901,diem,26.89,26.89,17.169332203133518,1.0,0,0
a1394f,gafam,5,torus-l,diablo,hop,8,16,10,1,0,30320,30182,0,167.7,166.9,32.58,33.81,2025-06-30 02:19:00.127,diem,26.89,26.89,10.190522446932388,1.0,0,0
a1394f,gafam,3,torus-l,diablo,hop,8,16,10,1,0,30320,30204,0,167.7,167.0,34.26,35.86,2025-06-30 01:57:32.303,diem,26.89,26.89,10.289003637525607,1.0,0,0
a1394f,gafam,10,torus-l,diablo,hop,8,16,10,1,0,30320,30199,0,167.7,167.0,37.17,40.6,2025-06-30 03:12:39.983,diem,26.89,26.89,15.58132142911979,1.0,0,0
a1394f,gafam,1,torus-l,diablo,hop,8,16,10,1,0,30320,30167,0,167.7,166.8,32.26,34.49,2025-06-30 01:35:36.995,diem,26.89,26.89,22.498925536436314,1.0,0,0
a1394f,gafam,7,torus-l,diablo,hop,8,16,10,1,0,30320,28710,0,167.7,158.8,33.53,37.0,2025-06-30 02:40:17.564,diem,26.89,26.89,16.929486427710717,1.0,0,0
a1394f,gafam,4,torus-l,diablo,hop,8,16,10,1,0,30320,30174,0,167.7,166.9,28.94,30.19,2025-06-30 02:08:24.937,diem,26.89,26.89,10.57089748137304,1.0,0,0
a1394f,gafam,9,torus-l,diablo,hop,8,16,10,1,0,30320,29241,0,167.7,161.7,36.63,39.27,2025-06-30 03:01:53.342,diem,26.89,26.89,18.489910883901782,1.0,0,0
a1394f,gafam,8,torus-l,diablo,hop,8,16,10,1,0,30320,30138,0,167.7,166.7,36.24,38.06,2025-06-30 02:51:27.768,diem,26.89,26.89,16.7822675711054,1.0,0,0
6903ef,football,6,torus-l,diablo,hop,8,16,10,1,0,4056130,5799,0,22208.1,31.8,51.54,44.87,2025-06-30 11:06:54.159,diem,48.39,48.39,8.122177053449112,1.0,0,0
6903ef,football,2,torus-l,diablo,hop,8,16,10,1,0,4056130,7256,0,20637.2,36.9,43.39,27.7,2025-06-30 09:54:13.219,diem,48.39,48.39,8.502241060962959,1.0,0,0
6903ef,football,5,torus-l,diablo,hop,8,16,10,1,0,4056130,2011,0,20017.6,9.9,49.88,38.23,2025-06-30 10:48:40.850,diem,48.39,48.39,6.245174918770496,1.0,0,0
6903ef,football,3,torus-l,diablo,hop,8,16,10,1,0,4056130,3507,0,21257.6,18.4,30.72,24.32,2025-06-30 10:12:21.645,diem,48.39,48.39,10.595060721044078,1.0,0,0
6903ef,football,10,torus-l,diablo,hop,8,16,10,1,0,4056130,4971,0,25933.9,31.8,33.2,24.11,2025-06-30 12:19:19.999,diem,48.39,48.39,9.50726854128487,1.0,0,0
6903ef,football,1,torus-l,diablo,hop,8,16,10,1,0,4056130,6040,0,27195.2,40.5,35.6,22.96,2025-06-30 09:36:02.777,diem,48.39,48.39,8.508158254861799,1.0,0,0
6903ef,football,7,torus-l,diablo,hop,8,16,10,1,0,4056130,4632,0,20606.4,23.5,34.72,29.25,2025-06-30 11:25:05.128,diem,48.39,48.39,10.486871502245585,1.0,0,0
6903ef,football,4,torus-l,diablo,hop,8,16,10,1,0,4056130,2702,0,21382.0,14.2,50.89,49.59,2025-06-30 10:30:41.673,diem,48.39,48.39,11.418501784654609,1.0,0,0
6903ef,football,9,torus-l,diablo,hop,8,16,10,1,0,4056130,4529,0,27673.0,30.9,59.35,54.1,2025-06-30 12:01:14.699,diem,48.39,48.39,8.099237596909651,1.0,0,0
6903ef,football,8,torus-l,diablo,hop,8,16,10,1,0,4056130,4063,0,22382.6,22.4,52.32,49.6,2025-06-30 11:43:02.575,diem,48.39,48.39,9.300483738370236,1.0,0,0
20c5d7,paypal,6,torus-l,diablo,hop,8,16,10,1,0,59990,58965,0,200.0,196.5,6.47,5.55,2025-06-30 04:21:12.954,diem,16.13,16.13,24.961162712231413,1.0,0,0
20c5d7,paypal,2,torus-l,diablo,hop,8,16,10,1,0,59990,58804,0,200.0,196.0,6.74,6.0,2025-06-30 03:34:42.798,diem,16.13,16.13,14.186522824590222,1.0,0,0
20c5d7,paypal,5,torus-l,diablo,hop,8,16,10,1,0,59990,58751,0,200.0,195.9,7.4,6.12,2025-06-30 04:09:46.376,diem,16.13,16.13,26.450096368448428,1.0,0,0
20c5d7,paypal,3,torus-l,diablo,hop,8,16,10,1,0,59990,58692,0,199.9,195.6,7.08,5.76,2025-06-30 03:46:50.819,diem,16.13,16.13,20.82836835558245,1.0,0,0
20c5d7,paypal,10,torus-l,diablo,hop,8,16,10,1,0,59990,58973,0,200.0,196.6,7.36,6.13,2025-06-30 05:07:39.517,diem,16.13,16.13,18.763035758957468,1.0,0,0
20c5d7,paypal,1,torus-l,diablo,hop,8,16,10,1,0,59990,58846,0,200.0,196.2,7.88,6.12,2025-06-30 03:23:12.311,diem,16.13,16.13,18.57825871455266,1.0,0,0
20c5d7,paypal,7,torus-l,diablo,hop,8,16,10,1,0,59990,58862,0,200.0,196.2,7.66,6.42,2025-06-30 04:33:03.006,diem,16.13,16.13,24.8248886153532,1.0,0,0
20c5d7,paypal,4,torus-l,diablo,hop,8,16,10,1,0,59990,58700,0,200.0,195.7,7.1,6.42,2025-06-30 03:58:03.918,diem,16.13,16.13,21.744770789563276,1.0,0,0
20c5d7,paypal,9,torus-l,diablo,hop,8,16,10,1,0,59990,58964,0,200.0,196.6,7.84,5.83,2025-06-30 04:56:38.681,diem,16.13,16.13,19.63951691401339,1.0,0,0
20c5d7,paypal,8,torus-l,diablo,hop,8,16,10,1,0,59990,58809,0,199.9,196.0,7.56,6.44,2025-06-30 04:44:33.936,diem,16.13,16.13,19.50608265618148,1.0,0,0
af88c3,10000,6,torus-l,diablo,hop,8,16,10,1,0,1199990,40149,0,9982.6,334.0,71.88,76.62,2025-06-30 08:24:21.414,diem,40.33,40.33,7.454098522721679,1.0,0,0
af88c3,10000,2,torus-l,diablo,hop,8,16,10,1,0,1199990,27147,0,9993.8,226.1,69.11,78.16,2025-06-30 07:30:03.812,diem,40.33,40.33,10.440712730871704,1.0,0,0
af88c3,10000,5,torus-l,diablo,hop,8,16,10,1,0,1199990,43626,0,9954.8,361.9,68.95,69.27,2025-06-30 08:10:29.085,diem,40.33,40.33,10.157993767863926,1.0,0,0
af88c3,10000,3,torus-l,diablo,hop,8,16,10,1,0,1199990,38466,0,9997.3,320.5,66.3,69.96,2025-06-30 07:43:40.513,diem,40.33,40.33,13.211029253959918,1.0,0,0
af88c3,10000,10,torus-l,diablo,hop,8,16,10,1,0,1199990,32880,0,9993.6,273.8,67.11,60.68,2025-06-30 09:17:45.298,diem,40.33,40.33,12.00961181853316,1.0,0,0
af88c3,10000,1,torus-l,diablo,hop,8,16,10,1,0,1199990,42801,0,9996.1,356.5,69.22,69.22,2025-06-30 07:16:45.105,diem,40.33,40.33,7.075380483710214,1.0,0,0
af88c3,10000,7,torus-l,diablo,hop,8,16,10,1,0,1199990,40848,0,9101.8,309.8,70.06,73.84,2025-06-30 08:37:37.560,diem,40.33,40.33,6.586590128861437,1.0,0,0
af88c3,10000,4,torus-l,diablo,hop,8,16,10,1,0,1199990,39586,0,9999.9,329.9,69.72,70.83,2025-06-30 07:57:10.009,diem,40.33,40.33,13.158826514786627,1.0,0,0
af88c3,10000,9,torus-l,diablo,hop,8,16,10,1,0,1199990,41000,0,9999.9,341.7,71.25,70.89,2025-06-30 09:04:34.704,diem,40.33,40.33,13.521181051540841,1.0,0,0
af88c3,10000,8,torus-l,diablo,hop,8,16,10,1,0,1199990,36573,0,9953.9,303.4,68.5,67.67,2025-06-30 08:50:52.046,diem,40.33,40.33,10.067593083897572,1.0,0,0
4a540c,10000,1,torus-l,diablo,hop,8,16,10,1,0,1199990,39666,0,9994.6,330.4,72.7,76.24,2024-05-05 02:26:50.386,diem,92.88,144.93,10.934052660146785,0.0,0,0
e24c54,football,1,torus-l,diablo,hop,8,16,10,1,0,4056130,4985,0,29870.8,36.7,49.1,42.09,2024-05-05 02:45:21.959,diem,142.46,218.06,8.460306580386744,0.0,0,0
d179b1,gafam,1,torus-l,diablo,hop,8,16,10,1,0,30320,25009,0,167.7,138.3,33.33,30.97,2024-05-05 02:03:52.818,diem,13.93,28.53,12.171912798113112,0.0,0,0
8680d9,visa,1,torus-l,diablo,hop,8,16,10,1,0,540000,102967,0,1776.3,338.7,138.03,146.55,2024-05-05 02:14:34.885,diem,17.62,36.05,23.43366817188341,0.0,0,0
e92ade,paypal,1,torus-l,diablo,hop,8,16,10,1,0,59990,58908,0,200.0,196.4,8.26,6.34,2024-05-05 01:52:25.597,diem,5.78,11.89,24.924994933155943,0.0,0,0
f38f1f,dota,1,torus-l,diablo,hop,8,16,10,1,0,3678700,98936,0,12066.0,324.5,126.85,117.27,2024-05-05 14:14:08.960,diem,20.07,29.74,22.119770795302927,0.0,0,0
dfab1e,10000,1,fat-tree-l,diablo,hop,8,16,10,4,0,1199990,14000,0,9999.9,116.7,75.18,99.61,2024-05-20 06:00:38.171,diem,91.18,93.94,7.9954418984415385,1.0,0,0
b871f0,gafam,1,fat-tree-l,diablo,hop,8,16,10,4,0,30320,30135,0,167.7,166.7,54.54,54.95,2024-05-20 05:35:36.233,diem,23.05,24.14,13.399985270748465,1.0,0,0
51c81d,paypal,1,fat-tree-l,diablo,hop,8,16,10,4,0,59990,56291,0,200.0,187.7,30.57,32.44,2024-05-20 05:22:39.510,diem,8.21,8.27,25.272117323239794,1.0,0,0
b6b397,visa,1,fat-tree-l,diablo,hop,8,16,10,4,0,540000,54000,0,1800.0,180.0,160.99,165.58,2024-05-20 05:47:08.180,diem,23.03,23.78,19.057407431057005,1.0,0,0
97c580,dota,1,fat-tree-l,diablo,hop,8,16,10,4,0,3678700,67896,0,13322.1,245.9,144.69,142.21,2024-05-20 06:38:23.897,diem,64.81,68.29,26.97793411157299,1.0,0,0
e4be2c,football,1,fat-tree-l,diablo,hop,8,16,10,4,0,4056130,4420,0,19222.4,20.9,38.42,30.36,2024-05-20 06:19:53.038,diem,143.94,150.45,10.660237619793708,1.0,0,0
e694b2,football,1,full-mesh,diablo,hop,8,16,10,4,0,4056130,4506,0,18491.4,20.5,48.05,36.59,2024-05-19 23:44:25.771,diem,141.07,160.28,6.774139597187402,1.0,0,0
23fc43,visa,1,full-mesh,diablo,hop,8,16,10,4,0,540000,57044,0,1800.0,190.1,154.59,150.43,2024-05-19 23:11:03.628,diem,22.73,25.65,24.555159926598172,1.0,0,0
e388d0,paypal,1,full-mesh,diablo,hop,8,16,10,4,0,59990,55471,0,200.0,184.9,21.42,20.54,2024-05-19 22:46:04.910,diem,8.01,8.32,24.1854275007941,1.0,0,0
556631,dota,1,full-mesh,diablo,hop,8,16,10,4,0,3678700,64486,0,12574.0,220.4,142.68,131.04,2024-05-20 00:03:28.909,diem,62.53,70.6,23.728136817462616,1.0,0,0
3fe8bc,gafam,1,full-mesh,diablo,hop,8,16,10,4,0,30320,30180,0,167.7,166.9,46.04,49.63,2024-05-19 22:58:46.718,diem,21.71,24.16,17.04409682467656,1.0,0,0
2913a6,10000,1,full-mesh,diablo,hop,8,16,10,4,0,1199990,20173,0,9999.9,168.1,71.17,73.18,2024-05-19 23:24:25.853,diem,92.48,104.21,11.513342889925994,1.0,0,0
822993,football,1,hypercube,diablo,hop,8,16,10,4,0,4056130,4566,0,21726.2,24.5,35.02,32.6,2024-05-20 08:37:34.201,diem,139.76,153.45,8.410807377990738,1.0,0,0
d4cbbb,visa,1,hypercube,diablo,hop,8,16,10,4,0,540000,62060,0,1787.8,205.5,153.54,154.46,2024-05-20 08:04:10.318,diem,23.42,25.86,21.960340965281162,1.0,0,0
3d810c,paypal,1,hypercube,diablo,hop,8,16,10,4,0,59990,55514,0,200.0,185.1,22.66,21.87,2024-05-20 07:38:50.131,diem,9.49,9.93,21.959454903928286,1.0,0,0
c2a06f,10000,1,hypercube,diablo,hop,8,16,10,4,0,1199990,21255,0,9997.2,177.1,83.83,98.15,2024-05-20 08:17:35.925,diem,94.2,101.01,11.976303160178803,1.0,0,0
c68746,10000,1,hypercube,diablo,hop,8,16,10,4,0,1199990,18000,0,9994.8,149.9,62.38,61.83,2024-05-21 07:29:26.037,diem,44.09,43.75,10.211061696661735,1.0,0,0
930343,dota,1,hypercube,diablo,hop,8,16,10,4,0,3678700,65970,0,13050.9,234.0,146.51,133.8,2024-05-21 07:47:54.356,diem,35.92,36.72,25.469578562205122,1.0,0,0
49a85a,gafam,1,hypercube,diablo,hop,8,16,10,4,0,30320,27167,0,167.7,150.2,65.01,66.63,2024-05-21 07:17:04.585,diem,11.9,11.62,14.709686060160957,1.0,0,0
01b238,10000,1,fat-tree-l,diablo,hop,8,16,10,4,0,1199990,12245,0,9999.9,102.0,78.07,75.32,2024-06-07 14:47:07.417,diem,17.43,17.43,7.011054342511592,1.0,0,0
300e84,gafam,1,fat-tree-l,diablo,hop,8,16,10,4,0,30320,30150,0,167.7,166.7,64.03,65.56,2024-06-07 13:56:44.470,diem,11.62,11.62,13.22254403219519,1.0,0,0
f6c214,paypal,2,fat-tree-l,diablo,hop,8,16,10,4,0,59990,58621,0,200.0,195.4,20.68,18.11,2024-06-07 13:43:02.866,diem,6.97,6.97,15.817510457510792,1.0,0,0
e08835,visa,1,fat-tree-l,diablo,hop,8,16,10,4,0,540000,60191,0,1799.2,200.6,151.8,146.37,2024-06-07 14:20:15.290,diem,6.97,6.97,25.53969558295236,1.0,0,0
e08835,visa,2,fat-tree-l,diablo,hop,8,16,10,4,0,540000,57000,0,1800.0,190.0,169.61,185.18,2024-06-07 14:33:14.582,diem,6.97,6.97,28.60008979345129,1.0,0,0
f8d161,dota,2,fat-tree-l,diablo,hop,8,16,10,4,0,3678700,75100,0,13327.3,272.1,137.08,131.11,2024-06-07 16:14:35.753,diem,7.58,7.58,15.646268336474227,1.0,0,0
bd15f9,football,2,fat-tree-l,diablo,hop,8,16,10,4,0,4056130,3070,0,20640.6,15.6,46.05,39.02,2024-06-07 15:37:56.764,diem,20.92,20.92,11.415668887826616,1.0,0,0
c2683d,dota,2,fat-tree-l,diablo,hop,8,16,10,4,0,3678700,73313,0,13328.6,265.6,141.28,138.33,2024-06-12 12:22:21.345,diem,7.58,7.58,26.541333548526424,1.0,0,0
90c4c3,football,2,fat-tree-l,diablo,hop,8,16,10,4,0,4056130,2991,0,18984.0,14.0,47.26,33.17,2024-06-12 11:45:44.260,diem,20.92,20.92,7.838613342362849,1.0,0,0
90c4c3,football,1,fat-tree-l,diablo,hop,8,16,10,4,0,4056130,3515,0,19649.9,17.0,36.55,24.44,2024-06-12 11:26:39.627,diem,20.92,20.92,7.800519883965396,1.0,0,0
6c7fee,paypal,2,fat-tree-l,diablo,hop,8,16,10,4,0,59990,57392,0,200.0,191.3,22.0,16.96,2024-06-12 12:49:25.717,diem,6.97,6.97,16.7872766400743,1.0,0,0
83f134,dota,1,fat-tree-l,diablo,hop,8,16,10,4,0,3678700,70844,0,13327.8,256.7,144.11,146.03,2024-06-13 20:06:52.619,diem,7.58,7.58,21.898512705224032,1.0,0,0
83f134,dota,2,fat-tree-l,diablo,hop,8,16,10,4,0,3678700,75545,0,12432.0,255.3,141.82,138.55,2024-06-13 20:24:29.744,diem,7.58,7.58,16.60860532368937,1.0,0,0
58c904,visa,1,fat-tree-l,diablo,hop,8,16,10,4,0,540000,63034,0,1800.0,210.1,153.05,154.09,2024-06-13 19:37:07.413,diem,6.97,6.97,22.76311047634754,1.0,0,0
144d2d,paypal,1,fat-tree-l,diablo,hop,8,16,10,4,0,59990,57272,0,200.0,190.9,18.86,15.22,2024-06-13 20:39:19.437,diem,6.97,6.97,23.18039767221507,1.0,0,0
144d2d,paypal,2,fat-tree-l,diablo,hop,8,16,10,4,0,59990,58443,0,199.9,194.8,20.32,19.43,2024-06-13 20:52:29.857,diem,6.97,6.97,23.194084879426292,1.0,0,0
fad36c,10000,8,fat-tree-l,diablo,hop,8,16,10,4,0,1199990,20263,0,9960.1,168.2,83.26,78.02,2025-07-02 07:03:44.209,diem,17.43,17.43,9.191946423875333,1.0,0,0
fad36c,10000,2,fat-tree-l,diablo,hop,8,16,10,4,0,1199990,18000,0,9999.9,150.0,84.45,76.74,2025-07-02 05:35:36.852,diem,17.43,17.43,10.014897241390871,1.0,0,0
fad36c,10000,1,fat-tree-l,diablo,hop,8,16,10,4,0,1199990,13588,0,9997.4,113.2,88.9,101.58,2025-07-02 05:21:14.020,diem,17.43,17.43,10.276756732908932,1.0,0,0
fad36c,10000,9,fat-tree-l,diablo,hop,8,16,10,4,0,1199990,17000,0,9999.9,141.7,79.76,79.29,2025-07-02 07:18:50.691,diem,17.43,17.43,9.412115317844616,1.0,0,0
fad36c,10000,4,fat-tree-l,diablo,hop,8,16,10,4,0,1199990,15000,0,9999.9,125.0,69.42,60.31,2025-07-02 06:05:01.078,diem,17.43,17.43,9.534631192742664,1.0,0,0
fad36c,10000,5,fat-tree-l,diablo,hop,8,16,10,4,0,1199990,20000,0,9999.9,166.7,74.23,78.89,2025-07-02 06:19:32.361,diem,17.43,17.43,10.902351713772354,1.0,0,0
fad36c,10000,6,fat-tree-l,diablo,hop,8,16,10,4,0,1199990,18000,0,9999.9,150.0,77.28,78.74,2025-07-02 06:34:14.205,diem,17.43,17.43,12.29179786546431,1.0,0,0
fad36c,10000,7,fat-tree-l,diablo,hop,8,16,10,4,0,1199990,21000,0,9999.9,175.0,79.42,77.92,2025-07-02 06:49:21.005,diem,17.43,17.43,8.582561885236913,1.0,0,0
1f8436,dota,8,fat-tree-l,diablo,hop,8,16,10,4,0,3678700,66008,0,11998.8,215.3,137.74,130.24,2025-07-02 13:13:43.393,diem,7.58,7.58,20.394683164350067,1.0,0,0
1f8436,dota,3,fat-tree-l,diablo,hop,8,16,10,4,0,3678700,64085,0,13276.4,231.3,148.05,149.69,2025-07-02 11:41:15.136,diem,7.58,7.58,23.316956296832547,1.0,0,0
1f8436,dota,2,fat-tree-l,diablo,hop,8,16,10,4,0,3678700,70893,0,12279.7,236.6,152.87,171.48,2025-07-02 11:23:38.089,diem,7.58,7.58,17.32955491771748,1.0,0,0
1f8436,dota,1,fat-tree-l,diablo,hop,8,16,10,4,0,3678700,70685,0,12199.4,234.4,154.18,152.64,2025-07-02 11:03:59.518,diem,7.58,7.58,20.140888209210832,1.0,0,0
1f8436,dota,9,fat-tree-l,diablo,hop,8,16,10,4,0,3678700,66557,0,12088.1,218.7,143.28,148.72,2025-07-02 13:32:21.579,diem,7.58,7.58,17.836555323059944,1.0,0,0
1f8436,dota,4,fat-tree-l,diablo,hop,8,16,10,4,0,3678700,74334,0,12595.3,254.5,147.72,156.49,2025-07-02 11:59:20.983,diem,7.58,7.58,25.515969240222297,1.0,0,0
1f8436,dota,5,fat-tree-l,diablo,hop,8,16,10,4,0,3678700,32634,0,13328.6,118.2,85.96,88.78,2025-07-02 12:18:05.062,diem,7.58,7.58,21.679488259095262,1.0,0,0
1f8436,dota,6,fat-tree-l,diablo,hop,8,16,10,4,0,3678700,72652,0,12254.7,242.0,143.92,151.22,2025-07-02 12:36:26.046,diem,7.58,7.58,18.695396592686247,1.0,0,0
1f8436,dota,10,fat-tree-l,diablo,hop,8,16,10,4,0,3678700,61006,0,11957.4,198.3,129.81,132.65,2025-07-02 13:50:28.490,diem,7.58,7.58,19.910008609425475,1.0,0,0
1f8436,dota,7,fat-tree-l,diablo,hop,8,16,10,4,0,3678700,73074,0,12516.7,248.6,145.64,142.87,2025-07-02 12:54:58.569,diem,7.58,7.58,21.65569588668975,1.0,0,0
c13f14,visa,8,fat-tree-l,diablo,hop,8,16,10,4,0,540000,58077,0,1800.0,193.6,166.86,167.3,2025-07-02 04:42:02.095,diem,6.97,6.97,22.273242280626096,1.0,0,0
c13f14,visa,3,fat-tree-l,diablo,hop,8,16,10,4,0,540000,60134,0,1799.4,200.4,151.5,156.83,2025-07-02 03:37:11.208,diem,6.97,6.97,21.443321180216245,1.0,0,0
c13f14,visa,2,fat-tree-l,diablo,hop,8,16,10,4,0,540000,18143,0,1799.9,60.5,78.81,79.46,2025-07-02 03:24:59.382,diem,6.97,6.97,22.077727082105085,1.0,0,0
c13f14,visa,1,fat-tree-l,diablo,hop,8,16,10,4,0,540000,59250,0,1799.5,197.4,160.03,154.24,2025-07-02 03:11:08.779,diem,6.97,6.97,17.439436644257874,1.0,0,0
c13f14,visa,9,fat-tree-l,diablo,hop,8,16,10,4,0,540000,56672,0,1799.4,188.8,155.73,165.15,2025-07-02 04:55:04.092,diem,6.97,6.97,23.58846334303015,1.0,0,0
c13f14,visa,4,fat-tree-l,diablo,hop,8,16,10,4,0,540000,57060,0,1799.5,190.1,169.71,170.73,2025-07-02 03:50:00.322,diem,6.97,6.97,24.491733554171805,1.0,0,0
c13f14,visa,5,fat-tree-l,diablo,hop,8,16,10,4,0,540000,64783,0,1799.5,215.9,154.39,171.81,2025-07-02 04:03:03.180,diem,6.97,6.97,23.431055072375724,1.0,0,0
c13f14,visa,6,fat-tree-l,diablo,hop,8,16,10,4,0,540000,62000,0,1800.0,206.7,153.48,158.08,2025-07-02 04:15:54.452,diem,6.97,6.97,23.62178850517737,1.0,0,0
c13f14,visa,7,fat-tree-l,diablo,hop,8,16,10,4,0,540000,64000,0,1800.0,213.3,150.73,152.21,2025-07-02 04:28:46.317,diem,6.97,6.97,22.142645292901054,1.0,0,0
6178d5,gafam,8,fat-tree-l,diablo,hop,8,16,10,4,0,30320,30148,0,167.7,166.7,68.53,72.44,2025-07-02 00:26:59.484,diem,11.62,11.62,14.004393418285517,1.0,0,0
6178d5,gafam,2,fat-tree-l,diablo,hop,8,16,10,4,0,30320,30142,0,167.7,166.7,57.48,67.35,2025-07-01 23:14:54.549,diem,11.62,11.62,12.431716934964024,1.0,0,0
6178d5,gafam,1,fat-tree-l,diablo,hop,8,16,10,4,0,30320,30170,0,167.7,166.9,53.01,60.88,2025-07-01 23:02:54.211,diem,11.62,11.62,15.32220580077635,1.0,0,0
6178d5,gafam,9,fat-tree-l,diablo,hop,8,16,10,4,0,30320,30153,0,167.7,166.8,57.96,54.83,2025-07-02 00:38:57.419,diem,11.62,11.62,14.172654740878386,1.0,0,0
6178d5,gafam,5,fat-tree-l,diablo,hop,8,16,10,4,0,30320,27136,0,167.7,150.1,67.76,72.72,2025-07-01 23:50:30.657,diem,11.62,11.62,18.557845539690238,1.0,0,0
6178d5,gafam,10,fat-tree-l,diablo,hop,8,16,10,4,0,30320,30142,0,167.7,166.7,73.04,71.46,2025-07-02 00:51:00.531,diem,11.62,11.62,16.752168933096,1.0,0,0
6178d5,gafam,7,fat-tree-l,diablo,hop,8,16,10,4,0,30320,26235,0,167.7,145.1,55.73,58.18,2025-07-02 00:14:56.091,diem,11.62,11.62,15.736183676097577,1.0,0,0
e93557,paypal,8,fat-tree-l,diablo,hop,8,16,10,4,0,59990,57286,0,200.0,191.0,33.27,37.8,2025-07-02 02:32:26.881,diem,6.97,6.97,22.145574107321668,1.0,0,0
e93557,paypal,2,fat-tree-l,diablo,hop,8,16,10,4,0,59990,57992,0,200.0,193.3,20.15,14.83,2025-07-02 01:15:32.498,diem,6.97,6.97,18.84563433657858,1.0,0,0
e93557,paypal,1,fat-tree-l,diablo,hop,8,16,10,4,0,59990,58276,0,200.0,194.3,18.76,18.39,2025-07-02 01:02:49.377,diem,6.97,6.97,23.715813884037434,1.0,0,0
e93557,paypal,9,fat-tree-l,diablo,hop,8,16,10,4,0,59990,57641,0,200.0,192.2,25.99,26.21,2025-07-02 02:45:21.661,diem,6.97,6.97,25.905166724780607,1.0,0,0
e93557,paypal,4,fat-tree-l,diablo,hop,8,16,10,4,0,59990,57898,0,200.0,193.0,26.7,27.48,2025-07-02 01:41:18.940,diem,6.97,6.97,20.527439129874296,1.0,0,0
e93557,paypal,6,fat-tree-l,diablo,hop,8,16,10,4,0,59990,57399,0,200.0,191.4,22.51,21.86,2025-07-02 02:07:04.760,diem,6.97,6.97,23.530083247717847,1.0,0,0
e93557,paypal,10,fat-tree-l,diablo,hop,8,16,10,4,0,59990,58381,0,200.0,194.6,27.83,26.5,2025-07-02 02:58:09.054,diem,6.97,6.97,23.41216919984967,1.0,0,0
e93557,paypal,7,fat-tree-l,diablo,hop,8,16,10,4,0,59990,58072,0,200.0,193.6,22.23,20.69,2025-07-02 02:20:08.586,diem,6.97,6.97,24.25174869009659,1.0,0,0
29678b,football,8,fat-tree-l,diablo,hop,8,16,10,4,0,4056130,4133,0,15812.3,16.1,41.67,31.19,2025-07-02 10:06:53.755,diem,20.92,20.92,11.364135165255968,1.0,0,0
29678b,football,2,fat-tree-l,diablo,hop,8,16,10,4,0,4056130,3281,0,24309.9,19.7,57.84,30.72,2025-07-02 08:11:07.925,diem,20.92,20.92,8.71742804731869,1.0,0,0
29678b,football,1,fat-tree-l,diablo,hop,8,16,10,4,0,4056130,4947,0,18617.5,22.7,46.55,36.0,2025-07-02 07:51:47.184,diem,20.92,20.92,12.20620482296017,1.0,0,0
29678b,football,9,fat-tree-l,diablo,hop,8,16,10,4,0,4056130,3069,0,18163.4,13.7,56.85,39.09,2025-07-02 10:26:13.464,diem,20.92,20.92,9.752233406412001,1.0,0,0
29678b,football,4,fat-tree-l,diablo,hop,8,16,10,4,0,4056130,2893,0,19483.8,13.9,41.86,30.36,2025-07-02 08:49:16.577,diem,20.92,20.92,9.062331722675186,1.0,0,0
29678b,football,5,fat-tree-l,diablo,hop,8,16,10,4,0,4056130,3820,0,19494.9,18.4,39.13,30.41,2025-07-02 09:08:25.557,diem,20.92,20.92,7.772801790097699,1.0,0,0
29678b,football,6,fat-tree-l,diablo,hop,8,16,10,4,0,4056130,4527,0,17332.0,19.3,49.94,35.37,2025-07-02 09:27:36.381,diem,20.92,20.92,8.07201165161133,1.0,0,0
29678b,football,10,fat-tree-l,diablo,hop,8,16,10,4,0,4056130,2276,0,26884.9,15.1,41.68,27.45,2025-07-02 10:45:20.137,diem,20.92,20.92,9.189701812688865,1.0,0,0
29678b,football,7,fat-tree-l,diablo,hop,8,16,10,4,0,4056130,2554,0,16283.9,10.3,48.31,33.27,2025-07-02 09:47:15.814,diem,20.92,20.92,7.655059391163265,1.0,0,0
a0d433,10000,1,full-mesh,diablo,hop,8,16,10,4,0,1199990,21034,0,9999.9,175.3,66.46,78.12,2024-06-11 10:45:12.770,diem,17.43,17.43,13.123923600138598,1.0,0,0
16f753,football,1,full-mesh,diablo,hop,8,16,10,4,0,4056130,3775,0,18578.9,17.3,36.33,23.56,2024-06-11 11:18:56.340,diem,20.92,20.92,9.94782578384795,1.0,0,0
16f753,football,2,full-mesh,diablo,hop,8,16,10,4,0,4056130,4045,0,21406.1,21.3,40.28,29.71,2024-06-11 11:38:23.943,diem,20.92,20.92,9.111265550918235,1.0,0,0
9d388e,dota,1,full-mesh,diablo,hop,8,16,10,4,0,3678700,62860,0,12866.7,219.9,169.23,169.48,2024-06-11 11:57:07.218,diem,7.58,7.58,16.235300452185953,1.0,0,0
9d388e,dota,2,full-mesh,diablo,hop,8,16,10,4,0,3678700,57502,0,13322.1,208.2,148.91,149.63,2024-06-11 12:15:30.505,diem,7.58,7.58,19.466613525395406,1.0,0,0
f88803,gafam,1,full-mesh,diablo,hop,8,16,10,4,0,30320,30209,0,167.7,167.1,49.68,51.56,2024-06-11 09:54:53.358,diem,11.62,11.62,15.802950737136461,1.0,0,0
f88803,gafam,2,full-mesh,diablo,hop,8,16,10,4,0,30320,30211,0,167.7,167.1,54.47,57.36,2024-06-11 10:06:53.002,diem,11.62,11.62,13.831211358173173,1.0,0,0
0695f4,visa,1,full-mesh,diablo,hop,8,16,10,4,0,540000,51089,0,1800.0,170.3,156.27,159.76,2024-06-11 10:19:14.877,diem,6.97,6.97,20.169138666314627,1.0,0,0
0695f4,visa,2,full-mesh,diablo,hop,8,16,10,4,0,540000,57008,0,1800.0,190.0,145.78,144.01,2024-06-11 10:32:15.810,diem,6.97,6.97,22.062241801597995,1.0,0,0
8b6a31,paypal,1,full-mesh,diablo,hop,8,16,10,4,0,59990,55002,0,200.0,183.4,37.49,37.14,2024-06-11 09:29:08.782,diem,6.97,6.97,25.828974136288384,1.0,0,0
8b6a31,paypal,2,full-mesh,diablo,hop,8,16,10,4,0,59990,53810,0,200.0,179.4,24.32,24.93,2024-06-11 09:41:57.766,diem,6.97,6.97,22.245241959400047,1.0,0,0
a6e8dc,gafam,5,full-mesh,diablo,hop,8,16,10,4,0,30320,30207,0,167.7,167.1,49.59,50.6,2025-06-28 03:57:23.083,diem,11.62,11.62,13.920521906204343,1.0,0,0
a6e8dc,gafam,2,full-mesh,diablo,hop,8,16,10,4,0,30320,28438,0,167.7,157.3,58.89,65.47,2025-06-28 03:21:19.394,diem,11.62,11.62,15.099865999930229,1.0,0,0
a6e8dc,gafam,1,full-mesh,diablo,hop,8,16,10,4,0,30320,30200,0,167.7,167.0,57.62,64.17,2025-06-28 03:09:08.735,diem,11.62,11.62,13.94677188441249,1.0,0,0
a6e8dc,gafam,9,full-mesh,diablo,hop,8,16,10,4,0,30320,30214,0,167.7,167.1,45.95,52.6,2025-06-28 04:45:43.347,diem,11.62,11.62,16.172257913692462,1.0,0,0
a6e8dc,gafam,7,full-mesh,diablo,hop,8,16,10,4,0,30320,28488,0,167.7,157.6,49.58,50.87,2025-06-28 04:21:18.428,diem,11.62,11.62,14.722074537962431,1.0,0,0
a6e8dc,gafam,6,full-mesh,diablo,hop,8,16,10,4,0,30320,30236,0,167.7,167.2,55.89,52.39,2025-06-28 04:09:14.223,diem,11.62,11.62,16.296683790960124,1.0,0,0
a6e8dc,gafam,3,full-mesh,diablo,hop,8,16,10,4,0,30320,22795,0,167.7,126.1,41.98,46.99,2025-06-28 03:33:13.385,diem,11.62,11.62,17.020521845357123,1.0,0,0
a6e8dc,gafam,10,full-mesh,diablo,hop,8,16,10,4,0,30320,30221,0,167.7,167.1,50.44,53.3,2025-06-28 04:57:15.240,diem,11.62,11.62,13.79539196747034,1.0,0,0
a6e8dc,gafam,4,full-mesh,diablo,hop,8,16,10,4,0,30320,30207,0,167.7,167.1,52.19,55.33,2025-06-28 03:45:08.786,diem,11.62,11.62,14.670843944564854,1.0,0,0
a6e8dc,gafam,8,full-mesh,diablo,hop,8,16,10,4,0,30320,30225,0,167.7,167.1,46.31,55.47,2025-06-28 04:33:09.693,diem,11.62,11.62,14.952165793188025,1.0,0,0
8ee0c1,visa,5,full-mesh,diablo,hop,8,16,10,4,0,540000,50502,0,1800.0,168.3,148.05,138.68,2025-06-28 08:09:59.320,diem,6.97,6.97,21.456106816782462,1.0,0,0
8ee0c1,visa,2,full-mesh,diablo,hop,8,16,10,4,0,540000,52040,0,1800.0,173.5,144.1,144.5,2025-06-28 07:30:54.145,diem,6.97,6.97,21.21130507112139,1.0,0,0
8ee0c1,visa,9,full-mesh,diablo,hop,8,16,10,4,0,540000,57286,0,1800.0,191.0,155.34,159.7,2025-06-28 09:01:35.714,diem,6.97,6.97,20.841741380481626,1.0,0,0
8ee0c1,visa,7,full-mesh,diablo,hop,8,16,10,4,0,540000,58075,0,1800.0,193.6,148.76,150.21,2025-06-28 08:35:29.786,diem,6.97,6.97,22.19642646944397,1.0,0,0
8ee0c1,visa,6,full-mesh,diablo,hop,8,16,10,4,0,540000,52091,0,1800.0,173.6,145.27,148.97,2025-06-28 08:22:44.384,diem,6.97,6.97,22.099219832736544,1.0,0,0
8ee0c1,visa,3,full-mesh,diablo,hop,8,16,10,4,0,540000,61241,0,1800.0,204.1,145.82,144.47,2025-06-28 07:43:55.109,diem,6.97,6.97,26.711309530732848,1.0,0,0
8ee0c1,visa,10,full-mesh,diablo,hop,8,16,10,4,0,540000,58154,0,1800.0,193.8,145.49,144.53,2025-06-28 09:14:44.385,diem,6.97,6.97,19.152796952112347,1.0,0,0
8ee0c1,visa,4,full-mesh,diablo,hop,8,16,10,4,0,540000,52084,0,1800.0,173.6,145.05,151.2,2025-06-28 07:56:50.651,diem,6.97,6.97,22.319496585011468,1.0,0,0
8ee0c1,visa,8,full-mesh,diablo,hop,8,16,10,4,0,540000,54026,0,1800.0,180.1,142.29,144.42,2025-06-28 08:48:36.037,diem,6.97,6.97,22.81739506847913,1.0,0,0
a1086d,paypal,5,full-mesh,diablo,hop,8,16,10,4,0,59990,58446,0,200.0,194.9,16.51,15.13,2025-06-28 06:00:47.144,diem,6.97,6.97,18.299835082986426,1.0,0,0
a1086d,paypal,2,full-mesh,diablo,hop,8,16,10,4,0,59990,57801,0,200.0,192.7,14.66,12.97,2025-06-28 05:22:03.375,diem,6.97,6.97,20.511218627440478,1.0,0,0
a1086d,paypal,1,full-mesh,diablo,hop,8,16,10,4,0,59990,56933,0,200.0,189.8,21.32,19.8,2025-06-28 05:09:10.612,diem,6.97,6.97,22.644261908915773,1.0,0,0
a1086d,paypal,9,full-mesh,diablo,hop,8,16,10,4,0,59990,57154,0,200.0,190.5,29.63,29.34,2025-06-28 06:51:58.465,diem,6.97,6.97,22.151832633373918,1.0,0,0
a1086d,paypal,7,full-mesh,diablo,hop,8,16,10,4,0,59990,57090,0,200.0,190.3,15.97,14.28,2025-06-28 06:26:29.691,diem,6.97,6.97,27.33104472401667,1.0,0,0
a1086d,paypal,6,full-mesh,diablo,hop,8,16,10,4,0,59990,55104,0,200.0,183.7,18.88,18.49,2025-06-28 06:13:26.980,diem,6.97,6.97,22.553689138406074,1.0,0,0
a1086d,paypal,3,full-mesh,diablo,hop,8,16,10,4,0,59990,56494,0,200.0,188.3,19.95,18.29,2025-06-28 05:34:50.545,diem,6.97,6.97,25.114163424072316,1.0,0,0
a1086d,paypal,10,full-mesh,diablo,hop,8,16,10,4,0,59990,57694,0,200.0,192.3,17.86,16.49,2025-06-28 07:05:08.076,diem,6.97,6.97,19.964837338556805,1.0,0,0
a1086d,paypal,4,full-mesh,diablo,hop,8,16,10,4,0,59990,56255,0,200.0,187.5,16.85,15.81,2025-06-28 05:47:49.635,diem,6.97,6.97,23.27869400292331,1.0,0,0
a1086d,paypal,8,full-mesh,diablo,hop,8,16,10,4,0,59990,57458,0,200.0,191.6,17.07,16.45,2025-06-28 06:39:23.928,diem,6.97,6.97,24.561934724838075,1.0,0,0
5be69c,10000,5,full-mesh,diablo,hop,8,16,10,4,0,1199990,22000,0,9999.9,183.3,63.9,58.73,2025-06-28 10:26:28.381,diem,17.43,17.43,9.339014620616217,1.0,0,0
5be69c,10000,2,full-mesh,diablo,hop,8,16,10,4,0,1199990,20105,0,9999.9,167.5,59.52,56.54,2025-06-28 09:42:42.560,diem,17.43,17.43,10.930233449752235,1.0,0,0
5be69c,10000,1,full-mesh,diablo,hop,8,16,10,4,0,1199990,17553,0,9997.5,146.2,63.93,56.34,2025-06-28 09:27:44.795,diem,17.43,17.43,10.442220551200554,1.0,0,0
5be69c,10000,9,full-mesh,diablo,hop,8,16,10,4,0,1199990,14048,0,9999.9,117.1,66.64,70.37,2025-06-28 11:25:13.208,diem,17.43,17.43,9.448295068679197,1.0,0,0
5be69c,10000,6,full-mesh,diablo,hop,8,16,10,4,0,1199990,18000,0,9999.9,150.0,73.05,84.63,2025-06-28 10:41:25.679,diem,17.43,17.43,12.183703369338039,1.0,0,0
5be69c,10000,3,full-mesh,diablo,hop,8,16,10,4,0,1199990,17128,0,9994.0,142.6,72.55,85.94,2025-06-28 09:57:07.402,diem,17.43,17.43,12.252675634191466,1.0,0,0
5be69c,10000,10,full-mesh,diablo,hop,8,16,10,4,0,1199990,20082,0,9995.5,167.3,70.17,79.51,2025-06-28 11:40:01.615,diem,17.43,17.43,12.550874287252713,1.0,0,0
5be69c,10000,4,full-mesh,diablo,hop,8,16,10,4,0,1199990,18000,0,9999.9,150.0,80.13,89.7,2025-06-28 10:12:04.996,diem,17.43,17.43,10.121688536678842,1.0,0,0
5be69c,10000,8,full-mesh,diablo,hop,8,16,10,4,0,1199990,18306,0,9999.9,152.5,66.01,61.39,2025-06-28 11:10:34.175,diem,17.43,17.43,8.18314649803521,1.0,0,0
e226eb,football,5,full-mesh,diablo,hop,8,16,10,4,0,4056130,4366,0,19573.9,21.1,33.6,23.92,2025-06-28 13:14:56.665,diem,20.92,20.92,9.30871779322826,1.0,0,0
e226eb,football,2,full-mesh,diablo,hop,8,16,10,4,0,4056130,4226,0,18975.2,19.8,41.62,26.88,2025-06-28 12:17:51.515,diem,20.92,20.92,7.903003333944216,1.0,0,0
e226eb,football,9,full-mesh,diablo,hop,8,16,10,4,0,4056130,4025,0,18032.6,17.9,34.33,22.65,2025-06-28 14:32:35.041,diem,20.92,20.92,8.508288780357661,1.0,0,0
e226eb,football,7,full-mesh,diablo,hop,8,16,10,4,0,4056130,5253,0,18443.2,23.9,43.25,38.87,2025-06-28 13:53:45.120,diem,20.92,20.92,9.190653136916621,1.0,0,0
e226eb,football,6,full-mesh,diablo,hop,8,16,10,4,0,4056130,4881,0,18031.4,21.7,41.99,35.27,2025-06-28 13:34:33.723,diem,20.92,20.92,8.404481301078913,1.0,0,0
e226eb,football,3,full-mesh,diablo,hop,8,16,10,4,0,4056130,6815,0,17622.0,29.6,37.02,32.44,2025-06-28 12:36:53.345,diem,20.92,20.92,7.976388980196356,1.0,0,0
e226eb,football,10,full-mesh,diablo,hop,8,16,10,4,0,4056130,3162,0,19655.6,15.3,40.24,29.92,2025-06-28 14:51:50.144,diem,20.92,20.92,6.72397054656793,1.0,0,0
e226eb,football,8,full-mesh,diablo,hop,8,16,10,4,0,4056130,3203,0,16790.1,13.3,39.87,16.05,2025-06-28 14:13:13.010,diem,20.92,20.92,10.280617712238465,1.0,0,0
224ae3,dota,5,full-mesh,diablo,hop,8,16,10,4,0,3678700,32092,0,13328.3,116.3,83.98,90.8,2025-06-28 16:24:53.871,diem,7.58,7.58,21.08650642644494,1.0,0,0
224ae3,dota,2,full-mesh,diablo,hop,8,16,10,4,0,3678700,48870,0,11003.4,146.2,149.74,147.78,2025-06-28 15:29:27.947,diem,7.58,7.58,26.771327639029145,1.0,0,0
224ae3,dota,1,full-mesh,diablo,hop,8,16,10,4,0,3678700,58050,0,12389.9,195.5,137.68,137.96,2025-06-28 15:10:28.727,diem,7.58,7.58,19.856223831788753,1.0,0,0
224ae3,dota,9,full-mesh,diablo,hop,8,16,10,4,0,3678700,61000,0,13328.6,221.0,165.68,192.52,2025-06-28 17:38:01.406,diem,7.58,7.58,22.900617720155573,1.0,0,0
224ae3,dota,7,full-mesh,diablo,hop,8,16,10,4,0,3678700,61991,0,12028.0,202.7,141.19,148.12,2025-06-28 17:01:16.371,diem,7.58,7.58,20.904927446197497,1.0,0,0
224ae3,dota,3,full-mesh,diablo,hop,8,16,10,4,0,3678700,64396,0,12032.1,210.6,143.78,155.57,2025-06-28 15:47:47.554,diem,7.58,7.58,21.06295879736569,1.0,0,0
224ae3,dota,10,full-mesh,diablo,hop,8,16,10,4,0,3678700,58006,0,12248.6,193.1,138.65,136.05,2025-06-28 17:56:16.313,diem,7.58,7.58,22.37661728710898,1.0,0,0
224ae3,dota,4,full-mesh,diablo,hop,8,16,10,4,0,3678700,53174,0,11639.9,168.2,146.74,140.51,2025-06-28 16:06:09.266,diem,7.58,7.58,15.37082743872245,1.0,0,0
224ae3,dota,8,full-mesh,diablo,hop,8,16,10,4,0,3678700,59067,0,11859.9,190.4,145.96,137.09,2025-06-28 17:19:21.138,diem,7.58,7.58,18.26898733231445,1.0,0,0
ce82a5,visa,2,hypercube,diablo,hop,8,16,10,4,0,540000,59300,0,1800.0,197.7,154.93,158.39,2024-06-07 18:19:13.780,diem,6.97,6.97,22.530081945703927,1.0,0,0
80c444,10000,2,hypercube,diablo,hop,8,16,10,4,0,1199990,15129,0,9975.3,125.8,73.81,61.48,2024-06-07 18:47:15.380,diem,17.43,17.43,10.092443106284493,1.0,0,0
45515e,dota,2,hypercube,diablo,hop,8,16,10,4,0,3678700,69909,0,12367.9,235.0,141.24,138.61,2024-06-07 20:01:48.075,diem,7.58,7.58,22.885806749673204,1.0,0,0
45515e,dota,1,hypercube,diablo,hop,8,16,10,4,0,3678700,64000,0,13325.3,231.8,152.48,157.3,2024-06-07 19:42:46.504,diem,7.58,7.58,23.769834369157024,1.0,0,0
fa868c,gafam,2,hypercube,diablo,hop,8,16,10,4,0,30320,30181,0,167.7,166.9,63.04,61.52,2024-06-07 17:54:39.178,diem,11.62,11.62,15.84744403737696,1.0,0,0
fa868c,gafam,1,hypercube,diablo,hop,8,16,10,4,0,30320,30184,0,167.7,166.9,58.92,62.95,2024-06-07 17:42:20.317,diem,11.62,11.62,15.161640640657009,1.0,0,0
e683ea,football,2,hypercube,diablo,hop,8,16,10,4,0,4056130,2984,0,16384.2,12.1,48.35,26.78,2024-06-07 19:24:53.903,diem,20.92,20.92,7.536969763198798,1.0,0,0
40a0a3,paypal,2,hypercube,diablo,hop,8,16,10,4,0,59990,57595,0,200.0,192.0,20.66,17.28,2024-06-07 17:29:20.770,diem,6.97,6.97,24.43839910706326,1.0,0,0
fadf82,gafam,5,hypercube,diablo,hop,8,16,10,4,0,30320,30187,0,167.7,166.9,60.52,65.54,2025-07-03 07:22:52.620,diem,11.62,11.62,14.095884255023021,1.0,0,0
fadf82,gafam,2,hypercube,diablo,hop,8,16,10,4,0,30320,30174,0,167.7,166.9,71.35,77.95,2025-07-03 06:46:51.812,diem,11.62,11.62,17.418622086089684,1.0,0,0
fadf82,gafam,1,hypercube,diablo,hop,8,16,10,4,0,30320,30188,0,167.7,167.0,57.05,57.88,2025-07-03 06:34:33.488,diem,11.62,11.62,17.503576378328585,1.0,0,0
fadf82,gafam,9,hypercube,diablo,hop,8,16,10,4,0,30320,14101,0,167.7,78.0,46.86,48.04,2025-07-03 08:10:59.233,diem,11.62,11.62,11.017398237378845,1.0,0,0
fadf82,gafam,7,hypercube,diablo,hop,8,16,10,4,0,30320,30186,0,167.7,166.9,50.96,57.43,2025-07-03 07:46:40.250,diem,11.62,11.62,14.446687320263703,1.0,0,0
fadf82,gafam,4,hypercube,diablo,hop,8,16,10,4,0,30320,30175,0,167.7,166.9,56.88,56.92,2025-07-03 07:10:30.319,diem,11.62,11.62,11.456215322334664,1.0,0,0
fadf82,gafam,8,hypercube,diablo,hop,8,16,10,4,0,30320,14222,0,167.7,78.7,41.59,40.32,2025-07-03 07:58:42.588,diem,11.62,11.62,18.602357679093945,1.0,0,0
6590e9,visa,5,hypercube,diablo,hop,8,16,10,4,0,540000,56268,0,1800.0,187.6,152.39,158.02,2025-07-03 11:34:51.433,diem,6.97,6.97,20.763622279760767,1.0,0,0
6590e9,visa,1,hypercube,diablo,hop,8,16,10,4,0,540000,57047,0,1800.0,190.2,152.68,160.43,2025-07-03 10:43:08.879,diem,6.97,6.97,24.956066067603864,1.0,0,0
6590e9,visa,9,hypercube,diablo,hop,8,16,10,4,0,540000,61076,0,1775.2,200.8,152.11,158.85,2025-07-03 12:26:35.285,diem,6.97,6.97,20.683957175909477,1.0,0,0
6590e9,visa,7,hypercube,diablo,hop,8,16,10,4,0,540000,64111,0,1774.9,210.7,154.35,156.4,2025-07-03 12:00:46.222,diem,6.97,6.97,24.663334609147597,1.0,0,0
6590e9,visa,10,hypercube,diablo,hop,8,16,10,4,0,540000,62570,0,1800.0,208.6,156.01,152.58,2025-07-03 12:39:50.190,diem,6.97,6.97,23.127121727165083,1.0,0,0
6590e9,visa,4,hypercube,diablo,hop,8,16,10,4,0,540000,59843,0,1800.0,199.5,155.73,161.68,2025-07-03 11:21:51.714,diem,6.97,6.97,18.927449628310402,1.0,0,0
6590e9,visa,8,hypercube,diablo,hop,8,16,10,4,0,540000,58173,0,1800.0,193.9,159.56,165.41,2025-07-03 12:13:36.815,diem,6.97,6.97,21.75096248235364,1.0,0,0
886501,paypal,5,hypercube,diablo,hop,8,16,10,4,0,59990,56109,0,200.0,187.1,25.67,22.62,2025-07-03 09:25:48.248,diem,6.97,6.97,16.974573736145746,1.0,0,0
886501,paypal,2,hypercube,diablo,hop,8,16,10,4,0,59990,58648,0,200.0,195.5,21.66,20.01,2025-07-03 08:47:17.565,diem,6.97,6.97,25.089579290755548,1.0,0,0
886501,paypal,1,hypercube,diablo,hop,8,16,10,4,0,59990,57425,0,200.0,191.4,21.8,19.21,2025-07-03 08:34:37.799,diem,6.97,6.97,26.04752264577275,1.0,0,0
886501,paypal,9,hypercube,diablo,hop,8,16,10,4,0,59990,58628,0,200.0,195.5,27.16,23.02,2025-07-03 10:17:39.389,diem,6.97,6.97,21.968917157211255,1.0,0,0
886501,paypal,7,hypercube,diablo,hop,8,16,10,4,0,59990,56679,0,200.0,189.0,16.73,15.52,2025-07-03 09:51:39.375,diem,6.97,6.97,24.244349230031382,1.0,0,0
886501,paypal,6,hypercube,diablo,hop,8,16,10,4,0,59990,58114,0,200.0,193.7,18.05,14.78,2025-07-03 09:39:14.367,diem,6.97,6.97,21.93352132643188,1.0,0,0
886501,paypal,3,hypercube,diablo,hop,8,16,10,4,0,59990,57524,0,200.0,191.8,17.4,16.89,2025-07-03 09:00:11.078,diem,6.97,6.97,26.696183665059944,1.0,0,0
886501,paypal,10,hypercube,diablo,hop,8,16,10,4,0,59990,56933,0,200.0,189.8,35.81,39.06,2025-07-03 10:30:14.282,diem,6.97,6.97,19.87437796915319,1.0,0,0
886501,paypal,4,hypercube,diablo,hop,8,16,10,4,0,59990,57967,0,200.0,193.3,24.0,24.51,2025-07-03 09:13:05.399,diem,6.97,6.97,20.97358920354105,1.0,0,0
5c9031,10000,5,hypercube,diablo,hop,8,16,10,4,0,1199990,17378,0,9999.9,144.8,69.56,63.75,2025-07-03 13:51:38.694,diem,17.43,17.43,8.47694922330321,1.0,0,0
5c9031,10000,2,hypercube,diablo,hop,8,16,10,4,0,1199990,16336,0,9999.4,136.1,64.9,77.33,2025-07-03 13:07:32.693,diem,17.43,17.43,9.084291661501624,1.0,0,0
5c9031,10000,1,hypercube,diablo,hop,8,16,10,4,0,1199990,17100,0,9996.4,142.4,81.82,81.34,2025-07-03 12:52:25.032,diem,17.43,17.43,11.59810106975101,1.0,0,0
5c9031,10000,9,hypercube,diablo,hop,8,16,10,4,0,1199990,15000,0,9999.9,125.0,63.59,63.63,2025-07-03 14:50:30.158,diem,17.43,17.43,10.487502882477976,1.0,0,0
5c9031,10000,7,hypercube,diablo,hop,8,16,10,4,0,1199990,13000,0,9999.9,108.3,73.19,74.02,2025-07-03 14:20:51.071,diem,17.43,17.43,11.130730650656178,1.0,0,0
5c9031,10000,6,hypercube,diablo,hop,8,16,10,4,0,1199990,17000,0,9999.9,141.7,80.32,81.22,2025-07-03 14:06:25.416,diem,17.43,17.43,11.100948676141178,1.0,0,0
5c9031,10000,3,hypercube,diablo,hop,8,16,10,4,0,1199990,19000,0,9993.2,158.2,68.15,65.35,2025-07-03 13:22:18.438,diem,17.43,17.43,9.978417717654239,1.0,0,0
5c9031,10000,4,hypercube,diablo,hop,8,16,10,4,0,1199990,17000,0,9999.9,141.7,64.62,53.34,2025-07-03 13:36:52.830,diem,17.43,17.43,10.829318452010378,1.0,0,0
5c9031,10000,8,hypercube,diablo,hop,8,16,10,4,0,1199990,20189,0,10000.0,168.2,68.74,77.14,2025-07-03 14:35:56.360,diem,17.43,17.43,12.381516991550189,1.0,0,0
0c3713,football,5,hypercube,diablo,hop,8,16,10,4,0,4056130,6638,0,20721.6,33.9,44.93,25.02,2025-07-03 16:39:56.796,diem,20.92,20.92,9.797062609460811,1.0,0,0
0c3713,football,2,hypercube,diablo,hop,8,16,10,4,0,4056130,3028,0,21070.6,15.7,62.26,67.64,2025-07-03 15:42:39.676,diem,20.92,20.92,11.617073771146961,1.0,0,0
0c3713,football,9,hypercube,diablo,hop,8,16,10,4,0,4056130,1876,0,19072.3,8.8,48.35,28.23,2025-07-03 17:57:43.758,diem,20.92,20.92,10.955378384785938,1.0,0,0
0c3713,football,7,hypercube,diablo,hop,8,16,10,4,0,4056130,3476,0,17460.7,15.0,45.78,35.49,2025-07-03 17:18:48.237,diem,20.92,20.92,6.8448111743996645,1.0,0,0
0c3713,football,6,hypercube,diablo,hop,8,16,10,4,0,4056130,2394,0,19269.8,11.4,47.27,26.23,2025-07-03 16:59:34.591,diem,20.92,20.92,12.100910346017203,1.0,0,0
0c3713,football,3,hypercube,diablo,hop,8,16,10,4,0,4056130,1662,0,19793.4,8.1,69.21,70.45,2025-07-03 16:01:56.308,diem,20.92,20.92,8.976750224180064,1.0,0,0
0c3713,football,8,hypercube,diablo,hop,8,16,10,4,0,4056130,1765,0,18514.3,8.1,51.54,29.74,2025-07-03 17:38:08.682,diem,20.92,20.92,6.060898817441256,1.0,0,0
3604f1,dota,5,hypercube,diablo,hop,8,16,10,4,0,3678700,58871,0,13328.6,213.3,139.53,132.88,2025-07-03 19:48:53.952,diem,7.58,7.58,15.7627873483247,1.0,0,0
3604f1,dota,2,hypercube,diablo,hop,8,16,10,4,0,3678700,60607,0,11907.9,196.2,142.33,145.15,2025-07-03 18:53:16.661,diem,7.58,7.58,17.98497020530506,1.0,0,0
3604f1,dota,1,hypercube,diablo,hop,8,16,10,4,0,3678700,32956,0,13324.4,119.4,97.97,106.96,2025-07-03 18:34:44.538,diem,7.58,7.58,13.441860266369357,1.0,0,0
3604f1,dota,7,hypercube,diablo,hop,8,16,10,4,0,3678700,68335,0,13328.6,247.6,149.55,155.75,2025-07-03 20:25:25.741,diem,7.58,7.58,27.581064039429087,1.0,0,0
3604f1,dota,3,hypercube,diablo,hop,8,16,10,4,0,3678700,67245,0,13328.6,243.6,148.73,144.19,2025-07-03 19:11:39.470,diem,7.58,7.58,22.987089510767426,1.0,0,0
3604f1,dota,10,hypercube,diablo,hop,8,16,10,4,0,3678700,44222,0,12206.8,146.7,111.7,107.96,2025-07-03 21:19:22.325,diem,7.58,7.58,21.687692312646057,1.0,0,0
3604f1,dota,4,hypercube,diablo,hop,8,16,10,4,0,3678700,67353,0,13328.6,244.0,155.58,155.65,2025-07-03 19:30:29.220,diem,7.58,7.58,22.316864489165145,1.0,0,0
7dbe70,visa,1,scale-free-l,diablo,hop,8,16,10,4,0,540000,43093,0,1799.4,143.6,169.06,182.21,2024-05-28 00:23:24.549,diem,14.21,14.91,16.564219569004507,1.0,0,0
5a0b49,dota,1,scale-free-l,diablo,hop,8,16,10,4,0,3678700,52153,0,13326.0,188.9,142.55,130.91,2024-05-28 01:13:38.806,diem,49.95,52.06,21.12624910117824,1.0,0,0
a072bf,10000,1,scale-free-l,diablo,hop,8,16,10,4,0,1199990,0,0,9980.0,0.0,0.0,0.0,2024-05-28 00:37:13.151,diem,62.77,64.73,10.691152953030786,1.0,0,0
388bb2,paypal,1,scale-free-l,diablo,hop,8,16,10,4,0,59990,53003,0,200.0,176.7,56.28,56.57,2024-05-28 14:41:21.501,diem,7.82,7.44,29.525544283015474,1.0,0,0
f5886b,visa,1,scale-free-l,diablo,hop,8,16,10,4,0,540000,48489,0,1800.0,161.6,161.71,167.5,2024-05-28 15:06:11.336,diem,22.74,23.64,16.05060119750763,1.0,0,0
657bfc,gafam,1,scale-free-l,diablo,hop,8,16,10,4,0,30320,30031,0,167.7,166.1,89.81,89.83,2024-05-28 14:54:37.493,diem,22.85,23.06,12.493247127812737,1.0,0,0
346a00,football,1,scale-free-l,diablo,hop,8,16,10,4,0,4056130,3193,0,25450.8,20.0,57.82,49.96,2024-05-28 15:23:33.348,diem,102.06,108.52,9.318538874263224,1.0,0,0
c3107d,visa,2,scale-free-l,diablo,hop,8,16,10,4,0,540000,47000,0,1800.0,156.7,159.95,171.29,2024-06-07 07:07:26.281,diem,36.17,36.17,27.04852848016147,1.0,0,0
c3107d,visa,1,scale-free-l,diablo,hop,8,16,10,4,0,540000,47873,0,1800.0,159.6,162.52,158.85,2024-06-07 06:54:44.496,diem,36.17,36.17,22.771813860065997,1.0,0,0
24746b,paypal,2,scale-free-l,diablo,hop,8,16,10,4,0,59990,52178,0,200.0,173.9,55.29,53.6,2024-06-07 06:17:40.878,diem,36.17,36.17,21.25741492849813,1.0,0,0
24746b,paypal,1,scale-free-l,diablo,hop,8,16,10,4,0,59990,50049,0,200.0,166.9,38.54,37.97,2024-06-07 06:05:15.146,diem,36.17,36.17,25.523616610393272,1.0,0,0
513fe3,gafam,2,scale-free-l,diablo,hop,8,16,10,4,0,30320,30064,0,167.7,166.3,83.13,90.27,2024-06-07 06:42:21.526,diem,60.29,60.29,13.08838817108244,1.0,0,0
adf956,10000,2,scale-free-l,diablo,hop,8,16,10,4,0,1199990,12000,0,9999.9,100.0,63.58,66.13,2024-06-07 07:35:24.515,diem,90.43,90.43,9.039666537369877,1.0,0,0
adf956,10000,1,scale-free-l,diablo,hop,8,16,10,4,0,1199990,15000,0,9999.9,125.0,95.27,101.67,2024-06-07 07:20:25.886,diem,90.43,90.43,9.459185798747397,1.0,0,0
32d9ec,football,2,scale-free-l,diablo,hop,8,16,10,4,0,4056130,2197,0,16195.7,8.8,74.24,85.28,2024-06-07 08:13:28.482,diem,108.52,108.52,10.842874073462816,1.0,0,0
32d9ec,football,1,scale-free-l,diablo,hop,8,16,10,4,0,4056130,2406,0,20968.4,12.4,74.53,84.93,2024-06-07 07:54:08.745,diem,108.52,108.52,10.256543915032408,1.0,0,0
697626,dota,1,scale-free-l,diablo,hop,8,16,10,4,0,3678700,47074,0,13328.6,170.6,150.6,157.74,2024-06-13 22:25:43.631,diem,40.98,43.31,18.33206572217726,1.0,0,0
697626,dota,2,scale-free-l,diablo,hop,8,16,10,4,0,3678700,54996,0,13327.4,199.2,156.98,157.79,2024-06-13 22:44:37.908,diem,40.98,43.31,21.17327335105367,1.0,0,0
009188,visa,1,scale-free-l,diablo,hop,8,16,10,4,0,540000,49436,0,1800.0,164.8,166.74,163.4,2024-06-13 21:55:47.770,diem,11.87,11.29,20.70008923117044,1.0,0,0
009188,visa,2,scale-free-l,diablo,hop,8,16,10,4,0,540000,44788,0,1800.0,149.3,179.68,186.58,2024-06-13 22:08:48.386,diem,11.87,11.29,23.706699417307565,1.0,0,0
1b3ac7,paypal,1,scale-free-l,diablo,hop,8,16,10,4,0,59990,47019,0,200.0,156.8,73.51,71.37,2024-06-13 22:58:10.344,diem,54.25,57.96,19.03133830122508,1.0,0,0
1b3ac7,paypal,2,scale-free-l,diablo,hop,8,16,10,4,0,59990,46785,0,200.0,156.0,64.64,64.77,2024-06-13 23:11:30.318,diem,54.25,57.96,26.598094398535142,1.0,0,0
e60a85,visa,2,scale-free-l,diablo,hop,8,16,10,4,0,540000,47000,0,1800.0,156.7,159.3,156.28,2025-06-29 14:09:18.920,diem,57.96,57.96,21.301054027419795,1.0,0,0
e60a85,visa,3,scale-free-l,diablo,hop,8,16,10,4,0,540000,46000,0,1800.0,153.3,164.68,155.76,2025-06-29 14:22:13.453,diem,57.96,57.96,18.3520058966646,1.0,0,0
e60a85,visa,1,scale-free-l,diablo,hop,8,16,10,4,0,540000,46000,0,1800.0,153.3,164.68,155.76,2025-06-29 13:57:21.642,diem,57.96,57.96,23.97650206862373,1.0,0,0
e60a85,visa,4,scale-free-l,diablo,hop,8,16,10,4,0,540000,45000,0,1800.0,150.0,161.29,175.05,2025-06-29 14:35:35.829,diem,57.96,57.96,18.44358883609225,1.0,0,0
e60a85,visa,9,scale-free-l,diablo,hop,8,16,10,4,0,540000,49099,0,1800.0,163.7,163.7,169.8,2025-06-29 15:40:20.416,diem,57.96,57.96,20.9770380813413,1.0,0,0
72914f,dota,6,scale-free-l,diablo,hop,8,16,10,4,0,3678700,52000,0,13328.6,188.4,173.26,180.33,2025-06-29 23:19:21.176,diem,63.0,63.0,26.11492017228476,1.0,0,0
72914f,dota,5,scale-free-l,diablo,hop,8,16,10,4,0,3678700,58970,0,13324.2,213.6,153.42,156.44,2025-06-29 23:00:31.399,diem,63.0,63.0,19.987342290092474,1.0,0,0
72914f,dota,3,scale-free-l,diablo,hop,8,16,10,4,0,3678700,60227,0,13323.9,218.1,164.15,164.97,2025-06-29 22:24:43.165,diem,63.0,63.0,20.325481578503474,1.0,0,0
72914f,dota,10,scale-free-l,diablo,hop,8,16,10,4,0,3678700,57512,0,13328.6,208.4,165.99,166.3,2025-06-30 00:31:57.007,diem,63.0,63.0,26.86674898492326,1.0,0,0
72914f,dota,1,scale-free-l,diablo,hop,8,16,10,4,0,3678700,53210,0,13328.6,192.8,151.17,148.21,2025-06-29 21:47:58.586,diem,63.0,63.0,24.04990184879227,1.0,0,0
72914f,dota,9,scale-free-l,diablo,hop,8,16,10,4,0,3678700,63460,0,13324.4,229.9,159.51,157.1,2025-06-30 00:13:03.329,diem,63.0,63.0,22.669065627416433,1.0,0,0
663095,gafam,6,scale-free-l,diablo,hop,8,16,10,4,0,30320,30068,0,167.7,166.3,75.73,82.13,2025-06-29 10:48:30.447,diem,96.59,96.59,15.54026071979369,1.0,0,0
663095,gafam,2,scale-free-l,diablo,hop,8,16,10,4,0,30320,30069,0,167.7,166.3,78.27,87.15,2025-06-29 10:00:28.958,diem,96.59,96.59,13.220525518728875,1.0,0,0
663095,gafam,5,scale-free-l,diablo,hop,8,16,10,4,0,30320,30070,0,167.7,166.3,73.58,71.73,2025-06-29 10:36:46.769,diem,96.59,96.59,18.585690218903665,1.0,0,0
663095,gafam,3,scale-free-l,diablo,hop,8,16,10,4,0,30320,30104,0,167.7,166.5,77.17,73.35,2025-06-29 10:13:02.861,diem,96.59,96.59,13.896117094405467,1.0,0,0
663095,gafam,1,scale-free-l,diablo,hop,8,16,10,4,0,30320,30043,0,167.7,166.2,81.71,88.24,2025-06-29 09:47:54.037,diem,96.59,96.59,9.740709712193741,1.0,0,0
663095,gafam,7,scale-free-l,diablo,hop,8,16,10,4,0,30320,30090,0,167.7,166.4,73.56,79.06,2025-06-29 11:00:31.538,diem,96.59,96.59,10.633528242993737,1.0,0,0
663095,gafam,4,scale-free-l,diablo,hop,8,16,10,4,0,30320,30059,0,167.7,166.2,77.64,73.73,2025-06-29 10:23:40.491,diem,96.59,96.59,15.753275802514052,1.0,0,0
663095,gafam,9,scale-free-l,diablo,hop,8,16,10,4,0,30320,30073,0,167.7,166.3,81.78,88.81,2025-06-29 11:23:59.874,diem,96.59,96.59,16.264989808905298,1.0,0,0
e636ed,football,6,scale-free-l,diablo,hop,8,16,10,4,0,4056130,1610,0,14860.2,5.9,54.6,38.28,2025-06-29 20:12:36.422,diem,173.87,173.87,9.642798289062233,1.0,0,0
e636ed,football,2,scale-free-l,diablo,hop,8,16,10,4,0,4056130,1795,0,15764.1,7.0,56.49,40.28,2025-06-29 18:55:45.654,diem,173.87,173.87,8.545896997638215,1.0,0,0
e636ed,football,5,scale-free-l,diablo,hop,8,16,10,4,0,4056130,455,0,20380.9,2.3,108.44,96.6,2025-06-29 19:52:54.730,diem,173.87,173.87,10.733696328443122,1.0,0,0
e636ed,football,3,scale-free-l,diablo,hop,8,16,10,4,0,4056130,3072,0,19821.5,15.0,56.52,33.67,2025-06-29 19:14:19.074,diem,173.87,173.87,8.390551940601034,1.0,0,0
e636ed,football,10,scale-free-l,diablo,hop,8,16,10,4,0,4056130,2397,0,18596.8,11.0,54.25,28.91,2025-06-29 21:29:08.627,diem,173.87,173.87,7.732602216657017,1.0,0,0
e636ed,football,7,scale-free-l,diablo,hop,8,16,10,4,0,4056130,1595,0,18412.0,7.2,77.18,81.22,2025-06-29 20:31:40.636,diem,173.87,173.87,8.722329053902262,1.0,0,0
e636ed,football,9,scale-free-l,diablo,hop,8,16,10,4,0,4056130,368,0,18594.0,1.7,113.36,111.14,2025-06-29 21:09:42.250,diem,173.87,173.87,8.705467070881088,1.0,0,0
c709cf,paypal,6,scale-free-l,diablo,hop,8,16,10,4,0,59990,48126,0,200.0,160.4,56.77,56.04,2025-06-29 12:52:40.943,diem,57.96,57.96,24.508068544610126,1.0,0,0
c709cf,paypal,2,scale-free-l,diablo,hop,8,16,10,4,0,59990,52892,0,200.0,176.3,44.87,45.01,2025-06-29 12:00:52.191,diem,57.96,57.96,18.77713530057901,1.0,0,0
c709cf,paypal,10,scale-free-l,diablo,hop,8,16,10,4,0,59990,46091,0,200.0,153.7,59.87,61.38,2025-06-29 13:43:58.157,diem,57.96,57.96,29.140337166994595,1.0,0,0
c709cf,paypal,7,scale-free-l,diablo,hop,8,16,10,4,0,59990,54705,0,200.0,182.4,45.1,44.37,2025-06-29 13:05:00.201,diem,57.96,57.96,23.28504706114626,1.0,0,0
c709cf,paypal,4,scale-free-l,diablo,hop,8,16,10,4,0,59990,47236,0,200.0,157.5,63.73,63.19,2025-06-29 12:26:23.476,diem,57.96,57.96,23.808129465204512,1.0,0,0
c709cf,paypal,9,scale-free-l,diablo,hop,8,16,10,4,0,59990,52129,0,200.0,173.8,50.02,50.1,2025-06-29 13:30:59.498,diem,57.96,57.96,21.266618057908968,1.0,0,0
c709cf,paypal,8,scale-free-l,diablo,hop,8,16,10,4,0,59990,49706,0,200.0,165.7,62.34,61.46,2025-06-29 13:17:58.776,diem,57.96,57.96,18.248261057600303,1.0,0,0
358ce8,10000,6,scale-free-l,diablo,hop,8,16,10,4,0,1199990,13000,0,9999.9,108.3,93.24,96.52,2025-06-29 17:19:01.486,diem,144.89,144.89,11.660611857534699,1.0,0,0
358ce8,10000,2,scale-free-l,diablo,hop,8,16,10,4,0,1199990,11000,0,9999.9,91.7,109.92,109.75,2025-06-29 16:20:30.588,diem,144.89,144.89,11.732256230563708,1.0,0,0
358ce8,10000,5,scale-free-l,diablo,hop,8,16,10,4,0,1199990,12000,0,9999.9,100.0,82.71,100.84,2025-06-29 17:04:11.898,diem,144.89,144.89,11.53961909471145,1.0,0,0
358ce8,10000,1,scale-free-l,diablo,hop,8,16,10,4,0,1199990,15000,0,9999.9,125.0,87.54,83.68,2025-06-29 16:05:35.926,diem,144.89,144.89,11.914257664604367,1.0,0,0
358ce8,10000,7,scale-free-l,diablo,hop,8,16,10,4,0,1199990,12369,0,9999.9,103.1,78.37,63.36,2025-06-29 17:33:19.910,diem,144.89,144.89,9.519672264133582,1.0,0,0
358ce8,10000,8,scale-free-l,diablo,hop,8,16,10,4,0,1199990,9017,0,9995.2,75.1,83.18,103.84,2025-06-29 17:48:34.838,diem,144.89,144.89,11.147557979355396,1.0,0,0
5dee49,10000,8,scale-free-l,diablo,hop,8,16,10,4,0,1199990,16000,0,9999.9,133.3,84.08,87.55,2025-07-13 23:45:41.700,diem,144.89,144.89,10.117636060543184,1.0,0,0
5dee49,10000,3,scale-free-l,diablo,hop,8,16,10,4,0,1199990,15000,0,9997.1,125.0,78.12,79.54,2025-07-13 22:32:16.041,diem,144.89,144.89,10.16377953305051,1.0,0,0
5dee49,10000,2,scale-free-l,diablo,hop,8,16,10,4,0,1199990,11098,0,9999.9,92.5,89.2,106.42,2025-07-13 22:17:16.812,diem,144.89,144.89,9.815388464016475,1.0,0,0
5dee49,10000,1,scale-free-l,diablo,hop,8,16,10,4,0,1199990,14000,0,9999.9,116.7,71.64,69.12,2025-07-13 22:02:52.899,diem,144.89,144.89,12.0770743685823,1.0,0,0
5dee49,10000,9,scale-free-l,diablo,hop,8,16,10,4,0,1199990,15000,0,9999.9,125.0,78.53,80.56,2025-07-14 00:00:32.440,diem,144.89,144.89,12.895812308007581,1.0,0,0
5dee49,10000,4,scale-free-l,diablo,hop,8,16,10,4,0,1199990,15095,0,9999.9,125.8,66.56,73.11,2025-07-13 22:46:59.808,diem,144.89,144.89,12.502012477156082,1.0,0,0
5dee49,10000,5,scale-free-l,diablo,hop,8,16,10,4,0,1199990,10000,0,9999.9,83.3,91.34,82.52,2025-07-13 23:01:38.001,diem,144.89,144.89,11.47103737453319,1.0,0,0
5dee49,10000,6,scale-free-l,diablo,hop,8,16,10,4,0,1199990,15000,0,9999.9,125.0,93.84,98.59,2025-07-13 23:16:10.908,diem,144.89,144.89,9.248046843478988,1.0,0,0
5dee49,10000,10,scale-free-l,diablo,hop,8,16,10,4,0,1199990,12000,0,9999.9,100.0,87.95,79.71,2025-07-14 00:14:51.885,diem,144.89,144.89,11.982455433517153,1.0,0,0
5dee49,10000,7,scale-free-l,diablo,hop,8,16,10,4,0,1199990,14000,0,9999.8,116.7,67.91,70.77,2025-07-13 23:31:14.212,diem,144.89,144.89,7.594820178367861,1.0,0,0
2309e0,dota,8,scale-free-l,diablo,hop,8,16,10,4,0,3678700,51807,0,13299.1,187.3,156.0,149.48,2025-07-14 05:53:43.295,diem,63.0,63.0,20.738622256637733,1.0,0,0
2309e0,dota,3,scale-free-l,diablo,hop,8,16,10,4,0,3678700,55599,0,13325.0,201.4,150.5,156.3,2025-07-14 04:22:05.706,diem,63.0,63.0,24.068198765904498,1.0,0,0
2309e0,dota,2,scale-free-l,diablo,hop,8,16,10,4,0,3678700,45556,0,13327.9,165.0,147.61,142.0,2025-07-14 04:03:34.122,diem,63.0,63.0,22.044071705455057,1.0,0,0
2309e0,dota,9,scale-free-l,diablo,hop,8,16,10,4,0,3678700,53899,0,13328.5,195.3,154.31,174.01,2025-07-14 06:12:21.358,diem,63.0,63.0,25.33276495889644,1.0,0,0
2309e0,dota,5,scale-free-l,diablo,hop,8,16,10,4,0,3678700,47402,0,13328.6,171.7,142.24,146.14,2025-07-14 04:58:32.141,diem,63.0,63.0,23.846130124604578,1.0,0,0
2309e0,dota,6,scale-free-l,diablo,hop,8,16,10,4,0,3678700,42865,0,13328.6,155.3,153.91,165.34,2025-07-14 05:16:51.600,diem,63.0,63.0,20.625949636423428,1.0,0,0
2309e0,dota,10,scale-free-l,diablo,hop,8,16,10,4,0,3678700,52342,0,12974.3,184.6,157.6,159.08,2025-07-14 06:31:19.572,diem,63.0,63.0,19.240034707030752,1.0,0,0
2309e0,dota,7,scale-free-l,diablo,hop,8,16,10,4,0,3678700,57846,0,13328.6,209.6,157.85,159.98,2025-07-14 05:35:25.983,diem,63.0,63.0,16.506154931160008,1.0,0,0
3c29ab,visa,8,scale-free-l,diablo,hop,8,16,10,4,0,540000,46086,0,1800.0,153.6,177.22,182.36,2025-07-13 21:23:25.482,diem,57.96,57.96,18.23130381332316,1.0,0,0
3c29ab,visa,3,scale-free-l,diablo,hop,8,16,10,4,0,540000,46451,0,1800.0,154.8,171.54,179.26,2025-07-13 20:19:06.796,diem,57.96,57.96,20.834189537336535,1.0,0,0
3c29ab,visa,2,scale-free-l,diablo,hop,8,16,10,4,0,540000,48260,0,1800.0,160.9,170.87,183.48,2025-07-13 20:06:01.013,diem,57.96,57.96,24.433693119432043,1.0,0,0
3c29ab,visa,1,scale-free-l,diablo,hop,8,16,10,4,0,540000,45001,0,1800.0,150.0,169.68,181.24,2025-07-13 19:53:03.928,diem,57.96,57.96,24.592435106193612,1.0,0,0
3c29ab,visa,9,scale-free-l,diablo,hop,8,16,10,4,0,540000,51184,0,1800.0,170.6,158.15,165.1,2025-07-13 21:36:25.740,diem,57.96,57.96,24.290149479590443,1.0,0,0
3c29ab,visa,4,scale-free-l,diablo,hop,8,16,10,4,0,540000,52000,0,1800.0,173.3,170.0,179.01,2025-07-13 20:32:01.362,diem,57.96,57.96,25.675344276467392,1.0,0,0
3c29ab,visa,5,scale-free-l,diablo,hop,8,16,10,4,0,540000,46000,0,1800.0,153.3,165.72,168.22,2025-07-13 20:45:08.411,diem,57.96,57.96,23.70406312528018,1.0,0,0
3c29ab,visa,6,scale-free-l,diablo,hop,8,16,10,4,0,540000,47438,0,1800.0,158.1,160.62,160.45,2025-07-13 20:57:40.323,diem,57.96,57.96,21.91322598741296,1.0,0,0
12a88f,gafam,3,scale-free-l,diablo,hop,8,16,10,4,0,30320,30071,0,167.7,166.3,85.94,93.61,2025-07-13 16:08:53.674,diem,96.59,96.59,15.6139769944225,1.0,0,0
12a88f,gafam,2,scale-free-l,diablo,hop,8,16,10,4,0,30320,30069,0,167.6,166.3,82.47,85.18,2025-07-13 15:56:39.046,diem,96.59,96.59,13.129460864831916,1.0,0,0
12a88f,gafam,9,scale-free-l,diablo,hop,8,16,10,4,0,30320,30085,0,167.7,166.4,72.59,76.57,2025-07-13 17:20:52.466,diem,96.59,96.59,14.851730971229767,1.0,0,0
12a88f,gafam,5,scale-free-l,diablo,hop,8,16,10,4,0,30320,30113,0,167.7,166.5,74.01,81.74,2025-07-13 16:32:23.295,diem,96.59,96.59,15.716591953191159,1.0,0,0
12a88f,gafam,6,scale-free-l,diablo,hop,8,16,10,4,0,30320,30074,0,167.7,166.3,92.98,92.09,2025-07-13 16:44:39.506,diem,96.59,96.59,16.70972556005062,1.0,0,0
12a88f,gafam,10,scale-free-l,diablo,hop,8,16,10,4,0,30320,26141,0,167.7,144.6,76.2,82.16,2025-07-13 17:32:46.674,diem,96.59,96.59,13.680474022665807,1.0,0,0
9c1dd1,paypal,3,scale-free-l,diablo,hop,8,16,10,4,0,59990,39543,0,200.0,131.8,100.41,99.67,2025-07-13 18:10:09.805,diem,57.96,57.96,17.90884806974951,1.0,0,0
9c1dd1,paypal,2,scale-free-l,diablo,hop,8,16,10,4,0,59990,47330,0,200.0,157.8,72.99,72.63,2025-07-13 17:57:07.141,diem,57.96,57.96,24.527963943268713,1.0,0,0
9c1dd1,paypal,1,scale-free-l,diablo,hop,8,16,10,4,0,59990,49026,0,200.0,163.4,62.88,61.86,2025-07-13 17:44:08.580,diem,57.96,57.96,23.73940165733228,1.0,0,0
9c1dd1,paypal,9,scale-free-l,diablo,hop,8,16,10,4,0,59990,49205,0,200.0,164.0,65.21,67.2,2025-07-13 19:27:02.884,diem,57.96,57.96,19.566375802542513,1.0,0,0
9c1dd1,paypal,4,scale-free-l,diablo,hop,8,16,10,4,0,59990,48185,0,200.0,160.6,65.51,64.08,2025-07-13 18:22:51.553,diem,57.96,57.96,23.403765029148516,1.0,0,0
9c1dd1,paypal,5,scale-free-l,diablo,hop,8,16,10,4,0,59990,48471,0,200.0,161.6,59.26,58.23,2025-07-13 18:35:48.664,diem,57.96,57.96,25.620481748982904,1.0,0,0
9c1dd1,paypal,6,scale-free-l,diablo,hop,8,16,10,4,0,59990,51092,0,200.0,170.3,56.84,57.13,2025-07-13 18:48:37.387,diem,57.96,57.96,24.37665822077651,1.0,0,0
cac3f1,football,8,scale-free-l,diablo,hop,8,16,10,4,0,4056130,1164,0,23924.0,6.9,91.34,91.16,2025-07-14 02:48:13.546,diem,173.87,173.87,9.84822015239455,1.0,0,0
cac3f1,football,1,scale-free-l,diablo,hop,8,16,10,4,0,4056130,731,0,20449.9,3.7,57.07,35.56,2025-07-14 00:33:55.294,diem,173.87,173.87,9.19934812070621,1.0,0,0
cac3f1,football,9,scale-free-l,diablo,hop,8,16,10,4,0,4056130,2051,0,14941.8,7.6,47.39,29.41,2025-07-14 03:07:54.635,diem,173.87,173.87,10.258432714009901,1.0,0,0
cac3f1,football,4,scale-free-l,diablo,hop,8,16,10,4,0,4056130,2409,0,20136.7,12.0,53.18,41.22,2025-07-14 01:30:15.293,diem,173.87,173.87,9.510839786554326,1.0,0,0
cac3f1,football,5,scale-free-l,diablo,hop,8,16,10,4,0,4056130,1694,0,19024.2,7.9,58.45,34.32,2025-07-14 01:50:10.274,diem,173.87,173.87,9.234877359328403,1.0,0,0
cac3f1,football,6,scale-free-l,diablo,hop,8,16,10,4,0,4056130,440,0,19430.0,2.1,120.33,122.05,2025-07-14 02:09:45.663,diem,173.87,173.87,8.927613518839843,1.0,0,0
cac3f1,football,10,scale-free-l,diablo,hop,8,16,10,4,0,4056130,1915,0,19067.1,9.0,53.6,33.19,2025-07-14 03:26:43.604,diem,173.87,173.87,7.993411601570405,1.0,0,0
cac3f1,football,7,scale-free-l,diablo,hop,8,16,10,4,0,4056130,1775,0,20506.7,9.0,56.21,34.66,2025-07-14 02:28:33.050,diem,173.87,173.87,8.621949556850486,1.0,0,0
faf2cd,visa,1,torus-l,diablo,hop,8,16,10,4,0,540000,59197,0,1800.0,197.3,158.34,166.28,2024-06-07 10:33:40.632,diem,57.96,57.96,22.107586336380816,1.0,0,0
f7efd2,10000,2,torus-l,diablo,hop,8,16,10,4,0,1199990,18576,0,9999.9,154.8,69.02,67.74,2024-06-07 11:14:01.990,diem,144.89,144.89,10.394535199106347,1.0,0,0
614415,dota,2,torus-l,diablo,hop,8,16,10,4,0,3678700,61417,0,11902.3,198.7,128.14,118.63,2024-06-07 12:29:16.223,diem,63.0,63.0,24.285523566573435,1.0,0,0
614415,dota,1,torus-l,diablo,hop,8,16,10,4,0,3678700,67879,0,12026.0,221.9,147.77,139.34,2024-06-07 12:10:58.920,diem,63.0,63.0,16.102614214647048,1.0,0,0
16e656,gafam,2,torus-l,diablo,hop,8,16,10,4,0,30320,30182,0,167.7,166.9,67.92,71.06,2024-06-07 10:22:05.495,diem,96.59,96.59,17.410008283433147,1.0,0,0
16e656,gafam,1,torus-l,diablo,hop,8,16,10,4,0,30320,30162,0,167.7,166.8,56.12,55.92,2024-06-07 10:09:31.659,diem,96.59,96.59,14.454819138081058,1.0,0,0
cd48a4,football,2,torus-l,diablo,hop,8,16,10,4,0,4056130,3962,0,20501.1,20.0,39.81,28.13,2024-06-07 11:52:11.486,diem,173.87,173.87,8.272829877335393,1.0,0,0
cee90f,paypal,2,torus-l,diablo,hop,8,16,10,4,0,59990,57779,0,200.0,192.6,32.28,35.59,2024-06-07 09:56:47.572,diem,57.96,57.96,20.42416173033837,1.0,0,0
cee90f,paypal,1,torus-l,diablo,hop,8,16,10,4,0,59990,57779,0,200.0,192.6,32.28,35.59,2024-06-07 09:56:47.572,diem,57.96,57.96,20.42416173033837,1.0,0,0
a15147,paypal,2,torus-l,diablo,hop,8,16,10,4,0,59990,58357,0,200.0,194.5,29.28,28.11,2024-06-14 01:16:40.233,diem,57.96,57.96,24.35599306395768,1.0,0,0
a15147,paypal,1,torus-l,diablo,hop,8,16,10,4,0,59990,56326,0,200.0,187.8,25.04,23.84,2024-06-14 01:03:17.777,diem,57.96,57.96,21.634665719639756,1.0,0,0
6b90b7,dota,2,torus-l,diablo,hop,8,16,10,4,0,3678700,75709,0,12158.4,250.2,152.42,149.92,2024-06-14 00:48:42.825,diem,63.0,63.0,18.027134685518757,1.0,0,0
6b90b7,dota,1,torus-l,diablo,hop,8,16,10,4,0,3678700,70240,0,12748.5,243.4,141.38,131.11,2024-06-14 00:30:37.530,diem,63.0,63.0,26.606776180641898,1.0,0,0
54f100,visa,1,torus-l,diablo,hop,8,16,10,4,0,540000,67845,0,1786.5,224.5,145.09,149.35,2024-06-14 10:55:24.927,diem,17.9,19.32,27.09199424647593,1.0,0,0
54f100,visa,2,torus-l,diablo,hop,8,16,10,4,0,540000,62321,0,1796.7,207.4,162.04,164.12,2024-06-14 11:08:19.747,diem,17.9,19.32,23.565675739872173,1.0,0,0
a53b57,gafam,3,torus-l,diablo,hop,8,16,10,4,0,30320,27890,0,167.7,154.2,64.82,71.97,2025-06-30 16:49:07.427,diem,32.2,32.2,17.396299761883906,1.0,0,0
a53b57,gafam,7,torus-l,diablo,hop,8,16,10,4,0,30320,30140,0,167.7,166.7,65.27,65.06,2025-06-30 17:36:56.983,diem,32.2,32.2,12.511548930047097,1.0,0,0
a53b57,gafam,4,torus-l,diablo,hop,8,16,10,4,0,30320,26643,0,167.7,147.4,61.9,61.82,2025-06-30 17:00:56.253,diem,32.2,32.2,18.532752975616607,1.0,0,0
a53b57,gafam,2,torus-l,diablo,hop,8,16,10,4,0,30320,30167,0,167.7,166.8,67.79,74.25,2025-06-30 16:36:39.307,diem,32.2,32.2,15.235449901344982,1.0,0,0
a53b57,gafam,6,torus-l,diablo,hop,8,16,10,4,0,30320,30165,0,167.7,166.8,59.58,57.86,2025-06-30 17:27:16.961,diem,32.2,32.2,11.850826596246545,1.0,0,0
a53b57,gafam,8,torus-l,diablo,hop,8,16,10,4,0,30320,30142,0,167.7,166.7,58.72,60.66,2025-06-30 17:49:21.049,diem,32.2,32.2,11.737031358574148,1.0,0,0
a53b57,gafam,9,torus-l,diablo,hop,8,16,10,4,0,30320,30151,0,167.7,166.7,60.67,66.68,2025-06-30 18:01:03.515,diem,32.2,32.2,15.327342026612213,1.0,0,0
a53b57,gafam,5,torus-l,diablo,hop,8,16,10,4,0,30320,30167,0,167.7,166.8,71.95,79.14,2025-06-30 17:13:07.662,diem,32.2,32.2,15.026648802740945,1.0,0,0
a53b57,gafam,1,torus-l,diablo,hop,8,16,10,4,0,30320,28301,0,167.7,156.5,57.48,58.7,2025-06-30 16:24:58.918,diem,32.2,32.2,14.762888025990778,1.0,0,0
1be8c7,dota,3,torus-l,diablo,hop,8,16,10,4,0,3678700,72509,0,13311.3,262.4,149.9,143.35,2025-07-01 05:02:04.296,diem,21.0,21.0,20.307780517478342,1.0,0,0
1be8c7,dota,10,torus-l,diablo,hop,8,16,10,4,0,3678700,69757,0,13297.9,252.2,153.05,148.17,2025-07-01 07:09:04.073,diem,21.0,21.0,19.04741241885699,1.0,0,0
1be8c7,dota,7,torus-l,diablo,hop,8,16,10,4,0,3678700,67963,0,13328.6,246.2,143.33,142.71,2025-07-01 06:14:27.107,diem,21.0,21.0,20.801096817324947,1.0,0,0
1be8c7,dota,2,torus-l,diablo,hop,8,16,10,4,0,3678700,69533,0,13328.6,251.9,147.4,146.03,2025-07-01 04:43:04.297,diem,21.0,21.0,19.25228988455916,1.0,0,0
1be8c7,dota,5,torus-l,diablo,hop,8,16,10,4,0,3678700,66315,0,11772.1,212.2,140.29,138.52,2025-07-01 05:38:32.643,diem,21.0,21.0,19.367949563699746,1.0,0,0
1be8c7,dota,1,torus-l,diablo,hop,8,16,10,4,0,3678700,75237,0,12586.0,257.4,157.5,170.94,2025-07-01 04:25:30.103,diem,21.0,21.0,23.942113341100278,1.0,0,0
7a110b,visa,3,torus-l,diablo,hop,8,16,10,4,0,540000,61542,0,1800.0,205.1,156.66,161.02,2025-06-30 20:59:09.003,diem,19.32,19.32,21.403827404206897,1.0,0,0
7a110b,visa,10,torus-l,diablo,hop,8,16,10,4,0,540000,66161,0,1790.0,219.3,157.08,161.32,2025-06-30 22:29:56.259,diem,19.32,19.32,19.110096985690067,1.0,0,0
7a110b,visa,7,torus-l,diablo,hop,8,16,10,4,0,540000,55318,0,1800.0,184.4,158.02,157.95,2025-06-30 21:51:13.747,diem,19.32,19.32,20.256954470292104,1.0,0,0
7a110b,visa,4,torus-l,diablo,hop,8,16,10,4,0,540000,57008,0,1800.0,190.0,156.79,158.02,2025-06-30 21:12:12.524,diem,19.32,19.32,25.984108477470123,1.0,0,0
7a110b,visa,2,torus-l,diablo,hop,8,16,10,4,0,540000,64056,0,1800.0,213.5,164.91,170.92,2025-06-30 20:46:23.446,diem,19.32,19.32,22.707323688055418,1.0,0,0
7a110b,visa,6,torus-l,diablo,hop,8,16,10,4,0,540000,62033,0,1783.3,204.9,159.29,162.97,2025-06-30 21:38:13.614,diem,19.32,19.32,23.270132971650888,1.0,0,0
7a110b,visa,9,torus-l,diablo,hop,8,16,10,4,0,540000,57106,0,1800.0,190.4,149.02,157.51,2025-06-30 22:16:55.100,diem,19.32,19.32,25.144111678967555,1.0,0,0
7a110b,visa,5,torus-l,diablo,hop,8,16,10,4,0,540000,61832,0,1798.8,206.0,158.45,163.33,2025-06-30 21:25:23.851,diem,19.32,19.32,22.422416832137415,1.0,0,0
7a110b,visa,1,torus-l,diablo,hop,8,16,10,4,0,540000,57556,0,1797.8,191.6,154.31,154.12,2025-06-30 20:33:46.384,diem,19.32,19.32,24.707842935376917,1.0,0,0
4fb458,paypal,3,torus-l,diablo,hop,8,16,10,4,0,59990,58148,0,200.0,193.8,22.21,20.9,2025-06-30 18:50:36.187,diem,19.32,19.32,26.74704965042374,1.0,0,0
4fb458,paypal,10,torus-l,diablo,hop,8,16,10,4,0,59990,57206,0,200.0,190.7,27.54,29.14,2025-06-30 20:21:31.767,diem,19.32,19.32,23.079687976760614,1.0,0,0
4fb458,paypal,4,torus-l,diablo,hop,8,16,10,4,0,59990,57121,0,200.0,190.4,33.12,36.27,2025-06-30 19:03:22.481,diem,19.32,19.32,22.21611485337395,1.0,0,0
4fb458,paypal,2,torus-l,diablo,hop,8,16,10,4,0,59990,58010,0,200.0,193.4,27.36,27.13,2025-06-30 18:37:50.014,diem,19.32,19.32,25.421199536528235,1.0,0,0
4fb458,paypal,6,torus-l,diablo,hop,8,16,10,4,0,59990,16872,0,200.0,56.2,22.97,23.68,2025-06-30 19:29:33.477,diem,19.32,19.32,19.408920440156358,1.0,0,0
4fb458,paypal,8,torus-l,diablo,hop,8,16,10,4,0,59990,58339,0,200.0,194.5,30.46,34.13,2025-06-30 19:54:48.837,diem,19.32,19.32,25.351354922750794,1.0,0,0
4fb458,paypal,9,torus-l,diablo,hop,8,16,10,4,0,59990,57449,0,200.0,191.5,31.24,33.78,2025-06-30 20:07:43.568,diem,19.32,19.32,20.970385657660387,1.0,0,0
874385,football,3,torus-l,diablo,hop,8,16,10,4,0,4056130,3821,0,16107.8,15.2,47.06,30.53,2025-07-01 01:52:11.446,diem,57.97,57.97,10.2680038433161,1.0,0,0
874385,football,10,torus-l,diablo,hop,8,16,10,4,0,4056130,2575,0,15269.3,9.7,51.15,33.17,2025-07-01 04:06:11.879,diem,57.97,57.97,9.091621582092186,1.0,0,0
874385,football,7,torus-l,diablo,hop,8,16,10,4,0,4056130,4730,0,15306.8,17.8,40.49,24.38,2025-07-01 03:08:52.574,diem,57.97,57.97,9.52826869538309,1.0,0,0
874385,football,4,torus-l,diablo,hop,8,16,10,4,0,4056130,2519,0,21063.3,13.1,39.14,23.76,2025-07-01 02:11:28.463,diem,57.97,57.97,7.3059587256094485,1.0,0,0
874385,football,6,torus-l,diablo,hop,8,16,10,4,0,4056130,2944,0,18470.0,13.4,43.65,27.92,2025-07-01 02:49:43.021,diem,57.97,57.97,10.897535666409839,1.0,0,0
874385,football,8,torus-l,diablo,hop,8,16,10,4,0,4056130,2767,0,19649.3,13.4,55.61,29.95,2025-07-01 03:28:13.291,diem,57.97,57.97,7.859886673149244,1.0,0,0
874385,football,1,torus-l,diablo,hop,8,16,10,4,0,4056130,3805,0,15760.2,14.8,49.04,31.03,2025-07-01 01:14:02.461,diem,57.97,57.97,9.29896618629214,1.0,0,0
d4ba06,10000,3,torus-l,diablo,hop,8,16,10,4,0,1199990,17000,0,9998.4,141.6,80.44,75.65,2025-06-30 23:12:39.010,diem,48.3,48.3,13.578448044251452,1.0,0,0
d4ba06,10000,10,torus-l,diablo,hop,8,16,10,4,0,1199990,19000,0,9999.9,158.3,71.46,68.2,2025-07-01 00:55:07.949,diem,48.3,48.3,9.664198208484107,1.0,0,0
d4ba06,10000,7,torus-l,diablo,hop,8,16,10,4,0,1199990,17000,0,9993.4,141.6,70.55,69.11,2025-07-01 00:11:09.093,diem,48.3,48.3,9.22197808627032,1.0,0,0
d4ba06,10000,2,torus-l,diablo,hop,8,16,10,4,0,1199990,15000,0,9999.9,125.0,66.16,64.7,2025-06-30 22:57:49.209,diem,48.3,48.3,9.939952477549502,1.0,0,0
d4ba06,10000,8,torus-l,diablo,hop,8,16,10,4,0,1199990,18794,0,9998.1,156.6,82.92,77.77,2025-07-01 00:26:01.409,diem,48.3,48.3,12.353575242849095,1.0,0,0
d4ba06,10000,9,torus-l,diablo,hop,8,16,10,4,0,1199990,15917,0,9997.9,132.6,89.92,94.36,2025-07-01 00:40:12.808,diem,48.3,48.3,11.620701728957057,1.0,0,0
d4ba06,10000,5,torus-l,diablo,hop,8,16,10,4,0,1199990,20000,0,9999.9,166.7,73.15,71.77,2025-06-30 23:41:41.136,diem,48.3,48.3,9.36313522031086,1.0,0,0
d4ba06,10000,1,torus-l,diablo,hop,8,16,10,4,0,1199990,19000,0,9995.0,158.3,66.28,72.7,2025-06-30 22:43:21.363,diem,48.3,48.3,10.32986046003813,1.0,0,0
cf22c6,visa,1,torus-l,diablo,hop,8,16,10,4,0,540000,18351,0,1800.0,61.2,83.41,79.02,2024-05-20 03:33:15.906,diem,11.86,13.22,20.01284430615336,1.0,0,0
14293c,gafam,1,torus-l,diablo,hop,8,16,10,4,0,30320,30151,0,167.7,166.8,57.45,57.14,2024-05-20 03:21:03.950,diem,8.74,8.86,18.554831331584264,1.0,0,0
386f77,football,1,torus-l,diablo,hop,8,16,10,4,0,4056130,3577,0,20567.4,18.1,36.87,27.02,2024-05-20 04:05:30.518,diem,66.55,74.11,8.996097594054728,1.0,0,0
1dabee,paypal,1,torus-l,diablo,hop,8,16,10,4,0,59990,58506,0,200.0,195.0,27.84,30.69,2024-05-21 08:47:53.362,diem,9.67,10.95,27.119150864985198,1.0,0,0
dbe237,gafam,1,torus-l,diablo,hop,8,16,10,4,0,30320,30134,0,167.7,166.7,60.94,57.67,2024-05-21 09:00:35.029,diem,22.82,25.74,16.502833980316225,1.0,0,0
ebdf97,dota,1,torus-l,diablo,hop,8,16,10,4,0,3678700,30315,0,13328.6,109.8,73.31,79.37,2024-05-21 09:31:52.595,diem,40.83,44.61,17.727240134269593,1.0,0,0
544243,10000,1,torus-l,diablo,hop,8,16,10,4,0,1199990,21000,0,9999.9,175.0,70.62,61.11,2024-05-21 09:13:20.548,diem,66.47,71.95,8.102872956985353,1.0,0,0
c23a41,paypal,1,full-mesh,our,hop,8,16,10,1,0,59990,58345,0,200.0,194.5,4.1,3.82,2024-05-13 12:14:31.510,diem,5.23,11.22,24.8532809513534,0.0,0,0
7361a0,paypal,1,full-mesh,our,hop,8,16,10,1,0,59990,59232,0,200.0,197.4,3.7,3.42,2024-06-24 13:59:22.899,diem,14.08,33.19,17.4856117585075,1.0,0,0
7361a0,paypal,4,full-mesh,our,hop,8,16,10,1,0,59990,58823,0,200.0,196.1,4.49,3.9,2024-06-24 14:34:08.039,diem,14.08,33.19,21.018796195225757,1.0,0,0
7361a0,paypal,3,full-mesh,our,hop,8,16,10,1,0,59990,58313,0,199.9,194.4,4.66,4.08,2024-06-24 14:22:25.775,diem,14.08,33.19,21.637475854688716,1.0,0,0
7361a0,paypal,2,full-mesh,our,hop,8,16,10,1,0,59990,59338,0,200.0,197.8,3.57,3.26,2024-06-24 14:11:02.485,diem,14.08,33.19,19.080917611508333,1.0,0,0
303798,visa,1,fat-tree-l,diablo,hop,8,16,10,1,0,540000,4752,0,1800.0,15.8,131.02,132.99,2024-05-08 22:36:31.182,poa,2.33,1.94,18.586049202911624,0.0,0,0
6d9c7f,paypal,1,fat-tree-l,diablo,hop,8,16,10,1,0,59990,3105,0,200.0,10.4,180.7,168.72,2024-05-08 22:17:23.794,poa,0.55,0.39,22.15546223826858,0.0,0,0
b0381e,gafam,1,fat-tree-l,diablo,hop,8,16,10,1,0,30320,3438,0,167.7,19.0,81.47,70.56,2024-05-08 22:28:33.482,poa,1.18,0.86,12.900465692037413,0.0,0,0
f4ab29,10000,1,fat-tree-l,diablo,hop,8,16,10,1,0,1199990,1042,0,9999.9,8.7,73.01,74.17,2024-05-08 22:47:19.426,poa,12.13,8.95,10.357618272732187,0.0,0,0
33d3f4,football,1,fat-tree-l,diablo,hop,8,16,10,1,0,4056130,106,0,39918.6,1.0,7.97,7.97,2024-05-08 23:01:08.390,poa,26.3,12.1,8.867016552520768,0.0,0,0
ee3dac,dota,1,fat-tree-l,diablo,hop,8,16,10,1,0,3678700,197,0,13320.7,0.7,88.08,74.5,2024-05-09 08:33:20.928,poa,4.54,1.1,22.564845526241736,0.0,0,0
c621a0,football,1,fat-tree-l,diablo,hop,8,16,10,1,0,4056130,214,0,35181.0,1.9,14.19,14.69,2024-05-09 08:49:00.391,poa,23.12,4.08,9.34585554316816,0.0,0,0
7a2b94,10000,1,full-mesh,diablo,hop,8,16,10,1,0,1199990,1327,0,9999.9,11.1,62.62,56.45,2024-05-08 19:00:52.490,poa,10.63,7.15,9.889944736329383,0.0,0,0
975db7,paypal,1,full-mesh,diablo,hop,8,16,10,1,0,59990,3205,0,200.0,10.7,129.92,115.08,2024-05-08 18:30:54.818,poa,0.37,0.24,22.949952127403783,0.0,0,0
e9e813,visa,1,full-mesh,diablo,hop,8,16,10,1,0,540000,2867,0,1800.0,9.6,157.32,147.88,2024-05-08 18:50:02.606,poa,2.54,2.08,21.73457441297708,0.0,0,0
8907c0,gafam,1,full-mesh,diablo,hop,8,16,10,1,0,30320,1280,0,167.7,7.1,93.52,88.24,2024-05-08 18:42:38.315,poa,1.16,0.84,13.829329072253064,0.0,0,0
b8e6ab,football,1,full-mesh,diablo,hop,8,16,10,1,0,4056130,71,0,32716.9,0.6,11.45,11.45,2024-05-08 19:14:45.746,poa,19.17,9.51,7.573179366338863,0.0,0,0
20bdb5,dota,1,full-mesh,diablo,hop,8,16,10,1,0,3678700,139,0,13321.4,0.5,58.39,43.05,2024-05-09 06:31:25.950,poa,3.61,0.95,24.289298790166093,0.0,0,0
c42b71,football,1,full-mesh,diablo,hop,8,16,10,1,0,4056130,233,0,40157.9,2.3,11.96,11.34,2024-05-09 06:47:24.341,poa,22.99,3.76,7.3605944829806225,0.0,0,0
4964f3,visa,1,hypercube,diablo,hop,8,16,10,1,0,540000,4098,0,1800.0,13.7,126.08,126.17,2024-05-08 23:51:58.744,poa,3.31,2.96,21.200274478212354,0.0,0,0
539765,paypal,1,hypercube,diablo,hop,8,16,10,1,0,59990,3321,0,200.0,11.1,140.01,129.9,2024-05-08 23:32:27.762,poa,0.57,0.43,23.77504217389024,0.0,0,0
497d12,gafam,1,hypercube,diablo,hop,8,16,10,1,0,30320,1266,0,167.7,7.0,90.42,85.26,2024-05-08 23:44:10.329,poa,1.21,0.89,11.55334164379513,0.0,0,0
c2b88c,10000,1,hypercube,diablo,hop,8,16,10,1,0,1199990,1985,0,9999.9,16.5,39.71,34.49,2024-05-09 00:02:51.594,poa,12.74,9.56,9.400996814652858,0.0,0,0
4cf55d,dota,1,hypercube,diablo,hop,8,16,10,1,0,3678700,184,0,13328.6,0.7,44.53,34.31,2024-05-09 10:00:42.421,poa,4.1,0.7,18.57467223003379,0.0,0,0
9c9193,football,1,hypercube,diablo,hop,8,16,10,1,0,4056130,322,0,40159.2,3.2,18.03,12.73,2024-05-09 10:18:01.920,poa,23.79,3.31,10.520905959733511,0.0,0,0
8b826a,gafam,1,fat-tree-l,diablo,hop,8,16,10,1,0,30320,1284,0,167.7,7.1,90.49,89.2,2024-06-04 02:47:10.771,poa,1.37,0.84,15.00755112747354,1.0,0,0
8b826a,gafam,2,fat-tree-l,diablo,hop,8,16,10,1,0,30320,1284,0,167.7,7.1,90.49,89.2,2024-06-04 02:56:45.506,poa,1.37,0.84,10.832937778663371,1.0,0,0
b69154,10000,1,fat-tree-l,diablo,hop,8,16,10,1,0,1199990,912,0,9999.9,7.6,19.92,22.92,2024-06-04 03:22:50.639,poa,12.78,6.96,9.2255516108044,1.0,0,0
b69154,10000,2,fat-tree-l,diablo,hop,8,16,10,1,0,1199990,477,0,9999.9,4.0,71.24,64.42,2024-06-04 03:31:39.978,poa,12.78,6.96,11.512431769875148,1.0,0,0
e2ae6c,paypal,1,fat-tree-l,diablo,hop,8,16,10,1,0,59990,1134,0,200.0,3.8,227.98,225.71,2024-06-04 02:23:12.999,poa,0.48,0.25,26.323031331842387,1.0,0,0
d585e9,dota,1,fat-tree-l,diablo,hop,8,16,10,1,0,3678700,230,0,13328.6,0.8,68.6,57.31,2024-06-04 04:15:14.457,poa,20.29,5.36,18.213953575648475,1.0,0,0
d585e9,dota,2,fat-tree-l,diablo,hop,8,16,10,1,0,3678700,78,0,13323.4,0.3,12.18,11.91,2024-06-04 04:30:44.034,poa,20.29,5.36,18.386135711713433,1.0,0,0
1cf8a0,visa,1,fat-tree-l,diablo,hop,8,16,10,1,0,540000,2958,0,1800.0,9.9,206.63,201.44,2024-06-04 03:01:26.729,poa,2.27,1.52,18.32518380212095,1.0,0,0
1cf8a0,visa,2,fat-tree-l,diablo,hop,8,16,10,1,0,540000,2636,0,1800.0,8.8,207.89,197.28,2024-06-04 03:11:58.288,poa,2.27,1.52,16.604770104591193,1.0,0,0
9eb0c2,football,1,fat-tree-l,diablo,hop,8,16,10,1,0,4056130,318,0,40159.2,3.1,16.59,17.59,2024-06-04 03:46:33.529,poa,33.51,10.64,10.625592847889973,1.0,0,0
9eb0c2,football,2,fat-tree-l,diablo,hop,8,16,10,1,0,4056130,214,0,32742.0,1.7,11.08,17.86,2024-06-04 04:00:09.682,poa,33.51,10.64,9.911941217790382,1.0,0,0
0f4ebf,paypal,1,fat-tree-l,diablo,hop,8,16,10,1,0,59990,2084,0,200.0,6.9,153.96,162.9,2024-06-18 09:14:52.794,poa,0.61,0.37,17.94348810748343,1.0,0,0
0f4ebf,paypal,2,fat-tree-l,diablo,hop,8,16,10,1,0,59990,3320,0,200.0,11.1,160.26,160.31,2024-06-18 09:25:19.693,poa,0.61,0.37,21.119952001835735,1.0,0,0
a2b226,gafam,9,fat-tree-l,diablo,hop,8,16,10,1,0,30320,1646,0,167.7,9.1,88.53,100.12,2025-06-21 11:48:16.802,poa,4.35,3.67,12.98995050449574,1.0,0,0
a2b226,gafam,6,fat-tree-l,diablo,hop,8,16,10,1,0,30320,1903,0,167.7,10.5,98.77,102.18,2025-06-21 11:23:02.436,poa,4.35,3.67,13.201208364387321,1.0,0,0
a2b226,gafam,4,fat-tree-l,diablo,hop,8,16,10,1,0,30320,2241,0,167.7,12.4,83.29,71.8,2025-06-21 11:05:52.731,poa,4.35,3.67,13.431887741119516,1.0,0,0
a2b226,gafam,7,fat-tree-l,diablo,hop,8,16,10,1,0,30320,2365,0,167.7,13.1,75.22,67.08,2025-06-21 11:31:22.075,poa,4.35,3.67,11.837293424683706,1.0,0,0
a2b226,gafam,3,fat-tree-l,diablo,hop,8,16,10,1,0,30320,2526,0,167.7,14.0,87.95,84.15,2025-06-21 10:57:28.618,poa,4.35,3.67,14.085913403562403,1.0,0,0
a2b226,gafam,5,fat-tree-l,diablo,hop,8,16,10,1,0,30320,2127,0,167.7,11.8,92.16,88.37,2025-06-21 11:14:20.684,poa,4.35,3.67,16.263465345363574,1.0,0,0
a2b226,gafam,1,fat-tree-l,diablo,hop,8,16,10,1,0,30320,1835,0,167.7,10.1,99.4,102.42,2025-06-21 10:40:43.038,poa,4.35,3.67,17.606553926585434,1.0,0,0
a2b226,gafam,8,fat-tree-l,diablo,hop,8,16,10,1,0,30320,1643,0,167.7,9.1,94.8,85.37,2025-06-21 11:39:49.235,poa,4.35,3.67,10.434054988575745,1.0,0,0
a2b226,gafam,2,fat-tree-l,diablo,hop,8,16,10,1,0,30320,1608,0,167.7,8.9,96.64,104.03,2025-06-21 10:49:08.891,poa,4.35,3.67,18.364225204244946,1.0,0,0
a2b226,gafam,10,fat-tree-l,diablo,hop,8,16,10,1,0,30320,1440,0,167.7,8.0,92.89,84.53,2025-06-21 11:56:43.470,poa,4.35,3.67,15.269941535779186,1.0,0,0
c1f287,paypal,9,fat-tree-l,diablo,hop,8,16,10,1,0,59990,3877,0,200.0,12.9,133.78,137.19,2025-06-21 13:28:34.656,poa,7.02,6.24,24.82934773752589,1.0,0,0
c1f287,paypal,6,fat-tree-l,diablo,hop,8,16,10,1,0,59990,3710,0,200.0,12.4,132.34,137.33,2025-06-21 12:57:08.285,poa,7.02,6.24,15.038904774232101,1.0,0,0
c1f287,paypal,4,fat-tree-l,diablo,hop,8,16,10,1,0,59990,3531,0,200.0,11.8,129.41,116.51,2025-06-21 12:36:07.772,poa,7.02,6.24,18.41796040767619,1.0,0,0
c1f287,paypal,7,fat-tree-l,diablo,hop,8,16,10,1,0,59990,3519,0,200.0,11.7,129.82,124.7,2025-06-21 13:07:37.057,poa,7.02,6.24,18.974720266204702,1.0,0,0
c1f287,paypal,3,fat-tree-l,diablo,hop,8,16,10,1,0,59990,3429,0,200.0,11.4,128.5,131.67,2025-06-21 12:25:39.799,poa,7.02,6.24,28.85426494522096,1.0,0,0
c1f287,paypal,5,fat-tree-l,diablo,hop,8,16,10,1,0,59990,3300,0,200.0,11.0,130.32,109.23,2025-06-21 12:46:37.973,poa,7.02,6.24,19.43587403837203,1.0,0,0
c1f287,paypal,1,fat-tree-l,diablo,hop,8,16,10,1,0,59990,3736,0,200.0,12.5,141.43,148.61,2025-06-21 12:04:41.319,poa,7.02,6.24,26.223897805277737,1.0,0,0
c1f287,paypal,8,fat-tree-l,diablo,hop,8,16,10,1,0,59990,3937,0,200.0,13.1,141.44,135.8,2025-06-21 13:18:05.518,poa,7.02,6.24,22.855373887784758,1.0,0,0
c1f287,paypal,2,fat-tree-l,diablo,hop,8,16,10,1,0,59990,3878,0,200.0,12.9,139.12,140.95,2025-06-21 12:15:11.233,poa,7.02,6.24,31.885948378848568,1.0,0,0
c1f287,paypal,10,fat-tree-l,diablo,hop,8,16,10,1,0,59990,3719,0,200.0,12.4,149.54,147.97,2025-06-21 13:39:02.286,poa,7.02,6.24,29.349638855459983,1.0,0,0
f62e54,dota,9,fat-tree-l,diablo,hop,8,16,10,1,0,3678700,38,0,13328.6,0.1,3.92,4.73,2025-06-21 21:35:50.128,poa,132.52,53.8,25.02280339758212,1.0,0,0
f62e54,dota,6,fat-tree-l,diablo,hop,8,16,10,1,0,3678700,148,0,13328.6,0.5,28.5,22.54,2025-06-21 20:51:12.004,poa,132.52,53.8,21.151079536169295,1.0,0,0
f62e54,dota,4,fat-tree-l,diablo,hop,8,16,10,1,0,3678700,19,0,13328.6,0.1,2.79,2.79,2025-06-21 20:21:31.619,poa,132.52,53.8,22.09651522911822,1.0,0,0
f62e54,dota,7,fat-tree-l,diablo,hop,8,16,10,1,0,3678700,114,0,13328.6,0.4,42.35,48.96,2025-06-21 21:06:11.329,poa,132.52,53.8,18.56158541254231,1.0,0,0
f62e54,dota,3,fat-tree-l,diablo,hop,8,16,10,1,0,3678700,175,0,13328.4,0.6,53.5,38.17,2025-06-21 20:06:40.828,poa,132.52,53.8,18.51051083880649,1.0,0,0
f62e54,dota,5,fat-tree-l,diablo,hop,8,16,10,1,0,3678700,147,0,13328.6,0.5,89.38,110.9,2025-06-21 20:36:06.850,poa,132.52,53.8,20.044973729887246,1.0,0,0
f62e54,dota,1,fat-tree-l,diablo,hop,8,16,10,1,0,3678700,204,0,13328.6,0.7,72.92,66.24,2025-06-21 19:37:04.919,poa,132.52,53.8,22.887433015185447,1.0,0,0
f62e54,dota,8,fat-tree-l,diablo,hop,8,16,10,1,0,3678700,195,0,13328.6,0.7,31.73,20.72,2025-06-21 21:20:58.505,poa,132.52,53.8,20.301205258323908,1.0,0,0
f62e54,dota,2,fat-tree-l,diablo,hop,8,16,10,1,0,3678700,37,0,12738.2,0.1,3.41,2.88,2025-06-21 19:52:00.132,poa,132.52,53.8,22.459701256547085,1.0,0,0
f62e54,dota,10,fat-tree-l,diablo,hop,8,16,10,1,0,3678700,212,0,13328.4,0.8,53.55,44.2,2025-06-21 21:50:25.023,poa,132.52,53.8,27.49757902501848,1.0,0,0
8df0b5,visa,9,fat-tree-l,diablo,hop,8,16,10,1,0,540000,4035,0,1800.0,13.4,158.74,170.93,2025-06-21 15:14:49.328,poa,30.92,27.65,24.220396709444692,1.0,0,0
8df0b5,visa,6,fat-tree-l,diablo,hop,8,16,10,1,0,540000,4528,0,1800.0,15.1,155.74,159.02,2025-06-21 14:43:01.776,poa,30.92,27.65,26.36423232653715,1.0,0,0
8df0b5,visa,4,fat-tree-l,diablo,hop,8,16,10,1,0,540000,4805,0,1800.0,16.0,140.94,125.74,2025-06-21 14:21:41.799,poa,30.92,27.65,14.66822593194175,1.0,0,0
8df0b5,visa,7,fat-tree-l,diablo,hop,8,16,10,1,0,540000,4572,0,1800.0,15.2,146.8,144.38,2025-06-21 14:53:37.786,poa,30.92,27.65,31.426020937398192,1.0,0,0
8df0b5,visa,3,fat-tree-l,diablo,hop,8,16,10,1,0,540000,4119,0,1800.0,13.7,156.51,161.55,2025-06-21 14:11:09.052,poa,30.92,27.65,17.318553140101187,1.0,0,0
8df0b5,visa,5,fat-tree-l,diablo,hop,8,16,10,1,0,540000,5398,0,1799.4,18.0,152.59,158.03,2025-06-21 14:32:17.116,poa,30.92,27.65,20.35298600034209,1.0,0,0
8df0b5,visa,1,fat-tree-l,diablo,hop,8,16,10,1,0,540000,4558,0,1800.0,15.2,151.68,147.74,2025-06-21 13:49:47.011,poa,30.92,27.65,24.34315542972577,1.0,0,0
8df0b5,visa,8,fat-tree-l,diablo,hop,8,16,10,1,0,540000,4584,0,1800.0,15.3,133.19,122.79,2025-06-21 15:04:14.105,poa,30.92,27.65,28.78409601917487,1.0,0,0
8df0b5,visa,2,fat-tree-l,diablo,hop,8,16,10,1,0,540000,4505,0,1800.0,15.0,156.72,156.72,2025-06-21 14:00:32.847,poa,30.92,27.65,19.818217823677013,1.0,0,0
8df0b5,visa,10,fat-tree-l,diablo,hop,8,16,10,1,0,540000,4170,0,1800.0,13.9,128.78,110.76,2025-06-21 15:25:22.877,poa,30.92,27.65,22.56678459487777,1.0,0,0
29ac23,football,9,fat-tree-l,diablo,hop,8,16,10,1,0,4056130,218,0,33282.5,1.8,6.07,7.01,2025-06-21 19:07:54.706,poa,247.74,126.21,9.51509568399901,1.0,0,0
29ac23,football,6,fat-tree-l,diablo,hop,8,16,10,1,0,4056130,215,0,37201.5,2.0,17.47,26.13,2025-06-21 18:23:16.588,poa,247.74,126.21,8.475845427581527,1.0,0,0
29ac23,football,4,fat-tree-l,diablo,hop,8,16,10,1,0,4056130,588,0,39629.8,5.7,10.94,5.2,2025-06-21 17:53:22.092,poa,247.74,126.21,10.30177323041098,1.0,0,0
29ac23,football,7,fat-tree-l,diablo,hop,8,16,10,1,0,4056130,335,0,40158.7,3.3,13.86,19.83,2025-06-21 18:37:54.589,poa,247.74,126.21,10.638504049619037,1.0,0,0
29ac23,football,3,fat-tree-l,diablo,hop,8,16,10,1,0,4056130,321,0,33024.5,2.6,8.56,8.47,2025-06-21 17:38:22.221,poa,247.74,126.21,8.71755576858934,1.0,0,0
29ac23,football,5,fat-tree-l,diablo,hop,8,16,10,1,0,4056130,107,0,32090.5,0.8,5.96,5.96,2025-06-21 18:08:15.248,poa,247.74,126.21,7.102048511086617,1.0,0,0
29ac23,football,1,fat-tree-l,diablo,hop,8,16,10,1,0,4056130,134,0,28306.1,0.9,7.42,6.92,2025-06-21 17:09:01.597,poa,247.74,126.21,9.921860500996235,1.0,0,0
29ac23,football,8,fat-tree-l,diablo,hop,8,16,10,1,0,4056130,107,0,39611.0,1.0,6.14,6.14,2025-06-21 18:52:45.703,poa,247.74,126.21,7.474654123842673,1.0,0,0
29ac23,football,2,fat-tree-l,diablo,hop,8,16,10,1,0,4056130,164,0,29884.5,1.2,7.85,7.56,2025-06-21 17:23:28.480,poa,247.74,126.21,10.57637335664358,1.0,0,0
29ac23,football,10,fat-tree-l,diablo,hop,8,16,10,1,0,4056130,107,0,37422.8,1.0,7.52,7.52,2025-06-21 19:22:49.273,poa,247.74,126.21,8.968164908922535,1.0,0,0
13706c,10000,9,fat-tree-l,diablo,hop,8,16,10,1,0,1199990,1797,0,9997.9,15.0,39.81,33.54,2025-06-21 16:45:57.970,poa,122.19,95.11,9.695670533650695,1.0,0,0
13706c,10000,6,fat-tree-l,diablo,hop,8,16,10,1,0,1199990,1277,0,9999.9,10.6,50.74,46.82,2025-06-21 16:19:51.755,poa,122.19,95.11,10.630962994270524,1.0,0,0
13706c,10000,4,fat-tree-l,diablo,hop,8,16,10,1,0,1199990,2354,0,9999.9,19.6,50.2,40.46,2025-06-21 16:02:26.104,poa,122.19,95.11,10.87138663360536,1.0,0,0
13706c,10000,7,fat-tree-l,diablo,hop,8,16,10,1,0,1199990,1238,0,9999.9,10.3,22.22,17.16,2025-06-21 16:28:34.884,poa,122.19,95.11,9.952675873025575,1.0,0,0
13706c,10000,3,fat-tree-l,diablo,hop,8,16,10,1,0,1199990,1732,0,9999.9,14.4,46.61,24.55,2025-06-21 15:53:44.186,poa,122.19,95.11,8.732517499823622,1.0,0,0
13706c,10000,5,fat-tree-l,diablo,hop,8,16,10,1,0,1199990,1479,0,9990.0,12.3,35.9,21.62,2025-06-21 16:11:07.751,poa,122.19,95.11,11.39867517840025,1.0,0,0
13706c,10000,1,fat-tree-l,diablo,hop,8,16,10,1,0,1199990,1640,0,9999.9,13.7,58.19,53.51,2025-06-21 15:36:18.533,poa,122.19,95.11,8.86209815763726,1.0,0,0
13706c,10000,8,fat-tree-l,diablo,hop,8,16,10,1,0,1199990,2456,0,9999.9,20.5,53.93,51.58,2025-06-21 16:37:15.654,poa,122.19,95.11,10.939711582417521,1.0,0,0
13706c,10000,2,fat-tree-l,diablo,hop,8,16,10,1,0,1199990,1465,0,9999.3,12.2,49.75,40.11,2025-06-21 15:45:01.920,poa,122.19,95.11,6.902637344156155,1.0,0,0
13706c,10000,10,fat-tree-l,diablo,hop,8,16,10,1,0,1199990,1909,0,9999.9,15.9,52.64,36.32,2025-06-21 16:54:42.034,poa,122.19,95.11,9.287788352348793,1.0,0,0
a7bdfe,football,1,full-mesh,diablo,hop,8,16,10,1,0,4056130,86,0,40159.1,0.9,2.91,2.9,2024-06-03 20:24:22.180,poa,33.9,18.21,7.727706408161696,1.0,0,0
a7bdfe,football,2,full-mesh,diablo,hop,8,16,10,1,0,4056130,86,0,40159.1,0.9,2.91,2.9,2024-06-03 20:42:52.074,poa,33.9,18.21,10.194835371400508,1.0,0,0
f271dc,dota,1,full-mesh,diablo,hop,8,16,10,1,0,3678700,133,0,13328.6,0.5,59.58,45.58,2024-06-03 20:52:45.703,poa,20.56,8.0,23.134398918383255,1.0,0,0
f271dc,dota,2,full-mesh,diablo,hop,8,16,10,1,0,3678700,133,0,13328.6,0.5,59.58,45.58,2024-06-03 21:08:49.976,poa,20.56,8.0,23.1386244807686,1.0,0,0
decabb,gafam,1,full-mesh,diablo,hop,8,16,10,1,0,30320,988,0,167.7,5.5,86.97,88.86,2024-06-03 19:23:12.054,poa,1.84,1.43,12.53742485670591,1.0,0,0
decabb,gafam,2,full-mesh,diablo,hop,8,16,10,1,0,30320,1279,0,167.7,7.1,94.21,88.3,2024-06-03 19:32:30.494,poa,1.84,1.43,15.912868981487327,1.0,0,0
fa13eb,visa,1,full-mesh,diablo,hop,8,16,10,1,0,540000,4480,0,1800.0,14.9,138.76,130.01,2024-06-03 19:39:18.340,poa,4.07,3.38,22.25864375580689,1.0,0,0
fa13eb,visa,2,full-mesh,diablo,hop,8,16,10,1,0,540000,2090,0,1800.0,7.0,214.37,248.45,2024-06-03 19:49:50.764,poa,4.07,3.38,25.314985428299668,1.0,0,0
d6004f,paypal,1,full-mesh,diablo,hop,8,16,10,1,0,59990,2960,0,200.0,9.9,174.23,176.2,2024-06-03 19:00:44.612,poa,0.49,0.31,16.657219942785986,1.0,0,0
d6004f,paypal,2,full-mesh,diablo,hop,8,16,10,1,0,59990,3169,0,200.0,10.6,146.96,133.43,2024-06-03 19:11:22.724,poa,0.49,0.31,16.89270913024775,1.0,0,0
6e27bd,gafam,2,full-mesh,diablo,hop,8,16,10,1,0,30320,1607,0,167.7,8.9,81.8,69.89,2025-06-18 08:53:31.131,poa,4.42,3.7,14.961267068102362,1.0,0,0
6e27bd,gafam,8,full-mesh,diablo,hop,8,16,10,1,0,30320,1161,0,167.7,6.4,86.78,86.49,2025-06-18 09:44:29.499,poa,4.42,3.7,11.412154852592893,1.0,0,0
6e27bd,gafam,5,full-mesh,diablo,hop,8,16,10,1,0,30320,1550,0,167.7,8.6,108.56,117.06,2025-06-18 09:19:07.403,poa,4.42,3.7,14.79094905497277,1.0,0,0
6e27bd,gafam,1,full-mesh,diablo,hop,8,16,10,1,0,30320,1645,0,167.7,9.1,87.95,72.46,2025-06-18 08:45:00.784,poa,4.42,3.7,16.025405492067208,1.0,0,0
6e27bd,gafam,6,full-mesh,diablo,hop,8,16,10,1,0,30320,1310,0,167.7,7.2,99.44,102.37,2025-06-18 09:27:36.663,poa,4.42,3.7,14.477185783343067,1.0,0,0
6e27bd,gafam,7,full-mesh,diablo,hop,8,16,10,1,0,30320,1553,0,167.7,8.6,92.02,87.18,2025-06-18 09:35:48.858,poa,4.42,3.7,13.479270228746385,1.0,0,0
6e27bd,gafam,10,full-mesh,diablo,hop,8,16,10,1,0,30320,1212,0,167.7,6.7,93.17,86.98,2025-06-18 10:01:26.012,poa,4.42,3.7,17.275008321792924,1.0,0,0
6e27bd,gafam,4,full-mesh,diablo,hop,8,16,10,1,0,30320,1420,0,167.7,7.9,92.88,86.76,2025-06-18 09:10:28.668,poa,4.42,3.7,16.536524413188086,1.0,0,0
6e27bd,gafam,3,full-mesh,diablo,hop,8,16,10,1,0,30320,1496,0,167.7,8.3,75.78,56.71,2025-06-18 09:01:58.941,poa,4.42,3.7,17.423978728199423,1.0,0,0
6e27bd,gafam,9,full-mesh,diablo,hop,8,16,10,1,0,30320,1607,0,167.7,8.9,89.31,87.22,2025-06-18 09:52:59.954,poa,4.42,3.7,13.981548807044256,1.0,0,0
f6cfef,10000,2,full-mesh,diablo,hop,8,16,10,1,0,1199990,813,0,9969.2,6.8,43.36,37.67,2025-06-18 13:49:38.406,poa,107.89,79.32,11.611509817721242,1.0,0,0
f6cfef,10000,8,full-mesh,diablo,hop,8,16,10,1,0,1199990,1354,0,9999.9,11.3,36.93,24.44,2025-06-18 14:41:59.332,poa,107.89,79.32,10.202509117618874,1.0,0,0
f6cfef,10000,5,full-mesh,diablo,hop,8,16,10,1,0,1199990,1616,0,9999.9,13.5,52.12,53.67,2025-06-18 14:15:44.330,poa,107.89,79.32,9.55639805051891,1.0,0,0
f6cfef,10000,1,full-mesh,diablo,hop,8,16,10,1,0,1199990,2365,0,9986.2,19.7,50.3,38.62,2025-06-18 13:40:46.329,poa,107.89,79.32,12.46318601105906,1.0,0,0
f6cfef,10000,6,full-mesh,diablo,hop,8,16,10,1,0,1199990,1289,0,9999.9,10.7,43.3,40.52,2025-06-18 14:24:26.320,poa,107.89,79.32,9.174898461007164,1.0,0,0
f6cfef,10000,7,full-mesh,diablo,hop,8,16,10,1,0,1199990,1156,0,9984.1,9.6,54.48,54.06,2025-06-18 14:33:07.907,poa,107.89,79.32,7.94297926481966,1.0,0,0
f6cfef,10000,10,full-mesh,diablo,hop,8,16,10,1,0,1199990,1063,0,9992.1,8.9,44.1,35.53,2025-06-18 14:59:24.644,poa,107.89,79.32,13.820361470165597,1.0,0,0
f6cfef,10000,4,full-mesh,diablo,hop,8,16,10,1,0,1199990,1498,0,9999.9,12.5,61.58,68.3,2025-06-18 14:07:01.570,poa,107.89,79.32,8.830163703317556,1.0,0,0
f6cfef,10000,3,full-mesh,diablo,hop,8,16,10,1,0,1199990,656,0,9999.9,5.5,33.72,23.8,2025-06-18 13:58:20.312,poa,107.89,79.32,9.090184302029316,1.0,0,0
f6cfef,10000,9,full-mesh,diablo,hop,8,16,10,1,0,1199990,1196,0,9999.9,10.0,55.35,68.87,2025-06-18 14:50:40.929,poa,107.89,79.32,12.547314611601927,1.0,0,0
5f0fc0,visa,2,full-mesh,diablo,hop,8,16,10,1,0,540000,3374,0,1800.0,11.2,150.58,156.67,2025-06-18 12:05:04.988,poa,26.19,22.79,17.95094715067752,1.0,0,0
5f0fc0,visa,8,full-mesh,diablo,hop,8,16,10,1,0,540000,3230,0,1800.0,10.8,144.09,131.57,2025-06-18 13:08:38.246,poa,26.19,22.79,21.754686949498307,1.0,0,0
5f0fc0,visa,5,full-mesh,diablo,hop,8,16,10,1,0,540000,2752,0,1800.0,9.2,148.2,139.3,2025-06-18 12:36:54.761,poa,26.19,22.79,22.13053435943687,1.0,0,0
5f0fc0,visa,1,full-mesh,diablo,hop,8,16,10,1,0,540000,3373,0,1800.0,11.2,143.18,142.93,2025-06-18 11:54:21.089,poa,26.19,22.79,19.98166323849709,1.0,0,0
5f0fc0,visa,6,full-mesh,diablo,hop,8,16,10,1,0,540000,4033,0,1800.0,13.4,137.1,127.52,2025-06-18 12:47:28.993,poa,26.19,22.79,21.514454848053813,1.0,0,0
5f0fc0,visa,7,full-mesh,diablo,hop,8,16,10,1,0,540000,3416,0,1800.0,11.4,156.26,171.12,2025-06-18 12:58:02.898,poa,26.19,22.79,27.139582303515674,1.0,0,0
5f0fc0,visa,10,full-mesh,diablo,hop,8,16,10,1,0,540000,3584,0,1800.0,11.9,158.58,160.68,2025-06-18 13:29:44.722,poa,26.19,22.79,24.74445468958333,1.0,0,0
5f0fc0,visa,4,full-mesh,diablo,hop,8,16,10,1,0,540000,3148,0,1800.0,10.5,150.6,152.41,2025-06-18 12:26:22.293,poa,26.19,22.79,24.94232691834238,1.0,0,0
5f0fc0,visa,3,full-mesh,diablo,hop,8,16,10,1,0,540000,3871,0,1800.0,12.9,148.38,129.73,2025-06-18 12:15:47.913,poa,26.19,22.79,23.877051489168238,1.0,0,0
5f0fc0,visa,9,full-mesh,diablo,hop,8,16,10,1,0,540000,2942,0,1800.0,9.8,126.89,98.43,2025-06-18 13:19:12.534,poa,26.19,22.79,19.296560260897394,1.0,0,0
b19581,football,2,full-mesh,diablo,hop,8,16,10,1,0,4056130,214,0,32964.2,1.7,7.14,8.21,2025-06-18 15:27:41.969,poa,229.85,106.07,8.775684518303674,1.0,0,0
b19581,football,8,full-mesh,diablo,hop,8,16,10,1,0,4056130,428,0,33033.0,3.5,4.68,4.78,2025-06-18 16:56:54.749,poa,229.85,106.07,7.897110450405692,1.0,0,0
b19581,football,5,full-mesh,diablo,hop,8,16,10,1,0,4056130,208,0,40156.8,2.1,22.38,39.36,2025-06-18 16:12:22.865,poa,229.85,106.07,9.544152546033157,1.0,0,0
b19581,football,1,full-mesh,diablo,hop,8,16,10,1,0,4056130,532,0,33085.0,4.3,8.6,6.21,2025-06-18 15:12:49.390,poa,229.85,106.07,10.581442712207545,1.0,0,0
b19581,football,6,full-mesh,diablo,hop,8,16,10,1,0,4056130,388,0,31315.2,3.0,30.4,22.45,2025-06-18 16:27:10.487,poa,229.85,106.07,11.421903969504093,1.0,0,0
b19581,football,7,full-mesh,diablo,hop,8,16,10,1,0,4056130,214,0,31250.5,1.6,16.13,17.05,2025-06-18 16:41:49.992,poa,229.85,106.07,8.784093846888599,1.0,0,0
b19581,football,10,full-mesh,diablo,hop,8,16,10,1,0,4056130,115,0,32700.7,0.9,7.73,7.71,2025-06-18 17:26:42.956,poa,229.85,106.07,9.86539765338957,1.0,0,0
b19581,football,4,full-mesh,diablo,hop,8,16,10,1,0,4056130,213,0,35793.6,1.9,13.85,20.88,2025-06-18 15:57:14.295,poa,229.85,106.07,7.58723026208874,1.0,0,0
b19581,football,9,full-mesh,diablo,hop,8,16,10,1,0,4056130,323,0,40159.3,3.2,10.49,6.0,2025-06-18 17:11:30.050,poa,229.85,106.07,9.018929062944464,1.0,0,0
ee589b,dota,2,full-mesh,diablo,hop,8,16,10,1,0,3678700,194,0,13328.6,0.7,49.93,47.95,2025-06-18 17:55:42.259,poa,126.35,46.8,23.57071643927661,1.0,0,0
ee589b,dota,8,full-mesh,diablo,hop,8,16,10,1,0,3678700,187,0,13327.7,0.7,72.42,43.77,2025-06-18 19:25:05.223,poa,126.35,46.8,29.516593068472446,1.0,0,0
ee589b,dota,5,full-mesh,diablo,hop,8,16,10,1,0,3678700,77,0,13328.6,0.3,37.06,29.59,2025-06-18 18:40:34.200,poa,126.35,46.8,20.650618037476836,1.0,0,0
ee589b,dota,1,full-mesh,diablo,hop,8,16,10,1,0,3678700,180,0,13328.6,0.7,53.27,39.15,2025-06-18 17:41:17.407,poa,126.35,46.8,23.284136339445265,1.0,0,0
ee589b,dota,6,full-mesh,diablo,hop,8,16,10,1,0,3678700,166,0,13328.5,0.6,78.32,71.98,2025-06-18 18:55:21.048,poa,126.35,46.8,19.39126673289783,1.0,0,0
ee589b,dota,7,full-mesh,diablo,hop,8,16,10,1,0,3678700,202,0,13328.6,0.7,84.08,59.94,2025-06-18 19:10:06.148,poa,126.35,46.8,24.218321620794118,1.0,0,0
ee589b,dota,10,full-mesh,diablo,hop,8,16,10,1,0,3678700,157,0,13328.6,0.6,95.5,75.23,2025-06-18 19:54:27.264,poa,126.35,46.8,19.762871552651497,1.0,0,0
ee589b,dota,4,full-mesh,diablo,hop,8,16,10,1,0,3678700,219,0,13328.6,0.8,71.86,52.79,2025-06-18 18:25:42.186,poa,126.35,46.8,15.58759562226127,1.0,0,0
ee589b,dota,3,full-mesh,diablo,hop,8,16,10,1,0,3678700,91,0,13328.5,0.3,34.56,30.98,2025-06-18 18:10:46.493,poa,126.35,46.8,19.42315532003226,1.0,0,0
ee589b,dota,9,full-mesh,diablo,hop,8,16,10,1,0,3678700,135,0,13328.6,0.5,73.59,74.68,2025-06-18 19:39:51.116,poa,126.35,46.8,17.450410196158085,1.0,0,0
7eb360,paypal,2,full-mesh,diablo,hop,8,16,10,1,0,59990,2861,0,200.0,9.5,144.35,143.84,2025-06-18 10:19:42.445,poa,7.09,6.26,20.50075601189939,1.0,0,0
7eb360,paypal,8,full-mesh,diablo,hop,8,16,10,1,0,59990,3168,0,200.0,10.6,143.34,152.65,2025-06-18 11:22:33.759,poa,7.09,6.26,24.376945722784836,1.0,0,0
7eb360,paypal,5,full-mesh,diablo,hop,8,16,10,1,0,59990,3039,0,200.0,10.1,149.05,139.65,2025-06-18 10:51:08.361,poa,7.09,6.26,21.079546832577524,1.0,0,0
7eb360,paypal,1,full-mesh,diablo,hop,8,16,10,1,0,59990,3064,0,200.0,10.2,136.74,137.7,2025-06-18 10:09:14.209,poa,7.09,6.26,25.191988756345555,1.0,0,0
7eb360,paypal,6,full-mesh,diablo,hop,8,16,10,1,0,59990,3307,0,200.0,11.0,127.2,123.64,2025-06-18 11:01:36.513,poa,7.09,6.26,22.62480030851588,1.0,0,0
7eb360,paypal,7,full-mesh,diablo,hop,8,16,10,1,0,59990,3300,0,200.0,11.0,129.98,119.35,2025-06-18 11:12:04.454,poa,7.09,6.26,22.11447602206286,1.0,0,0
7eb360,paypal,10,full-mesh,diablo,hop,8,16,10,1,0,59990,3055,0,200.0,10.2,151.14,153.04,2025-06-18 11:43:29.874,poa,7.09,6.26,24.17976335302211,1.0,0,0
7eb360,paypal,4,full-mesh,diablo,hop,8,16,10,1,0,59990,3353,0,200.0,11.2,142.34,130.74,2025-06-18 10:40:40.474,poa,7.09,6.26,19.8546971268691,1.0,0,0
7eb360,paypal,3,full-mesh,diablo,hop,8,16,10,1,0,59990,3075,0,200.0,10.3,122.02,109.51,2025-06-18 10:30:12.113,poa,7.09,6.26,22.690770193179066,1.0,0,0
7eb360,paypal,9,full-mesh,diablo,hop,8,16,10,1,0,59990,2696,0,200.0,9.0,155.99,142.6,2025-06-18 11:33:01.675,poa,7.09,6.26,23.33930325348316,1.0,0,0
c58c92,10000,1,hypercube,diablo,hop,8,16,10,1,0,1199990,780,0,9999.9,6.5,94.2,100.99,2024-06-04 05:52:50.789,poa,17.8,12.27,8.9701721426675,1.0,0,0
c58c92,10000,2,hypercube,diablo,hop,8,16,10,1,0,1199990,520,0,9999.9,4.3,90.02,96.57,2024-06-04 06:01:41.351,poa,17.8,12.27,10.831528574729553,1.0,0,0
0b3b86,gafam,1,hypercube,diablo,hop,8,16,10,1,0,30320,1217,0,167.7,6.7,93.5,87.42,2024-06-04 05:17:07.859,poa,1.35,0.89,13.91925324287345,1.0,0,0
0b3b86,gafam,2,hypercube,diablo,hop,8,16,10,1,0,30320,1217,0,167.7,6.7,93.5,87.42,2024-06-04 05:26:14.413,poa,1.35,0.89,11.461509773774106,1.0,0,0
dcf102,paypal,1,hypercube,diablo,hop,8,16,10,1,0,59990,3101,0,200.0,10.3,147.77,151.21,2024-06-04 04:53:12.303,poa,0.55,0.36,29.240804226068242,1.0,0,0
3df57f,visa,1,hypercube,diablo,hop,8,16,10,1,0,540000,5116,0,1800.0,17.1,163.1,156.8,2024-06-04 05:31:29.156,poa,3.32,2.66,14.199317540135738,1.0,0,0
3df57f,visa,2,hypercube,diablo,hop,8,16,10,1,0,540000,3806,0,1800.0,12.7,152.05,159.68,2024-06-04 05:42:01.005,poa,3.32,2.66,13.641170014590976,1.0,0,0
3363a1,dota,1,hypercube,diablo,hop,8,16,10,1,0,3678700,281,0,13328.6,1.0,56.6,56.34,2024-06-04 06:45:03.692,poa,20.52,7.53,19.123685855917383,1.0,0,0
3363a1,dota,2,hypercube,diablo,hop,8,16,10,1,0,3678700,281,0,13328.6,1.0,56.6,56.34,2024-06-04 07:02:02.316,poa,20.52,7.53,18.165337662205115,1.0,0,0
a09a3e,football,1,hypercube,diablo,hop,8,16,10,1,0,4056130,111,0,39729.7,1.1,18.72,18.87,2024-06-04 06:16:26.676,poa,40.91,17.49,10.381489830785902,1.0,0,0
a09a3e,football,2,hypercube,diablo,hop,8,16,10,1,0,4056130,325,0,33949.0,2.7,8.27,7.7,2024-06-04 06:30:04.047,poa,40.91,17.49,10.94163443316854,1.0,0,0
05d847,paypal,1,hypercube,diablo,hop,8,16,10,1,0,59990,4470,0,200.0,14.9,142.69,133.25,2024-06-18 10:04:41.656,poa,0.81,0.59,25.268046592831716,1.0,0,0
05d847,paypal,2,hypercube,diablo,hop,8,16,10,1,0,59990,2658,0,200.0,8.9,197.19,204.71,2024-06-18 10:15:08.807,poa,0.81,0.59,26.352787683493787,1.0,0,0
715746,gafam,5,hypercube,diablo,hop,8,16,10,1,0,30320,1159,0,167.7,6.4,95.34,101.9,2025-06-22 11:52:41.863,poa,4.6,3.9,15.804235318931644,1.0,0,0
715746,gafam,2,hypercube,diablo,hop,8,16,10,1,0,30320,1515,0,167.7,8.4,104.72,117.66,2025-06-22 11:27:35.864,poa,4.6,3.9,11.694769030346839,1.0,0,0
715746,gafam,1,hypercube,diablo,hop,8,16,10,1,0,30320,1633,0,167.7,9.0,99.72,116.35,2025-06-22 11:18:54.680,poa,4.6,3.9,13.66774594290198,1.0,0,0
715746,gafam,9,hypercube,diablo,hop,8,16,10,1,0,30320,1490,0,167.7,8.2,80.78,72.5,2025-06-22 12:26:41.116,poa,4.6,3.9,14.740136041906641,1.0,0,0
715746,gafam,7,hypercube,diablo,hop,8,16,10,1,0,30320,2034,0,167.7,11.2,88.39,87.42,2025-06-22 12:09:49.743,poa,4.6,3.9,17.37828110522275,1.0,0,0
715746,gafam,6,hypercube,diablo,hop,8,16,10,1,0,30320,1867,0,167.7,10.3,89.42,88.74,2025-06-22 12:01:07.784,poa,4.6,3.9,17.327269568005942,1.0,0,0
715746,gafam,3,hypercube,diablo,hop,8,16,10,1,0,30320,1766,0,167.7,9.8,98.6,102.89,2025-06-22 11:36:02.501,poa,4.6,3.9,14.34507858641561,1.0,0,0
715746,gafam,10,hypercube,diablo,hop,8,16,10,1,0,30320,1214,0,167.7,6.7,95.67,101.57,2025-06-22 12:34:54.592,poa,4.6,3.9,13.959570525320242,1.0,0,0
715746,gafam,4,hypercube,diablo,hop,8,16,10,1,0,30320,1457,0,167.7,8.1,91.28,86.92,2025-06-22 11:44:15.081,poa,4.6,3.9,14.880413247385029,1.0,0,0
715746,gafam,8,hypercube,diablo,hop,8,16,10,1,0,30320,1362,0,167.7,7.5,85.56,70.53,2025-06-22 12:18:01.479,poa,4.6,3.9,18.027721370797202,1.0,0,0
e413eb,visa,5,hypercube,diablo,hop,8,16,10,1,0,540000,3298,0,1800.0,11.0,135.09,130.87,2025-06-22 15:09:55.092,poa,29.1,25.75,23.206817801000515,1.0,0,0
e413eb,visa,2,hypercube,diablo,hop,8,16,10,1,0,540000,3760,0,1800.0,12.5,145.89,145.06,2025-06-22 14:38:17.366,poa,29.1,25.75,20.527154312479386,1.0,0,0
e413eb,visa,1,hypercube,diablo,hop,8,16,10,1,0,540000,3777,0,1800.0,12.6,153.61,160.07,2025-06-22 14:27:45.916,poa,29.1,25.75,21.788351824762934,1.0,0,0
e413eb,visa,9,hypercube,diablo,hop,8,16,10,1,0,540000,3981,0,1800.0,13.3,143.47,141.62,2025-06-22 15:52:09.113,poa,29.1,25.75,23.246583269569776,1.0,0,0
e413eb,visa,7,hypercube,diablo,hop,8,16,10,1,0,540000,3928,0,1800.0,13.1,151.29,146.61,2025-06-22 15:31:00.992,poa,29.1,25.75,23.38295688190078,1.0,0,0
e413eb,visa,6,hypercube,diablo,hop,8,16,10,1,0,540000,3628,0,1800.0,12.1,135.17,122.65,2025-06-22 15:20:28.951,poa,29.1,25.75,25.314196731499866,1.0,0,0
e413eb,visa,3,hypercube,diablo,hop,8,16,10,1,0,540000,4109,0,1800.0,13.7,142.48,127.38,2025-06-22 14:48:49.722,poa,29.1,25.75,23.172236608241523,1.0,0,0
e413eb,visa,10,hypercube,diablo,hop,8,16,10,1,0,540000,4196,0,1800.0,14.0,135.7,128.8,2025-06-22 16:02:41.989,poa,29.1,25.75,22.37757640710272,1.0,0,0
e413eb,visa,4,hypercube,diablo,hop,8,16,10,1,0,540000,3656,0,1800.0,12.2,154.3,154.34,2025-06-22 14:59:23.103,poa,29.1,25.75,23.992805807135376,1.0,0,0
e413eb,visa,8,hypercube,diablo,hop,8,16,10,1,0,540000,4014,0,1800.0,13.4,129.11,115.16,2025-06-22 15:41:35.218,poa,29.1,25.75,22.509266706807242,1.0,0,0
5eaa53,paypal,5,hypercube,diablo,hop,8,16,10,1,0,59990,3492,0,200.0,11.6,114.88,105.42,2025-06-22 13:24:46.706,poa,7.12,6.31,19.458548939573124,1.0,0,0
5eaa53,paypal,2,hypercube,diablo,hop,8,16,10,1,0,59990,3525,0,200.0,11.8,141.66,124.79,2025-06-22 12:53:21.397,poa,7.12,6.31,21.413636602310966,1.0,0,0
5eaa53,paypal,1,hypercube,diablo,hop,8,16,10,1,0,59990,3816,0,200.0,12.7,147.51,151.12,2025-06-22 12:42:53.341,poa,7.12,6.31,19.160585150946332,1.0,0,0
5eaa53,paypal,9,hypercube,diablo,hop,8,16,10,1,0,59990,4517,0,200.0,15.1,130.26,117.55,2025-06-22 14:06:37.129,poa,7.12,6.31,24.304450199711955,1.0,0,0
5eaa53,paypal,7,hypercube,diablo,hop,8,16,10,1,0,59990,3335,0,200.0,11.1,139.34,126.74,2025-06-22 13:45:40.499,poa,7.12,6.31,20.298678220168323,1.0,0,0
5eaa53,paypal,6,hypercube,diablo,hop,8,16,10,1,0,59990,3069,0,200.0,10.2,143.99,145.99,2025-06-22 13:35:13.267,poa,7.12,6.31,23.232336985960142,1.0,0,0
5eaa53,paypal,3,hypercube,diablo,hop,8,16,10,1,0,59990,2846,0,200.0,9.5,154.01,152.12,2025-06-22 13:03:50.380,poa,7.12,6.31,16.69803094538362,1.0,0,0
5eaa53,paypal,10,hypercube,diablo,hop,8,16,10,1,0,59990,3243,0,200.0,10.8,127.27,117.91,2025-06-22 14:17:06.001,poa,7.12,6.31,23.805686245480302,1.0,0,0
5eaa53,paypal,4,hypercube,diablo,hop,8,16,10,1,0,59990,3166,0,200.0,10.6,158.78,152.08,2025-06-22 13:14:17.591,poa,7.12,6.31,20.13718428575468,1.0,0,0
5eaa53,paypal,8,hypercube,diablo,hop,8,16,10,1,0,59990,3551,0,200.0,11.8,141.75,127.13,2025-06-22 13:56:10.002,poa,7.12,6.31,24.50114680579111,1.0,0,0
76a894,10000,5,hypercube,diablo,hop,8,16,10,1,0,1199990,1497,0,9999.9,12.5,44.52,39.05,2025-06-22 16:48:19.238,poa,114.48,86.79,8.860622606312386,1.0,0,0
76a894,10000,2,hypercube,diablo,hop,8,16,10,1,0,1199990,1836,0,9996.7,15.3,50.85,52.07,2025-06-22 16:22:13.987,poa,114.48,86.79,8.532963336152806,1.0,0,0
76a894,10000,1,hypercube,diablo,hop,8,16,10,1,0,1199990,1800,0,9995.1,15.0,50.16,39.4,2025-06-22 16:13:32.862,poa,114.48,86.79,9.192737417352674,1.0,0,0
76a894,10000,9,hypercube,diablo,hop,8,16,10,1,0,1199990,1495,0,9999.9,12.5,65.71,71.33,2025-06-22 17:23:06.342,poa,114.48,86.79,10.803002223085286,1.0,0,0
76a894,10000,7,hypercube,diablo,hop,8,16,10,1,0,1199990,1298,0,9985.7,10.8,34.59,22.88,2025-06-22 17:05:43.101,poa,114.48,86.79,10.295556408626801,1.0,0,0
76a894,10000,6,hypercube,diablo,hop,8,16,10,1,0,1199990,1197,0,9999.9,10.0,52.46,38.42,2025-06-22 16:57:01.623,poa,114.48,86.79,10.299362278519908,1.0,0,0
76a894,10000,3,hypercube,diablo,hop,8,16,10,1,0,1199990,1576,0,9999.5,13.1,49.52,37.71,2025-06-22 16:30:57.779,poa,114.48,86.79,10.621584703760353,1.0,0,0
76a894,10000,10,hypercube,diablo,hop,8,16,10,1,0,1199990,1944,0,9999.9,16.2,45.13,37.82,2025-06-22 17:31:46.158,poa,114.48,86.79,12.420795264064132,1.0,0,0
76a894,10000,4,hypercube,diablo,hop,8,16,10,1,0,1199990,1641,0,9998.3,13.7,50.49,38.94,2025-06-22 16:39:36.195,poa,114.48,86.79,11.292544183690197,1.0,0,0
76a894,10000,8,hypercube,diablo,hop,8,16,10,1,0,1199990,1428,0,9999.9,11.9,58.75,58.52,2025-06-22 17:14:23.369,poa,114.48,86.79,12.515975054079695,1.0,0,0
8e4328,football,5,hypercube,diablo,hop,8,16,10,1,0,4056130,293,0,32497.5,2.3,15.62,15.89,2025-06-22 18:44:07.913,poa,242.15,116.67,11.500599998751733,1.0,0,0
8e4328,football,2,hypercube,diablo,hop,8,16,10,1,0,4056130,421,0,39701.7,4.1,17.69,11.73,2025-06-22 17:59:29.157,poa,242.15,116.67,8.076247915519225,1.0,0,0
8e4328,football,1,hypercube,diablo,hop,8,16,10,1,0,4056130,374,0,33295.9,3.1,20.54,24.62,2025-06-22 17:44:42.076,poa,242.15,116.67,9.193193761088116,1.0,0,0
8e4328,football,9,hypercube,diablo,hop,8,16,10,1,0,4056130,107,0,34329.7,0.9,9.31,9.3,2025-06-22 19:43:30.492,poa,242.15,116.67,10.896736446632243,1.0,0,0
8e4328,football,6,hypercube,diablo,hop,8,16,10,1,0,4056130,321,0,35371.6,2.8,12.35,12.3,2025-06-22 18:59:04.770,poa,242.15,116.67,7.495788619188116,1.0,0,0
8e4328,football,3,hypercube,diablo,hop,8,16,10,1,0,4056130,281,0,33270.3,2.3,27.28,30.85,2025-06-22 18:14:30.485,poa,242.15,116.67,8.752733093318186,1.0,0,0
8e4328,football,10,hypercube,diablo,hop,8,16,10,1,0,4056130,531,0,40153.0,5.3,10.85,8.49,2025-06-22 19:58:08.187,poa,242.15,116.67,11.61174191643052,1.0,0,0
8e4328,football,4,hypercube,diablo,hop,8,16,10,1,0,4056130,318,0,39145.6,3.1,5.11,5.43,2025-06-22 18:29:14.598,poa,242.15,116.67,9.515083925715222,1.0,0,0
8e4328,football,8,hypercube,diablo,hop,8,16,10,1,0,4056130,106,0,39985.6,1.0,13.69,13.69,2025-06-22 19:28:22.728,poa,242.15,116.67,8.743917394894831,1.0,0,0
f07979,dota,5,hypercube,diablo,hop,8,16,10,1,0,3678700,167,0,13328.6,0.6,56.64,45.98,2025-06-22 21:11:51.405,poa,130.55,51.06,24.656559154255227,1.0,0,0
f07979,dota,2,hypercube,diablo,hop,8,16,10,1,0,3678700,246,0,13328.6,0.9,89.06,58.37,2025-06-22 20:27:22.614,poa,130.55,51.06,13.202501202678556,1.0,0,0
f07979,dota,1,hypercube,diablo,hop,8,16,10,1,0,3678700,247,0,13328.6,0.9,112.91,107.44,2025-06-22 20:12:47.932,poa,130.55,51.06,18.87647805270106,1.0,0,0
f07979,dota,9,hypercube,diablo,hop,8,16,10,1,0,3678700,283,0,13328.6,1.0,56.0,45.62,2025-06-22 22:10:51.949,poa,130.55,51.06,22.500336565287512,1.0,0,0
f07979,dota,7,hypercube,diablo,hop,8,16,10,1,0,3678700,246,0,13328.6,0.9,69.46,72.42,2025-06-22 21:41:20.574,poa,130.55,51.06,16.53357563222136,1.0,0,0
f07979,dota,6,hypercube,diablo,hop,8,16,10,1,0,3678700,179,0,13328.2,0.6,57.1,35.68,2025-06-22 21:26:29.032,poa,130.55,51.06,22.97092512019222,1.0,0,0
f07979,dota,3,hypercube,diablo,hop,8,16,10,1,0,3678700,220,0,13328.6,0.8,82.48,85.94,2025-06-22 20:41:56.074,poa,130.55,51.06,19.57235404150082,1.0,0,0
f07979,dota,10,hypercube,diablo,hop,8,16,10,1,0,3678700,165,0,13328.6,0.6,72.14,80.58,2025-06-22 22:25:33.579,poa,130.55,51.06,27.168674580649526,1.0,0,0
f07979,dota,4,hypercube,diablo,hop,8,16,10,1,0,3678700,310,0,13328.6,1.1,80.44,64.8,2025-06-22 20:56:58.315,poa,130.55,51.06,22.67569103066396,1.0,0,0
f07979,dota,8,hypercube,diablo,hop,8,16,10,1,0,3678700,225,0,13326.4,0.8,99.91,88.69,2025-06-22 21:55:55.529,poa,130.55,51.06,20.469841417616003,1.0,0,0
f336fe,visa,1,scale-free-l,diablo,hop,8,16,10,1,0,540000,5256,0,1800.0,17.5,147.14,150.6,2024-05-27 18:46:35.300,poa,1.36,0.98,19.32336567386537,1.0,0,0
9fbc3d,paypal,1,scale-free-l,diablo,hop,8,16,10,1,0,59990,3624,0,200.0,12.1,182.28,175.62,2024-05-27 18:27:26.645,poa,0.53,0.38,23.624879670436776,1.0,0,0
2c4a0d,gafam,1,scale-free-l,diablo,hop,8,16,10,1,0,30320,2572,0,167.7,14.2,89.78,85.0,2024-05-27 18:39:21.156,poa,1.13,0.82,13.576195845054558,1.0,0,0
03555f,dota,1,scale-free-l,diablo,hop,8,16,10,1,0,3678700,228,0,13328.5,0.8,74.61,69.55,2024-05-27 19:26:01.854,poa,12.26,4.52,21.225390958843143,1.0,0,0
ba03e3,10000,1,scale-free-l,diablo,hop,8,16,10,1,0,1199990,1587,0,9987.7,13.2,61.52,71.36,2024-05-27 18:57:27.092,poa,10.98,7.86,11.423622322424139,1.0,0,0
9bfeef,football,1,scale-free-l,diablo,hop,8,16,10,1,0,4056130,305,0,33687.6,2.5,14.34,13.91,2024-05-27 19:12:23.410,poa,23.82,10.18,8.194161394231731,1.0,0,0
f543a7,football,1,scale-free-l,diablo,hop,8,16,10,1,0,4056130,433,0,35028.6,3.7,8.62,5.64,2024-06-03 22:54:20.018,poa,10.18,10.18,8.55126468675244,1.0,0,0
f543a7,football,2,scale-free-l,diablo,hop,8,16,10,1,0,4056130,355,0,27228.0,2.4,11.39,3.47,2024-06-03 23:10:15.708,poa,10.18,10.18,10.697298489533571,1.0,0,0
e58fb5,visa,1,scale-free-l,diablo,hop,8,16,10,1,0,540000,2745,0,1800.0,9.1,197.63,179.99,2024-06-03 22:07:46.804,poa,3.39,3.39,27.83202490879692,1.0,0,0
e58fb5,visa,2,scale-free-l,diablo,hop,8,16,10,1,0,540000,4368,0,1800.0,14.6,145.72,197.19,2024-06-03 22:18:20.812,poa,3.39,3.39,24.163415847218662,1.0,0,0
2309fb,paypal,1,scale-free-l,diablo,hop,8,16,10,1,0,59990,2711,0,200.0,9.0,194.18,197.75,2024-06-03 21:29:40.665,poa,3.39,3.39,17.031398360859942,1.0,0,0
2309fb,paypal,2,scale-free-l,diablo,hop,8,16,10,1,0,59990,3833,0,200.0,12.8,160.39,162.63,2024-06-03 21:40:10.484,poa,3.39,3.39,20.20074780092124,1.0,0,0
ced983,10000,1,scale-free-l,diablo,hop,8,16,10,1,0,1199990,1430,0,9999.9,11.9,56.16,56.56,2024-06-03 22:29:24.844,poa,8.48,8.48,10.288929308943207,1.0,0,0
f6e048,10000,1,scale-free-l,diablo,hop,8,16,10,1,0,1199990,781,0,9951.1,6.5,31.82,22.37,2024-06-18 13:20:02.953,poa,8.48,8.48,9.682353542927844,1.0,0,0
f6e048,10000,3,scale-free-l,diablo,hop,8,16,10,1,0,1199990,702,0,9999.8,5.8,92.58,90.99,2024-06-18 13:37:26.187,poa,8.48,8.48,11.315786543728422,1.0,0,0
2cf528,gafam,3,scale-free-l,diablo,hop,8,16,10,1,0,30320,2401,0,167.7,13.3,70.41,58.41,2024-06-18 14:47:26.474,poa,5.65,5.65,16.562540442558266,1.0,0,0
2cf528,gafam,2,scale-free-l,diablo,hop,8,16,10,1,0,30320,2401,0,167.7,13.3,70.41,58.41,2024-06-18 14:42:32.951,poa,5.65,5.65,16.423350782256,1.0,0,0
c3d825,dota,3,scale-free-l,diablo,hop,8,16,10,1,0,3678700,200,0,13328.6,0.7,58.54,27.88,2024-06-18 14:20:21.053,poa,3.69,3.69,18.974138656789638,1.0,0,0
c3d825,dota,2,scale-free-l,diablo,hop,8,16,10,1,0,3678700,200,0,11875.5,0.6,36.77,33.48,2024-06-18 14:06:32.493,poa,3.69,3.69,21.802867165286393,1.0,0,0
9bc9a2,gafam,9,scale-free-l,diablo,hop,8,16,10,1,0,30320,2493,0,167.7,13.8,94.05,101.3,2025-06-19 10:33:29.668,poa,4.45,3.8,13.760040467328656,1.0,0,0
9bc9a2,gafam,6,scale-free-l,diablo,hop,8,16,10,1,0,30320,1667,0,167.7,9.2,93.91,101.44,2025-06-19 10:08:19.659,poa,4.45,3.8,13.857096561664816,1.0,0,0
9bc9a2,gafam,4,scale-free-l,diablo,hop,8,16,10,1,0,30320,2230,0,167.7,12.3,87.44,84.81,2025-06-19 09:51:14.156,poa,4.45,3.8,16.384473095892,1.0,0,0
9bc9a2,gafam,7,scale-free-l,diablo,hop,8,16,10,1,0,30320,1759,0,167.7,9.7,80.61,68.93,2025-06-19 10:16:37.891,poa,4.45,3.8,12.201371859264546,1.0,0,0
9bc9a2,gafam,3,scale-free-l,diablo,hop,8,16,10,1,0,30320,2471,0,167.7,13.7,93.53,87.1,2025-06-19 09:42:46.491,poa,4.45,3.8,15.70586484798778,1.0,0,0
9bc9a2,gafam,5,scale-free-l,diablo,hop,8,16,10,1,0,30320,2068,0,167.7,11.4,83.8,87.93,2025-06-19 09:59:52.398,poa,4.45,3.8,16.589242553028726,1.0,0,0
9bc9a2,gafam,1,scale-free-l,diablo,hop,8,16,10,1,0,30320,1180,0,167.7,6.5,73.62,56.13,2025-06-19 09:25:51.764,poa,4.45,3.8,12.077763050085318,1.0,0,0
9bc9a2,gafam,8,scale-free-l,diablo,hop,8,16,10,1,0,30320,1352,0,167.7,7.5,93.25,85.83,2025-06-19 10:25:05.381,poa,4.45,3.8,13.747648907188083,1.0,0,0
9bc9a2,gafam,2,scale-free-l,diablo,hop,8,16,10,1,0,30320,1937,0,167.7,10.7,87.97,86.23,2025-06-19 09:34:19.898,poa,4.45,3.8,12.516954107900673,1.0,0,0
9bc9a2,gafam,10,scale-free-l,diablo,hop,8,16,10,1,0,30320,1787,0,167.7,9.9,77.88,75.69,2025-06-19 10:42:01.382,poa,4.45,3.8,12.404634111445946,1.0,0,0
871eb0,paypal,9,scale-free-l,diablo,hop,8,16,10,1,0,59990,3770,0,200.0,12.6,137.41,145.68,2025-06-19 12:13:47.487,poa,7.15,6.42,24.52685140153067,1.0,0,0
871eb0,paypal,6,scale-free-l,diablo,hop,8,16,10,1,0,59990,4513,0,200.0,15.0,144.6,136.01,2025-06-19 11:42:20.505,poa,7.15,6.42,24.842727747308718,1.0,0,0
871eb0,paypal,4,scale-free-l,diablo,hop,8,16,10,1,0,59990,4187,0,200.0,14.0,131.08,128.82,2025-06-19 11:21:20.284,poa,7.15,6.42,23.83765509548739,1.0,0,0
871eb0,paypal,7,scale-free-l,diablo,hop,8,16,10,1,0,59990,4437,0,200.0,14.8,125.79,111.61,2025-06-19 11:52:49.247,poa,7.15,6.42,23.06891697134937,1.0,0,0
871eb0,paypal,3,scale-free-l,diablo,hop,8,16,10,1,0,59990,4421,0,200.0,14.7,148.04,141.04,2025-06-19 11:10:52.417,poa,7.15,6.42,25.038826356377268,1.0,0,0
871eb0,paypal,5,scale-free-l,diablo,hop,8,16,10,1,0,59990,4159,0,200.0,13.9,137.57,138.02,2025-06-19 11:31:50.614,poa,7.15,6.42,23.101675374393945,1.0,0,0
871eb0,paypal,1,scale-free-l,diablo,hop,8,16,10,1,0,59990,3309,0,200.0,11.0,144.01,128.82,2025-06-19 10:49:56.981,poa,7.15,6.42,19.474652077267752,1.0,0,0
871eb0,paypal,8,scale-free-l,diablo,hop,8,16,10,1,0,59990,4260,0,200.0,14.2,131.34,134.23,2025-06-19 12:03:19.476,poa,7.15,6.42,23.745967675186947,1.0,0,0
871eb0,paypal,2,scale-free-l,diablo,hop,8,16,10,1,0,59990,4174,0,200.0,13.9,125.91,108.82,2025-06-19 11:00:24.693,poa,7.15,6.42,22.084002312467913,1.0,0,0
871eb0,paypal,10,scale-free-l,diablo,hop,8,16,10,1,0,59990,3516,0,200.0,11.7,138.64,146.08,2025-06-19 12:24:17.101,poa,7.15,6.42,27.53272201915991,1.0,0,0
65904a,dota,9,scale-free-l,diablo,hop,8,16,10,1,0,3678700,294,0,13322.5,1.1,88.13,66.69,2025-06-19 20:21:28.353,poa,132.24,53.34,19.962725541270057,1.0,0,0
65904a,dota,6,scale-free-l,diablo,hop,8,16,10,1,0,3678700,33,0,13328.5,0.1,9.22,8.45,2025-06-19 19:37:15.665,poa,132.24,53.34,16.46765288466971,1.0,0,0
65904a,dota,4,scale-free-l,diablo,hop,8,16,10,1,0,3678700,229,0,13328.6,0.8,68.13,50.47,2025-06-19 19:07:19.521,poa,132.24,53.34,24.266490991060994,1.0,0,0
65904a,dota,7,scale-free-l,diablo,hop,8,16,10,1,0,3678700,234,0,13328.6,0.8,72.04,68.42,2025-06-19 19:52:05.968,poa,132.24,53.34,23.241962871752445,1.0,0,0
65904a,dota,3,scale-free-l,diablo,hop,8,16,10,1,0,3678700,86,0,13328.6,0.3,14.63,7.08,2025-06-19 18:52:50.651,poa,132.24,53.34,22.119694491378613,1.0,0,0
65904a,dota,5,scale-free-l,diablo,hop,8,16,10,1,0,3678700,265,0,13328.5,1.0,77.6,78.14,2025-06-19 19:22:14.045,poa,132.24,53.34,21.195217654475865,1.0,0,0
65904a,dota,1,scale-free-l,diablo,hop,8,16,10,1,0,3678700,192,0,13328.4,0.7,76.64,77.52,2025-06-19 18:23:22.454,poa,132.24,53.34,20.9201149677117,1.0,0,0
65904a,dota,8,scale-free-l,diablo,hop,8,16,10,1,0,3678700,175,0,13322.9,0.6,50.32,38.86,2025-06-19 20:06:37.410,poa,132.24,53.34,22.052462718764573,1.0,0,0
65904a,dota,2,scale-free-l,diablo,hop,8,16,10,1,0,3678700,394,0,13328.6,1.4,50.42,48.37,2025-06-19 18:37:47.412,poa,132.24,53.34,20.273329682111086,1.0,0,0
65904a,dota,10,scale-free-l,diablo,hop,8,16,10,1,0,3678700,199,0,13328.6,0.7,80.97,66.92,2025-06-19 20:36:28.070,poa,132.24,53.34,23.33851881055794,1.0,0,0
d9cba3,visa,9,scale-free-l,diablo,hop,8,16,10,1,0,540000,5105,0,1800.0,17.0,134.07,117.02,2025-06-19 13:59:57.920,poa,31.23,28.0,27.41451172687319,1.0,0,0
d9cba3,visa,6,scale-free-l,diablo,hop,8,16,10,1,0,540000,4825,0,1800.0,16.1,143.01,145.54,2025-06-19 13:28:13.250,poa,31.23,28.0,19.191620461022936,1.0,0,0
d9cba3,visa,4,scale-free-l,diablo,hop,8,16,10,1,0,540000,3902,0,1800.0,13.0,150.59,153.07,2025-06-19 13:06:54.494,poa,31.23,28.0,20.664348668326834,1.0,0,0
d9cba3,visa,7,scale-free-l,diablo,hop,8,16,10,1,0,540000,4289,0,1799.8,14.3,153.11,159.67,2025-06-19 13:38:46.791,poa,31.23,28.0,23.33567579870125,1.0,0,0
d9cba3,visa,3,scale-free-l,diablo,hop,8,16,10,1,0,540000,4632,0,1800.0,15.4,148.26,146.34,2025-06-19 12:56:09.810,poa,31.23,28.0,19.871500253014148,1.0,0,0
d9cba3,visa,5,scale-free-l,diablo,hop,8,16,10,1,0,540000,4929,0,1800.0,16.4,144.37,130.64,2025-06-19 13:17:28.139,poa,31.23,28.0,21.335671187510695,1.0,0,0
d9cba3,visa,1,scale-free-l,diablo,hop,8,16,10,1,0,540000,4809,0,1800.0,16.0,139.28,117.33,2025-06-19 12:35:00.605,poa,31.23,28.0,20.86947100195238,1.0,0,0
d9cba3,visa,8,scale-free-l,diablo,hop,8,16,10,1,0,540000,4994,0,1800.0,16.6,163.98,175.51,2025-06-19 13:49:23.229,poa,31.23,28.0,22.51385558218684,1.0,0,0
d9cba3,visa,2,scale-free-l,diablo,hop,8,16,10,1,0,540000,5165,0,1800.0,17.2,149.08,155.91,2025-06-19 12:45:34.815,poa,31.23,28.0,22.102950365706956,1.0,0,0
d9cba3,visa,10,scale-free-l,diablo,hop,8,16,10,1,0,540000,5447,0,1800.0,18.2,148.24,145.88,2025-06-19 14:10:30.996,poa,31.23,28.0,21.170896447623594,1.0,0,0
c96ed8,football,9,scale-free-l,diablo,hop,8,16,10,1,0,4056130,322,0,36045.0,2.9,10.52,6.2,2025-06-19 17:53:41.817,poa,247.69,125.08,9.513787553629607,1.0,0,0
c96ed8,football,6,scale-free-l,diablo,hop,8,16,10,1,0,4056130,17,0,34153.9,0.1,4.47,3.75,2025-06-19 17:08:52.125,poa,247.69,125.08,11.348128647263737,1.0,0,0
c96ed8,football,4,scale-free-l,diablo,hop,8,16,10,1,0,4056130,250,0,38322.7,2.4,17.63,17.73,2025-06-19 16:39:00.021,poa,247.69,125.08,10.257711067258994,1.0,0,0
c96ed8,football,7,scale-free-l,diablo,hop,8,16,10,1,0,4056130,214,0,35208.8,1.9,11.32,11.62,2025-06-19 17:23:52.025,poa,247.69,125.08,8.494175387593089,1.0,0,0
c96ed8,football,3,scale-free-l,diablo,hop,8,16,10,1,0,4056130,221,0,40157.5,2.2,17.59,18.32,2025-06-19 16:24:25.224,poa,247.69,125.08,9.103800867910415,1.0,0,0
c96ed8,football,5,scale-free-l,diablo,hop,8,16,10,1,0,4056130,107,0,40158.2,1.1,1.71,1.71,2025-06-19 16:53:58.666,poa,247.69,125.08,10.315191776374322,1.0,0,0
c96ed8,football,1,scale-free-l,diablo,hop,8,16,10,1,0,4056130,329,0,40159.2,3.3,10.99,15.36,2025-06-19 15:54:21.715,poa,247.69,125.08,7.82611779717901,1.0,0,0
c96ed8,football,8,scale-free-l,diablo,hop,8,16,10,1,0,4056130,169,0,34951.0,1.5,5.81,6.3,2025-06-19 17:38:39.722,poa,247.69,125.08,9.381259568162537,1.0,0,0
c96ed8,football,2,scale-free-l,diablo,hop,8,16,10,1,0,4056130,108,0,33361.8,0.9,1.84,1.68,2025-06-19 16:09:30.338,poa,247.69,125.08,7.41148631151005,1.0,0,0
c96ed8,football,10,scale-free-l,diablo,hop,8,16,10,1,0,4056130,108,0,34748.1,0.9,13.83,13.83,2025-06-19 18:08:55.788,poa,247.69,125.08,8.345553259956413,1.0,0,0
0e0d8f,10000,9,scale-free-l,diablo,hop,8,16,10,1,0,1199990,2458,0,9999.9,20.5,45.97,34.52,2025-06-19 15:31:26.964,poa,121.7,94.37,10.634805205569076,1.0,0,0
0e0d8f,10000,6,scale-free-l,diablo,hop,8,16,10,1,0,1199990,2241,0,9999.9,18.7,54.44,51.88,2025-06-19 15:05:22.169,poa,121.7,94.37,9.891923197800004,1.0,0,0
0e0d8f,10000,4,scale-free-l,diablo,hop,8,16,10,1,0,1199990,1936,0,9999.8,16.1,56.28,54.54,2025-06-19 14:47:44.523,poa,121.7,94.37,12.687115379757735,1.0,0,0
0e0d8f,10000,7,scale-free-l,diablo,hop,8,16,10,1,0,1199990,744,0,9999.9,6.2,36.12,18.74,2025-06-19 15:14:03.952,poa,121.7,94.37,9.573034090268386,1.0,0,0
0e0d8f,10000,3,scale-free-l,diablo,hop,8,16,10,1,0,1199990,2142,0,9999.9,17.8,49.77,38.44,2025-06-19 14:39:02.145,poa,121.7,94.37,10.831119930028754,1.0,0,0
0e0d8f,10000,5,scale-free-l,diablo,hop,8,16,10,1,0,1199990,2072,0,9994.2,17.3,58.47,52.33,2025-06-19 14:56:37.615,poa,121.7,94.37,9.056641873620645,1.0,0,0
0e0d8f,10000,1,scale-free-l,diablo,hop,8,16,10,1,0,1199990,2124,0,9988.5,17.7,44.79,33.8,2025-06-19 14:21:34.930,poa,121.7,94.37,12.342922427228642,1.0,0,0
0e0d8f,10000,8,scale-free-l,diablo,hop,8,16,10,1,0,1199990,1794,0,9999.7,14.9,46.39,35.32,2025-06-19 15:22:44.502,poa,121.7,94.37,10.239762553545924,1.0,0,0
0e0d8f,10000,2,scale-free-l,diablo,hop,8,16,10,1,0,1199990,1547,0,9999.9,12.9,41.65,24.39,2025-06-19 14:30:17.399,poa,121.7,94.37,9.94356521021391,1.0,0,0
0e0d8f,10000,10,scale-free-l,diablo,hop,8,16,10,1,0,1199990,1221,0,9999.9,10.2,37.03,33.23,2025-06-19 15:40:21.288,poa,121.7,94.37,10.035406062692628,1.0,0,0
e13758,visa,2,torus-l,diablo,hop,8,16,10,1,0,540000,4432,0,1800.0,14.8,171.61,167.9,2024-06-16 14:11:41.195,poa,3.43,2.8,21.209208962884045,1.0,0,0
e13758,visa,1,torus-l,diablo,hop,8,16,10,1,0,540000,4977,0,1800.0,16.6,158.19,164.62,2024-06-16 14:01:07.505,poa,3.43,2.8,20.908028361683233,1.0,0,0
64693e,paypal,2,torus-l,diablo,hop,8,16,10,1,0,59990,2464,0,200.0,8.2,185.87,188.26,2024-06-16 13:33:27.098,poa,0.76,0.58,22.31718449799964,1.0,0,0
64693e,paypal,1,torus-l,diablo,hop,8,16,10,1,0,59990,3314,0,200.0,11.0,155.76,149.9,2024-06-16 13:23:00.644,poa,0.76,0.58,18.890087437268875,1.0,0,0
900928,gafam,2,torus-l,diablo,hop,8,16,10,1,0,30320,1764,0,167.7,9.8,98.01,101.63,2024-06-16 13:54:20.190,poa,2.01,1.58,14.157266107528635,1.0,0,0
900928,gafam,1,torus-l,diablo,hop,8,16,10,1,0,30320,1714,0,167.7,9.5,90.69,72.38,2024-06-16 13:45:12.483,poa,2.01,1.58,16.765714218578808,1.0,0,0
41667c,dota,1,torus-l,diablo,hop,8,16,10,1,0,3678700,222,0,13328.6,0.8,45.63,46.79,2024-06-16 15:14:18.933,poa,22.03,8.82,19.54623995836511,1.0,0,0
6ae9e2,10000,1,torus-l,diablo,hop,8,16,10,1,0,1199990,260,0,9999.9,2.2,112.34,112.9,2024-06-16 14:22:32.449,poa,20.52,15.43,11.761945591850587,1.0,0,0
c11fdf,football,2,torus-l,diablo,hop,8,16,10,1,0,4056130,203,0,35287.9,1.8,12.82,14.37,2024-06-16 15:02:37.158,poa,37.94,20.52,8.886713561987527,1.0,0,0
c11fdf,football,1,torus-l,diablo,hop,8,16,10,1,0,4056130,310,0,35476.3,2.7,18.73,24.16,2024-06-16 14:45:12.035,poa,37.94,20.52,8.1817464004298,1.0,0,0
fe8e93,football,1,torus-l,diablo,hop,8,16,10,1,0,4056130,538,0,40159.3,5.3,7.86,6.36,2024-06-16 17:15:54.778,poa,27.43,14.95,9.631381282728302,1.0,0,0
fe8e93,football,2,torus-l,diablo,hop,8,16,10,1,0,4056130,538,0,40159.3,5.3,7.86,6.36,2024-06-16 17:32:16.689,poa,27.43,14.95,8.994018515770291,1.0,0,0
266905,visa,1,torus-l,diablo,hop,8,16,10,1,0,540000,5246,0,1800.0,17.5,129.38,117.14,2024-06-16 16:29:19.699,poa,3.41,2.76,20.78220307494705,1.0,0,0
266905,visa,2,torus-l,diablo,hop,8,16,10,1,0,540000,3608,0,1800.0,12.0,186.3,196.51,2024-06-16 16:39:55.702,poa,3.41,2.76,24.105937282062154,1.0,0,0
94e876,paypal,1,torus-l,diablo,hop,8,16,10,1,0,59990,3906,0,200.0,13.0,158.79,161.44,2024-06-16 15:51:13.756,poa,0.53,0.37,24.844845113328347,1.0,0,0
94e876,paypal,2,torus-l,diablo,hop,8,16,10,1,0,59990,3581,0,200.0,11.9,143.54,153.4,2024-06-16 16:01:42.686,poa,0.53,0.37,23.767986247694402,1.0,0,0
df0851,gafam,1,torus-l,diablo,hop,8,16,10,1,0,30320,2160,0,167.7,11.9,86.76,69.18,2024-06-16 16:13:50.054,poa,1.88,1.48,10.706953646560324,1.0,0,0
df0851,gafam,2,torus-l,diablo,hop,8,16,10,1,0,30320,2953,0,167.7,16.3,98.24,101.58,2024-06-16 16:22:40.894,poa,1.88,1.48,12.155353331810105,1.0,0,0
6867bb,10000,1,torus-l,diablo,hop,8,16,10,1,0,1199990,130,0,9999.9,1.1,106.72,107.08,2024-06-16 16:50:48.622,poa,15.88,10.83,10.05135531034059,1.0,0,0
6867bb,10000,2,torus-l,diablo,hop,8,16,10,1,0,1199990,2052,0,9990.5,17.1,39.41,32.26,2024-06-16 16:59:30.157,poa,15.88,10.83,9.185336443594247,1.0,0,0
c3e074,dota,1,torus-l,diablo,hop,8,16,10,1,0,0,0,0,0.0,0.0,0.0,0.0,2024-06-18 15:41:26.964,poa,7.56,1.24,20.086188751816177,1.0,0,0
c3e074,dota,3,torus-l,diablo,hop,8,16,10,1,0,3678700,115,0,13328.6,0.4,36.06,26.54,2024-06-18 16:08:58.025,poa,7.56,1.24,23.235387597333172,1.0,0,0
c3e074,dota,2,torus-l,diablo,hop,8,16,10,1,0,3678700,115,0,13328.6,0.4,36.06,26.54,2024-06-18 15:55:35.274,poa,7.56,1.24,19.081630182393578,1.0,0,0
246a24,gafam,9,torus-l,diablo,hop,8,16,10,1,0,30320,1620,0,167.7,9.0,96.7,100.27,2025-06-20 11:10:53.176,poa,4.43,3.74,14.704875333168228,1.0,0,0
246a24,gafam,6,torus-l,diablo,hop,8,16,10,1,0,30320,1577,0,167.7,8.7,103.78,116.86,2025-06-20 10:45:25.773,poa,4.43,3.74,8.724575641284817,1.0,0,0
246a24,gafam,4,torus-l,diablo,hop,8,16,10,1,0,30320,1180,0,167.7,6.5,85.82,99.5,2025-06-20 10:28:28.032,poa,4.43,3.74,13.064108412314813,1.0,0,0
246a24,gafam,7,torus-l,diablo,hop,8,16,10,1,0,30320,1845,0,167.7,10.2,88.86,71.98,2025-06-20 10:54:08.729,poa,4.43,3.74,11.42082210175533,1.0,0,0
246a24,gafam,3,torus-l,diablo,hop,8,16,10,1,0,30320,1684,0,167.7,9.3,83.71,86.63,2025-06-20 10:20:12.373,poa,4.43,3.74,16.56073963989668,1.0,0,0
246a24,gafam,5,torus-l,diablo,hop,8,16,10,1,0,30320,1981,0,167.7,11.0,87.04,83.7,2025-06-20 10:37:01.279,poa,4.43,3.74,9.735889432368756,1.0,0,0
246a24,gafam,1,torus-l,diablo,hop,8,16,10,1,0,30320,1685,0,167.7,9.3,96.79,84.3,2025-06-20 10:03:03.986,poa,4.43,3.74,17.12204907297039,1.0,0,0
246a24,gafam,8,torus-l,diablo,hop,8,16,10,1,0,30320,1610,0,167.7,8.9,93.8,86.16,2025-06-20 11:02:36.849,poa,4.43,3.74,12.238711284274226,1.0,0,0
246a24,gafam,2,torus-l,diablo,hop,8,16,10,1,0,30320,1797,0,167.7,9.9,86.57,85.67,2025-06-20 10:11:32.312,poa,4.43,3.74,17.098304843735853,1.0,0,0
246a24,gafam,10,torus-l,diablo,hop,8,16,10,1,0,30320,1431,0,167.7,7.9,104.74,116.59,2025-06-20 11:19:34.299,poa,4.43,3.74,17.90535514921804,1.0,0,0
559c56,paypal,9,torus-l,diablo,hop,8,16,10,1,0,59990,3584,0,200.0,11.9,131.05,121.33,2025-06-20 12:51:44.573,poa,7.06,6.27,26.75144645873459,1.0,0,0
559c56,paypal,6,torus-l,diablo,hop,8,16,10,1,0,59990,3709,0,200.0,12.4,128.79,128.1,2025-06-20 12:19:57.669,poa,7.06,6.27,20.732478159243406,1.0,0,0
559c56,paypal,4,torus-l,diablo,hop,8,16,10,1,0,59990,3974,0,200.0,13.2,131.46,124.84,2025-06-20 11:59:00.591,poa,7.06,6.27,16.32882553178644,1.0,0,0
559c56,paypal,7,torus-l,diablo,hop,8,16,10,1,0,59990,3270,0,200.0,10.9,127.24,108.72,2025-06-20 12:30:37.217,poa,7.06,6.27,23.261864752542884,1.0,0,0
559c56,paypal,3,torus-l,diablo,hop,8,16,10,1,0,59990,3284,0,200.0,10.9,132.31,102.25,2025-06-20 11:48:30.838,poa,7.06,6.27,24.875925691477374,1.0,0,0
559c56,paypal,5,torus-l,diablo,hop,8,16,10,1,0,59990,3885,0,200.0,13.0,129.16,107.61,2025-06-20 12:09:29.321,poa,7.06,6.27,18.65850325906749,1.0,0,0
559c56,paypal,1,torus-l,diablo,hop,8,16,10,1,0,59990,3313,0,200.0,11.0,126.04,127.38,2025-06-20 11:27:32.342,poa,7.06,6.27,28.8611594058062,1.0,0,0
559c56,paypal,8,torus-l,diablo,hop,8,16,10,1,0,59990,3895,0,200.0,13.0,139.42,138.9,2025-06-20 12:41:16.440,poa,7.06,6.27,25.838021038344962,1.0,0,0
559c56,paypal,2,torus-l,diablo,hop,8,16,10,1,0,59990,3559,0,200.0,11.9,146.13,147.15,2025-06-20 11:38:02.605,poa,7.06,6.27,32.023931306393436,1.0,0,0
559c56,paypal,10,torus-l,diablo,hop,8,16,10,1,0,59990,3631,0,200.0,12.1,149.56,154.31,2025-06-20 13:02:13.128,poa,7.06,6.27,22.882004656404206,1.0,0,0
140b2b,dota,9,torus-l,diablo,hop,8,16,10,1,0,3678700,186,0,13324.7,0.7,67.35,66.39,2025-06-20 20:59:22.610,poa,131.83,51.35,17.254242167255573,1.0,0,0
140b2b,dota,6,torus-l,diablo,hop,8,16,10,1,0,3678700,54,0,13328.6,0.2,18.74,14.32,2025-06-20 20:14:31.383,poa,131.83,51.35,20.146334441110618,1.0,0,0
140b2b,dota,4,torus-l,diablo,hop,8,16,10,1,0,3678700,86,0,13328.2,0.3,34.55,14.8,2025-06-20 19:45:14.476,poa,131.83,51.35,22.523778632357825,1.0,0,0
140b2b,dota,7,torus-l,diablo,hop,8,16,10,1,0,3678700,271,0,13328.6,1.0,62.59,55.7,2025-06-20 20:29:32.871,poa,131.83,51.35,23.381487585838173,1.0,0,0
140b2b,dota,3,torus-l,diablo,hop,8,16,10,1,0,3678700,182,0,13328.6,0.7,55.6,48.93,2025-06-20 19:30:26.493,poa,131.83,51.35,22.51720586785641,1.0,0,0
140b2b,dota,5,torus-l,diablo,hop,8,16,10,1,0,3678700,287,0,13328.6,1.0,66.86,65.33,2025-06-20 19:59:49.205,poa,131.83,51.35,23.83966960253748,1.0,0,0
140b2b,dota,1,torus-l,diablo,hop,8,16,10,1,0,3678700,220,0,13323.8,0.8,80.68,97.89,2025-06-20 19:00:29.973,poa,131.83,51.35,17.309631956063395,1.0,0,0
140b2b,dota,8,torus-l,diablo,hop,8,16,10,1,0,3678700,174,0,13328.3,0.6,61.39,43.48,2025-06-20 20:44:40.797,poa,131.83,51.35,17.488330720114018,1.0,0,0
140b2b,dota,2,torus-l,diablo,hop,8,16,10,1,0,3678700,114,0,13328.4,0.4,43.22,50.0,2025-06-20 19:15:20.338,poa,131.83,51.35,20.914573488169385,1.0,0,0
140b2b,dota,10,torus-l,diablo,hop,8,16,10,1,0,3678700,216,0,13328.6,0.8,84.59,81.55,2025-06-20 21:13:58.161,poa,131.83,51.35,18.157248199913266,1.0,0,0
aa8f41,visa,9,torus-l,diablo,hop,8,16,10,1,0,540000,3744,0,1800.0,12.5,136.57,132.13,2025-06-20 14:37:50.841,poa,29.63,26.32,22.10752286148913,1.0,0,0
aa8f41,visa,6,torus-l,diablo,hop,8,16,10,1,0,540000,4503,0,1800.0,15.0,144.33,130.26,2025-06-20 14:05:54.168,poa,29.63,26.32,27.23154210298374,1.0,0,0
aa8f41,visa,4,torus-l,diablo,hop,8,16,10,1,0,540000,4130,0,1800.0,13.8,149.35,156.9,2025-06-20 13:44:45.505,poa,29.63,26.32,20.817951129131416,1.0,0,0
aa8f41,visa,7,torus-l,diablo,hop,8,16,10,1,0,540000,3561,0,1800.0,11.9,138.6,138.14,2025-06-20 14:16:38.945,poa,29.63,26.32,21.785127829905072,1.0,0,0
aa8f41,visa,3,torus-l,diablo,hop,8,16,10,1,0,540000,4053,0,1800.0,13.5,152.6,160.29,2025-06-20 13:34:07.695,poa,29.63,26.32,18.97971856582522,1.0,0,0
aa8f41,visa,5,torus-l,diablo,hop,8,16,10,1,0,540000,3944,0,1800.0,13.1,140.22,125.72,2025-06-20 13:55:20.041,poa,29.63,26.32,24.023615133893017,1.0,0,0
aa8f41,visa,1,torus-l,diablo,hop,8,16,10,1,0,540000,3684,0,1800.0,12.3,144.61,140.32,2025-06-20 13:12:58.515,poa,29.63,26.32,19.660761633068397,1.0,0,0
aa8f41,visa,8,torus-l,diablo,hop,8,16,10,1,0,540000,4351,0,1800.0,14.5,141.94,143.66,2025-06-20 14:27:13.063,poa,29.63,26.32,24.37209415242342,1.0,0,0
aa8f41,visa,2,torus-l,diablo,hop,8,16,10,1,0,540000,3966,0,1800.0,13.2,148.74,143.07,2025-06-20 13:23:33.911,poa,29.63,26.32,18.53000521616082,1.0,0,0
aa8f41,visa,10,torus-l,diablo,hop,8,16,10,1,0,540000,3741,0,1800.0,12.5,150.44,143.36,2025-06-20 14:48:26.549,poa,29.63,26.32,21.467517767582397,1.0,0,0
a8bdf4,football,9,torus-l,diablo,hop,8,16,10,1,0,4056130,644,0,28135.4,4.5,12.8,8.84,2025-06-20 18:31:31.606,poa,245.53,118.51,10.213901434286958,1.0,0,0
a8bdf4,football,6,torus-l,diablo,hop,8,16,10,1,0,4056130,322,0,34537.9,2.7,18.07,13.67,2025-06-20 17:46:15.591,poa,245.53,118.51,8.704434105121873,1.0,0,0
a8bdf4,football,4,torus-l,diablo,hop,8,16,10,1,0,4056130,429,0,39961.3,4.2,12.98,9.71,2025-06-20 17:16:40.078,poa,245.53,118.51,8.752290431556087,1.0,0,0
a8bdf4,football,7,torus-l,diablo,hop,8,16,10,1,0,4056130,214,0,40159.3,2.1,5.04,5.48,2025-06-20 18:01:28.241,poa,245.53,118.51,10.256763775068219,1.0,0,0
a8bdf4,football,3,torus-l,diablo,hop,8,16,10,1,0,4056130,536,0,40159.3,5.3,10.54,7.38,2025-06-20 17:01:50.117,poa,245.53,118.51,8.668027122859455,1.0,0,0
a8bdf4,football,5,torus-l,diablo,hop,8,16,10,1,0,4056130,321,0,37159.6,2.9,6.93,6.99,2025-06-20 17:31:20.275,poa,245.53,118.51,7.813835895884029,1.0,0,0
a8bdf4,football,1,torus-l,diablo,hop,8,16,10,1,0,4056130,215,0,35984.3,1.9,16.36,24.85,2025-06-20 16:31:52.417,poa,245.53,118.51,9.598208773154239,1.0,0,0
a8bdf4,football,8,torus-l,diablo,hop,8,16,10,1,0,4056130,241,0,35416.9,2.1,17.39,19.02,2025-06-20 18:16:32.468,poa,245.53,118.51,9.57177435717977,1.0,0,0
a8bdf4,football,2,torus-l,diablo,hop,8,16,10,1,0,4056130,200,0,28654.8,1.4,27.47,27.11,2025-06-20 16:46:44.557,poa,245.53,118.51,10.253206150597725,1.0,0,0
a8bdf4,football,10,torus-l,diablo,hop,8,16,10,1,0,4056130,214,0,31835.9,1.7,14.66,14.7,2025-06-20 18:45:59.531,poa,245.53,118.51,7.405581760500407,1.0,0,0
ad310a,10000,9,torus-l,diablo,hop,8,16,10,1,0,1199990,2113,0,9999.9,17.6,45.21,47.94,2025-06-20 16:09:05.470,poa,116.19,88.07,9.853630285599158,1.0,0,0
ad310a,10000,6,torus-l,diablo,hop,8,16,10,1,0,1199990,2382,0,9961.7,19.8,50.83,51.3,2025-06-20 15:42:56.112,poa,116.19,88.07,10.271332928736625,1.0,0,0
ad310a,10000,4,torus-l,diablo,hop,8,16,10,1,0,1199990,764,0,9991.5,6.4,35.91,36.86,2025-06-20 15:25:30.467,poa,116.19,88.07,9.29513566682434,1.0,0,0
ad310a,10000,7,torus-l,diablo,hop,8,16,10,1,0,1199990,1353,0,9999.9,11.3,52.8,50.14,2025-06-20 15:51:36.876,poa,116.19,88.07,10.092524884428437,1.0,0,0
ad310a,10000,3,torus-l,diablo,hop,8,16,10,1,0,1199990,1852,0,9999.9,15.4,42.86,32.81,2025-06-20 15:16:46.208,poa,116.19,88.07,11.57458409546922,1.0,0,0
ad310a,10000,5,torus-l,diablo,hop,8,16,10,1,0,1199990,1379,0,9999.9,11.5,39.29,23.24,2025-06-20 15:34:12.599,poa,116.19,88.07,8.789469461454836,1.0,0,0
ad310a,10000,1,torus-l,diablo,hop,8,16,10,1,0,1199990,1696,0,9999.9,14.1,48.29,48.4,2025-06-20 14:59:20.544,poa,116.19,88.07,10.180721087683528,1.0,0,0
ad310a,10000,8,torus-l,diablo,hop,8,16,10,1,0,1199990,2003,0,9999.9,16.7,46.56,34.3,2025-06-20 16:00:21.703,poa,116.19,88.07,10.959187527243003,1.0,0,0
ad310a,10000,2,torus-l,diablo,hop,8,16,10,1,0,1199990,989,0,9976.8,8.2,34.46,31.64,2025-06-20 15:08:02.351,poa,116.19,88.07,12.177729805667411,1.0,0,0
ad310a,10000,10,torus-l,diablo,hop,8,16,10,1,0,1199990,391,0,9999.9,3.3,23.15,2.63,2025-06-20 16:17:59.576,poa,116.19,88.07,12.330200346083641,1.0,0,0
f1539c,gafam,1,torus-l,diablo,hop,8,16,10,1,0,30320,1631,0,167.7,9.0,102.1,99.6,2024-05-08 21:13:56.413,poa,1.27,0.95,15.813350067727663,0.0,0,0
5eb4f2,10000,1,torus-l,diablo,hop,8,16,10,1,0,1199990,258,0,9999.7,2.1,91.08,93.2,2024-05-08 21:32:01.148,poa,12.13,8.63,8.574810521144276,0.0,0,0
59ab30,paypal,1,torus-l,diablo,hop,8,16,10,1,0,59990,3772,0,200.0,12.6,126.64,120.24,2024-05-08 21:02:03.536,poa,0.61,0.46,28.44101818645806,0.0,0,0
4ecde5,visa,1,torus-l,diablo,hop,8,16,10,1,0,540000,3732,0,1800.0,12.4,175.83,170.29,2024-05-08 21:21:11.681,poa,2.49,2.08,21.82751066700033,0.0,0,0
374312,football,1,torus-l,diablo,hop,8,16,10,1,0,4056130,171,0,36080.7,1.5,8.68,9.24,2024-05-08 21:46:04.180,poa,25.77,11.7,8.09648218666571,0.0,0,0
b2ffba,football,1,torus-l,diablo,hop,8,16,10,1,0,4056130,107,0,40099.5,1.1,7.32,7.32,2024-05-09 08:08:24.585,poa,23.53,4.47,7.645788382561344,0.0,0,0
591f5b,dota,1,torus-l,diablo,hop,8,16,10,1,0,3678700,240,0,13328.5,0.9,60.86,55.92,2024-05-09 07:53:09.526,poa,2.63,1.0,20.973067647991417,0.0,0,0
2b0bd3,10000,1,fat-tree-l,diablo,hop,8,16,10,4,0,1199990,1526,0,9999.0,12.7,49.8,51.14,2024-05-19 19:44:25.322,poa,12.99,11.86,9.249818688536134,1.0,0,0
f270d5,gafam,1,fat-tree-l,diablo,hop,8,16,10,4,0,30320,1424,0,167.7,7.9,90.93,88.67,2024-05-19 19:22:41.406,poa,3.05,2.74,11.858455213998887,1.0,0,0
ecf920,paypal,1,fat-tree-l,diablo,hop,8,16,10,4,0,59990,2450,0,200.0,8.2,135.23,130.67,2024-05-19 19:10:58.182,poa,1.08,0.93,25.049415509440372,1.0,0,0
6318ba,visa,1,fat-tree-l,diablo,hop,8,16,10,4,0,540000,2817,0,1800.0,9.4,120.98,110.29,2024-05-19 19:32:27.840,poa,3.67,3.44,20.324520017258266,1.0,0,0
4f4973,dota,1,fat-tree-l,diablo,hop,8,16,10,4,0,3678700,240,0,13328.6,0.9,64.35,52.5,2024-05-19 20:13:33.727,poa,9.96,7.14,21.34307510237237,1.0,0,0
aab1b0,football,1,fat-tree-l,diablo,hop,8,16,10,4,0,4056130,418,0,40159.3,4.1,26.54,28.38,2024-05-19 19:57:56.050,poa,21.47,16.48,10.024880826519746,1.0,0,0
ba2de7,visa,1,full-mesh,diablo,hop,8,16,10,4,0,540000,2541,0,1800.0,8.5,134.44,138.39,2024-05-19 14:57:09.169,poa,3.03,2.75,24.429846131628885,1.0,0,0
efed9f,10000,1,full-mesh,diablo,hop,8,16,10,4,0,1199990,1141,0,9999.9,9.5,55.61,54.0,2024-05-19 15:09:06.730,poa,11.1,9.81,10.590804059683283,1.0,0,0
e9cc43,dota,1,full-mesh,diablo,hop,8,16,10,4,0,3678700,261,0,13328.6,0.9,98.72,104.36,2024-05-19 15:38:36.644,poa,7.84,5.77,23.677217470657492,1.0,0,0
58d02c,gafam,1,full-mesh,diablo,hop,8,16,10,4,0,30320,1372,0,167.7,7.6,94.03,87.27,2024-05-19 14:47:37.062,poa,2.52,2.2,16.057388062541,1.0,0,0
e01c84,football,1,full-mesh,diablo,hop,8,16,10,4,0,4056130,114,0,40158.8,1.1,19.01,23.81,2024-05-19 15:22:56.729,poa,17.19,13.49,8.594482470766668,1.0,0,0
502da4,paypal,1,full-mesh,diablo,hop,8,16,10,4,0,59990,2482,0,200.0,8.3,131.03,117.68,2024-05-19 14:35:38.393,poa,1.02,0.86,22.914938757260735,1.0,0,0
d06091,visa,1,hypercube,diablo,hop,8,16,10,4,0,540000,2712,0,1800.0,9.0,145.08,140.73,2024-05-19 21:04:41.248,poa,2.73,2.38,28.48738719538883,1.0,0,0
da04d4,10000,1,hypercube,diablo,hop,8,16,10,4,0,1199990,1264,0,9998.7,10.5,49.65,35.41,2024-05-19 21:16:40.073,poa,10.57,8.87,13.610437214038319,1.0,0,0
289922,dota,1,hypercube,diablo,hop,8,16,10,4,0,3678700,383,0,13328.6,1.4,127.46,123.97,2024-05-19 21:46:14.332,poa,8.87,5.96,18.938318386736164,1.0,0,0
6a9524,gafam,1,hypercube,diablo,hop,8,16,10,4,0,30320,1476,0,167.7,8.2,94.57,87.27,2024-05-19 20:55:08.928,poa,2.7,2.39,15.250407134504947,1.0,0,0
984471,football,1,hypercube,diablo,hop,8,16,10,4,0,4056130,375,0,39753.7,3.7,15.59,15.36,2024-05-19 21:30:36.811,poa,18.14,12.73,8.514023082537824,1.0,0,0
155467,paypal,1,hypercube,diablo,hop,8,16,10,4,0,59990,2395,0,200.0,8.0,135.79,129.94,2024-05-19 20:43:09.963,poa,1.11,0.96,18.005161100184257,1.0,0,0
a2d1dc,10000,1,fat-tree-l,diablo,hop,8,16,10,4,0,1199990,1763,0,9999.9,14.7,45.78,36.63,2024-06-07 00:04:46.992,poa,27.72,25.53,12.464394841455183,1.0,0,0
a2d1dc,10000,2,fat-tree-l,diablo,hop,8,16,10,4,0,1199990,1559,0,9999.5,13.0,59.73,66.14,2024-06-07 00:14:38.814,poa,27.72,25.53,7.076895330683616,1.0,0,0
cebc4a,paypal,1,fat-tree-l,diablo,hop,8,16,10,4,0,59990,2401,0,200.0,8.0,134.68,128.58,2024-06-06 22:58:12.443,poa,1.56,1.4,18.918764957554426,1.0,0,0
cebc4a,paypal,2,fat-tree-l,diablo,hop,8,16,10,4,0,59990,2395,0,200.0,8.0,131.04,131.64,2024-06-06 23:09:52.459,poa,1.56,1.4,20.575102226749074,1.0,0,0
a79eba,visa,1,fat-tree-l,diablo,hop,8,16,10,4,0,540000,2807,0,1800.0,9.4,136.96,140.6,2024-06-06 23:41:01.100,poa,5.98,5.44,24.151177580268865,1.0,0,0
a79eba,visa,2,fat-tree-l,diablo,hop,8,16,10,4,0,540000,2752,0,1800.0,9.2,126.37,110.34,2024-06-06 23:52:46.998,poa,5.98,5.44,28.068697368767847,1.0,0,0
25df51,dota,1,fat-tree-l,diablo,hop,8,16,10,4,0,3678700,253,0,13328.6,0.9,87.16,71.09,2024-06-07 01:00:16.216,poa,21.18,16.59,26.778668141067698,1.0,0,0
25df51,dota,2,fat-tree-l,diablo,hop,8,16,10,4,0,3678700,254,0,13328.6,0.9,102.1,73.25,2024-06-07 01:15:57.321,poa,21.18,16.59,21.239965666592376,1.0,0,0
7abca0,gafam,1,fat-tree-l,diablo,hop,8,16,10,4,0,30320,1223,0,167.7,6.8,90.53,102.26,2024-06-06 23:21:34.959,poa,4.73,4.3,16.390565481992923,1.0,0,0
7abca0,gafam,2,fat-tree-l,diablo,hop,8,16,10,4,0,30320,1227,0,167.7,6.8,87.55,72.13,2024-06-06 23:31:31.081,poa,4.73,4.3,15.849384723456215,1.0,0,0
2cd6d3,football,1,fat-tree-l,diablo,hop,8,16,10,4,0,4056130,522,0,40096.8,5.2,12.21,9.29,2024-06-07 00:27:46.750,poa,47.76,40.25,8.16292500696152,1.0,0,0
2cd6d3,football,2,fat-tree-l,diablo,hop,8,16,10,4,0,4056130,415,0,39572.7,4.0,16.23,9.35,2024-06-07 00:43:55.731,poa,47.76,40.25,8.619936896127665,1.0,0,0
6c60b9,gafam,9,fat-tree-l,diablo,hop,8,16,10,4,0,30320,1224,0,167.7,6.8,90.5,87.05,2025-06-21 23:42:18.102,poa,7.41,6.6,12.456382516411265,1.0,0,0
6c60b9,gafam,6,fat-tree-l,diablo,hop,8,16,10,4,0,30320,1430,0,167.7,7.9,91.71,86.39,2025-06-21 23:12:46.594,poa,7.41,6.6,15.754068248881905,1.0,0,0
6c60b9,gafam,4,fat-tree-l,diablo,hop,8,16,10,4,0,30320,1514,0,167.7,8.4,95.36,87.83,2025-06-21 22:53:27.993,poa,7.41,6.6,17.955529148309317,1.0,0,0
6c60b9,gafam,7,fat-tree-l,diablo,hop,8,16,10,4,0,30320,1514,0,167.7,8.4,94.99,102.72,2025-06-21 23:22:26.888,poa,7.41,6.6,15.734014666581754,1.0,0,0
6c60b9,gafam,3,fat-tree-l,diablo,hop,8,16,10,4,0,30320,1534,0,167.7,8.5,92.11,86.48,2025-06-21 22:43:31.513,poa,7.41,6.6,14.585087295563538,1.0,0,0
6c60b9,gafam,5,fat-tree-l,diablo,hop,8,16,10,4,0,30320,1634,0,167.7,9.0,89.98,73.06,2025-06-21 23:02:53.598,poa,7.41,6.6,16.447546031847843,1.0,0,0
6c60b9,gafam,1,fat-tree-l,diablo,hop,8,16,10,4,0,30320,1618,0,167.7,8.9,90.74,71.89,2025-06-21 22:24:10.359,poa,7.41,6.6,9.957969327608705,1.0,0,0
6c60b9,gafam,8,fat-tree-l,diablo,hop,8,16,10,4,0,30320,1798,0,167.7,9.9,84.19,72.29,2025-06-21 23:32:25.470,poa,7.41,6.6,13.075571629754265,1.0,0,0
6c60b9,gafam,2,fat-tree-l,diablo,hop,8,16,10,4,0,30320,1806,0,167.7,10.0,98.41,101.38,2025-06-21 22:34:06.649,poa,7.41,6.6,13.233201999430745,1.0,0,0
6c60b9,gafam,10,fat-tree-l,diablo,hop,8,16,10,4,0,30320,1426,0,167.7,7.9,81.31,71.69,2025-06-21 23:52:01.322,poa,7.41,6.6,13.805991135829123,1.0,0,0
bcb075,paypal,9,fat-tree-l,diablo,hop,8,16,10,4,0,59990,2549,0,200.0,8.5,133.16,114.78,2025-06-22 01:35:04.637,poa,14.58,13.65,25.340275037492702,1.0,0,0
bcb075,paypal,6,fat-tree-l,diablo,hop,8,16,10,4,0,59990,2435,0,200.0,8.1,127.15,127.38,2025-06-22 00:59:56.129,poa,14.58,13.65,24.230484396308043,1.0,0,0
bcb075,paypal,4,fat-tree-l,diablo,hop,8,16,10,4,0,59990,2501,0,200.0,8.3,136.12,131.6,2025-06-22 00:36:32.164,poa,14.58,13.65,21.998352672219607,1.0,0,0
bcb075,paypal,7,fat-tree-l,diablo,hop,8,16,10,4,0,59990,2513,0,200.0,8.4,134.95,131.5,2025-06-22 01:11:37.138,poa,14.58,13.65,22.485541089362705,1.0,0,0
bcb075,paypal,3,fat-tree-l,diablo,hop,8,16,10,4,0,59990,2487,0,200.0,8.3,136.28,144.05,2025-06-22 00:24:48.582,poa,14.58,13.65,23.40848989372407,1.0,0,0
bcb075,paypal,5,fat-tree-l,diablo,hop,8,16,10,4,0,59990,2471,0,200.0,8.2,135.13,130.5,2025-06-22 00:48:13.753,poa,14.58,13.65,23.512443307275845,1.0,0,0
bcb075,paypal,1,fat-tree-l,diablo,hop,8,16,10,4,0,59990,2419,0,200.0,8.1,129.67,115.98,2025-06-22 00:01:23.647,poa,14.58,13.65,20.792944934764297,1.0,0,0
bcb075,paypal,8,fat-tree-l,diablo,hop,8,16,10,4,0,59990,2390,0,200.0,8.0,134.27,128.92,2025-06-22 01:23:20.785,poa,14.58,13.65,22.355853344119602,1.0,0,0
bcb075,paypal,2,fat-tree-l,diablo,hop,8,16,10,4,0,59990,2470,0,200.0,8.2,143.46,145.12,2025-06-22 00:13:04.895,poa,14.58,13.65,21.49128492949845,1.0,0,0
bcb075,paypal,10,fat-tree-l,diablo,hop,8,16,10,4,0,59990,2387,0,200.0,8.0,128.87,127.66,2025-06-22 01:46:47.066,poa,14.58,13.65,20.315946849690143,1.0,0,0
fd5faf,dota,9,fat-tree-l,diablo,hop,8,16,10,4,0,3678700,262,0,13327.8,0.9,92.69,90.85,2025-06-22 10:31:03.689,poa,102.17,79.89,19.92503303333713,1.0,0,0
fd5faf,dota,6,fat-tree-l,diablo,hop,8,16,10,4,0,3678700,223,0,13328.6,0.8,90.1,86.97,2025-06-22 09:42:17.703,poa,102.17,79.89,27.72911496175421,1.0,0,0
fd5faf,dota,4,fat-tree-l,diablo,hop,8,16,10,4,0,3678700,257,0,13328.6,0.9,98.88,81.94,2025-06-22 09:10:26.587,poa,102.17,79.89,18.59629885859099,1.0,0,0
fd5faf,dota,7,fat-tree-l,diablo,hop,8,16,10,4,0,3678700,274,0,13328.6,1.0,88.4,86.69,2025-06-22 09:58:34.937,poa,102.17,79.89,17.527827255702665,1.0,0,0
fd5faf,dota,3,fat-tree-l,diablo,hop,8,16,10,4,0,3678700,251,0,13328.2,0.9,75.67,61.67,2025-06-22 08:54:30.322,poa,102.17,79.89,14.642699384864898,1.0,0,0
fd5faf,dota,5,fat-tree-l,diablo,hop,8,16,10,4,0,3678700,287,0,13328.5,1.0,104.26,116.97,2025-06-22 09:26:28.335,poa,102.17,79.89,24.165375851363297,1.0,0,0
fd5faf,dota,1,fat-tree-l,diablo,hop,8,16,10,4,0,3678700,310,0,13328.6,1.1,93.14,88.4,2025-06-22 08:22:13.923,poa,102.17,79.89,25.74414931151938,1.0,0,0
fd5faf,dota,8,fat-tree-l,diablo,hop,8,16,10,4,0,3678700,248,0,13328.6,0.9,102.56,107.12,2025-06-22 10:14:28.449,poa,102.17,79.89,14.544867144596012,1.0,0,0
fd5faf,dota,2,fat-tree-l,diablo,hop,8,16,10,4,0,3678700,248,0,13328.6,0.9,82.35,66.31,2025-06-22 08:38:09.312,poa,102.17,79.89,21.895781433333205,1.0,0,0
fd5faf,dota,10,fat-tree-l,diablo,hop,8,16,10,4,0,3678700,306,0,13327.9,1.1,90.62,74.9,2025-06-22 10:47:07.168,poa,102.17,79.89,23.26935876264976,1.0,0,0
d6d663,visa,9,fat-tree-l,diablo,hop,8,16,10,4,0,540000,2721,0,1800.0,9.1,151.15,136.39,2025-06-22 03:33:29.586,poa,31.94,29.69,29.665120461683752,1.0,0,0
d6d663,visa,6,fat-tree-l,diablo,hop,8,16,10,4,0,540000,2978,0,1800.0,9.9,146.36,137.67,2025-06-22 02:57:54.556,poa,31.94,29.69,19.129098882522644,1.0,0,0
d6d663,visa,4,fat-tree-l,diablo,hop,8,16,10,4,0,540000,3150,0,1800.0,10.5,130.04,121.03,2025-06-22 02:34:08.783,poa,31.94,29.69,18.348716086796053,1.0,0,0
d6d663,visa,7,fat-tree-l,diablo,hop,8,16,10,4,0,540000,2902,0,1800.0,9.7,123.92,106.78,2025-06-22 03:09:54.930,poa,31.94,29.69,24.950681130739714,1.0,0,0
d6d663,visa,3,fat-tree-l,diablo,hop,8,16,10,4,0,540000,2982,0,1800.0,9.9,143.72,150.78,2025-06-22 02:22:21.802,poa,31.94,29.69,26.619010642368757,1.0,0,0
d6d663,visa,5,fat-tree-l,diablo,hop,8,16,10,4,0,540000,3027,0,1800.0,10.1,136.8,137.14,2025-06-22 02:46:08.141,poa,31.94,29.69,18.21945317953468,1.0,0,0
d6d663,visa,1,fat-tree-l,diablo,hop,8,16,10,4,0,540000,2659,0,1800.0,8.9,135.38,122.23,2025-06-22 01:58:43.208,poa,31.94,29.69,21.934935102061434,1.0,0,0
d6d663,visa,8,fat-tree-l,diablo,hop,8,16,10,4,0,540000,2857,0,1799.5,9.5,129.97,121.79,2025-06-22 03:21:42.001,poa,31.94,29.69,28.55995215102244,1.0,0,0
d6d663,visa,2,fat-tree-l,diablo,hop,8,16,10,4,0,540000,2993,0,1800.0,10.0,128.2,121.35,2025-06-22 02:10:32.006,poa,31.94,29.69,22.377530966152523,1.0,0,0
d6d663,visa,10,fat-tree-l,diablo,hop,8,16,10,4,0,540000,2954,0,1800.0,9.8,137.04,136.64,2025-06-22 03:45:19.258,poa,31.94,29.69,20.953800463576567,1.0,0,0
e377d9,football,9,fat-tree-l,diablo,hop,8,16,10,4,0,4056130,581,0,39998.0,5.7,16.37,17.93,2025-06-22 07:50:14.084,poa,224.17,185.94,8.35172894513761,1.0,0,0
e377d9,football,6,fat-tree-l,diablo,hop,8,16,10,4,0,4056130,425,0,40159.3,4.2,16.43,17.22,2025-06-22 07:01:55.530,poa,224.17,185.94,10.033053789852097,1.0,0,0
e377d9,football,4,fat-tree-l,diablo,hop,8,16,10,4,0,4056130,153,0,40159.4,1.5,16.5,16.63,2025-06-22 06:29:45.628,poa,224.17,185.94,7.853321166108109,1.0,0,0
e377d9,football,7,fat-tree-l,diablo,hop,8,16,10,4,0,4056130,486,0,40157.8,4.8,33.09,33.82,2025-06-22 07:18:03.826,poa,224.17,185.94,9.40863130270494,1.0,0,0
e377d9,football,3,fat-tree-l,diablo,hop,8,16,10,4,0,4056130,268,0,40159.3,2.7,15.01,15.6,2025-06-22 06:13:36.540,poa,224.17,185.94,8.991051677237717,1.0,0,0
e377d9,football,5,fat-tree-l,diablo,hop,8,16,10,4,0,4056130,319,0,40159.4,3.2,13.93,9.93,2025-06-22 06:45:35.058,poa,224.17,185.94,9.209927581862335,1.0,0,0
e377d9,football,1,fat-tree-l,diablo,hop,8,16,10,4,0,4056130,440,0,40017.7,4.3,18.44,15.1,2025-06-22 05:41:14.050,poa,224.17,185.94,9.182700724915055,1.0,0,0
e377d9,football,8,fat-tree-l,diablo,hop,8,16,10,4,0,4056130,301,0,40159.4,3.0,28.8,28.32,2025-06-22 07:33:59.327,poa,224.17,185.94,7.302433658404136,1.0,0,0
e377d9,football,2,fat-tree-l,diablo,hop,8,16,10,4,0,4056130,107,0,40158.7,1.1,14.56,14.56,2025-06-22 05:56:59.460,poa,224.17,185.94,11.447426562772929,1.0,0,0
e377d9,football,10,fat-tree-l,diablo,hop,8,16,10,4,0,4056130,428,0,40156.7,4.2,13.7,12.27,2025-06-22 08:06:15.122,poa,224.17,185.94,9.77997553472753,1.0,0,0
7c7a02,10000,9,fat-tree-l,diablo,hop,8,16,10,4,0,1199990,1513,0,9999.9,12.6,62.53,59.19,2025-06-22 05:16:47.254,poa,145.48,134.97,7.963637079919193,1.0,0,0
7c7a02,10000,6,fat-tree-l,diablo,hop,8,16,10,4,0,1199990,1584,0,9999.9,13.2,66.21,74.11,2025-06-22 04:47:01.544,poa,145.48,134.97,13.810973902497603,1.0,0,0
7c7a02,10000,4,fat-tree-l,diablo,hop,8,16,10,4,0,1199990,1535,0,9999.8,12.8,61.37,59.05,2025-06-22 04:27:11.967,poa,145.48,134.97,9.952462645531433,1.0,0,0
7c7a02,10000,7,fat-tree-l,diablo,hop,8,16,10,4,0,1199990,1297,0,9999.9,10.8,48.35,45.92,2025-06-22 04:56:55.717,poa,145.48,134.97,11.093884278206446,1.0,0,0
7c7a02,10000,3,fat-tree-l,diablo,hop,8,16,10,4,0,1199990,985,0,9999.9,8.2,62.42,60.85,2025-06-22 04:17:15.862,poa,145.48,134.97,8.704958116147814,1.0,0,0
7c7a02,10000,5,fat-tree-l,diablo,hop,8,16,10,4,0,1199990,1805,0,9999.9,15.0,67.51,59.2,2025-06-22 04:37:08.116,poa,145.48,134.97,11.919357851822761,1.0,0,0
7c7a02,10000,1,fat-tree-l,diablo,hop,8,16,10,4,0,1199990,1371,0,9999.2,11.4,72.52,74.06,2025-06-22 03:57:26.293,poa,145.48,134.97,9.043252454686984,1.0,0,0
7c7a02,10000,8,fat-tree-l,diablo,hop,8,16,10,4,0,1199990,1530,0,9999.9,12.7,49.71,45.86,2025-06-22 05:06:51.762,poa,145.48,134.97,9.454986274698138,1.0,0,0
7c7a02,10000,2,fat-tree-l,diablo,hop,8,16,10,4,0,1199990,1501,0,9999.9,12.5,51.65,45.37,2025-06-22 04:07:22.047,poa,145.48,134.97,7.746359743833854,1.0,0,0
7c7a02,10000,10,fat-tree-l,diablo,hop,8,16,10,4,0,1199990,1344,0,9999.9,11.2,61.64,60.25,2025-06-22 05:26:43.809,poa,145.48,134.97,10.705473156328717,1.0,0,0
4d076e,football,1,full-mesh,diablo,hop,8,16,10,4,0,4056130,205,0,40084.7,2.0,24.13,27.87,2024-06-11 07:37:49.951,poa,45.43,40.29,10.48008604673432,1.0,0,0
4d076e,football,2,full-mesh,diablo,hop,8,16,10,4,0,4056130,246,0,40156.8,2.4,19.36,18.95,2024-06-11 07:54:13.887,poa,45.43,40.29,10.612589320222027,1.0,0,0
3c2d14,visa,1,full-mesh,diablo,hop,8,16,10,4,0,540000,2544,0,1800.0,8.5,149.18,150.5,2024-06-11 06:47:53.824,poa,6.13,5.75,22.558192132751675,1.0,0,0
3c2d14,visa,2,full-mesh,diablo,hop,8,16,10,4,0,540000,2648,0,1800.0,8.8,145.04,150.24,2024-06-11 06:59:52.264,poa,6.13,5.75,18.56069657832086,1.0,0,0
69ba48,paypal,1,full-mesh,diablo,hop,8,16,10,4,0,59990,2369,0,200.0,7.9,138.79,128.3,2024-06-11 06:04:52.540,poa,1.57,1.39,20.63842310467454,1.0,0,0
69ba48,paypal,2,full-mesh,diablo,hop,8,16,10,4,0,59990,2388,0,200.0,8.0,135.41,130.43,2024-06-11 06:16:35.481,poa,1.57,1.39,27.06077763232807,1.0,0,0
b06846,dota,1,full-mesh,diablo,hop,8,16,10,4,0,3678700,228,0,13320.9,0.8,93.84,105.03,2024-06-11 08:09:28.157,poa,20.66,16.42,15.418482115844874,1.0,0,0
b06846,dota,2,full-mesh,diablo,hop,8,16,10,4,0,3678700,285,0,13328.0,1.0,92.56,92.6,2024-06-11 08:25:28.939,poa,20.66,16.42,18.830449884844214,1.0,0,0
caad24,gafam,1,full-mesh,diablo,hop,8,16,10,4,0,30320,1331,0,167.7,7.4,95.85,86.54,2024-06-11 06:28:22.567,poa,4.7,4.26,17.752191057212606,1.0,0,0
caad24,gafam,2,full-mesh,diablo,hop,8,16,10,4,0,30320,1516,0,167.7,8.4,85.07,85.95,2024-06-11 06:38:18.016,poa,4.7,4.26,14.841935747268325,1.0,0,0
94333c,10000,1,full-mesh,diablo,hop,8,16,10,4,0,1199990,1512,0,9999.9,12.6,62.18,56.75,2024-06-11 07:12:09.490,poa,28.27,27.38,8.001375601082445,1.0,0,0
94333c,10000,2,full-mesh,diablo,hop,8,16,10,4,0,1199990,984,0,9999.9,8.2,56.17,58.05,2024-06-11 07:22:02.429,poa,28.27,27.38,9.991658898166724,1.0,0,0
86eb9c,gafam,9,full-mesh,diablo,hop,8,16,10,4,0,30320,1260,0,167.7,7.0,88.16,87.07,2025-06-18 21:48:20.186,poa,6.96,6.2,17.301359165909382,1.0,0,0
86eb9c,gafam,6,full-mesh,diablo,hop,8,16,10,4,0,30320,1334,0,167.7,7.4,98.66,102.55,2025-06-18 21:19:20.602,poa,6.96,6.2,14.806988477996574,1.0,0,0
86eb9c,gafam,4,full-mesh,diablo,hop,8,16,10,4,0,30320,1111,0,167.7,6.1,91.88,86.78,2025-06-18 20:59:48.453,poa,6.96,6.2,12.721689649701348,1.0,0,0
86eb9c,gafam,7,full-mesh,diablo,hop,8,16,10,4,0,30320,1391,0,167.7,7.7,91.87,72.31,2025-06-18 21:29:02.113,poa,6.96,6.2,14.678936520443273,1.0,0,0
86eb9c,gafam,3,full-mesh,diablo,hop,8,16,10,4,0,30320,1298,0,167.7,7.2,88.02,71.98,2025-06-18 20:50:06.596,poa,6.96,6.2,13.531148206881891,1.0,0,0
86eb9c,gafam,5,full-mesh,diablo,hop,8,16,10,4,0,30320,1148,0,167.7,6.3,93.17,86.81,2025-06-18 21:09:14.192,poa,6.96,6.2,11.732334117818468,1.0,0,0
86eb9c,gafam,1,full-mesh,diablo,hop,8,16,10,4,0,30320,1377,0,167.7,7.6,99.07,101.37,2025-06-18 20:30:25.636,poa,6.96,6.2,16.598075180223894,1.0,0,0
86eb9c,gafam,8,full-mesh,diablo,hop,8,16,10,4,0,30320,1146,0,167.7,6.3,89.9,86.84,2025-06-18 21:38:54.274,poa,6.96,6.2,15.883498406674052,1.0,0,0
86eb9c,gafam,2,full-mesh,diablo,hop,8,16,10,4,0,30320,1507,0,167.7,8.3,96.72,86.45,2025-06-18 20:40:23.711,poa,6.96,6.2,16.955881391161515,1.0,0,0
86eb9c,gafam,10,full-mesh,diablo,hop,8,16,10,4,0,30320,1446,0,167.7,8.0,87.48,72.41,2025-06-18 21:58:15.891,poa,6.96,6.2,12.537339008494406,1.0,0,0
67c80e,paypal,9,full-mesh,diablo,hop,8,16,10,4,0,59990,2369,0,200.0,7.9,137.97,130.95,2025-06-18 23:41:26.495,poa,14.57,13.72,23.115082130147687,1.0,0,0
67c80e,paypal,6,full-mesh,diablo,hop,8,16,10,4,0,59990,2382,0,200.0,7.9,135.76,144.71,2025-06-18 23:06:19.126,poa,14.57,13.72,20.45750356654343,1.0,0,0
67c80e,paypal,4,full-mesh,diablo,hop,8,16,10,4,0,59990,2430,0,200.0,8.1,136.39,130.25,2025-06-18 22:42:43.675,poa,14.57,13.72,25.31173571523745,1.0,0,0
67c80e,paypal,7,full-mesh,diablo,hop,8,16,10,4,0,59990,2489,0,200.0,8.3,137.85,130.24,2025-06-18 23:18:00.786,poa,14.57,13.72,22.51859385289881,1.0,0,0
67c80e,paypal,3,full-mesh,diablo,hop,8,16,10,4,0,59990,2409,0,200.0,8.0,132.83,130.33,2025-06-18 22:31:02.303,poa,14.57,13.72,22.127359120924048,1.0,0,0
67c80e,paypal,5,full-mesh,diablo,hop,8,16,10,4,0,59990,2375,0,200.0,7.9,138.94,130.02,2025-06-18 22:54:35.682,poa,14.57,13.72,25.955870486169395,1.0,0,0
67c80e,paypal,1,full-mesh,diablo,hop,8,16,10,4,0,59990,2378,0,200.0,7.9,136.65,131.32,2025-06-18 22:07:38.240,poa,14.57,13.72,21.943947298777317,1.0,0,0
67c80e,paypal,8,full-mesh,diablo,hop,8,16,10,4,0,59990,2369,0,200.0,7.9,132.78,130.57,2025-06-18 23:29:44.419,poa,14.57,13.72,19.43346145892016,1.0,0,0
67c80e,paypal,2,full-mesh,diablo,hop,8,16,10,4,0,59990,2461,0,200.0,8.2,143.32,144.5,2025-06-18 22:19:20.031,poa,14.57,13.72,17.828581855637434,1.0,0,0
67c80e,paypal,10,full-mesh,diablo,hop,8,16,10,4,0,59990,2422,0,200.0,8.1,137.59,129.52,2025-06-18 23:53:07.959,poa,14.57,13.72,19.774808767357893,1.0,0,0
038a8d,dota,9,full-mesh,diablo,hop,8,16,10,4,0,3678700,268,0,13328.6,1.0,107.15,78.2,2025-06-19 08:36:53.017,poa,91.76,70.71,26.93932473860408,1.0,0,0
038a8d,dota,6,full-mesh,diablo,hop,8,16,10,4,0,3678700,226,0,13328.4,0.8,73.16,75.54,2025-06-19 07:48:34.460,poa,91.76,70.71,16.443950432159106,1.0,0,0
038a8d,dota,4,full-mesh,diablo,hop,8,16,10,4,0,3678700,251,0,13321.2,0.9,83.88,71.65,2025-06-19 07:16:28.678,poa,91.76,70.71,21.826619537300516,1.0,0,0
038a8d,dota,7,full-mesh,diablo,hop,8,16,10,4,0,3678700,253,0,13328.6,0.9,87.58,86.72,2025-06-19 08:04:51.571,poa,91.76,70.71,20.174656316254364,1.0,0,0
038a8d,dota,3,full-mesh,diablo,hop,8,16,10,4,0,3678700,209,0,13328.6,0.8,87.72,85.77,2025-06-19 07:00:25.806,poa,91.76,70.71,21.642959394403906,1.0,0,0
038a8d,dota,5,full-mesh,diablo,hop,8,16,10,4,0,3678700,200,0,13328.6,0.7,86.95,87.8,2025-06-19 07:32:32.313,poa,91.76,70.71,22.178929048367113,1.0,0,0
038a8d,dota,1,full-mesh,diablo,hop,8,16,10,4,0,3678700,252,0,13328.6,0.9,96.99,90.61,2025-06-19 06:28:14.505,poa,91.76,70.71,21.215075865754997,1.0,0,0
038a8d,dota,8,full-mesh,diablo,hop,8,16,10,4,0,3678700,195,0,13328.6,0.7,88.56,87.98,2025-06-19 08:20:54.012,poa,91.76,70.71,18.51233089685712,1.0,0,0
038a8d,dota,2,full-mesh,diablo,hop,8,16,10,4,0,3678700,223,0,13328.6,0.8,82.34,87.81,2025-06-19 06:44:19.230,poa,91.76,70.71,18.137392728011594,1.0,0,0
038a8d,dota,10,full-mesh,diablo,hop,8,16,10,4,0,3678700,269,0,13328.6,1.0,91.98,77.34,2025-06-19 08:52:59.051,poa,91.76,70.71,20.438795201949375,1.0,0,0
78aff3,visa,9,full-mesh,diablo,hop,8,16,10,4,0,540000,2515,0,1800.0,8.4,145.08,136.38,2025-06-19 01:39:33.130,poa,30.41,28.4,19.18126659856603,1.0,0,0
78aff3,visa,6,full-mesh,diablo,hop,8,16,10,4,0,540000,2558,0,1800.0,8.5,151.87,152.2,2025-06-19 01:04:06.594,poa,30.41,28.4,25.124230242395942,1.0,0,0
78aff3,visa,4,full-mesh,diablo,hop,8,16,10,4,0,540000,2510,0,1800.0,8.4,134.03,122.95,2025-06-19 00:40:29.871,poa,30.41,28.4,17.884939792736215,1.0,0,0
78aff3,visa,7,full-mesh,diablo,hop,8,16,10,4,0,540000,2604,0,1800.0,8.7,145.56,137.39,2025-06-19 01:15:55.689,poa,30.41,28.4,28.05067018863878,1.0,0,0
78aff3,visa,3,full-mesh,diablo,hop,8,16,10,4,0,540000,2699,0,1800.0,9.0,135.65,122.72,2025-06-19 00:28:42.226,poa,30.41,28.4,21.016788790491372,1.0,0,0
78aff3,visa,5,full-mesh,diablo,hop,8,16,10,4,0,540000,2689,0,1800.0,9.0,130.44,106.81,2025-06-19 00:52:18.859,poa,30.41,28.4,24.80568420401719,1.0,0,0
78aff3,visa,1,full-mesh,diablo,hop,8,16,10,4,0,540000,2584,0,1800.0,8.6,145.76,137.59,2025-06-19 00:05:04.410,poa,30.41,28.4,26.44967932382627,1.0,0,0
78aff3,visa,8,full-mesh,diablo,hop,8,16,10,4,0,540000,2525,0,1800.0,8.4,147.78,151.24,2025-06-19 01:27:45.942,poa,30.41,28.4,22.245192849369115,1.0,0,0
78aff3,visa,2,full-mesh,diablo,hop,8,16,10,4,0,540000,2731,0,1800.0,9.1,146.43,137.42,2025-06-19 00:16:54.702,poa,30.41,28.4,22.98819989128623,1.0,0,0
78aff3,visa,10,full-mesh,diablo,hop,8,16,10,4,0,540000,2541,0,1800.0,8.5,148.76,152.26,2025-06-19 01:51:31.211,poa,30.41,28.4,19.350595258270022,1.0,0,0
1f69b6,football,9,full-mesh,diablo,hop,8,16,10,4,0,4056130,278,0,35107.2,2.4,24.21,24.21,2025-06-19 05:56:00.982,poa,196.83,161.81,9.58675443827946,1.0,0,0
1f69b6,football,6,full-mesh,diablo,hop,8,16,10,4,0,4056130,321,0,40159.3,3.2,12.95,9.31,2025-06-19 05:07:52.367,poa,196.83,161.81,7.079853594597871,1.0,0,0
1f69b6,football,4,full-mesh,diablo,hop,8,16,10,4,0,4056130,499,0,40159.4,4.9,6.44,4.17,2025-06-19 04:35:48.428,poa,196.83,161.81,10.179750727795437,1.0,0,0
1f69b6,football,7,full-mesh,diablo,hop,8,16,10,4,0,4056130,237,0,40068.0,2.3,11.93,6.75,2025-06-19 05:23:55.473,poa,196.83,161.81,9.29859960704675,1.0,0,0
1f69b6,football,3,full-mesh,diablo,hop,8,16,10,4,0,4056130,317,0,39785.9,3.1,12.3,17.12,2025-06-19 04:19:36.134,poa,196.83,161.81,10.134678406543083,1.0,0,0
1f69b6,football,5,full-mesh,diablo,hop,8,16,10,4,0,4056130,296,0,40159.3,2.9,25.11,26.51,2025-06-19 04:51:50.524,poa,196.83,161.81,11.18176619540588,1.0,0,0
1f69b6,football,1,full-mesh,diablo,hop,8,16,10,4,0,4056130,402,0,40159.1,4.0,26.05,26.82,2025-06-19 03:47:22.779,poa,196.83,161.81,8.813207060021329,1.0,0,0
1f69b6,football,8,full-mesh,diablo,hop,8,16,10,4,0,4056130,311,0,33679.3,2.6,16.46,20.77,2025-06-19 05:39:46.011,poa,196.83,161.81,7.515829081958034,1.0,0,0
1f69b6,football,2,full-mesh,diablo,hop,8,16,10,4,0,4056130,412,0,37469.2,3.8,28.24,30.53,2025-06-19 04:03:34.032,poa,196.83,161.81,6.1172379911799295,1.0,0,0
1f69b6,football,10,full-mesh,diablo,hop,8,16,10,4,0,4056130,322,0,40159.4,3.2,28.35,22.47,2025-06-19 06:12:16.328,poa,196.83,161.81,10.215116268879722,1.0,0,0
a4562a,10000,9,full-mesh,diablo,hop,8,16,10,4,0,1199990,882,0,9999.9,7.3,49.02,45.36,2025-06-19 03:23:09.864,poa,125.82,117.7,13.66116419314146,1.0,0,0
a4562a,10000,6,full-mesh,diablo,hop,8,16,10,4,0,1199990,864,0,9999.9,7.2,59.65,60.66,2025-06-19 02:53:18.646,poa,125.82,117.7,8.585722029430364,1.0,0,0
a4562a,10000,4,full-mesh,diablo,hop,8,16,10,4,0,1199990,1347,0,9999.7,11.2,57.3,47.23,2025-06-19 02:33:24.841,poa,125.82,117.7,10.712021689097114,1.0,0,0
a4562a,10000,7,full-mesh,diablo,hop,8,16,10,4,0,1199990,1115,0,9999.9,9.3,51.01,46.29,2025-06-19 03:03:14.817,poa,125.82,117.7,11.230618405974047,1.0,0,0
a4562a,10000,3,full-mesh,diablo,hop,8,16,10,4,0,1199990,1384,0,9999.9,11.5,54.07,46.63,2025-06-19 02:23:31.471,poa,125.82,117.7,11.158829416931454,1.0,0,0
a4562a,10000,5,full-mesh,diablo,hop,8,16,10,4,0,1199990,911,0,9999.9,7.6,58.61,61.1,2025-06-19 02:43:21.919,poa,125.82,117.7,7.92894078136408,1.0,0,0
a4562a,10000,1,full-mesh,diablo,hop,8,16,10,4,0,1199990,1449,0,9999.4,12.1,66.5,69.03,2025-06-19 02:03:39.578,poa,125.82,117.7,9.383857496548575,1.0,0,0
a4562a,10000,8,full-mesh,diablo,hop,8,16,10,4,0,1199990,1003,0,9991.9,8.4,52.52,61.39,2025-06-19 03:13:11.494,poa,125.82,117.7,12.467511129432788,1.0,0,0
a4562a,10000,2,full-mesh,diablo,hop,8,16,10,4,0,1199990,1493,0,9999.7,12.4,64.7,75.36,2025-06-19 02:13:35.565,poa,125.82,117.7,10.618351016925233,1.0,0,0
a4562a,10000,10,full-mesh,diablo,hop,8,16,10,4,0,1199990,968,0,9999.9,8.1,53.0,46.05,2025-06-19 03:33:04.517,poa,125.82,117.7,11.9631447208613,1.0,0,0
c2881a,football,1,hypercube,diablo,hop,8,16,10,4,0,4056130,500,0,40013.4,4.9,20.78,19.6,2024-06-07 03:23:08.179,poa,51.2,45.94,9.888622255539065,1.0,0,0
c2881a,football,2,hypercube,diablo,hop,8,16,10,4,0,4056130,358,0,40156.0,3.5,10.48,10.05,2024-06-07 03:38:52.731,poa,51.2,45.94,8.525320369709563,1.0,0,0
5b35e0,visa,1,hypercube,diablo,hop,8,16,10,4,0,540000,2652,0,1800.0,8.8,140.49,135.01,2024-06-07 02:33:47.545,poa,5.58,5.22,18.53874389720554,1.0,0,0
5b35e0,visa,2,hypercube,diablo,hop,8,16,10,4,0,540000,2561,0,1800.0,8.5,140.21,135.69,2024-06-07 02:45:33.840,poa,5.58,5.22,21.02980276258259,1.0,0,0
f5f1f8,paypal,1,hypercube,diablo,hop,8,16,10,4,0,59990,2496,0,200.0,8.3,144.8,144.67,2024-06-07 01:50:48.598,poa,1.64,1.47,22.498116855910812,1.0,0,0
f5f1f8,paypal,2,hypercube,diablo,hop,8,16,10,4,0,59990,2416,0,200.0,8.1,135.6,130.65,2024-06-07 02:02:29.556,poa,1.64,1.47,22.709817372242227,1.0,0,0
686f1e,dota,1,hypercube,diablo,hop,8,16,10,4,0,3678700,379,0,13328.3,1.4,135.88,144.54,2024-06-07 03:54:37.322,poa,22.51,19.01,18.59072966958145,1.0,0,0
686f1e,dota,2,hypercube,diablo,hop,8,16,10,4,0,3678700,241,0,13327.5,0.9,81.18,80.14,2024-06-07 04:10:40.378,poa,22.51,19.01,26.76107693833142,1.0,0,0
744522,gafam,1,hypercube,diablo,hop,8,16,10,4,0,30320,1359,0,167.7,7.5,96.3,86.46,2024-06-07 02:14:29.547,poa,5.0,4.6,14.637710321037709,1.0,0,0
744522,gafam,2,hypercube,diablo,hop,8,16,10,4,0,30320,1077,0,167.7,6.0,92.74,86.73,2024-06-07 02:24:10.509,poa,5.0,4.6,13.397173612118152,1.0,0,0
82237c,10000,1,hypercube,diablo,hop,8,16,10,4,0,1199990,1281,0,9999.9,10.7,66.91,74.14,2024-06-07 02:57:38.906,poa,27.22,25.9,9.917684131583604,1.0,0,0
82237c,10000,2,hypercube,diablo,hop,8,16,10,4,0,1199990,1673,0,9999.9,13.9,58.51,44.95,2024-06-07 03:07:32.720,poa,27.22,25.9,11.375278222284988,1.0,0,0
fbc8e5,gafam,2,hypercube,diablo,hop,8,16,10,4,0,30320,1322,0,167.7,7.3,91.42,86.75,2025-06-22 23:11:52.013,poa,8.05,7.29,10.322272148256014,1.0,0,0
fbc8e5,gafam,8,hypercube,diablo,hop,8,16,10,4,0,30320,1253,0,167.7,6.9,98.91,102.71,2025-06-23 00:10:27.350,poa,8.05,7.29,14.793687392332904,1.0,0,0
fbc8e5,gafam,5,hypercube,diablo,hop,8,16,10,4,0,30320,1524,0,167.7,8.4,94.23,88.36,2025-06-22 23:41:05.001,poa,8.05,7.29,18.350235528313988,1.0,0,0
fbc8e5,gafam,1,hypercube,diablo,hop,8,16,10,4,0,30320,1529,0,167.7,8.5,92.11,88.25,2025-06-22 23:02:11.072,poa,8.05,7.29,11.404697587887476,1.0,0,0
fbc8e5,gafam,6,hypercube,diablo,hop,8,16,10,4,0,30320,1217,0,167.7,6.7,96.48,87.43,2025-06-22 23:50:46.623,poa,8.05,7.29,15.744449356269714,1.0,0,0
fbc8e5,gafam,7,hypercube,diablo,hop,8,16,10,4,0,30320,1354,0,167.7,7.5,99.77,116.86,2025-06-23 00:00:37.127,poa,8.05,7.29,14.931473301964418,1.0,0,0
fbc8e5,gafam,10,hypercube,diablo,hop,8,16,10,4,0,30320,1462,0,167.7,8.1,102.33,117.9,2025-06-23 00:29:34.074,poa,8.05,7.29,14.703056698073985,1.0,0,0
fbc8e5,gafam,4,hypercube,diablo,hop,8,16,10,4,0,30320,1513,0,167.7,8.4,105.14,117.82,2025-06-22 23:30:59.513,poa,8.05,7.29,14.809778903501464,1.0,0,0
fbc8e5,gafam,3,hypercube,diablo,hop,8,16,10,4,0,30320,1299,0,167.7,7.2,88.99,88.54,2025-06-22 23:21:31.710,poa,8.05,7.29,13.90428383292774,1.0,0,0
fbc8e5,gafam,9,hypercube,diablo,hop,8,16,10,4,0,30320,1306,0,167.7,7.2,98.1,117.51,2025-06-23 00:20:07.435,poa,8.05,7.29,13.853971754321275,1.0,0,0
9b3a4e,10000,2,hypercube,diablo,hop,8,16,10,4,0,1199990,1397,0,9999.6,11.6,66.54,80.16,2025-06-23 04:44:24.215,poa,120.29,114.02,11.00576563856241,1.0,0,0
9b3a4e,10000,8,hypercube,diablo,hop,8,16,10,4,0,1199990,1311,0,9982.9,10.9,64.73,63.02,2025-06-23 05:43:49.996,poa,120.29,114.02,10.483072156605507,1.0,0,0
9b3a4e,10000,5,hypercube,diablo,hop,8,16,10,4,0,1199990,1007,0,9999.9,8.4,46.22,50.85,2025-06-23 05:14:04.200,poa,120.29,114.02,11.749169160721621,1.0,0,0
9b3a4e,10000,1,hypercube,diablo,hop,8,16,10,4,0,1199990,1229,0,9999.8,10.2,51.57,49.94,2025-06-23 04:34:29.475,poa,120.29,114.02,9.06563172820863,1.0,0,0
9b3a4e,10000,6,hypercube,diablo,hop,8,16,10,4,0,1199990,1045,0,9999.9,8.7,54.4,62.13,2025-06-23 05:24:00.877,poa,120.29,114.02,11.400919829059259,1.0,0,0
9b3a4e,10000,7,hypercube,diablo,hop,8,16,10,4,0,1199990,1091,0,9999.9,9.1,55.23,50.15,2025-06-23 05:33:52.884,poa,120.29,114.02,12.665083964878106,1.0,0,0
9b3a4e,10000,10,hypercube,diablo,hop,8,16,10,4,0,1199990,1369,0,9999.9,11.4,60.19,62.32,2025-06-23 06:03:41.557,poa,120.29,114.02,8.941377161518936,1.0,0,0
9b3a4e,10000,4,hypercube,diablo,hop,8,16,10,4,0,1199990,1566,0,9989.0,13.0,51.76,35.84,2025-06-23 05:04:08.788,poa,120.29,114.02,9.645767624395617,1.0,0,0
9b3a4e,10000,3,hypercube,diablo,hop,8,16,10,4,0,1199990,1656,0,9984.9,13.8,63.72,65.49,2025-06-23 04:54:16.742,poa,120.29,114.02,10.93611193367723,1.0,0,0
9b3a4e,10000,9,hypercube,diablo,hop,8,16,10,4,0,1199990,1121,0,9999.9,9.3,56.7,51.04,2025-06-23 05:53:43.512,poa,120.29,114.02,9.045255794208574,1.0,0,0
ad59f6,visa,2,hypercube,diablo,hop,8,16,10,4,0,540000,2869,0,1800.0,9.6,122.15,108.64,2025-06-23 02:48:06.347,poa,32.24,30.43,20.834085920564544,1.0,0,0
ad59f6,visa,8,hypercube,diablo,hop,8,16,10,4,0,540000,2934,0,1800.0,9.8,138.65,138.97,2025-06-23 03:58:43.387,poa,32.24,30.43,20.091103322544924,1.0,0,0
ad59f6,visa,5,hypercube,diablo,hop,8,16,10,4,0,540000,2696,0,1800.0,9.0,120.4,95.62,2025-06-23 03:23:23.684,poa,32.24,30.43,20.076957346016908,1.0,0,0
ad59f6,visa,1,hypercube,diablo,hop,8,16,10,4,0,540000,2685,0,1800.0,8.9,131.96,125.25,2025-06-23 02:36:18.999,poa,32.24,30.43,18.525522824951977,1.0,0,0
ad59f6,visa,6,hypercube,diablo,hop,8,16,10,4,0,540000,2649,0,1800.0,8.8,134.34,123.88,2025-06-23 03:35:11.853,poa,32.24,30.43,24.655808203918227,1.0,0,0
ad59f6,visa,7,hypercube,diablo,hop,8,16,10,4,0,540000,2508,0,1800.0,8.4,132.36,124.24,2025-06-23 03:46:57.240,poa,32.24,30.43,19.800685841872003,1.0,0,0
ad59f6,visa,10,hypercube,diablo,hop,8,16,10,4,0,540000,2683,0,1800.0,8.9,139.5,124.78,2025-06-23 04:22:28.246,poa,32.24,30.43,24.72065337992604,1.0,0,0
ad59f6,visa,4,hypercube,diablo,hop,8,16,10,4,0,540000,2888,0,1800.0,9.6,132.18,123.68,2025-06-23 03:11:38.693,poa,32.24,30.43,23.026895323155266,1.0,0,0
ad59f6,visa,3,hypercube,diablo,hop,8,16,10,4,0,540000,2728,0,1800.0,9.1,130.68,124.9,2025-06-23 02:59:51.331,poa,32.24,30.43,26.23200213149016,1.0,0,0
ad59f6,visa,9,hypercube,diablo,hop,8,16,10,4,0,540000,2632,0,1800.0,8.8,135.13,124.64,2025-06-23 04:10:30.880,poa,32.24,30.43,25.6814497225839,1.0,0,0
d46ae2,football,2,hypercube,diablo,hop,8,16,10,4,0,4056130,246,0,40159.3,2.4,45.45,26.38,2025-06-23 06:33:02.859,poa,196.27,167.29,9.870712290542437,1.0,0,0
d46ae2,football,8,hypercube,diablo,hop,8,16,10,4,0,4056130,313,0,39072.7,3.0,17.99,12.79,2025-06-23 08:09:17.722,poa,196.27,167.29,10.723832987314244,1.0,0,0
d46ae2,football,5,hypercube,diablo,hop,8,16,10,4,0,4056130,420,0,40070.0,4.1,30.46,25.32,2025-06-23 07:21:18.544,poa,196.27,167.29,6.707539283746658,1.0,0,0
d46ae2,football,1,hypercube,diablo,hop,8,16,10,4,0,4056130,283,0,32383.5,2.3,14.43,16.6,2025-06-23 06:17:22.288,poa,196.27,167.29,8.591150169653751,1.0,0,0
d46ae2,football,6,hypercube,diablo,hop,8,16,10,4,0,4056130,207,0,39995.0,2.0,15.54,15.07,2025-06-23 07:37:13.966,poa,196.27,167.29,7.7850948857041775,1.0,0,0
d46ae2,football,7,hypercube,diablo,hop,8,16,10,4,0,4056130,116,0,40159.3,1.1,26.13,27.25,2025-06-23 07:53:30.423,poa,196.27,167.29,10.628563703881076,1.0,0,0
d46ae2,football,10,hypercube,diablo,hop,8,16,10,4,0,4056130,255,0,40118.7,2.5,24.88,20.12,2025-06-23 08:41:44.199,poa,196.27,167.29,9.70507244388232,1.0,0,0
d46ae2,football,4,hypercube,diablo,hop,8,16,10,4,0,4056130,466,0,35614.6,4.1,23.14,21.19,2025-06-23 07:04:57.549,poa,196.27,167.29,9.55353575305238,1.0,0,0
d46ae2,football,3,hypercube,diablo,hop,8,16,10,4,0,4056130,394,0,39925.7,3.9,24.75,17.38,2025-06-23 06:49:21.611,poa,196.27,167.29,10.643749652290747,1.0,0,0
d46ae2,football,9,hypercube,diablo,hop,8,16,10,4,0,4056130,363,0,40159.3,3.6,24.35,25.94,2025-06-23 08:25:36.830,poa,196.27,167.29,6.966744795918055,1.0,0,0
d7b2c3,dota,2,hypercube,diablo,hop,8,16,10,4,0,3678700,245,0,13328.6,0.9,92.92,90.63,2025-06-23 09:13:17.365,poa,92.51,73.34,20.99820071087792,1.0,0,0
d7b2c3,dota,8,hypercube,diablo,hop,8,16,10,4,0,3678700,210,0,13328.6,0.8,104.26,89.69,2025-06-23 10:50:07.616,poa,92.51,73.34,21.233895953028387,1.0,0,0
d7b2c3,dota,5,hypercube,diablo,hop,8,16,10,4,0,3678700,257,0,13328.5,0.9,91.88,89.68,2025-06-23 10:01:38.790,poa,92.51,73.34,21.7849381074498,1.0,0,0
d7b2c3,dota,1,hypercube,diablo,hop,8,16,10,4,0,3678700,191,0,13328.6,0.7,88.17,90.15,2025-06-23 08:57:32.154,poa,92.51,73.34,23.35432426524168,1.0,0,0
d7b2c3,dota,6,hypercube,diablo,hop,8,16,10,4,0,3678700,260,0,13328.1,0.9,75.48,58.65,2025-06-23 10:17:56.765,poa,92.51,73.34,21.6297555891782,1.0,0,0
d7b2c3,dota,7,hypercube,diablo,hop,8,16,10,4,0,3678700,226,0,13328.6,0.8,85.88,80.54,2025-06-23 10:34:15.453,poa,92.51,73.34,20.245339627319936,1.0,0,0
d7b2c3,dota,10,hypercube,diablo,hop,8,16,10,4,0,3678700,288,0,13324.0,1.0,106.48,106.58,2025-06-23 11:22:06.906,poa,92.51,73.34,17.59149371704167,1.0,0,0
d7b2c3,dota,4,hypercube,diablo,hop,8,16,10,4,0,3678700,203,0,13328.5,0.7,82.98,73.61,2025-06-23 09:45:54.885,poa,92.51,73.34,18.81225516194371,1.0,0,0
d7b2c3,dota,3,hypercube,diablo,hop,8,16,10,4,0,3678700,288,0,13328.6,1.0,88.64,84.05,2025-06-23 09:29:34.953,poa,92.51,73.34,21.087264979495814,1.0,0,0
d7b2c3,dota,9,hypercube,diablo,hop,8,16,10,4,0,3678700,235,0,13328.6,0.9,102.62,104.06,2025-06-23 11:05:53.944,poa,92.51,73.34,18.58545477745237,1.0,0,0
f59c23,paypal,2,hypercube,diablo,hop,8,16,10,4,0,59990,2408,0,200.0,8.0,135.78,129.51,2025-06-23 00:50:52.051,poa,15.09,14.2,22.754725637613532,1.0,0,0
f59c23,paypal,8,hypercube,diablo,hop,8,16,10,4,0,59990,2375,0,200.0,7.9,135.9,130.79,2025-06-23 02:00:59.933,poa,15.09,14.2,24.816599253290494,1.0,0,0
f59c23,paypal,5,hypercube,diablo,hop,8,16,10,4,0,59990,2431,0,200.0,8.1,140.68,144.37,2025-06-23 01:25:57.419,poa,15.09,14.2,19.34399599247882,1.0,0,0
f59c23,paypal,1,hypercube,diablo,hop,8,16,10,4,0,59990,2444,0,200.0,8.1,135.32,144.89,2025-06-23 00:39:11.598,poa,15.09,14.2,24.836702625933135,1.0,0,0
f59c23,paypal,6,hypercube,diablo,hop,8,16,10,4,0,59990,2640,0,200.0,8.8,142.72,130.96,2025-06-23 01:37:37.986,poa,15.09,14.2,20.550694026511703,1.0,0,0
f59c23,paypal,7,hypercube,diablo,hop,8,16,10,4,0,59990,2437,0,200.0,8.1,138.14,132.4,2025-06-23 01:49:19.935,poa,15.09,14.2,23.3098064732633,1.0,0,0
f59c23,paypal,10,hypercube,diablo,hop,8,16,10,4,0,59990,2441,0,200.0,8.1,138.27,131.56,2025-06-23 02:24:25.158,poa,15.09,14.2,25.431660604446947,1.0,0,0
f59c23,paypal,4,hypercube,diablo,hop,8,16,10,4,0,59990,2394,0,200.0,8.0,132.6,127.55,2025-06-23 01:14:17.138,poa,15.09,14.2,20.468599935703946,1.0,0,0
f59c23,paypal,3,hypercube,diablo,hop,8,16,10,4,0,59990,2400,0,200.0,8.0,131.35,129.54,2025-06-23 01:02:34.474,poa,15.09,14.2,19.401937765790134,1.0,0,0
f59c23,paypal,9,hypercube,diablo,hop,8,16,10,4,0,59990,2381,0,200.0,7.9,130.6,131.38,2025-06-23 02:12:42.697,poa,15.09,14.2,23.105092331322435,1.0,0,0
db0ea7,10000,1,scale-free-l,diablo,hop,8,16,10,4,0,1199990,2364,0,9999.9,19.7,50.57,48.9,2024-05-27 20:26:23.541,poa,17.48,15.98,11.468877175587847,1.0,0,0
b22eda,football,1,scale-free-l,diablo,hop,8,16,10,4,0,4056130,608,0,40073.5,6.0,22.31,25.74,2024-05-27 20:39:53.694,poa,28.45,24.55,8.279106297383855,1.0,0,0
36bd95,dota,1,scale-free-l,diablo,hop,8,16,10,4,0,3678700,173,0,13327.1,0.6,101.88,90.76,2024-05-27 20:55:33.988,poa,13.36,10.8,19.907846104290854,1.0,0,0
8563ba,gafam,1,scale-free-l,diablo,hop,8,16,10,4,0,30320,1667,0,167.7,9.2,89.22,86.41,2024-05-27 20:04:51.693,poa,2.86,2.57,16.295216300529184,1.0,0,0
1cf374,visa,1,scale-free-l,diablo,hop,8,16,10,4,0,540000,3813,0,1800.0,12.7,114.05,123.4,2024-05-27 20:14:23.872,poa,3.45,3.08,24.788102892744774,1.0,0,0
d6b6f0,paypal,1,scale-free-l,diablo,hop,8,16,10,4,0,59990,2576,0,200.0,8.6,131.28,116.41,2024-05-27 19:52:52.095,poa,1.21,1.09,21.375444069854264,1.0,0,0
006ec2,10000,1,scale-free-l,diablo,hop,8,16,10,4,0,1199990,1789,0,9999.9,14.9,53.65,51.33,2024-06-10 09:30:29.590,poa,24.04,21.61,7.739566003299087,1.0,0,0
006ec2,10000,2,scale-free-l,diablo,hop,8,16,10,4,0,1199990,1813,0,9999.9,15.1,50.8,36.55,2024-06-10 09:40:22.086,poa,24.04,21.61,7.644351480225106,1.0,0,0
3ba8c0,football,1,scale-free-l,diablo,hop,8,16,10,4,0,4056130,360,0,40014.0,3.6,23.7,21.52,2024-06-10 09:53:51.401,poa,38.94,30.6,8.529925052200062,1.0,0,0
3ba8c0,football,2,scale-free-l,diablo,hop,8,16,10,4,0,4056130,354,0,39954.9,3.5,24.53,19.39,2024-06-10 10:10:10.989,poa,38.94,30.6,11.367192910655234,1.0,0,0
9994c5,dota,1,scale-free-l,diablo,hop,8,16,10,4,0,3678700,274,0,13328.6,1.0,57.42,47.14,2024-06-10 10:25:42.887,poa,18.47,13.91,24.100507998110174,1.0,0,0
9994c5,dota,2,scale-free-l,diablo,hop,8,16,10,4,0,3678700,166,0,13328.6,0.6,73.22,67.15,2024-06-10 10:41:50.412,poa,18.47,13.91,15.16671034735573,1.0,0,0
c2b03a,gafam,1,scale-free-l,diablo,hop,8,16,10,4,0,30320,1844,0,167.7,10.2,88.96,86.85,2024-06-10 08:47:36.117,poa,5.11,4.68,15.373415861561057,1.0,0,0
c2b03a,gafam,2,scale-free-l,diablo,hop,8,16,10,4,0,30320,1435,0,167.7,7.9,89.12,87.56,2024-06-10 08:57:01.210,poa,5.11,4.68,18.663846536794484,1.0,0,0
7c647d,visa,1,scale-free-l,diablo,hop,8,16,10,4,0,540000,2982,0,1800.0,9.9,133.35,110.43,2024-06-10 09:06:46.932,poa,5.68,5.26,30.884313662127163,1.0,0,0
7c647d,visa,2,scale-free-l,diablo,hop,8,16,10,4,0,540000,3078,0,1800.0,10.3,119.91,94.57,2024-06-10 09:18:31.315,poa,5.68,5.26,23.011937209761594,1.0,0,0
9b73db,paypal,1,scale-free-l,diablo,hop,8,16,10,4,0,59990,2415,0,200.0,8.1,128.07,128.64,2024-06-10 08:23:57.550,poa,1.66,1.49,14.208874020876973,1.0,0,0
9b73db,paypal,2,scale-free-l,diablo,hop,8,16,10,4,0,59990,2569,0,200.0,8.6,125.22,104.07,2024-06-10 08:35:37.531,poa,1.66,1.49,19.44760193084886,1.0,0,0
7de464,10000,8,scale-free-l,diablo,hop,8,16,10,4,0,1199990,1405,0,9999.9,11.7,54.81,51.08,2025-06-20 03:51:12.802,poa,151.39,148.29,8.491251718880036,1.0,0,0
7de464,10000,3,scale-free-l,diablo,hop,8,16,10,4,0,1199990,1832,0,9999.9,15.3,58.05,51.53,2025-06-20 03:01:46.777,poa,151.39,148.29,11.040606318156174,1.0,0,0
7de464,10000,1,scale-free-l,diablo,hop,8,16,10,4,0,1199990,1615,0,9999.9,13.5,50.11,50.53,2025-06-20 02:42:01.452,poa,151.39,148.29,10.05181747855096,1.0,0,0
7de464,10000,5,scale-free-l,diablo,hop,8,16,10,4,0,1199990,1950,0,9999.9,16.3,60.02,53.36,2025-06-20 03:21:32.224,poa,151.39,148.29,12.304500809157046,1.0,0,0
7de464,10000,7,scale-free-l,diablo,hop,8,16,10,4,0,1199990,2461,0,9999.2,20.5,48.84,51.63,2025-06-20 03:41:19.868,poa,151.39,148.29,7.472518801790788,1.0,0,0
7de464,10000,2,scale-free-l,diablo,hop,8,16,10,4,0,1199990,1678,0,9999.6,14.0,62.3,65.99,2025-06-20 02:51:53.291,poa,151.39,148.29,10.421831707511945,1.0,0,0
7de464,10000,4,scale-free-l,diablo,hop,8,16,10,4,0,1199990,1898,0,9999.9,15.8,47.64,34.68,2025-06-20 03:11:41.174,poa,151.39,148.29,10.937529244595348,1.0,0,0
7de464,10000,10,scale-free-l,diablo,hop,8,16,10,4,0,1199990,1726,0,9999.9,14.4,52.25,35.0,2025-06-20 04:11:12.257,poa,151.39,148.29,9.759743189469507,1.0,0,0
7de464,10000,6,scale-free-l,diablo,hop,8,16,10,4,0,1199990,1597,0,9999.9,13.3,49.47,34.13,2025-06-20 03:31:27.429,poa,151.39,148.29,12.429682266162358,1.0,0,0
7de464,10000,9,scale-free-l,diablo,hop,8,16,10,4,0,1199990,2235,0,9994.7,18.6,54.91,64.32,2025-06-20 04:01:17.515,poa,151.39,148.29,9.520242712372132,1.0,0,0
05e886,gafam,8,scale-free-l,diablo,hop,8,16,10,4,0,30320,2125,0,167.7,11.8,93.34,86.79,2025-06-19 22:18:05.672,poa,7.75,6.97,14.302110008334738,1.0,0,0
05e886,gafam,3,scale-free-l,diablo,hop,8,16,10,4,0,30320,1925,0,167.7,10.6,99.07,86.75,2025-06-19 21:29:44.133,poa,7.75,6.97,14.410846896380663,1.0,0,0
05e886,gafam,1,scale-free-l,diablo,hop,8,16,10,4,0,30320,2134,0,167.7,11.8,85.22,86.97,2025-06-19 21:09:59.150,poa,7.75,6.97,17.14340712346176,1.0,0,0
05e886,gafam,5,scale-free-l,diablo,hop,8,16,10,4,0,30320,1817,0,167.7,10.0,87.04,72.34,2025-06-19 21:49:04.916,poa,7.75,6.97,16.221828571451773,1.0,0,0
05e886,gafam,7,scale-free-l,diablo,hop,8,16,10,4,0,30320,1581,0,167.7,8.7,88.66,88.08,2025-06-19 22:08:24.871,poa,7.75,6.97,12.941508116064732,1.0,0,0
05e886,gafam,2,scale-free-l,diablo,hop,8,16,10,4,0,30320,2057,0,167.7,11.4,91.74,87.16,2025-06-19 21:20:04.534,poa,7.75,6.97,14.611052113036527,1.0,0,0
05e886,gafam,4,scale-free-l,diablo,hop,8,16,10,4,0,30320,1925,0,167.7,10.6,79.6,72.32,2025-06-19 21:39:24.614,poa,7.75,6.97,15.082111018565953,1.0,0,0
05e886,gafam,10,scale-free-l,diablo,hop,8,16,10,4,0,30320,2220,0,167.7,12.3,97.74,86.95,2025-06-19 22:37:12.512,poa,7.75,6.97,15.298703318714107,1.0,0,0
05e886,gafam,6,scale-free-l,diablo,hop,8,16,10,4,0,30320,1314,0,167.7,7.3,81.66,88.3,2025-06-19 21:58:30.971,poa,7.75,6.97,12.010197960686707,1.0,0,0
05e886,gafam,9,scale-free-l,diablo,hop,8,16,10,4,0,30320,2875,0,167.7,15.9,87.81,86.78,2025-06-19 22:27:31.672,poa,7.75,6.97,17.612630126446867,1.0,0,0
f8e3e3,dota,8,scale-free-l,diablo,hop,8,16,10,4,0,3678700,284,0,13328.5,1.0,94.13,102.52,2025-06-20 08:56:51.505,poa,104.43,85.79,22.8077721022188,1.0,0,0
f8e3e3,dota,3,scale-free-l,diablo,hop,8,16,10,4,0,3678700,236,0,13328.5,0.9,74.73,71.69,2025-06-20 07:36:29.050,poa,104.43,85.79,17.168003355208374,1.0,0,0
f8e3e3,dota,1,scale-free-l,diablo,hop,8,16,10,4,0,3678700,313,0,13328.6,1.1,81.04,73.61,2025-06-20 07:04:18.640,poa,104.43,85.79,19.175169355025975,1.0,0,0
f8e3e3,dota,5,scale-free-l,diablo,hop,8,16,10,4,0,3678700,332,0,13321.9,1.2,85.16,87.05,2025-06-20 08:08:28.552,poa,104.43,85.79,15.710190300607515,1.0,0,0
f8e3e3,dota,7,scale-free-l,diablo,hop,8,16,10,4,0,3678700,342,0,13328.6,1.2,86.76,67.75,2025-06-20 08:40:33.183,poa,104.43,85.79,21.24088370047714,1.0,0,0
f8e3e3,dota,2,scale-free-l,diablo,hop,8,16,10,4,0,3678700,281,0,13328.2,1.0,55.62,55.77,2025-06-20 07:20:47.434,poa,104.43,85.79,22.125313220621976,1.0,0,0
f8e3e3,dota,4,scale-free-l,diablo,hop,8,16,10,4,0,3678700,238,0,13328.6,0.9,74.55,84.97,2025-06-20 07:52:29.322,poa,104.43,85.79,23.18912277585172,1.0,0,0
f8e3e3,dota,10,scale-free-l,diablo,hop,8,16,10,4,0,3678700,325,0,13328.4,1.2,90.68,84.14,2025-06-20 09:28:51.279,poa,104.43,85.79,20.590998371461662,1.0,0,0
f8e3e3,dota,6,scale-free-l,diablo,hop,8,16,10,4,0,3678700,313,0,13326.7,1.1,77.13,57.72,2025-06-20 08:24:27.328,poa,104.43,85.79,18.03096153228773,1.0,0,0
f8e3e3,dota,9,scale-free-l,diablo,hop,8,16,10,4,0,3678700,376,0,13328.6,1.4,82.3,57.1,2025-06-20 09:12:46.601,poa,104.43,85.79,20.60495316678551,1.0,0,0
5b0dac,visa,8,scale-free-l,diablo,hop,8,16,10,4,0,540000,3512,0,1800.0,11.7,133.84,153.45,2025-06-20 02:06:29.936,poa,37.31,36.02,26.61207955593912,1.0,0,0
5b0dac,visa,3,scale-free-l,diablo,hop,8,16,10,4,0,540000,3420,0,1800.0,11.4,120.6,109.8,2025-06-20 01:07:28.547,poa,37.31,36.02,28.082648318833723,1.0,0,0
5b0dac,visa,1,scale-free-l,diablo,hop,8,16,10,4,0,540000,3195,0,1800.0,10.6,114.84,79.58,2025-06-20 00:43:45.231,poa,37.31,36.02,27.214740971344927,1.0,0,0
5b0dac,visa,5,scale-free-l,diablo,hop,8,16,10,4,0,540000,3659,0,1800.0,12.2,118.21,109.56,2025-06-20 01:31:01.457,poa,37.31,36.02,19.401946812473064,1.0,0,0
5b0dac,visa,7,scale-free-l,diablo,hop,8,16,10,4,0,540000,2856,0,1800.0,9.5,124.76,109.46,2025-06-20 01:54:42.721,poa,37.31,36.02,23.612194221838717,1.0,0,0
5b0dac,visa,2,scale-free-l,diablo,hop,8,16,10,4,0,540000,3598,0,1800.0,12.0,124.58,109.74,2025-06-20 00:55:32.241,poa,37.31,36.02,26.71833921463292,1.0,0,0
5b0dac,visa,4,scale-free-l,diablo,hop,8,16,10,4,0,540000,3367,0,1800.0,11.2,122.63,109.69,2025-06-20 01:19:15.549,poa,37.31,36.02,15.657695701744641,1.0,0,0
5b0dac,visa,10,scale-free-l,diablo,hop,8,16,10,4,0,540000,3166,0,1800.0,10.6,127.44,109.9,2025-06-20 02:30:02.001,poa,37.31,36.02,18.342402868890993,1.0,0,0
5b0dac,visa,6,scale-free-l,diablo,hop,8,16,10,4,0,540000,3327,0,1800.0,11.1,135.09,124.73,2025-06-20 01:42:46.398,poa,37.31,36.02,19.76844697256672,1.0,0,0
5b0dac,visa,9,scale-free-l,diablo,hop,8,16,10,4,0,540000,3434,0,1800.0,11.4,135.5,139.02,2025-06-20 02:18:17.153,poa,37.31,36.02,26.461212590925832,1.0,0,0
acb4aa,paypal,8,scale-free-l,diablo,hop,8,16,10,4,0,59990,2671,0,200.0,8.9,122.84,114.62,2025-06-20 00:08:30.779,poa,15.28,14.41,19.98933554820341,1.0,0,0
acb4aa,paypal,3,scale-free-l,diablo,hop,8,16,10,4,0,59990,2598,0,200.0,8.7,133.56,114.08,2025-06-19 23:10:09.392,poa,15.28,14.41,23.063280393423494,1.0,0,0
acb4aa,paypal,1,scale-free-l,diablo,hop,8,16,10,4,0,59990,2664,0,200.0,8.9,126.88,115.9,2025-06-19 22:46:48.132,poa,15.28,14.41,22.62933341782241,1.0,0,0
acb4aa,paypal,5,scale-free-l,diablo,hop,8,16,10,4,0,59990,2521,0,200.0,8.4,137.05,130.58,2025-06-19 23:33:30.057,poa,15.28,14.41,22.987146177258246,1.0,0,0
acb4aa,paypal,7,scale-free-l,diablo,hop,8,16,10,4,0,59990,2598,0,200.0,8.7,116.16,98.45,2025-06-19 23:56:50.494,poa,15.28,14.41,22.83345914573656,1.0,0,0
acb4aa,paypal,2,scale-free-l,diablo,hop,8,16,10,4,0,59990,2402,0,200.0,8.0,131.04,128.96,2025-06-19 22:58:28.488,poa,15.28,14.41,22.808502183592736,1.0,0,0
acb4aa,paypal,4,scale-free-l,diablo,hop,8,16,10,4,0,59990,2517,0,200.0,8.4,117.11,100.77,2025-06-19 23:21:50.011,poa,15.28,14.41,17.650503801551068,1.0,0,0
acb4aa,paypal,10,scale-free-l,diablo,hop,8,16,10,4,0,59990,2647,0,200.0,8.8,123.98,116.56,2025-06-20 00:31:54.277,poa,15.28,14.41,23.619052351529707,1.0,0,0
acb4aa,paypal,6,scale-free-l,diablo,hop,8,16,10,4,0,59990,2465,0,200.0,8.2,129.27,130.28,2025-06-19 23:45:10.221,poa,15.28,14.41,20.716590136073847,1.0,0,0
acb4aa,paypal,9,scale-free-l,diablo,hop,8,16,10,4,0,59990,2700,0,200.0,9.0,132.96,130.74,2025-06-20 00:20:13.388,poa,15.28,14.41,23.288575354981827,1.0,0,0
c384b5,football,8,scale-free-l,diablo,hop,8,16,10,4,0,4056130,318,0,40159.0,3.1,11.9,8.11,2025-06-20 06:16:35.898,poa,233.06,203.91,9.35540261504357,1.0,0,0
c384b5,football,3,scale-free-l,diablo,hop,8,16,10,4,0,4056130,300,0,40113.4,3.0,8.01,7.1,2025-06-20 04:56:22.691,poa,233.06,203.91,9.251226216284879,1.0,0,0
c384b5,football,1,scale-free-l,diablo,hop,8,16,10,4,0,4056130,469,0,40090.1,4.6,22.13,21.3,2025-06-20 04:24:19.418,poa,233.06,203.91,10.213783417268662,1.0,0,0
c384b5,football,5,scale-free-l,diablo,hop,8,16,10,4,0,4056130,541,0,40158.0,5.4,17.15,15.44,2025-06-20 05:28:26.279,poa,233.06,203.91,10.89208104738518,1.0,0,0
c384b5,football,7,scale-free-l,diablo,hop,8,16,10,4,0,4056130,213,0,40096.3,2.1,15.15,23.32,2025-06-20 06:00:30.343,poa,233.06,203.91,8.57604513980448,1.0,0,0
c384b5,football,2,scale-free-l,diablo,hop,8,16,10,4,0,4056130,532,0,40152.5,5.3,19.07,20.9,2025-06-20 04:40:32.783,poa,233.06,203.91,11.758200717475164,1.0,0,0
c384b5,football,4,scale-free-l,diablo,hop,8,16,10,4,0,4056130,244,0,40159.3,2.4,13.13,6.69,2025-06-20 05:12:39.915,poa,233.06,203.91,7.321334680986386,1.0,0,0
c384b5,football,10,scale-free-l,diablo,hop,8,16,10,4,0,4056130,546,0,40159.3,5.4,22.45,27.05,2025-06-20 06:48:38.001,poa,233.06,203.91,8.974086460198178,1.0,0,0
c384b5,football,6,scale-free-l,diablo,hop,8,16,10,4,0,4056130,309,0,35682.7,2.7,12.69,9.87,2025-06-20 05:44:41.548,poa,233.06,203.91,9.78750719988037,1.0,0,0
c384b5,football,9,scale-free-l,diablo,hop,8,16,10,4,0,4056130,406,0,40159.3,4.0,16.16,16.19,2025-06-20 06:32:52.113,poa,233.06,203.91,7.600514714611843,1.0,0,0
07611f,gafam,1,torus-l,diablo,hop,8,16,10,4,0,30320,1748,0,167.7,9.7,87.32,72.28,2024-06-06 20:32:47.211,poa,4.84,4.44,15.053103962829978,1.0,0,0
07611f,gafam,2,torus-l,diablo,hop,8,16,10,4,0,30320,1482,0,167.7,8.2,90.75,71.8,2024-06-06 20:42:27.213,poa,4.84,4.44,13.563557864850134,1.0,0,0
54c98b,10000,1,torus-l,diablo,hop,8,16,10,4,0,1199990,1828,0,9999.9,15.2,55.32,63.1,2024-06-06 21:15:46.212,poa,28.28,25.63,9.478721169287997,1.0,0,0
54c98b,10000,2,torus-l,diablo,hop,8,16,10,4,0,1199990,1079,0,9999.9,9.0,51.75,31.76,2024-06-06 21:25:37.661,poa,28.28,25.63,10.01078419095951,1.0,0,0
c06e59,paypal,1,torus-l,diablo,hop,8,16,10,4,0,59990,2493,0,200.0,8.3,137.19,144.46,2024-06-06 20:09:07.883,poa,1.62,1.47,20.855851871012145,1.0,0,0
c06e59,paypal,2,torus-l,diablo,hop,8,16,10,4,0,59990,2415,0,200.0,8.1,130.21,115.02,2024-06-06 20:20:48.366,poa,1.62,1.47,25.47512107971852,1.0,0,0
d64792,dota,1,torus-l,diablo,hop,8,16,10,4,0,3678700,232,0,13328.6,0.8,105.68,102.44,2024-06-06 22:11:15.513,poa,19.34,15.14,20.544011532551345,1.0,0,0
d64792,dota,2,torus-l,diablo,hop,8,16,10,4,0,3678700,214,0,13328.6,0.8,55.47,49.16,2024-06-06 22:27:23.051,poa,19.34,15.14,18.158805828543642,1.0,0,0
cb086d,visa,1,torus-l,diablo,hop,8,16,10,4,0,540000,2598,0,1800.0,8.7,136.61,137.43,2024-06-06 20:52:01.011,poa,5.93,5.51,25.03363731198719,1.0,0,0
cb086d,visa,2,torus-l,diablo,hop,8,16,10,4,0,540000,2953,0,1800.0,9.8,150.89,137.47,2024-06-06 21:03:46.465,poa,5.93,5.51,19.56150393596401,1.0,0,0
14e16a,football,1,torus-l,diablo,hop,8,16,10,4,0,4056130,342,0,40159.3,3.4,27.52,30.41,2024-06-06 21:39:44.019,poa,42.87,36.19,10.902744190919645,1.0,0,0
14e16a,football,2,torus-l,diablo,hop,8,16,10,4,0,4056130,468,0,40159.3,4.6,27.95,30.44,2024-06-06 21:55:58.508,poa,42.87,36.19,9.71619528233987,1.0,0,0
524468,visa,6,torus-l,diablo,hop,8,16,10,4,0,540000,2642,0,1800.0,8.8,126.82,110.18,2025-06-21 02:20:43.031,poa,30.34,28.18,23.5923284972353,1.0,0,0
524468,visa,2,torus-l,diablo,hop,8,16,10,4,0,540000,2819,0,1800.0,9.4,133.14,138.17,2025-06-21 01:33:39.590,poa,30.34,28.18,23.26704748730193,1.0,0,0
524468,visa,5,torus-l,diablo,hop,8,16,10,4,0,540000,2878,0,1800.0,9.6,139.7,138.89,2025-06-21 02:08:57.831,poa,30.34,28.18,22.074656154663693,1.0,0,0
524468,visa,3,torus-l,diablo,hop,8,16,10,4,0,540000,2743,0,1800.0,9.1,143.42,137.91,2025-06-21 01:45:26.637,poa,30.34,28.18,23.002145122683856,1.0,0,0
524468,visa,10,torus-l,diablo,hop,8,16,10,4,0,540000,2842,0,1800.0,9.5,130.52,122.53,2025-06-21 03:08:03.316,poa,30.34,28.18,16.977223876802537,1.0,0,0
524468,visa,1,torus-l,diablo,hop,8,16,10,4,0,540000,2827,0,1800.0,9.4,116.32,108.15,2025-06-21 01:21:54.133,poa,30.34,28.18,27.186256688753883,1.0,0,0
524468,visa,7,torus-l,diablo,hop,8,16,10,4,0,540000,2762,0,1800.0,9.2,136.45,123.44,2025-06-21 02:32:29.784,poa,30.34,28.18,26.74484002336242,1.0,0,0
524468,visa,4,torus-l,diablo,hop,8,16,10,4,0,540000,2669,0,1800.0,8.9,121.52,108.9,2025-06-21 01:57:11.784,poa,30.34,28.18,17.458497692607263,1.0,0,0
524468,visa,9,torus-l,diablo,hop,8,16,10,4,0,540000,2675,0,1800.0,8.9,118.0,109.18,2025-06-21 02:56:13.944,poa,30.34,28.18,19.467252223014945,1.0,0,0
524468,visa,8,torus-l,diablo,hop,8,16,10,4,0,540000,2665,0,1800.0,8.9,114.79,93.5,2025-06-21 02:44:26.302,poa,30.34,28.18,22.299680938611175,1.0,0,0
5d24ec,dota,6,torus-l,diablo,hop,8,16,10,4,0,3678700,303,0,13328.6,1.1,96.51,86.01,2025-06-21 09:03:28.317,poa,88.99,68.53,23.531484515705955,1.0,0,0
5d24ec,dota,2,torus-l,diablo,hop,8,16,10,4,0,3678700,253,0,13328.1,0.9,81.94,76.01,2025-06-21 07:59:35.587,poa,88.99,68.53,22.77129390796724,1.0,0,0
5d24ec,dota,5,torus-l,diablo,hop,8,16,10,4,0,3678700,274,0,13328.5,1.0,98.65,89.3,2025-06-21 08:47:38.647,poa,88.99,68.53,23.98650942725113,1.0,0,0
5d24ec,dota,3,torus-l,diablo,hop,8,16,10,4,0,3678700,306,0,13328.6,1.1,103.71,106.02,2025-06-21 08:15:50.153,poa,88.99,68.53,17.37157618786301,1.0,0,0
5d24ec,dota,10,torus-l,diablo,hop,8,16,10,4,0,3678700,105,0,13328.6,0.4,35.61,32.86,2025-06-21 10:07:42.190,poa,88.99,68.53,20.63900068189707,1.0,0,0
5d24ec,dota,1,torus-l,diablo,hop,8,16,10,4,0,3678700,152,0,13328.5,0.6,74.35,76.53,2025-06-21 07:44:05.037,poa,88.99,68.53,20.8572026675826,1.0,0,0
5d24ec,dota,7,torus-l,diablo,hop,8,16,10,4,0,3678700,233,0,13328.1,0.8,98.28,101.47,2025-06-21 09:19:43.593,poa,88.99,68.53,18.874663591402154,1.0,0,0
5d24ec,dota,4,torus-l,diablo,hop,8,16,10,4,0,3678700,262,0,13328.6,0.9,94.41,100.47,2025-06-21 08:31:41.806,poa,88.99,68.53,20.629177512719846,1.0,0,0
5d24ec,dota,9,torus-l,diablo,hop,8,16,10,4,0,3678700,286,0,13328.3,1.0,96.46,95.95,2025-06-21 09:51:48.575,poa,88.99,68.53,19.900253844274925,1.0,0,0
5d24ec,dota,8,torus-l,diablo,hop,8,16,10,4,0,3678700,210,0,13326.9,0.8,85.26,74.3,2025-06-21 09:35:56.073,poa,88.99,68.53,20.86372844215227,1.0,0,0
c6b2dc,gafam,6,torus-l,diablo,hop,8,16,10,4,0,30320,1801,0,167.7,10.0,89.1,71.36,2025-06-20 22:36:30.835,poa,7.2,6.41,16.24775420443073,1.0,0,0
c6b2dc,gafam,2,torus-l,diablo,hop,8,16,10,4,0,30320,1229,0,167.7,6.8,96.3,102.67,2025-06-20 21:57:36.512,poa,7.2,6.41,16.042961895965927,1.0,0,0
c6b2dc,gafam,5,torus-l,diablo,hop,8,16,10,4,0,30320,1415,0,167.7,7.8,92.37,86.94,2025-06-20 22:26:50.113,poa,7.2,6.41,13.912026022093647,1.0,0,0
c6b2dc,gafam,3,torus-l,diablo,hop,8,16,10,4,0,30320,1543,0,167.7,8.5,75.48,58.45,2025-06-20 22:07:18.593,poa,7.2,6.41,13.430313632350636,1.0,0,0
c6b2dc,gafam,10,torus-l,diablo,hop,8,16,10,4,0,30320,1575,0,167.7,8.7,89.3,72.08,2025-06-20 23:15:12.831,poa,7.2,6.41,16.22094974605872,1.0,0,0
c6b2dc,gafam,1,torus-l,diablo,hop,8,16,10,4,0,30320,1275,0,167.7,7.1,95.56,102.61,2025-06-20 21:47:55.416,poa,7.2,6.41,16.079041432018517,1.0,0,0
c6b2dc,gafam,7,torus-l,diablo,hop,8,16,10,4,0,30320,1346,0,167.7,7.4,94.17,87.12,2025-06-20 22:46:12.364,poa,7.2,6.41,15.180802292900948,1.0,0,0
c6b2dc,gafam,4,torus-l,diablo,hop,8,16,10,4,0,30320,1307,0,167.7,7.2,93.3,87.14,2025-06-20 22:16:59.861,poa,7.2,6.41,14.70200003662687,1.0,0,0
c6b2dc,gafam,9,torus-l,diablo,hop,8,16,10,4,0,30320,1387,0,167.7,7.7,99.74,102.92,2025-06-20 23:05:32.522,poa,7.2,6.41,13.38039376219487,1.0,0,0
c6b2dc,gafam,8,torus-l,diablo,hop,8,16,10,4,0,30320,1533,0,167.7,8.5,96.73,87.71,2025-06-20 22:55:52.925,poa,7.2,6.41,15.656340653885175,1.0,0,0
3a1dc8,football,6,torus-l,diablo,hop,8,16,10,4,0,4056130,197,0,40159.0,2.0,18.52,18.47,2025-06-21 06:23:49.270,poa,188.79,154.43,10.184534834068533,1.0,0,0
3a1dc8,football,2,torus-l,diablo,hop,8,16,10,4,0,4056130,461,0,40023.8,4.5,24.28,25.65,2025-06-21 05:19:22.152,poa,188.79,154.43,8.643553473827662,1.0,0,0
3a1dc8,football,5,torus-l,diablo,hop,8,16,10,4,0,4056130,400,0,40112.0,4.0,20.38,26.74,2025-06-21 06:07:46.300,poa,188.79,154.43,9.341069679747115,1.0,0,0
3a1dc8,football,3,torus-l,diablo,hop,8,16,10,4,0,4056130,631,0,40057.4,6.2,24.06,24.12,2025-06-21 05:35:26.360,poa,188.79,154.43,8.266772455129184,1.0,0,0
3a1dc8,football,10,torus-l,diablo,hop,8,16,10,4,0,4056130,237,0,34158.1,2.0,15.77,15.48,2025-06-21 07:28:18.616,poa,188.79,154.43,10.799568221884886,1.0,0,0
3a1dc8,football,1,torus-l,diablo,hop,8,16,10,4,0,4056130,428,0,35421.5,3.7,8.62,4.68,2025-06-21 05:03:00.536,poa,188.79,154.43,9.38564408938815,1.0,0,0
3a1dc8,football,7,torus-l,diablo,hop,8,16,10,4,0,4056130,776,0,40156.0,7.7,17.77,18.67,2025-06-21 06:39:35.470,poa,188.79,154.43,7.325404322965483,1.0,0,0
3a1dc8,football,4,torus-l,diablo,hop,8,16,10,4,0,4056130,377,0,35063.8,3.3,16.27,17.59,2025-06-21 05:51:32.164,poa,188.79,154.43,11.142291974949087,1.0,0,0
3a1dc8,football,9,torus-l,diablo,hop,8,16,10,4,0,4056130,227,0,40071.3,2.2,12.18,14.22,2025-06-21 07:11:54.377,poa,188.79,154.43,7.9205242813395635,1.0,0,0
3a1dc8,football,8,torus-l,diablo,hop,8,16,10,4,0,4056130,473,0,39714.3,4.6,18.71,4.19,2025-06-21 06:55:52.860,poa,188.79,154.43,10.557458577689616,1.0,0,0
9e5358,paypal,6,torus-l,diablo,hop,8,16,10,4,0,59990,2436,0,200.0,8.1,137.27,129.74,2025-06-21 00:23:05.145,poa,14.34,13.47,25.220496706313995,1.0,0,0
9e5358,paypal,2,torus-l,diablo,hop,8,16,10,4,0,59990,2579,0,200.0,8.6,139.9,142.38,2025-06-20 23:36:17.635,poa,14.34,13.47,15.202483301961797,1.0,0,0
9e5358,paypal,5,torus-l,diablo,hop,8,16,10,4,0,59990,2385,0,200.0,8.0,129.29,127.76,2025-06-21 00:11:22.536,poa,14.34,13.47,22.54180622255767,1.0,0,0
9e5358,paypal,3,torus-l,diablo,hop,8,16,10,4,0,59990,2471,0,200.0,8.2,130.0,114.76,2025-06-20 23:47:59.835,poa,14.34,13.47,21.651713907675564,1.0,0,0
9e5358,paypal,10,torus-l,diablo,hop,8,16,10,4,0,59990,2400,0,200.0,8.0,128.99,116.92,2025-06-21 01:10:02.171,poa,14.34,13.47,22.66900614264334,1.0,0,0
9e5358,paypal,1,torus-l,diablo,hop,8,16,10,4,0,59990,2387,0,200.0,8.0,135.35,132.53,2025-06-20 23:24:34.575,poa,14.34,13.47,20.209899165370175,1.0,0,0
9e5358,paypal,7,torus-l,diablo,hop,8,16,10,4,0,59990,2456,0,200.0,8.2,136.5,116.96,2025-06-21 00:34:46.904,poa,14.34,13.47,26.65627863666699,1.0,0,0
9e5358,paypal,4,torus-l,diablo,hop,8,16,10,4,0,59990,2409,0,200.0,8.0,126.49,116.64,2025-06-20 23:59:39.990,poa,14.34,13.47,25.421220808409526,1.0,0,0
9e5358,paypal,9,torus-l,diablo,hop,8,16,10,4,0,59990,2574,0,200.0,8.6,135.58,113.28,2025-06-21 00:58:18.889,poa,14.34,13.47,19.220359909000845,1.0,0,0
9e5358,paypal,8,torus-l,diablo,hop,8,16,10,4,0,59990,2475,0,200.0,8.3,132.22,130.47,2025-06-21 00:46:38.056,poa,14.34,13.47,18.575113854203146,1.0,0,0
8e9895,10000,6,torus-l,diablo,hop,8,16,10,4,0,1199990,1535,0,9999.1,12.8,53.03,49.51,2025-06-21 04:09:37.365,poa,120.39,110.83,10.068426886990446,1.0,0,0
8e9895,10000,2,torus-l,diablo,hop,8,16,10,4,0,1199990,1179,0,9994.0,9.8,55.88,49.08,2025-06-21 03:29:57.994,poa,120.39,110.83,10.435779267145696,1.0,0,0
8e9895,10000,5,torus-l,diablo,hop,8,16,10,4,0,1199990,1154,0,9999.9,9.6,53.88,50.12,2025-06-21 03:59:41.841,poa,120.39,110.83,12.462819951839222,1.0,0,0
8e9895,10000,3,torus-l,diablo,hop,8,16,10,4,0,1199990,1254,0,9999.9,10.4,53.76,50.24,2025-06-21 03:39:52.144,poa,120.39,110.83,13.310873546665649,1.0,0,0
8e9895,10000,10,torus-l,diablo,hop,8,16,10,4,0,1199990,1260,0,9999.9,10.5,56.76,47.94,2025-06-21 04:49:10.640,poa,120.39,110.83,11.361278880656984,1.0,0,0
8e9895,10000,1,torus-l,diablo,hop,8,16,10,4,0,1199990,1575,0,9999.9,13.1,54.35,49.76,2025-06-21 03:20:02.788,poa,120.39,110.83,10.007244092847284,1.0,0,0
8e9895,10000,7,torus-l,diablo,hop,8,16,10,4,0,1199990,1908,0,9999.9,15.9,57.92,63.53,2025-06-21 04:19:29.521,poa,120.39,110.83,8.265509889779295,1.0,0,0
8e9895,10000,4,torus-l,diablo,hop,8,16,10,4,0,1199990,1051,0,9999.9,8.8,60.11,62.96,2025-06-21 03:49:48.508,poa,120.39,110.83,12.222165980527297,1.0,0,0
8e9895,10000,9,torus-l,diablo,hop,8,16,10,4,0,1199990,926,0,9999.9,7.7,56.73,46.54,2025-06-21 04:39:17.477,poa,120.39,110.83,10.427735536559146,1.0,0,0
8e9895,10000,8,torus-l,diablo,hop,8,16,10,4,0,1199990,1296,0,9999.9,10.8,62.92,63.64,2025-06-21 04:29:21.437,poa,120.39,110.83,7.569895388676973,1.0,0,0
7b489f,10000,1,torus-l,diablo,hop,8,16,10,4,0,1199990,1457,0,9999.9,12.1,49.32,50.2,2024-05-19 18:12:53.741,poa,13.49,12.36,8.413427899238906,1.0,0,0
97a787,gafam,1,torus-l,diablo,hop,8,16,10,4,0,30320,1682,0,167.7,9.3,88.77,86.87,2024-05-19 17:51:07.992,poa,2.71,2.38,17.45502468485036,1.0,0,0
1e5617,paypal,1,torus-l,diablo,hop,8,16,10,4,0,59990,2610,0,200.0,8.7,132.86,130.97,2024-05-19 17:39:23.840,poa,1.1,0.94,24.079903112317407,1.0,0,0
43b520,visa,1,torus-l,diablo,hop,8,16,10,4,0,540000,2869,0,1800.0,9.6,141.52,124.43,2024-05-19 18:00:54.358,poa,3.33,2.97,24.692657503482764,1.0,0,0
60c8c9,dota,1,torus-l,diablo,hop,8,16,10,4,0,3678700,307,0,13328.5,1.1,103.18,98.86,2024-05-19 18:42:11.777,poa,9.53,7.24,21.22402162481745,1.0,0,0
74c033,football,1,torus-l,diablo,hop,8,16,10,4,0,4056130,433,0,40159.3,4.3,12.92,17.89,2024-05-19 18:26:32.791,poa,20.65,17.09,7.526835573428153,1.0,0,0
e7ffab,paypal,1,full-mesh,our,hop,8,16,10,1,0,59990,2769,0,200.0,9.2,146.05,145.86,2024-05-13 11:19:07.848,poa,0.51,0.36,25.499979344832497,0.0,0,0
74fa92,paypal,2,full-mesh,our,hop,8,16,10,1,0,59990,3557,0,200.0,11.9,153.38,154.0,2024-06-24 11:49:40.415,poa,1.3,1.03,23.172223084233885,1.0,0,0
74fa92,paypal,3,full-mesh,our,hop,8,16,10,1,0,59990,2565,0,200.0,8.6,180.93,167.63,2024-06-24 12:00:07.901,poa,1.3,1.03,23.376907067949325,1.0,0,0
74fa92,paypal,4,full-mesh,our,hop,8,16,10,1,0,59990,2697,0,200.0,9.0,166.32,148.67,2024-06-24 12:10:35.009,poa,1.3,1.03,24.696541352426916,1.0,0,0
74fa92,paypal,1,full-mesh,our,hop,8,16,10,1,0,59990,1952,0,200.0,6.5,226.94,228.99,2024-06-24 11:39:13.360,poa,1.3,1.03,17.48443122942251,1.0,0,0
26d6ab,football,1,fat-tree-l,diablo,hop,8,16,10,1,0,4056130,0,0,39824.7,0.0,0.0,0.0,2024-05-09 17:19:53.589,quorum,19.08,8.58,8.402439457423185,0.0,0,0
39022b,visa,1,fat-tree-l,diablo,hop,8,16,10,1,0,540000,1413,0,1800.0,4.7,52.99,53.09,2024-05-09 16:52:38.227,quorum,2.47,2.18,27.143291917791245,0.0,0,0
efddad,paypal,1,fat-tree-l,diablo,hop,8,16,10,1,0,59990,10108,0,200.0,33.7,164.38,170.39,2024-05-09 16:29:48.702,quorum,0.63,0.6,24.356913018323095,0.0,0,0
3e216a,dota,1,fat-tree-l,diablo,hop,8,16,10,1,0,0,0,0,0.0,0.0,0.0,0.0,2024-05-09 17:34:33.953,quorum,9.15,3.58,18.74707022713146,0.0,0,0
e6711a,gafam,1,fat-tree-l,diablo,hop,8,16,10,1,0,30320,14887,0,167.7,82.3,99.72,97.3,2024-05-09 16:42:56.853,quorum,2.61,2.8,16.909397847207803,0.0,0,0
c8fe7e,10000,1,fat-tree-l,diablo,hop,8,16,10,1,0,1199990,0,0,9970.7,0.0,0.0,0.0,2024-05-09 17:03:10.486,quorum,9.35,6.12,9.693922313760048,0.0,0,0
056ee8,gafam,1,full-mesh,diablo,hop,8,16,10,1,0,30320,15534,0,167.7,85.9,78.71,68.86,2024-05-09 12:30:41.843,quorum,2.73,2.85,16.54425020323586,0.0,0,0
3e15e1,10000,1,full-mesh,diablo,hop,8,16,10,1,0,1199990,0,0,9999.9,0.0,0.0,0.0,2024-05-09 12:52:54.824,quorum,9.26,5.98,8.846199268454662,0.0,0,0
821059,paypal,1,full-mesh,diablo,hop,8,16,10,1,0,59990,7889,0,200.0,26.3,170.65,163.28,2024-05-09 12:19:58.919,quorum,0.48,0.4,22.110397854564724,0.0,0,0
6e38c1,dota,1,full-mesh,diablo,hop,8,16,10,1,0,3678700,0,0,13328.6,0.0,0.0,0.0,2024-05-09 13:21:46.823,quorum,11.43,3.77,23.191420211343008,0.0,0,0
510d65,visa,1,full-mesh,diablo,hop,8,16,10,1,0,540000,2177,0,1800.0,7.3,61.33,62.58,2024-05-09 12:42:24.917,quorum,2.46,2.14,20.929831200457606,0.0,0,0
f06fb2,football,1,full-mesh,diablo,hop,8,16,10,1,0,4056130,0,0,40159.3,0.0,0.0,0.0,2024-05-09 13:10:16.737,quorum,11.68,7.6,9.568161954156887,0.0,0,0
81d514,paypal,1,hypercube,diablo,hop,8,16,10,1,0,59990,44248,0,200.0,147.5,9.39,6.17,2024-05-09 20:54:06.340,quorum,3.1,3.51,22.87327518427093,0.0,0,0
2547cb,gafam,1,hypercube,diablo,hop,8,16,10,1,0,30320,4129,0,167.7,22.8,55.46,56.26,2024-05-09 21:04:49.544,quorum,5.83,6.51,16.2768169483011,0.0,0,0
a34db5,dota,1,hypercube,diablo,hop,8,16,10,1,0,3678700,0,0,13328.6,0.0,0.0,0.0,2024-05-09 21:57:55.017,quorum,13.25,6.77,18.42209339113618,0.0,0,0
3177f0,10000,1,hypercube,diablo,hop,8,16,10,1,0,1199990,0,0,9999.9,0.0,0.0,0.0,2024-05-09 21:27:20.732,quorum,15.68,13.14,9.988992153704885,0.0,0,0
d3d376,football,1,hypercube,diablo,hop,8,16,10,1,0,4056130,0,0,39830.2,0.0,0.0,0.0,2024-05-09 21:43:26.656,quorum,30.15,17.33,9.666249030238605,0.0,0,0
7f206b,visa,1,hypercube,diablo,hop,8,16,10,1,0,540000,4038,0,1800.0,13.5,19.08,20.31,2024-05-10 07:19:47.440,quorum,0.9,0.41,21.597427996720363,0.0,0,0
9512cc,visa,1,scale-free-l,diablo,hop,8,16,10,1,0,540000,798,0,1800.0,2.7,190.45,192.26,2024-05-09 14:05:06.280,quorum,3.03,2.93,26.349815950813735,0.0,0,0
433e89,paypal,1,scale-free-l,diablo,hop,8,16,10,1,0,59990,22654,0,200.0,75.5,72.36,66.81,2024-05-09 13:42:41.074,quorum,1.33,1.41,22.866458133077177,0.0,0,0
3a66ab,gafam,1,scale-free-l,diablo,hop,8,16,10,1,0,30320,20053,0,167.7,110.9,53.39,41.88,2024-05-09 13:54:34.168,quorum,3.7,4.24,13.834096267938381,0.0,0,0
928881,dota,1,scale-free-l,diablo,hop,8,16,10,1,0,3678700,0,0,13328.6,0.0,0.0,0.0,2024-05-09 14:45:23.553,quorum,13.35,4.92,22.094648166297397,0.0,0,0
3972b9,10000,1,scale-free-l,diablo,hop,8,16,10,1,0,1199990,0,0,9999.9,0.0,0.0,0.0,2024-05-09 14:15:34.275,quorum,10.88,8.14,10.599501541520636,0.0,0,0
49446b,football,1,scale-free-l,diablo,hop,8,16,10,1,0,4056130,0,0,40159.4,0.0,0.0,0.0,2024-05-09 14:31:34.432,quorum,25.44,11.61,9.627962666397647,0.0,0,0
31cfe5,gafam,1,fat-tree-l,diablo,hop,8,16,10,1,0,30320,29990,0,167.7,165.9,95.06,103.86,2024-06-06 01:58:43.776,quorum,6.45,6.45,10.814010213419616,1.0,0,0
31cfe5,gafam,2,fat-tree-l,diablo,hop,8,16,10,1,0,30320,20265,0,167.7,112.1,77.83,82.16,2024-06-06 02:09:07.828,quorum,6.45,6.45,12.276875036992637,1.0,0,0
9e5cfb,10000,1,fat-tree-l,diablo,hop,8,16,10,1,0,1199990,0,0,9999.9,0.0,0.0,0.0,2024-06-06 02:39:52.563,quorum,9.67,9.67,12.050163743321518,1.0,0,0
9e5cfb,10000,2,fat-tree-l,diablo,hop,8,16,10,1,0,1199990,0,0,9914.4,0.0,0.0,0.0,2024-06-06 02:50:32.204,quorum,9.67,9.67,10.641862302441512,1.0,0,0
f719b2,gafam,1,fat-tree-l,diablo,hop,8,16,10,1,0,30320,30203,0,167.7,167.0,72.28,77.28,2024-06-14 12:56:24.462,quorum,4.78,5.38,15.316488391471607,1.0,0,0
f719b2,gafam,2,fat-tree-l,diablo,hop,8,16,10,1,0,30320,10925,0,167.7,60.4,126.53,155.48,2024-06-14 13:09:14.203,quorum,4.78,5.38,15.684962077010564,1.0,0,0
0ba8aa,paypal,2,fat-tree-l,diablo,hop,8,16,10,1,0,59990,14009,0,200.0,46.7,128.13,138.65,2024-06-14 12:44:31.644,quorum,0.66,0.53,18.243466099077885,1.0,0,0
b3ed2e,dota,1,fat-tree-l,diablo,hop,8,16,10,1,0,3678700,0,0,13328.6,0.0,0.0,0.0,2024-06-14 14:13:10.331,quorum,18.82,6.94,18.972792347162027,1.0,0,0
b3ed2e,dota,2,fat-tree-l,diablo,hop,8,16,10,1,0,3678700,0,0,13328.6,0.0,0.0,0.0,2024-06-14 14:26:16.765,quorum,18.82,6.94,21.151967294785752,1.0,0,0
73f6a8,football,1,fat-tree-l,diablo,hop,8,16,10,1,0,4056130,0,0,40159.2,0.0,0.0,0.0,2024-06-14 13:46:25.631,quorum,30.84,15.8,9.701260570697025,1.0,0,0
73f6a8,football,2,fat-tree-l,diablo,hop,8,16,10,1,0,4056130,0,0,40159.3,0.0,0.0,0.0,2024-06-14 13:58:56.077,quorum,30.84,15.8,6.650932270673621,1.0,0,0
aadf24,paypal,1,fat-tree-l,diablo,hop,8,16,10,1,0,59990,19979,0,200.0,66.6,21.89,8.94,2024-06-15 09:14:45.022,quorum,1.93,2.07,27.064677852897923,1.0,0,0
aadf24,paypal,2,fat-tree-l,diablo,hop,8,16,10,1,0,59990,24046,0,200.0,80.2,62.62,59.48,2024-06-15 09:24:54.776,quorum,1.93,2.07,24.314727462736624,1.0,0,0
1f913f,dota,2,fat-tree-l,diablo,hop,8,16,10,1,0,3678700,0,0,13328.6,0.0,0.0,0.0,2024-06-16 20:55:53.216,quorum,10.25,2.44,17.130601768741688,1.0,0,0
0251ee,dota,1,fat-tree-l,diablo,hop,8,16,10,1,0,3678700,0,0,13328.6,0.0,0.0,0.0,2024-06-16 22:06:34.878,quorum,10.24,2.2,18.90394450358924,1.0,0,0
0251ee,dota,2,fat-tree-l,diablo,hop,8,16,10,1,0,3678700,0,0,13328.6,0.0,0.0,0.0,2024-06-16 22:20:26.791,quorum,10.24,2.2,24.979192272852863,1.0,0,0
fed60a,visa,3,fat-tree-l,diablo,hop,8,16,10,1,0,540000,1736,0,1800.0,5.8,180.17,181.3,2024-06-21 15:49:52.635,quorum,1.7,0.66,18.15515261642012,1.0,0,0
fed60a,visa,1,fat-tree-l,diablo,hop,8,16,10,1,0,540000,2755,0,1800.0,9.2,115.42,80.17,2024-06-21 15:29:58.550,quorum,1.7,0.66,27.093364370389608,1.0,0,0
325839,10000,8,fat-tree-l,diablo,hop,8,16,10,1,0,1199990,0,0,9999.9,0.0,0.0,0.0,2025-07-10 19:23:07.660,quorum,300.04,285.85,13.181768633018216,1.0,0,0
325839,10000,3,fat-tree-l,diablo,hop,8,16,10,1,0,1199990,0,0,9999.9,0.0,0.0,0.0,2025-07-10 18:34:04.923,quorum,300.04,285.85,7.8315100782441345,1.0,0,0
325839,10000,2,fat-tree-l,diablo,hop,8,16,10,1,0,1199990,0,0,9999.9,0.0,0.0,0.0,2025-07-10 18:24:16.250,quorum,300.04,285.85,9.74616912477786,1.0,0,0
325839,10000,1,fat-tree-l,diablo,hop,8,16,10,1,0,1199990,0,0,9999.9,0.0,0.0,0.0,2025-07-10 18:14:28.394,quorum,300.04,285.85,9.836452427887952,1.0,0,0
325839,10000,9,fat-tree-l,diablo,hop,8,16,10,1,0,1199990,0,0,9956.3,0.0,0.0,0.0,2025-07-10 19:32:57.267,quorum,300.04,285.85,9.768083589759955,1.0,0,0
325839,10000,4,fat-tree-l,diablo,hop,8,16,10,1,0,1199990,0,0,9999.9,0.0,0.0,0.0,2025-07-10 18:43:53.495,quorum,300.04,285.85,10.539449019451801,1.0,0,0
325839,10000,5,fat-tree-l,diablo,hop,8,16,10,1,0,1199990,0,0,9999.9,0.0,0.0,0.0,2025-07-10 18:53:41.755,quorum,300.04,285.85,13.162350507193617,1.0,0,0
325839,10000,6,fat-tree-l,diablo,hop,8,16,10,1,0,1199990,0,0,9999.9,0.0,0.0,0.0,2025-07-10 19:03:31.043,quorum,300.04,285.85,11.118131451617282,1.0,0,0
325839,10000,10,fat-tree-l,diablo,hop,8,16,10,1,0,1199990,0,0,9999.9,0.0,0.0,0.0,2025-07-10 19:42:44.621,quorum,300.04,285.85,6.474761435937384,1.0,0,0
325839,10000,7,fat-tree-l,diablo,hop,8,16,10,1,0,1199990,0,0,9999.9,0.0,0.0,0.0,2025-07-10 19:13:18.468,quorum,300.04,285.85,10.83070502749456,1.0,0,0
ad3b43,dota,8,fat-tree-l,diablo,hop,8,16,10,1,0,3678700,0,0,13328.6,0.0,0.0,0.0,2025-07-10 23:53:23.413,quorum,213.37,137.29,20.597340010776865,1.0,0,0
ad3b43,dota,3,fat-tree-l,diablo,hop,8,16,10,1,0,3678700,0,0,13328.5,0.0,0.0,0.0,2025-07-10 22:43:54.583,quorum,213.37,137.29,23.439586716826945,1.0,0,0
ad3b43,dota,2,fat-tree-l,diablo,hop,8,16,10,1,0,3678700,0,0,13328.6,0.0,0.0,0.0,2025-07-10 22:30:00.796,quorum,213.37,137.29,19.067067424053,1.0,0,0
ad3b43,dota,1,fat-tree-l,diablo,hop,8,16,10,1,0,3678700,0,0,13328.6,0.0,0.0,0.0,2025-07-10 22:16:07.596,quorum,213.37,137.29,15.985835733801395,1.0,0,0
ad3b43,dota,9,fat-tree-l,diablo,hop,8,16,10,1,0,3678700,0,0,13328.6,0.0,0.0,0.0,2025-07-11 00:07:16.456,quorum,213.37,137.29,22.54444486462442,1.0,0,0
ad3b43,dota,4,fat-tree-l,diablo,hop,8,16,10,1,0,3678700,0,0,13328.6,0.0,0.0,0.0,2025-07-10 22:57:49.982,quorum,213.37,137.29,27.161734652943608,1.0,0,0
ad3b43,dota,5,fat-tree-l,diablo,hop,8,16,10,1,0,3678700,0,0,13328.6,0.0,0.0,0.0,2025-07-10 23:11:43.320,quorum,213.37,137.29,22.92977429225712,1.0,0,0
ad3b43,dota,6,fat-tree-l,diablo,hop,8,16,10,1,0,3678700,0,0,13328.6,0.0,0.0,0.0,2025-07-10 23:25:35.839,quorum,213.37,137.29,21.085873571817146,1.0,0,0
ad3b43,dota,10,fat-tree-l,diablo,hop,8,16,10,1,0,3678700,0,0,13328.6,0.0,0.0,0.0,2025-07-11 00:21:09.823,quorum,213.37,137.29,19.895888399590817,1.0,0,0
ad3b43,dota,7,fat-tree-l,diablo,hop,8,16,10,1,0,3678700,0,0,13328.6,0.0,0.0,0.0,2025-07-10 23:39:30.383,quorum,213.37,137.29,21.345791655336008,1.0,0,0
c9ce1a,visa,8,fat-tree-l,diablo,hop,8,16,10,1,0,540000,0,0,1800.0,0.0,0.0,0.0,2025-07-10 17:45:04.027,quorum,106.98,110.96,24.333183504365447,1.0,0,0
c9ce1a,visa,3,fat-tree-l,diablo,hop,8,16,10,1,0,540000,0,0,1800.0,0.0,0.0,0.0,2025-07-10 16:56:33.063,quorum,106.98,110.96,20.81145054169019,1.0,0,0
c9ce1a,visa,2,fat-tree-l,diablo,hop,8,16,10,1,0,540000,0,0,1800.0,0.0,0.0,0.0,2025-07-10 16:46:50.932,quorum,106.98,110.96,22.01598389498048,1.0,0,0
c9ce1a,visa,1,fat-tree-l,diablo,hop,8,16,10,1,0,540000,0,0,1800.0,0.0,0.0,0.0,2025-07-10 16:37:10.049,quorum,106.98,110.96,22.987934430057553,1.0,0,0
c9ce1a,visa,9,fat-tree-l,diablo,hop,8,16,10,1,0,540000,0,0,1800.0,0.0,0.0,0.0,2025-07-10 17:54:46.527,quorum,106.98,110.96,21.30214806976373,1.0,0,0
c9ce1a,visa,4,fat-tree-l,diablo,hop,8,16,10,1,0,540000,0,0,1800.0,0.0,0.0,0.0,2025-07-10 17:06:15.307,quorum,106.98,110.96,25.59851582587498,1.0,0,0
c9ce1a,visa,5,fat-tree-l,diablo,hop,8,16,10,1,0,540000,0,0,1800.0,0.0,0.0,0.0,2025-07-10 17:15:57.177,quorum,106.98,110.96,20.62885920288783,1.0,0,0
c9ce1a,visa,6,fat-tree-l,diablo,hop,8,16,10,1,0,540000,0,0,1800.0,0.0,0.0,0.0,2025-07-10 17:25:39.624,quorum,106.98,110.96,21.129045859001845,1.0,0,0
c9ce1a,visa,10,fat-tree-l,diablo,hop,8,16,10,1,0,540000,0,0,1800.0,0.0,0.0,0.0,2025-07-10 18:04:28.207,quorum,106.98,110.96,22.384247094076112,1.0,0,0
c9ce1a,visa,7,fat-tree-l,diablo,hop,8,16,10,1,0,540000,0,0,1800.0,0.0,0.0,0.0,2025-07-10 17:35:21.668,quorum,106.98,110.96,25.242686391791445,1.0,0,0
4a9f3e,gafam,8,fat-tree-l,diablo,hop,8,16,10,1,0,30320,0,0,167.7,0.0,0.0,0.0,2025-07-10 14:23:59.829,quorum,19.64,20.0,13.758930725492462,1.0,0,0
4a9f3e,gafam,3,fat-tree-l,diablo,hop,8,16,10,1,0,30320,0,0,167.7,0.0,0.0,0.0,2025-07-10 13:23:38.578,quorum,19.64,20.0,15.640612885713205,1.0,0,0
4a9f3e,gafam,2,fat-tree-l,diablo,hop,8,16,10,1,0,30320,9607,0,167.7,53.1,157.17,158.63,2025-07-10 13:11:31.061,quorum,19.64,20.0,13.587912832151648,1.0,0,0
4a9f3e,gafam,1,fat-tree-l,diablo,hop,8,16,10,1,0,30320,0,0,167.7,0.0,0.0,0.0,2025-07-10 12:59:24.648,quorum,19.64,20.0,12.362838847779845,1.0,0,0
4a9f3e,gafam,9,fat-tree-l,diablo,hop,8,16,10,1,0,30320,0,0,167.7,0.0,0.0,0.0,2025-07-10 14:36:28.371,quorum,19.64,20.0,18.240524840041058,1.0,0,0
4a9f3e,gafam,4,fat-tree-l,diablo,hop,8,16,10,1,0,30320,20612,0,167.7,114.0,114.23,106.49,2025-07-10 13:36:07.076,quorum,19.64,20.0,14.472905685864786,1.0,0,0
4a9f3e,gafam,5,fat-tree-l,diablo,hop,8,16,10,1,0,30320,19286,0,167.7,106.7,139.91,148.79,2025-07-10 13:48:16.850,quorum,19.64,20.0,15.830653795081929,1.0,0,0
4a9f3e,gafam,6,fat-tree-l,diablo,hop,8,16,10,1,0,30320,9036,0,167.7,50.0,145.06,173.59,2025-07-10 14:00:46.190,quorum,19.64,20.0,11.969449946767703,1.0,0,0
4a9f3e,gafam,10,fat-tree-l,diablo,hop,8,16,10,1,0,30320,0,0,167.7,0.0,0.0,0.0,2025-07-10 14:48:36.932,quorum,19.64,20.0,13.868685272286534,1.0,0,0
4a9f3e,gafam,7,fat-tree-l,diablo,hop,8,16,10,1,0,30320,6993,0,167.7,38.7,126.28,143.73,2025-07-10 14:12:23.001,quorum,19.64,20.0,12.079617255829678,1.0,0,0
a5cf3d,paypal,8,fat-tree-l,diablo,hop,8,16,10,1,0,59990,58620,0,200.0,195.4,7.3,5.5,2025-07-10 16:08:03.768,quorum,89.99,97.06,20.179261766834337,1.0,0,0
a5cf3d,paypal,3,fat-tree-l,diablo,hop,8,16,10,1,0,59990,58626,0,200.0,195.5,7.14,5.44,2025-07-10 15:18:52.868,quorum,89.99,97.06,17.334085202721138,1.0,0,0
a5cf3d,paypal,2,fat-tree-l,diablo,hop,8,16,10,1,0,59990,58726,0,200.0,195.8,7.74,5.74,2025-07-10 15:09:15.557,quorum,89.99,97.06,26.65142061452924,1.0,0,0
a5cf3d,paypal,1,fat-tree-l,diablo,hop,8,16,10,1,0,59990,58758,0,200.0,195.9,7.35,5.56,2025-07-10 14:59:38.376,quorum,89.99,97.06,22.26215657630534,1.0,0,0
a5cf3d,paypal,9,fat-tree-l,diablo,hop,8,16,10,1,0,59990,58616,0,200.0,195.4,7.36,5.68,2025-07-10 16:17:41.109,quorum,89.99,97.06,22.070281114370875,1.0,0,0
a5cf3d,paypal,4,fat-tree-l,diablo,hop,8,16,10,1,0,59990,58567,0,200.0,195.3,7.4,5.5,2025-07-10 15:28:30.100,quorum,89.99,97.06,19.7618221265181,1.0,0,0
a5cf3d,paypal,5,fat-tree-l,diablo,hop,8,16,10,1,0,59990,58617,0,200.0,195.4,7.36,5.5,2025-07-10 15:38:37.841,quorum,89.99,97.06,20.484385778277456,1.0,0,0
a5cf3d,paypal,6,fat-tree-l,diablo,hop,8,16,10,1,0,59990,58547,0,200.0,195.2,7.31,5.49,2025-07-10 15:48:15.073,quorum,89.99,97.06,23.093987103671882,1.0,0,0
a5cf3d,paypal,10,fat-tree-l,diablo,hop,8,16,10,1,0,59990,58687,0,200.0,195.7,7.36,5.53,2025-07-10 16:27:18.560,quorum,89.99,97.06,26.917306213092843,1.0,0,0
a5cf3d,paypal,7,fat-tree-l,diablo,hop,8,16,10,1,0,59990,58722,0,200.0,195.8,7.25,5.52,2025-07-10 15:58:26.381,quorum,89.99,97.06,23.782390809511913,1.0,0,0
bf9f2c,football,8,fat-tree-l,diablo,hop,8,16,10,1,0,4056130,0,0,39795.8,0.0,0.0,0.0,2025-07-10 21:34:46.790,quorum,474.96,359.39,11.30313956002114,1.0,0,0
bf9f2c,football,3,fat-tree-l,diablo,hop,8,16,10,1,0,4056130,0,0,40090.1,0.0,0.0,0.0,2025-07-10 20:25:07.988,quorum,474.96,359.39,12.506049499076724,1.0,0,0
bf9f2c,football,2,fat-tree-l,diablo,hop,8,16,10,1,0,4056130,0,0,40111.3,0.0,0.0,0.0,2025-07-10 20:11:07.423,quorum,474.96,359.39,10.636153896606574,1.0,0,0
bf9f2c,football,1,fat-tree-l,diablo,hop,8,16,10,1,0,4056130,0,0,40159.3,0.0,0.0,0.0,2025-07-10 19:57:16.825,quorum,474.96,359.39,7.500076266958469,1.0,0,0
bf9f2c,football,9,fat-tree-l,diablo,hop,8,16,10,1,0,4056130,0,0,39971.7,0.0,0.0,0.0,2025-07-10 21:48:42.207,quorum,474.96,359.39,11.237953642159914,1.0,0,0
bf9f2c,football,4,fat-tree-l,diablo,hop,8,16,10,1,0,4056130,0,0,40039.5,0.0,0.0,0.0,2025-07-10 20:38:57.297,quorum,474.96,359.39,10.409366336141161,1.0,0,0
bf9f2c,football,5,fat-tree-l,diablo,hop,8,16,10,1,0,4056130,0,0,40159.4,0.0,0.0,0.0,2025-07-10 20:53:00.563,quorum,474.96,359.39,8.311005518746693,1.0,0,0
bf9f2c,football,6,fat-tree-l,diablo,hop,8,16,10,1,0,4056130,0,0,40159.3,0.0,0.0,0.0,2025-07-10 21:06:54.583,quorum,474.96,359.39,6.298013128469181,1.0,0,0
bf9f2c,football,10,fat-tree-l,diablo,hop,8,16,10,1,0,4056130,0,0,40119.7,0.0,0.0,0.0,2025-07-10 22:02:37.550,quorum,474.96,359.39,8.250537898360434,1.0,0,0
bf9f2c,football,7,fat-tree-l,diablo,hop,8,16,10,1,0,4056130,0,0,39876.5,0.0,0.0,0.0,2025-07-10 21:20:46.665,quorum,474.96,359.39,9.36749589639849,1.0,0,0
d280ef,10000,1,full-mesh,diablo,hop,8,16,10,1,0,1199990,0,0,9999.9,0.0,0.0,0.0,2024-06-05 19:04:02.391,quorum,299.49,299.49,10.178844245500578,1.0,0,0
d280ef,10000,2,full-mesh,diablo,hop,8,16,10,1,0,1199990,0,0,9999.9,0.0,0.0,0.0,2024-06-05 19:13:51.685,quorum,299.49,299.49,11.512078293964583,1.0,0,0
310393,paypal,1,full-mesh,diablo,hop,8,16,10,1,0,59990,12757,0,200.0,42.5,57.71,59.87,2024-06-05 17:59:49.107,quorum,119.8,119.8,22.91198114447669,1.0,0,0
310393,paypal,2,full-mesh,diablo,hop,8,16,10,1,0,59990,32330,0,200.0,107.8,43.2,30.11,2024-06-05 18:09:59.342,quorum,119.8,119.8,21.512519517094624,1.0,0,0
25c8cb,gafam,1,full-mesh,diablo,hop,8,16,10,1,0,30320,30142,0,167.7,166.7,72.29,73.03,2024-06-05 18:22:34.153,quorum,199.66,199.66,13.27079833440874,1.0,0,0
25c8cb,gafam,2,full-mesh,diablo,hop,8,16,10,1,0,30320,19182,0,167.7,106.1,117.49,122.47,2024-06-05 18:33:26.082,quorum,199.66,199.66,13.707759253290625,1.0,0,0
7f1727,football,1,full-mesh,diablo,hop,8,16,10,1,0,4056130,0,0,39993.1,0.0,0.0,0.0,2024-06-05 19:29:05.515,quorum,359.39,359.39,9.494971767239521,1.0,0,0
7f1727,football,2,full-mesh,diablo,hop,8,16,10,1,0,4056130,0,0,39925.6,0.0,0.0,0.0,2024-06-05 19:42:37.026,quorum,359.39,359.39,8.720246029280421,1.0,0,0
5a3553,dota,1,full-mesh,diablo,hop,8,16,10,1,0,3678700,0,0,13328.6,0.0,0.0,0.0,2024-06-17 05:04:38.721,quorum,8.62,2.08,22.605529635549228,1.0,0,0
5a3553,dota,3,full-mesh,diablo,hop,8,16,10,1,0,3678700,0,0,13328.6,0.0,0.0,0.0,2024-06-17 05:38:17.226,quorum,8.62,2.08,14.818227981467158,1.0,0,0
5a3553,dota,2,full-mesh,diablo,hop,8,16,10,1,0,3678700,0,0,13328.5,0.0,0.0,0.0,2024-06-17 05:19:36.137,quorum,8.62,2.08,16.620880820951726,1.0,0,0
c2aedc,visa,3,full-mesh,diablo,hop,8,16,10,1,0,540000,1725,0,1800.0,5.7,84.14,86.09,2024-06-17 23:18:09.479,quorum,1.66,0.64,20.72590470287395,1.0,0,0
96f27e,visa,1,full-mesh,diablo,hop,8,16,10,1,0,540000,4265,0,1800.0,14.2,210.66,214.19,2024-06-21 17:35:07.966,quorum,1.65,0.63,22.369784600510144,1.0,0,0
af6c7c,visa,2,full-mesh,diablo,hop,8,16,10,1,0,540000,2003,0,1800.0,6.7,247.86,249.2,2024-06-21 18:26:08.733,quorum,1.62,0.67,22.725294862141716,1.0,0,0
074a54,10000,8,full-mesh,diablo,hop,8,16,10,1,0,1199990,0,0,9999.9,0.0,0.0,0.0,2025-07-12 04:15:42.863,quorum,300.0,286.54,12.945771486743926,1.0,0,0
074a54,10000,3,full-mesh,diablo,hop,8,16,10,1,0,1199990,0,0,9999.9,0.0,0.0,0.0,2025-07-12 03:26:09.806,quorum,300.0,286.54,11.584785004287225,1.0,0,0
074a54,10000,1,full-mesh,diablo,hop,8,16,10,1,0,1199990,0,0,9999.9,0.0,0.0,0.0,2025-07-12 03:06:32.235,quorum,300.0,286.54,8.367898971010117,1.0,0,0
074a54,10000,5,full-mesh,diablo,hop,8,16,10,1,0,1199990,0,0,9999.9,0.0,0.0,0.0,2025-07-12 03:45:47.346,quorum,300.0,286.54,8.551589467345941,1.0,0,0
074a54,10000,7,full-mesh,diablo,hop,8,16,10,1,0,1199990,0,0,9999.9,0.0,0.0,0.0,2025-07-12 04:05:54.060,quorum,300.0,286.54,11.89440956920004,1.0,0,0
074a54,10000,2,full-mesh,diablo,hop,8,16,10,1,0,1199990,0,0,9988.2,0.0,0.0,0.0,2025-07-12 03:16:20.744,quorum,300.0,286.54,10.875848748330883,1.0,0,0
074a54,10000,4,full-mesh,diablo,hop,8,16,10,1,0,1199990,0,0,9999.9,0.0,0.0,0.0,2025-07-12 03:35:58.125,quorum,300.0,286.54,10.170899345782447,1.0,0,0
074a54,10000,10,full-mesh,diablo,hop,8,16,10,1,0,1199990,0,0,9999.9,0.0,0.0,0.0,2025-07-12 04:35:19.210,quorum,300.0,286.54,10.965783020122355,1.0,0,0
074a54,10000,6,full-mesh,diablo,hop,8,16,10,1,0,1199990,0,0,9999.9,0.0,0.0,0.0,2025-07-12 03:56:05.442,quorum,300.0,286.54,9.466569740014563,1.0,0,0
074a54,10000,9,full-mesh,diablo,hop,8,16,10,1,0,1199990,0,0,9999.9,0.0,0.0,0.0,2025-07-12 04:25:30.693,quorum,300.0,286.54,12.178930392371749,1.0,0,0
509e76,gafam,8,full-mesh,diablo,hop,8,16,10,1,0,30320,0,0,167.7,0.0,0.0,0.0,2025-07-11 23:16:39.225,quorum,18.87,19.66,19.058384688225278,1.0,0,0
509e76,gafam,3,full-mesh,diablo,hop,8,16,10,1,0,30320,16294,0,167.7,90.1,130.16,141.24,2025-07-11 22:22:05.984,quorum,18.87,19.66,12.009905117431755,1.0,0,0
509e76,gafam,1,full-mesh,diablo,hop,8,16,10,1,0,30320,11556,0,167.7,63.9,60.26,67.18,2025-07-11 21:52:56.756,quorum,18.87,19.66,16.066385510715847,1.0,0,0
509e76,gafam,5,full-mesh,diablo,hop,8,16,10,1,0,30320,12001,0,167.7,66.4,115.75,126.71,2025-07-11 22:41:02.076,quorum,18.87,19.66,12.278225273133883,1.0,0,0
509e76,gafam,7,full-mesh,diablo,hop,8,16,10,1,0,30320,5120,0,167.7,28.3,103.59,103.42,2025-07-11 23:04:16.534,quorum,18.87,19.66,16.16563621064398,1.0,0,0
509e76,gafam,2,full-mesh,diablo,hop,8,16,10,1,0,30320,20712,0,167.7,114.5,125.6,133.69,2025-07-11 22:05:13.020,quorum,18.87,19.66,16.444045692897856,1.0,0,0
509e76,gafam,4,full-mesh,diablo,hop,8,16,10,1,0,30320,0,0,167.7,0.0,0.0,0.0,2025-07-11 22:29:25.242,quorum,18.87,19.66,14.39108243694764,1.0,0,0
509e76,gafam,10,full-mesh,diablo,hop,8,16,10,1,0,30320,0,0,167.7,0.0,0.0,0.0,2025-07-11 23:39:52.734,quorum,18.87,19.66,13.655260421282495,1.0,0,0
509e76,gafam,6,full-mesh,diablo,hop,8,16,10,1,0,30320,12921,0,167.7,71.5,157.14,163.68,2025-07-11 22:52:38.639,quorum,18.87,19.66,13.930755267822246,1.0,0,0
509e76,gafam,9,full-mesh,diablo,hop,8,16,10,1,0,30320,8588,0,167.7,47.5,70.62,69.18,2025-07-11 23:28:08.044,quorum,18.87,19.66,18.40377755704651,1.0,0,0
d1bd46,dota,8,full-mesh,diablo,hop,8,16,10,1,0,3678700,0,0,13328.6,0.0,0.0,0.0,2025-07-12 08:45:54.851,quorum,213.97,137.72,18.29014324557013,1.0,0,0
d1bd46,dota,3,full-mesh,diablo,hop,8,16,10,1,0,3678700,0,0,13328.6,0.0,0.0,0.0,2025-07-12 07:36:26.037,quorum,213.97,137.72,19.846890774679895,1.0,0,0
d1bd46,dota,1,full-mesh,diablo,hop,8,16,10,1,0,3678700,0,0,13328.5,0.0,0.0,0.0,2025-07-12 07:08:50.725,quorum,213.97,137.72,20.872617181186055,1.0,0,0
d1bd46,dota,5,full-mesh,diablo,hop,8,16,10,1,0,3678700,0,0,13328.6,0.0,0.0,0.0,2025-07-12 08:04:10.719,quorum,213.97,137.72,23.569358115800664,1.0,0,0
d1bd46,dota,7,full-mesh,diablo,hop,8,16,10,1,0,3678700,0,0,13328.6,0.0,0.0,0.0,2025-07-12 08:32:02.663,quorum,213.97,137.72,23.269464106271396,1.0,0,0
d1bd46,dota,2,full-mesh,diablo,hop,8,16,10,1,0,3678700,0,0,13328.6,0.0,0.0,0.0,2025-07-12 07:22:36.897,quorum,213.97,137.72,21.475001345809986,1.0,0,0
d1bd46,dota,4,full-mesh,diablo,hop,8,16,10,1,0,3678700,0,0,13328.6,0.0,0.0,0.0,2025-07-12 07:50:35.851,quorum,213.97,137.72,19.99475288741289,1.0,0,0
d1bd46,dota,10,full-mesh,diablo,hop,8,16,10,1,0,3678700,0,0,13328.6,0.0,0.0,0.0,2025-07-12 09:13:52.211,quorum,213.97,137.72,20.91992073932955,1.0,0,0
d1bd46,dota,6,full-mesh,diablo,hop,8,16,10,1,0,3678700,0,0,13328.6,0.0,0.0,0.0,2025-07-12 08:18:09.673,quorum,213.97,137.72,18.235392949327647,1.0,0,0
d1bd46,dota,9,full-mesh,diablo,hop,8,16,10,1,0,3678700,0,0,13328.6,0.0,0.0,0.0,2025-07-12 08:59:46.822,quorum,213.97,137.72,21.440599882171036,1.0,0,0
7d913b,visa,8,full-mesh,diablo,hop,8,16,10,1,0,540000,349,0,1800.0,1.2,5.46,5.49,2025-07-12 02:37:10.043,quorum,106.73,111.0,18.445581499924824,1.0,0,0
7d913b,visa,3,full-mesh,diablo,hop,8,16,10,1,0,540000,0,0,1800.0,0.0,0.0,0.0,2025-07-12 01:48:39.607,quorum,106.73,111.0,22.37968722416078,1.0,0,0
7d913b,visa,1,full-mesh,diablo,hop,8,16,10,1,0,540000,366,0,1800.0,1.2,6.32,6.32,2025-07-12 01:28:41.243,quorum,106.73,111.0,22.21387357353135,1.0,0,0
7d913b,visa,5,full-mesh,diablo,hop,8,16,10,1,0,540000,0,0,1800.0,0.0,0.0,0.0,2025-07-12 02:08:03.208,quorum,106.73,111.0,24.827776712368063,1.0,0,0
7d913b,visa,7,full-mesh,diablo,hop,8,16,10,1,0,540000,304,0,1800.0,1.0,3.32,3.33,2025-07-12 02:27:28.862,quorum,106.73,111.0,17.265882680436714,1.0,0,0
7d913b,visa,2,full-mesh,diablo,hop,8,16,10,1,0,540000,1,0,1800.0,0.0,2.63,2.63,2025-07-12 01:38:23.877,quorum,106.73,111.0,22.603880372594116,1.0,0,0
7d913b,visa,4,full-mesh,diablo,hop,8,16,10,1,0,540000,298,0,1800.0,1.0,2.22,2.22,2025-07-12 01:58:22.381,quorum,106.73,111.0,25.613461047692194,1.0,0,0
7d913b,visa,10,full-mesh,diablo,hop,8,16,10,1,0,540000,0,0,1800.0,0.0,0.0,0.0,2025-07-12 02:56:34.724,quorum,106.73,111.0,26.275414139464836,1.0,0,0
7d913b,visa,6,full-mesh,diablo,hop,8,16,10,1,0,540000,0,0,1800.0,0.0,0.0,0.0,2025-07-12 02:17:46.878,quorum,106.73,111.0,24.934041606753752,1.0,0,0
7d913b,visa,9,full-mesh,diablo,hop,8,16,10,1,0,540000,1,0,1800.0,0.0,4.19,4.19,2025-07-12 02:46:52.937,quorum,106.73,111.0,23.575132736338094,1.0,0,0
6a4392,paypal,8,full-mesh,diablo,hop,8,16,10,1,0,59990,58631,0,200.0,195.5,5.44,5.11,2025-07-12 00:59:37.525,quorum,89.1,96.3,27.323316317137134,1.0,0,0
6a4392,paypal,3,full-mesh,diablo,hop,8,16,10,1,0,59990,58510,0,200.0,195.1,6.39,5.62,2025-07-12 00:11:30.992,quorum,89.1,96.3,18.269124427473148,1.0,0,0
6a4392,paypal,1,full-mesh,diablo,hop,8,16,10,1,0,59990,58884,0,200.0,196.3,5.74,5.26,2025-07-11 23:51:46.401,quorum,89.1,96.3,17.902559878316882,1.0,0,0
6a4392,paypal,5,full-mesh,diablo,hop,8,16,10,1,0,59990,59415,0,200.0,198.1,5.34,5.09,2025-07-12 00:30:45.536,quorum,89.1,96.3,25.651378919738846,1.0,0,0
6a4392,paypal,7,full-mesh,diablo,hop,8,16,10,1,0,59990,59308,0,200.0,197.7,5.27,5.07,2025-07-12 00:50:00.123,quorum,89.1,96.3,23.86889307861759,1.0,0,0
6a4392,paypal,2,full-mesh,diablo,hop,8,16,10,1,0,59990,46498,0,200.0,155.0,6.56,5.5,2025-07-12 00:01:53.762,quorum,89.1,96.3,17.737974468242747,1.0,0,0
6a4392,paypal,4,full-mesh,diablo,hop,8,16,10,1,0,59990,59451,0,200.0,198.2,5.42,5.11,2025-07-12 00:21:08.331,quorum,89.1,96.3,21.417409855481754,1.0,0,0
6a4392,paypal,10,full-mesh,diablo,hop,8,16,10,1,0,59990,58522,0,200.0,195.1,7.11,5.29,2025-07-12 01:18:51.966,quorum,89.1,96.3,17.352127923590086,1.0,0,0
6a4392,paypal,6,full-mesh,diablo,hop,8,16,10,1,0,59990,59342,0,200.0,197.8,7.26,5.31,2025-07-12 00:40:22.827,quorum,89.1,96.3,25.380473548429325,1.0,0,0
6a4392,paypal,9,full-mesh,diablo,hop,8,16,10,1,0,59990,59379,0,200.0,198.0,7.01,5.28,2025-07-12 01:09:14.675,quorum,89.1,96.3,23.208304263009897,1.0,0,0
2a94c0,football,8,full-mesh,diablo,hop,8,16,10,1,0,4056130,0,0,40159.4,0.0,0.0,0.0,2025-07-12 06:27:30.750,quorum,474.92,360.12,9.032390347619435,1.0,0,0
2a94c0,football,3,full-mesh,diablo,hop,8,16,10,1,0,4056130,0,0,40159.4,0.0,0.0,0.0,2025-07-12 05:17:49.517,quorum,474.92,360.12,8.666844891359457,1.0,0,0
2a94c0,football,1,full-mesh,diablo,hop,8,16,10,1,0,4056130,0,0,40028.8,0.0,0.0,0.0,2025-07-12 04:49:33.144,quorum,474.92,360.12,7.065137965600448,1.0,0,0
2a94c0,football,5,full-mesh,diablo,hop,8,16,10,1,0,4056130,0,0,40159.3,0.0,0.0,0.0,2025-07-12 05:45:26.063,quorum,474.92,360.12,10.581573112119349,1.0,0,0
2a94c0,football,7,full-mesh,diablo,hop,8,16,10,1,0,4056130,0,0,40159.3,0.0,0.0,0.0,2025-07-12 06:13:23.406,quorum,474.92,360.12,9.984425559264643,1.0,0,0
2a94c0,football,2,full-mesh,diablo,hop,8,16,10,1,0,4056130,0,0,40159.4,0.0,0.0,0.0,2025-07-12 05:03:15.906,quorum,474.92,360.12,6.199890112874669,1.0,0,0
2a94c0,football,4,full-mesh,diablo,hop,8,16,10,1,0,4056130,0,0,40159.5,0.0,0.0,0.0,2025-07-12 05:31:36.143,quorum,474.92,360.12,9.930796363968124,1.0,0,0
2a94c0,football,10,full-mesh,diablo,hop,8,16,10,1,0,4056130,0,0,40159.4,0.0,0.0,0.0,2025-07-12 06:55:05.325,quorum,474.92,360.12,8.923484227968002,1.0,0,0
2a94c0,football,6,full-mesh,diablo,hop,8,16,10,1,0,4056130,0,0,40159.3,0.0,0.0,0.0,2025-07-12 05:59:21.081,quorum,474.92,360.12,9.624095867171834,1.0,0,0
2a94c0,football,9,full-mesh,diablo,hop,8,16,10,1,0,4056130,0,0,40157.8,0.0,0.0,0.0,2025-07-12 06:41:17.999,quorum,474.92,360.12,9.5867777701475,1.0,0,0
ed85c6,10000,1,hypercube,diablo,hop,8,16,10,1,0,1199990,0,0,9999.9,0.0,0.0,0.0,2024-06-06 05:12:47.370,quorum,17.98,15.2,9.356902816512862,1.0,0,0
ed85c6,10000,2,hypercube,diablo,hop,8,16,10,1,0,1199990,0,0,9984.7,0.0,0.0,0.0,2024-06-06 05:23:05.523,quorum,17.98,15.2,11.029230505895125,1.0,0,0
c6fe2f,gafam,2,hypercube,diablo,hop,8,16,10,1,0,30320,27978,0,167.7,154.7,134.48,150.45,2024-06-06 04:46:01.842,quorum,4.8,6.24,13.728969864144432,1.0,0,0
0b6afc,paypal,1,hypercube,diablo,hop,8,16,10,1,0,59990,24263,0,200.0,80.9,90.74,84.68,2024-06-06 04:08:26.061,quorum,1.66,2.18,25.41984068710586,1.0,0,0
0b6afc,paypal,2,hypercube,diablo,hop,8,16,10,1,0,59990,58993,0,200.0,196.7,18.64,7.0,2024-06-06 04:18:32.859,quorum,1.66,2.18,28.095952296191353,1.0,0,0
6aaa93,dota,2,hypercube,diablo,hop,8,16,10,1,0,3678700,0,0,13328.6,0.0,0.0,0.0,2024-06-06 06:19:19.055,quorum,20.37,8.56,17.29076626387101,1.0,0,0
076d3d,football,2,hypercube,diablo,hop,8,16,10,1,0,4056130,0,0,40049.2,0.0,0.0,0.0,2024-06-06 05:54:17.251,quorum,33.34,20.19,10.791288770582582,1.0,0,0
07a378,gafam,1,hypercube,diablo,hop,8,16,10,1,0,30320,30119,0,167.7,166.6,52.59,51.59,2024-06-14 17:23:09.926,quorum,12.13,15.37,17.788253077664233,1.0,0,0
07a378,gafam,2,hypercube,diablo,hop,8,16,10,1,0,30320,24411,0,167.7,135.0,81.89,74.77,2024-06-14 17:40:16.524,quorum,12.13,15.37,16.3847070937123,1.0,0,0
a7bc3b,paypal,1,hypercube,diablo,hop,8,16,10,1,0,59990,59314,0,200.0,197.7,13.13,9.01,2024-06-14 17:02:25.790,quorum,4.21,5.28,23.556417308970317,1.0,0,0
a7bc3b,paypal,2,hypercube,diablo,hop,8,16,10,1,0,59990,58762,0,200.0,195.9,13.27,6.25,2024-06-14 17:12:54.070,quorum,4.21,5.28,22.80918667764198,1.0,0,0
86b2ba,visa,1,hypercube,diablo,hop,8,16,10,1,0,540000,686,0,1800.0,2.3,65.03,65.26,2024-06-14 17:47:18.054,quorum,8.8,10.32,19.18154663716549,1.0,0,0
a7e3e4,dota,1,hypercube,diablo,hop,8,16,10,1,0,3678700,0,0,13328.4,0.0,0.0,0.0,2024-06-14 18:41:04.832,quorum,21.38,12.97,28.00972041940797,1.0,0,0
a7e3e4,dota,2,hypercube,diablo,hop,8,16,10,1,0,3678700,0,0,13328.4,0.0,0.0,0.0,2024-06-14 18:58:51.022,quorum,21.38,12.97,14.275151060917661,1.0,0,0
b9d84a,football,1,hypercube,diablo,hop,8,16,10,1,0,4056130,0,0,40014.8,0.0,0.0,0.0,2024-06-14 18:12:57.616,quorum,45.58,33.63,8.079419912026106,1.0,0,0
b9d84a,football,2,hypercube,diablo,hop,8,16,10,1,0,4056130,0,0,39915.1,0.0,0.0,0.0,2024-06-14 18:26:51.420,quorum,45.58,33.63,8.662724860757253,1.0,0,0
2b4339,paypal,1,hypercube,diablo,hop,8,16,10,1,0,59990,58609,0,200.0,195.4,7.46,5.71,2024-06-15 11:19:40.992,quorum,8.44,9.49,31.181952597079594,1.0,0,0
2b4339,paypal,2,hypercube,diablo,hop,8,16,10,1,0,59990,58742,0,200.0,195.8,7.14,5.36,2024-06-15 11:29:49.098,quorum,8.44,9.49,26.95438638128571,1.0,0,0
9888fd,dota,1,hypercube,diablo,hop,8,16,10,1,0,3678700,0,0,13328.6,0.0,0.0,0.0,2024-06-17 03:40:38.647,quorum,11.36,2.64,26.02160628687187,1.0,0,0
9888fd,dota,3,hypercube,diablo,hop,8,16,10,1,0,3678700,0,0,13328.6,0.0,0.0,0.0,2024-06-17 04:10:53.303,quorum,11.36,2.64,21.687312360897298,1.0,0,0
9888fd,dota,2,hypercube,diablo,hop,8,16,10,1,0,3678700,0,0,13328.6,0.0,0.0,0.0,2024-06-17 03:55:41.633,quorum,11.36,2.64,22.606787931395512,1.0,0,0
bea3bc,visa,1,hypercube,diablo,hop,8,16,10,1,0,540000,4789,0,1800.0,16.0,100.04,100.65,2024-06-17 03:04:40.024,quorum,1.76,0.75,15.622933604414527,1.0,0,0
b7b1d3,gafam,2,hypercube,diablo,hop,8,16,10,1,0,30320,12538,0,167.7,69.3,80.75,84.8,2025-06-16 00:54:33.465,quorum,20.59,21.71,12.365651176226901,1.0,0,0
b7b1d3,gafam,8,hypercube,diablo,hop,8,16,10,1,0,30320,17185,0,167.7,95.0,112.61,118.3,2025-06-16 02:06:36.991,quorum,20.59,21.71,13.682779320935262,1.0,0,0
b7b1d3,gafam,5,hypercube,diablo,hop,8,16,10,1,0,30320,8180,0,167.7,45.2,32.74,21.93,2025-06-16 01:30:57.820,quorum,20.59,21.71,17.18131623983199,1.0,0,0
b7b1d3,gafam,1,hypercube,diablo,hop,8,16,10,1,0,30320,8731,0,167.7,48.3,150.6,152.05,2025-06-16 00:42:35.079,quorum,20.59,21.71,11.748276916797616,1.0,0,0
b7b1d3,gafam,6,hypercube,diablo,hop,8,16,10,1,0,30320,10570,0,167.7,58.5,101.54,112.72,2025-06-16 01:42:53.112,quorum,20.59,21.71,16.428175356709513,1.0,0,0
b7b1d3,gafam,10,hypercube,diablo,hop,8,16,10,1,0,30320,13915,0,167.7,77.0,88.24,67.45,2025-06-16 02:30:55.744,quorum,20.59,21.71,14.398554837473585,1.0,0,0
b7b1d3,gafam,4,hypercube,diablo,hop,8,16,10,1,0,30320,13192,0,167.7,73.0,135.47,147.48,2025-06-16 01:19:21.804,quorum,20.59,21.71,16.750616681442526,1.0,0,0
b7b1d3,gafam,3,hypercube,diablo,hop,8,16,10,1,0,30320,19468,0,167.7,107.7,131.51,136.13,2025-06-16 01:06:52.446,quorum,20.59,21.71,14.791277250112755,1.0,0,0
b7b1d3,gafam,9,hypercube,diablo,hop,8,16,10,1,0,30320,4588,0,167.7,25.4,130.13,131.39,2025-06-16 02:18:43.538,quorum,20.59,21.71,12.351040246372342,1.0,0,0
1084e3,10000,2,hypercube,diablo,hop,8,16,10,1,0,1199990,0,0,9999.9,0.0,0.0,0.0,2025-06-16 06:06:43.424,quorum,291.8,278.58,9.131867489056033,1.0,0,0
1084e3,10000,8,hypercube,diablo,hop,8,16,10,1,0,1199990,0,0,9999.9,0.0,0.0,0.0,2025-06-16 07:05:36.244,quorum,291.8,278.58,12.147290379419783,1.0,0,0
1084e3,10000,5,hypercube,diablo,hop,8,16,10,1,0,1199990,0,0,9973.5,0.0,0.0,0.0,2025-06-16 06:36:09.585,quorum,291.8,278.58,10.775518240009069,1.0,0,0
1084e3,10000,1,hypercube,diablo,hop,8,16,10,1,0,1199990,0,0,9999.9,0.0,0.0,0.0,2025-06-16 05:56:55.763,quorum,291.8,278.58,12.637507159844874,1.0,0,0
1084e3,10000,6,hypercube,diablo,hop,8,16,10,1,0,1199990,0,0,9999.9,0.0,0.0,0.0,2025-06-16 06:45:58.287,quorum,291.8,278.58,11.777300105190154,1.0,0,0
1084e3,10000,7,hypercube,diablo,hop,8,16,10,1,0,1199990,0,0,9999.9,0.0,0.0,0.0,2025-06-16 06:55:48.487,quorum,291.8,278.58,11.627726457250542,1.0,0,0
1084e3,10000,10,hypercube,diablo,hop,8,16,10,1,0,1199990,0,0,9999.9,0.0,0.0,0.0,2025-06-16 07:25:12.350,quorum,291.8,278.58,9.626906088379535,1.0,0,0
1084e3,10000,4,hypercube,diablo,hop,8,16,10,1,0,1199990,0,0,9973.5,0.0,0.0,0.0,2025-06-16 06:26:22.278,quorum,291.8,278.58,8.206691610589605,1.0,0,0
1084e3,10000,3,hypercube,diablo,hop,8,16,10,1,0,1199990,0,0,9999.9,0.0,0.0,0.0,2025-06-16 06:16:31.957,quorum,291.8,278.58,7.852949583454915,1.0,0,0
1084e3,10000,9,hypercube,diablo,hop,8,16,10,1,0,1199990,0,0,9999.9,0.0,0.0,0.0,2025-06-16 07:15:24.014,quorum,291.8,278.58,11.11366050808724,1.0,0,0
bb1dba,visa,2,hypercube,diablo,hop,8,16,10,1,0,540000,0,0,1800.0,0.0,0.0,0.0,2025-06-16 04:29:18.440,quorum,103.63,107.98,24.289805473813143,1.0,0,0
bb1dba,visa,8,hypercube,diablo,hop,8,16,10,1,0,540000,0,0,1800.0,0.0,0.0,0.0,2025-06-16 05:27:32.257,quorum,103.63,107.98,27.527066539008647,1.0,0,0
bb1dba,visa,5,hypercube,diablo,hop,8,16,10,1,0,540000,0,0,1800.0,0.0,0.0,0.0,2025-06-16 04:58:24.644,quorum,103.63,107.98,18.269297337590583,1.0,0,0
bb1dba,visa,1,hypercube,diablo,hop,8,16,10,1,0,540000,0,0,1800.0,0.0,0.0,0.0,2025-06-16 04:19:35.546,quorum,103.63,107.98,27.194342494966754,1.0,0,0
bb1dba,visa,6,hypercube,diablo,hop,8,16,10,1,0,540000,0,0,1800.0,0.0,0.0,0.0,2025-06-16 05:08:06.457,quorum,103.63,107.98,22.10095036895128,1.0,0,0
bb1dba,visa,7,hypercube,diablo,hop,8,16,10,1,0,540000,0,0,1800.0,0.0,0.0,0.0,2025-06-16 05:17:48.858,quorum,103.63,107.98,22.56050028041311,1.0,0,0
bb1dba,visa,10,hypercube,diablo,hop,8,16,10,1,0,540000,0,0,1800.0,0.0,0.0,0.0,2025-06-16 05:46:55.538,quorum,103.63,107.98,25.217304487679225,1.0,0,0
bb1dba,visa,4,hypercube,diablo,hop,8,16,10,1,0,540000,82,0,1800.0,0.3,3.66,3.67,2025-06-16 04:48:42.460,quorum,103.63,107.98,19.591032953533418,1.0,0,0
bb1dba,visa,3,hypercube,diablo,hop,8,16,10,1,0,540000,0,0,1800.0,0.0,0.0,0.0,2025-06-16 04:38:59.828,quorum,103.63,107.98,20.4354308616107,1.0,0,0
bb1dba,visa,9,hypercube,diablo,hop,8,16,10,1,0,540000,0,0,1800.0,0.0,0.0,0.0,2025-06-16 05:37:13.524,quorum,103.63,107.98,24.543524705207147,1.0,0,0
730e5b,football,2,hypercube,diablo,hop,8,16,10,1,0,4056130,0,0,40159.3,0.0,0.0,0.0,2025-06-16 07:53:20.222,quorum,465.02,351.11,11.157060750952517,1.0,0,0
730e5b,football,8,hypercube,diablo,hop,8,16,10,1,0,4056130,0,0,40159.3,0.0,0.0,0.0,2025-06-16 09:17:03.058,quorum,465.02,351.11,10.274028262941904,1.0,0,0
730e5b,football,5,hypercube,diablo,hop,8,16,10,1,0,4056130,0,0,40159.4,0.0,0.0,0.0,2025-06-16 08:35:19.114,quorum,465.02,351.11,8.904858792104319,1.0,0,0
730e5b,football,1,hypercube,diablo,hop,8,16,10,1,0,4056130,0,0,39307.5,0.0,0.0,0.0,2025-06-16 07:39:42.764,quorum,465.02,351.11,8.13454682334398,1.0,0,0
730e5b,football,6,hypercube,diablo,hop,8,16,10,1,0,4056130,0,0,40159.2,0.0,0.0,0.0,2025-06-16 08:49:20.943,quorum,465.02,351.11,8.013748118769298,1.0,0,0
730e5b,football,7,hypercube,diablo,hop,8,16,10,1,0,4056130,0,0,40043.6,0.0,0.0,0.0,2025-06-16 09:03:12.899,quorum,465.02,351.11,8.481506214869963,1.0,0,0
730e5b,football,10,hypercube,diablo,hop,8,16,10,1,0,4056130,0,0,40159.4,0.0,0.0,0.0,2025-06-16 09:44:50.117,quorum,465.02,351.11,10.081829791973938,1.0,0,0
730e5b,football,4,hypercube,diablo,hop,8,16,10,1,0,4056130,0,0,40011.1,0.0,0.0,0.0,2025-06-16 08:21:23.975,quorum,465.02,351.11,9.385355212220485,1.0,0,0
730e5b,football,3,hypercube,diablo,hop,8,16,10,1,0,4056130,0,0,40159.3,0.0,0.0,0.0,2025-06-16 08:07:18.294,quorum,465.02,351.11,9.140251120382326,1.0,0,0
730e5b,football,9,hypercube,diablo,hop,8,16,10,1,0,4056130,0,0,40159.3,0.0,0.0,0.0,2025-06-16 09:31:16.826,quorum,465.02,351.11,11.093666830178263,1.0,0,0
bad54a,dota,2,hypercube,diablo,hop,8,16,10,1,0,3678700,0,0,13328.6,0.0,0.0,0.0,2025-06-16 10:12:16.734,quorum,210.28,134.38,19.846704831136524,1.0,0,0
bad54a,dota,8,hypercube,diablo,hop,8,16,10,1,0,3678700,0,0,13328.6,0.0,0.0,0.0,2025-06-16 11:35:25.745,quorum,210.28,134.38,20.458841424879818,1.0,0,0
bad54a,dota,5,hypercube,diablo,hop,8,16,10,1,0,3678700,0,0,13328.6,0.0,0.0,0.0,2025-06-16 10:54:05.999,quorum,210.28,134.38,19.989028402117093,1.0,0,0
bad54a,dota,1,hypercube,diablo,hop,8,16,10,1,0,3678700,0,0,13328.6,0.0,0.0,0.0,2025-06-16 09:58:35.826,quorum,210.28,134.38,17.47514321618844,1.0,0,0
bad54a,dota,6,hypercube,diablo,hop,8,16,10,1,0,3678700,0,0,13325.1,0.0,0.0,0.0,2025-06-16 11:07:55.958,quorum,210.28,134.38,19.253750384787235,1.0,0,0
bad54a,dota,7,hypercube,diablo,hop,8,16,10,1,0,3678700,0,0,13328.6,0.0,0.0,0.0,2025-06-16 11:21:40.875,quorum,210.28,134.38,22.84929623903757,1.0,0,0
bad54a,dota,10,hypercube,diablo,hop,8,16,10,1,0,3678700,0,0,13318.9,0.0,0.0,0.0,2025-06-16 12:03:31.180,quorum,210.28,134.38,19.423359019768515,1.0,0,0
bad54a,dota,4,hypercube,diablo,hop,8,16,10,1,0,3678700,0,0,13328.6,0.0,0.0,0.0,2025-06-16 10:40:10.664,quorum,210.28,134.38,21.69497335599643,1.0,0,0
bad54a,dota,3,hypercube,diablo,hop,8,16,10,1,0,3678700,0,0,13328.6,0.0,0.0,0.0,2025-06-16 10:26:22.092,quorum,210.28,134.38,18.868767483223937,1.0,0,0
bad54a,dota,9,hypercube,diablo,hop,8,16,10,1,0,3678700,0,0,13328.6,0.0,0.0,0.0,2025-06-16 11:49:39.953,quorum,210.28,134.38,20.08556214801366,1.0,0,0
3a84bd,paypal,2,hypercube,diablo,hop,8,16,10,1,0,59990,58952,0,200.0,196.5,7.24,5.31,2025-06-16 02:52:11.998,quorum,88.13,95.62,23.38393244323743,1.0,0,0
3a84bd,paypal,8,hypercube,diablo,hop,8,16,10,1,0,59990,58543,0,200.0,195.2,7.1,5.33,2025-06-16 03:50:29.987,quorum,88.13,95.62,19.855839088835555,1.0,0,0
3a84bd,paypal,5,hypercube,diablo,hop,8,16,10,1,0,59990,59410,0,200.0,198.1,6.93,5.29,2025-06-16 03:21:37.755,quorum,88.13,95.62,20.296563152869584,1.0,0,0
3a84bd,paypal,1,hypercube,diablo,hop,8,16,10,1,0,59990,59259,0,200.0,197.6,5.44,5.15,2025-06-16 02:42:04.269,quorum,88.13,95.62,23.69218960540528,1.0,0,0
3a84bd,paypal,6,hypercube,diablo,hop,8,16,10,1,0,59990,58562,0,200.0,195.2,7.52,5.44,2025-06-16 03:31:14.973,quorum,88.13,95.62,21.185477108352394,1.0,0,0
3a84bd,paypal,7,hypercube,diablo,hop,8,16,10,1,0,59990,59421,0,200.0,198.1,7.03,5.31,2025-06-16 03:40:52.575,quorum,88.13,95.62,21.023140720079734,1.0,0,0
3a84bd,paypal,10,hypercube,diablo,hop,8,16,10,1,0,59990,36586,0,200.0,122.0,7.36,6.14,2025-06-16 04:09:45.082,quorum,88.13,95.62,26.82910677046156,1.0,0,0
3a84bd,paypal,4,hypercube,diablo,hop,8,16,10,1,0,59990,58903,0,200.0,196.4,7.02,5.35,2025-06-16 03:12:00.205,quorum,88.13,95.62,20.345086230890548,1.0,0,0
3a84bd,paypal,3,hypercube,diablo,hop,8,16,10,1,0,59990,59429,0,200.0,198.1,6.9,5.32,2025-06-16 03:01:49.547,quorum,88.13,95.62,25.130566420869965,1.0,0,0
3a84bd,paypal,9,hypercube,diablo,hop,8,16,10,1,0,59990,59454,0,200.0,198.2,6.92,5.3,2025-06-16 04:00:07.535,quorum,88.13,95.62,21.66985523105249,1.0,0,0
dc41d6,10000,1,scale-free-l,diablo,hop,8,16,10,1,0,1199990,0,0,9999.9,0.0,0.0,0.0,2024-05-28 06:31:08.085,quorum,8.98,5.49,11.58107352240533,1.0,0,0
4fe6df,dota,1,scale-free-l,diablo,hop,8,16,10,1,0,3678700,0,0,13328.6,0.0,0.0,0.0,2024-05-28 07:01:05.611,quorum,11.97,3.68,16.36948564028887,1.0,0,0
adf66c,gafam,1,scale-free-l,diablo,hop,8,16,10,1,0,30320,5746,0,167.7,31.8,85.88,77.22,2024-05-28 06:08:39.615,quorum,2.59,2.63,18.217343412228892,1.0,0,0
1dae9e,football,1,scale-free-l,diablo,hop,8,16,10,1,0,4056130,0,0,39378.4,0.0,0.0,0.0,2024-05-28 06:47:05.736,quorum,23.04,8.29,5.785674671021254,1.0,0,0
a5ae9a,paypal,1,scale-free-l,diablo,hop,8,16,10,1,0,59990,12790,0,200.0,42.6,176.96,176.59,2024-05-28 05:57:47.741,quorum,0.63,0.64,22.86578897304672,1.0,0,0
97a9f7,visa,1,scale-free-l,diablo,hop,8,16,10,1,0,540000,2521,0,1800.0,8.4,89.29,85.38,2024-05-29 06:31:37.205,quorum,0.59,0.21,26.61619700542373,1.0,0,0
22bafa,10000,2,scale-free-l,diablo,hop,8,16,10,1,0,1199990,0,0,9999.9,0.0,0.0,0.0,2024-06-05 21:48:10.185,quorum,0.53,0.53,11.06328369435901,1.0,0,0
22bafa,10000,1,scale-free-l,diablo,hop,8,16,10,1,0,1199990,0,0,9999.9,0.0,0.0,0.0,2024-06-05 21:38:21.215,quorum,0.53,0.53,10.18516261556019,1.0,0,0
865e69,football,2,scale-free-l,diablo,hop,8,16,10,1,0,4056130,0,0,40124.8,0.0,0.0,0.0,2024-06-05 22:17:02.795,quorum,0.64,0.64,7.523839806736099,1.0,0,0
865e69,football,1,scale-free-l,diablo,hop,8,16,10,1,0,4056130,0,0,40124.8,0.0,0.0,0.0,2024-06-05 22:07:40.569,quorum,0.64,0.64,7.548708887252428,1.0,0,0
7d7fdc,visa,1,scale-free-l,diablo,hop,8,16,10,1,0,540000,4575,0,1800.0,15.2,68.34,68.97,2024-06-14 15:32:56.594,quorum,3.63,3.09,21.23659224919136,1.0,0,0
3a7b6c,paypal,1,scale-free-l,diablo,hop,8,16,10,1,0,59990,13639,0,200.0,45.5,86.29,85.47,2024-06-14 14:48:20.413,quorum,0.76,0.71,27.706369925435375,1.0,0,0
c5b01f,gafam,2,scale-free-l,diablo,hop,8,16,10,1,0,30320,6211,0,167.7,34.4,139.12,163.98,2024-06-14 15:22:53.541,quorum,3.4,3.45,13.129631818279812,1.0,0,0
c5b01f,gafam,1,scale-free-l,diablo,hop,8,16,10,1,0,30320,12255,0,167.7,67.8,111.97,114.89,2024-06-14 15:11:37.617,quorum,3.4,3.45,10.037436487983403,1.0,0,0
6562f3,dota,2,scale-free-l,diablo,hop,8,16,10,1,0,3678700,0,0,11528.0,0.0,0.0,0.0,2024-06-14 16:41:47.493,quorum,18.12,5.49,15.669086437256185,1.0,0,0
6562f3,dota,1,scale-free-l,diablo,hop,8,16,10,1,0,3678700,0,0,13328.6,0.0,0.0,0.0,2024-06-14 16:26:40.268,quorum,18.12,5.49,21.331772956422043,1.0,0,0
dc1e0c,football,2,scale-free-l,diablo,hop,8,16,10,1,0,4056130,0,0,40159.3,0.0,0.0,0.0,2024-06-14 16:13:22.494,quorum,30.03,12.12,12.412700711624066,1.0,0,0
dc1e0c,football,1,scale-free-l,diablo,hop,8,16,10,1,0,4056130,0,0,40159.3,0.0,0.0,0.0,2024-06-14 16:00:34.890,quorum,30.03,12.12,10.708299293514022,1.0,0,0
71fae4,paypal,1,scale-free-l,diablo,hop,8,16,10,1,0,59990,9178,0,200.0,30.6,126.08,139.03,2024-06-15 10:17:44.126,quorum,1.28,1.3,23.37849666778463,1.0,0,0
71fae4,paypal,2,scale-free-l,diablo,hop,8,16,10,1,0,59990,22320,0,200.0,74.4,44.9,32.77,2024-06-15 10:27:51.956,quorum,1.28,1.3,21.415534749929638,1.0,0,0
f3df5d,visa,1,scale-free-l,diablo,hop,8,16,10,1,0,540000,842,0,1800.0,2.8,228.68,230.27,2024-06-16 07:50:20.262,quorum,8.36,1.49,26.2948172976708,1.0,0,0
046585,gafam,9,scale-free-l,diablo,hop,8,16,10,1,0,30320,12760,0,167.7,70.6,83.97,86.97,2025-06-12 22:27:16.815,quorum,19.48,20.55,11.763344200368534,1.0,0,0
046585,gafam,6,scale-free-l,diablo,hop,8,16,10,1,0,30320,9615,0,167.7,53.2,156.43,158.55,2025-06-12 21:52:24.732,quorum,19.48,20.55,18.03716695876491,1.0,0,0
046585,gafam,4,scale-free-l,diablo,hop,8,16,10,1,0,30320,17685,0,167.7,97.8,77.17,75.85,2025-06-12 21:28:36.309,quorum,19.48,20.55,12.344122711876398,1.0,0,0
046585,gafam,7,scale-free-l,diablo,hop,8,16,10,1,0,30320,18314,0,167.7,101.3,97.17,86.3,2025-06-12 22:04:03.163,quorum,19.48,20.55,16.150414808109012,1.0,0,0
046585,gafam,5,scale-free-l,diablo,hop,8,16,10,1,0,30320,11034,0,167.7,61.0,79.94,77.65,2025-06-12 21:40:48.399,quorum,19.48,20.55,14.148934085442992,1.0,0,0
046585,gafam,8,scale-free-l,diablo,hop,8,16,10,1,0,30320,9376,0,167.7,51.9,106.38,106.52,2025-06-12 22:15:39.384,quorum,19.48,20.55,14.274768203403994,1.0,0,0
046585,gafam,2,scale-free-l,diablo,hop,8,16,10,1,0,30320,17414,0,167.7,96.3,90.78,99.31,2025-06-12 21:04:48.449,quorum,19.48,20.55,14.575063601409905,1.0,0,0
046585,gafam,10,scale-free-l,diablo,hop,8,16,10,1,0,30320,12671,0,167.7,70.1,65.37,56.27,2025-06-12 22:38:54.233,quorum,19.48,20.55,13.412992119224361,1.0,0,0
453cd1,paypal,9,scale-free-l,diablo,hop,8,16,10,1,0,59990,58394,0,200.0,194.7,10.22,8.67,2025-06-13 00:08:58.671,quorum,81.44,89.04,27.176098447591098,1.0,0,0
453cd1,paypal,6,scale-free-l,diablo,hop,8,16,10,1,0,59990,58488,0,200.0,195.0,10.39,8.73,2025-06-12 23:39:34.263,quorum,81.44,89.04,24.633747388462837,1.0,0,0
453cd1,paypal,4,scale-free-l,diablo,hop,8,16,10,1,0,59990,58520,0,200.0,195.1,10.33,8.71,2025-06-12 23:20:18.250,quorum,81.44,89.04,20.38769650457779,1.0,0,0
453cd1,paypal,7,scale-free-l,diablo,hop,8,16,10,1,0,59990,58332,0,200.0,194.5,10.09,8.62,2025-06-12 23:49:12.230,quorum,81.44,89.04,21.002638570351905,1.0,0,0
453cd1,paypal,3,scale-free-l,diablo,hop,8,16,10,1,0,59990,58303,0,200.0,194.4,10.33,8.76,2025-06-12 23:10:12.054,quorum,81.44,89.04,22.407970606087414,1.0,0,0
453cd1,paypal,5,scale-free-l,diablo,hop,8,16,10,1,0,59990,58560,0,200.0,195.2,10.45,8.74,2025-06-12 23:29:56.195,quorum,81.44,89.04,22.92920591499792,1.0,0,0
453cd1,paypal,1,scale-free-l,diablo,hop,8,16,10,1,0,59990,58571,0,200.0,195.3,10.45,8.94,2025-06-12 22:50:22.895,quorum,81.44,89.04,20.318944981335836,1.0,0,0
453cd1,paypal,8,scale-free-l,diablo,hop,8,16,10,1,0,59990,58519,0,200.0,195.1,10.3,8.79,2025-06-12 23:58:50.173,quorum,81.44,89.04,25.324083878642245,1.0,0,0
453cd1,paypal,2,scale-free-l,diablo,hop,8,16,10,1,0,59990,58597,0,200.0,195.4,10.36,8.8,2025-06-12 23:00:00.737,quorum,81.44,89.04,19.76221722433691,1.0,0,0
453cd1,paypal,10,scale-free-l,diablo,hop,8,16,10,1,0,59990,58468,0,200.0,194.9,10.32,8.73,2025-06-13 00:18:36.550,quorum,81.44,89.04,23.30450937123988,1.0,0,0
417322,dota,9,scale-free-l,diablo,hop,8,16,10,1,0,3678700,0,0,13328.6,0.0,0.0,0.0,2025-06-13 08:01:52.372,quorum,204.34,129.25,15.7171831005053,1.0,0,0
417322,dota,6,scale-free-l,diablo,hop,8,16,10,1,0,3678700,0,0,13328.6,0.0,0.0,0.0,2025-06-13 07:20:06.527,quorum,204.34,129.25,22.83114851377859,1.0,0,0
417322,dota,4,scale-free-l,diablo,hop,8,16,10,1,0,3678700,0,0,13328.6,0.0,0.0,0.0,2025-06-13 06:52:22.596,quorum,204.34,129.25,16.146967784445266,1.0,0,0
417322,dota,7,scale-free-l,diablo,hop,8,16,10,1,0,3678700,0,0,12786.3,0.0,0.0,0.0,2025-06-13 07:33:57.709,quorum,204.34,129.25,25.23448595822212,1.0,0,0
417322,dota,3,scale-free-l,diablo,hop,8,16,10,1,0,3678700,0,0,13328.6,0.0,0.0,0.0,2025-06-13 06:38:25.290,quorum,204.34,129.25,19.403101247942363,1.0,0,0
417322,dota,5,scale-free-l,diablo,hop,8,16,10,1,0,3678700,0,0,13328.6,0.0,0.0,0.0,2025-06-13 07:06:06.810,quorum,204.34,129.25,17.713198100860335,1.0,0,0
417322,dota,1,scale-free-l,diablo,hop,8,16,10,1,0,3678700,0,0,13324.9,0.0,0.0,0.0,2025-06-13 06:10:36.844,quorum,204.34,129.25,23.160391078381927,1.0,0,0
417322,dota,8,scale-free-l,diablo,hop,8,16,10,1,0,3678700,0,0,13328.6,0.0,0.0,0.0,2025-06-13 07:47:58.281,quorum,204.34,129.25,26.587757891621525,1.0,0,0
417322,dota,2,scale-free-l,diablo,hop,8,16,10,1,0,3678700,0,0,13328.6,0.0,0.0,0.0,2025-06-13 06:24:28.914,quorum,204.34,129.25,22.81279617677051,1.0,0,0
417322,dota,10,scale-free-l,diablo,hop,8,16,10,1,0,3678700,0,0,13328.4,0.0,0.0,0.0,2025-06-13 08:15:47.104,quorum,204.34,129.25,19.757650694559963,1.0,0,0
2046dc,visa,9,scale-free-l,diablo,hop,8,16,10,1,0,540000,0,0,1800.0,0.0,0.0,0.0,2025-06-13 01:46:49.122,quorum,97.5,102.09,19.00377986920633,1.0,0,0
2046dc,visa,6,scale-free-l,diablo,hop,8,16,10,1,0,540000,2664,0,1800.0,8.9,96.67,101.69,2025-06-13 01:17:39.171,quorum,97.5,102.09,26.280222306068747,1.0,0,0
2046dc,visa,4,scale-free-l,diablo,hop,8,16,10,1,0,540000,0,0,1800.0,0.0,0.0,0.0,2025-06-13 00:57:41.268,quorum,97.5,102.09,21.810856883558905,1.0,0,0
2046dc,visa,7,scale-free-l,diablo,hop,8,16,10,1,0,540000,0,0,1799.6,0.0,0.0,0.0,2025-06-13 01:27:21.717,quorum,97.5,102.09,23.276708580203668,1.0,0,0
2046dc,visa,3,scale-free-l,diablo,hop,8,16,10,1,0,540000,0,0,1800.0,0.0,0.0,0.0,2025-06-13 00:47:56.788,quorum,97.5,102.09,21.169290970121548,1.0,0,0
2046dc,visa,5,scale-free-l,diablo,hop,8,16,10,1,0,540000,0,0,1800.0,0.0,0.0,0.0,2025-06-13 01:07:25.038,quorum,97.5,102.09,26.984453835599247,1.0,0,0
2046dc,visa,1,scale-free-l,diablo,hop,8,16,10,1,0,540000,0,0,1800.0,0.0,0.0,0.0,2025-06-13 00:28:28.935,quorum,97.5,102.09,22.4785395364774,1.0,0,0
2046dc,visa,8,scale-free-l,diablo,hop,8,16,10,1,0,540000,0,0,1800.0,0.0,0.0,0.0,2025-06-13 01:37:05.853,quorum,97.5,102.09,21.95549676876845,1.0,0,0
2046dc,visa,2,scale-free-l,diablo,hop,8,16,10,1,0,540000,0,0,1800.0,0.0,0.0,0.0,2025-06-13 00:38:13.939,quorum,97.5,102.09,18.152061989798362,1.0,0,0
2046dc,visa,10,scale-free-l,diablo,hop,8,16,10,1,0,540000,0,0,1800.0,0.0,0.0,0.0,2025-06-13 01:56:32.898,quorum,97.5,102.09,17.594148641784507,1.0,0,0
bf0510,football,9,scale-free-l,diablo,hop,8,16,10,1,0,4056130,0,0,40159.4,0.0,0.0,0.0,2025-06-13 05:42:17.416,quorum,448.9,335.45,9.32829006588991,1.0,0,0
bf0510,football,6,scale-free-l,diablo,hop,8,16,10,1,0,4056130,0,0,39434.4,0.0,0.0,0.0,2025-06-13 05:00:19.474,quorum,448.9,335.45,10.48991741067849,1.0,0,0
bf0510,football,4,scale-free-l,diablo,hop,8,16,10,1,0,4056130,0,0,40159.3,0.0,0.0,0.0,2025-06-13 04:32:18.311,quorum,448.9,335.45,5.421154841218166,1.0,0,0
bf0510,football,7,scale-free-l,diablo,hop,8,16,10,1,0,4056130,0,0,40159.3,0.0,0.0,0.0,2025-06-13 05:14:12.794,quorum,448.9,335.45,12.392911994471149,1.0,0,0
bf0510,football,3,scale-free-l,diablo,hop,8,16,10,1,0,4056130,0,0,40159.3,0.0,0.0,0.0,2025-06-13 04:18:18.395,quorum,448.9,335.45,8.860967719737717,1.0,0,0
bf0510,football,5,scale-free-l,diablo,hop,8,16,10,1,0,4056130,0,0,40159.3,0.0,0.0,0.0,2025-06-13 04:46:18.153,quorum,448.9,335.45,7.381504021081701,1.0,0,0
bf0510,football,1,scale-free-l,diablo,hop,8,16,10,1,0,4056130,0,0,40159.3,0.0,0.0,0.0,2025-06-13 03:50:17.768,quorum,448.9,335.45,13.197373467650893,1.0,0,0
bf0510,football,8,scale-free-l,diablo,hop,8,16,10,1,0,4056130,0,0,40159.4,0.0,0.0,0.0,2025-06-13 05:28:11.419,quorum,448.9,335.45,11.084674700556524,1.0,0,0
bf0510,football,2,scale-free-l,diablo,hop,8,16,10,1,0,4056130,0,0,39780.1,0.0,0.0,0.0,2025-06-13 04:04:18.691,quorum,448.9,335.45,9.803854782095538,1.0,0,0
bf0510,football,10,scale-free-l,diablo,hop,8,16,10,1,0,4056130,0,0,40159.4,0.0,0.0,0.0,2025-06-13 05:57:03.514,quorum,448.9,335.45,9.727147436897795,1.0,0,0
0cc85d,10000,9,scale-free-l,diablo,hop,8,16,10,1,0,1199990,0,0,9984.1,0.0,0.0,0.0,2025-06-13 03:25:14.831,quorum,276.84,264.26,8.797032344408526,1.0,0,0
0cc85d,10000,6,scale-free-l,diablo,hop,8,16,10,1,0,1199990,0,0,9999.9,0.0,0.0,0.0,2025-06-13 02:55:45.670,quorum,276.84,264.26,13.031883204916051,1.0,0,0
0cc85d,10000,4,scale-free-l,diablo,hop,8,16,10,1,0,1199990,0,0,9999.9,0.0,0.0,0.0,2025-06-13 02:36:05.237,quorum,276.84,264.26,12.391809730953112,1.0,0,0
0cc85d,10000,7,scale-free-l,diablo,hop,8,16,10,1,0,1199990,0,0,9999.9,0.0,0.0,0.0,2025-06-13 03:05:34.833,quorum,276.84,264.26,9.652669315604259,1.0,0,0
0cc85d,10000,3,scale-free-l,diablo,hop,8,16,10,1,0,1199990,0,0,9999.9,0.0,0.0,0.0,2025-06-13 02:26:15.716,quorum,276.84,264.26,13.067089559751025,1.0,0,0
0cc85d,10000,5,scale-free-l,diablo,hop,8,16,10,1,0,1199990,0,0,9999.9,0.0,0.0,0.0,2025-06-13 02:45:55.584,quorum,276.84,264.26,11.500056476181088,1.0,0,0
0cc85d,10000,1,scale-free-l,diablo,hop,8,16,10,1,0,1199990,0,0,9999.9,0.0,0.0,0.0,2025-06-13 02:06:35.533,quorum,276.84,264.26,8.002211888457413,1.0,0,0
0cc85d,10000,8,scale-free-l,diablo,hop,8,16,10,1,0,1199990,0,0,9999.9,0.0,0.0,0.0,2025-06-13 03:15:25.338,quorum,276.84,264.26,6.278824797014868,1.0,0,0
0cc85d,10000,2,scale-free-l,diablo,hop,8,16,10,1,0,1199990,0,0,9999.9,0.0,0.0,0.0,2025-06-13 02:16:26.936,quorum,276.84,264.26,10.760465401295102,1.0,0,0
0cc85d,10000,10,scale-free-l,diablo,hop,8,16,10,1,0,1199990,0,0,9999.9,0.0,0.0,0.0,2025-06-13 03:35:05.115,quorum,276.84,264.26,11.301961132009902,1.0,0,0
29fb07,10000,8,torus-l,diablo,hop,8,16,10,1,0,1199990,0,0,9999.9,0.0,0.0,0.0,2025-06-14 04:32:28.091,quorum,268.62,256.17,8.988231772028378,1.0,0,0
29fb07,10000,3,torus-l,diablo,hop,8,16,10,1,0,1199990,0,0,9999.9,0.0,0.0,0.0,2025-06-14 03:43:25.263,quorum,268.62,256.17,11.126382951021801,1.0,0,0
29fb07,10000,1,torus-l,diablo,hop,8,16,10,1,0,1199990,0,0,9999.9,0.0,0.0,0.0,2025-06-14 03:23:48.757,quorum,268.62,256.17,10.474622187320183,1.0,0,0
29fb07,10000,5,torus-l,diablo,hop,8,16,10,1,0,1199990,0,0,9961.3,0.0,0.0,0.0,2025-06-14 04:03:02.602,quorum,268.62,256.17,10.318372536538257,1.0,0,0
29fb07,10000,7,torus-l,diablo,hop,8,16,10,1,0,1199990,0,0,9977.2,0.0,0.0,0.0,2025-06-14 04:22:39.356,quorum,268.62,256.17,10.557365733757148,1.0,0,0
29fb07,10000,2,torus-l,diablo,hop,8,16,10,1,0,1199990,0,0,9999.9,0.0,0.0,0.0,2025-06-14 03:33:37.339,quorum,268.62,256.17,11.563386826238448,1.0,0,0
29fb07,10000,4,torus-l,diablo,hop,8,16,10,1,0,1199990,0,0,9999.9,0.0,0.0,0.0,2025-06-14 03:53:13.880,quorum,268.62,256.17,11.17229354068886,1.0,0,0
29fb07,10000,10,torus-l,diablo,hop,8,16,10,1,0,1199990,0,0,9999.9,0.0,0.0,0.0,2025-06-14 04:52:06.061,quorum,268.62,256.17,9.188488282386533,1.0,0,0
29fb07,10000,6,torus-l,diablo,hop,8,16,10,1,0,1199990,0,0,9997.4,0.0,0.0,0.0,2025-06-14 04:12:50.752,quorum,268.62,256.17,11.024028285974365,1.0,0,0
29fb07,10000,9,torus-l,diablo,hop,8,16,10,1,0,1199990,0,0,9999.7,0.0,0.0,0.0,2025-06-14 04:42:16.874,quorum,268.62,256.17,8.912208208136677,1.0,0,0
b5f692,gafam,8,torus-l,diablo,hop,8,16,10,1,0,30320,30148,0,167.7,166.7,103.54,110.27,2025-06-13 23:32:59.853,quorum,19.83,21.5,9.141086667949985,1.0,0,0
b5f692,gafam,3,torus-l,diablo,hop,8,16,10,1,0,30320,11456,0,167.7,63.4,108.84,106.92,2025-06-13 22:33:02.459,quorum,19.83,21.5,17.898556120974305,1.0,0,0
b5f692,gafam,1,torus-l,diablo,hop,8,16,10,1,0,30320,13827,0,167.7,76.5,142.04,152.48,2025-06-13 22:09:23.128,quorum,19.83,21.5,11.535005819595264,1.0,0,0
b5f692,gafam,5,torus-l,diablo,hop,8,16,10,1,0,30320,16044,0,167.7,88.7,130.15,137.16,2025-06-13 22:56:48.618,quorum,19.83,21.5,15.549084865238788,1.0,0,0
b5f692,gafam,7,torus-l,diablo,hop,8,16,10,1,0,30320,17463,0,167.7,96.6,124.47,114.5,2025-06-13 23:21:23.026,quorum,19.83,21.5,12.66535928079367,1.0,0,0
b5f692,gafam,4,torus-l,diablo,hop,8,16,10,1,0,30320,9942,0,167.7,55.0,139.25,140.09,2025-06-13 22:45:17.807,quorum,19.83,21.5,19.79855522491387,1.0,0,0
b5f692,gafam,10,torus-l,diablo,hop,8,16,10,1,0,30320,7011,0,167.7,38.8,141.9,141.2,2025-06-13 23:57:05.716,quorum,19.83,21.5,16.954241945463554,1.0,0,0
b5f692,gafam,6,torus-l,diablo,hop,8,16,10,1,0,30320,11909,0,167.7,65.9,95.44,103.01,2025-06-13 23:09:14.164,quorum,19.83,21.5,13.616114737940368,1.0,0,0
b5f692,gafam,9,torus-l,diablo,hop,8,16,10,1,0,30320,15773,0,167.7,87.2,113.46,120.82,2025-06-13 23:45:16.924,quorum,19.83,21.5,13.0834264122848,1.0,0,0
64333f,dota,8,torus-l,diablo,hop,8,16,10,1,0,3678700,0,0,13328.6,0.0,0.0,0.0,2025-06-14 09:02:57.239,quorum,200.06,124.9,23.444616892354976,1.0,0,0
64333f,dota,3,torus-l,diablo,hop,8,16,10,1,0,3678700,0,0,13328.6,0.0,0.0,0.0,2025-06-14 07:53:29.032,quorum,200.06,124.9,18.940024829854263,1.0,0,0
64333f,dota,1,torus-l,diablo,hop,8,16,10,1,0,3678700,0,0,13328.6,0.0,0.0,0.0,2025-06-14 07:25:45.521,quorum,200.06,124.9,22.05288397426153,1.0,0,0
64333f,dota,5,torus-l,diablo,hop,8,16,10,1,0,3678700,0,0,13328.6,0.0,0.0,0.0,2025-06-14 08:21:13.693,quorum,200.06,124.9,21.192088513968216,1.0,0,0
64333f,dota,7,torus-l,diablo,hop,8,16,10,1,0,3678700,0,0,13328.6,0.0,0.0,0.0,2025-06-14 08:49:06.089,quorum,200.06,124.9,22.526489903906434,1.0,0,0
64333f,dota,2,torus-l,diablo,hop,8,16,10,1,0,3678700,0,0,13328.6,0.0,0.0,0.0,2025-06-14 07:39:44.165,quorum,200.06,124.9,17.73174808266706,1.0,0,0
64333f,dota,4,torus-l,diablo,hop,8,16,10,1,0,3678700,0,0,13328.6,0.0,0.0,0.0,2025-06-14 08:07:21.947,quorum,200.06,124.9,21.19674972118619,1.0,0,0
64333f,dota,10,torus-l,diablo,hop,8,16,10,1,0,3678700,0,0,13328.6,0.0,0.0,0.0,2025-06-14 09:30:41.644,quorum,200.06,124.9,14.887753858279723,1.0,0,0
64333f,dota,6,torus-l,diablo,hop,8,16,10,1,0,3678700,0,0,13328.6,0.0,0.0,0.0,2025-06-14 08:35:11.403,quorum,200.06,124.9,22.123797611118036,1.0,0,0
64333f,dota,9,torus-l,diablo,hop,8,16,10,1,0,3678700,0,0,13328.6,0.0,0.0,0.0,2025-06-14 09:16:49.727,quorum,200.06,124.9,22.636498812202326,1.0,0,0
f2506b,visa,8,torus-l,diablo,hop,8,16,10,1,0,540000,0,0,1800.0,0.0,0.0,0.0,2025-06-14 02:54:26.060,quorum,94.46,98.98,23.031117351659553,1.0,0,0
f2506b,visa,3,torus-l,diablo,hop,8,16,10,1,0,540000,0,0,1800.0,0.0,0.0,0.0,2025-06-14 02:05:55.432,quorum,94.46,98.98,20.171460200563697,1.0,0,0
f2506b,visa,1,torus-l,diablo,hop,8,16,10,1,0,540000,0,0,1800.0,0.0,0.0,0.0,2025-06-14 01:46:31.130,quorum,94.46,98.98,17.311387592741433,1.0,0,0
f2506b,visa,5,torus-l,diablo,hop,8,16,10,1,0,540000,1,0,1800.0,0.0,2.85,2.85,2025-06-14 02:25:19.485,quorum,94.46,98.98,20.971139660524862,1.0,0,0
f2506b,visa,7,torus-l,diablo,hop,8,16,10,1,0,540000,0,0,1800.0,0.0,0.0,0.0,2025-06-14 02:44:43.933,quorum,94.46,98.98,21.58593273614429,1.0,0,0
f2506b,visa,2,torus-l,diablo,hop,8,16,10,1,0,540000,0,0,1800.0,0.0,0.0,0.0,2025-06-14 01:56:12.789,quorum,94.46,98.98,19.97988746882938,1.0,0,0
f2506b,visa,4,torus-l,diablo,hop,8,16,10,1,0,540000,0,0,1800.0,0.0,0.0,0.0,2025-06-14 02:15:37.433,quorum,94.46,98.98,21.172235813528438,1.0,0,0
f2506b,visa,10,torus-l,diablo,hop,8,16,10,1,0,540000,0,0,1800.0,0.0,0.0,0.0,2025-06-14 03:13:50.280,quorum,94.46,98.98,21.05557924797171,1.0,0,0
f2506b,visa,6,torus-l,diablo,hop,8,16,10,1,0,540000,0,0,1800.0,0.0,0.0,0.0,2025-06-14 02:35:01.543,quorum,94.46,98.98,25.05109464706309,1.0,0,0
f2506b,visa,9,torus-l,diablo,hop,8,16,10,1,0,540000,43,0,1800.0,0.1,3.45,3.45,2025-06-14 03:04:07.619,quorum,94.46,98.98,23.10999540532977,1.0,0,0
63151d,paypal,8,torus-l,diablo,hop,8,16,10,1,0,59990,58535,0,200.0,195.1,7.09,5.31,2025-06-14 01:16:27.092,quorum,77.02,84.47,24.486547012688423,1.0,0,0
63151d,paypal,3,torus-l,diablo,hop,8,16,10,1,0,59990,45651,0,200.0,152.2,7.83,6.26,2025-06-14 00:27:51.178,quorum,77.02,84.47,19.5910537645138,1.0,0,0
63151d,paypal,1,torus-l,diablo,hop,8,16,10,1,0,59990,58627,0,200.0,195.5,7.29,5.37,2025-06-14 00:08:36.617,quorum,77.02,84.47,24.04923279676712,1.0,0,0
63151d,paypal,5,torus-l,diablo,hop,8,16,10,1,0,59990,47256,0,200.0,157.5,6.83,5.7,2025-06-14 00:47:05.986,quorum,77.02,84.47,19.862600480665428,1.0,0,0
63151d,paypal,7,torus-l,diablo,hop,8,16,10,1,0,59990,58628,0,200.0,195.5,7.75,5.92,2025-06-14 01:06:49.739,quorum,77.02,84.47,26.69453448772996,1.0,0,0
63151d,paypal,2,torus-l,diablo,hop,8,16,10,1,0,59990,59380,0,200.0,198.0,7.07,5.43,2025-06-14 00:18:14.002,quorum,77.02,84.47,23.015451936963352,1.0,0,0
63151d,paypal,4,torus-l,diablo,hop,8,16,10,1,0,59990,58670,0,200.0,195.6,7.14,5.36,2025-06-14 00:37:28.483,quorum,77.02,84.47,23.16824001308068,1.0,0,0
63151d,paypal,10,torus-l,diablo,hop,8,16,10,1,0,59990,58896,0,200.0,196.3,12.01,6.14,2025-06-14 01:36:11.312,quorum,77.02,84.47,25.627759631213,1.0,0,0
63151d,paypal,6,torus-l,diablo,hop,8,16,10,1,0,59990,59353,0,200.0,197.8,5.42,5.15,2025-06-14 00:57:12.549,quorum,77.02,84.47,23.813297127491868,1.0,0,0
63151d,paypal,9,torus-l,diablo,hop,8,16,10,1,0,59990,58865,0,200.0,196.2,7.46,5.59,2025-06-14 01:26:04.433,quorum,77.02,84.47,26.47787158186892,1.0,0,0
9437dd,football,8,torus-l,diablo,hop,8,16,10,1,0,4056130,0,0,40159.3,0.0,0.0,0.0,2025-06-14 06:44:05.302,quorum,437.42,324.5,10.291846028308722,1.0,0,0
9437dd,football,3,torus-l,diablo,hop,8,16,10,1,0,4056130,0,0,40159.3,0.0,0.0,0.0,2025-06-14 05:34:23.880,quorum,437.42,324.5,11.343188197087674,1.0,0,0
9437dd,football,1,torus-l,diablo,hop,8,16,10,1,0,4056130,0,0,40159.3,0.0,0.0,0.0,2025-06-14 05:06:17.570,quorum,437.42,324.5,9.887451656927963,1.0,0,0
9437dd,football,5,torus-l,diablo,hop,8,16,10,1,0,4056130,0,0,40159.3,0.0,0.0,0.0,2025-06-14 06:02:19.294,quorum,437.42,324.5,6.697605109053062,1.0,0,0
9437dd,football,7,torus-l,diablo,hop,8,16,10,1,0,4056130,0,0,40159.3,0.0,0.0,0.0,2025-06-14 06:29:54.447,quorum,437.42,324.5,8.261276097392006,1.0,0,0
9437dd,football,2,torus-l,diablo,hop,8,16,10,1,0,4056130,0,0,40159.3,0.0,0.0,0.0,2025-06-14 05:20:27.536,quorum,437.42,324.5,9.067759952990123,1.0,0,0
9437dd,football,4,torus-l,diablo,hop,8,16,10,1,0,4056130,0,0,40159.3,0.0,0.0,0.0,2025-06-14 05:48:15.018,quorum,437.42,324.5,11.40847397157108,1.0,0,0
9437dd,football,10,torus-l,diablo,hop,8,16,10,1,0,4056130,0,0,40159.3,0.0,0.0,0.0,2025-06-14 07:12:08.450,quorum,437.42,324.5,9.434283640261722,1.0,0,0
9437dd,football,6,torus-l,diablo,hop,8,16,10,1,0,4056130,0,0,40119.1,0.0,0.0,0.0,2025-06-14 06:16:08.688,quorum,437.42,324.5,9.664932665556108,1.0,0,0
9437dd,football,9,torus-l,diablo,hop,8,16,10,1,0,4056130,0,0,40159.4,0.0,0.0,0.0,2025-06-14 06:58:17.714,quorum,437.42,324.5,10.102705775422692,1.0,0,0
18705a,10000,1,torus-l,diablo,hop,8,16,10,1,0,1199990,0,0,9999.9,0.0,0.0,0.0,2024-05-09 15:39:10.416,quorum,22.96,21.67,11.313540612555006,0.0,0,0
041304,football,1,torus-l,diablo,hop,8,16,10,1,0,4056130,0,0,40159.3,0.0,0.0,0.0,2024-05-09 15:54:28.937,quorum,39.9,27.9,9.57362551803588,0.0,0,0
65d40a,dota,1,torus-l,diablo,hop,8,16,10,1,0,3678700,0,0,13328.6,0.0,0.0,0.0,2024-05-09 16:09:15.949,quorum,18.53,10.76,21.37331779568254,0.0,0,0
8e04aa,gafam,1,torus-l,diablo,hop,8,16,10,1,0,30320,20537,0,167.7,113.6,47.94,48.04,2024-05-09 15:17:27.485,quorum,11.84,13.33,14.375612239131494,0.0,0,0
d16c2a,paypal,1,torus-l,diablo,hop,8,16,10,1,0,59990,59394,0,200.0,198.0,8.17,5.86,2024-05-09 15:06:15.738,quorum,3.63,4.1,17.459593256036143,0.0,0,0
549c5e,visa,1,torus-l,diablo,hop,8,16,10,1,0,540000,2554,0,1800.0,8.5,91.07,92.37,2024-05-09 20:30:00.692,quorum,0.77,0.23,21.30630049532231,0.0,0,0
2bf8c1,visa,1,fat-tree-l,diablo,hop,8,16,10,4,0,540000,3393,0,1800.0,11.3,11.04,7.86,2024-05-04 16:51:39.505,quorum,34.64,34.55,16.5471054784426,0.0,0,0
c8d59b,paypal,1,fat-tree-l,diablo,hop,8,16,10,4,0,59990,58933,0,200.0,196.5,5.15,5.13,2024-05-04 16:40:09.569,quorum,29.1,29.1,24.321803805314694,0.0,0,0
b7ad25,paypal,1,full-mesh,diablo,hop,8,16,10,4,0,59990,59395,0,200.0,198.0,4.94,4.93,2024-05-04 14:41:44.826,quorum,31.29,31.33,25.330693775828774,0.0,0,0
e212b1,visa,1,full-mesh,diablo,hop,8,16,10,4,0,540000,4893,0,1800.0,16.3,8.89,6.14,2024-05-04 14:53:14.361,quorum,36.42,36.42,18.858937982574677,0.0,0,0
0cb8cd,paypal,1,hypercube,diablo,hop,8,16,10,4,0,59990,59355,0,200.0,197.9,4.98,4.98,2024-05-04 17:18:56.082,quorum,30.37,30.27,26.09545017351157,0.0,0,0
c02209,visa,1,hypercube,diablo,hop,8,16,10,4,0,540000,2827,0,1800.0,9.4,15.25,15.24,2024-05-04 17:29:55.372,quorum,33.27,33.04,20.143907490799062,0.0,0,0
f64d7f,visa,1,scale-free-l,diablo,hop,8,16,10,4,0,540000,3266,0,1800.0,10.9,8.68,8.77,2024-05-04 15:33:05.644,quorum,34.88,34.58,21.30445539188216,0.0,0,0
329bd1,paypal,1,scale-free-l,diablo,hop,8,16,10,4,0,59990,58482,0,200.0,195.0,5.02,5.01,2024-05-04 15:21:14.249,quorum,25.8,25.85,23.533712943397404,0.0,0,0
8fa2e0,football,1,fat-tree-l,diablo,hop,8,16,10,4,0,4056130,0,0,40159.2,0.0,0.0,0.0,2024-06-08 09:50:27.227,quorum,309.47,302.69,8.668510317374148,1.0,0,0
8fa2e0,football,2,fat-tree-l,diablo,hop,8,16,10,4,0,4056130,0,0,40159.3,0.0,0.0,0.0,2024-06-08 10:06:03.106,quorum,309.47,302.69,8.430747114127904,1.0,0,0
3ce888,visa,1,fat-tree-l,diablo,hop,8,16,10,4,0,540000,872,0,1800.0,2.9,11.63,11.66,2024-06-08 08:58:42.513,quorum,88.92,88.74,24.682012865410787,1.0,0,0
32d128,paypal,1,fat-tree-l,diablo,hop,8,16,10,4,0,59990,58627,0,200.0,195.5,5.23,5.22,2024-06-08 08:09:07.846,quorum,50.07,50.12,17.706382007645363,1.0,0,0
32d128,paypal,2,fat-tree-l,diablo,hop,8,16,10,4,0,59990,59407,0,200.0,198.0,5.16,5.15,2024-06-08 08:20:27.957,quorum,50.07,50.12,20.856581452719585,1.0,0,0
42666e,dota,1,fat-tree-l,diablo,hop,8,16,10,4,0,3678700,0,0,13328.6,0.0,0.0,0.0,2024-06-08 10:21:17.785,quorum,120.65,116.99,21.008761377782584,1.0,0,0
42666e,dota,2,fat-tree-l,diablo,hop,8,16,10,4,0,3678700,0,0,13328.6,0.0,0.0,0.0,2024-06-08 10:36:51.969,quorum,120.65,116.99,22.434643902151524,1.0,0,0
a484e6,gafam,1,fat-tree-l,diablo,hop,8,16,10,4,0,30320,939,0,167.7,5.2,18.41,18.4,2024-06-08 08:31:55.175,quorum,132.33,132.55,14.420403464832317,1.0,0,0
a484e6,gafam,2,fat-tree-l,diablo,hop,8,16,10,4,0,30320,330,0,167.7,1.8,119.37,116.47,2024-06-08 08:45:14.575,quorum,132.33,132.55,14.116185832493228,1.0,0,0
f4fddd,10000,1,fat-tree-l,diablo,hop,8,16,10,4,0,1199990,0,0,9999.9,0.0,0.0,0.0,2024-06-08 09:22:10.885,quorum,239.34,237.97,10.9971103985891,1.0,0,0
f4fddd,10000,2,fat-tree-l,diablo,hop,8,16,10,4,0,1199990,0,0,9999.9,0.0,0.0,0.0,2024-06-08 09:33:41.851,quorum,239.34,237.97,10.928829149594312,1.0,0,0
a3d611,visa,1,fat-tree-l,diablo,hop,8,16,10,4,0,540000,870,0,1800.0,2.9,24.72,28.54,2024-06-08 16:48:55.186,quorum,6.36,6.21,19.603190056068907,1.0,0,0
a3d611,visa,2,fat-tree-l,diablo,hop,8,16,10,4,0,540000,1055,0,1800.0,3.5,12.07,12.11,2024-06-08 17:00:19.286,quorum,6.36,6.21,20.515906832901656,1.0,0,0
86310f,gafam,1,fat-tree-l,diablo,hop,8,16,10,4,0,30320,1222,0,167.7,6.8,41.57,12.62,2024-06-08 17:11:38.971,quorum,32.03,31.49,11.417637334472674,1.0,0,0
8cb400,gafam,1,fat-tree-l,diablo,hop,8,16,10,4,0,30320,391,0,167.7,2.2,15.41,15.45,2024-06-09 22:51:34.889,quorum,15.04,14.81,18.192603489160817,1.0,0,0
8cb400,gafam,2,fat-tree-l,diablo,hop,8,16,10,4,0,30320,550,0,167.7,3.0,84.88,85.82,2024-06-09 23:04:56.030,quorum,15.04,14.81,14.109971291259244,1.0,0,0
46bdf5,gafam,3,fat-tree-l,diablo,hop,8,16,10,4,0,30320,239,0,167.7,1.3,10.96,10.96,2025-07-11 08:03:58.819,quorum,108.95,107.76,14.897703339557715,1.0,0,0
46bdf5,gafam,10,fat-tree-l,diablo,hop,8,16,10,4,0,30320,0,0,167.7,0.0,0.0,0.0,2025-07-11 09:37:23.172,quorum,108.95,107.76,12.920740948154553,1.0,0,0
46bdf5,gafam,7,fat-tree-l,diablo,hop,8,16,10,4,0,30320,0,0,167.7,0.0,0.0,0.0,2025-07-11 08:57:02.931,quorum,108.95,107.76,15.55947694386336,1.0,0,0
46bdf5,gafam,4,fat-tree-l,diablo,hop,8,16,10,4,0,30320,0,0,167.7,0.0,0.0,0.0,2025-07-11 08:17:19.160,quorum,108.95,107.76,13.348730993854472,1.0,0,0
46bdf5,gafam,2,fat-tree-l,diablo,hop,8,16,10,4,0,30320,0,0,167.7,0.0,0.0,0.0,2025-07-11 07:50:36.832,quorum,108.95,107.76,15.857582634590088,1.0,0,0
46bdf5,gafam,6,fat-tree-l,diablo,hop,8,16,10,4,0,30320,349,0,167.7,1.9,9.02,9.02,2025-07-11 08:43:27.675,quorum,108.95,107.76,13.375965992901055,1.0,0,0
46bdf5,gafam,8,fat-tree-l,diablo,hop,8,16,10,4,0,30320,0,0,167.7,0.0,0.0,0.0,2025-07-11 09:10:25.765,quorum,108.95,107.76,17.523524110695,1.0,0,0
46bdf5,gafam,9,fat-tree-l,diablo,hop,8,16,10,4,0,30320,0,0,167.7,0.0,0.0,0.0,2025-07-11 09:24:04.511,quorum,108.95,107.76,15.077378436891438,1.0,0,0
46bdf5,gafam,5,fat-tree-l,diablo,hop,8,16,10,4,0,30320,0,0,167.7,0.0,0.0,0.0,2025-07-11 08:30:40.861,quorum,108.95,107.76,11.479287644787323,1.0,0,0
46bdf5,gafam,1,fat-tree-l,diablo,hop,8,16,10,4,0,30320,0,0,167.7,0.0,0.0,0.0,2025-07-11 07:37:18.364,quorum,108.95,107.76,14.084087659970182,1.0,0,0
e3926b,dota,3,fat-tree-l,diablo,hop,8,16,10,4,0,3678700,0,0,13328.6,0.0,0.0,0.0,2025-07-11 18:33:16.751,quorum,645.78,621.53,19.973606116954798,1.0,0,0
e3926b,dota,10,fat-tree-l,diablo,hop,8,16,10,4,0,3678700,0,0,13324.5,0.0,0.0,0.0,2025-07-11 20:19:22.300,quorum,645.78,621.53,22.300160858663283,1.0,0,0
e3926b,dota,7,fat-tree-l,diablo,hop,8,16,10,4,0,3678700,0,0,13328.6,0.0,0.0,0.0,2025-07-11 19:33:34.631,quorum,645.78,621.53,21.800258191364488,1.0,0,0
e3926b,dota,4,fat-tree-l,diablo,hop,8,16,10,4,0,3678700,0,0,13325.0,0.0,0.0,0.0,2025-07-11 18:48:24.763,quorum,645.78,621.53,20.152042548706504,1.0,0,0
e3926b,dota,2,fat-tree-l,diablo,hop,8,16,10,4,0,3678700,0,0,13328.6,0.0,0.0,0.0,2025-07-11 18:18:09.139,quorum,645.78,621.53,25.38941923811927,1.0,0,0
e3926b,dota,6,fat-tree-l,diablo,hop,8,16,10,4,0,3678700,0,0,13328.6,0.0,0.0,0.0,2025-07-11 19:18:27.413,quorum,645.78,621.53,23.896840906758978,1.0,0,0
e3926b,dota,8,fat-tree-l,diablo,hop,8,16,10,4,0,3678700,0,0,13328.6,0.0,0.0,0.0,2025-07-11 19:48:37.623,quorum,645.78,621.53,17.694601497518423,1.0,0,0
e3926b,dota,9,fat-tree-l,diablo,hop,8,16,10,4,0,3678700,0,0,13328.6,0.0,0.0,0.0,2025-07-11 20:04:10.997,quorum,645.78,621.53,20.693092912679788,1.0,0,0
e3926b,dota,5,fat-tree-l,diablo,hop,8,16,10,4,0,3678700,0,0,13328.6,0.0,0.0,0.0,2025-07-11 19:03:24.375,quorum,645.78,621.53,17.42527950973948,1.0,0,0
e3926b,dota,1,fat-tree-l,diablo,hop,8,16,10,4,0,3678700,0,0,13328.6,0.0,0.0,0.0,2025-07-11 18:03:01.202,quorum,645.78,621.53,19.402408927567734,1.0,0,0
1abce5,visa,3,fat-tree-l,diablo,hop,8,16,10,4,0,540000,1338,0,1800.0,4.5,5.11,5.39,2025-07-11 12:04:38.077,quorum,474.91,472.75,21.159670354485016,1.0,0,0
1abce5,visa,10,fat-tree-l,diablo,hop,8,16,10,4,0,540000,3518,0,1800.0,11.7,6.92,6.76,2025-07-11 13:22:48.319,quorum,474.91,472.75,22.212294732134893,1.0,0,0
1abce5,visa,7,fat-tree-l,diablo,hop,8,16,10,4,0,540000,1856,0,1800.0,6.2,6.4,6.26,2025-07-11 12:48:45.484,quorum,474.91,472.75,19.654905882887217,1.0,0,0
1abce5,visa,4,fat-tree-l,diablo,hop,8,16,10,4,0,540000,1380,0,1800.0,4.6,6.08,6.01,2025-07-11 12:15:31.025,quorum,474.91,472.75,23.280028337812347,1.0,0,0
1abce5,visa,2,fat-tree-l,diablo,hop,8,16,10,4,0,540000,2469,0,1800.0,8.2,6.02,6.02,2025-07-11 11:53:12.660,quorum,474.91,472.75,21.399053771434254,1.0,0,0
1abce5,visa,6,fat-tree-l,diablo,hop,8,16,10,4,0,540000,1967,0,1800.0,6.6,7.5,6.76,2025-07-11 12:37:51.775,quorum,474.91,472.75,22.773808751183054,1.0,0,0
1abce5,visa,8,fat-tree-l,diablo,hop,8,16,10,4,0,540000,1071,0,1800.0,3.6,5.19,5.14,2025-07-11 13:00:31.872,quorum,474.91,472.75,19.676203473311574,1.0,0,0
1abce5,visa,9,fat-tree-l,diablo,hop,8,16,10,4,0,540000,2236,0,1800.0,7.5,13.34,13.01,2025-07-11 13:11:55.216,quorum,474.91,472.75,21.894633350379166,1.0,0,0
1abce5,visa,5,fat-tree-l,diablo,hop,8,16,10,4,0,540000,3382,0,1800.0,11.3,14.13,18.58,2025-07-11 12:26:58.394,quorum,474.91,472.75,24.696758472984424,1.0,0,0
1abce5,visa,1,fat-tree-l,diablo,hop,8,16,10,4,0,540000,2032,0,1800.0,6.8,6.0,5.19,2025-07-11 11:42:19.138,quorum,474.91,472.75,23.474136206735654,1.0,0,0
67d108,paypal,3,fat-tree-l,diablo,hop,8,16,10,4,0,59990,58650,0,200.0,195.5,5.2,5.2,2025-07-11 10:13:16.598,quorum,389.07,388.29,27.024926187949646,1.0,0,0
67d108,paypal,10,fat-tree-l,diablo,hop,8,16,10,4,0,59990,58642,0,200.0,195.5,5.21,5.2,2025-07-11 11:30:49.912,quorum,389.07,388.29,23.238533779098532,1.0,0,0
67d108,paypal,7,fat-tree-l,diablo,hop,8,16,10,4,0,59990,58201,0,200.0,194.0,5.29,5.28,2025-07-11 10:58:23.296,quorum,389.07,388.29,19.30283471297289,1.0,0,0
67d108,paypal,4,fat-tree-l,diablo,hop,8,16,10,4,0,59990,58609,0,200.0,195.4,5.21,5.2,2025-07-11 10:24:35.156,quorum,389.07,388.29,27.801816116433795,1.0,0,0
67d108,paypal,2,fat-tree-l,diablo,hop,8,16,10,4,0,59990,58037,0,200.0,193.5,5.18,5.18,2025-07-11 10:01:53.843,quorum,389.07,388.29,20.93951761614859,1.0,0,0
67d108,paypal,6,fat-tree-l,diablo,hop,8,16,10,4,0,59990,58571,0,200.0,195.3,5.09,5.08,2025-07-11 10:47:34.618,quorum,389.07,388.29,16.10253145537053,1.0,0,0
67d108,paypal,8,fat-tree-l,diablo,hop,8,16,10,4,0,59990,58724,0,200.0,195.8,5.32,5.31,2025-07-11 11:09:12.263,quorum,389.07,388.29,23.49457495620601,1.0,0,0
67d108,paypal,9,fat-tree-l,diablo,hop,8,16,10,4,0,59990,58548,0,200.0,195.2,5.32,5.3,2025-07-11 11:20:01.151,quorum,389.07,388.29,27.014705103241898,1.0,0,0
67d108,paypal,5,fat-tree-l,diablo,hop,8,16,10,4,0,59990,58540,0,200.0,195.2,5.26,5.24,2025-07-11 10:36:15.250,quorum,389.07,388.29,23.35475955545536,1.0,0,0
67d108,paypal,1,fat-tree-l,diablo,hop,8,16,10,4,0,59990,58580,0,200.0,195.3,5.1,5.1,2025-07-11 09:50:33.142,quorum,389.07,388.29,18.394359947617072,1.0,0,0
48a025,football,3,fat-tree-l,diablo,hop,8,16,10,4,0,4056130,0,0,39397.1,0.0,0.0,0.0,2025-07-11 16:00:15.828,quorum,1654.02,1612.54,11.93210562657581,1.0,0,0
48a025,football,10,fat-tree-l,diablo,hop,8,16,10,4,0,4056130,0,0,40159.3,0.0,0.0,0.0,2025-07-11 17:47:44.106,quorum,1654.02,1612.54,8.974164516636513,1.0,0,0
48a025,football,7,fat-tree-l,diablo,hop,8,16,10,4,0,4056130,0,0,40089.5,0.0,0.0,0.0,2025-07-11 17:01:47.246,quorum,1654.02,1612.54,9.431738344434518,1.0,0,0
48a025,football,4,fat-tree-l,diablo,hop,8,16,10,4,0,4056130,0,0,40159.4,0.0,0.0,0.0,2025-07-11 16:15:55.694,quorum,1654.02,1612.54,11.237512989706111,1.0,0,0
48a025,football,2,fat-tree-l,diablo,hop,8,16,10,4,0,4056130,0,0,39741.9,0.0,0.0,0.0,2025-07-11 15:45:03.578,quorum,1654.02,1612.54,10.199732458485501,1.0,0,0
48a025,football,6,fat-tree-l,diablo,hop,8,16,10,4,0,4056130,0,0,40159.1,0.0,0.0,0.0,2025-07-11 16:46:09.036,quorum,1654.02,1612.54,6.885977874240628,1.0,0,0
48a025,football,8,fat-tree-l,diablo,hop,8,16,10,4,0,4056130,0,0,40011.7,0.0,0.0,0.0,2025-07-11 17:17:31.409,quorum,1654.02,1612.54,10.665231662141839,1.0,0,0
48a025,football,9,fat-tree-l,diablo,hop,8,16,10,4,0,4056130,0,0,40159.3,0.0,0.0,0.0,2025-07-11 17:32:32.971,quorum,1654.02,1612.54,9.176006777622796,1.0,0,0
48a025,football,5,fat-tree-l,diablo,hop,8,16,10,4,0,4056130,0,0,40094.7,0.0,0.0,0.0,2025-07-11 16:31:01.619,quorum,1654.02,1612.54,6.518981452956634,1.0,0,0
48a025,football,1,fat-tree-l,diablo,hop,8,16,10,4,0,4056130,0,0,40159.3,0.0,0.0,0.0,2025-07-11 15:29:32.908,quorum,1654.02,1612.54,7.704815861531843,1.0,0,0
a1eadb,10000,3,fat-tree-l,diablo,hop,8,16,10,4,0,1199990,0,0,9999.9,0.0,0.0,0.0,2025-07-11 13:56:30.339,quorum,1277.69,1265.18,11.79334641598517,1.0,0,0
a1eadb,10000,10,fat-tree-l,diablo,hop,8,16,10,4,0,1199990,0,0,9999.9,0.0,0.0,0.0,2025-07-11 15:15:12.266,quorum,1277.69,1265.18,9.396556981321975,1.0,0,0
a1eadb,10000,7,fat-tree-l,diablo,hop,8,16,10,4,0,1199990,0,0,9999.9,0.0,0.0,0.0,2025-07-11 14:41:37.703,quorum,1277.69,1265.18,13.311009622810639,1.0,0,0
a1eadb,10000,4,fat-tree-l,diablo,hop,8,16,10,4,0,1199990,0,0,9999.9,0.0,0.0,0.0,2025-07-11 14:08:05.123,quorum,1277.69,1265.18,8.452072792880024,1.0,0,0
a1eadb,10000,2,fat-tree-l,diablo,hop,8,16,10,4,0,1199990,0,0,9975.3,0.0,0.0,0.0,2025-07-11 13:45:29.235,quorum,1277.69,1265.18,10.70207984931248,1.0,0,0
a1eadb,10000,6,fat-tree-l,diablo,hop,8,16,10,4,0,1199990,0,0,9999.9,0.0,0.0,0.0,2025-07-11 14:30:05.362,quorum,1277.69,1265.18,10.092221644746427,1.0,0,0
a1eadb,10000,8,fat-tree-l,diablo,hop,8,16,10,4,0,1199990,0,0,9999.9,0.0,0.0,0.0,2025-07-11 14:52:36.726,quorum,1277.69,1265.18,8.977102852808569,1.0,0,0
a1eadb,10000,9,fat-tree-l,diablo,hop,8,16,10,4,0,1199990,0,0,9999.9,0.0,0.0,0.0,2025-07-11 15:04:11.119,quorum,1277.69,1265.18,12.19877477870557,1.0,0,0
a1eadb,10000,5,fat-tree-l,diablo,hop,8,16,10,4,0,1199990,0,0,9999.9,0.0,0.0,0.0,2025-07-11 14:19:06.594,quorum,1277.69,1265.18,9.911701065807515,1.0,0,0
a1eadb,10000,1,fat-tree-l,diablo,hop,8,16,10,4,0,1199990,0,0,9993.7,0.0,0.0,0.0,2025-07-11 13:34:32.061,quorum,1277.69,1265.18,10.539375049035877,1.0,0,0
b26689,10000,1,full-mesh,diablo,hop,8,16,10,4,0,1199990,0,0,9999.9,0.0,0.0,0.0,2024-06-08 00:30:20.921,quorum,256.12,255.38,10.251128620266506,1.0,0,0
b26689,10000,2,full-mesh,diablo,hop,8,16,10,4,0,1199990,0,0,9999.9,0.0,0.0,0.0,2024-06-08 00:41:51.685,quorum,256.12,255.38,13.71889416681922,1.0,0,0
e6aed3,paypal,1,full-mesh,diablo,hop,8,16,10,4,0,59990,59355,0,200.0,197.9,4.99,4.99,2024-06-07 23:17:51.976,quorum,55.43,55.75,19.56268185222115,1.0,0,0
e6aed3,paypal,2,full-mesh,diablo,hop,8,16,10,4,0,59990,59414,0,200.0,198.1,5.01,5.01,2024-06-07 23:29:11.042,quorum,55.43,55.75,23.067363750514815,1.0,0,0
112125,dota,1,full-mesh,diablo,hop,8,16,10,4,0,3678700,0,0,13328.6,0.0,0.0,0.0,2024-06-08 01:28:11.531,quorum,128.85,125.53,16.59700279210847,1.0,0,0
112125,dota,2,full-mesh,diablo,hop,8,16,10,4,0,3678700,0,0,13328.6,0.0,0.0,0.0,2024-06-08 01:43:49.592,quorum,128.85,125.53,21.743561071449218,1.0,0,0
81f977,visa,1,full-mesh,diablo,hop,8,16,10,4,0,540000,2025,0,1800.0,6.7,12.69,10.62,2024-06-08 00:07:18.868,quorum,96.04,96.22,22.407313824713484,1.0,0,0
81f977,visa,2,full-mesh,diablo,hop,8,16,10,4,0,540000,1018,0,1800.0,3.4,74.65,73.94,2024-06-08 00:18:42.193,quorum,96.04,96.22,18.640602486537457,1.0,0,0
6c4ead,football,1,full-mesh,diablo,hop,8,16,10,4,0,4056130,0,0,39925.9,0.0,0.0,0.0,2024-06-08 00:57:15.681,quorum,331.52,327.26,9.18057243551082,1.0,0,0
6c4ead,football,2,full-mesh,diablo,hop,8,16,10,4,0,4056130,0,0,39788.5,0.0,0.0,0.0,2024-06-08 01:12:56.120,quorum,331.52,327.26,10.558717049316197,1.0,0,0
ac6c2a,visa,1,full-mesh,diablo,hop,8,16,10,4,0,540000,2528,0,1800.0,8.4,5.94,5.63,2024-06-08 14:17:37.699,quorum,6.95,6.59,23.037282682128748,1.0,0,0
ac6c2a,visa,2,full-mesh,diablo,hop,8,16,10,4,0,540000,2720,0,1800.0,9.1,7.8,7.04,2024-06-08 14:29:01.392,quorum,6.95,6.59,21.035089440139846,1.0,0,0
483b56,gafam,1,full-mesh,diablo,hop,8,16,10,4,0,30320,0,0,167.7,0.0,0.0,0.0,2024-06-08 14:40:21.034,quorum,34.97,34.09,16.7279695158711,1.0,0,0
483b56,gafam,2,full-mesh,diablo,hop,8,16,10,4,0,30320,0,0,167.7,0.0,0.0,0.0,2024-06-08 14:53:39.319,quorum,34.97,34.09,13.86806396587473,1.0,0,0
154bd7,gafam,2,full-mesh,diablo,hop,8,16,10,4,0,30320,1295,0,167.7,7.2,123.67,151.27,2024-06-11 14:08:14.048,quorum,14.99,14.61,15.757062141762026,1.0,0,0
1af088,visa,1,full-mesh,diablo,hop,8,16,10,4,0,540000,453,0,1800.0,1.5,2.44,2.45,2024-06-17 12:26:28.368,quorum,8.62,8.01,20.1169604524092,1.0,0,0
1af088,visa,3,full-mesh,diablo,hop,8,16,10,4,0,540000,2853,0,1800.0,9.5,38.35,25.98,2024-06-17 12:49:19.127,quorum,8.62,8.01,24.133186342715117,1.0,0,0
1af088,visa,2,full-mesh,diablo,hop,8,16,10,4,0,540000,139,0,1800.0,0.5,2.25,2.23,2024-06-17 12:37:52.459,quorum,8.62,8.01,25.375454748203133,1.0,0,0
036238,10000,8,full-mesh,diablo,hop,8,16,10,4,0,1199990,0,0,9999.9,0.0,0.0,0.0,2025-06-12 14:49:26.778,quorum,1318.97,1308.75,10.419883230201751,1.0,0,0
036238,10000,3,full-mesh,diablo,hop,8,16,10,4,0,1199990,0,0,9973.1,0.0,0.0,0.0,2025-06-12 13:53:52.341,quorum,1318.97,1308.75,8.927983954233024,1.0,0,0
036238,10000,1,full-mesh,diablo,hop,8,16,10,4,0,1199990,0,0,9987.3,0.0,0.0,0.0,2025-06-12 13:31:18.936,quorum,1318.97,1308.75,10.840644351484627,1.0,0,0
036238,10000,5,full-mesh,diablo,hop,8,16,10,4,0,1199990,0,0,9999.9,0.0,0.0,0.0,2025-06-12 14:15:53.765,quorum,1318.97,1308.75,10.036232091827477,1.0,0,0
036238,10000,7,full-mesh,diablo,hop,8,16,10,4,0,1199990,0,0,9999.9,0.0,0.0,0.0,2025-06-12 14:38:26.697,quorum,1318.97,1308.75,13.409659386927716,1.0,0,0
036238,10000,2,full-mesh,diablo,hop,8,16,10,4,0,1199990,0,0,9999.9,0.0,0.0,0.0,2025-06-12 13:42:52.451,quorum,1318.97,1308.75,9.763359581534859,1.0,0,0
036238,10000,4,full-mesh,diablo,hop,8,16,10,4,0,1199990,0,0,9999.9,0.0,0.0,0.0,2025-06-12 14:04:52.890,quorum,1318.97,1308.75,8.53167886607185,1.0,0,0
036238,10000,10,full-mesh,diablo,hop,8,16,10,4,0,1199990,0,0,9989.4,0.0,0.0,0.0,2025-06-12 15:11:30.248,quorum,1318.97,1308.75,10.506439759142888,1.0,0,0
036238,10000,6,full-mesh,diablo,hop,8,16,10,4,0,1199990,0,0,9977.3,0.0,0.0,0.0,2025-06-12 14:26:52.920,quorum,1318.97,1308.75,10.229767981775543,1.0,0,0
036238,10000,9,full-mesh,diablo,hop,8,16,10,4,0,1199990,0,0,9999.9,0.0,0.0,0.0,2025-06-12 15:00:28.461,quorum,1318.97,1308.75,10.68907555798398,1.0,0,0
717eb7,gafam,8,full-mesh,diablo,hop,8,16,10,4,0,30320,0,0,167.7,0.0,0.0,0.0,2025-06-12 09:07:44.083,quorum,106.51,105.13,15.679003679119038,1.0,0,0
717eb7,gafam,3,full-mesh,diablo,hop,8,16,10,4,0,30320,0,0,167.7,0.0,0.0,0.0,2025-06-12 08:01:39.485,quorum,106.51,105.13,18.59587609720448,1.0,0,0
717eb7,gafam,1,full-mesh,diablo,hop,8,16,10,4,0,30320,0,0,167.7,0.0,0.0,0.0,2025-06-12 07:35:02.553,quorum,106.51,105.13,14.25308206317876,1.0,0,0
717eb7,gafam,5,full-mesh,diablo,hop,8,16,10,4,0,30320,0,0,167.7,0.0,0.0,0.0,2025-06-12 08:28:20.109,quorum,106.51,105.13,14.129816260271335,1.0,0,0
717eb7,gafam,7,full-mesh,diablo,hop,8,16,10,4,0,30320,0,0,167.7,0.0,0.0,0.0,2025-06-12 08:54:56.202,quorum,106.51,105.13,13.47411742815959,1.0,0,0
717eb7,gafam,2,full-mesh,diablo,hop,8,16,10,4,0,30320,0,0,167.7,0.0,0.0,0.0,2025-06-12 07:48:21.424,quorum,106.51,105.13,15.551839690204158,1.0,0,0
717eb7,gafam,4,full-mesh,diablo,hop,8,16,10,4,0,30320,0,0,167.7,0.0,0.0,0.0,2025-06-12 08:14:58.111,quorum,106.51,105.13,14.613412891428714,1.0,0,0
717eb7,gafam,10,full-mesh,diablo,hop,8,16,10,4,0,30320,0,0,167.7,0.0,0.0,0.0,2025-06-12 09:34:46.354,quorum,106.51,105.13,15.15397977377084,1.0,0,0
717eb7,gafam,6,full-mesh,diablo,hop,8,16,10,4,0,30320,0,0,167.7,0.0,0.0,0.0,2025-06-12 08:41:38.456,quorum,106.51,105.13,11.572870623592662,1.0,0,0
717eb7,gafam,9,full-mesh,diablo,hop,8,16,10,4,0,30320,0,0,167.7,0.0,0.0,0.0,2025-06-12 09:21:24.163,quorum,106.51,105.13,16.786284145365794,1.0,0,0
2890bf,dota,8,full-mesh,diablo,hop,8,16,10,4,0,3678700,0,0,13324.2,0.0,0.0,0.0,2025-06-12 19:45:44.528,quorum,660.63,638.94,18.02197529135199,1.0,0,0
2890bf,dota,3,full-mesh,diablo,hop,8,16,10,4,0,3678700,0,0,13328.6,0.0,0.0,0.0,2025-06-12 18:29:12.222,quorum,660.63,638.94,20.813762724156945,1.0,0,0
2890bf,dota,1,full-mesh,diablo,hop,8,16,10,4,0,3678700,0,0,13328.6,0.0,0.0,0.0,2025-06-12 17:59:03.173,quorum,660.63,638.94,20.43244799838826,1.0,0,0
2890bf,dota,5,full-mesh,diablo,hop,8,16,10,4,0,3678700,0,0,13328.6,0.0,0.0,0.0,2025-06-12 18:59:26.088,quorum,660.63,638.94,18.85124422931375,1.0,0,0
2890bf,dota,7,full-mesh,diablo,hop,8,16,10,4,0,3678700,0,0,13328.6,0.0,0.0,0.0,2025-06-12 19:30:40.974,quorum,660.63,638.94,21.957909342660557,1.0,0,0
2890bf,dota,2,full-mesh,diablo,hop,8,16,10,4,0,3678700,0,0,13328.6,0.0,0.0,0.0,2025-06-12 18:14:08.833,quorum,660.63,638.94,21.70501505750079,1.0,0,0
2890bf,dota,4,full-mesh,diablo,hop,8,16,10,4,0,3678700,0,0,13328.6,0.0,0.0,0.0,2025-06-12 18:44:25.668,quorum,660.63,638.94,19.32971973560218,1.0,0,0
2890bf,dota,10,full-mesh,diablo,hop,8,16,10,4,0,3678700,0,0,13328.6,0.0,0.0,0.0,2025-06-12 20:16:20.980,quorum,660.63,638.94,17.247729045599076,1.0,0,0
2890bf,dota,6,full-mesh,diablo,hop,8,16,10,4,0,3678700,0,0,13328.6,0.0,0.0,0.0,2025-06-12 19:15:03.542,quorum,660.63,638.94,20.840632354223928,1.0,0,0
2890bf,dota,9,full-mesh,diablo,hop,8,16,10,4,0,3678700,0,0,13328.6,0.0,0.0,0.0,2025-06-12 20:00:50.969,quorum,660.63,638.94,23.16438328178597,1.0,0,0
a199a5,visa,8,full-mesh,diablo,hop,8,16,10,4,0,540000,3177,0,1800.0,10.6,8.35,9.19,2025-06-12 12:58:24.252,quorum,492.23,490.82,20.7449964966118,1.0,0,0
a199a5,visa,3,full-mesh,diablo,hop,8,16,10,4,0,540000,4076,0,1800.0,13.6,9.95,9.9,2025-06-12 12:02:24.964,quorum,492.23,490.82,28.749338143275203,1.0,0,0
a199a5,visa,1,full-mesh,diablo,hop,8,16,10,4,0,540000,1713,0,1800.0,5.7,9.57,9.28,2025-06-12 11:39:38.132,quorum,492.23,490.82,15.44852864459768,1.0,0,0
a199a5,visa,5,full-mesh,diablo,hop,8,16,10,4,0,540000,3577,0,1800.0,11.9,19.26,10.83,2025-06-12 12:24:42.727,quorum,492.23,490.82,21.282622604932374,1.0,0,0
a199a5,visa,7,full-mesh,diablo,hop,8,16,10,4,0,540000,1514,0,1800.0,5.0,8.99,8.99,2025-06-12 12:47:00.959,quorum,492.23,490.82,18.138901505591996,1.0,0,0
a199a5,visa,2,full-mesh,diablo,hop,8,16,10,4,0,540000,4095,0,1800.0,13.6,10.05,10.07,2025-06-12 11:51:01.477,quorum,492.23,490.82,21.615866953787783,1.0,0,0
a199a5,visa,4,full-mesh,diablo,hop,8,16,10,4,0,540000,2973,0,1800.0,9.9,5.93,4.46,2025-06-12 12:13:48.407,quorum,492.23,490.82,23.022809343271295,1.0,0,0
a199a5,visa,10,full-mesh,diablo,hop,8,16,10,4,0,540000,6244,0,1800.0,20.8,26.02,10.65,2025-06-12 13:20:11.679,quorum,492.23,490.82,28.18178813370145,1.0,0,0
a199a5,visa,6,full-mesh,diablo,hop,8,16,10,4,0,540000,2426,0,1800.0,8.1,9.73,9.97,2025-06-12 12:35:36.562,quorum,492.23,490.82,23.057430103861556,1.0,0,0
a199a5,visa,9,full-mesh,diablo,hop,8,16,10,4,0,540000,2060,0,1800.0,6.9,9.76,9.76,2025-06-12 13:09:17.908,quorum,492.23,490.82,27.191483848028042,1.0,0,0
c4a20b,paypal,8,full-mesh,diablo,hop,8,16,10,4,0,59990,59423,0,200.0,198.1,5.03,5.02,2025-06-12 11:06:29.911,quorum,408.43,408.14,23.73521782417966,1.0,0,0
c4a20b,paypal,3,full-mesh,diablo,hop,8,16,10,4,0,59990,59272,0,200.0,197.6,5.03,5.03,2025-06-12 10:09:34.555,quorum,408.43,408.14,23.096184935671896,1.0,0,0
c4a20b,paypal,1,full-mesh,diablo,hop,8,16,10,4,0,59990,59321,0,200.0,197.8,5.03,5.02,2025-06-12 09:47:27.955,quorum,408.43,408.14,19.670312498189702,1.0,0,0
c4a20b,paypal,5,full-mesh,diablo,hop,8,16,10,4,0,59990,59272,0,200.0,197.6,5.04,5.04,2025-06-12 10:32:38.300,quorum,408.43,408.14,22.416693711878928,1.0,0,0
c4a20b,paypal,7,full-mesh,diablo,hop,8,16,10,4,0,59990,59314,0,200.0,197.7,5.03,5.03,2025-06-12 10:55:41.176,quorum,408.43,408.14,24.11898846666024,1.0,0,0
c4a20b,paypal,2,full-mesh,diablo,hop,8,16,10,4,0,59990,59311,0,200.0,197.7,5.06,5.05,2025-06-12 09:58:46.044,quorum,408.43,408.14,24.99381787946622,1.0,0,0
c4a20b,paypal,4,full-mesh,diablo,hop,8,16,10,4,0,59990,59167,0,200.0,197.3,5.02,5.01,2025-06-12 10:20:57.551,quorum,408.43,408.14,23.539852504949057,1.0,0,0
c4a20b,paypal,10,full-mesh,diablo,hop,8,16,10,4,0,59990,59385,0,200.0,198.0,4.97,4.97,2025-06-12 11:28:37.703,quorum,408.43,408.14,23.395969555058276,1.0,0,0
c4a20b,paypal,6,full-mesh,diablo,hop,8,16,10,4,0,59990,59353,0,200.0,197.9,4.99,4.99,2025-06-12 10:44:18.862,quorum,408.43,408.14,18.938421054404444,1.0,0,0
c4a20b,paypal,9,full-mesh,diablo,hop,8,16,10,4,0,59990,59447,0,200.0,198.2,5.0,5.0,2025-06-12 11:17:18.630,quorum,408.43,408.14,23.801836807134485,1.0,0,0
57986b,football,8,full-mesh,diablo,hop,8,16,10,4,0,4056130,0,0,40159.3,0.0,0.0,0.0,2025-06-12 17:13:56.650,quorum,1701.38,1665.78,8.53980565122811,1.0,0,0
57986b,football,3,full-mesh,diablo,hop,8,16,10,4,0,4056130,0,0,40159.4,0.0,0.0,0.0,2025-06-12 15:57:16.151,quorum,1701.38,1665.78,9.311779721335988,1.0,0,0
57986b,football,1,full-mesh,diablo,hop,8,16,10,4,0,4056130,0,0,40159.3,0.0,0.0,0.0,2025-06-12 15:26:26.726,quorum,1701.38,1665.78,10.201571953508845,1.0,0,0
57986b,football,5,full-mesh,diablo,hop,8,16,10,4,0,4056130,0,0,40084.7,0.0,0.0,0.0,2025-06-12 16:27:30.319,quorum,1701.38,1665.78,9.99919813374318,1.0,0,0
57986b,football,7,full-mesh,diablo,hop,8,16,10,4,0,4056130,0,0,40159.3,0.0,0.0,0.0,2025-06-12 16:58:20.220,quorum,1701.38,1665.78,11.907113458607286,1.0,0,0
57986b,football,2,full-mesh,diablo,hop,8,16,10,4,0,4056130,0,0,40001.1,0.0,0.0,0.0,2025-06-12 15:41:32.003,quorum,1701.38,1665.78,9.42341416554523,1.0,0,0
57986b,football,4,full-mesh,diablo,hop,8,16,10,4,0,4056130,0,0,40159.3,0.0,0.0,0.0,2025-06-12 16:12:23.889,quorum,1701.38,1665.78,8.341935278525847,1.0,0,0
57986b,football,10,full-mesh,diablo,hop,8,16,10,4,0,4056130,0,0,39857.7,0.0,0.0,0.0,2025-06-12 17:44:14.753,quorum,1701.38,1665.78,7.99199781139434,1.0,0,0
57986b,football,6,full-mesh,diablo,hop,8,16,10,4,0,4056130,0,0,40159.3,0.0,0.0,0.0,2025-06-12 16:42:36.207,quorum,1701.38,1665.78,8.022389692864392,1.0,0,0
57986b,football,9,full-mesh,diablo,hop,8,16,10,4,0,4056130,0,0,40159.4,0.0,0.0,0.0,2025-06-12 17:29:07.330,quorum,1701.38,1665.78,8.883676245912248,1.0,0,0
046312,football,1,hypercube,diablo,hop,8,16,10,4,0,4056130,0,0,40159.3,0.0,0.0,0.0,2024-06-08 12:48:22.555,quorum,325.23,316.8,9.23808263728181,1.0,0,0
046312,football,2,hypercube,diablo,hop,8,16,10,4,0,4056130,0,0,40159.4,0.0,0.0,0.0,2024-06-08 13:03:52.288,quorum,325.23,316.8,9.243165513627273,1.0,0,0
68258d,visa,1,hypercube,diablo,hop,8,16,10,4,0,540000,2508,0,1800.0,8.4,7.86,7.79,2024-06-08 11:57:02.329,quorum,94.15,93.47,22.933701746187616,1.0,0,0
68258d,visa,2,hypercube,diablo,hop,8,16,10,4,0,540000,1253,0,1800.0,4.2,10.2,8.84,2024-06-08 12:08:27.320,quorum,94.15,93.47,19.447778906601048,1.0,0,0
b5a26b,paypal,1,hypercube,diablo,hop,8,16,10,4,0,59990,59303,0,200.0,197.7,5.07,5.07,2024-06-08 11:07:08.634,quorum,54.28,54.11,19.97590176351927,1.0,0,0
b5a26b,paypal,2,hypercube,diablo,hop,8,16,10,4,0,59990,59370,0,200.0,197.9,5.01,5.01,2024-06-08 11:18:27.946,quorum,54.28,54.11,26.4569243164613,1.0,0,0
c483c0,dota,1,hypercube,diablo,hop,8,16,10,4,0,3678700,0,0,13328.6,0.0,0.0,0.0,2024-06-08 13:19:02.879,quorum,127.42,122.39,21.564464833741333,1.0,0,0
c483c0,dota,2,hypercube,diablo,hop,8,16,10,4,0,3678700,0,0,13328.6,0.0,0.0,0.0,2024-06-08 13:34:31.895,quorum,127.42,122.39,22.2488174586627,1.0,0,0
2917ba,10000,1,hypercube,diablo,hop,8,16,10,4,0,1199990,0,0,9999.9,0.0,0.0,0.0,2024-06-08 12:20:14.581,quorum,251.29,248.17,9.971332882680736,1.0,0,0
2917ba,10000,2,hypercube,diablo,hop,8,16,10,4,0,1199990,0,0,9999.9,0.0,0.0,0.0,2024-06-08 12:31:44.965,quorum,251.29,248.17,10.184617061600237,1.0,0,0
119693,gafam,1,hypercube,diablo,hop,8,16,10,4,0,30320,1399,0,167.7,7.7,22.99,8.33,2024-06-08 18:17:53.014,quorum,29.94,29.29,11.872855897281765,1.0,0,0
998192,visa,1,hypercube,diablo,hop,8,16,10,4,0,540000,515,0,1800.0,1.7,10.86,10.86,2024-06-08 17:55:12.366,quorum,5.27,5.06,21.72001190560851,1.0,0,0
998192,visa,2,hypercube,diablo,hop,8,16,10,4,0,540000,5116,0,1800.0,17.1,10.2,10.22,2024-06-08 18:06:35.564,quorum,5.27,5.06,18.642310748867338,1.0,0,0
a31edb,gafam,1,hypercube,diablo,hop,8,16,10,4,0,30320,18,0,167.7,0.1,35.26,29.3,2024-06-09 23:35:38.446,quorum,17.15,16.76,13.72354104802564,1.0,0,0
b6e4c6,visa,6,hypercube,diablo,hop,8,16,10,4,0,540000,585,0,1800.0,1.9,16.06,16.1,2025-06-16 17:41:50.362,quorum,497.06,495.21,17.65363106354952,1.0,0,0
b6e4c6,visa,2,hypercube,diablo,hop,8,16,10,4,0,540000,1833,0,1800.0,6.1,8.43,9.85,2025-06-16 16:56:39.209,quorum,497.06,495.21,19.392109143037064,1.0,0,0
b6e4c6,visa,5,hypercube,diablo,hop,8,16,10,4,0,540000,3897,0,1800.0,13.0,6.57,5.16,2025-06-16 17:30:24.112,quorum,497.06,495.21,23.968921239626752,1.0,0,0
b6e4c6,visa,3,hypercube,diablo,hop,8,16,10,4,0,540000,530,0,1800.0,1.8,14.32,9.17,2025-06-16 17:08:04.232,quorum,497.06,495.21,26.217356880092975,1.0,0,0
b6e4c6,visa,10,hypercube,diablo,hop,8,16,10,4,0,540000,1933,0,1800.0,6.4,7.11,8.48,2025-06-16 18:26:59.746,quorum,497.06,495.21,28.950657935618157,1.0,0,0
b6e4c6,visa,1,hypercube,diablo,hop,8,16,10,4,0,540000,1635,0,1800.0,5.4,10.05,10.26,2025-06-16 16:45:45.448,quorum,497.06,495.21,16.873300908258773,1.0,0,0
b6e4c6,visa,7,hypercube,diablo,hop,8,16,10,4,0,540000,4525,0,1800.0,15.1,6.42,5.38,2025-06-16 17:53:13.077,quorum,497.06,495.21,18.569901811317415,1.0,0,0
b6e4c6,visa,4,hypercube,diablo,hop,8,16,10,4,0,540000,4207,0,1800.0,14.0,8.34,10.16,2025-06-16 17:19:30.589,quorum,497.06,495.21,31.05603396990808,1.0,0,0
b6e4c6,visa,9,hypercube,diablo,hop,8,16,10,4,0,540000,1760,0,1800.0,5.9,5.37,3.55,2025-06-16 18:15:34.619,quorum,497.06,495.21,22.196864338424948,1.0,0,0
b6e4c6,visa,8,hypercube,diablo,hop,8,16,10,4,0,540000,12,0,1800.0,0.0,2.37,2.41,2025-06-16 18:04:08.572,quorum,497.06,495.21,20.694403421258492,1.0,0,0
a9f932,dota,6,hypercube,diablo,hop,8,16,10,4,0,3678700,0,0,13328.6,0.0,0.0,0.0,2025-06-17 00:24:38.487,quorum,665.22,642.63,22.30220438172272,1.0,0,0
a9f932,dota,2,hypercube,diablo,hop,8,16,10,4,0,3678700,0,0,13328.6,0.0,0.0,0.0,2025-06-16 23:24:13.039,quorum,665.22,642.63,15.6791776436638,1.0,0,0
a9f932,dota,5,hypercube,diablo,hop,8,16,10,4,0,3678700,0,0,13328.5,0.0,0.0,0.0,2025-06-17 00:09:29.061,quorum,665.22,642.63,26.008473908307295,1.0,0,0
a9f932,dota,3,hypercube,diablo,hop,8,16,10,4,0,3678700,0,0,13328.6,0.0,0.0,0.0,2025-06-16 23:39:20.190,quorum,665.22,642.63,20.257515201245415,1.0,0,0
a9f932,dota,10,hypercube,diablo,hop,8,16,10,4,0,3678700,0,0,13328.6,0.0,0.0,0.0,2025-06-17 01:24:56.493,quorum,665.22,642.63,23.144083931670796,1.0,0,0
a9f932,dota,1,hypercube,diablo,hop,8,16,10,4,0,3678700,0,0,13328.6,0.0,0.0,0.0,2025-06-16 23:08:37.440,quorum,665.22,642.63,22.6356651681024,1.0,0,0
a9f932,dota,7,hypercube,diablo,hop,8,16,10,4,0,3678700,0,0,13328.6,0.0,0.0,0.0,2025-06-17 00:39:34.361,quorum,665.22,642.63,18.624087385647154,1.0,0,0
a9f932,dota,4,hypercube,diablo,hop,8,16,10,4,0,3678700,0,0,13328.6,0.0,0.0,0.0,2025-06-16 23:54:29.877,quorum,665.22,642.63,22.019166847698898,1.0,0,0
a9f932,dota,9,hypercube,diablo,hop,8,16,10,4,0,3678700,0,0,13328.6,0.0,0.0,0.0,2025-06-17 01:09:51.068,quorum,665.22,642.63,20.778110060520138,1.0,0,0
a9f932,dota,8,hypercube,diablo,hop,8,16,10,4,0,3678700,0,0,13328.6,0.0,0.0,0.0,2025-06-17 00:54:42.915,quorum,665.22,642.63,21.306957110704918,1.0,0,0
aa323c,gafam,6,hypercube,diablo,hop,8,16,10,4,0,30320,0,0,167.7,0.0,0.0,0.0,2025-06-16 13:48:05.424,quorum,109.15,107.9,14.201617366375313,1.0,0,0
aa323c,gafam,2,hypercube,diablo,hop,8,16,10,4,0,30320,2,0,167.7,0.0,7.97,7.97,2025-06-16 12:54:51.110,quorum,109.15,107.9,14.966388077535667,1.0,0,0
aa323c,gafam,5,hypercube,diablo,hop,8,16,10,4,0,30320,0,0,167.7,0.0,0.0,0.0,2025-06-16 13:34:45.443,quorum,109.15,107.9,11.796975306424116,1.0,0,0
aa323c,gafam,3,hypercube,diablo,hop,8,16,10,4,0,30320,343,0,167.7,1.9,8.5,8.66,2025-06-16 13:08:08.977,quorum,109.15,107.9,15.83456275716504,1.0,0,0
aa323c,gafam,10,hypercube,diablo,hop,8,16,10,4,0,30320,0,0,167.7,0.0,0.0,0.0,2025-06-16 14:40:55.657,quorum,109.15,107.9,12.376540768427386,1.0,0,0
aa323c,gafam,1,hypercube,diablo,hop,8,16,10,4,0,30320,0,0,167.7,0.0,0.0,0.0,2025-06-16 12:41:32.332,quorum,109.15,107.9,15.81336619810476,1.0,0,0
aa323c,gafam,7,hypercube,diablo,hop,8,16,10,4,0,30320,0,0,167.7,0.0,0.0,0.0,2025-06-16 14:01:25.782,quorum,109.15,107.9,13.489142559196342,1.0,0,0
aa323c,gafam,4,hypercube,diablo,hop,8,16,10,4,0,30320,270,0,167.7,1.5,7.94,7.94,2025-06-16 13:21:27.464,quorum,109.15,107.9,13.790826021526678,1.0,0,0
aa323c,gafam,9,hypercube,diablo,hop,8,16,10,4,0,30320,0,0,167.7,0.0,0.0,0.0,2025-06-16 14:27:36.768,quorum,109.15,107.9,14.08338880457883,1.0,0,0
aa323c,gafam,8,hypercube,diablo,hop,8,16,10,4,0,30320,0,0,167.7,0.0,0.0,0.0,2025-06-16 14:14:14.982,quorum,109.15,107.9,18.307377092346744,1.0,0,0
b97867,football,6,hypercube,diablo,hop,8,16,10,4,0,4056130,0,0,40159.3,0.0,0.0,0.0,2025-06-16 21:52:11.465,quorum,1716.81,1678.02,10.847034657774447,1.0,0,0
b97867,football,2,hypercube,diablo,hop,8,16,10,4,0,4056130,0,0,40159.4,0.0,0.0,0.0,2025-06-16 20:50:26.876,quorum,1716.81,1678.02,11.280732272429828,1.0,0,0
b97867,football,5,hypercube,diablo,hop,8,16,10,4,0,4056130,0,0,40159.4,0.0,0.0,0.0,2025-06-16 21:36:23.484,quorum,1716.81,1678.02,10.89816874551582,1.0,0,0
b97867,football,3,hypercube,diablo,hop,8,16,10,4,0,4056130,0,0,40159.3,0.0,0.0,0.0,2025-06-16 21:06:14.546,quorum,1716.81,1678.02,6.025587098127818,1.0,0,0
b97867,football,10,hypercube,diablo,hop,8,16,10,4,0,4056130,0,0,40159.4,0.0,0.0,0.0,2025-06-16 22:53:49.296,quorum,1716.81,1678.02,11.175113735461904,1.0,0,0
b97867,football,1,hypercube,diablo,hop,8,16,10,4,0,4056130,0,0,40159.3,0.0,0.0,0.0,2025-06-16 20:34:47.624,quorum,1716.81,1678.02,8.80649239501444,1.0,0,0
b97867,football,7,hypercube,diablo,hop,8,16,10,4,0,4056130,0,0,40159.4,0.0,0.0,0.0,2025-06-16 22:07:12.125,quorum,1716.81,1678.02,10.06482865447898,1.0,0,0
b97867,football,4,hypercube,diablo,hop,8,16,10,4,0,4056130,0,0,40159.3,0.0,0.0,0.0,2025-06-16 21:21:23.880,quorum,1716.81,1678.02,7.658171841124888,1.0,0,0
b97867,football,9,hypercube,diablo,hop,8,16,10,4,0,4056130,0,0,40159.4,0.0,0.0,0.0,2025-06-16 22:38:03.046,quorum,1716.81,1678.02,7.788605339490359,1.0,0,0
b97867,football,8,hypercube,diablo,hop,8,16,10,4,0,4056130,0,0,40159.4,0.0,0.0,0.0,2025-06-16 22:22:28.007,quorum,1716.81,1678.02,7.655324103446779,1.0,0,0
6f6dd4,paypal,6,hypercube,diablo,hop,8,16,10,4,0,59990,59251,0,200.0,197.5,5.02,5.01,2025-06-16 15:49:33.441,quorum,414.91,414.36,20.00662392782462,1.0,0,0
6f6dd4,paypal,2,hypercube,diablo,hop,8,16,10,4,0,59990,59339,0,200.0,197.8,5.04,5.04,2025-06-16 15:05:18.175,quorum,414.91,414.36,21.225107757256993,1.0,0,0
6f6dd4,paypal,5,hypercube,diablo,hop,8,16,10,4,0,59990,59249,0,200.0,197.5,5.17,5.16,2025-06-16 15:38:44.643,quorum,414.91,414.36,15.254662846812316,1.0,0,0
6f6dd4,paypal,3,hypercube,diablo,hop,8,16,10,4,0,59990,59394,0,200.0,198.0,5.04,5.04,2025-06-16 15:16:36.874,quorum,414.91,414.36,26.330558901118287,1.0,0,0
6f6dd4,paypal,10,hypercube,diablo,hop,8,16,10,4,0,59990,59369,0,200.0,197.9,5.0,5.0,2025-06-16 16:34:44.905,quorum,414.91,414.36,16.413907809020042,1.0,0,0
6f6dd4,paypal,1,hypercube,diablo,hop,8,16,10,4,0,59990,59413,0,200.0,198.1,5.02,5.01,2025-06-16 14:53:37.703,quorum,414.91,414.36,23.58616708310188,1.0,0,0
6f6dd4,paypal,7,hypercube,diablo,hop,8,16,10,4,0,59990,59253,0,200.0,197.5,5.04,5.03,2025-06-16 16:01:15.946,quorum,414.91,414.36,24.72769840186966,1.0,0,0
6f6dd4,paypal,4,hypercube,diablo,hop,8,16,10,4,0,59990,59395,0,200.0,198.0,5.03,5.03,2025-06-16 15:27:55.642,quorum,414.91,414.36,24.876649884800038,1.0,0,0
6f6dd4,paypal,9,hypercube,diablo,hop,8,16,10,4,0,59990,59374,0,200.0,197.9,5.02,5.01,2025-06-16 16:23:24.879,quorum,414.91,414.36,25.123042906858725,1.0,0,0
6f6dd4,paypal,8,hypercube,diablo,hop,8,16,10,4,0,59990,58689,0,200.0,195.7,4.96,4.95,2025-06-16 16:12:05.270,quorum,414.91,414.36,27.797456911489604,1.0,0,0
73f4de,10000,6,hypercube,diablo,hop,8,16,10,4,0,1199990,0,0,9999.9,0.0,0.0,0.0,2025-06-16 19:34:16.621,quorum,1331.71,1319.07,14.00800584626304,1.0,0,0
73f4de,10000,2,hypercube,diablo,hop,8,16,10,4,0,1199990,0,0,9999.9,0.0,0.0,0.0,2025-06-16 18:49:09.221,quorum,1331.71,1319.07,8.272431173819959,1.0,0,0
73f4de,10000,5,hypercube,diablo,hop,8,16,10,4,0,1199990,0,0,9955.7,0.0,0.0,0.0,2025-06-16 19:23:15.245,quorum,1331.71,1319.07,10.967311736730881,1.0,0,0
73f4de,10000,3,hypercube,diablo,hop,8,16,10,4,0,1199990,0,0,9999.9,0.0,0.0,0.0,2025-06-16 19:00:09.355,quorum,1331.71,1319.07,7.4910529697251675,1.0,0,0
73f4de,10000,10,hypercube,diablo,hop,8,16,10,4,0,1199990,0,0,9999.9,0.0,0.0,0.0,2025-06-16 20:20:34.976,quorum,1331.71,1319.07,10.401488507974317,1.0,0,0
73f4de,10000,1,hypercube,diablo,hop,8,16,10,4,0,1199990,500,0,9999.9,4.2,23.5,23.5,2025-06-16 18:38:06.897,quorum,1331.71,1319.07,12.961308134829451,1.0,0,0
73f4de,10000,7,hypercube,diablo,hop,8,16,10,4,0,1199990,0,0,9999.9,0.0,0.0,0.0,2025-06-16 19:46:09.668,quorum,1331.71,1319.07,12.71441611737911,1.0,0,0
73f4de,10000,4,hypercube,diablo,hop,8,16,10,4,0,1199990,0,0,9999.9,0.0,0.0,0.0,2025-06-16 19:11:40.583,quorum,1331.71,1319.07,9.145896448363477,1.0,0,0
73f4de,10000,9,hypercube,diablo,hop,8,16,10,4,0,1199990,0,0,9999.9,0.0,0.0,0.0,2025-06-16 20:09:03.812,quorum,1331.71,1319.07,8.720440601815044,1.0,0,0
73f4de,10000,8,hypercube,diablo,hop,8,16,10,4,0,1199990,0,0,9999.9,0.0,0.0,0.0,2025-06-16 19:57:09.683,quorum,1331.71,1319.07,8.473989849023683,1.0,0,0
941609,football,1,scale-free-l,diablo,hop,8,16,10,4,0,4056130,0,0,40159.3,0.0,0.0,0.0,2024-05-28 08:21:41.013,quorum,154.17,149.63,9.923283006768969,1.0,0,0
1aa64f,paypal,1,scale-free-l,diablo,hop,8,16,10,4,0,59990,58334,0,200.0,194.5,8.42,8.41,2024-05-28 07:28:19.976,quorum,31.4,31.56,27.199144770323265,1.0,0,0
00c730,dota,1,scale-free-l,diablo,hop,8,16,10,4,0,3678700,0,0,13325.3,0.0,0.0,0.0,2024-05-28 08:36:51.242,quorum,60.98,58.85,24.56532436815694,1.0,0,0
63bf50,gafam,1,scale-free-l,diablo,hop,8,16,10,4,0,30320,0,0,167.7,0.0,0.0,0.0,2024-05-28 07:39:54.048,quorum,65.38,65.51,17.035134410503932,1.0,0,0
b3b294,10000,1,scale-free-l,diablo,hop,8,16,10,4,0,1199990,0,0,9974.3,0.0,0.0,0.0,2024-05-28 08:04:56.552,quorum,115.6,114.6,9.051457510515519,1.0,0,0
2047d1,visa,1,scale-free-l,diablo,hop,8,16,10,4,0,540000,2842,0,1800.0,9.5,12.19,11.69,2024-05-28 16:24:19.708,quorum,4.26,3.99,18.284976204602184,1.0,0,0
3dd47b,10000,1,scale-free-l,diablo,hop,8,16,10,4,0,1199990,0,0,9962.0,0.0,0.0,0.0,2024-06-08 03:28:05.781,quorum,233.76,231.34,11.249426690360787,1.0,0,0
3dd47b,10000,2,scale-free-l,diablo,hop,8,16,10,4,0,1199990,0,0,9970.7,0.0,0.0,0.0,2024-06-08 03:39:36.061,quorum,233.76,231.34,12.643627375393706,1.0,0,0
0c6e99,football,1,scale-free-l,diablo,hop,8,16,10,4,0,4056130,0,0,40159.3,0.0,0.0,0.0,2024-06-08 03:55:00.188,quorum,308.13,300.49,9.8223176834734,1.0,0,0
0c6e99,football,2,scale-free-l,diablo,hop,8,16,10,4,0,4056130,0,0,40159.3,0.0,0.0,0.0,2024-06-08 04:10:44.843,quorum,308.13,300.49,7.659792834235784,1.0,0,0
8d908b,dota,1,scale-free-l,diablo,hop,8,16,10,4,0,3678700,0,0,13328.6,0.0,0.0,0.0,2024-06-08 04:25:43.962,quorum,122.67,118.09,22.867692803698354,1.0,0,0
8d908b,dota,2,scale-free-l,diablo,hop,8,16,10,4,0,3678700,0,0,13328.6,0.0,0.0,0.0,2024-06-08 04:41:26.216,quorum,122.67,118.09,24.356939075055436,1.0,0,0
f83b16,gafam,1,scale-free-l,diablo,hop,8,16,10,4,0,30320,1035,0,167.7,5.7,132.04,132.01,2024-06-08 02:38:23.339,quorum,126.26,126.08,12.008455536542701,1.0,0,0
aba86c,visa,1,scale-free-l,diablo,hop,8,16,10,4,0,540000,303,0,1800.0,1.0,11.03,11.01,2024-06-08 03:05:02.956,quorum,85.63,85.25,20.31801046872341,1.0,0,0
09cc49,paypal,1,scale-free-l,diablo,hop,8,16,10,4,0,59990,58421,0,200.0,194.8,8.45,8.44,2024-06-08 02:15:39.463,quorum,46.7,46.77,27.70256721107918,1.0,0,0
09cc49,paypal,2,scale-free-l,diablo,hop,8,16,10,4,0,59990,58361,0,200.0,194.6,8.37,8.36,2024-06-08 02:26:56.955,quorum,46.7,46.77,25.440344350586635,1.0,0,0
bc3256,gafam,1,scale-free-l,diablo,hop,8,16,10,4,0,30320,4188,0,167.7,23.2,141.33,134.52,2024-06-10 05:49:23.954,quorum,128.69,128.5,17.23851859412633,1.0,0,0
ebe8a1,10000,1,scale-free-l,diablo,hop,8,16,10,4,0,1199990,0,0,9999.9,0.0,0.0,0.0,2024-06-10 06:38:37.332,quorum,240.23,238.22,11.856856157311537,1.0,0,0
ebe8a1,10000,2,scale-free-l,diablo,hop,8,16,10,4,0,1199990,0,0,9999.9,0.0,0.0,0.0,2024-06-10 06:50:07.274,quorum,240.23,238.22,12.245815563725227,1.0,0,0
4352fd,paypal,1,scale-free-l,diablo,hop,8,16,10,4,0,59990,58360,0,200.0,194.6,8.23,8.23,2024-06-10 05:26:37.120,quorum,43.62,43.55,19.144826758675197,1.0,0,0
4352fd,paypal,2,scale-free-l,diablo,hop,8,16,10,4,0,59990,58262,0,200.0,194.2,8.5,8.5,2024-06-10 05:37:55.115,quorum,43.62,43.55,25.131606622382623,1.0,0,0
295600,dota,1,scale-free-l,diablo,hop,8,16,10,4,0,3678700,0,0,13328.6,0.0,0.0,0.0,2024-06-10 07:36:15.763,quorum,124.53,120.8,20.301656460780443,1.0,0,0
295600,dota,2,scale-free-l,diablo,hop,8,16,10,4,0,3678700,0,0,13328.6,0.0,0.0,0.0,2024-06-10 07:51:27.344,quorum,124.53,120.8,27.799430340386355,1.0,0,0
f64022,visa,2,scale-free-l,diablo,hop,8,16,10,4,0,540000,650,0,1800.0,2.2,128.41,131.73,2024-06-10 06:27:27.821,quorum,88.65,88.28,22.580423890606824,1.0,0,0
2df6e3,football,1,scale-free-l,diablo,hop,8,16,10,4,0,4056130,0,0,40159.4,0.0,0.0,0.0,2024-06-10 07:05:32.325,quorum,314.95,308.2,9.32138712543544,1.0,0,0
2df6e3,football,2,scale-free-l,diablo,hop,8,16,10,4,0,4056130,0,0,40159.3,0.0,0.0,0.0,2024-06-10 07:21:10.528,quorum,314.95,308.2,6.712069873850532,1.0,0,0
81b8ab,visa,2,scale-free-l,diablo,hop,8,16,10,4,0,540000,607,0,1800.0,2.0,18.16,13.11,2024-06-17 09:23:23.222,quorum,9.04,8.79,26.74283295530767,1.0,0,0
81b8ab,visa,3,scale-free-l,diablo,hop,8,16,10,4,0,540000,276,0,1800.0,0.9,9.3,9.55,2024-06-17 09:34:49.916,quorum,9.04,8.79,24.63871250365122,1.0,0,0
81b8ab,visa,1,scale-free-l,diablo,hop,8,16,10,4,0,540000,709,0,1800.0,2.4,14.55,15.41,2024-06-17 09:11:38.795,quorum,9.04,8.79,22.179076476788197,1.0,0,0
c299ba,gafam,2,scale-free-l,diablo,hop,8,16,10,4,0,30320,4626,0,167.7,25.6,39.33,40.35,2024-06-17 09:59:54.271,quorum,49.45,48.57,11.818570948703705,1.0,0,0
c299ba,gafam,3,scale-free-l,diablo,hop,8,16,10,4,0,30320,1462,0,167.7,8.1,29.52,30.78,2024-06-17 10:13:12.629,quorum,49.45,48.57,14.64912867594826,1.0,0,0
c299ba,gafam,1,scale-free-l,diablo,hop,8,16,10,4,0,30320,2827,0,167.7,15.6,130.2,169.66,2024-06-17 09:46:33.167,quorum,49.45,48.57,14.470293386753225,1.0,0,0
36b58e,10000,8,scale-free-l,diablo,hop,8,16,10,4,0,1199990,0,0,9999.9,0.0,0.0,0.0,2025-06-13 16:04:40.223,quorum,1243.27,1230.9,10.861798166882963,1.0,0,0
36b58e,10000,3,scale-free-l,diablo,hop,8,16,10,4,0,1199990,0,0,9999.9,0.0,0.0,0.0,2025-06-13 15:09:05.164,quorum,1243.27,1230.9,10.250458389453312,1.0,0,0
36b58e,10000,2,scale-free-l,diablo,hop,8,16,10,4,0,1199990,0,0,9999.9,0.0,0.0,0.0,2025-06-13 14:57:31.046,quorum,1243.27,1230.9,9.70881788463144,1.0,0,0
36b58e,10000,1,scale-free-l,diablo,hop,8,16,10,4,0,1199990,0,0,9999.9,0.0,0.0,0.0,2025-06-13 14:46:03.863,quorum,1243.27,1230.9,6.848088434671981,1.0,0,0
36b58e,10000,9,scale-free-l,diablo,hop,8,16,10,4,0,1199990,0,0,9952.6,0.0,0.0,0.0,2025-06-13 16:15:41.002,quorum,1243.27,1230.9,9.60633772836786,1.0,0,0
36b58e,10000,4,scale-free-l,diablo,hop,8,16,10,4,0,1199990,0,0,9999.9,0.0,0.0,0.0,2025-06-13 15:20:05.884,quorum,1243.27,1230.9,11.019797197251762,1.0,0,0
36b58e,10000,5,scale-free-l,diablo,hop,8,16,10,4,0,1199990,0,0,9999.9,0.0,0.0,0.0,2025-06-13 15:31:42.390,quorum,1243.27,1230.9,10.41579303232043,1.0,0,0
36b58e,10000,6,scale-free-l,diablo,hop,8,16,10,4,0,1199990,0,0,9999.9,0.0,0.0,0.0,2025-06-13 15:42:39.497,quorum,1243.27,1230.9,11.505996339307394,1.0,0,0
36b58e,10000,10,scale-free-l,diablo,hop,8,16,10,4,0,1199990,0,0,9999.9,0.0,0.0,0.0,2025-06-13 16:26:42.957,quorum,1243.27,1230.9,10.051704439351933,1.0,0,0
36b58e,10000,7,scale-free-l,diablo,hop,8,16,10,4,0,1199990,0,0,9999.9,0.0,0.0,0.0,2025-06-13 15:53:40.531,quorum,1243.27,1230.9,11.965895000919753,1.0,0,0
f49261,dota,8,scale-free-l,diablo,hop,8,16,10,4,0,3678700,0,0,13328.6,0.0,0.0,0.0,2025-06-13 21:01:17.205,quorum,647.08,622.38,18.632114154114678,1.0,0,0
f49261,dota,3,scale-free-l,diablo,hop,8,16,10,4,0,3678700,0,0,13328.1,0.0,0.0,0.0,2025-06-13 19:45:08.729,quorum,647.08,622.38,19.374880559466718,1.0,0,0
f49261,dota,2,scale-free-l,diablo,hop,8,16,10,4,0,3678700,0,0,13324.7,0.0,0.0,0.0,2025-06-13 19:29:58.587,quorum,647.08,622.38,21.77674496665353,1.0,0,0
f49261,dota,1,scale-free-l,diablo,hop,8,16,10,4,0,3678700,0,0,13328.6,0.0,0.0,0.0,2025-06-13 19:15:05.671,quorum,647.08,622.38,24.292711664928323,1.0,0,0
f49261,dota,9,scale-free-l,diablo,hop,8,16,10,4,0,3678700,0,0,13328.6,0.0,0.0,0.0,2025-06-13 21:16:35.303,quorum,647.08,622.38,24.22857004897727,1.0,0,0
f49261,dota,4,scale-free-l,diablo,hop,8,16,10,4,0,3678700,0,0,13328.6,0.0,0.0,0.0,2025-06-13 20:00:11.560,quorum,647.08,622.38,18.600797451195,1.0,0,0
f49261,dota,5,scale-free-l,diablo,hop,8,16,10,4,0,3678700,0,0,13328.6,0.0,0.0,0.0,2025-06-13 20:16:03.128,quorum,647.08,622.38,25.413413822313302,1.0,0,0
f49261,dota,6,scale-free-l,diablo,hop,8,16,10,4,0,3678700,0,0,13328.6,0.0,0.0,0.0,2025-06-13 20:30:57.253,quorum,647.08,622.38,22.67832056638813,1.0,0,0
f49261,dota,10,scale-free-l,diablo,hop,8,16,10,4,0,3678700,0,0,13328.6,0.0,0.0,0.0,2025-06-13 21:31:53.443,quorum,647.08,622.38,26.985885312916253,1.0,0,0
f49261,dota,7,scale-free-l,diablo,hop,8,16,10,4,0,3678700,0,0,13328.6,0.0,0.0,0.0,2025-06-13 20:45:58.580,quorum,647.08,622.38,18.046448315777397,1.0,0,0
b49d98,visa,8,scale-free-l,diablo,hop,8,16,10,4,0,540000,0,0,1799.9,0.0,0.0,0.0,2025-06-13 14:11:59.557,quorum,459.92,457.92,28.87268616290424,1.0,0,0
b49d98,visa,3,scale-free-l,diablo,hop,8,16,10,4,0,540000,0,0,1800.0,0.0,0.0,0.0,2025-06-13 13:15:58.472,quorum,459.92,457.92,22.904154454935345,1.0,0,0
b49d98,visa,2,scale-free-l,diablo,hop,8,16,10,4,0,540000,0,0,1800.0,0.0,0.0,0.0,2025-06-13 13:05:04.922,quorum,459.92,457.92,25.981366520862984,1.0,0,0
b49d98,visa,1,scale-free-l,diablo,hop,8,16,10,4,0,540000,0,0,1800.0,0.0,0.0,0.0,2025-06-13 12:54:11.577,quorum,459.92,457.92,24.03934273076084,1.0,0,0
b49d98,visa,9,scale-free-l,diablo,hop,8,16,10,4,0,540000,1088,0,1800.0,3.6,21.66,21.53,2025-06-13 14:23:24.187,quorum,459.92,457.92,24.199610936477896,1.0,0,0
b49d98,visa,4,scale-free-l,diablo,hop,8,16,10,4,0,540000,35,0,1800.0,0.1,10.14,10.14,2025-06-13 13:27:21.151,quorum,459.92,457.92,22.463262375344417,1.0,0,0
b49d98,visa,5,scale-free-l,diablo,hop,8,16,10,4,0,540000,101,0,1800.0,0.3,7.06,7.06,2025-06-13 13:38:14.681,quorum,459.92,457.92,18.097300845533823,1.0,0,0
b49d98,visa,6,scale-free-l,diablo,hop,8,16,10,4,0,540000,116,0,1800.0,0.4,7.94,7.92,2025-06-13 13:49:42.321,quorum,459.92,457.92,19.658682380242844,1.0,0,0
b49d98,visa,10,scale-free-l,diablo,hop,8,16,10,4,0,540000,0,0,1800.0,0.0,0.0,0.0,2025-06-13 14:34:20.531,quorum,459.92,457.92,28.669718970768866,1.0,0,0
b49d98,visa,7,scale-free-l,diablo,hop,8,16,10,4,0,540000,632,0,1800.0,2.1,16.73,16.81,2025-06-13 14:01:06.644,quorum,459.92,457.92,23.082636159664222,1.0,0,0
2fad2d,gafam,8,scale-free-l,diablo,hop,8,16,10,4,0,30320,0,0,167.7,0.0,0.0,0.0,2025-06-13 10:22:25.819,quorum,113.45,111.84,13.550869917459869,1.0,0,0
2fad2d,gafam,3,scale-free-l,diablo,hop,8,16,10,4,0,30320,0,0,167.7,0.0,0.0,0.0,2025-06-13 09:16:30.984,quorum,113.45,111.84,10.184743930256012,1.0,0,0
2fad2d,gafam,2,scale-free-l,diablo,hop,8,16,10,4,0,30320,0,0,167.7,0.0,0.0,0.0,2025-06-13 09:03:13.100,quorum,113.45,111.84,14.897696225671083,1.0,0,0
2fad2d,gafam,1,scale-free-l,diablo,hop,8,16,10,4,0,30320,0,0,167.7,0.0,0.0,0.0,2025-06-13 08:49:54.169,quorum,113.45,111.84,16.114168556277153,1.0,0,0
2fad2d,gafam,9,scale-free-l,diablo,hop,8,16,10,4,0,30320,1000,0,167.7,5.5,40.79,40.79,2025-06-13 10:35:49.161,quorum,113.45,111.84,15.0802459161747,1.0,0,0
2fad2d,gafam,4,scale-free-l,diablo,hop,8,16,10,4,0,30320,0,0,167.7,0.0,0.0,0.0,2025-06-13 09:29:50.079,quorum,113.45,111.84,14.265360490192336,1.0,0,0
2fad2d,gafam,5,scale-free-l,diablo,hop,8,16,10,4,0,30320,0,0,167.7,0.0,0.0,0.0,2025-06-13 09:43:06.227,quorum,113.45,111.84,15.645062707537607,1.0,0,0
2fad2d,gafam,6,scale-free-l,diablo,hop,8,16,10,4,0,30320,0,0,167.7,0.0,0.0,0.0,2025-06-13 09:56:19.734,quorum,113.45,111.84,16.71215473384108,1.0,0,0
2fad2d,gafam,10,scale-free-l,diablo,hop,8,16,10,4,0,30320,0,0,167.7,0.0,0.0,0.0,2025-06-13 10:49:13.057,quorum,113.45,111.84,14.300964420721497,1.0,0,0
2fad2d,gafam,7,scale-free-l,diablo,hop,8,16,10,4,0,30320,0,0,167.7,0.0,0.0,0.0,2025-06-13 10:09:38.001,quorum,113.45,111.84,14.660764355209896,1.0,0,0
f8908a,paypal,8,scale-free-l,diablo,hop,8,16,10,4,0,59990,58399,0,200.0,194.7,8.41,8.41,2025-06-13 12:20:31.984,quorum,380.32,379.88,22.640694580688763,1.0,0,0
f8908a,paypal,3,scale-free-l,diablo,hop,8,16,10,4,0,59990,58458,0,200.0,194.9,8.3,8.3,2025-06-13 11:24:50.384,quorum,380.32,379.88,18.81080998482322,1.0,0,0
f8908a,paypal,2,scale-free-l,diablo,hop,8,16,10,4,0,59990,58274,0,200.0,194.3,8.53,8.53,2025-06-13 11:14:01.513,quorum,380.32,379.88,22.373583472123656,1.0,0,0
f8908a,paypal,1,scale-free-l,diablo,hop,8,16,10,4,0,59990,58396,0,200.0,194.7,8.46,8.46,2025-06-13 11:02:20.857,quorum,380.32,379.88,24.32568583440623,1.0,0,0
f8908a,paypal,9,scale-free-l,diablo,hop,8,16,10,4,0,59990,58262,0,200.0,194.2,8.36,8.36,2025-06-13 12:31:51.622,quorum,380.32,379.88,19.096114634572153,1.0,0,0
f8908a,paypal,4,scale-free-l,diablo,hop,8,16,10,4,0,59990,58504,0,200.0,195.0,8.36,8.36,2025-06-13 11:35:39.058,quorum,380.32,379.88,20.989866596698874,1.0,0,0
f8908a,paypal,5,scale-free-l,diablo,hop,8,16,10,4,0,59990,58295,0,200.0,194.3,8.38,8.38,2025-06-13 11:46:28.296,quorum,380.32,379.88,24.20350300848144,1.0,0,0
f8908a,paypal,6,scale-free-l,diablo,hop,8,16,10,4,0,59990,58229,0,200.0,194.1,8.31,8.31,2025-06-13 11:57:50.491,quorum,380.32,379.88,23.232449181637143,1.0,0,0
f8908a,paypal,10,scale-free-l,diablo,hop,8,16,10,4,0,59990,58156,0,200.0,193.9,8.4,8.4,2025-06-13 12:43:10.812,quorum,380.32,379.88,19.743424348533715,1.0,0,0
f8908a,paypal,7,scale-free-l,diablo,hop,8,16,10,4,0,59990,58395,0,200.0,194.7,8.45,8.45,2025-06-13 12:09:09.708,quorum,380.32,379.88,26.99622858503538,1.0,0,0
1b1a77,football,8,scale-free-l,diablo,hop,8,16,10,4,0,4056130,0,0,40159.3,0.0,0.0,0.0,2025-06-13 18:29:19.088,quorum,1633.24,1590.53,8.525536446630387,1.0,0,0
1b1a77,football,3,scale-free-l,diablo,hop,8,16,10,4,0,4056130,0,0,40159.3,0.0,0.0,0.0,2025-06-13 17:11:45.723,quorum,1633.24,1590.53,10.485037530495319,1.0,0,0
1b1a77,football,2,scale-free-l,diablo,hop,8,16,10,4,0,4056130,0,0,40156.9,0.0,0.0,0.0,2025-06-13 16:56:33.588,quorum,1633.24,1590.53,7.963621092219626,1.0,0,0
1b1a77,football,1,scale-free-l,diablo,hop,8,16,10,4,0,4056130,0,0,40159.3,0.0,0.0,0.0,2025-06-13 16:41:33.512,quorum,1633.24,1590.53,9.446137163235536,1.0,0,0
1b1a77,football,9,scale-free-l,diablo,hop,8,16,10,4,0,4056130,0,0,40109.4,0.0,0.0,0.0,2025-06-13 18:44:36.610,quorum,1633.24,1590.53,7.479099526833944,1.0,0,0
1b1a77,football,4,scale-free-l,diablo,hop,8,16,10,4,0,4056130,0,0,40159.3,0.0,0.0,0.0,2025-06-13 17:26:48.557,quorum,1633.24,1590.53,8.680793580113907,1.0,0,0
1b1a77,football,5,scale-free-l,diablo,hop,8,16,10,4,0,4056130,0,0,39953.9,0.0,0.0,0.0,2025-06-13 17:42:28.355,quorum,1633.24,1590.53,9.003463655467193,1.0,0,0
1b1a77,football,6,scale-free-l,diablo,hop,8,16,10,4,0,4056130,0,0,40159.3,0.0,0.0,0.0,2025-06-13 17:57:46.156,quorum,1633.24,1590.53,10.15361730677085,1.0,0,0
1b1a77,football,10,scale-free-l,diablo,hop,8,16,10,4,0,4056130,0,0,40159.4,0.0,0.0,0.0,2025-06-13 18:59:31.043,quorum,1633.24,1590.53,7.788213440910752,1.0,0,0
1b1a77,football,7,scale-free-l,diablo,hop,8,16,10,4,0,4056130,0,0,40159.3,0.0,0.0,0.0,2025-06-13 18:13:21.830,quorum,1633.24,1590.53,11.125138194142439,1.0,0,0
90aee4,visa,2,torus-l,diablo,hop,8,16,10,4,0,540000,4201,0,1800.0,14.0,8.34,4.82,2024-06-08 06:13:32.277,quorum,89.74,89.73,25.697861590228626,1.0,0,0
90aee4,visa,1,torus-l,diablo,hop,8,16,10,4,0,540000,3897,0,1800.0,13.0,8.8,5.54,2024-06-08 06:02:09.073,quorum,89.74,89.73,23.221206457411068,1.0,0,0
08acba,10000,2,torus-l,diablo,hop,8,16,10,4,0,1199990,0,0,9999.9,0.0,0.0,0.0,2024-06-08 06:35:41.572,quorum,240.82,239.75,9.331281481337431,1.0,0,0
08acba,10000,1,torus-l,diablo,hop,8,16,10,4,0,1199990,0,0,9999.9,0.0,0.0,0.0,2024-06-08 06:24:38.718,quorum,240.82,239.75,10.634691937576829,1.0,0,0
103525,dota,2,torus-l,diablo,hop,8,16,10,4,0,3678700,0,0,13328.6,0.0,0.0,0.0,2024-06-08 07:37:15.125,quorum,121.45,117.55,22.431862386831245,1.0,0,0
103525,dota,1,torus-l,diablo,hop,8,16,10,4,0,3678700,0,0,13328.6,0.0,0.0,0.0,2024-06-08 07:21:41.311,quorum,121.45,117.55,22.237642503276273,1.0,0,0
0a2fbb,gafam,2,torus-l,diablo,hop,8,16,10,4,0,30320,2956,0,167.7,16.3,24.79,25.28,2024-06-08 05:48:47.848,quorum,132.07,132.38,17.874628239106947,1.0,0,0
ccae3f,football,2,torus-l,diablo,hop,8,16,10,4,0,4056130,0,0,40159.3,0.0,0.0,0.0,2024-06-08 07:06:05.042,quorum,310.6,304.57,8.006077944635617,1.0,0,0
ccae3f,football,1,torus-l,diablo,hop,8,16,10,4,0,4056130,0,0,40159.3,0.0,0.0,0.0,2024-06-08 06:50:20.555,quorum,310.6,304.57,7.90498108980697,1.0,0,0
27d7b5,paypal,2,torus-l,diablo,hop,8,16,10,4,0,59990,59237,0,200.0,197.5,5.07,5.06,2024-06-08 05:24:00.654,quorum,51.72,51.88,19.460999542060286,1.0,0,0
27d7b5,paypal,1,torus-l,diablo,hop,8,16,10,4,0,59990,59415,0,200.0,198.1,5.03,5.02,2024-06-08 05:12:21.568,quorum,51.72,51.88,20.895156564855238,1.0,0,0
c18aad,visa,1,torus-l,diablo,hop,8,16,10,4,0,540000,1165,0,1800.0,3.9,14.56,14.0,2024-06-08 15:42:17.541,quorum,6.63,6.13,21.41524470561208,1.0,0,0
c18aad,visa,2,torus-l,diablo,hop,8,16,10,4,0,540000,2439,0,1800.0,8.1,7.36,4.02,2024-06-08 15:53:40.711,quorum,6.63,6.13,20.03290482518317,1.0,0,0
4b7eab,gafam,3,torus-l,diablo,hop,8,16,10,4,0,30320,30,0,167.7,0.2,15.95,15.95,2024-06-17 08:29:31.279,quorum,48.24,46.85,12.823942456930599,1.0,0,0
4b7eab,gafam,2,torus-l,diablo,hop,8,16,10,4,0,30320,673,0,167.7,3.7,34.59,38.24,2024-06-17 08:16:14.436,quorum,48.24,46.85,19.546126367873335,1.0,0,0
1057e8,visa,1,torus-l,diablo,hop,8,16,10,4,0,540000,2485,0,1800.0,8.3,5.96,5.96,2024-06-17 07:28:25.525,quorum,9.81,9.33,19.31572952572334,1.0,0,0
1057e8,visa,3,torus-l,diablo,hop,8,16,10,4,0,540000,2912,0,1800.0,9.7,5.74,4.37,2024-06-17 07:51:14.419,quorum,9.81,9.33,21.867197015643303,1.0,0,0
1057e8,visa,2,torus-l,diablo,hop,8,16,10,4,0,540000,3222,0,1800.0,10.7,6.54,4.82,2024-06-17 07:39:47.095,quorum,9.81,9.33,18.010918660174095,1.0,0,0
c0c900,gafam,9,torus-l,diablo,hop,8,16,10,4,0,30320,0,0,167.7,0.0,0.0,0.0,2025-06-14 11:52:28.231,quorum,114.46,113.06,12.821328233929478,1.0,0,0
c0c900,gafam,6,torus-l,diablo,hop,8,16,10,4,0,30320,0,0,167.7,0.0,0.0,0.0,2025-06-14 11:12:30.314,quorum,114.46,113.06,17.261097690834323,1.0,0,0
c0c900,gafam,4,torus-l,diablo,hop,8,16,10,4,0,30320,0,0,167.7,0.0,0.0,0.0,2025-06-14 10:45:51.715,quorum,114.46,113.06,13.858405260274319,1.0,0,0
c0c900,gafam,7,torus-l,diablo,hop,8,16,10,4,0,30320,2,0,167.7,0.0,142.12,142.12,2025-06-14 11:25:48.700,quorum,114.46,113.06,15.19456996289448,1.0,0,0
c0c900,gafam,3,torus-l,diablo,hop,8,16,10,4,0,30320,0,0,167.7,0.0,0.0,0.0,2025-06-14 10:32:31.463,quorum,114.46,113.06,12.590541672452591,1.0,0,0
c0c900,gafam,5,torus-l,diablo,hop,8,16,10,4,0,30320,169,0,167.7,0.9,22.43,28.92,2025-06-14 10:59:11.330,quorum,114.46,113.06,16.385297651583674,1.0,0,0
c0c900,gafam,1,torus-l,diablo,hop,8,16,10,4,0,30320,16,0,167.7,0.1,117.22,117.22,2025-06-14 10:05:32.122,quorum,114.46,113.06,14.106044002996743,1.0,0,0
c0c900,gafam,8,torus-l,diablo,hop,8,16,10,4,0,30320,0,0,167.7,0.0,0.0,0.0,2025-06-14 11:39:07.839,quorum,114.46,113.06,11.461337375442984,1.0,0,0
c0c900,gafam,2,torus-l,diablo,hop,8,16,10,4,0,30320,0,0,167.7,0.0,0.0,0.0,2025-06-14 10:18:49.945,quorum,114.46,113.06,15.580053571575068,1.0,0,0
c0c900,gafam,10,torus-l,diablo,hop,8,16,10,4,0,30320,0,0,167.7,0.0,0.0,0.0,2025-06-14 12:05:47.654,quorum,114.46,113.06,14.705058836025959,1.0,0,0
486a84,paypal,9,torus-l,diablo,hop,8,16,10,4,0,59990,59437,0,200.0,198.2,5.11,5.11,2025-06-14 13:48:09.858,quorum,401.12,401.01,20.295932567905226,1.0,0,0
486a84,paypal,6,torus-l,diablo,hop,8,16,10,4,0,59990,58547,0,200.0,195.2,5.12,5.11,2025-06-14 13:15:08.978,quorum,401.12,401.01,27.226987710261668,1.0,0,0
486a84,paypal,4,torus-l,diablo,hop,8,16,10,4,0,59990,58973,0,200.0,196.6,4.97,4.96,2025-06-14 12:52:26.539,quorum,401.12,401.01,19.85377453331925,1.0,0,0
486a84,paypal,7,torus-l,diablo,hop,8,16,10,4,0,59990,59424,0,200.0,198.1,4.98,4.98,2025-06-14 13:26:29.688,quorum,401.12,401.01,22.53688386472246,1.0,0,0
486a84,paypal,3,torus-l,diablo,hop,8,16,10,4,0,59990,59207,0,200.0,197.4,5.23,5.22,2025-06-14 12:41:36.743,quorum,401.12,401.01,20.71407792711134,1.0,0,0
486a84,paypal,5,torus-l,diablo,hop,8,16,10,4,0,59990,59327,0,200.0,197.8,5.01,5.01,2025-06-14 13:03:46.205,quorum,401.12,401.01,26.41167447203655,1.0,0,0
486a84,paypal,1,torus-l,diablo,hop,8,16,10,4,0,59990,58628,0,200.0,195.5,5.16,5.15,2025-06-14 12:18:29.933,quorum,401.12,401.01,23.34267428727538,1.0,0,0
486a84,paypal,8,torus-l,diablo,hop,8,16,10,4,0,59990,59438,0,200.0,198.2,5.09,5.09,2025-06-14 13:37:19.915,quorum,401.12,401.01,18.96936759946843,1.0,0,0
486a84,paypal,2,torus-l,diablo,hop,8,16,10,4,0,59990,59375,0,200.0,197.9,5.08,5.07,2025-06-14 12:29:54.071,quorum,401.12,401.01,20.660979048658707,1.0,0,0
486a84,paypal,10,torus-l,diablo,hop,8,16,10,4,0,59990,58884,0,200.0,196.3,5.07,5.06,2025-06-14 13:59:30.291,quorum,401.12,401.01,25.819854854064985,1.0,0,0
d36352,dota,9,torus-l,diablo,hop,8,16,10,4,0,3678700,0,0,13328.6,0.0,0.0,0.0,2025-06-14 22:35:32.731,quorum,651.7,627.85,15.80471433464346,1.0,0,0
d36352,dota,6,torus-l,diablo,hop,8,16,10,4,0,3678700,0,0,13328.6,0.0,0.0,0.0,2025-06-14 21:49:27.175,quorum,651.7,627.85,23.618452367615983,1.0,0,0
d36352,dota,4,torus-l,diablo,hop,8,16,10,4,0,3678700,0,0,13328.6,0.0,0.0,0.0,2025-06-14 21:19:20.453,quorum,651.7,627.85,20.757465049654428,1.0,0,0
d36352,dota,7,torus-l,diablo,hop,8,16,10,4,0,3678700,0,0,13324.7,0.0,0.0,0.0,2025-06-14 22:04:39.713,quorum,651.7,627.85,22.292717057656688,1.0,0,0
d36352,dota,3,torus-l,diablo,hop,8,16,10,4,0,3678700,0,0,13328.6,0.0,0.0,0.0,2025-06-14 21:04:15.228,quorum,651.7,627.85,22.15509726322713,1.0,0,0
d36352,dota,5,torus-l,diablo,hop,8,16,10,4,0,3678700,0,0,13328.6,0.0,0.0,0.0,2025-06-14 21:34:26.838,quorum,651.7,627.85,20.126154969116687,1.0,0,0
d36352,dota,1,torus-l,diablo,hop,8,16,10,4,0,3678700,0,0,13328.6,0.0,0.0,0.0,2025-06-14 20:33:23.881,quorum,651.7,627.85,18.64092485934392,1.0,0,0
d36352,dota,8,torus-l,diablo,hop,8,16,10,4,0,3678700,0,0,13328.6,0.0,0.0,0.0,2025-06-14 22:20:32.875,quorum,651.7,627.85,22.339501787383195,1.0,0,0
d36352,dota,2,torus-l,diablo,hop,8,16,10,4,0,3678700,0,0,13328.6,0.0,0.0,0.0,2025-06-14 20:49:02.406,quorum,651.7,627.85,20.274765505402577,1.0,0,0
d36352,dota,10,torus-l,diablo,hop,8,16,10,4,0,3678700,0,0,13328.6,0.0,0.0,0.0,2025-06-14 22:51:15.406,quorum,651.7,627.85,20.86221263963567,1.0,0,0
1f3740,visa,9,torus-l,diablo,hop,8,16,10,4,0,540000,176,0,1800.0,0.6,8.84,8.85,2025-06-14 15:41:09.067,quorum,481.81,480.56,22.526637540048625,1.0,0,0
1f3740,visa,6,torus-l,diablo,hop,8,16,10,4,0,540000,2573,0,1800.0,8.6,8.37,8.17,2025-06-14 15:07:47.618,quorum,481.81,480.56,24.622583943810717,1.0,0,0
1f3740,visa,4,torus-l,diablo,hop,8,16,10,4,0,540000,2557,0,1800.0,8.5,8.26,8.27,2025-06-14 14:44:55.345,quorum,481.81,480.56,15.471207549601079,1.0,0,0
1f3740,visa,7,torus-l,diablo,hop,8,16,10,4,0,540000,1011,0,1800.0,3.4,55.64,11.02,2025-06-14 15:18:42.893,quorum,481.81,480.56,27.040405680346257,1.0,0,0
1f3740,visa,3,torus-l,diablo,hop,8,16,10,4,0,540000,2570,0,1800.0,8.6,9.46,9.55,2025-06-14 14:34:00.578,quorum,481.81,480.56,20.914274150971092,1.0,0,0
1f3740,visa,5,torus-l,diablo,hop,8,16,10,4,0,540000,2005,0,1800.0,6.7,9.4,9.49,2025-06-14 14:56:21.066,quorum,481.81,480.56,22.651148728313775,1.0,0,0
1f3740,visa,1,torus-l,diablo,hop,8,16,10,4,0,540000,1498,0,1799.7,5.0,10.89,10.84,2025-06-14 14:11:04.429,quorum,481.81,480.56,26.561234352202135,1.0,0,0
1f3740,visa,8,torus-l,diablo,hop,8,16,10,4,0,540000,2592,0,1800.0,8.6,8.32,8.33,2025-06-14 15:29:39.201,quorum,481.81,480.56,26.682239876221086,1.0,0,0
1f3740,visa,2,torus-l,diablo,hop,8,16,10,4,0,540000,365,0,1800.0,1.2,8.88,8.89,2025-06-14 14:22:33.827,quorum,481.81,480.56,21.078268903786118,1.0,0,0
1f3740,visa,10,torus-l,diablo,hop,8,16,10,4,0,540000,829,0,1800.0,2.8,9.0,8.66,2025-06-14 15:52:57.750,quorum,481.81,480.56,18.2880139737272,1.0,0,0
13b0a3,football,9,torus-l,diablo,hop,8,16,10,4,0,4056130,0,0,40027.9,0.0,0.0,0.0,2025-06-14 20:02:53.751,quorum,1672.6,1635.59,9.421654188354415,1.0,0,0
13b0a3,football,6,torus-l,diablo,hop,8,16,10,4,0,4056130,0,0,40159.4,0.0,0.0,0.0,2025-06-14 19:16:56.882,quorum,1672.6,1635.59,8.613007218250685,1.0,0,0
13b0a3,football,4,torus-l,diablo,hop,8,16,10,4,0,4056130,0,0,40159.3,0.0,0.0,0.0,2025-06-14 18:46:38.827,quorum,1672.6,1635.59,11.690043022364634,1.0,0,0
13b0a3,football,7,torus-l,diablo,hop,8,16,10,4,0,4056130,0,0,40159.3,0.0,0.0,0.0,2025-06-14 19:32:36.157,quorum,1672.6,1635.59,8.524957770082679,1.0,0,0
13b0a3,football,3,torus-l,diablo,hop,8,16,10,4,0,4056130,0,0,40159.3,0.0,0.0,0.0,2025-06-14 18:31:33.385,quorum,1672.6,1635.59,9.112401619854491,1.0,0,0
13b0a3,football,5,torus-l,diablo,hop,8,16,10,4,0,4056130,0,0,40159.3,0.0,0.0,0.0,2025-06-14 19:01:49.007,quorum,1672.6,1635.59,8.837056020326484,1.0,0,0
13b0a3,football,1,torus-l,diablo,hop,8,16,10,4,0,4056130,0,0,40159.3,0.0,0.0,0.0,2025-06-14 18:00:43.833,quorum,1672.6,1635.59,8.26352964746665,1.0,0,0
13b0a3,football,8,torus-l,diablo,hop,8,16,10,4,0,4056130,0,0,39629.7,0.0,0.0,0.0,2025-06-14 19:47:46.769,quorum,1672.6,1635.59,10.942180383523608,1.0,0,0
13b0a3,football,2,torus-l,diablo,hop,8,16,10,4,0,4056130,0,0,40159.4,0.0,0.0,0.0,2025-06-14 18:15:47.252,quorum,1672.6,1635.59,7.663065261841106,1.0,0,0
13b0a3,football,10,torus-l,diablo,hop,8,16,10,4,0,4056130,0,0,40011.3,0.0,0.0,0.0,2025-06-14 20:18:10.645,quorum,1672.6,1635.59,8.459884373193836,1.0,0,0
c7be65,10000,9,torus-l,diablo,hop,8,16,10,4,0,1199990,0,0,9982.5,0.0,0.0,0.0,2025-06-14 17:34:05.386,quorum,1290.61,1280.49,12.601543388642838,1.0,0,0
c7be65,10000,6,torus-l,diablo,hop,8,16,10,4,0,1199990,0,0,9999.9,0.0,0.0,0.0,2025-06-14 17:01:00.046,quorum,1290.61,1280.49,9.215842958288023,1.0,0,0
c7be65,10000,4,torus-l,diablo,hop,8,16,10,4,0,1199990,0,0,9999.9,0.0,0.0,0.0,2025-06-14 16:38:25.423,quorum,1290.61,1280.49,10.30250643814604,1.0,0,0
c7be65,10000,7,torus-l,diablo,hop,8,16,10,4,0,1199990,0,0,9999.9,0.0,0.0,0.0,2025-06-14 17:12:00.740,quorum,1290.61,1280.49,11.66871899659851,1.0,0,0
c7be65,10000,3,torus-l,diablo,hop,8,16,10,4,0,1199990,0,0,9999.9,0.0,0.0,0.0,2025-06-14 16:27:21.465,quorum,1290.61,1280.49,10.251521275499389,1.0,0,0
c7be65,10000,5,torus-l,diablo,hop,8,16,10,4,0,1199990,0,0,9999.9,0.0,0.0,0.0,2025-06-14 16:49:57.847,quorum,1290.61,1280.49,10.542643273551464,1.0,0,0
c7be65,10000,1,torus-l,diablo,hop,8,16,10,4,0,1199990,0,0,9999.9,0.0,0.0,0.0,2025-06-14 16:04:43.091,quorum,1290.61,1280.49,9.901921687695062,1.0,0,0
c7be65,10000,8,torus-l,diablo,hop,8,16,10,4,0,1199990,0,0,9999.9,0.0,0.0,0.0,2025-06-14 17:23:02.603,quorum,1290.61,1280.49,12.613054933047232,1.0,0,0
c7be65,10000,2,torus-l,diablo,hop,8,16,10,4,0,1199990,0,0,9999.9,0.0,0.0,0.0,2025-06-14 16:15:44.979,quorum,1290.61,1280.49,9.888354345208855,1.0,0,0
c7be65,10000,10,torus-l,diablo,hop,8,16,10,4,0,1199990,0,0,9999.9,0.0,0.0,0.0,2025-06-14 17:45:10.891,quorum,1290.61,1280.49,11.286233174050302,1.0,0,0
e4fad8,visa,1,torus-l,diablo,hop,8,16,10,4,0,540000,3454,0,1800.0,11.5,20.58,16.49,2024-05-04 16:12:41.179,quorum,34.77,34.55,23.981323755511916,0.0,0,0
87abaf,paypal,1,torus-l,diablo,hop,8,16,10,4,0,59990,59447,0,200.0,198.2,5.02,5.01,2024-05-04 16:00:47.513,quorum,25.73,25.76,24.54933741392844,0.0,0,0
99dae3,paypal,1,full-mesh,our,hop,8,16,10,1,0,59990,30276,0,200.0,100.9,38.01,14.05,2024-05-13 13:22:44.953,quorum,2.28,2.51,26.876351488290723,0.0,0,0
2a6fc5,paypal,2,full-mesh,our,hop,8,16,10,1,0,59990,24803,0,200.0,82.7,62.72,59.48,2024-06-24 20:03:23.333,quorum,9.59,11.11,24.830128053033363,1.0,0,0
2a6fc5,paypal,3,full-mesh,our,hop,8,16,10,1,0,59990,58915,0,200.0,196.4,13.41,5.93,2024-06-24 20:13:30.964,quorum,9.59,11.11,21.650433787998853,1.0,0,0
2a6fc5,paypal,4,full-mesh,our,hop,8,16,10,1,0,59990,18322,0,200.0,61.1,53.78,49.69,2024-06-24 20:23:08.137,quorum,9.59,11.11,22.18033424892613,1.0,0,0
2a6fc5,paypal,1,full-mesh,our,hop,8,16,10,1,0,59990,58835,0,200.0,196.1,14.72,6.0,2024-06-24 19:53:16.410,quorum,9.59,11.11,21.531695599805392,1.0,0,0
fa540a,10000,1,fat-tree-l,diablo,hop,8,16,10,4,0,1199990,0,0,9999.9,0.0,0.0,0.0,2024-04-21 23:45:17.406,quorum,4.75,3.7,7.464836778545927,0.0,0,0
474dd4,dota,1,fat-tree-l,diablo,hop,8,16,10,4,0,3678700,0,0,13323.4,0.0,0.0,0.0,2024-04-22 00:23:33.428,quorum,15.97,13.85,26.06790389509227,0.0,0,0
73c19c,football,1,fat-tree-l,diablo,hop,8,16,10,4,0,4056130,0,0,40159.4,0.0,0.0,0.0,2024-04-22 00:10:50.252,quorum,32.18,28.77,9.310666806090792,0.0,0,0
ee2671,gafam,1,fat-tree-l,diablo,hop,8,16,10,4,0,30320,11822,0,167.7,65.4,101.44,103.99,2024-04-21 23:55:57.989,quorum,10.02,9.32,13.321276264880897,0.0,0,0
edecbd,gafam,1,full-mesh,diablo,hop,8,16,10,4,0,30320,3184,0,167.7,17.6,69.1,68.26,2024-04-22 08:52:08.398,quorum,12.1,11.2,12.667673864748528,0.0,0,0
a80966,dota,1,full-mesh,diablo,hop,8,16,10,4,0,3678700,0,0,13328.6,0.0,0.0,0.0,2024-04-22 09:19:32.548,quorum,16.65,13.99,23.224138266508962,0.0,0,0
77b7c2,10000,1,full-mesh,diablo,hop,8,16,10,4,0,1199990,0,0,9999.9,0.0,0.0,0.0,2024-04-22 08:41:23.221,quorum,5.06,3.97,11.144864770037394,0.0,0,0
57eec7,football,1,full-mesh,diablo,hop,8,16,10,4,0,4056130,0,0,40159.3,0.0,0.0,0.0,2024-04-22 09:06:49.491,quorum,33.85,29.07,9.342963761316035,0.0,0,0
d81f5e,10000,1,hypercube,diablo,hop,8,16,10,4,0,1199990,0,0,9999.9,0.0,0.0,0.0,2024-04-22 00:53:18.285,quorum,6.14,5.19,9.039544631360192,0.0,0,0
3907fb,dota,1,hypercube,diablo,hop,8,16,10,4,0,3678700,0,0,13328.6,0.0,0.0,0.0,2024-04-22 01:31:03.398,quorum,15.81,13.52,23.13237355175267,0.0,0,0
d642f6,football,1,hypercube,diablo,hop,8,16,10,4,0,4056130,0,0,39913.9,0.0,0.0,0.0,2024-04-22 01:18:44.297,quorum,30.96,27.42,10.215129207131005,0.0,0,0
27ae76,gafam,1,hypercube,diablo,hop,8,16,10,4,0,30320,5749,0,167.7,31.8,143.12,154.65,2024-04-22 01:03:58.033,quorum,11.14,10.44,13.123725630279854,0.0,0,0
efc365,10000,1,scale-free-l,diablo,hop,8,16,10,4,0,1199990,0,0,9999.9,0.0,0.0,0.0,2024-04-21 21:29:22.775,quorum,5.51,4.64,9.013859882686067,0.0,0,0
d09712,dota,1,scale-free-l,diablo,hop,8,16,10,4,0,3678700,0,0,13328.6,0.0,0.0,0.0,2024-04-21 22:08:38.362,quorum,17.37,14.78,24.195647647984064,0.0,0,0
1b24b0,football,1,scale-free-l,diablo,hop,8,16,10,4,0,4056130,0,0,40159.3,0.0,0.0,0.0,2024-04-21 21:56:01.687,quorum,35.83,31.49,9.03212572071438,0.0,0,0
7fbd61,gafam,1,scale-free-l,diablo,hop,8,16,10,4,0,30320,1267,0,167.7,7.0,136.47,137.59,2024-04-21 21:40:01.130,quorum,12.15,11.51,13.978411992364661,0.0,0,0
ecf5af,10000,1,torus-l,diablo,hop,8,16,10,4,0,1199990,0,0,9999.9,0.0,0.0,0.0,2024-04-21 22:37:26.438,quorum,5.77,4.99,7.148586342594346,0.0,0,0
0c6c5c,dota,1,torus-l,diablo,hop,8,16,10,4,0,3678700,0,0,13325.9,0.0,0.0,0.0,2024-04-21 23:16:44.334,quorum,14.7,12.84,23.899984277893246,0.0,0,0
697489,football,1,torus-l,diablo,hop,8,16,10,4,0,4056130,0,0,40159.3,0.0,0.0,0.0,2024-04-21 23:04:08.118,quorum,27.08,24.92,11.282747213879789,0.0,0,0
2893af,gafam,1,torus-l,diablo,hop,8,16,10,4,0,30320,4646,0,167.7,25.7,165.81,162.82,2024-04-21 22:48:03.928,quorum,10.51,9.95,14.27959200526049,0.0,0,0
d4b486,10000,1,fat-tree-l,diablo,hop,8,16,10,1,0,1199990,15340,0,9742.6,124.5,68.26,67.52,2024-05-10 14:41:54.782,solana,217.64,213.64,10.748204901881891,0.0,0,0
0bb997,paypal,1,fat-tree-l,diablo,hop,8,16,10,1,0,59990,22043,0,200.0,73.5,93.9,95.61,2024-05-10 14:07:54.926,solana,18.26,18.19,18.926550031918683,0.0,0,0
6e75d5,visa,1,fat-tree-l,diablo,hop,8,16,10,1,0,540000,71168,0,1800.0,237.2,73.95,73.39,2024-05-10 14:31:04.412,solana,55.9,55.54,22.898761562120598,0.0,0,0
301d76,gafam,1,fat-tree-l,diablo,hop,8,16,10,1,0,30320,5623,0,167.7,31.1,67.19,55.06,2024-05-10 14:19:50.988,solana,58.77,58.63,14.448025931225562,0.0,0,0
bc565f,football,1,fat-tree-l,diablo,hop,8,16,10,1,0,4056130,2008,0,33397.7,16.5,87.5,87.2,2024-05-10 15:00:08.538,solana,386.07,364.33,12.190003062204344,0.0,0,0
e85992,dota,1,fat-tree-l,diablo,hop,8,16,10,1,0,3678700,11679,0,12281.8,39.0,75.14,73.16,2024-05-10 18:17:15.819,solana,42.06,36.23,21.643443426828355,0.0,0,0
938657,football,1,full-mesh,diablo,hop,8,16,10,1,0,4056130,9559,0,26769.2,63.1,68.61,63.91,2024-05-10 01:38:41.918,solana,383.23,362.55,9.941928941873034,0.0,0,0
bc478e,visa,1,full-mesh,diablo,hop,8,16,10,1,0,540000,209329,0,1766.4,684.8,57.4,49.73,2024-05-10 01:09:18.924,solana,58.52,58.45,24.521349474860887,0.0,0,0
d250ec,paypal,1,full-mesh,diablo,hop,8,16,10,1,0,59990,56691,0,200.0,189.0,19.62,17.24,2024-05-10 00:46:44.722,solana,14.85,14.85,24.14436026663274,0.0,0,0
c1af84,dota,1,full-mesh,diablo,hop,8,16,10,1,0,3678700,9390,0,11456.2,29.2,65.65,56.98,2024-05-10 01:57:08.005,solana,190.09,176.85,22.33668518843197,0.0,0,0
ee7b61,gafam,1,full-mesh,diablo,hop,8,16,10,1,0,30320,10570,0,167.7,58.4,39.25,34.96,2024-05-10 00:58:03.590,solana,59.2,59.25,15.623329882653064,0.0,0,0
9b1bca,10000,1,full-mesh,diablo,hop,8,16,10,1,0,1199990,42809,0,9073.1,323.7,55.91,54.41,2024-05-10 01:19:52.405,solana,196.82,194.18,10.932814393542676,0.0,0,0
687c96,10000,1,hypercube,diablo,hop,8,16,10,1,0,1199990,35720,0,9417.3,280.3,68.54,66.17,2024-05-10 16:43:18.094,solana,215.86,212.5,12.169207987391186,0.0,0,0
ae66a3,gafam,1,hypercube,diablo,hop,8,16,10,1,0,30320,8892,0,167.7,49.2,51.31,46.25,2024-05-10 16:21:37.865,solana,68.23,68.12,14.782857615148716,0.0,0,0
c83f40,paypal,1,hypercube,diablo,hop,8,16,10,1,0,59990,55338,0,200.0,184.5,21.69,20.85,2024-05-10 16:10:02.322,solana,14.82,14.83,24.983468096299454,0.0,0,0
f394b0,visa,1,hypercube,diablo,hop,8,16,10,1,0,540000,150814,0,1776.1,496.0,74.34,64.39,2024-05-10 16:32:42.026,solana,65.24,65.13,21.57707968208987,0.0,0,0
6da2cd,dota,1,hypercube,diablo,hop,8,16,10,1,0,3678700,9296,0,11812.1,29.8,58.33,54.37,2024-05-10 17:18:15.229,solana,188.1,174.71,25.282039533526838,0.0,0,0
a1ede7,football,1,hypercube,diablo,hop,8,16,10,1,0,4056130,3064,0,38479.5,29.1,77.47,77.84,2024-05-10 17:01:02.969,solana,405.15,384.1,8.766738112216608,0.0,0,0
66c956,gafam,1,scale-free-l,diablo,hop,8,16,10,1,0,30320,7813,0,167.7,43.2,48.58,42.12,2024-05-10 08:18:45.404,solana,55.76,55.72,12.413717054921134,0.0,0,0
9730f3,paypal,1,scale-free-l,diablo,hop,8,16,10,1,0,59990,55723,0,200.0,185.8,20.18,19.98,2024-05-10 08:07:12.264,solana,17.66,17.67,24.406118579440268,0.0,0,0
96dfe9,visa,1,scale-free-l,diablo,hop,8,16,10,1,0,540000,115807,0,1769.6,379.5,77.98,62.86,2024-05-10 08:29:56.814,solana,53.96,53.7,22.245747709327954,0.0,0,0
5a6488,dota,1,scale-free-l,diablo,hop,8,16,10,1,0,3678700,5034,0,11759.2,16.1,87.91,73.46,2024-05-10 09:15:59.199,solana,181.99,168.42,19.55968971669592,0.0,0,0
fa5b8a,football,1,scale-free-l,diablo,hop,8,16,10,1,0,4056130,7109,0,28847.5,50.6,63.06,63.7,2024-05-10 08:58:29.350,solana,363.24,341.67,10.971997009144149,0.0,0,0
5ea949,football,1,scale-free-l,diablo,hop,8,16,10,1,0,4056130,3866,0,30706.6,29.3,82.36,80.4,2024-05-10 10:57:24.084,solana,354.12,332.47,10.527883737309729,0.0,0,0
f6f2da,visa,1,scale-free-l,diablo,hop,8,16,10,1,0,540000,122149,0,1765.9,399.5,78.32,68.26,2024-05-10 10:28:09.032,solana,51.13,50.78,20.19433739787481,0.0,0,0
5291db,dota,1,scale-free-l,diablo,hop,8,16,10,1,0,3678700,14565,0,11505.8,45.6,71.16,63.59,2024-05-10 11:14:33.169,solana,167.92,154.36,22.41412303775036,0.0,0,0
611e9d,10000,1,scale-free-l,diablo,hop,8,16,10,1,0,1199990,38279,0,9112.3,290.7,65.32,58.73,2024-05-10 10:38:32.513,solana,179.5,175.84,8.444982159483468,0.0,0,0
407307,football,1,fat-tree-l,diablo,hop,8,16,10,1,0,4056130,5910,0,31474.5,45.9,56.22,51.54,2024-06-05 13:22:42.008,solana,751.97,718.46,9.219191324252515,1.0,0,0
1ddc68,visa,1,fat-tree-l,diablo,hop,8,16,10,1,0,540000,148362,0,1760.2,483.6,67.99,57.04,2024-06-05 12:28:13.778,solana,124.84,124.44,21.324850191786474,1.0,0,0
1ddc68,visa,2,fat-tree-l,diablo,hop,8,16,10,1,0,540000,143554,0,1764.1,469.0,64.29,59.6,2024-06-05 12:38:37.652,solana,124.84,124.44,18.93934161620693,1.0,0,0
89a2a0,paypal,1,fat-tree-l,diablo,hop,8,16,10,1,0,59990,34821,0,200.0,116.1,65.18,61.85,2024-06-05 11:42:12.521,solana,32.54,32.51,22.57837152397552,1.0,0,0
89a2a0,paypal,2,fat-tree-l,diablo,hop,8,16,10,1,0,59990,45546,0,200.0,151.8,37.26,34.44,2024-06-05 11:52:41.694,solana,32.54,32.51,21.944994707582634,1.0,0,0
8b6650,dota,2,fat-tree-l,diablo,hop,8,16,10,1,0,3678700,18649,0,11802.8,59.8,61.61,60.35,2024-06-05 14:15:46.677,solana,362.19,339.49,22.733201361118475,1.0,0,0
066279,gafam,1,fat-tree-l,diablo,hop,8,16,10,1,0,30320,6360,0,167.7,35.2,83.13,85.25,2024-06-05 12:04:38.093,solana,123.84,123.72,18.228685357811234,1.0,0,0
066279,gafam,2,fat-tree-l,diablo,hop,8,16,10,1,0,30320,1676,0,167.7,9.3,168.99,166.14,2024-06-05 12:17:12.567,solana,123.84,123.72,16.64561392654666,1.0,0,0
322ef4,10000,1,fat-tree-l,diablo,hop,8,16,10,1,0,1199990,30809,0,8880.2,228.0,67.43,62.0,2024-06-05 12:49:22.163,solana,437.17,431.96,11.567687512071716,1.0,0,0
322ef4,10000,2,fat-tree-l,diablo,hop,8,16,10,1,0,1199990,32227,0,8895.4,238.9,64.18,60.72,2024-06-05 13:02:02.767,solana,437.17,431.96,11.188010549494201,1.0,0,0
f3ad04,football,1,fat-tree-l,diablo,hop,8,16,10,1,0,4056130,1231,0,28990.5,8.8,55.24,45.42,2024-06-17 16:08:41.981,solana,278.63,242.16,9.70211274869217,1.0,0,0
f3ad04,football,2,fat-tree-l,diablo,hop,8,16,10,1,0,4056130,5466,0,31296.0,42.2,68.12,67.27,2024-06-17 16:26:59.741,solana,278.63,242.16,10.257236080919132,1.0,0,0
35c86b,gafam,9,fat-tree-l,diablo,hop,8,16,10,1,0,30320,2935,0,167.7,16.2,58.54,46.45,2025-07-07 19:37:00.341,solana,312.82,311.98,16.99447647460194,1.0,0,0
35c86b,gafam,6,fat-tree-l,diablo,hop,8,16,10,1,0,30320,0,0,167.7,0.0,0.0,0.0,2025-07-07 19:00:06.343,solana,312.82,311.98,9.520622355928978,1.0,0,0
35c86b,gafam,4,fat-tree-l,diablo,hop,8,16,10,1,0,30320,4117,0,167.7,22.8,69.17,60.85,2025-07-07 18:35:07.744,solana,312.82,311.98,16.887537440355672,1.0,0,0
35c86b,gafam,7,fat-tree-l,diablo,hop,8,16,10,1,0,30320,592,0,167.7,3.3,173.01,175.36,2025-07-07 19:12:06.740,solana,312.82,311.98,13.913334496623028,1.0,0,0
35c86b,gafam,3,fat-tree-l,diablo,hop,8,16,10,1,0,30320,5794,0,167.7,32.0,75.65,74.34,2025-07-07 18:22:25.160,solana,312.82,311.98,16.30555934349342,1.0,0,0
35c86b,gafam,5,fat-tree-l,diablo,hop,8,16,10,1,0,30320,3826,0,167.7,21.2,138.36,137.43,2025-07-07 18:47:14.268,solana,312.82,311.98,15.723247600291192,1.0,0,0
35c86b,gafam,1,fat-tree-l,diablo,hop,8,16,10,1,0,30320,5496,0,167.7,30.4,66.74,69.14,2025-07-07 17:57:43.826,solana,312.82,311.98,13.57802131555348,1.0,0,0
35c86b,gafam,8,fat-tree-l,diablo,hop,8,16,10,1,0,30320,6419,0,167.7,35.5,70.86,64.09,2025-07-07 19:24:37.532,solana,312.82,311.98,14.10036944677899,1.0,0,0
35c86b,gafam,2,fat-tree-l,diablo,hop,8,16,10,1,0,30320,464,0,167.7,2.6,134.09,117.48,2025-07-07 18:10:12.483,solana,312.82,311.98,13.985465653371554,1.0,0,0
35c86b,gafam,10,fat-tree-l,diablo,hop,8,16,10,1,0,30320,5839,0,167.7,32.3,86.72,91.91,2025-07-07 19:48:57.780,solana,312.82,311.98,17.339221246824994,1.0,0,0
2131e2,paypal,9,fat-tree-l,diablo,hop,8,16,10,1,0,59990,42760,0,200.0,142.6,32.88,28.2,2025-07-07 21:22:22.300,solana,368.34,367.47,18.98716609093411,1.0,0,0
2131e2,paypal,6,fat-tree-l,diablo,hop,8,16,10,1,0,59990,0,0,200.0,0.0,0.0,0.0,2025-07-07 20:51:29.761,solana,368.34,367.47,20.7829404929319,1.0,0,0
2131e2,paypal,4,fat-tree-l,diablo,hop,8,16,10,1,0,59990,44743,0,200.0,149.2,42.99,40.18,2025-07-07 20:30:56.725,solana,368.34,367.47,23.641687955879203,1.0,0,0
2131e2,paypal,7,fat-tree-l,diablo,hop,8,16,10,1,0,59990,45685,0,200.0,152.3,41.48,40.28,2025-07-07 21:01:48.866,solana,368.34,367.47,22.6206750278464,1.0,0,0
2131e2,paypal,3,fat-tree-l,diablo,hop,8,16,10,1,0,59990,0,0,200.0,0.0,0.0,0.0,2025-07-07 20:20:37.566,solana,368.34,367.47,19.624143538690983,1.0,0,0
2131e2,paypal,5,fat-tree-l,diablo,hop,8,16,10,1,0,59990,0,0,200.0,0.0,0.0,0.0,2025-07-07 20:41:15.782,solana,368.34,367.47,21.289708824320567,1.0,0,0
2131e2,paypal,1,fat-tree-l,diablo,hop,8,16,10,1,0,59990,0,0,200.0,0.0,0.0,0.0,2025-07-07 19:59:58.370,solana,368.34,367.47,20.72843674662542,1.0,0,0
2131e2,paypal,8,fat-tree-l,diablo,hop,8,16,10,1,0,59990,0,0,200.0,0.0,0.0,0.0,2025-07-07 21:12:03.122,solana,368.34,367.47,19.530770141829503,1.0,0,0
2131e2,paypal,2,fat-tree-l,diablo,hop,8,16,10,1,0,59990,6535,0,200.0,21.8,34.18,33.81,2025-07-07 20:10:23.320,solana,368.34,367.47,22.650513084697,1.0,0,0
2131e2,paypal,10,fat-tree-l,diablo,hop,8,16,10,1,0,59990,0,0,200.0,0.0,0.0,0.0,2025-07-07 21:32:51.713,solana,368.34,367.47,24.761960610264296,1.0,0,0
9c2df1,dota,9,fat-tree-l,diablo,hop,8,16,10,1,0,3678700,4132,0,11889.0,13.4,134.39,130.74,2025-07-08 07:01:09.391,solana,1743.62,1617.44,16.350620310641887,1.0,0,0
9c2df1,dota,6,fat-tree-l,diablo,hop,8,16,10,1,0,3678700,298,0,11662.4,0.9,170.81,169.34,2025-07-08 06:07:39.570,solana,1743.62,1617.44,20.31918137114361,1.0,0,0
9c2df1,dota,4,fat-tree-l,diablo,hop,8,16,10,1,0,3678700,5434,0,12063.0,17.8,109.7,133.21,2025-07-08 05:31:45.442,solana,1743.62,1617.44,24.26691496858612,1.0,0,0
9c2df1,dota,7,fat-tree-l,diablo,hop,8,16,10,1,0,3678700,0,0,13328.6,0.0,0.0,0.0,2025-07-08 06:25:42.047,solana,1743.62,1617.44,25.445197482616656,1.0,0,0
9c2df1,dota,3,fat-tree-l,diablo,hop,8,16,10,1,0,3678700,1787,0,11876.2,5.8,107.94,107.3,2025-07-08 05:13:45.845,solana,1743.62,1617.44,18.29175672195811,1.0,0,0
9c2df1,dota,5,fat-tree-l,diablo,hop,8,16,10,1,0,3678700,5215,0,13328.6,18.9,70.38,52.06,2025-07-08 05:49:39.578,solana,1743.62,1617.44,23.977222067178946,1.0,0,0
9c2df1,dota,1,fat-tree-l,diablo,hop,8,16,10,1,0,3678700,1908,0,12526.9,6.5,121.06,98.95,2025-07-08 04:37:22.738,solana,1743.62,1617.44,21.532467081191918,1.0,0,0
9c2df1,dota,8,fat-tree-l,diablo,hop,8,16,10,1,0,3678700,0,0,13326.8,0.0,0.0,0.0,2025-07-08 06:43:19.037,solana,1743.62,1617.44,19.054499184938724,1.0,0,0
9c2df1,dota,2,fat-tree-l,diablo,hop,8,16,10,1,0,3678700,14311,0,12316.6,47.9,169.37,166.86,2025-07-08 04:55:48.317,solana,1743.62,1617.44,16.990491700876778,1.0,0,0
9c2df1,dota,10,fat-tree-l,diablo,hop,8,16,10,1,0,3678700,0,0,13317.0,0.0,0.0,0.0,2025-07-08 07:19:26.950,solana,1743.62,1617.44,20.17878073958004,1.0,0,0
29f689,visa,9,fat-tree-l,diablo,hop,8,16,10,1,0,540000,53172,0,1800.0,177.2,167.64,171.74,2025-07-07 23:06:22.484,solana,567.79,563.06,24.60228506776962,1.0,0,0
29f689,visa,6,fat-tree-l,diablo,hop,8,16,10,1,0,540000,80773,0,1800.0,269.2,76.13,65.82,2025-07-07 22:35:15.379,solana,567.79,563.06,24.263245620749355,1.0,0,0
29f689,visa,4,fat-tree-l,diablo,hop,8,16,10,1,0,540000,0,0,1800.0,0.0,0.0,0.0,2025-07-07 22:14:30.302,solana,567.79,563.06,17.71043520379234,1.0,0,0
29f689,visa,7,fat-tree-l,diablo,hop,8,16,10,1,0,540000,55093,0,1776.1,181.2,69.38,60.34,2025-07-07 22:45:36.727,solana,567.79,563.06,24.869665980484807,1.0,0,0
29f689,visa,3,fat-tree-l,diablo,hop,8,16,10,1,0,540000,3000,0,1800.0,10.0,84.33,85.36,2025-07-07 22:04:09.652,solana,567.79,563.06,25.327727362580443,1.0,0,0
29f689,visa,5,fat-tree-l,diablo,hop,8,16,10,1,0,540000,0,0,1800.0,0.0,0.0,0.0,2025-07-07 22:24:49.432,solana,567.79,563.06,19.82026857161286,1.0,0,0
29f689,visa,1,fat-tree-l,diablo,hop,8,16,10,1,0,540000,59797,0,1763.1,195.2,85.37,76.75,2025-07-07 21:43:24.137,solana,567.79,563.06,25.12729180208906,1.0,0,0
29f689,visa,8,fat-tree-l,diablo,hop,8,16,10,1,0,540000,12905,0,1799.8,43.0,169.94,167.68,2025-07-07 22:55:56.936,solana,567.79,563.06,25.654062860397143,1.0,0,0
29f689,visa,2,fat-tree-l,diablo,hop,8,16,10,1,0,540000,0,0,1800.0,0.0,0.0,0.0,2025-07-07 21:53:49.517,solana,567.79,563.06,25.806583305817615,1.0,0,0
29f689,visa,10,fat-tree-l,diablo,hop,8,16,10,1,0,540000,16800,0,1800.0,56.0,124.43,118.71,2025-07-07 23:16:42.375,solana,567.79,563.06,21.45254980916219,1.0,0,0
828d61,football,9,fat-tree-l,diablo,hop,8,16,10,1,0,4056130,0,0,38968.6,0.0,0.0,0.0,2025-07-08 04:02:11.790,solana,3619.77,3422.72,8.605353777245313,1.0,0,0
828d61,football,6,fat-tree-l,diablo,hop,8,16,10,1,0,4056130,1576,0,28823.6,11.2,98.84,102.87,2025-07-08 03:08:38.735,solana,3619.77,3422.72,8.9965238742105,1.0,0,0
828d61,football,4,fat-tree-l,diablo,hop,8,16,10,1,0,4056130,974,0,28474.9,6.8,85.84,83.08,2025-07-08 02:32:30.157,solana,3619.77,3422.72,9.659684220356935,1.0,0,0
828d61,football,7,fat-tree-l,diablo,hop,8,16,10,1,0,4056130,10269,0,28836.0,73.0,72.23,67.27,2025-07-08 03:26:14.234,solana,3619.77,3422.72,10.574172339726974,1.0,0,0
828d61,football,3,fat-tree-l,diablo,hop,8,16,10,1,0,4056130,0,0,39136.7,0.0,0.0,0.0,2025-07-08 02:14:35.650,solana,3619.77,3422.72,10.635493462204533,1.0,0,0
828d61,football,5,fat-tree-l,diablo,hop,8,16,10,1,0,4056130,632,0,30111.5,4.7,53.9,60.09,2025-07-08 02:50:27.357,solana,3619.77,3422.72,8.609840660253145,1.0,0,0
828d61,football,1,fat-tree-l,diablo,hop,8,16,10,1,0,4056130,0,0,40073.9,0.0,0.0,0.0,2025-07-08 01:37:52.452,solana,3619.77,3422.72,7.8111470012713795,1.0,0,0
828d61,football,8,fat-tree-l,diablo,hop,8,16,10,1,0,4056130,0,0,40098.8,0.0,0.0,0.0,2025-07-08 03:44:21.520,solana,3619.77,3422.72,10.436192909502587,1.0,0,0
828d61,football,2,fat-tree-l,diablo,hop,8,16,10,1,0,4056130,3403,0,35399.8,29.7,56.65,55.53,2025-07-08 01:56:34.516,solana,3619.77,3422.72,8.894295340408492,1.0,0,0
828d61,football,10,fat-tree-l,diablo,hop,8,16,10,1,0,4056130,0,0,39992.7,0.0,0.0,0.0,2025-07-08 04:19:47.182,solana,3619.77,3422.72,8.826398466317567,1.0,0,0
120635,10000,9,fat-tree-l,diablo,hop,8,16,10,1,0,1199990,0,0,9999.9,0.0,0.0,0.0,2025-07-08 01:07:13.873,solana,2038.6,2000.66,11.739513957542004,1.0,0,0
120635,10000,6,fat-tree-l,diablo,hop,8,16,10,1,0,1199990,22102,0,9046.6,166.6,76.39,69.65,2025-07-08 00:29:50.151,solana,2038.6,2000.66,8.725631601734378,1.0,0,0
120635,10000,4,fat-tree-l,diablo,hop,8,16,10,1,0,1199990,15290,0,9115.8,116.2,74.45,71.26,2025-07-08 00:04:45.782,solana,2038.6,2000.66,10.109218540201613,1.0,0,0
120635,10000,7,fat-tree-l,diablo,hop,8,16,10,1,0,1199990,29538,0,9255.3,227.8,69.59,62.17,2025-07-08 00:42:17.128,solana,2038.6,2000.66,11.162394877831023,1.0,0,0
120635,10000,3,fat-tree-l,diablo,hop,8,16,10,1,0,1199990,0,0,9999.9,0.0,0.0,0.0,2025-07-07 23:52:13.515,solana,2038.6,2000.66,10.94232971362435,1.0,0,0
120635,10000,5,fat-tree-l,diablo,hop,8,16,10,1,0,1199990,18468,0,8938.8,137.6,78.98,76.7,2025-07-08 00:17:23.841,solana,2038.6,2000.66,11.21006548500533,1.0,0,0
120635,10000,1,fat-tree-l,diablo,hop,8,16,10,1,0,1199990,22157,0,8979.6,165.8,74.32,68.99,2025-07-07 23:27:20.581,solana,2038.6,2000.66,7.667451174807296,1.0,0,0
120635,10000,8,fat-tree-l,diablo,hop,8,16,10,1,0,1199990,25781,0,8842.0,190.0,69.78,65.47,2025-07-08 00:54:42.099,solana,2038.6,2000.66,11.628623724263624,1.0,0,0
120635,10000,2,fat-tree-l,diablo,hop,8,16,10,1,0,1199990,22395,0,9077.4,169.4,72.15,69.71,2025-07-07 23:39:46.886,solana,2038.6,2000.66,10.959980303959608,1.0,0,0
120635,10000,10,fat-tree-l,diablo,hop,8,16,10,1,0,1199990,20389,0,9191.8,156.2,72.21,66.85,2025-07-08 01:19:45.648,solana,2038.6,2000.66,11.89451996498542,1.0,0,0
fe60e5,gafam,1,full-mesh,diablo,hop,8,16,10,1,0,30320,10770,0,167.7,59.6,40.43,33.58,2024-06-05 01:33:10.255,solana,91.91,91.58,16.306289469759665,1.0,0,0
fe60e5,gafam,2,full-mesh,diablo,hop,8,16,10,1,0,30320,9545,0,167.7,52.8,48.38,41.37,2024-06-05 01:45:01.360,solana,91.91,91.58,15.115651004137582,1.0,0,0
bd8e14,dota,1,full-mesh,diablo,hop,8,16,10,1,0,3678700,22573,0,11942.6,73.3,76.44,69.86,2024-06-05 03:20:44.214,solana,342.01,317.72,24.391459462189378,1.0,0,0
bd8e14,dota,2,full-mesh,diablo,hop,8,16,10,1,0,3678700,12963,0,11720.7,41.3,69.29,61.95,2024-06-05 03:38:19.439,solana,342.01,317.72,16.562755414369974,1.0,0,0
08163a,visa,1,full-mesh,diablo,hop,8,16,10,1,0,540000,132757,0,1797.9,442.0,83.16,72.86,2024-06-05 01:56:07.216,solana,95.83,95.37,20.942227810337467,1.0,0,0
08163a,visa,2,full-mesh,diablo,hop,8,16,10,1,0,540000,174220,0,1765.6,569.6,68.91,59.75,2024-06-05 02:06:16.281,solana,95.83,95.37,20.770062207696444,1.0,0,0
aabedf,football,1,full-mesh,diablo,hop,8,16,10,1,0,4056130,1732,0,29450.5,12.6,67.0,61.26,2024-06-05 02:46:06.806,solana,679.77,645.28,9.847035332585232,1.0,0,0
aabedf,football,2,full-mesh,diablo,hop,8,16,10,1,0,4056130,9629,0,28801.8,68.4,67.86,67.09,2024-06-05 03:03:48.770,solana,679.77,645.28,11.565273565278352,1.0,0,0
bc6248,10000,3,full-mesh,diablo,hop,8,16,10,1,0,1199990,31376,0,9068.4,237.1,61.19,58.68,2024-06-19 16:31:18.815,solana,275.31,269.69,8.837992502160223,1.0,0,0
bc6248,10000,1,full-mesh,diablo,hop,8,16,10,1,0,1199990,37960,0,9157.6,289.7,68.6,61.66,2024-06-19 16:06:40.520,solana,275.31,269.69,9.363059441172409,1.0,0,0
bc6248,10000,2,full-mesh,diablo,hop,8,16,10,1,0,1199990,36825,0,9116.5,279.8,68.94,60.99,2024-06-19 16:18:54.841,solana,275.31,269.69,11.433693427639005,1.0,0,0
12ad61,dota,3,full-mesh,diablo,hop,8,16,10,1,0,3678700,7336,0,11771.4,23.5,67.62,56.07,2024-06-19 17:54:40.853,solana,323.0,306.28,21.498600819946493,1.0,0,0
12ad61,dota,1,full-mesh,diablo,hop,8,16,10,1,0,3678700,7975,0,11682.8,25.3,64.38,53.85,2024-06-19 17:18:40.060,solana,323.0,306.28,18.600517234557174,1.0,0,0
12ad61,dota,2,full-mesh,diablo,hop,8,16,10,1,0,3678700,8264,0,12001.0,27.0,50.03,44.1,2024-06-19 17:37:03.493,solana,323.0,306.28,21.678424376876496,1.0,0,0
cf8d44,visa,3,full-mesh,diablo,hop,8,16,10,1,0,540000,192293,0,1769.7,630.2,55.99,46.96,2024-06-19 17:03:43.989,solana,181.57,178.13,25.495285458841153,1.0,0,0
cf8d44,visa,1,full-mesh,diablo,hop,8,16,10,1,0,540000,126442,0,1782.3,417.3,79.2,63.98,2024-06-19 16:43:27.670,solana,181.57,178.13,22.67501804604151,1.0,0,0
cf8d44,visa,2,full-mesh,diablo,hop,8,16,10,1,0,540000,137817,0,1766.5,450.8,76.62,63.21,2024-06-19 16:53:35.474,solana,181.57,178.13,23.34662481253182,1.0,0,0
7c0276,paypal,3,full-mesh,diablo,hop,8,16,10,1,0,59990,56986,0,200.0,190.0,16.1,15.79,2024-06-19 15:55:54.977,solana,35.51,35.58,22.210208593877585,1.0,0,0
7c0276,paypal,1,full-mesh,diablo,hop,8,16,10,1,0,59990,56457,0,200.0,188.2,19.59,17.74,2024-06-19 15:35:35.942,solana,35.51,35.58,24.98943592010305,1.0,0,0
7c0276,paypal,2,full-mesh,diablo,hop,8,16,10,1,0,59990,56523,0,200.0,188.4,18.9,17.59,2024-06-19 15:45:38.895,solana,35.51,35.58,27.99941415434878,1.0,0,0
bce54d,10000,8,full-mesh,diablo,hop,8,16,10,1,0,1199990,19483,0,9072.9,147.3,68.84,66.75,2025-07-04 05:07:41.776,solana,1999.64,1970.15,12.266796601613024,1.0,0,0
bce54d,10000,3,full-mesh,diablo,hop,8,16,10,1,0,1199990,41761,0,9142.4,318.2,70.71,62.37,2025-07-04 04:06:28.057,solana,1999.64,1970.15,8.8273888782608,1.0,0,0
bce54d,10000,1,full-mesh,diablo,hop,8,16,10,1,0,1199990,54590,0,9097.2,413.9,61.72,56.75,2025-07-04 03:41:53.286,solana,1999.64,1970.15,10.587392638893801,1.0,0,0
bce54d,10000,5,full-mesh,diablo,hop,8,16,10,1,0,1199990,0,0,9999.8,0.0,0.0,0.0,2025-07-04 04:30:57.089,solana,1999.64,1970.15,9.287468352422426,1.0,0,0
bce54d,10000,7,full-mesh,diablo,hop,8,16,10,1,0,1199990,44392,0,9094.9,336.5,65.53,59.31,2025-07-04 04:55:26.859,solana,1999.64,1970.15,9.863950621671185,1.0,0,0
bce54d,10000,2,full-mesh,diablo,hop,8,16,10,1,0,1199990,36945,0,9073.1,279.3,69.33,61.52,2025-07-04 03:54:07.826,solana,1999.64,1970.15,8.709584158665026,1.0,0,0
bce54d,10000,4,full-mesh,diablo,hop,8,16,10,1,0,1199990,47963,0,9221.7,368.6,57.99,56.69,2025-07-04 04:18:41.910,solana,1999.64,1970.15,12.183599954907118,1.0,0,0
bce54d,10000,10,full-mesh,diablo,hop,8,16,10,1,0,1199990,41143,0,9161.6,314.1,66.12,59.24,2025-07-04 05:32:11.012,solana,1999.64,1970.15,11.350435035978865,1.0,0,0
bce54d,10000,6,full-mesh,diablo,hop,8,16,10,1,0,1199990,0,0,9999.8,0.0,0.0,0.0,2025-07-04 04:43:11.894,solana,1999.64,1970.15,9.610507200951705,1.0,0,0
bce54d,10000,9,full-mesh,diablo,hop,8,16,10,1,0,1199990,46104,0,9063.0,348.2,66.0,58.0,2025-07-04 05:19:57.450,solana,1999.64,1970.15,11.166225476179733,1.0,0,0
5fcd8f,gafam,8,full-mesh,diablo,hop,8,16,10,1,0,30320,9780,0,167.7,54.1,46.89,43.03,2025-07-03 23:43:03.798,solana,286.99,286.35,14.114322550278203,1.0,0,0
5fcd8f,gafam,3,full-mesh,diablo,hop,8,16,10,1,0,30320,9733,0,167.7,53.8,43.3,34.55,2025-07-03 22:42:08.190,solana,286.99,286.35,18.787711979326485,1.0,0,0
5fcd8f,gafam,1,full-mesh,diablo,hop,8,16,10,1,0,30320,9767,0,167.7,54.0,52.58,44.93,2025-07-03 22:17:44.178,solana,286.99,286.35,12.049102380176238,1.0,0,0
5fcd8f,gafam,5,full-mesh,diablo,hop,8,16,10,1,0,30320,8692,0,167.7,48.1,41.17,43.85,2025-07-03 23:06:40.736,solana,286.99,286.35,14.227240613907153,1.0,0,0
5fcd8f,gafam,7,full-mesh,diablo,hop,8,16,10,1,0,30320,9307,0,167.7,51.5,44.61,37.85,2025-07-03 23:30:44.977,solana,286.99,286.35,11.774024437060852,1.0,0,0
5fcd8f,gafam,2,full-mesh,diablo,hop,8,16,10,1,0,30320,9495,0,167.6,52.5,42.35,41.17,2025-07-03 22:29:57.219,solana,286.99,286.35,16.10908705753771,1.0,0,0
5fcd8f,gafam,4,full-mesh,diablo,hop,8,16,10,1,0,30320,10271,0,167.7,56.8,46.07,39.1,2025-07-03 22:54:30.575,solana,286.99,286.35,13.638657860230014,1.0,0,0
5fcd8f,gafam,10,full-mesh,diablo,hop,8,16,10,1,0,30320,9573,0,167.7,52.9,46.35,44.93,2025-07-04 00:07:15.268,solana,286.99,286.35,16.064588978027867,1.0,0,0
5fcd8f,gafam,6,full-mesh,diablo,hop,8,16,10,1,0,30320,9905,0,167.7,54.8,44.47,35.91,2025-07-03 23:18:41.736,solana,286.99,286.35,11.439514322174121,1.0,0,0
5fcd8f,gafam,9,full-mesh,diablo,hop,8,16,10,1,0,30320,11091,0,167.7,61.3,45.7,37.16,2025-07-03 23:55:07.547,solana,286.99,286.35,16.578692566423392,1.0,0,0
0efb3c,dota,8,full-mesh,diablo,hop,8,16,10,1,0,3678700,14814,0,11911.9,48.0,66.66,62.46,2025-07-04 10:50:06.357,solana,1789.04,1661.61,18.358754218192683,1.0,0,0
0efb3c,dota,3,full-mesh,diablo,hop,8,16,10,1,0,3678700,7900,0,11827.3,25.4,47.86,40.03,2025-07-04 09:21:30.701,solana,1789.04,1661.61,19.053030492982895,1.0,0,0
0efb3c,dota,1,full-mesh,diablo,hop,8,16,10,1,0,3678700,12197,0,11684.5,38.7,70.17,62.46,2025-07-04 08:46:31.038,solana,1789.04,1661.61,21.426794603349133,1.0,0,0
0efb3c,dota,5,full-mesh,diablo,hop,8,16,10,1,0,3678700,4904,0,12569.3,16.8,76.58,59.58,2025-07-04 09:57:09.348,solana,1789.04,1661.61,22.27994192217725,1.0,0,0
0efb3c,dota,7,full-mesh,diablo,hop,8,16,10,1,0,3678700,16617,0,11993.4,54.2,69.21,63.05,2025-07-04 10:32:19.968,solana,1789.04,1661.61,20.12777380221975,1.0,0,0
0efb3c,dota,2,full-mesh,diablo,hop,8,16,10,1,0,3678700,6378,0,11685.3,20.3,72.23,59.6,2025-07-04 09:04:00.220,solana,1789.04,1661.61,26.28339987611661,1.0,0,0
0efb3c,dota,4,full-mesh,diablo,hop,8,16,10,1,0,3678700,27431,0,12181.5,90.8,59.8,62.06,2025-07-04 09:39:10.041,solana,1789.04,1661.61,20.686775541484277,1.0,0,0
0efb3c,dota,10,full-mesh,diablo,hop,8,16,10,1,0,3678700,11217,0,12214.3,37.2,52.82,48.53,2025-07-04 11:25:13.602,solana,1789.04,1661.61,21.612503546962685,1.0,0,0
0efb3c,dota,6,full-mesh,diablo,hop,8,16,10,1,0,3678700,0,0,13328.4,0.0,0.0,0.0,2025-07-04 10:14:44.470,solana,1789.04,1661.61,25.95389890403297,1.0,0,0
0efb3c,dota,9,full-mesh,diablo,hop,8,16,10,1,0,3678700,7812,0,11994.7,25.5,75.24,61.08,2025-07-04 11:07:43.997,solana,1789.04,1661.61,19.702138504421278,1.0,0,0
685946,visa,8,full-mesh,diablo,hop,8,16,10,1,0,540000,137441,0,1800.0,458.1,74.14,62.99,2025-07-04 03:11:06.324,solana,556.44,554.43,23.859323177479826,1.0,0,0
685946,visa,3,full-mesh,diablo,hop,8,16,10,1,0,540000,161199,0,1767.3,527.6,67.06,56.33,2025-07-04 02:20:13.981,solana,556.44,554.43,25.350867221377275,1.0,0,0
685946,visa,1,full-mesh,diablo,hop,8,16,10,1,0,540000,148808,0,1774.8,489.1,66.46,54.46,2025-07-04 01:59:42.259,solana,556.44,554.43,20.95986808869162,1.0,0,0
685946,visa,5,full-mesh,diablo,hop,8,16,10,1,0,540000,0,0,1800.0,0.0,0.0,0.0,2025-07-04 02:40:35.401,solana,556.44,554.43,20.474147705530754,1.0,0,0
685946,visa,7,full-mesh,diablo,hop,8,16,10,1,0,540000,0,0,1800.0,0.0,0.0,0.0,2025-07-04 03:00:53.030,solana,556.44,554.43,26.59466152202346,1.0,0,0
685946,visa,2,full-mesh,diablo,hop,8,16,10,1,0,540000,134794,0,1771.6,442.2,73.99,60.72,2025-07-04 02:10:00.207,solana,556.44,554.43,22.947935603236445,1.0,0,0
685946,visa,4,full-mesh,diablo,hop,8,16,10,1,0,540000,155388,0,1770.0,509.3,67.26,55.84,2025-07-04 02:30:27.852,solana,556.44,554.43,21.86956675492523,1.0,0,0
685946,visa,10,full-mesh,diablo,hop,8,16,10,1,0,540000,151048,0,1768.5,494.7,65.35,55.81,2025-07-04 03:31:27.892,solana,556.44,554.43,25.192547295213547,1.0,0,0
685946,visa,6,full-mesh,diablo,hop,8,16,10,1,0,540000,156116,0,1778.1,514.1,67.31,57.15,2025-07-04 02:50:45.285,solana,556.44,554.43,21.07527639793099,1.0,0,0
685946,visa,9,full-mesh,diablo,hop,8,16,10,1,0,540000,146630,0,1772.7,481.4,75.87,61.19,2025-07-04 03:21:15.408,solana,556.44,554.43,22.44217108941326,1.0,0,0
8fbf37,paypal,8,full-mesh,diablo,hop,8,16,10,1,0,59990,56773,0,200.0,189.3,15.99,15.99,2025-07-04 01:29:14.619,solana,351.49,351.55,17.536618808991193,1.0,0,0
8fbf37,paypal,3,full-mesh,diablo,hop,8,16,10,1,0,59990,56235,0,200.0,187.5,19.32,19.09,2025-07-04 00:38:34.676,solana,351.49,351.55,23.13352903844705,1.0,0,0
8fbf37,paypal,1,full-mesh,diablo,hop,8,16,10,1,0,59990,56293,0,200.0,187.7,18.95,18.94,2025-07-04 00:18:13.150,solana,351.49,351.55,22.213117303085685,1.0,0,0
8fbf37,paypal,5,full-mesh,diablo,hop,8,16,10,1,0,59990,56325,0,200.0,187.8,21.42,20.2,2025-07-04 00:58:51.334,solana,351.49,351.55,24.208494036895182,1.0,0,0
8fbf37,paypal,7,full-mesh,diablo,hop,8,16,10,1,0,59990,17055,0,200.0,56.9,19.94,18.73,2025-07-04 01:19:11.186,solana,351.49,351.55,22.686748743824122,1.0,0,0
8fbf37,paypal,2,full-mesh,diablo,hop,8,16,10,1,0,59990,55980,0,200.0,186.6,19.17,19.04,2025-07-04 00:28:31.213,solana,351.49,351.55,20.9877293758468,1.0,0,0
8fbf37,paypal,4,full-mesh,diablo,hop,8,16,10,1,0,59990,56384,0,200.0,188.0,20.94,19.85,2025-07-04 00:48:43.012,solana,351.49,351.55,22.39758663529881,1.0,0,0
8fbf37,paypal,10,full-mesh,diablo,hop,8,16,10,1,0,59990,0,0,200.0,0.0,0.0,0.0,2025-07-04 01:49:26.384,solana,351.49,351.55,20.661783230125444,1.0,0,0
8fbf37,paypal,6,full-mesh,diablo,hop,8,16,10,1,0,59990,56825,0,200.0,189.4,15.82,15.83,2025-07-04 01:09:07.875,solana,351.49,351.55,26.50172578033625,1.0,0,0
8fbf37,paypal,9,full-mesh,diablo,hop,8,16,10,1,0,59990,55891,0,200.0,186.3,19.35,19.32,2025-07-04 01:39:22.928,solana,351.49,351.55,21.3440142798524,1.0,0,0
fca5d4,football,8,full-mesh,diablo,hop,8,16,10,1,0,4056130,7906,0,28864.8,56.3,72.1,68.16,2025-07-04 07:53:29.720,solana,3636.29,3443.35,11.626267793163548,1.0,0,0
fca5d4,football,3,full-mesh,diablo,hop,8,16,10,1,0,4056130,4316,0,28784.3,30.6,61.29,61.54,2025-07-04 06:24:59.575,solana,3636.29,3443.35,10.201130779335589,1.0,0,0
fca5d4,football,1,full-mesh,diablo,hop,8,16,10,1,0,4056130,8323,0,28135.8,57.7,63.34,63.24,2025-07-04 05:49:29.625,solana,3636.29,3443.35,9.339299094518656,1.0,0,0
fca5d4,football,5,full-mesh,diablo,hop,8,16,10,1,0,4056130,7410,0,29184.2,53.3,59.95,57.9,2025-07-04 07:00:24.589,solana,3636.29,3443.35,8.512301340638443,1.0,0,0
fca5d4,football,7,full-mesh,diablo,hop,8,16,10,1,0,4056130,3830,0,28284.7,26.7,76.49,73.27,2025-07-04 07:35:57.330,solana,3636.29,3443.35,9.972125391457974,1.0,0,0
fca5d4,football,2,full-mesh,diablo,hop,8,16,10,1,0,4056130,5083,0,28468.2,35.7,65.86,61.41,2025-07-04 06:07:17.119,solana,3636.29,3443.35,7.255919536196914,1.0,0,0
fca5d4,football,4,full-mesh,diablo,hop,8,16,10,1,0,4056130,6441,0,28267.7,44.9,67.17,65.11,2025-07-04 06:42:40.343,solana,3636.29,3443.35,9.097329842529295,1.0,0,0
fca5d4,football,10,full-mesh,diablo,hop,8,16,10,1,0,4056130,5793,0,29810.7,42.6,71.2,72.85,2025-07-04 08:28:58.662,solana,3636.29,3443.35,5.625818509407191,1.0,0,0
fca5d4,football,6,full-mesh,diablo,hop,8,16,10,1,0,4056130,2920,0,30356.6,21.9,75.78,67.4,2025-07-04 07:18:05.834,solana,3636.29,3443.35,7.112156989880467,1.0,0,0
fca5d4,football,9,full-mesh,diablo,hop,8,16,10,1,0,4056130,6388,0,28779.6,45.3,65.91,68.58,2025-07-04 08:11:14.757,solana,3636.29,3443.35,10.360429205012522,1.0,0,0
5927d1,visa,2,hypercube,diablo,hop,8,16,10,1,0,540000,50154,0,1789.6,166.2,34.58,25.85,2024-06-05 16:00:12.205,solana,107.42,106.62,21.647403126250975,1.0,0,0
590e18,dota,2,hypercube,diablo,hop,8,16,10,1,0,3678700,1261,0,12366.6,4.2,98.53,79.92,2024-06-05 17:32:36.174,solana,355.16,330.51,20.64369279316477,1.0,0,0
590e18,dota,1,hypercube,diablo,hop,8,16,10,1,0,3678700,20872,0,11972.8,67.9,86.6,79.14,2024-06-05 17:15:56.203,solana,355.16,330.51,20.35238873935765,1.0,0,0
77d5ea,gafam,2,hypercube,diablo,hop,8,16,10,1,0,30320,9895,0,167.7,54.7,36.71,29.95,2024-06-05 15:38:47.717,solana,112.37,112.12,14.347505762855926,1.0,0,0
77d5ea,gafam,1,hypercube,diablo,hop,8,16,10,1,0,30320,10715,0,167.7,59.3,37.98,30.83,2024-06-05 15:26:53.863,solana,112.37,112.12,14.905349642752931,1.0,0,0
407033,football,2,hypercube,diablo,hop,8,16,10,1,0,4056130,13579,0,28123.4,94.2,56.8,53.15,2024-06-05 16:58:48.388,solana,718.73,682.82,10.426927039175107,1.0,0,0
407033,football,1,hypercube,diablo,hop,8,16,10,1,0,4056130,14503,0,28959.8,103.5,58.83,55.68,2024-06-05 16:41:01.679,solana,718.73,682.82,8.890682728847276,1.0,0,0
cf6cc2,paypal,1,hypercube,diablo,hop,8,16,10,1,0,59990,56346,0,200.0,187.8,20.19,19.01,2024-06-05 15:05:30.137,solana,22.68,22.65,21.331969689697004,1.0,0,0
a76737,10000,1,hypercube,diablo,hop,8,16,10,1,0,1199990,43126,0,9050.7,325.3,63.97,59.06,2024-06-19 03:19:46.856,solana,290.36,284.64,10.758626569375675,1.0,0,0
a76737,10000,3,hypercube,diablo,hop,8,16,10,1,0,1199990,32856,0,9175.1,251.2,69.28,63.45,2024-06-19 03:44:52.597,solana,290.36,284.64,10.227598922665432,1.0,0,0
a76737,10000,2,hypercube,diablo,hop,8,16,10,1,0,1199990,35515,0,9104.8,269.5,58.36,58.34,2024-06-19 03:32:27.094,solana,290.36,284.64,11.473617306375813,1.0,0,0
bdcb14,paypal,1,hypercube,diablo,hop,8,16,10,1,0,59990,55351,0,200.0,184.5,20.56,20.08,2024-06-19 02:48:02.170,solana,44.84,44.9,18.335184782570373,1.0,0,0
bdcb14,paypal,3,hypercube,diablo,hop,8,16,10,1,0,59990,55629,0,200.0,185.5,22.19,21.38,2024-06-19 03:08:54.714,solana,44.84,44.9,22.16063301148582,1.0,0,0
bdcb14,paypal,2,hypercube,diablo,hop,8,16,10,1,0,59990,55688,0,200.0,185.7,23.1,21.49,2024-06-19 02:58:36.118,solana,44.84,44.9,22.02264877791995,1.0,0,0
62f941,visa,1,hypercube,diablo,hop,8,16,10,1,0,540000,149238,0,1766.3,488.1,71.24,59.8,2024-06-19 03:57:05.052,solana,197.85,194.5,19.657977855875302,1.0,0,0
62f941,visa,3,hypercube,diablo,hop,8,16,10,1,0,540000,128014,0,1773.4,420.4,67.63,54.5,2024-06-19 04:18:12.496,solana,197.85,194.5,19.389171724649565,1.0,0,0
62f941,visa,2,hypercube,diablo,hop,8,16,10,1,0,540000,181990,0,1765.8,595.1,66.85,55.67,2024-06-19 04:07:32.809,solana,197.85,194.5,16.468423628589225,1.0,0,0
ad8e04,dota,1,hypercube,diablo,hop,8,16,10,1,0,3678700,6867,0,11803.2,22.0,70.4,59.21,2024-06-19 04:34:06.924,solana,338.88,322.14,20.49598851545278,1.0,0,0
ad8e04,dota,3,hypercube,diablo,hop,8,16,10,1,0,3678700,5900,0,11611.0,18.6,67.8,58.63,2024-06-19 05:09:45.615,solana,338.88,322.14,25.55806961408093,1.0,0,0
ad8e04,dota,2,hypercube,diablo,hop,8,16,10,1,0,3678700,6972,0,11819.8,22.4,67.98,58.62,2024-06-19 04:51:52.338,solana,338.88,322.14,20.41811749684989,1.0,0,0
8b1532,gafam,5,hypercube,diablo,hop,8,16,10,1,0,30320,9914,0,167.7,54.8,49.58,42.6,2025-07-15 01:36:56.070,solana,313.51,312.79,15.7427322783282,1.0,0,0
8b1532,gafam,2,hypercube,diablo,hop,8,16,10,1,0,30320,3379,0,167.7,18.7,41.26,35.23,2025-07-15 00:59:31.105,solana,313.51,312.79,11.861222932521848,1.0,0,0
8b1532,gafam,1,hypercube,diablo,hop,8,16,10,1,0,30320,7547,0,167.7,41.7,79.47,83.96,2025-07-15 00:46:58.693,solana,313.51,312.79,15.306291891400258,1.0,0,0
8b1532,gafam,9,hypercube,diablo,hop,8,16,10,1,0,30320,8423,0,167.7,46.6,50.41,42.92,2025-07-15 02:26:41.177,solana,313.51,312.79,12.83527675420786,1.0,0,0
8b1532,gafam,7,hypercube,diablo,hop,8,16,10,1,0,30320,9411,0,167.7,52.0,51.56,44.49,2025-07-15 02:01:40.893,solana,313.51,312.79,17.793240508693643,1.0,0,0
8b1532,gafam,6,hypercube,diablo,hop,8,16,10,1,0,30320,5649,0,167.7,31.2,50.89,53.58,2025-07-15 01:49:18.903,solana,313.51,312.79,18.4047116016352,1.0,0,0
8b1532,gafam,3,hypercube,diablo,hop,8,16,10,1,0,30320,6816,0,167.7,37.7,87.6,89.48,2025-07-15 01:12:01.206,solana,313.51,312.79,12.758936804012865,1.0,0,0
8b1532,gafam,10,hypercube,diablo,hop,8,16,10,1,0,30320,8213,0,167.7,45.4,71.5,68.22,2025-07-15 02:39:16.081,solana,313.51,312.79,12.862897699566156,1.0,0,0
8b1532,gafam,4,hypercube,diablo,hop,8,16,10,1,0,30320,11163,0,167.7,61.7,51.88,44.23,2025-07-15 01:24:26.090,solana,313.51,312.79,14.513826415441612,1.0,0,0
8b1532,gafam,8,hypercube,diablo,hop,8,16,10,1,0,30320,7997,0,167.7,44.2,61.32,55.14,2025-07-15 02:14:25.298,solana,313.51,312.79,10.239890073209681,1.0,0,0
e17ae8,visa,5,hypercube,diablo,hop,8,16,10,1,0,540000,0,0,1800.0,0.0,0.0,0.0,2025-07-15 05:16:58.254,solana,615.28,611.9,20.772094325173807,1.0,0,0
e17ae8,visa,2,hypercube,diablo,hop,8,16,10,1,0,540000,107226,0,1776.9,352.8,98.75,93.0,2025-07-15 04:45:32.884,solana,615.28,611.9,21.773143306227425,1.0,0,0
e17ae8,visa,1,hypercube,diablo,hop,8,16,10,1,0,540000,79573,0,1778.5,262.1,80.22,65.16,2025-07-15 04:35:03.907,solana,615.28,611.9,22.061961080517246,1.0,0,0
e17ae8,visa,9,hypercube,diablo,hop,8,16,10,1,0,540000,0,0,1800.0,0.0,0.0,0.0,2025-07-15 05:58:52.199,solana,615.28,611.9,23.899098986411804,1.0,0,0
e17ae8,visa,7,hypercube,diablo,hop,8,16,10,1,0,540000,62556,0,1790.8,207.5,107.11,102.09,2025-07-15 05:37:54.769,solana,615.28,611.9,21.097839083558252,1.0,0,0
e17ae8,visa,6,hypercube,diablo,hop,8,16,10,1,0,540000,104817,0,1792.3,347.9,81.98,68.62,2025-07-15 05:27:26.688,solana,615.28,611.9,23.271340145188475,1.0,0,0
e17ae8,visa,3,hypercube,diablo,hop,8,16,10,1,0,540000,65193,0,1769.9,213.7,91.32,80.96,2025-07-15 04:56:01.021,solana,615.28,611.9,24.795549704866847,1.0,0,0
e17ae8,visa,10,hypercube,diablo,hop,8,16,10,1,0,540000,112080,0,1769.8,367.3,87.83,80.3,2025-07-15 06:09:20.955,solana,615.28,611.9,27.906483290601436,1.0,0,0
e17ae8,visa,4,hypercube,diablo,hop,8,16,10,1,0,540000,40811,0,1799.8,136.0,68.45,57.38,2025-07-15 05:06:29.238,solana,615.28,611.9,18.375979252026575,1.0,0,0
e17ae8,visa,8,hypercube,diablo,hop,8,16,10,1,0,540000,103269,0,1797.3,343.7,84.02,72.91,2025-07-15 05:48:23.359,solana,615.28,611.9,22.793068293126215,1.0,0,0
e3fc02,paypal,5,hypercube,diablo,hop,8,16,10,1,0,59990,55493,0,200.0,185.0,21.68,21.73,2025-07-15 03:32:20.306,solana,388.14,387.98,21.952036448805007,1.0,0,0
e3fc02,paypal,2,hypercube,diablo,hop,8,16,10,1,0,59990,52212,0,200.0,174.1,25.96,22.0,2025-07-15 03:00:49.993,solana,388.14,387.98,21.969484635408826,1.0,0,0
e3fc02,paypal,1,hypercube,diablo,hop,8,16,10,1,0,59990,53634,0,200.0,178.8,25.1,22.6,2025-07-15 02:50:26.628,solana,388.14,387.98,23.78112385553247,1.0,0,0
e3fc02,paypal,9,hypercube,diablo,hop,8,16,10,1,0,59990,29730,0,200.0,99.1,23.94,21.81,2025-07-15 04:14:04.264,solana,388.14,387.98,24.355362650000803,1.0,0,0
e3fc02,paypal,7,hypercube,diablo,hop,8,16,10,1,0,59990,54097,0,200.0,180.3,23.67,22.31,2025-07-15 03:53:17.509,solana,388.14,387.98,20.85196102614008,1.0,0,0
e3fc02,paypal,6,hypercube,diablo,hop,8,16,10,1,0,59990,0,0,200.0,0.0,0.0,0.0,2025-07-15 03:42:43.822,solana,388.14,387.98,25.511953901324844,1.0,0,0
e3fc02,paypal,3,hypercube,diablo,hop,8,16,10,1,0,59990,0,0,200.0,0.0,0.0,0.0,2025-07-15 03:11:22.883,solana,388.14,387.98,23.208015447660785,1.0,0,0
e3fc02,paypal,10,hypercube,diablo,hop,8,16,10,1,0,59990,55154,0,200.0,183.9,25.65,22.66,2025-07-15 04:24:27.837,solana,388.14,387.98,24.88302582558633,1.0,0,0
e3fc02,paypal,4,hypercube,diablo,hop,8,16,10,1,0,59990,55636,0,200.0,185.5,22.74,21.35,2025-07-15 03:21:56.824,solana,388.14,387.98,22.16973920651452,1.0,0,0
e3fc02,paypal,8,hypercube,diablo,hop,8,16,10,1,0,59990,55406,0,200.0,184.7,25.23,22.37,2025-07-15 04:03:40.906,solana,388.14,387.98,22.29221238829297,1.0,0,0
36dafe,10000,5,hypercube,diablo,hop,8,16,10,1,0,1199990,17673,0,9999.9,147.3,71.67,75.1,2025-07-15 07:10:24.416,solana,2165.84,2131.87,11.338152683752782,1.0,0,0
36dafe,10000,2,hypercube,diablo,hop,8,16,10,1,0,1199990,38153,0,9058.5,288.0,72.32,62.94,2025-07-15 06:32:39.862,solana,2165.84,2131.87,9.96259022171556,1.0,0,0
36dafe,10000,1,hypercube,diablo,hop,8,16,10,1,0,1199990,36351,0,9120.4,276.3,70.41,67.16,2025-07-15 06:20:05.913,solana,2165.84,2131.87,6.787993463881616,1.0,0,0
36dafe,10000,9,hypercube,diablo,hop,8,16,10,1,0,1199990,0,0,9999.8,0.0,0.0,0.0,2025-07-15 08:00:45.732,solana,2165.84,2131.87,8.379811846803193,1.0,0,0
36dafe,10000,7,hypercube,diablo,hop,8,16,10,1,0,1199990,11596,0,9198.6,88.9,71.65,68.91,2025-07-15 07:35:36.130,solana,2165.84,2131.87,8.330018705024857,1.0,0,0
36dafe,10000,6,hypercube,diablo,hop,8,16,10,1,0,1199990,1339,0,9999.9,11.2,89.32,90.9,2025-07-15 07:23:00.963,solana,2165.84,2131.87,10.187158461448497,1.0,0,0
36dafe,10000,3,hypercube,diablo,hop,8,16,10,1,0,1199990,0,0,9999.9,0.0,0.0,0.0,2025-07-15 06:45:14.750,solana,2165.84,2131.87,10.484315274586761,1.0,0,0
36dafe,10000,10,hypercube,diablo,hop,8,16,10,1,0,1199990,3687,0,9571.2,29.4,95.27,105.03,2025-07-15 08:13:21.583,solana,2165.84,2131.87,11.76573269788886,1.0,0,0
36dafe,10000,4,hypercube,diablo,hop,8,16,10,1,0,1199990,45246,0,9227.0,347.9,58.45,53.68,2025-07-15 06:57:49.208,solana,2165.84,2131.87,12.275254150504535,1.0,0,0
36dafe,10000,8,hypercube,diablo,hop,8,16,10,1,0,1199990,32598,0,9999.9,271.6,76.87,74.51,2025-07-15 07:48:11.372,solana,2165.84,2131.87,9.286663595643034,1.0,0,0
4e361a,football,5,hypercube,diablo,hop,8,16,10,1,0,4056130,3888,0,28138.0,27.0,81.36,81.46,2025-07-15 09:43:26.842,solana,3855.94,3657.62,10.57211704523864,1.0,0,0
4e361a,football,2,hypercube,diablo,hop,8,16,10,1,0,4056130,1390,0,31842.9,10.9,98.74,95.12,2025-07-15 08:49:28.757,solana,3855.94,3657.62,9.580554285380856,1.0,0,0
4e361a,football,1,hypercube,diablo,hop,8,16,10,1,0,4056130,1765,0,31065.1,13.5,85.94,83.35,2025-07-15 08:31:16.374,solana,3855.94,3657.62,11.722612472088702,1.0,0,0
4e361a,football,9,hypercube,diablo,hop,8,16,10,1,0,4056130,4561,0,33463.2,37.6,67.24,66.07,2025-07-15 10:55:32.227,solana,3855.94,3657.62,10.037806490797012,1.0,0,0
4e361a,football,7,hypercube,diablo,hop,8,16,10,1,0,4056130,10086,0,27848.4,69.2,71.06,68.59,2025-07-15 10:19:34.681,solana,3855.94,3657.62,7.546520944442082,1.0,0,0
4e361a,football,6,hypercube,diablo,hop,8,16,10,1,0,4056130,1534,0,30232.9,11.4,58.62,58.92,2025-07-15 10:01:36.639,solana,3855.94,3657.62,10.937106008776157,1.0,0,0
4e361a,football,3,hypercube,diablo,hop,8,16,10,1,0,4056130,8417,0,29607.4,61.4,65.98,62.45,2025-07-15 09:07:26.828,solana,3855.94,3657.62,6.9922898007911805,1.0,0,0
4e361a,football,10,hypercube,diablo,hop,8,16,10,1,0,4056130,223,0,40159.3,2.2,66.34,63.52,2025-07-15 11:13:44.075,solana,3855.94,3657.62,9.613517073036602,1.0,0,0
4e361a,football,4,hypercube,diablo,hop,8,16,10,1,0,4056130,6311,0,29640.2,46.1,68.48,64.6,2025-07-15 09:25:26.860,solana,3855.94,3657.62,7.767053035004136,1.0,0,0
4e361a,football,8,hypercube,diablo,hop,8,16,10,1,0,4056130,1152,0,31221.3,8.9,91.67,88.94,2025-07-15 10:37:35.834,solana,3855.94,3657.62,7.664173251319117,1.0,0,0
2304ec,dota,5,hypercube,diablo,hop,8,16,10,1,0,3678700,0,0,13328.6,0.0,0.0,0.0,2025-07-15 12:43:24.597,solana,1872.43,1743.23,14.759944739710233,1.0,0,0
2304ec,dota,2,hypercube,diablo,hop,8,16,10,1,0,3678700,6,0,13328.6,0.0,53.69,53.8,2025-07-15 11:49:23.199,solana,1872.43,1743.23,18.37151862550379,1.0,0,0
2304ec,dota,1,hypercube,diablo,hop,8,16,10,1,0,3678700,7633,0,11729.5,24.3,75.84,63.88,2025-07-15 11:31:25.339,solana,1872.43,1743.23,18.74362279811058,1.0,0,0
2304ec,dota,9,hypercube,diablo,hop,8,16,10,1,0,3678700,3211,0,13328.6,11.6,51.91,51.34,2025-07-15 13:55:26.693,solana,1872.43,1743.23,14.628083376078596,1.0,0,0
2304ec,dota,7,hypercube,diablo,hop,8,16,10,1,0,3678700,13949,0,11617.9,44.1,63.58,56.17,2025-07-15 13:19:28.428,solana,1872.43,1743.23,25.159544502775827,1.0,0,0
2304ec,dota,6,hypercube,diablo,hop,8,16,10,1,0,3678700,9168,0,11702.7,29.2,68.54,60.56,2025-07-15 13:01:29.762,solana,1872.43,1743.23,24.204554612342818,1.0,0,0
2304ec,dota,3,hypercube,diablo,hop,8,16,10,1,0,3678700,17370,0,12360.4,58.4,90.94,84.42,2025-07-15 12:07:29.400,solana,1872.43,1743.23,22.1087652032864,1.0,0,0
2304ec,dota,10,hypercube,diablo,hop,8,16,10,1,0,3678700,2903,0,12978.2,10.2,136.12,123.74,2025-07-15 14:13:29.339,solana,1872.43,1743.23,21.68528409013404,1.0,0,0
2304ec,dota,4,hypercube,diablo,hop,8,16,10,1,0,3678700,1498,0,13328.6,5.4,59.68,53.86,2025-07-15 12:25:29.277,solana,1872.43,1743.23,19.93604880906652,1.0,0,0
2304ec,dota,8,hypercube,diablo,hop,8,16,10,1,0,3678700,15563,0,11745.7,49.7,77.94,71.9,2025-07-15 13:37:28.217,solana,1872.43,1743.23,22.48569204781231,1.0,0,0
0ed9a0,10000,1,scale-free-l,diablo,hop,8,16,10,1,0,1199990,1288,0,9910.0,10.6,117.29,118.82,2024-05-28 02:38:28.255,solana,228.95,224.73,8.596717426445336,1.0,0,0
386485,paypal,1,scale-free-l,diablo,hop,8,16,10,1,0,59990,17712,0,200.0,59.0,113.45,122.62,2024-05-28 02:02:07.709,solana,22.78,22.69,23.223766089931576,1.0,0,0
49ed11,visa,1,scale-free-l,diablo,hop,8,16,10,1,0,540000,35800,0,1799.6,119.3,195.41,193.86,2024-05-28 02:26:57.731,solana,67.27,66.68,21.56398143731169,1.0,0,0
0c3814,dota,1,scale-free-l,diablo,hop,8,16,10,1,0,3678700,0,0,13328.6,0.0,0.0,0.0,2024-05-28 03:16:55.990,solana,163.32,156.47,23.2095586657292,1.0,0,0
ed6d06,gafam,1,scale-free-l,diablo,hop,8,16,10,1,0,30320,0,0,167.7,0.0,0.0,0.0,2024-05-28 02:16:16.185,solana,64.16,63.97,16.349359867345644,1.0,0,0
7c3262,football,1,scale-free-l,diablo,hop,8,16,10,1,0,4056130,0,0,40132.7,0.0,0.0,0.0,2024-05-28 09:47:34.366,solana,127.1,111.64,9.290315984899971,1.0,0,0
746352,visa,2,scale-free-l,diablo,hop,8,16,10,1,0,540000,39659,0,1791.0,131.5,163.19,158.44,2024-06-20 12:57:46.318,solana,37.21,37.21,26.2138215307968,1.0,0,0
746352,visa,3,scale-free-l,diablo,hop,8,16,10,1,0,540000,26956,0,1799.9,89.8,242.4,242.89,2024-06-20 13:09:00.060,solana,37.21,37.21,20.015779806808847,1.0,0,0
746352,visa,1,scale-free-l,diablo,hop,8,16,10,1,0,540000,49110,0,1795.4,163.3,100.0,101.32,2024-06-20 12:46:28.394,solana,37.21,37.21,21.594205072524954,1.0,0,0
a79d49,paypal,2,scale-free-l,diablo,hop,8,16,10,1,0,59990,10026,0,200.0,33.4,157.21,154.62,2024-06-20 11:44:01.912,solana,37.21,37.21,27.69045159027832,1.0,0,0
a79d49,paypal,1,scale-free-l,diablo,hop,8,16,10,1,0,59990,16740,0,200.0,55.8,144.72,143.79,2024-06-20 11:32:41.261,solana,37.21,37.21,20.982925564316062,1.0,0,0
65844a,10000,8,scale-free-l,diablo,hop,8,16,10,1,0,1199990,29975,0,9140.8,228.3,87.92,91.74,2025-07-05 11:07:16.552,solana,93.03,93.03,7.790907239284023,1.0,0,0
65844a,10000,3,scale-free-l,diablo,hop,8,16,10,1,0,1199990,0,0,9999.9,0.0,0.0,0.0,2025-07-05 10:02:40.553,solana,93.03,93.03,8.596431747367422,1.0,0,0
65844a,10000,2,scale-free-l,diablo,hop,8,16,10,1,0,1199990,0,0,9999.9,0.0,0.0,0.0,2025-07-05 09:49:39.956,solana,93.03,93.03,6.324825082673375,1.0,0,0
65844a,10000,1,scale-free-l,diablo,hop,8,16,10,1,0,1199990,0,0,9999.8,0.0,0.0,0.0,2025-07-05 09:36:40.598,solana,93.03,93.03,11.092498071477436,1.0,0,0
65844a,10000,9,scale-free-l,diablo,hop,8,16,10,1,0,1199990,21270,0,9248.1,163.9,85.2,85.01,2025-07-05 11:20:14.632,solana,93.03,93.03,9.850515282623778,1.0,0,0
65844a,10000,4,scale-free-l,diablo,hop,8,16,10,1,0,1199990,0,0,9999.8,0.0,0.0,0.0,2025-07-05 10:15:34.238,solana,93.03,93.03,11.511274716378514,1.0,0,0
65844a,10000,5,scale-free-l,diablo,hop,8,16,10,1,0,1199990,713,0,9999.9,5.9,56.99,56.99,2025-07-05 10:28:29.654,solana,93.03,93.03,11.060280115907798,1.0,0,0
65844a,10000,6,scale-free-l,diablo,hop,8,16,10,1,0,1199990,4822,0,9158.2,36.8,73.32,72.15,2025-07-05 10:41:20.969,solana,93.03,93.03,10.285698206520149,1.0,0,0
65844a,10000,10,scale-free-l,diablo,hop,8,16,10,1,0,1199990,0,0,9999.8,0.0,0.0,0.0,2025-07-05 11:33:10.965,solana,93.03,93.03,10.634727650607811,1.0,0,0
65844a,10000,7,scale-free-l,diablo,hop,8,16,10,1,0,1199990,0,0,9999.9,0.0,0.0,0.0,2025-07-05 10:54:15.484,solana,93.03,93.03,13.082957024760839,1.0,0,0
28e2b9,dota,8,scale-free-l,diablo,hop,8,16,10,1,0,3678700,0,0,13328.6,0.0,0.0,0.0,2025-07-05 17:01:44.725,solana,40.45,40.45,29.593360817136464,1.0,0,0
28e2b9,dota,3,scale-free-l,diablo,hop,8,16,10,1,0,3678700,0,0,13328.6,0.0,0.0,0.0,2025-07-05 15:31:03.085,solana,40.45,40.45,20.996018200462423,1.0,0,0
28e2b9,dota,2,scale-free-l,diablo,hop,8,16,10,1,0,3678700,0,0,13328.6,0.0,0.0,0.0,2025-07-05 15:12:27.348,solana,40.45,40.45,16.401410260569627,1.0,0,0
28e2b9,dota,1,scale-free-l,diablo,hop,8,16,10,1,0,3678700,0,0,13328.6,0.0,0.0,0.0,2025-07-05 14:53:27.636,solana,40.45,40.45,18.292153550319657,1.0,0,0
28e2b9,dota,9,scale-free-l,diablo,hop,8,16,10,1,0,3678700,0,0,13328.6,0.0,0.0,0.0,2025-07-05 17:20:00.831,solana,40.45,40.45,18.83440573302158,1.0,0,0
28e2b9,dota,5,scale-free-l,diablo,hop,8,16,10,1,0,3678700,0,0,13328.6,0.0,0.0,0.0,2025-07-05 16:07:29.737,solana,40.45,40.45,17.38741591412564,1.0,0,0
28e2b9,dota,6,scale-free-l,diablo,hop,8,16,10,1,0,3678700,0,0,13328.6,0.0,0.0,0.0,2025-07-05 16:25:28.158,solana,40.45,40.45,16.842976049982678,1.0,0,0
28e2b9,dota,10,scale-free-l,diablo,hop,8,16,10,1,0,3678700,0,0,13328.0,0.0,0.0,0.0,2025-07-05 17:38:27.661,solana,40.45,40.45,13.734877160373257,1.0,0,0
6d331c,visa,8,scale-free-l,diablo,hop,8,16,10,1,0,540000,0,0,1800.0,0.0,0.0,0.0,2025-07-05 09:04:05.940,solana,37.21,37.21,30.483294627001936,1.0,0,0
6d331c,visa,3,scale-free-l,diablo,hop,8,16,10,1,0,540000,0,0,1800.0,0.0,0.0,0.0,2025-07-05 08:09:47.280,solana,37.21,37.21,20.794669657539185,1.0,0,0
6d331c,visa,2,scale-free-l,diablo,hop,8,16,10,1,0,540000,55867,0,1799.9,186.2,99.79,92.2,2025-07-05 07:59:03.614,solana,37.21,37.21,24.557609291004596,1.0,0,0
6d331c,visa,1,scale-free-l,diablo,hop,8,16,10,1,0,540000,0,0,1800.0,0.0,0.0,0.0,2025-07-05 07:48:20.578,solana,37.21,37.21,29.783995183774195,1.0,0,0
6d331c,visa,9,scale-free-l,diablo,hop,8,16,10,1,0,540000,0,0,1800.0,0.0,0.0,0.0,2025-07-05 09:14:50.131,solana,37.21,37.21,21.33359084324474,1.0,0,0
6d331c,visa,4,scale-free-l,diablo,hop,8,16,10,1,0,540000,0,0,1800.0,0.0,0.0,0.0,2025-07-05 08:20:40.871,solana,37.21,37.21,22.63318965975904,1.0,0,0
6d331c,visa,5,scale-free-l,diablo,hop,8,16,10,1,0,540000,13072,0,1799.7,43.6,75.37,76.32,2025-07-05 08:31:35.039,solana,37.21,37.21,18.19745705172595,1.0,0,0
6d331c,visa,6,scale-free-l,diablo,hop,8,16,10,1,0,540000,29501,0,1779.2,97.2,103.92,99.93,2025-07-05 08:42:24.221,solana,37.21,37.21,18.986805323452163,1.0,0,0
6d331c,visa,10,scale-free-l,diablo,hop,8,16,10,1,0,540000,0,0,1800.0,0.0,0.0,0.0,2025-07-05 09:25:33.237,solana,37.21,37.21,20.996218766599995,1.0,0,0
6d331c,visa,7,scale-free-l,diablo,hop,8,16,10,1,0,540000,42906,0,1770.7,140.7,174.99,174.17,2025-07-05 08:53:17.837,solana,37.21,37.21,25.18912110035116,1.0,0,0
b36a51,gafam,3,scale-free-l,diablo,hop,8,16,10,1,0,30320,0,0,167.7,0.0,0.0,0.0,2025-07-05 04:20:35.703,solana,62.02,62.02,14.73146509904326,1.0,0,0
b36a51,gafam,4,scale-free-l,diablo,hop,8,16,10,1,0,30320,0,0,167.7,0.0,0.0,0.0,2025-07-05 04:33:17.681,solana,62.02,62.02,12.841085756417561,1.0,0,0
b36a51,gafam,5,scale-free-l,diablo,hop,8,16,10,1,0,30320,0,0,167.7,0.0,0.0,0.0,2025-07-05 04:46:10.838,solana,62.02,62.02,13.505800597203468,1.0,0,0
b36a51,gafam,6,scale-free-l,diablo,hop,8,16,10,1,0,30320,0,0,167.7,0.0,0.0,0.0,2025-07-05 04:59:08.813,solana,62.02,62.02,14.268796932873933,1.0,0,0
b36a51,gafam,7,scale-free-l,diablo,hop,8,16,10,1,0,30320,0,0,167.7,0.0,0.0,0.0,2025-07-05 05:11:26.227,solana,62.02,62.02,14.825995512187466,1.0,0,0
54b1bd,paypal,8,scale-free-l,diablo,hop,8,16,10,1,0,59990,25679,0,200.0,85.6,76.32,64.37,2025-07-05 07:16:01.344,solana,37.21,37.21,18.440020015388583,1.0,0,0
54b1bd,paypal,3,scale-free-l,diablo,hop,8,16,10,1,0,59990,0,0,200.0,0.0,0.0,0.0,2025-07-05 06:21:47.272,solana,37.21,37.21,25.942382580727568,1.0,0,0
54b1bd,paypal,2,scale-free-l,diablo,hop,8,16,10,1,0,59990,0,0,200.0,0.0,0.0,0.0,2025-07-05 06:11:08.844,solana,37.21,37.21,21.05877183851446,1.0,0,0
54b1bd,paypal,1,scale-free-l,diablo,hop,8,16,10,1,0,59990,0,0,200.0,0.0,0.0,0.0,2025-07-05 06:00:20.392,solana,37.21,37.21,21.402536264846756,1.0,0,0
54b1bd,paypal,9,scale-free-l,diablo,hop,8,16,10,1,0,59990,0,0,200.0,0.0,0.0,0.0,2025-07-05 07:26:44.861,solana,37.21,37.21,18.045589884786946,1.0,0,0
54b1bd,paypal,4,scale-free-l,diablo,hop,8,16,10,1,0,59990,0,0,200.0,0.0,0.0,0.0,2025-07-05 06:32:36.891,solana,37.21,37.21,26.497018848826656,1.0,0,0
54b1bd,paypal,5,scale-free-l,diablo,hop,8,16,10,1,0,59990,11726,0,200.0,39.1,141.85,143.63,2025-07-05 06:43:25.371,solana,37.21,37.21,25.570160656365996,1.0,0,0
54b1bd,paypal,6,scale-free-l,diablo,hop,8,16,10,1,0,59990,0,0,200.0,0.0,0.0,0.0,2025-07-05 06:54:19.141,solana,37.21,37.21,21.795680753147504,1.0,0,0
54b1bd,paypal,10,scale-free-l,diablo,hop,8,16,10,1,0,59990,0,0,200.0,0.0,0.0,0.0,2025-07-05 07:37:23.588,solana,37.21,37.21,24.0915898413566,1.0,0,0
54b1bd,paypal,7,scale-free-l,diablo,hop,8,16,10,1,0,59990,0,0,200.0,0.0,0.0,0.0,2025-07-05 07:05:07.456,solana,37.21,37.21,18.800382394274273,1.0,0,0
d51eea,football,2,scale-free-l,diablo,hop,8,16,10,1,0,4056130,0,0,40077.5,0.0,0.0,0.0,2025-07-05 12:12:24.066,solana,111.64,111.64,9.543783215004922,1.0,0,0
d51eea,football,1,scale-free-l,diablo,hop,8,16,10,1,0,4056130,0,0,40159.2,0.0,0.0,0.0,2025-07-05 11:53:21.590,solana,111.64,111.64,11.16103889364296,1.0,0,0
d51eea,football,4,scale-free-l,diablo,hop,8,16,10,1,0,4056130,0,0,40048.5,0.0,0.0,0.0,2025-07-05 12:47:27.771,solana,111.64,111.64,6.879453375065051,1.0,0,0
d51eea,football,5,scale-free-l,diablo,hop,8,16,10,1,0,4056130,0,0,40156.4,0.0,0.0,0.0,2025-07-05 13:05:53.496,solana,111.64,111.64,10.682536041248266,1.0,0,0
d51eea,football,10,scale-free-l,diablo,hop,8,16,10,1,0,4056130,0,0,40013.6,0.0,0.0,0.0,2025-07-05 14:36:12.275,solana,111.64,111.64,11.779703735218208,1.0,0,0
d51eea,football,7,scale-free-l,diablo,hop,8,16,10,1,0,4056130,0,0,39950.2,0.0,0.0,0.0,2025-07-05 13:41:49.099,solana,111.64,111.64,8.363231057794051,1.0,0,0
9dd9cb,gafam,3,scale-free-l,diablo,hop,8,16,10,1,0,30320,0,0,167.7,0.0,0.0,0.0,2025-07-14 10:11:18.372,solana,62.02,62.02,13.949117578275388,1.0,0,0
9dd9cb,gafam,4,scale-free-l,diablo,hop,8,16,10,1,0,30320,0,0,167.7,0.0,0.0,0.0,2025-07-14 10:25:15.097,solana,62.02,62.02,15.357019681531556,1.0,0,0
9dd9cb,gafam,2,scale-free-l,diablo,hop,8,16,10,1,0,30320,0,0,167.7,0.0,0.0,0.0,2025-07-14 09:58:17.546,solana,62.02,62.02,13.951946505049401,1.0,0,0
9dd9cb,gafam,6,scale-free-l,diablo,hop,8,16,10,1,0,30320,2975,0,167.7,16.5,120.9,126.93,2025-07-14 10:50:28.582,solana,62.02,62.02,13.141482520328838,1.0,0,0
9dd9cb,gafam,8,scale-free-l,diablo,hop,8,16,10,1,0,30320,0,0,167.7,0.0,0.0,0.0,2025-07-14 11:17:48.476,solana,62.02,62.02,13.553908226017532,1.0,0,0
9dd9cb,gafam,9,scale-free-l,diablo,hop,8,16,10,1,0,30320,0,0,167.7,0.0,0.0,0.0,2025-07-14 11:30:25.011,solana,62.02,62.02,14.741607753451905,1.0,0,0
9dd9cb,gafam,5,scale-free-l,diablo,hop,8,16,10,1,0,30320,0,0,167.7,0.0,0.0,0.0,2025-07-14 10:38:14.584,solana,62.02,62.02,13.741797957051132,1.0,0,0
9dd9cb,gafam,1,scale-free-l,diablo,hop,8,16,10,1,0,30320,0,0,167.7,0.0,0.0,0.0,2025-07-14 09:45:53.711,solana,62.02,62.02,14.506252135716192,1.0,0,0
1abf8e,dota,10,scale-free-l,diablo,hop,8,16,10,1,0,3678700,0,0,13328.5,0.0,0.0,0.0,2025-07-14 23:45:19.385,solana,40.45,40.45,22.26156586022799,1.0,0,0
1abf8e,dota,7,scale-free-l,diablo,hop,8,16,10,1,0,3678700,0,0,13328.6,0.0,0.0,0.0,2025-07-14 22:49:40.802,solana,40.45,40.45,21.167416651244338,1.0,0,0
1abf8e,dota,4,scale-free-l,diablo,hop,8,16,10,1,0,3678700,0,0,13328.5,0.0,0.0,0.0,2025-07-14 21:53:31.239,solana,40.45,40.45,19.614046813402275,1.0,0,0
1abf8e,dota,2,scale-free-l,diablo,hop,8,16,10,1,0,3678700,0,0,13328.5,0.0,0.0,0.0,2025-07-14 21:21:01.329,solana,40.45,40.45,25.769618486646426,1.0,0,0
1abf8e,dota,6,scale-free-l,diablo,hop,8,16,10,1,0,3678700,0,0,13328.6,0.0,0.0,0.0,2025-07-14 22:31:14.553,solana,40.45,40.45,21.678564680378358,1.0,0,0
1abf8e,dota,8,scale-free-l,diablo,hop,8,16,10,1,0,3678700,0,0,13318.0,0.0,0.0,0.0,2025-07-14 23:08:15.148,solana,40.45,40.45,20.293804102408192,1.0,0,0
1abf8e,dota,9,scale-free-l,diablo,hop,8,16,10,1,0,3678700,0,0,13328.6,0.0,0.0,0.0,2025-07-14 23:27:34.814,solana,40.45,40.45,19.50627229514747,1.0,0,0
1abf8e,dota,5,scale-free-l,diablo,hop,8,16,10,1,0,3678700,0,0,13327.2,0.0,0.0,0.0,2025-07-14 22:13:08.745,solana,40.45,40.45,19.492948908967342,1.0,0,0
1abf8e,dota,1,scale-free-l,diablo,hop,8,16,10,1,0,3678700,0,0,13328.6,0.0,0.0,0.0,2025-07-14 21:00:16.898,solana,40.45,40.45,23.748521526707595,1.0,0,0
59aead,visa,3,scale-free-l,diablo,hop,8,16,10,1,0,540000,0,0,1799.5,0.0,0.0,0.0,2025-07-14 14:05:36.511,solana,37.21,37.21,25.623171608075495,1.0,0,0
59aead,visa,10,scale-free-l,diablo,hop,8,16,10,1,0,540000,0,0,1800.0,0.0,0.0,0.0,2025-07-14 15:23:35.891,solana,37.21,37.21,26.14355935138941,1.0,0,0
59aead,visa,7,scale-free-l,diablo,hop,8,16,10,1,0,540000,0,0,1800.0,0.0,0.0,0.0,2025-07-14 14:50:10.174,solana,37.21,37.21,23.205145046085526,1.0,0,0
59aead,visa,4,scale-free-l,diablo,hop,8,16,10,1,0,540000,0,0,1800.0,0.0,0.0,0.0,2025-07-14 14:16:44.915,solana,37.21,37.21,24.08945048716913,1.0,0,0
59aead,visa,2,scale-free-l,diablo,hop,8,16,10,1,0,540000,0,0,1800.0,0.0,0.0,0.0,2025-07-14 13:54:32.207,solana,37.21,37.21,19.401136702119455,1.0,0,0
59aead,visa,6,scale-free-l,diablo,hop,8,16,10,1,0,540000,72564,0,1800.0,241.9,106.97,99.78,2025-07-14 14:38:56.840,solana,37.21,37.21,22.106500551749054,1.0,0,0
59aead,visa,8,scale-free-l,diablo,hop,8,16,10,1,0,540000,35179,0,1800.0,117.3,215.98,218.45,2025-07-14 15:01:23.951,solana,37.21,37.21,19.10673654450231,1.0,0,0
59aead,visa,9,scale-free-l,diablo,hop,8,16,10,1,0,540000,67064,0,1778.7,220.9,109.05,106.99,2025-07-14 15:12:32.179,solana,37.21,37.21,21.35428402557749,1.0,0,0
59aead,visa,5,scale-free-l,diablo,hop,8,16,10,1,0,540000,65530,0,1793.9,217.7,108.99,108.1,2025-07-14 14:27:53.033,solana,37.21,37.21,24.81680852100435,1.0,0,0
59aead,visa,1,scale-free-l,diablo,hop,8,16,10,1,0,540000,0,0,1800.0,0.0,0.0,0.0,2025-07-14 13:43:29.035,solana,37.21,37.21,16.391056738630166,1.0,0,0
5fb53f,paypal,3,scale-free-l,diablo,hop,8,16,10,1,0,59990,20388,0,200.0,68.0,147.09,155.09,2025-07-14 12:15:47.506,solana,37.21,37.21,18.014101027186157,1.0,0,0
5fb53f,paypal,10,scale-free-l,diablo,hop,8,16,10,1,0,59990,0,0,200.0,0.0,0.0,0.0,2025-07-14 13:32:17.810,solana,37.21,37.21,17.218573689824204,1.0,0,0
5fb53f,paypal,7,scale-free-l,diablo,hop,8,16,10,1,0,59990,0,0,200.0,0.0,0.0,0.0,2025-07-14 12:59:32.423,solana,37.21,37.21,29.422873201606453,1.0,0,0
5fb53f,paypal,4,scale-free-l,diablo,hop,8,16,10,1,0,59990,23233,0,200.0,77.5,61.8,61.14,2025-07-14 12:26:57.071,solana,37.21,37.21,19.19941259990288,1.0,0,0
5fb53f,paypal,2,scale-free-l,diablo,hop,8,16,10,1,0,59990,0,0,200.0,0.0,0.0,0.0,2025-07-14 12:04:43.999,solana,37.21,37.21,24.33046510150006,1.0,0,0
5fb53f,paypal,6,scale-free-l,diablo,hop,8,16,10,1,0,59990,21599,0,200.0,72.0,81.47,81.92,2025-07-14 12:48:48.960,solana,37.21,37.21,27.397651280873475,1.0,0,0
5fb53f,paypal,8,scale-free-l,diablo,hop,8,16,10,1,0,59990,0,0,200.0,0.0,0.0,0.0,2025-07-14 13:10:15.817,solana,37.21,37.21,23.121404417130858,1.0,0,0
5fb53f,paypal,9,scale-free-l,diablo,hop,8,16,10,1,0,59990,0,0,200.0,0.0,0.0,0.0,2025-07-14 13:21:19.323,solana,37.21,37.21,23.26603661374889,1.0,0,0
5fb53f,paypal,5,scale-free-l,diablo,hop,8,16,10,1,0,59990,0,0,200.0,0.0,0.0,0.0,2025-07-14 12:38:05.381,solana,37.21,37.21,21.696150894577507,1.0,0,0
5fb53f,paypal,1,scale-free-l,diablo,hop,8,16,10,1,0,59990,0,0,200.0,0.0,0.0,0.0,2025-07-14 11:54:00.485,solana,37.21,37.21,23.9658733913211,1.0,0,0
0b994b,football,3,scale-free-l,diablo,hop,8,16,10,1,0,4056130,0,0,40159.3,0.0,0.0,0.0,2025-07-14 18:30:15.371,solana,111.64,111.64,8.270707765285579,1.0,0,0
0b994b,football,10,scale-free-l,diablo,hop,8,16,10,1,0,4056130,0,0,40159.3,0.0,0.0,0.0,2025-07-14 20:40:19.005,solana,111.64,111.64,8.683229020251996,1.0,0,0
0b994b,football,7,scale-free-l,diablo,hop,8,16,10,1,0,4056130,0,0,40159.2,0.0,0.0,0.0,2025-07-14 19:45:04.222,solana,111.64,111.64,8.699253584592206,1.0,0,0
0b994b,football,4,scale-free-l,diablo,hop,8,16,10,1,0,4056130,0,0,40060.3,0.0,0.0,0.0,2025-07-14 18:48:48.442,solana,111.64,111.64,9.991571497032798,1.0,0,0
0b994b,football,2,scale-free-l,diablo,hop,8,16,10,1,0,4056130,0,0,40159.2,0.0,0.0,0.0,2025-07-14 18:11:16.814,solana,111.64,111.64,11.38498327952899,1.0,0,0
0b994b,football,6,scale-free-l,diablo,hop,8,16,10,1,0,4056130,0,0,40086.0,0.0,0.0,0.0,2025-07-14 19:26:41.622,solana,111.64,111.64,8.766773338762585,1.0,0,0
0b994b,football,8,scale-free-l,diablo,hop,8,16,10,1,0,4056130,0,0,40028.5,0.0,0.0,0.0,2025-07-14 20:03:48.479,solana,111.64,111.64,9.12128477344693,1.0,0,0
0b994b,football,9,scale-free-l,diablo,hop,8,16,10,1,0,4056130,0,0,40159.3,0.0,0.0,0.0,2025-07-14 20:22:17.374,solana,111.64,111.64,9.490472974387243,1.0,0,0
0b994b,football,5,scale-free-l,diablo,hop,8,16,10,1,0,4056130,0,0,40159.2,0.0,0.0,0.0,2025-07-14 19:06:46.703,solana,111.64,111.64,8.930897459246433,1.0,0,0
0b994b,football,1,scale-free-l,diablo,hop,8,16,10,1,0,4056130,0,0,40039.0,0.0,0.0,0.0,2025-07-14 17:52:34.905,solana,111.64,111.64,9.357965931143545,1.0,0,0
ebbe5b,10000,3,scale-free-l,diablo,hop,8,16,10,1,0,1199990,0,0,9999.9,0.0,0.0,0.0,2025-07-14 16:01:06.225,solana,93.03,93.03,8.607241162860388,1.0,0,0
ebbe5b,10000,10,scale-free-l,diablo,hop,8,16,10,1,0,1199990,0,0,9999.9,0.0,0.0,0.0,2025-07-14 17:33:12.986,solana,93.03,93.03,11.81043104420916,1.0,0,0
ebbe5b,10000,7,scale-free-l,diablo,hop,8,16,10,1,0,1199990,13879,0,9838.6,113.8,99.02,101.53,2025-07-14 16:53:45.953,solana,93.03,93.03,12.342880321457356,1.0,0,0
ebbe5b,10000,4,scale-free-l,diablo,hop,8,16,10,1,0,1199990,0,0,9999.9,0.0,0.0,0.0,2025-07-14 16:14:22.040,solana,93.03,93.03,9.591104222987736,1.0,0,0
ebbe5b,10000,2,scale-free-l,diablo,hop,8,16,10,1,0,1199990,6825,0,9674.2,55.0,68.88,66.84,2025-07-14 15:47:55.539,solana,93.03,93.03,12.330258757994269,1.0,0,0
ebbe5b,10000,6,scale-free-l,diablo,hop,8,16,10,1,0,1199990,0,0,9999.9,0.0,0.0,0.0,2025-07-14 16:40:30.617,solana,93.03,93.03,8.889832391117684,1.0,0,0
ebbe5b,10000,8,scale-free-l,diablo,hop,8,16,10,1,0,1199990,0,0,9999.9,0.0,0.0,0.0,2025-07-14 17:07:03.510,solana,93.03,93.03,8.767505021119886,1.0,0,0
ebbe5b,10000,9,scale-free-l,diablo,hop,8,16,10,1,0,1199990,0,0,9999.9,0.0,0.0,0.0,2025-07-14 17:20:17.720,solana,93.03,93.03,8.980725258275637,1.0,0,0
ebbe5b,10000,5,scale-free-l,diablo,hop,8,16,10,1,0,1199990,0,0,9999.9,0.0,0.0,0.0,2025-07-14 16:27:15.577,solana,93.03,93.03,11.303705869400465,1.0,0,0
ebbe5b,10000,1,scale-free-l,diablo,hop,8,16,10,1,0,1199990,0,0,9999.9,0.0,0.0,0.0,2025-07-14 15:34:41.424,solana,93.03,93.03,12.53046753971865,1.0,0,0
bad0ac,football,1,torus-l,diablo,hop,8,16,10,1,0,4056130,3177,0,28962.2,22.7,33.16,32.02,2024-06-05 09:59:03.920,solana,111.64,111.64,11.177896941841821,1.0,0,0
bad0ac,football,2,torus-l,diablo,hop,8,16,10,1,0,4056130,1662,0,28398.7,11.6,71.8,73.56,2024-06-05 10:16:39.675,solana,111.64,111.64,9.001895832891657,1.0,0,0
2edd3c,visa,1,torus-l,diablo,hop,8,16,10,1,0,540000,128202,0,1766.5,419.4,71.3,56.98,2024-06-05 09:05:27.761,solana,37.21,37.21,16.48085106745794,1.0,0,0
2edd3c,visa,2,torus-l,diablo,hop,8,16,10,1,0,540000,73528,0,1765.7,240.4,91.55,93.0,2024-06-05 09:16:20.095,solana,37.21,37.21,20.479700220458852,1.0,0,0
16a42e,gafam,1,torus-l,diablo,hop,8,16,10,1,0,30320,4233,0,167.7,23.4,132.53,150.29,2024-06-05 08:41:36.781,solana,62.02,62.02,17.4857407710332,1.0,0,0
16a42e,gafam,2,torus-l,diablo,hop,8,16,10,1,0,30320,7112,0,167.7,39.3,54.69,51.81,2024-06-05 08:53:58.470,solana,62.02,62.02,17.987351931217603,1.0,0,0
e4c84b,visa,2,torus-l,diablo,hop,8,16,10,1,0,540000,62582,0,1800.0,208.6,67.1,53.51,2024-06-18 18:25:10.460,solana,192.12,188.09,21.058359745649685,1.0,0,0
e4c84b,visa,3,torus-l,diablo,hop,8,16,10,1,0,540000,175226,0,1767.0,573.4,71.51,62.04,2024-06-18 18:35:44.005,solana,192.12,188.09,23.06355398478082,1.0,0,0
e4c84b,visa,1,torus-l,diablo,hop,8,16,10,1,0,540000,82802,0,1800.0,276.0,75.53,62.57,2024-06-18 18:14:36.497,solana,192.12,188.09,20.145159239519355,1.0,0,0
d2997d,paypal,3,torus-l,diablo,hop,8,16,10,1,0,59990,25257,0,200.0,84.2,30.25,23.02,2024-06-18 17:25:50.129,solana,38.86,38.7,23.058568213521358,1.0,0,0
d2997d,paypal,1,torus-l,diablo,hop,8,16,10,1,0,59990,17655,0,200.0,58.9,54.4,50.92,2024-06-18 17:04:53.181,solana,38.86,38.7,21.577914075992464,1.0,0,0
9ea6a7,dota,2,torus-l,diablo,hop,8,16,10,1,0,3678700,19126,0,11743.4,61.1,63.2,62.07,2024-06-18 19:09:26.318,solana,343.1,325.91,25.379333092231303,1.0,0,0
9ea6a7,dota,3,torus-l,diablo,hop,8,16,10,1,0,3678700,7655,0,12944.9,26.9,62.38,51.87,2024-06-18 19:27:23.235,solana,343.1,325.91,20.661603949695653,1.0,0,0
9ea6a7,dota,1,torus-l,diablo,hop,8,16,10,1,0,3678700,3726,0,11907.9,12.1,78.77,83.94,2024-06-18 18:51:47.414,solana,343.1,325.91,17.382057677240084,1.0,0,0
f05660,10000,2,torus-l,diablo,hop,8,16,10,1,0,1199990,37637,0,8948.1,280.7,67.45,58.89,2024-06-18 17:49:29.305,solana,292.51,285.95,9.633689838067152,1.0,0,0
f05660,10000,3,torus-l,diablo,hop,8,16,10,1,0,1199990,26267,0,9225.0,201.9,85.68,90.27,2024-06-18 18:02:14.221,solana,292.51,285.95,13.190214169427245,1.0,0,0
58ba82,visa,6,torus-l,diablo,hop,8,16,10,1,0,540000,154809,0,1780.7,510.5,73.89,63.76,2025-07-06 15:50:46.453,solana,647.47,644.22,16.202768379202006,1.0,0,0
58ba82,visa,2,torus-l,diablo,hop,8,16,10,1,0,540000,134398,0,1780.2,443.1,74.3,63.16,2025-07-06 15:09:06.831,solana,647.47,644.22,25.156413009142685,1.0,0,0
58ba82,visa,5,torus-l,diablo,hop,8,16,10,1,0,540000,43205,0,1800.0,144.0,57.27,54.26,2025-07-06 15:40:22.016,solana,647.47,644.22,21.081526317812724,1.0,0,0
58ba82,visa,3,torus-l,diablo,hop,8,16,10,1,0,540000,115353,0,1779.1,380.1,77.49,64.53,2025-07-06 15:19:30.035,solana,647.47,644.22,30.42382473665051,1.0,0,0
58ba82,visa,10,torus-l,diablo,hop,8,16,10,1,0,540000,51376,0,1800.0,171.3,59.95,54.55,2025-07-06 16:32:36.283,solana,647.47,644.22,26.609939278594542,1.0,0,0
58ba82,visa,1,torus-l,diablo,hop,8,16,10,1,0,540000,86260,0,1767.4,282.3,72.49,66.3,2025-07-06 14:58:38.041,solana,647.47,644.22,19.228996225479438,1.0,0,0
58ba82,visa,7,torus-l,diablo,hop,8,16,10,1,0,540000,86745,0,1800.0,289.1,74.57,60.62,2025-07-06 16:01:24.601,solana,647.47,644.22,22.29362828770091,1.0,0,0
58ba82,visa,4,torus-l,diablo,hop,8,16,10,1,0,540000,70297,0,1771.2,230.6,99.22,96.57,2025-07-06 15:29:58.656,solana,647.47,644.22,23.935699184901885,1.0,0,0
58ba82,visa,9,torus-l,diablo,hop,8,16,10,1,0,540000,0,0,1799.9,0.0,0.0,0.0,2025-07-06 16:22:11.946,solana,647.47,644.22,24.133261446730945,1.0,0,0
58ba82,visa,8,torus-l,diablo,hop,8,16,10,1,0,540000,89773,0,1774.3,295.0,67.65,60.96,2025-07-06 16:11:48.311,solana,647.47,644.22,18.58303545077513,1.0,0,0
573651,dota,6,torus-l,diablo,hop,8,16,10,1,0,3678700,5557,0,11925.9,18.0,87.27,78.28,2025-07-06 23:25:57.922,solana,1905.61,1779.19,23.608767887495482,1.0,0,0
573651,dota,2,torus-l,diablo,hop,8,16,10,1,0,3678700,14068,0,11819.3,45.2,62.96,64.26,2025-07-06 22:13:44.110,solana,1905.61,1779.19,20.18253078224153,1.0,0,0
573651,dota,5,torus-l,diablo,hop,8,16,10,1,0,3678700,2234,0,12023.8,7.3,80.86,58.92,2025-07-06 23:07:45.858,solana,1905.61,1779.19,20.10325268775435,1.0,0,0
573651,dota,3,torus-l,diablo,hop,8,16,10,1,0,3678700,8840,0,11741.5,28.2,62.6,61.28,2025-07-06 22:31:49.063,solana,1905.61,1779.19,20.5393129493852,1.0,0,0
573651,dota,10,torus-l,diablo,hop,8,16,10,1,0,3678700,0,0,13324.7,0.0,0.0,0.0,2025-07-07 00:38:56.396,solana,1905.61,1779.19,20.534149271501388,1.0,0,0
573651,dota,1,torus-l,diablo,hop,8,16,10,1,0,3678700,4597,0,12829.7,16.0,53.93,48.88,2025-07-06 21:55:49.703,solana,1905.61,1779.19,20.720143337178676,1.0,0,0
573651,dota,7,torus-l,diablo,hop,8,16,10,1,0,3678700,1380,0,13324.9,5.0,47.4,42.54,2025-07-06 23:43:55.911,solana,1905.61,1779.19,18.614025713970534,1.0,0,0
573651,dota,4,torus-l,diablo,hop,8,16,10,1,0,3678700,7449,0,11774.0,23.8,61.1,56.55,2025-07-06 22:49:54.454,solana,1905.61,1779.19,22.12980757990851,1.0,0,0
573651,dota,9,torus-l,diablo,hop,8,16,10,1,0,3678700,0,0,13328.6,0.0,0.0,0.0,2025-07-07 00:20:11.407,solana,1905.61,1779.19,15.36726672143833,1.0,0,0
573651,dota,8,torus-l,diablo,hop,8,16,10,1,0,3678700,13267,0,12402.9,44.7,65.34,54.08,2025-07-07 00:02:11.826,solana,1905.61,1779.19,23.56846003214883,1.0,0,0
cc7590,gafam,6,torus-l,diablo,hop,8,16,10,1,0,30320,8043,0,167.7,44.5,59.07,54.57,2025-07-06 12:13:08.383,solana,332.37,331.66,14.405499880291266,1.0,0,0
cc7590,gafam,2,torus-l,diablo,hop,8,16,10,1,0,30320,5619,0,167.7,31.1,87.04,93.74,2025-07-06 11:22:42.405,solana,332.37,331.66,11.904704599263233,1.0,0,0
cc7590,gafam,5,torus-l,diablo,hop,8,16,10,1,0,30320,3486,0,167.7,19.3,66.22,45.72,2025-07-06 12:00:22.223,solana,332.37,331.66,17.59132060525984,1.0,0,0
cc7590,gafam,3,torus-l,diablo,hop,8,16,10,1,0,30320,1568,0,167.7,8.7,139.07,132.01,2025-07-06 11:35:31.043,solana,332.37,331.66,15.903700023711526,1.0,0,0
cc7590,gafam,10,torus-l,diablo,hop,8,16,10,1,0,30320,4574,0,167.7,25.3,89.89,91.59,2025-07-06 13:02:59.681,solana,332.37,331.66,15.23590989026403,1.0,0,0
cc7590,gafam,1,torus-l,diablo,hop,8,16,10,1,0,30320,7597,0,167.7,42.0,93.39,91.18,2025-07-06 11:10:17.719,solana,332.37,331.66,11.006180594230086,1.0,0,0
cc7590,gafam,7,torus-l,diablo,hop,8,16,10,1,0,30320,5350,0,167.7,29.6,72.83,66.31,2025-07-06 12:25:27.481,solana,332.37,331.66,12.453407278818716,1.0,0,0
cc7590,gafam,4,torus-l,diablo,hop,8,16,10,1,0,30320,7171,0,167.7,39.7,62.93,56.61,2025-07-06 11:48:00.061,solana,332.37,331.66,16.63856552094653,1.0,0,0
cc7590,gafam,9,torus-l,diablo,hop,8,16,10,1,0,30320,2537,0,167.7,14.0,142.68,162.66,2025-07-06 12:50:30.963,solana,332.37,331.66,17.09856701009428,1.0,0,0
cc7590,gafam,8,torus-l,diablo,hop,8,16,10,1,0,30320,3811,0,167.7,21.1,108.61,113.26,2025-07-06 12:38:01.882,solana,332.37,331.66,16.401375482893627,1.0,0,0
173b23,football,6,torus-l,diablo,hop,8,16,10,1,0,4056130,85,0,32779.1,0.7,107.04,109.18,2025-07-06 20:25:31.191,solana,3978.62,3782.91,9.892789201409922,1.0,0,0
173b23,football,2,torus-l,diablo,hop,8,16,10,1,0,4056130,0,0,39641.9,0.0,0.0,0.0,2025-07-06 19:13:19.325,solana,3978.62,3782.91,8.832383873836555,1.0,0,0
173b23,football,5,torus-l,diablo,hop,8,16,10,1,0,4056130,7490,0,33023.9,61.0,56.23,61.15,2025-07-06 20:07:32.754,solana,3978.62,3782.91,10.468992256714433,1.0,0,0
173b23,football,3,torus-l,diablo,hop,8,16,10,1,0,4056130,7581,0,28603.0,53.5,63.63,62.57,2025-07-06 19:31:24.421,solana,3978.62,3782.91,10.155462406394584,1.0,0,0
173b23,football,10,torus-l,diablo,hop,8,16,10,1,0,4056130,3247,0,33047.8,26.5,68.44,65.87,2025-07-06 21:38:08.490,solana,3978.62,3782.91,7.740050978660802,1.0,0,0
173b23,football,1,torus-l,diablo,hop,8,16,10,1,0,4056130,5045,0,30024.0,37.3,94.68,101.12,2025-07-06 18:55:09.898,solana,3978.62,3782.91,8.896076467956844,1.0,0,0
173b23,football,7,torus-l,diablo,hop,8,16,10,1,0,4056130,0,0,38841.9,0.0,0.0,0.0,2025-07-06 20:43:36.041,solana,3978.62,3782.91,10.782923993124344,1.0,0,0
173b23,football,4,torus-l,diablo,hop,8,16,10,1,0,4056130,2105,0,26971.7,14.0,87.56,78.14,2025-07-06 19:49:44.769,solana,3978.62,3782.91,9.054646272440687,1.0,0,0
173b23,football,9,torus-l,diablo,hop,8,16,10,1,0,4056130,2184,0,37462.1,20.2,45.08,44.8,2025-07-06 21:20:05.997,solana,3978.62,3782.91,7.358941873093738,1.0,0,0
173b23,football,8,torus-l,diablo,hop,8,16,10,1,0,4056130,0,0,39556.0,0.0,0.0,0.0,2025-07-06 21:01:45.102,solana,3978.62,3782.91,7.812078170581785,1.0,0,0
992306,paypal,6,torus-l,diablo,hop,8,16,10,1,0,59990,44958,0,200.0,149.9,45.89,34.49,2025-07-06 14:05:55.047,solana,415.26,414.83,29.290712796057775,1.0,0,0
992306,paypal,2,torus-l,diablo,hop,8,16,10,1,0,59990,40869,0,200.0,136.3,40.65,28.93,2025-07-06 13:24:25.853,solana,415.26,414.83,19.686585933644484,1.0,0,0
992306,paypal,5,torus-l,diablo,hop,8,16,10,1,0,59990,9462,0,200.0,31.5,29.1,25.8,2025-07-06 13:55:36.575,solana,415.26,414.83,26.885615195933124,1.0,0,0
992306,paypal,3,torus-l,diablo,hop,8,16,10,1,0,59990,49828,0,200.0,166.1,30.58,26.47,2025-07-06 13:34:44.263,solana,415.26,414.83,19.52216905574026,1.0,0,0
992306,paypal,10,torus-l,diablo,hop,8,16,10,1,0,59990,0,0,200.0,0.0,0.0,0.0,2025-07-06 14:48:07.172,solana,415.26,414.83,21.282124805507234,1.0,0,0
992306,paypal,1,torus-l,diablo,hop,8,16,10,1,0,59990,47682,0,200.0,159.0,33.62,28.92,2025-07-06 13:14:07.334,solana,415.26,414.83,21.868606622698678,1.0,0,0
992306,paypal,7,torus-l,diablo,hop,8,16,10,1,0,59990,54098,0,200.0,180.4,27.01,25.83,2025-07-06 14:16:35.145,solana,415.26,414.83,19.648980404244597,1.0,0,0
992306,paypal,4,torus-l,diablo,hop,8,16,10,1,0,59990,40208,0,200.0,134.0,42.03,25.78,2025-07-06 13:45:02.858,solana,415.26,414.83,21.136961849148154,1.0,0,0
992306,paypal,9,torus-l,diablo,hop,8,16,10,1,0,59990,0,0,200.0,0.0,0.0,0.0,2025-07-06 14:37:38.442,solana,415.26,414.83,17.508256057579885,1.0,0,0
992306,paypal,8,torus-l,diablo,hop,8,16,10,1,0,59990,13161,0,200.0,43.9,34.62,24.75,2025-07-06 14:27:08.843,solana,415.26,414.83,20.524692242086864,1.0,0,0
71ddc3,10000,6,torus-l,diablo,hop,8,16,10,1,0,1199990,30941,0,9243.2,238.3,67.94,61.92,2025-07-06 17:46:51.025,solana,2278.85,2245.35,11.836933527672885,1.0,0,0
71ddc3,10000,2,torus-l,diablo,hop,8,16,10,1,0,1199990,31475,0,9114.4,239.1,68.1,60.88,2025-07-06 16:55:57.104,solana,2278.85,2245.35,10.739912099875006,1.0,0,0
71ddc3,10000,5,torus-l,diablo,hop,8,16,10,1,0,1199990,23696,0,9098.6,179.7,69.32,64.25,2025-07-06 17:34:11.913,solana,2278.85,2245.35,9.930147821703716,1.0,0,0
71ddc3,10000,3,torus-l,diablo,hop,8,16,10,1,0,1199990,22263,0,9132.9,169.4,81.2,85.41,2025-07-06 17:08:41.212,solana,2278.85,2245.35,9.393389549455224,1.0,0,0
71ddc3,10000,10,torus-l,diablo,hop,8,16,10,1,0,1199990,30676,0,9151.1,233.9,66.2,61.28,2025-07-06 18:37:06.933,solana,2278.85,2245.35,9.788666059413949,1.0,0,0
71ddc3,10000,1,torus-l,diablo,hop,8,16,10,1,0,1199990,32421,0,9254.1,250.0,64.66,59.18,2025-07-06 16:43:22.716,solana,2278.85,2245.35,11.908027017663203,1.0,0,0
71ddc3,10000,7,torus-l,diablo,hop,8,16,10,1,0,1199990,24701,0,9261.1,190.6,69.61,64.69,2025-07-06 17:59:21.970,solana,2278.85,2245.35,10.426106058124534,1.0,0,0
71ddc3,10000,4,torus-l,diablo,hop,8,16,10,1,0,1199990,31428,0,8902.4,233.2,76.5,70.02,2025-07-06 17:21:26.582,solana,2278.85,2245.35,11.161519243001557,1.0,0,0
71ddc3,10000,9,torus-l,diablo,hop,8,16,10,1,0,1199990,12020,0,9999.9,100.2,73.02,74.9,2025-07-06 18:24:34.969,solana,2278.85,2245.35,10.157314583516326,1.0,0,0
71ddc3,10000,8,torus-l,diablo,hop,8,16,10,1,0,1199990,23635,0,9035.8,178.0,70.64,65.26,2025-07-06 18:11:52.463,solana,2278.85,2245.35,9.327703399959397,1.0,0,0
6bcb48,visa,1,torus-l,diablo,hop,8,16,10,1,0,540000,58225,0,1800.0,194.1,103.7,105.35,2024-05-10 12:28:30.716,solana,67.36,66.96,27.84843088776759,0.0,0,0
804425,paypal,1,torus-l,diablo,hop,8,16,10,1,0,59990,52642,0,200.0,175.5,35.65,27.08,2024-05-10 12:05:01.224,solana,17.45,17.45,25.59897912841304,0.0,0,0
61d242,gafam,1,torus-l,diablo,hop,8,16,10,1,0,30320,4661,0,167.7,25.8,65.45,54.28,2024-05-10 12:17:10.371,solana,74.52,74.37,16.581867946362618,0.0,0,0
c4c0e9,dota,1,torus-l,diablo,hop,8,16,10,1,0,3678700,11356,0,12615.1,38.9,87.35,87.42,2024-05-10 13:15:40.000,solana,204.03,190.64,19.502905691950414,0.0,0,0
c9accb,10000,1,torus-l,diablo,hop,8,16,10,1,0,1199990,33544,0,9257.3,258.8,76.74,72.87,2024-05-10 12:39:25.261,solana,224.88,221.08,11.706595047285884,0.0,0,0
79b57b,football,1,torus-l,diablo,hop,8,16,10,1,0,4056130,258,0,39943.1,2.5,67.29,67.16,2024-05-10 12:57:53.355,solana,419.41,397.33,6.942179934691292,0.0,0,0
617706,10000,1,fat-tree-l,diablo,hop,8,16,10,4,0,1199990,0,0,9999.9,0.0,0.0,0.0,2024-05-27 02:35:47.453,solana,184.66,182.4,8.545826725035482,1.0,0,0
efd5ca,gafam,1,fat-tree-l,diablo,hop,8,16,10,4,0,30320,1019,0,167.7,5.6,105.09,95.68,2024-05-27 02:12:18.927,solana,54.1,54.61,16.338116767496842,1.0,0,0
05722e,paypal,1,fat-tree-l,diablo,hop,8,16,10,4,0,59990,0,0,200.0,0.0,0.0,0.0,2024-05-27 01:57:13.011,solana,17.07,16.96,23.635710179979323,1.0,0,0
fc9458,visa,1,fat-tree-l,diablo,hop,8,16,10,4,0,540000,0,0,1800.0,0.0,0.0,0.0,2024-05-27 02:23:26.244,solana,50.21,49.89,24.078321746871865,1.0,0,0
f5d69f,dota,1,fat-tree-l,diablo,hop,8,16,10,4,0,3678700,0,0,13328.6,0.0,0.0,0.0,2024-05-27 03:15:58.372,solana,142.79,140.73,24.297727979975466,1.0,0,0
d229b2,football,1,fat-tree-l,diablo,hop,8,16,10,4,0,4056130,0,0,40159.5,0.0,0.0,0.0,2024-05-27 02:56:26.302,solana,313.16,308.82,9.577815891423045,1.0,0,0
01d13e,10000,1,fat-tree-l,diablo,hop,8,16,10,4,0,1199990,0,0,9999.9,0.0,0.0,0.0,2024-06-09 17:03:41.553,solana,328.79,327.45,11.442670539718383,1.0,0,0
01d13e,10000,2,fat-tree-l,diablo,hop,8,16,10,4,0,1199990,0,0,9999.9,0.0,0.0,0.0,2024-06-09 17:17:27.241,solana,328.79,327.45,10.1765026824685,1.0,0,0
4b9147,gafam,1,fat-tree-l,diablo,hop,8,16,10,4,0,30320,807,0,167.7,4.5,97.73,80.31,2024-06-09 16:16:04.997,solana,98.61,98.88,12.008527614432655,1.0,0,0
4b9147,gafam,2,fat-tree-l,diablo,hop,8,16,10,4,0,30320,741,0,167.7,4.1,98.86,80.23,2024-06-09 16:29:30.906,solana,98.61,98.88,15.713832192491864,1.0,0,0
8acd78,paypal,1,fat-tree-l,diablo,hop,8,16,10,4,0,59990,0,0,200.0,0.0,0.0,0.0,2024-06-09 15:49:28.419,solana,21.52,21.35,21.97335396629933,1.0,0,0
8acd78,paypal,2,fat-tree-l,diablo,hop,8,16,10,4,0,59990,0,0,200.0,0.0,0.0,0.0,2024-06-09 16:01:03.127,solana,21.52,21.35,26.799383980549194,1.0,0,0
132e07,visa,1,fat-tree-l,diablo,hop,8,16,10,4,0,540000,0,0,1800.0,0.0,0.0,0.0,2024-06-09 16:40:02.925,solana,87.61,87.7,23.47461376870112,1.0,0,0
132e07,visa,2,fat-tree-l,diablo,hop,8,16,10,4,0,540000,0,0,1800.0,0.0,0.0,0.0,2024-06-09 16:51:48.504,solana,87.61,87.7,20.53332969482094,1.0,0,0
27b89b,dota,1,fat-tree-l,diablo,hop,8,16,10,4,0,3678700,0,0,13328.6,0.0,0.0,0.0,2024-06-09 18:15:40.235,solana,264.6,258.24,21.974312557639667,1.0,0,0
27b89b,dota,2,fat-tree-l,diablo,hop,8,16,10,4,0,3678700,0,0,13324.5,0.0,0.0,0.0,2024-06-09 18:35:06.184,solana,264.6,258.24,21.97306750312487,1.0,0,0
e3f48d,football,1,fat-tree-l,diablo,hop,8,16,10,4,0,4056130,0,0,40048.3,0.0,0.0,0.0,2024-06-09 17:38:57.959,solana,561.68,551.89,9.587450814478478,1.0,0,0
e3f48d,football,2,fat-tree-l,diablo,hop,8,16,10,4,0,4056130,0,0,40159.5,0.0,0.0,0.0,2024-06-09 17:56:46.768,solana,561.68,551.89,9.444414617042776,1.0,0,0
253645,10000,8,fat-tree-l,diablo,hop,8,16,10,4,0,1199990,0,0,9999.9,0.0,0.0,0.0,2025-07-08 16:23:46.220,solana,1763.47,1757.94,8.95393673549028,1.0,0,0
253645,10000,3,fat-tree-l,diablo,hop,8,16,10,4,0,1199990,0,0,9999.9,0.0,0.0,0.0,2025-07-08 15:13:50.204,solana,1763.47,1757.94,11.035404218002483,1.0,0,0
253645,10000,1,fat-tree-l,diablo,hop,8,16,10,4,0,1199990,0,0,9999.9,0.0,0.0,0.0,2025-07-08 14:45:46.223,solana,1763.47,1757.94,9.815213786434345,1.0,0,0
253645,10000,5,fat-tree-l,diablo,hop,8,16,10,4,0,1199990,0,0,9999.9,0.0,0.0,0.0,2025-07-08 15:42:04.191,solana,1763.47,1757.94,12.56283427890327,1.0,0,0
253645,10000,7,fat-tree-l,diablo,hop,8,16,10,4,0,1199990,0,0,9999.9,0.0,0.0,0.0,2025-07-08 16:09:55.493,solana,1763.47,1757.94,8.9589160846992,1.0,0,0
253645,10000,2,fat-tree-l,diablo,hop,8,16,10,4,0,1199990,0,0,9999.9,0.0,0.0,0.0,2025-07-08 14:59:45.601,solana,1763.47,1757.94,11.255673295079337,1.0,0,0
253645,10000,4,fat-tree-l,diablo,hop,8,16,10,4,0,1199990,0,0,9999.9,0.0,0.0,0.0,2025-07-08 15:27:55.547,solana,1763.47,1757.94,9.882515960279372,1.0,0,0
253645,10000,10,fat-tree-l,diablo,hop,8,16,10,4,0,1199990,0,0,9999.9,0.0,0.0,0.0,2025-07-08 16:51:38.511,solana,1763.47,1757.94,13.076479516416187,1.0,0,0
253645,10000,6,fat-tree-l,diablo,hop,8,16,10,4,0,1199990,0,0,9999.9,0.0,0.0,0.0,2025-07-08 15:55:58.053,solana,1763.47,1757.94,10.576449707964388,1.0,0,0
253645,10000,9,fat-tree-l,diablo,hop,8,16,10,4,0,1199990,0,0,9999.9,0.0,0.0,0.0,2025-07-08 16:37:42.520,solana,1763.47,1757.94,11.818515566474264,1.0,0,0
fe0f8c,gafam,8,fat-tree-l,diablo,hop,8,16,10,4,0,30320,817,0,167.7,4.5,133.13,127.11,2025-07-08 10:10:19.212,solana,262.09,263.15,13.877208068656413,1.0,0,0
fe0f8c,gafam,3,fat-tree-l,diablo,hop,8,16,10,4,0,30320,742,0,167.7,4.1,105.54,87.31,2025-07-08 09:00:46.937,solana,262.09,263.15,11.885436248531828,1.0,0,0
fe0f8c,gafam,1,fat-tree-l,diablo,hop,8,16,10,4,0,30320,801,0,167.7,4.4,102.22,84.12,2025-07-08 08:32:59.557,solana,262.09,263.15,17.40490056752147,1.0,0,0
fe0f8c,gafam,5,fat-tree-l,diablo,hop,8,16,10,4,0,30320,787,0,167.7,4.4,98.84,83.46,2025-07-08 09:28:17.506,solana,262.09,263.15,17.655247060856006,1.0,0,0
fe0f8c,gafam,7,fat-tree-l,diablo,hop,8,16,10,4,0,30320,706,0,167.7,3.9,108.67,93.56,2025-07-08 09:56:06.681,solana,262.09,263.15,15.752169351288622,1.0,0,0
fe0f8c,gafam,2,fat-tree-l,diablo,hop,8,16,10,4,0,30320,891,0,167.7,4.9,102.38,92.02,2025-07-08 08:46:41.435,solana,262.09,263.15,13.212521357300817,1.0,0,0
fe0f8c,gafam,4,fat-tree-l,diablo,hop,8,16,10,4,0,30320,867,0,167.7,4.8,104.62,97.54,2025-07-08 09:14:32.437,solana,262.09,263.15,11.757149650216416,1.0,0,0
fe0f8c,gafam,10,fat-tree-l,diablo,hop,8,16,10,4,0,30320,515,0,167.7,2.8,108.59,97.49,2025-07-08 10:37:57.062,solana,262.09,263.15,16.8913575961939,1.0,0,0
fe0f8c,gafam,6,fat-tree-l,diablo,hop,8,16,10,4,0,30320,934,0,167.7,5.2,102.71,96.83,2025-07-08 09:42:20.955,solana,262.09,263.15,17.077169581699,1.0,0,0
fe0f8c,gafam,9,fat-tree-l,diablo,hop,8,16,10,4,0,30320,384,0,167.7,2.1,84.89,77.69,2025-07-08 10:23:47.247,solana,262.09,263.15,11.100826400627424,1.0,0,0
e7483c,dota,8,fat-tree-l,diablo,hop,8,16,10,4,0,3678700,0,0,13324.6,0.0,0.0,0.0,2025-07-08 22:41:10.643,solana,1388.35,1353.13,22.12332772512064,1.0,0,0
e7483c,dota,3,fat-tree-l,diablo,hop,8,16,10,4,0,3678700,0,0,13328.6,0.0,0.0,0.0,2025-07-08 21:03:02.266,solana,1388.35,1353.13,18.30139317462828,1.0,0,0
e7483c,dota,1,fat-tree-l,diablo,hop,8,16,10,4,0,3678700,0,0,13326.9,0.0,0.0,0.0,2025-07-08 20:25:37.137,solana,1388.35,1353.13,27.171456978477977,1.0,0,0
e7483c,dota,5,fat-tree-l,diablo,hop,8,16,10,4,0,3678700,0,0,13324.8,0.0,0.0,0.0,2025-07-08 21:43:06.498,solana,1388.35,1353.13,25.580876158678496,1.0,0,0
e7483c,dota,7,fat-tree-l,diablo,hop,8,16,10,4,0,3678700,0,0,13326.2,0.0,0.0,0.0,2025-07-08 22:21:35.235,solana,1388.35,1353.13,21.970714470152423,1.0,0,0
e7483c,dota,2,fat-tree-l,diablo,hop,8,16,10,4,0,3678700,0,0,13328.6,0.0,0.0,0.0,2025-07-08 20:45:00.960,solana,1388.35,1353.13,20.152593719187497,1.0,0,0
e7483c,dota,4,fat-tree-l,diablo,hop,8,16,10,4,0,3678700,0,0,13328.6,0.0,0.0,0.0,2025-07-08 21:23:18.177,solana,1388.35,1353.13,25.07105220236753,1.0,0,0
e7483c,dota,10,fat-tree-l,diablo,hop,8,16,10,4,0,3678700,0,0,13328.0,0.0,0.0,0.0,2025-07-08 23:19:30.756,solana,1388.35,1353.13,18.79539249196704,1.0,0,0
e7483c,dota,6,fat-tree-l,diablo,hop,8,16,10,4,0,3678700,0,0,13327.8,0.0,0.0,0.0,2025-07-08 22:02:21.877,solana,1388.35,1353.13,17.135581567933098,1.0,0,0
e7483c,dota,9,fat-tree-l,diablo,hop,8,16,10,4,0,3678700,0,0,13320.7,0.0,0.0,0.0,2025-07-08 23:00:19.855,solana,1388.35,1353.13,16.088721046350923,1.0,0,0
91bb99,visa,8,fat-tree-l,diablo,hop,8,16,10,4,0,540000,0,0,1800.0,0.0,0.0,0.0,2025-07-08 14:09:45.699,solana,492.41,492.96,23.314440565775744,1.0,0,0
91bb99,visa,3,fat-tree-l,diablo,hop,8,16,10,4,0,540000,0,0,1800.0,0.0,0.0,0.0,2025-07-08 13:10:54.691,solana,492.41,492.96,20.296222319631,1.0,0,0
91bb99,visa,1,fat-tree-l,diablo,hop,8,16,10,4,0,540000,0,0,1800.0,0.0,0.0,0.0,2025-07-08 12:46:52.447,solana,492.41,492.96,24.905228350357326,1.0,0,0
91bb99,visa,5,fat-tree-l,diablo,hop,8,16,10,4,0,540000,0,0,1800.0,0.0,0.0,0.0,2025-07-08 13:34:37.736,solana,492.41,492.96,24.051317294511307,1.0,0,0
91bb99,visa,7,fat-tree-l,diablo,hop,8,16,10,4,0,540000,0,0,1800.0,0.0,0.0,0.0,2025-07-08 13:58:06.668,solana,492.41,492.96,19.80659412439455,1.0,0,0
91bb99,visa,2,fat-tree-l,diablo,hop,8,16,10,4,0,540000,0,0,1800.0,0.0,0.0,0.0,2025-07-08 12:58:52.916,solana,492.41,492.96,23.507078491086823,1.0,0,0
91bb99,visa,4,fat-tree-l,diablo,hop,8,16,10,4,0,540000,0,0,1800.0,0.0,0.0,0.0,2025-07-08 13:22:50.628,solana,492.41,492.96,22.699058750091716,1.0,0,0
91bb99,visa,10,fat-tree-l,diablo,hop,8,16,10,4,0,540000,0,0,1800.0,0.0,0.0,0.0,2025-07-08 14:33:48.098,solana,492.41,492.96,21.12206788759352,1.0,0,0
91bb99,visa,6,fat-tree-l,diablo,hop,8,16,10,4,0,540000,0,0,1800.0,0.0,0.0,0.0,2025-07-08 13:46:23.072,solana,492.41,492.96,21.97835213375269,1.0,0,0
91bb99,visa,9,fat-tree-l,diablo,hop,8,16,10,4,0,540000,0,0,1800.0,0.0,0.0,0.0,2025-07-08 14:21:47.824,solana,492.41,492.96,22.612205505214927,1.0,0,0
6d44a8,paypal,8,fat-tree-l,diablo,hop,8,16,10,4,0,59990,0,0,200.0,0.0,0.0,0.0,2025-07-08 12:11:05.081,solana,334.14,334.71,17.97053798185764,1.0,0,0
6d44a8,paypal,3,fat-tree-l,diablo,hop,8,16,10,4,0,59990,0,0,200.0,0.0,0.0,0.0,2025-07-08 11:12:10.632,solana,334.14,334.71,20.6036164584911,1.0,0,0
6d44a8,paypal,1,fat-tree-l,diablo,hop,8,16,10,4,0,59990,45711,0,200.0,152.4,61.99,62.32,2025-07-08 10:48:24.602,solana,334.14,334.71,26.90894120061217,1.0,0,0
6d44a8,paypal,5,fat-tree-l,diablo,hop,8,16,10,4,0,59990,12277,0,200.0,40.9,70.57,71.88,2025-07-08 11:35:56.889,solana,334.14,334.71,26.624387621555083,1.0,0,0
6d44a8,paypal,7,fat-tree-l,diablo,hop,8,16,10,4,0,59990,0,0,200.0,0.0,0.0,0.0,2025-07-08 11:59:20.653,solana,334.14,334.71,20.349306268938083,1.0,0,0
6d44a8,paypal,2,fat-tree-l,diablo,hop,8,16,10,4,0,59990,0,0,200.0,0.0,0.0,0.0,2025-07-08 11:00:15.214,solana,334.14,334.71,19.575720419006906,1.0,0,0
6d44a8,paypal,4,fat-tree-l,diablo,hop,8,16,10,4,0,59990,0,0,200.0,0.0,0.0,0.0,2025-07-08 11:24:06.349,solana,334.14,334.71,22.307412084117068,1.0,0,0
6d44a8,paypal,10,fat-tree-l,diablo,hop,8,16,10,4,0,59990,0,0,200.0,0.0,0.0,0.0,2025-07-08 12:34:51.908,solana,334.14,334.71,23.64430982532093,1.0,0,0
6d44a8,paypal,6,fat-tree-l,diablo,hop,8,16,10,4,0,59990,0,0,200.0,0.0,0.0,0.0,2025-07-08 11:47:41.478,solana,334.14,334.71,24.993965425963253,1.0,0,0
6d44a8,paypal,9,fat-tree-l,diablo,hop,8,16,10,4,0,59990,0,0,200.0,0.0,0.0,0.0,2025-07-08 12:23:01.342,solana,334.14,334.71,19.57149230445976,1.0,0,0
ab42e8,football,8,fat-tree-l,diablo,hop,8,16,10,4,0,4056130,0,0,40159.5,0.0,0.0,0.0,2025-07-08 19:27:15.768,solana,2970.8,2919.34,8.230990224968354,1.0,0,0
ab42e8,football,3,fat-tree-l,diablo,hop,8,16,10,4,0,4056130,0,0,40135.9,0.0,0.0,0.0,2025-07-08 17:50:46.354,solana,2970.8,2919.34,9.244926506332881,1.0,0,0
ab42e8,football,1,fat-tree-l,diablo,hop,8,16,10,4,0,4056130,0,0,40141.8,0.0,0.0,0.0,2025-07-08 17:12:00.847,solana,2970.8,2919.34,6.892092933704323,1.0,0,0
ab42e8,football,5,fat-tree-l,diablo,hop,8,16,10,4,0,4056130,0,0,40085.5,0.0,0.0,0.0,2025-07-08 18:29:08.798,solana,2970.8,2919.34,9.167220451866362,1.0,0,0
ab42e8,football,7,fat-tree-l,diablo,hop,8,16,10,4,0,4056130,0,0,40159.5,0.0,0.0,0.0,2025-07-08 19:07:49.791,solana,2970.8,2919.34,9.133374759291598,1.0,0,0
ab42e8,football,2,fat-tree-l,diablo,hop,8,16,10,4,0,4056130,0,0,40159.2,0.0,0.0,0.0,2025-07-08 17:31:17.081,solana,2970.8,2919.34,7.901230106708511,1.0,0,0
ab42e8,football,4,fat-tree-l,diablo,hop,8,16,10,4,0,4056130,0,0,40159.5,0.0,0.0,0.0,2025-07-08 18:09:54.600,solana,2970.8,2919.34,11.444622641149515,1.0,0,0
ab42e8,football,10,fat-tree-l,diablo,hop,8,16,10,4,0,4056130,0,0,40159.5,0.0,0.0,0.0,2025-07-08 20:06:34.105,solana,2970.8,2919.34,9.21493978265601,1.0,0,0
ab42e8,football,6,fat-tree-l,diablo,hop,8,16,10,4,0,4056130,0,0,40086.5,0.0,0.0,0.0,2025-07-08 18:48:31.335,solana,2970.8,2919.34,6.53955711676285,1.0,0,0
ab42e8,football,9,fat-tree-l,diablo,hop,8,16,10,4,0,4056130,0,0,40159.5,0.0,0.0,0.0,2025-07-08 19:46:38.438,solana,2970.8,2919.34,7.871766142597573,1.0,0,0
e7ea00,visa,1,full-mesh,diablo,hop,8,16,10,4,0,540000,0,0,1800.0,0.0,0.0,0.0,2024-05-27 00:08:56.852,solana,41.48,41.5,25.994890009398084,1.0,0,0
f38bc4,paypal,1,full-mesh,diablo,hop,8,16,10,4,0,59990,0,0,200.0,0.0,0.0,0.0,2024-05-26 23:43:47.032,solana,12.19,12.13,17.798334994983097,1.0,0,0
df0310,gafam,1,full-mesh,diablo,hop,8,16,10,4,0,30320,1079,0,167.7,6.0,89.34,71.61,2024-05-26 23:58:12.261,solana,49.4,48.89,14.015307520575414,1.0,0,0
7e49f2,dota,1,full-mesh,diablo,hop,8,16,10,4,0,3678700,0,0,13328.6,0.0,0.0,0.0,2024-05-27 01:00:44.741,solana,124.07,118.5,20.722193430437066,1.0,0,0
ae3041,10000,1,full-mesh,diablo,hop,8,16,10,4,0,1199990,0,0,9999.9,0.0,0.0,0.0,2024-05-27 00:20:42.319,solana,155.22,154.22,12.239677483429034,1.0,0,0
b7a09d,football,1,full-mesh,diablo,hop,8,16,10,4,0,4056130,0,0,40122.4,0.0,0.0,0.0,2024-05-27 00:42:07.124,solana,266.14,253.99,7.41297330848093,1.0,0,0
a9a11f,visa,2,full-mesh,diablo,hop,8,16,10,4,0,540000,0,0,1800.0,0.0,0.0,0.0,2024-06-09 08:30:05.537,solana,80.32,80.16,19.586405135184506,1.0,0,0
a9a11f,visa,1,full-mesh,diablo,hop,8,16,10,4,0,540000,0,0,1800.0,0.0,0.0,0.0,2024-06-09 08:18:38.336,solana,80.32,80.16,19.016233972804194,1.0,0,0
031b90,10000,2,full-mesh,diablo,hop,8,16,10,4,0,1199990,0,0,9999.9,0.0,0.0,0.0,2024-06-09 08:55:18.197,solana,295.89,292.97,14.255875398211371,1.0,0,0
031b90,10000,1,full-mesh,diablo,hop,8,16,10,4,0,1199990,0,0,9999.9,0.0,0.0,0.0,2024-06-09 08:41:45.949,solana,295.89,292.97,11.060363585975274,1.0,0,0
408399,dota,2,full-mesh,diablo,hop,8,16,10,4,0,3678700,0,0,13328.6,0.0,0.0,0.0,2024-06-09 10:11:12.018,solana,238.5,233.39,18.54246967666987,1.0,0,0
408399,dota,1,full-mesh,diablo,hop,8,16,10,4,0,3678700,0,0,13328.6,0.0,0.0,0.0,2024-06-09 09:54:02.041,solana,238.5,233.39,26.30115019279745,1.0,0,0
25d680,gafam,2,full-mesh,diablo,hop,8,16,10,4,0,30320,932,0,167.7,5.2,93.65,74.99,2024-06-09 08:08:03.883,solana,87.61,87.22,13.721308259455974,1.0,0,0
25d680,gafam,1,full-mesh,diablo,hop,8,16,10,4,0,30320,795,0,167.7,4.4,83.58,73.85,2024-06-09 07:54:40.791,solana,87.61,87.22,18.539571896243647,1.0,0,0
b3be75,football,2,full-mesh,diablo,hop,8,16,10,4,0,4056130,0,0,40027.9,0.0,0.0,0.0,2024-06-09 09:32:52.321,solana,494.14,485.34,7.96777447530698,1.0,0,0
b3be75,football,1,full-mesh,diablo,hop,8,16,10,4,0,4056130,0,0,40068.1,0.0,0.0,0.0,2024-06-09 09:16:36.519,solana,494.14,485.34,9.780943270775746,1.0,0,0
b506e7,paypal,2,full-mesh,diablo,hop,8,16,10,4,0,59990,0,0,200.0,0.0,0.0,0.0,2024-06-09 07:40:27.150,solana,18.47,18.37,23.4283905056213,1.0,0,0
b506e7,paypal,1,full-mesh,diablo,hop,8,16,10,4,0,59990,0,0,200.0,0.0,0.0,0.0,2024-06-09 07:29:04.802,solana,18.47,18.37,23.875039559687934,1.0,0,0
26b819,visa,6,full-mesh,diablo,hop,8,16,10,4,0,540000,0,0,1800.0,0.0,0.0,0.0,2025-07-04 17:36:49.506,solana,416.75,417.14,20.051012675103426,1.0,0,0
26b819,visa,2,full-mesh,diablo,hop,8,16,10,4,0,540000,0,0,1800.0,0.0,0.0,0.0,2025-07-04 16:51:24.365,solana,416.75,417.14,18.924296719813725,1.0,0,0
26b819,visa,5,full-mesh,diablo,hop,8,16,10,4,0,540000,0,0,1800.0,0.0,0.0,0.0,2025-07-04 17:25:28.751,solana,416.75,417.14,19.803655287367654,1.0,0,0
26b819,visa,3,full-mesh,diablo,hop,8,16,10,4,0,540000,0,0,1800.0,0.0,0.0,0.0,2025-07-04 17:02:46.471,solana,416.75,417.14,23.940794921662174,1.0,0,0
26b819,visa,10,full-mesh,diablo,hop,8,16,10,4,0,540000,0,0,1800.0,0.0,0.0,0.0,2025-07-04 18:22:04.640,solana,416.75,417.14,21.512143257518733,1.0,0,0
26b819,visa,1,full-mesh,diablo,hop,8,16,10,4,0,540000,0,0,1800.0,0.0,0.0,0.0,2025-07-04 16:40:03.404,solana,416.75,417.14,25.89278305170646,1.0,0,0
26b819,visa,7,full-mesh,diablo,hop,8,16,10,4,0,540000,0,0,1800.0,0.0,0.0,0.0,2025-07-04 17:48:10.842,solana,416.75,417.14,22.421644715319974,1.0,0,0
26b819,visa,4,full-mesh,diablo,hop,8,16,10,4,0,540000,0,0,1800.0,0.0,0.0,0.0,2025-07-04 17:14:08.089,solana,416.75,417.14,22.363851394949602,1.0,0,0
26b819,visa,9,full-mesh,diablo,hop,8,16,10,4,0,540000,0,0,1800.0,0.0,0.0,0.0,2025-07-04 18:10:44.195,solana,416.75,417.14,26.880486158800043,1.0,0,0
26b819,visa,8,full-mesh,diablo,hop,8,16,10,4,0,540000,0,0,1800.0,0.0,0.0,0.0,2025-07-04 17:59:20.506,solana,416.75,417.14,22.95839996003702,1.0,0,0
28b21f,dota,6,full-mesh,diablo,hop,8,16,10,4,0,3678700,0,0,13328.6,0.0,0.0,0.0,2025-07-05 01:34:36.696,solana,1203.46,1167.37,19.759371656088934,1.0,0,0
28b21f,dota,2,full-mesh,diablo,hop,8,16,10,4,0,3678700,0,0,13328.6,0.0,0.0,0.0,2025-07-05 00:19:57.787,solana,1203.46,1167.37,19.515262419854285,1.0,0,0
28b21f,dota,5,full-mesh,diablo,hop,8,16,10,4,0,3678700,0,0,13328.6,0.0,0.0,0.0,2025-07-05 01:15:52.351,solana,1203.46,1167.37,21.81819517333615,1.0,0,0
28b21f,dota,3,full-mesh,diablo,hop,8,16,10,4,0,3678700,0,0,13328.6,0.0,0.0,0.0,2025-07-05 00:38:23.415,solana,1203.46,1167.37,18.621214186641467,1.0,0,0
28b21f,dota,10,full-mesh,diablo,hop,8,16,10,4,0,3678700,0,0,13323.2,0.0,0.0,0.0,2025-07-05 02:49:22.356,solana,1203.46,1167.37,20.668368376851753,1.0,0,0
28b21f,dota,1,full-mesh,diablo,hop,8,16,10,4,0,3678700,0,0,13328.6,0.0,0.0,0.0,2025-07-05 00:01:13.779,solana,1203.46,1167.37,23.088494392368872,1.0,0,0
28b21f,dota,7,full-mesh,diablo,hop,8,16,10,4,0,3678700,0,0,13318.6,0.0,0.0,0.0,2025-07-05 01:53:07.065,solana,1203.46,1167.37,19.522861589542988,1.0,0,0
28b21f,dota,4,full-mesh,diablo,hop,8,16,10,4,0,3678700,0,0,13328.6,0.0,0.0,0.0,2025-07-05 00:57:22.606,solana,1203.46,1167.37,22.550589538216688,1.0,0,0
28b21f,dota,9,full-mesh,diablo,hop,8,16,10,4,0,3678700,0,0,13321.1,0.0,0.0,0.0,2025-07-05 02:30:43.817,solana,1203.46,1167.37,17.4284199362163,1.0,0,0
28b21f,dota,8,full-mesh,diablo,hop,8,16,10,4,0,3678700,0,0,13327.6,0.0,0.0,0.0,2025-07-05 02:12:06.663,solana,1203.46,1167.37,26.63577652054332,1.0,0,0
55d2fd,gafam,6,full-mesh,diablo,hop,8,16,10,4,0,30320,833,0,167.7,4.6,88.68,73.26,2025-07-04 13:44:38.830,solana,215.41,216.07,16.49361539867594,1.0,0,0
55d2fd,gafam,2,full-mesh,diablo,hop,8,16,10,4,0,30320,627,0,167.7,3.5,82.41,79.1,2025-07-04 12:51:39.599,solana,215.41,216.07,13.166104789430413,1.0,0,0
55d2fd,gafam,5,full-mesh,diablo,hop,8,16,10,4,0,30320,725,0,167.7,4.0,102.17,85.54,2025-07-04 13:31:40.994,solana,215.41,216.07,15.56223601181073,1.0,0,0
55d2fd,gafam,3,full-mesh,diablo,hop,8,16,10,4,0,30320,629,0,167.7,3.5,109.62,99.98,2025-07-04 13:05:06.243,solana,215.41,216.07,15.141263765030255,1.0,0,0
55d2fd,gafam,10,full-mesh,diablo,hop,8,16,10,4,0,30320,374,0,167.7,2.1,92.76,89.61,2025-07-04 14:37:47.987,solana,215.41,216.07,13.693268051363328,1.0,0,0
55d2fd,gafam,1,full-mesh,diablo,hop,8,16,10,4,0,30320,531,0,167.7,2.9,85.87,80.26,2025-07-04 12:38:37.084,solana,215.41,216.07,14.02595630668141,1.0,0,0
55d2fd,gafam,7,full-mesh,diablo,hop,8,16,10,4,0,30320,733,0,167.7,4.1,93.2,82.98,2025-07-04 13:58:06.763,solana,215.41,216.07,15.538045623056389,1.0,0,0
55d2fd,gafam,4,full-mesh,diablo,hop,8,16,10,4,0,30320,270,0,167.7,1.5,89.1,79.89,2025-07-04 13:18:11.844,solana,215.41,216.07,14.327817072054604,1.0,0,0
55d2fd,gafam,9,full-mesh,diablo,hop,8,16,10,4,0,30320,350,0,167.7,1.9,78.32,76.48,2025-07-04 14:24:32.764,solana,215.41,216.07,13.455862963385593,1.0,0,0
55d2fd,gafam,8,full-mesh,diablo,hop,8,16,10,4,0,30320,613,0,167.7,3.4,106.05,93.51,2025-07-04 14:11:11.852,solana,215.41,216.07,14.83273633392194,1.0,0,0
fc5341,football,6,full-mesh,diablo,hop,8,16,10,4,0,4056130,0,0,40159.5,0.0,0.0,0.0,2025-07-04 22:27:35.362,solana,2561.29,2508.71,6.59293782117368,1.0,0,0
fc5341,football,2,full-mesh,diablo,hop,8,16,10,4,0,4056130,0,0,40159.4,0.0,0.0,0.0,2025-07-04 21:12:13.215,solana,2561.29,2508.71,9.248553463574694,1.0,0,0
fc5341,football,5,full-mesh,diablo,hop,8,16,10,4,0,4056130,0,0,40159.5,0.0,0.0,0.0,2025-07-04 22:08:48.941,solana,2561.29,2508.71,9.099472495450659,1.0,0,0
fc5341,football,3,full-mesh,diablo,hop,8,16,10,4,0,4056130,0,0,40159.5,0.0,0.0,0.0,2025-07-04 21:31:03.838,solana,2561.29,2508.71,7.794570570645717,1.0,0,0
fc5341,football,10,full-mesh,diablo,hop,8,16,10,4,0,4056130,0,0,40130.1,0.0,0.0,0.0,2025-07-04 23:42:44.100,solana,2561.29,2508.71,7.491437120517515,1.0,0,0
fc5341,football,1,full-mesh,diablo,hop,8,16,10,4,0,4056130,0,0,40159.5,0.0,0.0,0.0,2025-07-04 20:53:35.989,solana,2561.29,2508.71,9.564442133743562,1.0,0,0
fc5341,football,7,full-mesh,diablo,hop,8,16,10,4,0,4056130,0,0,40159.5,0.0,0.0,0.0,2025-07-04 22:46:06.363,solana,2561.29,2508.71,9.432345682568737,1.0,0,0
fc5341,football,4,full-mesh,diablo,hop,8,16,10,4,0,4056130,0,0,40142.8,0.0,0.0,0.0,2025-07-04 21:49:59.634,solana,2561.29,2508.71,10.212800587861922,1.0,0,0
fc5341,football,9,full-mesh,diablo,hop,8,16,10,4,0,4056130,0,0,40159.5,0.0,0.0,0.0,2025-07-04 23:23:34.284,solana,2561.29,2508.71,8.801796175464704,1.0,0,0
fc5341,football,8,full-mesh,diablo,hop,8,16,10,4,0,4056130,0,0,40159.5,0.0,0.0,0.0,2025-07-04 23:05:07.752,solana,2561.29,2508.71,12.284906083132158,1.0,0,0
eecd25,paypal,6,full-mesh,diablo,hop,8,16,10,4,0,59990,0,0,200.0,0.0,0.0,0.0,2025-07-04 15:43:41.294,solana,274.13,274.89,27.20234123966704,1.0,0,0
eecd25,paypal,2,full-mesh,diablo,hop,8,16,10,4,0,59990,0,0,200.0,0.0,0.0,0.0,2025-07-04 14:58:48.577,solana,274.13,274.89,24.28625516754648,1.0,0,0
eecd25,paypal,5,full-mesh,diablo,hop,8,16,10,4,0,59990,0,0,200.0,0.0,0.0,0.0,2025-07-04 15:32:36.376,solana,274.13,274.89,21.134823947111737,1.0,0,0
eecd25,paypal,3,full-mesh,diablo,hop,8,16,10,4,0,59990,0,0,200.0,0.0,0.0,0.0,2025-07-04 15:10:04.523,solana,274.13,274.89,25.723452083575662,1.0,0,0
eecd25,paypal,10,full-mesh,diablo,hop,8,16,10,4,0,59990,0,0,200.0,0.0,0.0,0.0,2025-07-04 16:28:34.745,solana,274.13,274.89,18.641961840943043,1.0,0,0
eecd25,paypal,1,full-mesh,diablo,hop,8,16,10,4,0,59990,0,0,200.0,0.0,0.0,0.0,2025-07-04 14:47:43.948,solana,274.13,274.89,21.21215526639651,1.0,0,0
eecd25,paypal,7,full-mesh,diablo,hop,8,16,10,4,0,59990,0,0,200.0,0.0,0.0,0.0,2025-07-04 15:54:57.768,solana,274.13,274.89,19.37015217655273,1.0,0,0
eecd25,paypal,4,full-mesh,diablo,hop,8,16,10,4,0,59990,0,0,200.0,0.0,0.0,0.0,2025-07-04 15:21:20.525,solana,274.13,274.89,17.493033824014102,1.0,0,0
eecd25,paypal,9,full-mesh,diablo,hop,8,16,10,4,0,59990,0,0,200.0,0.0,0.0,0.0,2025-07-04 16:17:30.193,solana,274.13,274.89,24.192316666350592,1.0,0,0
eecd25,paypal,8,full-mesh,diablo,hop,8,16,10,4,0,59990,0,0,200.0,0.0,0.0,0.0,2025-07-04 16:06:14.190,solana,274.13,274.89,26.59052140779837,1.0,0,0
d0cd7a,10000,6,full-mesh,diablo,hop,8,16,10,4,0,1199990,0,0,9999.9,0.0,0.0,0.0,2025-07-04 19:40:30.757,solana,1488.02,1480.75,10.566780477710054,1.0,0,0
d0cd7a,10000,2,full-mesh,diablo,hop,8,16,10,4,0,1199990,0,0,9999.9,0.0,0.0,0.0,2025-07-04 18:47:00.262,solana,1488.02,1480.75,10.234832314814605,1.0,0,0
d0cd7a,10000,5,full-mesh,diablo,hop,8,16,10,4,0,1199990,0,0,9999.9,0.0,0.0,0.0,2025-07-04 19:27:04.080,solana,1488.02,1480.75,11.421324859343471,1.0,0,0
d0cd7a,10000,3,full-mesh,diablo,hop,8,16,10,4,0,1199990,0,0,9999.9,0.0,0.0,0.0,2025-07-04 19:00:17.510,solana,1488.02,1480.75,9.27321687735876,1.0,0,0
d0cd7a,10000,10,full-mesh,diablo,hop,8,16,10,4,0,1199990,0,0,9999.9,0.0,0.0,0.0,2025-07-04 20:33:49.106,solana,1488.02,1480.75,12.335304198108021,1.0,0,0
d0cd7a,10000,1,full-mesh,diablo,hop,8,16,10,4,0,1199990,0,0,9999.9,0.0,0.0,0.0,2025-07-04 18:33:41.704,solana,1488.02,1480.75,9.201722916081644,1.0,0,0
d0cd7a,10000,7,full-mesh,diablo,hop,8,16,10,4,0,1199990,0,0,9999.9,0.0,0.0,0.0,2025-07-04 19:53:46.912,solana,1488.02,1480.75,9.042199995247376,1.0,0,0
d0cd7a,10000,4,full-mesh,diablo,hop,8,16,10,4,0,1199990,0,0,9999.9,0.0,0.0,0.0,2025-07-04 19:13:34.427,solana,1488.02,1480.75,11.630590133989497,1.0,0,0
d0cd7a,10000,9,full-mesh,diablo,hop,8,16,10,4,0,1199990,0,0,9999.9,0.0,0.0,0.0,2025-07-04 20:20:32.417,solana,1488.02,1480.75,9.439618738065219,1.0,0,0
d0cd7a,10000,8,full-mesh,diablo,hop,8,16,10,4,0,1199990,0,0,9999.9,0.0,0.0,0.0,2025-07-04 20:07:15.015,solana,1488.02,1480.75,8.899957255189836,1.0,0,0
2d2f2c,visa,1,hypercube,diablo,hop,8,16,10,4,0,540000,0,0,1800.0,0.0,0.0,0.0,2024-05-27 05:23:45.889,solana,46.28,45.84,21.47641181295391,1.0,0,0
8177f3,paypal,1,hypercube,diablo,hop,8,16,10,4,0,59990,0,0,200.0,0.0,0.0,0.0,2024-05-27 04:58:05.173,solana,14.95,14.82,21.717840055244125,1.0,0,0
1d8b80,gafam,1,hypercube,diablo,hop,8,16,10,4,0,30320,530,0,167.7,2.9,76.58,71.62,2024-05-27 05:13:04.311,solana,54.86,54.55,15.331684969280756,1.0,0,0
b2ebfb,dota,1,hypercube,diablo,hop,8,16,10,4,0,3678700,0,0,13326.1,0.0,0.0,0.0,2024-05-27 06:14:58.667,solana,134.78,130.11,22.655033897652384,1.0,0,0
c17c0a,10000,1,hypercube,diablo,hop,8,16,10,4,0,1199990,0,0,9999.9,0.0,0.0,0.0,2024-05-27 05:35:50.088,solana,171.64,169.88,9.034084196770118,1.0,0,0
fdadfd,football,1,hypercube,diablo,hop,8,16,10,4,0,4056130,0,0,40159.5,0.0,0.0,0.0,2024-05-27 05:55:57.504,solana,295.5,287.33,9.634862963421524,1.0,0,0
437a03,visa,2,hypercube,diablo,hop,8,16,10,4,0,540000,0,0,1800.0,0.0,0.0,0.0,2024-06-13 12:15:32.986,solana,85.41,85.72,24.976622012695387,1.0,0,0
437a03,visa,1,hypercube,diablo,hop,8,16,10,4,0,540000,0,0,1800.0,0.0,0.0,0.0,2024-06-13 12:03:51.672,solana,85.41,85.72,21.932719294517618,1.0,0,0
caa098,10000,2,hypercube,diablo,hop,8,16,10,4,0,1199990,0,0,9999.9,0.0,0.0,0.0,2024-06-13 12:41:09.351,solana,316.08,315.42,8.633238654053375,1.0,0,0
caa098,10000,1,hypercube,diablo,hop,8,16,10,4,0,1199990,0,0,9999.9,0.0,0.0,0.0,2024-06-13 12:27:28.442,solana,316.08,315.42,9.992143595545382,1.0,0,0
13a04e,dota,2,hypercube,diablo,hop,8,16,10,4,0,3678700,0,0,13328.6,0.0,0.0,0.0,2024-06-13 13:58:26.667,solana,251.3,244.7,25.60211331405549,1.0,0,0
13a04e,dota,1,hypercube,diablo,hop,8,16,10,4,0,3678700,0,0,13328.6,0.0,0.0,0.0,2024-06-13 13:39:15.324,solana,251.3,244.7,15.780287953272307,1.0,0,0
788e33,gafam,2,hypercube,diablo,hop,8,16,10,4,0,30320,871,0,167.7,4.8,95.8,78.13,2024-06-13 11:53:19.916,solana,94.58,95.19,16.39482268919114,1.0,0,0
788e33,gafam,1,hypercube,diablo,hop,8,16,10,4,0,30320,810,0,167.7,4.5,97.64,79.31,2024-06-13 11:39:43.077,solana,94.58,95.19,13.086036169541579,1.0,0,0
11c62d,football,2,hypercube,diablo,hop,8,16,10,4,0,4056130,0,0,40159.4,0.0,0.0,0.0,2024-06-13 13:20:17.558,solana,534.82,526.2,9.255135608451988,1.0,0,0
11c62d,football,1,hypercube,diablo,hop,8,16,10,4,0,4056130,0,0,40159.6,0.0,0.0,0.0,2024-06-13 13:01:15.132,solana,534.82,526.2,10.50266655748446,1.0,0,0
bae01c,paypal,2,hypercube,diablo,hop,8,16,10,4,0,59990,0,0,200.0,0.0,0.0,0.0,2024-06-13 11:24:52.227,solana,21.2,21.12,23.3025475610983,1.0,0,0
bae01c,paypal,1,hypercube,diablo,hop,8,16,10,4,0,59990,0,0,200.0,0.0,0.0,0.0,2024-06-13 11:13:17.991,solana,21.2,21.12,25.9433971922869,1.0,0,0
1b85be,gafam,2,hypercube,diablo,hop,8,16,10,4,0,30320,879,0,167.7,4.9,107.49,100.97,2025-07-09 21:03:02.782,solana,244.6,243.04,16.364472280487313,1.0,0,0
1b85be,gafam,8,hypercube,diablo,hop,8,16,10,4,0,30320,365,0,167.7,2.0,72.86,71.57,2025-07-09 22:25:13.014,solana,244.6,243.04,15.174417838897108,1.0,0,0
1b85be,gafam,5,hypercube,diablo,hop,8,16,10,4,0,30320,822,0,167.7,4.5,105.4,95.65,2025-07-09 21:44:07.141,solana,244.6,243.04,12.564957153409466,1.0,0,0
1b85be,gafam,1,hypercube,diablo,hop,8,16,10,4,0,30320,782,0,167.7,4.3,93.43,76.98,2025-07-09 20:49:44.545,solana,244.6,243.04,17.351450037140093,1.0,0,0
1b85be,gafam,6,hypercube,diablo,hop,8,16,10,4,0,30320,1095,0,167.7,6.1,105.89,101.93,2025-07-09 21:57:14.750,solana,244.6,243.04,14.196678135943449,1.0,0,0
1b85be,gafam,7,hypercube,diablo,hop,8,16,10,4,0,30320,734,0,167.7,4.1,105.94,94.92,2025-07-09 22:11:29.420,solana,244.6,243.04,16.633885606434177,1.0,0,0
1b85be,gafam,10,hypercube,diablo,hop,8,16,10,4,0,30320,518,0,167.7,2.9,78.26,70.5,2025-07-09 22:52:06.733,solana,244.6,243.04,13.850943352009528,1.0,0,0
1b85be,gafam,4,hypercube,diablo,hop,8,16,10,4,0,30320,225,0,167.7,1.2,82.37,81.71,2025-07-09 21:30:27.219,solana,244.6,243.04,9.436117856948115,1.0,0,0
1b85be,gafam,3,hypercube,diablo,hop,8,16,10,4,0,30320,881,0,167.7,4.9,110.69,102.88,2025-07-09 21:16:58.673,solana,244.6,243.04,15.884352745513985,1.0,0,0
1b85be,gafam,9,hypercube,diablo,hop,8,16,10,4,0,30320,982,0,167.7,5.4,102.52,89.62,2025-07-09 22:38:03.326,solana,244.6,243.04,12.035191225751502,1.0,0,0
c840db,10000,2,hypercube,diablo,hop,8,16,10,4,0,1199990,0,0,9999.9,0.0,0.0,0.0,2025-07-10 03:08:26.069,solana,1669.76,1655.69,11.789709854538469,1.0,0,0
c840db,10000,8,hypercube,diablo,hop,8,16,10,4,0,1199990,0,0,9997.5,0.0,0.0,0.0,2025-07-10 04:31:13.293,solana,1669.76,1655.69,11.064553715799658,1.0,0,0
c840db,10000,5,hypercube,diablo,hop,8,16,10,4,0,1199990,0,0,9999.9,0.0,0.0,0.0,2025-07-10 03:49:43.584,solana,1669.76,1655.69,11.227726592673895,1.0,0,0
c840db,10000,1,hypercube,diablo,hop,8,16,10,4,0,1199990,0,0,9999.9,0.0,0.0,0.0,2025-07-10 02:54:42.852,solana,1669.76,1655.69,9.16587617768503,1.0,0,0
c840db,10000,6,hypercube,diablo,hop,8,16,10,4,0,1199990,0,0,9999.9,0.0,0.0,0.0,2025-07-10 04:03:36.594,solana,1669.76,1655.69,9.651082819107943,1.0,0,0
c840db,10000,7,hypercube,diablo,hop,8,16,10,4,0,1199990,0,0,9999.9,0.0,0.0,0.0,2025-07-10 04:17:24.540,solana,1669.76,1655.69,11.212422804704294,1.0,0,0
c840db,10000,10,hypercube,diablo,hop,8,16,10,4,0,1199990,0,0,9993.4,0.0,0.0,0.0,2025-07-10 04:58:35.244,solana,1669.76,1655.69,9.937666363208233,1.0,0,0
c840db,10000,4,hypercube,diablo,hop,8,16,10,4,0,1199990,0,0,9999.9,0.0,0.0,0.0,2025-07-10 03:35:53.797,solana,1669.76,1655.69,8.508678745715413,1.0,0,0
c840db,10000,3,hypercube,diablo,hop,8,16,10,4,0,1199990,0,0,9999.9,0.0,0.0,0.0,2025-07-10 03:22:08.080,solana,1669.76,1655.69,12.335411195284545,1.0,0,0
c840db,10000,9,hypercube,diablo,hop,8,16,10,4,0,1199990,0,0,9999.9,0.0,0.0,0.0,2025-07-10 04:44:54.464,solana,1669.76,1655.69,10.064377877400014,1.0,0,0
48edc7,visa,2,hypercube,diablo,hop,8,16,10,4,0,540000,0,0,1800.0,0.0,0.0,0.0,2025-07-10 01:09:59.889,solana,463.5,461.6,22.269571626176933,1.0,0,0
48edc7,visa,8,hypercube,diablo,hop,8,16,10,4,0,540000,0,0,1800.0,0.0,0.0,0.0,2025-07-10 02:19:43.069,solana,463.5,461.6,21.449002817177035,1.0,0,0
48edc7,visa,5,hypercube,diablo,hop,8,16,10,4,0,540000,0,0,1800.0,0.0,0.0,0.0,2025-07-10 01:45:05.013,solana,463.5,461.6,24.805053175805668,1.0,0,0
48edc7,visa,1,hypercube,diablo,hop,8,16,10,4,0,540000,0,0,1800.0,0.0,0.0,0.0,2025-07-10 00:58:25.588,solana,463.5,461.6,19.858169106851665,1.0,0,0
48edc7,visa,6,hypercube,diablo,hop,8,16,10,4,0,540000,0,0,1800.0,0.0,0.0,0.0,2025-07-10 01:56:39.285,solana,463.5,461.6,26.003091824288745,1.0,0,0
48edc7,visa,7,hypercube,diablo,hop,8,16,10,4,0,540000,0,0,1800.0,0.0,0.0,0.0,2025-07-10 02:08:09.941,solana,463.5,461.6,20.24598702326045,1.0,0,0
48edc7,visa,10,hypercube,diablo,hop,8,16,10,4,0,540000,0,0,1800.0,0.0,0.0,0.0,2025-07-10 02:42:51.748,solana,463.5,461.6,22.57437920929976,1.0,0,0
48edc7,visa,4,hypercube,diablo,hop,8,16,10,4,0,540000,0,0,1800.0,0.0,0.0,0.0,2025-07-10 01:33:30.865,solana,463.5,461.6,24.056589426244408,1.0,0,0
48edc7,visa,3,hypercube,diablo,hop,8,16,10,4,0,540000,0,0,1800.0,0.0,0.0,0.0,2025-07-10 01:21:45.232,solana,463.5,461.6,20.408504085442104,1.0,0,0
48edc7,visa,9,hypercube,diablo,hop,8,16,10,4,0,540000,0,0,1800.0,0.0,0.0,0.0,2025-07-10 02:31:18.283,solana,463.5,461.6,20.77661031898314,1.0,0,0
9a5b7b,football,2,hypercube,diablo,hop,8,16,10,4,0,4056130,0,0,40159.5,0.0,0.0,0.0,2025-07-10 05:38:08.080,solana,2834.89,2784.21,9.320778962390728,1.0,0,0
9a5b7b,football,8,hypercube,diablo,hop,8,16,10,4,0,4056130,0,0,40159.5,0.0,0.0,0.0,2025-07-10 07:33:26.043,solana,2834.89,2784.21,9.019135093560472,1.0,0,0
9a5b7b,football,5,hypercube,diablo,hop,8,16,10,4,0,4056130,0,0,40159.5,0.0,0.0,0.0,2025-07-10 06:35:41.780,solana,2834.89,2784.21,7.91371476580582,1.0,0,0
9a5b7b,football,1,hypercube,diablo,hop,8,16,10,4,0,4056130,0,0,40158.9,0.0,0.0,0.0,2025-07-10 05:18:57.695,solana,2834.89,2784.21,9.443821906569463,1.0,0,0
9a5b7b,football,6,hypercube,diablo,hop,8,16,10,4,0,4056130,0,0,40159.4,0.0,0.0,0.0,2025-07-10 06:54:40.888,solana,2834.89,2784.21,10.433949694989792,1.0,0,0
9a5b7b,football,7,hypercube,diablo,hop,8,16,10,4,0,4056130,0,0,40159.5,0.0,0.0,0.0,2025-07-10 07:14:17.730,solana,2834.89,2784.21,8.08507847489758,1.0,0,0
9a5b7b,football,10,hypercube,diablo,hop,8,16,10,4,0,4056130,0,0,40113.1,0.0,0.0,0.0,2025-07-10 08:12:05.668,solana,2834.89,2784.21,7.12491952743495,1.0,0,0
9a5b7b,football,4,hypercube,diablo,hop,8,16,10,4,0,4056130,0,0,40125.9,0.0,0.0,0.0,2025-07-10 06:16:19.131,solana,2834.89,2784.21,9.628665484213476,1.0,0,0
9a5b7b,football,3,hypercube,diablo,hop,8,16,10,4,0,4056130,0,0,40159.4,0.0,0.0,0.0,2025-07-10 05:56:13.900,solana,2834.89,2784.21,9.73788425793362,1.0,0,0
9a5b7b,football,9,hypercube,diablo,hop,8,16,10,4,0,4056130,0,0,40159.5,0.0,0.0,0.0,2025-07-10 07:52:40.433,solana,2834.89,2784.21,9.483602282221588,1.0,0,0
40118f,dota,2,hypercube,diablo,hop,8,16,10,4,0,3678700,0,0,13328.6,0.0,0.0,0.0,2025-07-10 08:49:08.493,solana,1333.74,1295.79,23.778224073543292,1.0,0,0
40118f,dota,8,hypercube,diablo,hop,8,16,10,4,0,3678700,0,0,13328.6,0.0,0.0,0.0,2025-07-10 10:45:00.910,solana,1333.74,1295.79,20.87590139847236,1.0,0,0
40118f,dota,5,hypercube,diablo,hop,8,16,10,4,0,3678700,0,0,13328.6,0.0,0.0,0.0,2025-07-10 09:47:35.898,solana,1333.74,1295.79,23.167267533380627,1.0,0,0
40118f,dota,1,hypercube,diablo,hop,8,16,10,4,0,3678700,0,0,13326.7,0.0,0.0,0.0,2025-07-10 08:30:53.118,solana,1333.74,1295.79,18.63198116099157,1.0,0,0
40118f,dota,6,hypercube,diablo,hop,8,16,10,4,0,3678700,0,0,13328.6,0.0,0.0,0.0,2025-07-10 10:06:56.186,solana,1333.74,1295.79,22.612401699166128,1.0,0,0
40118f,dota,7,hypercube,diablo,hop,8,16,10,4,0,3678700,0,0,13328.6,0.0,0.0,0.0,2025-07-10 10:24:48.696,solana,1333.74,1295.79,19.569999960041933,1.0,0,0
40118f,dota,10,hypercube,diablo,hop,8,16,10,4,0,3678700,0,0,13328.6,0.0,0.0,0.0,2025-07-10 11:23:30.755,solana,1333.74,1295.79,15.343552823600609,1.0,0,0
40118f,dota,4,hypercube,diablo,hop,8,16,10,4,0,3678700,0,0,13320.9,0.0,0.0,0.0,2025-07-10 09:28:36.443,solana,1333.74,1295.79,15.15814499793987,1.0,0,0
40118f,dota,3,hypercube,diablo,hop,8,16,10,4,0,3678700,0,0,13328.6,0.0,0.0,0.0,2025-07-10 09:09:30.255,solana,1333.74,1295.79,19.990856806448658,1.0,0,0
40118f,dota,9,hypercube,diablo,hop,8,16,10,4,0,3678700,0,0,13328.6,0.0,0.0,0.0,2025-07-10 11:04:12.714,solana,1333.74,1295.79,22.619630418876262,1.0,0,0
9293fe,paypal,2,hypercube,diablo,hop,8,16,10,4,0,59990,0,0,200.0,0.0,0.0,0.0,2025-07-09 23:14:10.702,solana,310.47,309.73,24.335529402679704,1.0,0,0
9293fe,paypal,8,hypercube,diablo,hop,8,16,10,4,0,59990,0,0,200.0,0.0,0.0,0.0,2025-07-10 00:23:38.731,solana,310.47,309.73,26.085805862200473,1.0,0,0
9293fe,paypal,5,hypercube,diablo,hop,8,16,10,4,0,59990,0,0,200.0,0.0,0.0,0.0,2025-07-09 23:48:47.374,solana,310.47,309.73,20.552150194084835,1.0,0,0
9293fe,paypal,1,hypercube,diablo,hop,8,16,10,4,0,59990,0,0,200.0,0.0,0.0,0.0,2025-07-09 23:02:29.231,solana,310.47,309.73,20.80733796346816,1.0,0,0
9293fe,paypal,6,hypercube,diablo,hop,8,16,10,4,0,59990,0,0,200.0,0.0,0.0,0.0,2025-07-10 00:00:17.558,solana,310.47,309.73,18.755588966245824,1.0,0,0
9293fe,paypal,7,hypercube,diablo,hop,8,16,10,4,0,59990,45700,0,200.0,152.4,72.28,72.16,2025-07-10 00:11:57.589,solana,310.47,309.73,22.84077874599845,1.0,0,0
9293fe,paypal,10,hypercube,diablo,hop,8,16,10,4,0,59990,0,0,200.0,0.0,0.0,0.0,2025-07-10 00:46:48.893,solana,310.47,309.73,23.78371545540483,1.0,0,0
9293fe,paypal,4,hypercube,diablo,hop,8,16,10,4,0,59990,0,0,200.0,0.0,0.0,0.0,2025-07-09 23:37:18.111,solana,310.47,309.73,24.453868972598688,1.0,0,0
9293fe,paypal,3,hypercube,diablo,hop,8,16,10,4,0,59990,0,0,200.0,0.0,0.0,0.0,2025-07-09 23:25:48.538,solana,310.47,309.73,22.721216914997562,1.0,0,0
9293fe,paypal,9,hypercube,diablo,hop,8,16,10,4,0,59990,0,0,200.0,0.0,0.0,0.0,2025-07-10 00:35:19.383,solana,310.47,309.73,22.228698352899475,1.0,0,0
520fee,visa,1,scale-free-l,diablo,hop,8,16,10,4,0,540000,0,0,1800.0,0.0,0.0,0.0,2024-05-28 04:39:56.843,solana,50.12,50.28,21.316042808638528,1.0,0,0
b7a223,10000,1,scale-free-l,diablo,hop,8,16,10,4,0,1199990,0,0,9999.9,0.0,0.0,0.0,2024-05-28 04:52:29.782,solana,191.07,190.83,9.400021235211895,1.0,0,0
527d33,dota,1,scale-free-l,diablo,hop,8,16,10,4,0,3678700,0,0,13328.6,0.0,0.0,0.0,2024-05-28 05:32:02.694,solana,159.18,157.95,15.91164068998996,1.0,0,0
435dd4,gafam,1,scale-free-l,diablo,hop,8,16,10,4,0,30320,703,0,167.7,3.9,109.98,97.65,2024-05-28 04:29:06.768,solana,63.74,63.93,13.670622823818787,1.0,0,0
72c7ec,football,1,scale-free-l,diablo,hop,8,16,10,4,0,4056130,0,0,40159.6,0.0,0.0,0.0,2024-05-28 05:13:49.299,solana,329.0,325.96,10.376597792674911,1.0,0,0
764de6,paypal,1,scale-free-l,diablo,hop,8,16,10,4,0,59990,0,0,200.0,0.0,0.0,0.0,2024-05-28 04:13:15.692,solana,16.87,16.84,23.450501224101195,1.0,0,0
085ec1,gafam,1,scale-free-l,diablo,hop,8,16,10,4,0,30320,1424,0,167.7,7.9,116.21,105.62,2024-06-09 11:38:01.151,solana,109.33,109.41,12.855556115372286,1.0,0,0
085ec1,gafam,2,scale-free-l,diablo,hop,8,16,10,4,0,30320,900,0,167.7,5.0,97.4,78.34,2024-06-09 11:53:16.174,solana,109.33,109.41,15.88790349572448,1.0,0,0
0308a1,10000,1,scale-free-l,diablo,hop,8,16,10,4,0,1199990,0,0,9999.9,0.0,0.0,0.0,2024-06-09 12:28:44.966,solana,385.3,382.75,11.171665947740934,1.0,0,0
0308a1,10000,2,scale-free-l,diablo,hop,8,16,10,4,0,1199990,0,0,9993.2,0.0,0.0,0.0,2024-06-09 12:43:00.062,solana,385.3,382.75,12.205501186856683,1.0,0,0
3aeb33,paypal,1,scale-free-l,diablo,hop,8,16,10,4,0,59990,0,0,200.0,0.0,0.0,0.0,2024-06-09 11:11:05.649,solana,25.29,25.24,20.17288213996134,1.0,0,0
3aeb33,paypal,2,scale-free-l,diablo,hop,8,16,10,4,0,59990,0,0,200.0,0.0,0.0,0.0,2024-06-09 11:23:18.243,solana,25.29,25.24,20.037917424272532,1.0,0,0
4fab16,dota,1,scale-free-l,diablo,hop,8,16,10,4,0,3678700,0,0,13327.0,0.0,0.0,0.0,2024-06-09 13:43:58.037,solana,302.85,296.34,24.34883682208404,1.0,0,0
4fab16,dota,2,scale-free-l,diablo,hop,8,16,10,4,0,3678700,0,0,13328.6,0.0,0.0,0.0,2024-06-09 14:03:10.402,solana,302.85,296.34,19.811235265352547,1.0,0,0
92937d,visa,1,scale-free-l,diablo,hop,8,16,10,4,0,540000,0,0,1800.0,0.0,0.0,0.0,2024-06-09 12:04:03.556,solana,107.13,106.62,23.252478288021766,1.0,0,0
92937d,visa,2,scale-free-l,diablo,hop,8,16,10,4,0,540000,0,0,1800.0,0.0,0.0,0.0,2024-06-09 12:16:14.639,solana,107.13,106.62,21.280248200954514,1.0,0,0
2f0744,football,1,scale-free-l,diablo,hop,8,16,10,4,0,4056130,0,0,40105.5,0.0,0.0,0.0,2024-06-09 13:04:24.482,solana,646.71,637.27,8.380779165746405,1.0,0,0
2f0744,football,2,scale-free-l,diablo,hop,8,16,10,4,0,4056130,0,0,40159.4,0.0,0.0,0.0,2024-06-09 13:23:59.733,solana,646.71,637.27,8.063399321982134,1.0,0,0
db9d9e,gafam,2,scale-free-l,diablo,hop,8,16,10,4,0,30320,426,0,167.7,2.4,123.16,116.1,2025-07-05 19:02:50.369,solana,287.91,288.19,18.195701718635064,1.0,0,0
db9d9e,gafam,8,scale-free-l,diablo,hop,8,16,10,4,0,30320,590,0,167.7,3.3,107.21,93.49,2025-07-05 20:28:51.771,solana,287.91,288.19,12.527559964748793,1.0,0,0
db9d9e,gafam,5,scale-free-l,diablo,hop,8,16,10,4,0,30320,509,0,167.7,2.8,107.42,95.64,2025-07-05 19:45:41.141,solana,287.91,288.19,12.589309131433176,1.0,0,0
db9d9e,gafam,1,scale-free-l,diablo,hop,8,16,10,4,0,30320,480,0,167.7,2.7,97.92,91.0,2025-07-05 18:48:34.851,solana,287.91,288.19,16.168361523852703,1.0,0,0
db9d9e,gafam,6,scale-free-l,diablo,hop,8,16,10,4,0,30320,0,0,167.7,0.0,0.0,0.0,2025-07-05 20:00:21.645,solana,287.91,288.19,15.165678041210398,1.0,0,0
db9d9e,gafam,7,scale-free-l,diablo,hop,8,16,10,4,0,30320,258,0,167.7,1.4,89.06,84.25,2025-07-05 20:14:52.914,solana,287.91,288.19,19.171135031298583,1.0,0,0
db9d9e,gafam,10,scale-free-l,diablo,hop,8,16,10,4,0,30320,353,0,167.7,2.0,130.56,139.65,2025-07-05 20:58:12.953,solana,287.91,288.19,13.85396152428277,1.0,0,0
db9d9e,gafam,4,scale-free-l,diablo,hop,8,16,10,4,0,30320,669,0,167.7,3.7,107.61,90.6,2025-07-05 19:31:31.761,solana,287.91,288.19,11.343926534825716,1.0,0,0
db9d9e,gafam,3,scale-free-l,diablo,hop,8,16,10,4,0,30320,616,0,167.7,3.4,125.19,121.74,2025-07-05 19:17:29.462,solana,287.91,288.19,15.15180249662332,1.0,0,0
db9d9e,gafam,9,scale-free-l,diablo,hop,8,16,10,4,0,30320,463,0,167.7,2.6,106.93,96.29,2025-07-05 20:43:40.739,solana,287.91,288.19,14.158498705005446,1.0,0,0
90693b,10000,2,scale-free-l,diablo,hop,8,16,10,4,0,1199990,0,0,9999.9,0.0,0.0,0.0,2025-07-06 01:29:53.506,solana,1899.62,1890.69,10.447322698794078,1.0,0,0
90693b,10000,8,scale-free-l,diablo,hop,8,16,10,4,0,1199990,0,0,9999.9,0.0,0.0,0.0,2025-07-06 02:56:55.533,solana,1899.62,1890.69,11.115092239931004,1.0,0,0
90693b,10000,5,scale-free-l,diablo,hop,8,16,10,4,0,1199990,0,0,9999.5,0.0,0.0,0.0,2025-07-06 02:13:18.980,solana,1899.62,1890.69,8.856648865737716,1.0,0,0
90693b,10000,1,scale-free-l,diablo,hop,8,16,10,4,0,1199990,0,0,9999.9,0.0,0.0,0.0,2025-07-06 01:15:28.289,solana,1899.62,1890.69,10.224038084292008,1.0,0,0
90693b,10000,6,scale-free-l,diablo,hop,8,16,10,4,0,1199990,0,0,9999.9,0.0,0.0,0.0,2025-07-06 02:27:51.736,solana,1899.62,1890.69,9.086985390226836,1.0,0,0
90693b,10000,7,scale-free-l,diablo,hop,8,16,10,4,0,1199990,0,0,9999.9,0.0,0.0,0.0,2025-07-06 02:42:30.326,solana,1899.62,1890.69,9.743288601295243,1.0,0,0
90693b,10000,10,scale-free-l,diablo,hop,8,16,10,4,0,1199990,0,0,9997.7,0.0,0.0,0.0,2025-07-06 03:26:12.460,solana,1899.62,1890.69,10.925334674881238,1.0,0,0
90693b,10000,4,scale-free-l,diablo,hop,8,16,10,4,0,1199990,0,0,9999.9,0.0,0.0,0.0,2025-07-06 01:58:53.516,solana,1899.62,1890.69,11.504588174926333,1.0,0,0
90693b,10000,3,scale-free-l,diablo,hop,8,16,10,4,0,1199990,0,0,9999.9,0.0,0.0,0.0,2025-07-06 01:44:27.307,solana,1899.62,1890.69,11.704964764606505,1.0,0,0
90693b,10000,9,scale-free-l,diablo,hop,8,16,10,4,0,1199990,0,0,9999.9,0.0,0.0,0.0,2025-07-06 03:11:34.402,solana,1899.62,1890.69,10.892732342292998,1.0,0,0
37cf20,visa,2,scale-free-l,diablo,hop,8,16,10,4,0,540000,0,0,1800.0,0.0,0.0,0.0,2025-07-05 23:24:02.047,solana,527.5,526.52,23.33065766892264,1.0,0,0
37cf20,visa,8,scale-free-l,diablo,hop,8,16,10,4,0,540000,0,0,1800.0,0.0,0.0,0.0,2025-07-06 00:38:05.507,solana,527.5,526.52,22.501986843931302,1.0,0,0
37cf20,visa,5,scale-free-l,diablo,hop,8,16,10,4,0,540000,0,0,1800.0,0.0,0.0,0.0,2025-07-06 00:01:09.828,solana,527.5,526.52,25.42035417916182,1.0,0,0
37cf20,visa,1,scale-free-l,diablo,hop,8,16,10,4,0,540000,0,0,1800.0,0.0,0.0,0.0,2025-07-05 23:11:42.756,solana,527.5,526.52,22.956723017833255,1.0,0,0
37cf20,visa,6,scale-free-l,diablo,hop,8,16,10,4,0,540000,0,0,1800.0,0.0,0.0,0.0,2025-07-06 00:13:35.656,solana,527.5,526.52,20.220454077541575,1.0,0,0
37cf20,visa,7,scale-free-l,diablo,hop,8,16,10,4,0,540000,0,0,1800.0,0.0,0.0,0.0,2025-07-06 00:25:50.278,solana,527.5,526.52,22.42809022472919,1.0,0,0
37cf20,visa,10,scale-free-l,diablo,hop,8,16,10,4,0,540000,0,0,1800.0,0.0,0.0,0.0,2025-07-06 01:02:56.408,solana,527.5,526.52,21.315818409577794,1.0,0,0
37cf20,visa,4,scale-free-l,diablo,hop,8,16,10,4,0,540000,0,0,1800.0,0.0,0.0,0.0,2025-07-05 23:48:36.749,solana,527.5,526.52,20.41653472542282,1.0,0,0
37cf20,visa,3,scale-free-l,diablo,hop,8,16,10,4,0,540000,0,0,1800.0,0.0,0.0,0.0,2025-07-05 23:36:16.771,solana,527.5,526.52,23.683298886313978,1.0,0,0
37cf20,visa,9,scale-free-l,diablo,hop,8,16,10,4,0,540000,0,0,1800.0,0.0,0.0,0.0,2025-07-06 00:50:35.939,solana,527.5,526.52,22.230445830549744,1.0,0,0
230230,football,2,scale-free-l,diablo,hop,8,16,10,4,0,4056130,0,0,40159.5,0.0,0.0,0.0,2025-07-06 04:08:40.189,solana,3180.7,3126.23,6.865469516338411,1.0,0,0
230230,football,8,scale-free-l,diablo,hop,8,16,10,4,0,4056130,0,0,40097.0,0.0,0.0,0.0,2025-07-06 06:07:54.961,solana,3180.7,3126.23,9.3344353651758,1.0,0,0
230230,football,5,scale-free-l,diablo,hop,8,16,10,4,0,4056130,0,0,40159.5,0.0,0.0,0.0,2025-07-06 05:08:18.844,solana,3180.7,3126.23,9.025264411282956,1.0,0,0
230230,football,1,scale-free-l,diablo,hop,8,16,10,4,0,4056130,0,0,40159.4,0.0,0.0,0.0,2025-07-06 03:48:08.809,solana,3180.7,3126.23,9.146477016541873,1.0,0,0
230230,football,6,scale-free-l,diablo,hop,8,16,10,4,0,4056130,0,0,40031.8,0.0,0.0,0.0,2025-07-06 05:28:21.075,solana,3180.7,3126.23,10.431663519983317,1.0,0,0
230230,football,7,scale-free-l,diablo,hop,8,16,10,4,0,4056130,8,0,28063.5,0.1,124.41,124.64,2025-07-06 05:47:53.125,solana,3180.7,3126.23,10.31711523279657,1.0,0,0
230230,football,10,scale-free-l,diablo,hop,8,16,10,4,0,4056130,0,0,40159.5,0.0,0.0,0.0,2025-07-06 06:47:36.566,solana,3180.7,3126.23,9.691669959796084,1.0,0,0
230230,football,4,scale-free-l,diablo,hop,8,16,10,4,0,4056130,0,0,40159.5,0.0,0.0,0.0,2025-07-06 04:48:19.654,solana,3180.7,3126.23,8.522976908576748,1.0,0,0
230230,football,3,scale-free-l,diablo,hop,8,16,10,4,0,4056130,0,0,40076.3,0.0,0.0,0.0,2025-07-06 04:28:14.155,solana,3180.7,3126.23,8.294406408165983,1.0,0,0
230230,football,9,scale-free-l,diablo,hop,8,16,10,4,0,4056130,0,0,40159.5,0.0,0.0,0.0,2025-07-06 06:27:38.301,solana,3180.7,3126.23,10.804488460423425,1.0,0,0
49a5dc,dota,2,scale-free-l,diablo,hop,8,16,10,4,0,3678700,0,0,13328.6,0.0,0.0,0.0,2025-07-06 07:27:08.279,solana,1475.86,1444.05,20.616457639714174,1.0,0,0
49a5dc,dota,8,scale-free-l,diablo,hop,8,16,10,4,0,3678700,0,0,13325.4,0.0,0.0,0.0,2025-07-06 09:27:25.104,solana,1475.86,1444.05,23.33146179496838,1.0,0,0
49a5dc,dota,5,scale-free-l,diablo,hop,8,16,10,4,0,3678700,0,0,13328.3,0.0,0.0,0.0,2025-07-06 08:26:41.464,solana,1475.86,1444.05,24.684135673699227,1.0,0,0
49a5dc,dota,1,scale-free-l,diablo,hop,8,16,10,4,0,3678700,0,0,13328.6,0.0,0.0,0.0,2025-07-06 07:07:10.412,solana,1475.86,1444.05,23.083932241785295,1.0,0,0
49a5dc,dota,6,scale-free-l,diablo,hop,8,16,10,4,0,3678700,0,0,13328.6,0.0,0.0,0.0,2025-07-06 08:46:40.355,solana,1475.86,1444.05,22.048775618612726,1.0,0,0
49a5dc,dota,7,scale-free-l,diablo,hop,8,16,10,4,0,3678700,0,0,13328.6,0.0,0.0,0.0,2025-07-06 09:06:45.599,solana,1475.86,1444.05,16.711236088430585,1.0,0,0
49a5dc,dota,10,scale-free-l,diablo,hop,8,16,10,4,0,3678700,0,0,13321.4,0.0,0.0,0.0,2025-07-06 10:06:57.326,solana,1475.86,1444.05,15.332809257429435,1.0,0,0
49a5dc,dota,4,scale-free-l,diablo,hop,8,16,10,4,0,3678700,0,0,13328.6,0.0,0.0,0.0,2025-07-06 08:07:11.700,solana,1475.86,1444.05,19.212754879657485,1.0,0,0
49a5dc,dota,3,scale-free-l,diablo,hop,8,16,10,4,0,3678700,0,0,13328.6,0.0,0.0,0.0,2025-07-06 07:46:56.279,solana,1475.86,1444.05,18.390877481624234,1.0,0,0
49a5dc,dota,9,scale-free-l,diablo,hop,8,16,10,4,0,3678700,0,0,13328.6,0.0,0.0,0.0,2025-07-06 09:46:18.570,solana,1475.86,1444.05,21.900879023943048,1.0,0,0
788882,paypal,2,scale-free-l,diablo,hop,8,16,10,4,0,59990,0,0,200.0,0.0,0.0,0.0,2025-07-05 21:20:22.035,solana,369.29,369.62,25.24959745000308,1.0,0,0
788882,paypal,8,scale-free-l,diablo,hop,8,16,10,4,0,59990,0,0,200.0,0.0,0.0,0.0,2025-07-05 22:34:39.478,solana,369.29,369.62,22.037697898364453,1.0,0,0
788882,paypal,5,scale-free-l,diablo,hop,8,16,10,4,0,59990,0,0,200.0,0.0,0.0,0.0,2025-07-05 21:57:27.466,solana,369.29,369.62,23.153766519106433,1.0,0,0
788882,paypal,1,scale-free-l,diablo,hop,8,16,10,4,0,59990,0,0,200.0,0.0,0.0,0.0,2025-07-05 21:08:06.403,solana,369.29,369.62,22.67999039305219,1.0,0,0
788882,paypal,6,scale-free-l,diablo,hop,8,16,10,4,0,59990,0,0,200.0,0.0,0.0,0.0,2025-07-05 22:09:53.359,solana,369.29,369.62,24.39120240175124,1.0,0,0
788882,paypal,7,scale-free-l,diablo,hop,8,16,10,4,0,59990,0,0,200.0,0.0,0.0,0.0,2025-07-05 22:22:19.319,solana,369.29,369.62,23.616202121387488,1.0,0,0
788882,paypal,10,scale-free-l,diablo,hop,8,16,10,4,0,59990,0,0,200.0,0.0,0.0,0.0,2025-07-05 22:59:20.132,solana,369.29,369.62,19.022766438999064,1.0,0,0
788882,paypal,4,scale-free-l,diablo,hop,8,16,10,4,0,59990,0,0,200.0,0.0,0.0,0.0,2025-07-05 21:45:12.903,solana,369.29,369.62,18.848782435278725,1.0,0,0
788882,paypal,3,scale-free-l,diablo,hop,8,16,10,4,0,59990,0,0,200.0,0.0,0.0,0.0,2025-07-05 21:32:47.553,solana,369.29,369.62,19.936676315271804,1.0,0,0
788882,paypal,9,scale-free-l,diablo,hop,8,16,10,4,0,59990,0,0,200.0,0.0,0.0,0.0,2025-07-05 22:47:05.492,solana,369.29,369.62,20.55616681873702,1.0,0,0
fafe86,10000,1,torus-l,diablo,hop,8,16,10,4,0,1199990,0,0,9999.9,0.0,0.0,0.0,2024-05-22 07:03:53.933,solana,186.21,184.2,10.194449625903179,1.0,0,0
bb5d18,gafam,1,torus-l,diablo,hop,8,16,10,4,0,30320,743,0,167.7,4.1,101.65,92.19,2024-05-22 06:40:38.582,solana,59.07,58.86,12.824358783892851,1.0,0,0
f17535,paypal,1,torus-l,diablo,hop,8,16,10,4,0,59990,45456,0,200.0,151.5,64.37,64.54,2024-05-22 06:25:28.428,solana,13.76,13.72,25.44140016119694,1.0,0,0
21f618,visa,1,torus-l,diablo,hop,8,16,10,4,0,540000,1670,0,1800.0,5.6,118.47,118.37,2024-05-22 06:51:34.152,solana,54.7,54.24,22.586191605630116,1.0,0,0
f6618e,dota,1,torus-l,diablo,hop,8,16,10,4,0,3678700,0,0,13328.6,0.0,0.0,0.0,2024-05-22 07:43:45.581,solana,149.48,146.16,19.277465106859605,1.0,0,0
bcae87,football,1,torus-l,diablo,hop,8,16,10,4,0,4056130,0,0,40159.4,0.0,0.0,0.0,2024-05-22 07:24:14.729,solana,321.65,316.19,9.001114809219905,1.0,0,0
de7543,10000,1,torus-l,diablo,hop,8,16,10,4,0,1199990,0,0,9999.9,0.0,0.0,0.0,2024-06-13 16:18:10.741,solana,349.78,346.46,14.539526666732534,1.0,0,0
de7543,10000,2,torus-l,diablo,hop,8,16,10,4,0,1199990,0,0,9999.9,0.0,0.0,0.0,2024-06-13 16:32:29.532,solana,349.78,346.46,7.792485053163099,1.0,0,0
e9233a,gafam,1,torus-l,diablo,hop,8,16,10,4,0,30320,1246,0,167.7,6.9,96.43,90.0,2024-06-13 15:28:21.333,solana,106.68,106.47,7.726122627607942,1.0,0,0
e9233a,gafam,2,torus-l,diablo,hop,8,16,10,4,0,30320,855,0,167.7,4.7,88.64,78.71,2024-06-13 15:42:31.193,solana,106.68,106.47,11.08286294965291,1.0,0,0
a43d7b,paypal,1,torus-l,diablo,hop,8,16,10,4,0,59990,0,0,200.0,0.0,0.0,0.0,2024-06-13 15:00:59.754,solana,24.18,24.16,27.76882973795377,1.0,0,0
a43d7b,paypal,2,torus-l,diablo,hop,8,16,10,4,0,59990,0,0,200.0,0.0,0.0,0.0,2024-06-13 15:13:07.636,solana,24.18,24.16,30.66411830557756,1.0,0,0
96c193,visa,1,torus-l,diablo,hop,8,16,10,4,0,540000,0,0,1800.0,0.0,0.0,0.0,2024-06-13 15:53:33.398,solana,97.18,96.93,23.915346736812214,1.0,0,0
96c193,visa,2,torus-l,diablo,hop,8,16,10,4,0,540000,0,0,1800.0,0.0,0.0,0.0,2024-06-13 16:05:43.566,solana,97.18,96.93,26.67832570945411,1.0,0,0
b5355b,dota,1,torus-l,diablo,hop,8,16,10,4,0,3678700,0,0,13328.6,0.0,0.0,0.0,2024-06-13 17:32:06.803,solana,280.23,273.1,16.53624302181447,1.0,0,0
b5355b,dota,2,torus-l,diablo,hop,8,16,10,4,0,3678700,0,0,13328.6,0.0,0.0,0.0,2024-06-13 17:51:56.977,solana,280.23,273.1,22.010367940430147,1.0,0,0
eaa7da,football,1,torus-l,diablo,hop,8,16,10,4,0,4056130,0,0,40159.4,0.0,0.0,0.0,2024-06-13 16:53:06.580,solana,594.91,581.88,7.996299508143472,1.0,0,0
eaa7da,football,2,torus-l,diablo,hop,8,16,10,4,0,4056130,0,0,40088.2,0.0,0.0,0.0,2024-06-13 17:12:47.923,solana,594.91,581.88,10.863789310211427,1.0,0,0
6a10a8,gafam,5,torus-l,diablo,hop,8,16,10,4,0,30320,696,0,167.7,3.8,95.8,78.61,2025-07-07 02:48:56.859,solana,275.94,275.7,12.978123334677196,1.0,0,0
6a10a8,gafam,2,torus-l,diablo,hop,8,16,10,4,0,30320,864,0,167.7,4.8,99.72,85.63,2025-07-07 02:07:07.686,solana,275.94,275.7,14.332509171636936,1.0,0,0
6a10a8,gafam,1,torus-l,diablo,hop,8,16,10,4,0,30320,934,0,167.7,5.2,95.83,77.59,2025-07-07 01:53:11.421,solana,275.94,275.7,13.127806219748196,1.0,0,0
6a10a8,gafam,9,torus-l,diablo,hop,8,16,10,4,0,30320,788,0,167.7,4.4,93.25,76.17,2025-07-07 03:44:54.383,solana,275.94,275.7,14.262344072674518,1.0,0,0
6a10a8,gafam,7,torus-l,diablo,hop,8,16,10,4,0,30320,963,0,167.7,5.3,97.79,81.6,2025-07-07 03:16:46.807,solana,275.94,275.7,15.805203696288045,1.0,0,0
6a10a8,gafam,6,torus-l,diablo,hop,8,16,10,4,0,30320,1022,0,167.7,5.7,96.52,82.27,2025-07-07 03:02:40.661,solana,275.94,275.7,14.363721824395046,1.0,0,0
6a10a8,gafam,3,torus-l,diablo,hop,8,16,10,4,0,30320,916,0,167.7,5.1,90.7,73.69,2025-07-07 02:21:02.119,solana,275.94,275.7,14.939786708174747,1.0,0,0
6a10a8,gafam,10,torus-l,diablo,hop,8,16,10,4,0,30320,884,0,167.7,4.9,100.54,87.26,2025-07-07 03:59:03.027,solana,275.94,275.7,15.030052075445521,1.0,0,0
6a10a8,gafam,4,torus-l,diablo,hop,8,16,10,4,0,30320,883,0,167.7,4.9,99.2,87.84,2025-07-07 02:35:18.219,solana,275.94,275.7,15.72226150739751,1.0,0,0
6a10a8,gafam,8,torus-l,diablo,hop,8,16,10,4,0,30320,771,0,167.7,4.3,96.6,82.16,2025-07-07 03:30:56.515,solana,275.94,275.7,14.197617201276191,1.0,0,0
fcd5b9,visa,5,torus-l,diablo,hop,8,16,10,4,0,540000,0,0,1800.0,0.0,0.0,0.0,2025-07-07 06:59:09.975,solana,513.32,512.03,21.837631757757574,1.0,0,0
fcd5b9,visa,2,torus-l,diablo,hop,8,16,10,4,0,540000,0,0,1800.0,0.0,0.0,0.0,2025-07-07 06:22:20.057,solana,513.32,512.03,23.871148401638916,1.0,0,0
fcd5b9,visa,1,torus-l,diablo,hop,8,16,10,4,0,540000,0,0,1800.0,0.0,0.0,0.0,2025-07-07 06:10:09.884,solana,513.32,512.03,20.686907918079115,1.0,0,0
fcd5b9,visa,9,torus-l,diablo,hop,8,16,10,4,0,540000,0,0,1800.0,0.0,0.0,0.0,2025-07-07 07:47:33.334,solana,513.32,512.03,22.70479843824441,1.0,0,0
fcd5b9,visa,7,torus-l,diablo,hop,8,16,10,4,0,540000,0,0,1800.0,0.0,0.0,0.0,2025-07-07 07:23:08.779,solana,513.32,512.03,21.19014585959155,1.0,0,0
fcd5b9,visa,6,torus-l,diablo,hop,8,16,10,4,0,540000,0,0,1800.0,0.0,0.0,0.0,2025-07-07 07:11:09.661,solana,513.32,512.03,24.623443106433687,1.0,0,0
fcd5b9,visa,3,torus-l,diablo,hop,8,16,10,4,0,540000,0,0,1800.0,0.0,0.0,0.0,2025-07-07 06:34:59.135,solana,513.32,512.03,22.661102131224805,1.0,0,0
fcd5b9,visa,10,torus-l,diablo,hop,8,16,10,4,0,540000,0,0,1800.0,0.0,0.0,0.0,2025-07-07 07:59:43.949,solana,513.32,512.03,24.68410472888639,1.0,0,0
fcd5b9,visa,4,torus-l,diablo,hop,8,16,10,4,0,540000,0,0,1800.0,0.0,0.0,0.0,2025-07-07 06:47:11.070,solana,513.32,512.03,21.898248555376686,1.0,0,0
fcd5b9,visa,8,torus-l,diablo,hop,8,16,10,4,0,540000,0,0,1800.0,0.0,0.0,0.0,2025-07-07 07:35:19.242,solana,513.32,512.03,21.50927115250736,1.0,0,0
b7ee31,paypal,5,torus-l,diablo,hop,8,16,10,4,0,59990,0,0,200.0,0.0,0.0,0.0,2025-07-07 04:58:02.161,solana,346.11,346.08,23.60392901252535,1.0,0,0
b7ee31,paypal,2,torus-l,diablo,hop,8,16,10,4,0,59990,0,0,200.0,0.0,0.0,0.0,2025-07-07 04:21:57.003,solana,346.11,346.08,19.88830935870564,1.0,0,0
b7ee31,paypal,1,torus-l,diablo,hop,8,16,10,4,0,59990,0,0,200.0,0.0,0.0,0.0,2025-07-07 04:09:49.159,solana,346.11,346.08,19.47437055414586,1.0,0,0
b7ee31,paypal,9,torus-l,diablo,hop,8,16,10,4,0,59990,0,0,200.0,0.0,0.0,0.0,2025-07-07 05:45:58.603,solana,346.11,346.08,23.2997847194663,1.0,0,0
b7ee31,paypal,7,torus-l,diablo,hop,8,16,10,4,0,59990,0,0,200.0,0.0,0.0,0.0,2025-07-07 05:21:47.277,solana,346.11,346.08,20.150354728610164,1.0,0,0
b7ee31,paypal,6,torus-l,diablo,hop,8,16,10,4,0,59990,0,0,200.0,0.0,0.0,0.0,2025-07-07 05:09:41.659,solana,346.11,346.08,23.22052556418591,1.0,0,0
b7ee31,paypal,3,torus-l,diablo,hop,8,16,10,4,0,59990,0,0,200.0,0.0,0.0,0.0,2025-07-07 04:34:02.784,solana,346.11,346.08,24.5244925617276,1.0,0,0
b7ee31,paypal,10,torus-l,diablo,hop,8,16,10,4,0,59990,0,0,200.0,0.0,0.0,0.0,2025-07-07 05:58:04.413,solana,346.11,346.08,22.318657370277247,1.0,0,0
b7ee31,paypal,4,torus-l,diablo,hop,8,16,10,4,0,59990,0,0,200.0,0.0,0.0,0.0,2025-07-07 04:45:57.004,solana,346.11,346.08,24.909019128865534,1.0,0,0
b7ee31,paypal,8,torus-l,diablo,hop,8,16,10,4,0,59990,0,0,200.0,0.0,0.0,0.0,2025-07-07 05:33:53.172,solana,346.11,346.08,19.16498669281838,1.0,0,0
cd7b55,10000,5,torus-l,diablo,hop,8,16,10,4,0,1199990,0,0,9999.9,0.0,0.0,0.0,2025-07-07 09:08:21.496,solana,1840.82,1832.88,10.14676697809116,1.0,0,0
cd7b55,10000,2,torus-l,diablo,hop,8,16,10,4,0,1199990,0,0,9999.9,0.0,0.0,0.0,2025-07-07 08:26:02.250,solana,1840.82,1832.88,10.364857710170837,1.0,0,0
cd7b55,10000,1,torus-l,diablo,hop,8,16,10,4,0,1199990,0,0,9999.9,0.0,0.0,0.0,2025-07-07 08:11:57.736,solana,1840.82,1832.88,10.492411439047503,1.0,0,0
cd7b55,10000,9,torus-l,diablo,hop,8,16,10,4,0,1199990,0,0,9999.9,0.0,0.0,0.0,2025-07-07 10:05:14.236,solana,1840.82,1832.88,9.478744153712151,1.0,0,0
cd7b55,10000,7,torus-l,diablo,hop,8,16,10,4,0,1199990,0,0,9999.9,0.0,0.0,0.0,2025-07-07 09:36:48.253,solana,1840.82,1832.88,13.312036608498126,1.0,0,0
cd7b55,10000,6,torus-l,diablo,hop,8,16,10,4,0,1199990,0,0,9999.9,0.0,0.0,0.0,2025-07-07 09:22:28.523,solana,1840.82,1832.88,13.015698275155701,1.0,0,0
cd7b55,10000,3,torus-l,diablo,hop,8,16,10,4,0,1199990,0,0,9999.9,0.0,0.0,0.0,2025-07-07 08:40:10.165,solana,1840.82,1832.88,8.791711061953608,1.0,0,0
cd7b55,10000,10,torus-l,diablo,hop,8,16,10,4,0,1199990,0,0,9999.9,0.0,0.0,0.0,2025-07-07 10:19:20.047,solana,1840.82,1832.88,10.28146836232417,1.0,0,0
cd7b55,10000,4,torus-l,diablo,hop,8,16,10,4,0,1199990,0,0,9999.9,0.0,0.0,0.0,2025-07-07 08:54:17.657,solana,1840.82,1832.88,10.331322806300694,1.0,0,0
cd7b55,10000,8,torus-l,diablo,hop,8,16,10,4,0,1199990,0,0,9999.9,0.0,0.0,0.0,2025-07-07 09:51:06.986,solana,1840.82,1832.88,7.374289872149528,1.0,0,0
6b1372,football,5,torus-l,diablo,hop,8,16,10,4,0,4056130,0,0,40159.6,0.0,0.0,0.0,2025-07-07 11:58:33.318,solana,3091.29,3030.06,8.55903681545036,1.0,0,0
6b1372,football,2,torus-l,diablo,hop,8,16,10,4,0,4056130,0,0,40159.2,0.0,0.0,0.0,2025-07-07 10:59:34.817,solana,3091.29,3030.06,8.245404815644436,1.0,0,0
6b1372,football,1,torus-l,diablo,hop,8,16,10,4,0,4056130,0,0,40159.5,0.0,0.0,0.0,2025-07-07 10:39:48.563,solana,3091.29,3030.06,11.932699838841412,1.0,0,0
6b1372,football,9,torus-l,diablo,hop,8,16,10,4,0,4056130,0,0,40135.3,0.0,0.0,0.0,2025-07-07 13:17:04.135,solana,3091.29,3030.06,11.035030206438748,1.0,0,0
6b1372,football,7,torus-l,diablo,hop,8,16,10,4,0,4056130,0,0,40159.4,0.0,0.0,0.0,2025-07-07 12:37:32.904,solana,3091.29,3030.06,9.976251322784606,1.0,0,0
6b1372,football,6,torus-l,diablo,hop,8,16,10,4,0,4056130,0,0,40159.5,0.0,0.0,0.0,2025-07-07 12:18:04.720,solana,3091.29,3030.06,9.743070174410624,1.0,0,0
6b1372,football,3,torus-l,diablo,hop,8,16,10,4,0,4056130,0,0,40147.4,0.0,0.0,0.0,2025-07-07 11:18:58.197,solana,3091.29,3030.06,8.567117247575244,1.0,0,0
6b1372,football,10,torus-l,diablo,hop,8,16,10,4,0,4056130,0,0,40088.0,0.0,0.0,0.0,2025-07-07 13:35:47.498,solana,3091.29,3030.06,9.160754228710601,1.0,0,0
6b1372,football,4,torus-l,diablo,hop,8,16,10,4,0,4056130,0,0,40159.5,0.0,0.0,0.0,2025-07-07 11:38:35.288,solana,3091.29,3030.06,10.919030811349346,1.0,0,0
6b1372,football,8,torus-l,diablo,hop,8,16,10,4,0,4056130,0,0,40159.5,0.0,0.0,0.0,2025-07-07 12:57:41.023,solana,3091.29,3030.06,7.585983185176649,1.0,0,0
66207b,dota,5,torus-l,diablo,hop,8,16,10,4,0,3678700,0,0,13327.2,0.0,0.0,0.0,2025-07-07 15:13:42.941,solana,1442.79,1406.45,19.828728850912892,1.0,0,0
66207b,dota,2,torus-l,diablo,hop,8,16,10,4,0,3678700,0,0,13328.6,0.0,0.0,0.0,2025-07-07 14:14:47.405,solana,1442.79,1406.45,24.320627479476105,1.0,0,0
66207b,dota,1,torus-l,diablo,hop,8,16,10,4,0,3678700,0,0,13328.6,0.0,0.0,0.0,2025-07-07 13:55:36.091,solana,1442.79,1406.45,15.749583490654125,1.0,0,0
66207b,dota,9,torus-l,diablo,hop,8,16,10,4,0,3678700,0,0,13328.6,0.0,0.0,0.0,2025-07-07 16:32:06.433,solana,1442.79,1406.45,21.54808784862789,1.0,0,0
66207b,dota,7,torus-l,diablo,hop,8,16,10,4,0,3678700,0,0,13328.6,0.0,0.0,0.0,2025-07-07 15:53:01.823,solana,1442.79,1406.45,22.360177130886836,1.0,0,0
66207b,dota,6,torus-l,diablo,hop,8,16,10,4,0,3678700,0,0,13328.6,0.0,0.0,0.0,2025-07-07 15:33:17.948,solana,1442.79,1406.45,25.039255878831757,1.0,0,0
66207b,dota,3,torus-l,diablo,hop,8,16,10,4,0,3678700,0,0,13328.6,0.0,0.0,0.0,2025-07-07 14:34:25.399,solana,1442.79,1406.45,21.539327478540763,1.0,0,0
66207b,dota,10,torus-l,diablo,hop,8,16,10,4,0,3678700,0,0,13321.1,0.0,0.0,0.0,2025-07-07 16:51:44.839,solana,1442.79,1406.45,18.32528313615006,1.0,0,0
66207b,dota,4,torus-l,diablo,hop,8,16,10,4,0,3678700,0,0,13328.6,0.0,0.0,0.0,2025-07-07 14:53:56.685,solana,1442.79,1406.45,18.741159306468916,1.0,0,0
66207b,dota,8,torus-l,diablo,hop,8,16,10,4,0,3678700,0,0,13327.6,0.0,0.0,0.0,2025-07-07 16:12:24.482,solana,1442.79,1406.45,16.834091996394708,1.0,0,0
80af24,paypal,1,full-mesh,our,hop,8,16,10,1,0,59990,56111,0,200.0,187.1,19.12,19.1,2024-05-13 14:10:53.105,solana,11.39,11.39,18.335462552110567,0.0,0,0
5cba2c,paypal,3,full-mesh,our,hop,8,16,10,1,0,59990,11245,0,200.0,37.5,20.33,18.58,2024-06-24 18:29:11.855,solana,49.23,49.19,22.04180630014446,1.0,0,0
5cba2c,paypal,1,full-mesh,our,hop,8,16,10,1,0,59990,56412,0,200.0,188.0,18.51,18.48,2024-06-24 18:08:53.809,solana,49.23,49.19,25.851369575093234,1.0,0,0
5cba2c,paypal,4,full-mesh,our,hop,8,16,10,1,0,59990,5644,0,200.0,18.8,18.15,17.98,2024-06-24 18:39:25.932,solana,49.23,49.19,23.679251913935126,1.0,0,0
5cba2c,paypal,2,full-mesh,our,hop,8,16,10,1,0,59990,56259,0,200.0,187.6,21.06,19.64,2024-06-24 18:19:07.853,solana,49.23,49.19,18.140912614389073,1.0,0,0
