blockchain,mode,workload,cores,ram,secondaries,dataset,link_strategy,network_size,dynamic,metric,unit,value_column,eligibility_column,n_observed,n_positive_commit,n_zero_commit,n_no_submission,n_tps_censored,n_metric,mean,minimum,maximum,q25,q75,sample_std,iqr,iqr_pct,sample_std_pct,delta_min,delta_max,delta_min_pct,delta_max_pct,range_abs,wcd_abs,wcd_pct
Algorand,fat-tree,DDoS,8,16,10,2023,hop,10 nodes,0,tps_positive_commit,TPS,average_throughput,tps_point_valid_positive_commit,13,13,0,0,0,13,676.8461538461538,573.5,744.5,656.8,720.6,56.58778748376449,63.80000000000007,9.426071144448244,8.360509572553,-103.34615384615381,67.65384615384619,-15.268780543243546,9.995454028866922,171.0,103.34615384615381,15.268780543243546
Algorand,fat-tree,DDoS,8,16,10,2023,hop,10 nodes,0,latency_positive_commit,s,average_latency,latency_valid_positive_commit,13,13,0,0,0,13,33.76923076923077,27.55,43.02,30.71,36.89,4.397909468407427,6.18,18.30068337129841,13.023422116012881,-6.219230769230766,9.250769230769237,-18.416856492027325,27.394077448747172,15.470000000000002,9.250769230769237,27.394077448747172
Algorand,fat-tree,DDoS,8,16,10,2023,hop,10 nodes,0,energy_observed,kWh,energy,energy_valid_observed,13,13,0,0,0,13,10.461212611607298,7.6499334830091055,13.43470322574238,9.747106958076856,11.300143399971496,1.717926888349791,1.5530364418946405,14.84566368693683,16.42187146109291,-2.8112791285981924,2.9734906141350823,-26.873358117957775,28.42395737981493,5.784769742733275,2.9734906141350823,28.42395737981493
Algorand,fat-tree,DDoS,8,16,10,2023,hop,10 nodes,0,energy_positive_commit,kWh,energy,energy_valid_positive_commit,13,13,0,0,0,13,10.461212611607298,7.6499334830091055,13.43470322574238,9.747106958076856,11.300143399971496,1.717926888349791,1.5530364418946405,14.84566368693683,16.42187146109291,-2.8112791285981924,2.9734906141350823,-26.873358117957775,28.42395737981493,5.784769742733275,2.9734906141350823,28.42395737981493
Algorand,fat-tree,DDoS,8,16,10,2023,hop,40 nodes,0,tps_positive_commit,TPS,average_throughput,tps_point_valid_positive_commit,13,13,0,0,0,13,405.3538461538462,263.2,533.9,374.6,440.1,78.62339150855611,65.5,16.158721724609077,19.396236708881688,-142.1538461538462,128.5461538461538,-35.06907545164719,31.712084408683754,270.7,142.1538461538462,35.06907545164719
Algorand,fat-tree,DDoS,8,16,10,2023,hop,40 nodes,0,latency_positive_commit,s,average_latency,latency_valid_positive_commit,13,13,0,0,0,13,45.92076923076923,38.29,64.25,39.54,47.7,9.265396610991585,8.160000000000004,17.769737172722255,20.176919433621556,-7.630769230769232,18.32923076923077,-16.61725044809622,39.914903596495634,25.96,18.32923076923077,39.914903596495634
Algorand,fat-tree,DDoS,8,16,10,2023,hop,40 nodes,0,energy_observed,kWh,energy,energy_valid_observed,13,13,0,0,0,13,10.247893016120063,7.661634293886509,12.794049733736278,8.54786437870797,11.393011557383868,1.6186331616274048,2.845147178675898,27.763240445625712,15.79478980782952,-2.586258722233554,2.546156717616215,-25.236980110597727,24.84566060175569,5.132415439849769,2.586258722233554,25.236980110597727
Algorand,fat-tree,DDoS,8,16,10,2023,hop,40 nodes,0,energy_positive_commit,kWh,energy,energy_valid_positive_commit,13,13,0,0,0,13,10.247893016120063,7.661634293886509,12.794049733736278,8.54786437870797,11.393011557383868,1.6186331616274048,2.845147178675898,27.763240445625712,15.79478980782952,-2.586258722233554,2.546156717616215,-25.236980110597727,24.84566060175569,5.132415439849769,2.586258722233554,25.236980110597727
Algorand,fat-tree,FIFA,8,16,10,2023,hop,10 nodes,0,tps_positive_commit,TPS,average_throughput,tps_point_valid_positive_commit,16,16,0,0,0,16,96.83749999999999,0.5,277.4,20.8,177.575,96.10470592015773,156.77499999999998,161.89492706854267,99.24327447544364,-96.33749999999999,180.5625,-99.48367109848975,186.4592745578934,276.9,180.5625,186.4592745578934
Algorand,fat-tree,FIFA,8,16,10,2023,hop,10 nodes,0,latency_positive_commit,s,average_latency,latency_valid_positive_commit,16,16,0,0,0,16,42.4525,16.53,65.24,21.84,63.1925,21.096065825962274,41.352500000000006,97.40886873564574,49.69334156047883,-25.9225,22.787499999999994,-61.06236381838525,53.67763971497555,48.709999999999994,25.9225,61.06236381838525
Algorand,fat-tree,FIFA,8,16,10,2023,hop,10 nodes,0,energy_observed,kWh,energy,energy_valid_observed,16,16,0,0,0,16,9.461664357171225,6.80822369510856,12.23405046833244,8.244293700607113,10.462203474352387,1.4657766736893738,2.2179097737452746,23.441010904854885,15.491742449925589,-2.653440662062665,2.7723861111612145,-28.044121646014194,29.301251941577863,5.425826773223879,2.7723861111612145,29.301251941577863
Algorand,fat-tree,FIFA,8,16,10,2023,hop,10 nodes,0,energy_positive_commit,kWh,energy,energy_valid_positive_commit,16,16,0,0,0,16,9.461664357171225,6.80822369510856,12.23405046833244,8.244293700607113,10.462203474352387,1.4657766736893738,2.2179097737452746,23.441010904854885,15.491742449925589,-2.653440662062665,2.7723861111612145,-28.044121646014194,29.301251941577863,5.425826773223879,2.7723861111612145,29.301251941577863
Algorand,fat-tree,FIFA,8,16,10,2023,hop,40 nodes,0,tps_positive_commit,TPS,average_throughput,tps_point_valid_positive_commit,13,13,0,0,0,13,50.815384615384616,6.0,107.8,27.5,69.8,30.997334459429627,42.3,83.2425068119891,60.99990129769681,-44.815384615384616,56.98461538461538,-88.19255222524978,112.1404783530124,101.8,56.98461538461538,112.1404783530124
Algorand,fat-tree,FIFA,8,16,10,2023,hop,40 nodes,0,latency_positive_commit,s,average_latency,latency_valid_positive_commit,13,13,0,0,0,13,80.81923076923077,53.1,140.79,67.98,87.48,24.632659709397487,19.5,24.127920810926568,30.478710914402257,-27.71923076923077,59.97076923076922,-34.29781563793842,74.20358825488981,87.69,59.97076923076922,74.20358825488981
Algorand,fat-tree,FIFA,8,16,10,2023,hop,40 nodes,0,energy_observed,kWh,energy,energy_valid_observed,13,13,0,0,0,13,9.26688488953087,6.616071011809668,10.984090047342123,8.421208261663528,10.796398196075994,1.547172481688047,2.3751899344124663,25.630942465852826,16.695712746318268,-2.650813877721202,1.7172051578112537,-28.605231524089838,18.530554531342474,4.3680190355324555,2.650813877721202,28.605231524089838
Algorand,fat-tree,FIFA,8,16,10,2023,hop,40 nodes,0,energy_positive_commit,kWh,energy,energy_valid_positive_commit,13,13,0,0,0,13,9.26688488953087,6.616071011809668,10.984090047342123,8.421208261663528,10.796398196075994,1.547172481688047,2.3751899344124663,25.630942465852826,16.695712746318268,-2.650813877721202,1.7172051578112537,-28.605231524089838,18.530554531342474,4.3680190355324555,2.650813877721202,28.605231524089838
Algorand,fat-tree,GAFAM,8,16,10,2023,hop,10 nodes,0,tps_positive_commit,TPS,average_throughput,tps_point_valid_positive_commit,13,13,0,0,0,13,124.02307692307694,59.9,158.2,117.6,148.9,30.625783087842663,31.30000000000001,25.23723872728401,24.69361658140263,-64.12307692307695,34.176923076923046,-51.702536748744045,27.556906282949793,98.29999999999998,64.12307692307695,51.702536748744045
Algorand,fat-tree,GAFAM,8,16,10,2023,hop,10 nodes,0,latency_positive_commit,s,average_latency,latency_valid_positive_commit,13,13,0,0,0,13,24.479999999999997,19.36,36.02,22.86,24.85,3.828415686242375,1.990000000000002,8.12908496732027,15.638952966676369,-5.119999999999997,11.540000000000006,-20.915032679738555,47.14052287581703,16.660000000000004,11.540000000000006,47.14052287581703
Algorand,fat-tree,GAFAM,8,16,10,2023,hop,10 nodes,0,energy_observed,kWh,energy,energy_valid_observed,13,13,0,0,0,13,14.080850862178742,11.473305101630691,18.25157211698801,12.224428071198878,15.305803534591766,1.9629301388269786,3.081375463392888,21.883446487381544,13.940422763083316,-2.607545760548051,4.170721254809269,-18.5183820641971,29.619809879613552,6.77826701535732,4.170721254809269,29.619809879613552
Algorand,fat-tree,GAFAM,8,16,10,2023,hop,10 nodes,0,energy_positive_commit,kWh,energy,energy_valid_positive_commit,13,13,0,0,0,13,14.080850862178742,11.473305101630691,18.25157211698801,12.224428071198878,15.305803534591766,1.9629301388269786,3.081375463392888,21.883446487381544,13.940422763083316,-2.607545760548051,4.170721254809269,-18.5183820641971,29.619809879613552,6.77826701535732,4.170721254809269,29.619809879613552
Algorand,fat-tree,GAFAM,8,16,10,2023,hop,40 nodes,0,tps_positive_commit,TPS,average_throughput,tps_point_valid_positive_commit,13,13,0,0,0,13,106.60000000000001,52.2,144.7,72.7,127.9,32.92450961416636,55.2,51.78236397748592,30.886031532989076,-54.400000000000006,38.09999999999998,-51.03189493433396,35.74108818011255,92.49999999999999,54.400000000000006,51.03189493433396
Algorand,fat-tree,GAFAM,8,16,10,2023,hop,40 nodes,0,latency_positive_commit,s,average_latency,latency_valid_positive_commit,13,13,0,0,0,13,39.94846153846155,26.93,68.96,29.09,50.1,14.931689369789925,21.01,52.592763753297504,37.377382744549514,-13.018461538461551,29.011538461538443,-32.58814241426455,72.62241734542577,42.029999999999994,29.011538461538443,72.62241734542577
Algorand,fat-tree,GAFAM,8,16,10,2023,hop,40 nodes,0,energy_observed,kWh,energy,energy_valid_observed,13,13,0,0,0,13,14.806330157698856,10.605680162963935,19.924488867022447,13.27365724359761,15.951372335948363,2.7565882930400734,2.677715092350754,18.084934374899245,18.617633564024835,-4.2006499947349205,5.118158709323591,-28.370635734815803,34.567368516109305,9.318808704058512,5.118158709323591,34.567368516109305
Algorand,fat-tree,GAFAM,8,16,10,2023,hop,40 nodes,0,energy_positive_commit,kWh,energy,energy_valid_positive_commit,13,13,0,0,0,13,14.806330157698856,10.605680162963935,19.924488867022447,13.27365724359761,15.951372335948363,2.7565882930400734,2.677715092350754,18.084934374899245,18.617633564024835,-4.2006499947349205,5.118158709323591,-28.370635734815803,34.567368516109305,9.318808704058512,5.118158709323591,34.567368516109305
Algorand,fat-tree,Gaming,8,16,10,2023,hop,10 nodes,0,tps_positive_commit,TPS,average_throughput,tps_point_valid_positive_commit,13,13,0,0,0,13,225.53846153846155,87.8,312.5,208.8,278.5,62.0013647492475,69.69999999999999,30.903819918144606,27.490373183499912,-137.73846153846154,86.96153846153845,-61.07094133697135,38.55729877216916,224.7,137.73846153846154,61.07094133697135
Algorand,fat-tree,Gaming,8,16,10,2023,hop,10 nodes,0,latency_positive_commit,s,average_latency,latency_valid_positive_commit,13,13,0,0,0,13,84.10307692307694,58.81,103.72,79.62,91.34,12.063723433373422,11.719999999999999,13.935280882433641,14.3439739361822,-25.29307692307694,19.616923076923058,-30.073901988402522,23.324857775257442,44.91,25.29307692307694,30.073901988402522
Algorand,fat-tree,Gaming,8,16,10,2023,hop,10 nodes,0,energy_observed,kWh,energy,energy_valid_observed,13,13,0,0,0,13,20.902453801727177,15.557070036874926,24.08838528757816,20.22739498544812,22.6093387912364,2.427348091724117,2.3819438057882785,11.39552240317095,11.612742287336353,-5.345383764852251,3.1859314858509826,-25.57299643169435,15.241901817229364,8.531315250703233,5.345383764852251,25.57299643169435
Algorand,fat-tree,Gaming,8,16,10,2023,hop,10 nodes,0,energy_positive_commit,kWh,energy,energy_valid_positive_commit,13,13,0,0,0,13,20.902453801727177,15.557070036874926,24.08838528757816,20.22739498544812,22.6093387912364,2.427348091724117,2.3819438057882785,11.39552240317095,11.612742287336353,-5.345383764852251,3.1859314858509826,-25.57299643169435,15.241901817229364,8.531315250703233,5.345383764852251,25.57299643169435
Algorand,fat-tree,Gaming,8,16,10,2023,hop,40 nodes,0,tps_positive_commit,TPS,average_throughput,tps_point_valid_positive_commit,13,13,0,0,0,13,227.9923076923077,142.6,299.8,180.8,264.0,50.594243110233755,83.19999999999999,36.492459259759094,22.191206195655685,-85.3923076923077,71.80769230769232,-37.45403016296097,31.495664496103114,157.20000000000002,85.3923076923077,37.45403016296097
Algorand,fat-tree,Gaming,8,16,10,2023,hop,40 nodes,0,latency_positive_commit,s,average_latency,latency_valid_positive_commit,13,13,0,0,0,13,100.17230769230767,78.86,123.13,89.76,108.17,14.02349822847718,18.409999999999997,18.37833271900725,13.999376226364065,-21.31230769230767,22.957692307692326,-21.275648114018903,22.918202481877405,44.269999999999996,22.957692307692326,22.918202481877405
Algorand,fat-tree,Gaming,8,16,10,2023,hop,40 nodes,0,energy_observed,kWh,energy,energy_valid_observed,13,13,0,0,0,13,20.914660929314866,16.024307388311893,25.79126780982269,20.16566416194853,22.21722427920484,3.1470250653126115,2.051560117256308,9.809196162395132,15.046981043338883,-4.890353541002973,4.876606880507822,-23.382418474441767,23.31669108568987,9.766960421510795,4.890353541002973,23.382418474441767
Algorand,fat-tree,Gaming,8,16,10,2023,hop,40 nodes,0,energy_positive_commit,kWh,energy,energy_valid_positive_commit,13,13,0,0,0,13,20.914660929314866,16.024307388311893,25.79126780982269,20.16566416194853,22.21722427920484,3.1470250653126115,2.051560117256308,9.809196162395132,15.046981043338883,-4.890353541002973,4.876606880507822,-23.382418474441767,23.31669108568987,9.766960421510795,4.890353541002973,23.382418474441767
Algorand,fat-tree,PayPal,8,16,10,2023,hop,10 nodes,0,tps_positive_commit,TPS,average_throughput,tps_point_valid_positive_commit,13,13,0,0,0,13,190.80769230769232,189.9,192.5,189.9,191.7,1.0467899649735033,1.799999999999983,0.9433581939125086,0.548609939312862,-0.9076923076923151,1.6923076923076792,-0.4757105422293931,0.8869179600886848,2.5999999999999943,1.6923076923076792,0.8869179600886848
Algorand,fat-tree,PayPal,8,16,10,2023,hop,10 nodes,0,latency_positive_commit,s,average_latency,latency_valid_positive_commit,13,13,0,0,0,13,13.145384615384614,13.01,13.31,13.1,13.2,0.08058281295406461,0.09999999999999964,0.7607232722804117,0.6130122115997659,-0.13538461538461455,0.16461538461538616,-1.0299022763180932,1.2522675405231554,0.3000000000000007,0.16461538461538616,1.2522675405231554
Algorand,fat-tree,PayPal,8,16,10,2023,hop,10 nodes,0,energy_observed,kWh,energy,energy_valid_observed,13,13,0,0,0,13,22.135140083554973,16.21891205661706,24.67919742133686,21.71651621842296,23.691094191879536,2.458442423439461,1.9745779734565758,8.920557837009417,11.106513959972318,-5.916228026937912,2.5440573377818865,-26.727764109942544,11.493296758812754,8.460285364719798,5.916228026937912,26.727764109942544
Algorand,fat-tree,PayPal,8,16,10,2023,hop,10 nodes,0,energy_positive_commit,kWh,energy,energy_valid_positive_commit,13,13,0,0,0,13,22.135140083554973,16.21891205661706,24.67919742133686,21.71651621842296,23.691094191879536,2.458442423439461,1.9745779734565758,8.920557837009417,11.106513959972318,-5.916228026937912,2.5440573377818865,-26.727764109942544,11.493296758812754,8.460285364719798,5.916228026937912,26.727764109942544
Algorand,fat-tree,PayPal,8,16,10,2023,hop,40 nodes,0,tps_positive_commit,TPS,average_throughput,tps_point_valid_positive_commit,13,13,0,0,0,13,190.79999999999998,189.8,191.7,190.4,191.1,0.5552777082985865,0.6999999999999886,0.36687631027253076,0.29102605256739333,-0.9999999999999716,0.9000000000000057,-0.5241090146750376,0.4716981132075502,1.8999999999999773,0.9999999999999716,0.5241090146750376
Algorand,fat-tree,PayPal,8,16,10,2023,hop,40 nodes,0,latency_positive_commit,s,average_latency,latency_valid_positive_commit,13,13,0,0,0,13,13.317692307692308,13.17,13.48,13.22,13.37,0.10345319764301193,0.14999999999999858,1.1263212614798022,0.7768102404893173,-0.14769230769230823,0.16230769230769226,-1.108993242072435,1.2187373649858484,0.3100000000000005,0.16230769230769226,1.2187373649858484
Algorand,fat-tree,PayPal,8,16,10,2023,hop,40 nodes,0,energy_observed,kWh,energy,energy_valid_observed,13,13,0,0,0,13,22.802146248118838,17.106952600793473,28.33598812503345,21.30041181515103,24.480031367776174,2.7792632013199023,3.1796195526251445,13.944387155605849,12.18860352476333,-5.695193647325365,5.533841876914611,-24.976568369283285,24.268951776287942,11.229035524239976,5.695193647325365,24.976568369283285
Algorand,fat-tree,PayPal,8,16,10,2023,hop,40 nodes,0,energy_positive_commit,kWh,energy,energy_valid_positive_commit,13,13,0,0,0,13,22.802146248118838,17.106952600793473,28.33598812503345,21.30041181515103,24.480031367776174,2.7792632013199023,3.1796195526251445,13.944387155605849,12.18860352476333,-5.695193647325365,5.533841876914611,-24.976568369283285,24.268951776287942,11.229035524239976,5.695193647325365,24.976568369283285
Algorand,fat-tree,VISA,8,16,10,2023,hop,10 nodes,0,tps_positive_commit,TPS,average_throughput,tps_point_valid_positive_commit,13,13,0,0,0,13,511.14615384615377,500.4,534.7,506.9,514.4,8.548256682370535,7.5,1.4672907041490468,1.6723703422296345,-10.746153846153788,23.55384615384628,-2.1023642191755973,4.60804526779939,34.30000000000007,23.55384615384628,4.60804526779939
Algorand,fat-tree,VISA,8,16,10,2023,hop,10 nodes,0,latency_positive_commit,s,average_latency,latency_valid_positive_commit,13,13,0,0,0,13,17.536153846153848,16.88,18.31,17.21,17.81,0.4778343238253621,0.5999999999999979,3.421502829319635,2.724852484857528,-0.656153846153849,0.7738461538461507,-3.741720401807271,4.412861341404553,1.4299999999999997,0.7738461538461507,4.412861341404553
Algorand,fat-tree,VISA,8,16,10,2023,hop,10 nodes,0,energy_observed,kWh,energy,energy_valid_observed,13,13,0,0,0,13,22.923597059329527,16.87419276020603,28.13402483272532,21.184968223495797,24.30427504893437,3.1468726865377508,3.1193068254385743,13.607405580220961,13.727656608137007,-6.049404299123498,5.210427773395793,-26.389419965229628,22.729538300252205,11.259832072519291,6.049404299123498,26.389419965229628
Algorand,fat-tree,VISA,8,16,10,2023,hop,10 nodes,0,energy_positive_commit,kWh,energy,energy_valid_positive_commit,13,13,0,0,0,13,22.923597059329527,16.87419276020603,28.13402483272532,21.184968223495797,24.30427504893437,3.1468726865377508,3.1193068254385743,13.607405580220961,13.727656608137007,-6.049404299123498,5.210427773395793,-26.389419965229628,22.729538300252205,11.259832072519291,6.049404299123498,26.389419965229628
Algorand,fat-tree,VISA,8,16,10,2023,hop,40 nodes,0,tps_positive_commit,TPS,average_throughput,tps_point_valid_positive_commit,13,13,0,0,0,13,378.9692307692308,319.0,468.2,335.7,416.1,51.33034165441502,80.40000000000003,21.215442698818666,13.544725399005303,-59.96923076923082,89.23076923076917,-15.824300734786679,23.545650144115598,149.2,89.23076923076917,23.545650144115598
Algorand,fat-tree,VISA,8,16,10,2023,hop,40 nodes,0,latency_positive_commit,s,average_latency,latency_valid_positive_commit,13,13,0,0,0,13,33.465384615384615,26.56,41.68,31.47,34.76,4.245983622563437,3.289999999999999,9.831053901850359,12.68768810328116,-6.905384615384616,8.214615384615385,-20.63440983794966,24.54660383863924,15.120000000000001,8.214615384615385,24.54660383863924
Algorand,fat-tree,VISA,8,16,10,2023,hop,40 nodes,0,energy_observed,kWh,energy,energy_valid_observed,13,13,0,0,0,13,22.11948670510594,16.471178807998257,27.583336464863898,20.25235818715353,24.27104256965278,3.4091849629655635,4.018684382499252,18.168072505821765,15.412586234103733,-5.648307897107681,5.463849759757959,-25.53543837797944,24.701521480137757,11.11215765686564,5.648307897107681,25.53543837797944
Algorand,fat-tree,VISA,8,16,10,2023,hop,40 nodes,0,energy_positive_commit,kWh,energy,energy_valid_positive_commit,13,13,0,0,0,13,22.11948670510594,16.471178807998257,27.583336464863898,20.25235818715353,24.27104256965278,3.4091849629655635,4.018684382499252,18.168072505821765,15.412586234103733,-5.648307897107681,5.463849759757959,-25.53543837797944,24.701521480137757,11.11215765686564,5.648307897107681,25.53543837797944
Algorand,full mesh,DDoS,8,16,10,2023,hop,10 nodes,0,tps_positive_commit,TPS,average_throughput,tps_point_valid_positive_commit,14,14,0,0,0,14,790.0571428571429,733.7,849.7,766.775,809.3249999999999,32.7078610707606,42.549999999999955,5.3856863879646975,4.139936125692973,-56.35714285714289,59.64285714285711,-7.13329958050051,7.549182699262254,116.0,59.64285714285711,7.549182699262254
Algorand,full mesh,DDoS,8,16,10,2023,hop,10 nodes,0,latency_positive_commit,s,average_latency,latency_valid_positive_commit,14,14,0,0,0,14,29.509285714285713,22.84,35.89,26.5825,31.287499999999998,3.8945730768018016,4.704999999999998,15.944133807760263,13.197788365702134,-6.669285714285714,6.380714285714287,-22.600634182944834,21.622733764190453,13.05,6.669285714285714,22.600634182944834
Algorand,full mesh,DDoS,8,16,10,2023,hop,10 nodes,0,energy_observed,kWh,energy,energy_valid_observed,14,14,0,0,0,14,9.23005174629107,5.894807037847093,11.819289671600943,8.72730804554478,10.236522645397143,1.6304968806365046,1.5092145998523634,16.35109576128665,17.66508926985908,-3.3352447084439767,2.589237925309874,-36.13462632844052,28.052257955653527,5.9244826337538505,3.3352447084439767,36.13462632844052
Algorand,full mesh,DDoS,8,16,10,2023,hop,10 nodes,0,energy_positive_commit,kWh,energy,energy_valid_positive_commit,14,14,0,0,0,14,9.23005174629107,5.894807037847093,11.819289671600943,8.72730804554478,10.236522645397143,1.6304968806365046,1.5092145998523634,16.35109576128665,17.66508926985908,-3.3352447084439767,2.589237925309874,-36.13462632844052,28.052257955653527,5.9244826337538505,3.3352447084439767,36.13462632844052
Algorand,full mesh,DDoS,8,16,10,2023,hop,40 nodes,0,tps_positive_commit,TPS,average_throughput,tps_point_valid_positive_commit,13,13,0,0,0,13,485.79230769230765,270.3,643.9,469.7,555.6,107.6456490956823,85.90000000000003,17.682453723496913,22.15878007765063,-215.49230769230763,158.10769230769233,-44.35893781768086,32.546355675898226,373.59999999999997,215.49230769230763,44.35893781768086
Algorand,full mesh,DDoS,8,16,10,2023,hop,40 nodes,0,latency_positive_commit,s,average_latency,latency_valid_positive_commit,13,13,0,0,0,13,48.51,36.0,75.55,39.58,53.86,13.100489176617286,14.280000000000001,29.437229437229437,27.00574969411933,-12.509999999999998,27.04,-25.78849721706864,55.74108431251289,39.55,27.04,55.74108431251289
Algorand,full mesh,DDoS,8,16,10,2023,hop,40 nodes,0,energy_observed,kWh,energy,energy_valid_observed,13,13,0,0,0,13,10.57295315020995,7.453781678378055,13.20955644853396,10.042073479366536,12.05179821740693,1.656912830566686,2.0097247380403935,19.008168384823364,15.671239690812252,-3.119171471831894,2.63660329832401,-29.50142148099801,24.937245638619462,5.755774770155904,3.119171471831894,29.50142148099801
Algorand,full mesh,DDoS,8,16,10,2023,hop,40 nodes,0,energy_positive_commit,kWh,energy,energy_valid_positive_commit,13,13,0,0,0,13,10.57295315020995,7.453781678378055,13.20955644853396,10.042073479366536,12.05179821740693,1.656912830566686,2.0097247380403935,19.008168384823364,15.671239690812252,-3.119171471831894,2.63660329832401,-29.50142148099801,24.937245638619462,5.755774770155904,3.119171471831894,29.50142148099801
Algorand,full mesh,FIFA,8,16,10,2023,hop,10 nodes,0,tps_positive_commit,TPS,average_throughput,tps_point_valid_positive_commit,14,14,0,0,0,14,129.6,2.8,335.2,65.0,164.975,97.24076384853296,99.975,77.14120370370371,75.03145358683099,-126.8,205.6,-97.8395061728395,158.64197530864197,332.4,205.6,158.64197530864197
Algorand,full mesh,FIFA,8,16,10,2023,hop,10 nodes,0,latency_positive_commit,s,average_latency,latency_valid_positive_commit,14,14,0,0,0,14,43.677857142857135,13.98,64.08,36.7825,54.075,15.330513152418726,17.292500000000004,39.59099903514368,35.099050537843986,-29.697857142857135,20.402142857142863,-67.99293528921159,46.71049403915029,50.099999999999994,29.697857142857135,67.99293528921159
Algorand,full mesh,FIFA,8,16,10,2023,hop,10 nodes,0,energy_observed,kWh,energy,energy_valid_observed,14,14,0,0,0,14,9.294005179098624,5.589063267161218,12.216986436209885,8.580456811840142,10.384319505503537,1.6394010325220316,1.8038626936633957,19.408884102196538,17.639338486801105,-3.7049419119374063,2.9229812571112603,-39.86378144343501,31.450178914089488,6.627923169048667,3.7049419119374063,39.86378144343501
Algorand,full mesh,FIFA,8,16,10,2023,hop,10 nodes,0,energy_positive_commit,kWh,energy,energy_valid_positive_commit,14,14,0,0,0,14,9.294005179098624,5.589063267161218,12.216986436209885,8.580456811840142,10.384319505503537,1.6394010325220316,1.8038626936633957,19.408884102196538,17.639338486801105,-3.7049419119374063,2.9229812571112603,-39.86378144343501,31.450178914089488,6.627923169048667,3.7049419119374063,39.86378144343501
Algorand,full mesh,FIFA,8,16,10,2023,hop,40 nodes,0,tps_positive_commit,TPS,average_throughput,tps_point_valid_positive_commit,13,13,0,0,0,13,71.88461538461539,19.8,183.9,53.0,78.3,41.394279921945866,25.299999999999997,35.195291599785975,57.584338040160105,-52.08461538461539,112.01538461538462,-72.45585874799359,155.82664526484749,164.1,112.01538461538462,155.82664526484749
Algorand,full mesh,FIFA,8,16,10,2023,hop,40 nodes,0,latency_positive_commit,s,average_latency,latency_valid_positive_commit,13,13,0,0,0,13,79.9446153846154,21.01,154.1,61.15,86.15,34.01679918691759,25.000000000000007,31.271649603571706,42.55045699233398,-58.9346153846154,74.15538461538459,-73.71930567315835,92.75844815641592,133.09,74.15538461538459,92.75844815641592
Algorand,full mesh,FIFA,8,16,10,2023,hop,40 nodes,0,energy_observed,kWh,energy,energy_valid_observed,13,13,0,0,0,13,8.800282011086741,7.08329875326142,11.03742936140128,8.07725123549461,9.5627948159754,1.1724164257763459,1.4855435804807886,16.8806360819946,13.322486987341044,-1.716983257825321,2.2371473503145385,-19.510548135414716,25.42131431124756,3.9541306081398595,2.2371473503145385,25.42131431124756
Algorand,full mesh,FIFA,8,16,10,2023,hop,40 nodes,0,energy_positive_commit,kWh,energy,energy_valid_positive_commit,13,13,0,0,0,13,8.800282011086741,7.08329875326142,11.03742936140128,8.07725123549461,9.5627948159754,1.1724164257763459,1.4855435804807886,16.8806360819946,13.322486987341044,-1.716983257825321,2.2371473503145385,-19.510548135414716,25.42131431124756,3.9541306081398595,2.2371473503145385,25.42131431124756
Algorand,full mesh,GAFAM,8,16,10,2023,hop,10 nodes,0,tps_positive_commit,TPS,average_throughput,tps_point_valid_positive_commit,14,14,0,0,0,14,147.14285714285714,81.4,163.7,153.5,160.525,24.610651674105988,7.025000000000006,4.774271844660198,16.725685603761352,-65.74285714285713,16.55714285714285,-44.679611650485434,11.252427184466015,82.29999999999998,65.74285714285713,44.679611650485434
Algorand,full mesh,GAFAM,8,16,10,2023,hop,10 nodes,0,latency_positive_commit,s,average_latency,latency_valid_positive_commit,14,14,0,0,0,14,21.07428571428571,15.14,24.06,20.875,22.3975,2.3128527648961814,1.5225000000000009,7.224444143167033,10.974762306313226,-5.934285714285711,2.9857142857142875,-28.158893709327536,14.167570498915413,8.919999999999998,5.934285714285711,28.158893709327536
Algorand,full mesh,GAFAM,8,16,10,2023,hop,10 nodes,0,energy_observed,kWh,energy,energy_valid_observed,14,14,0,0,0,14,15.214742180800714,10.493971548462724,20.58435592225665,12.779515355897395,16.73427180793542,3.0013103626563677,3.9547564520380263,25.99292452703196,19.726330732331977,-4.72077063233799,5.369613741455934,-31.027608461844782,35.2921770060079,10.090384373793924,5.369613741455934,35.2921770060079
Algorand,full mesh,GAFAM,8,16,10,2023,hop,10 nodes,0,energy_positive_commit,kWh,energy,energy_valid_positive_commit,14,14,0,0,0,14,15.214742180800714,10.493971548462724,20.58435592225665,12.779515355897395,16.73427180793542,3.0013103626563677,3.9547564520380263,25.99292452703196,19.726330732331977,-4.72077063233799,5.369613741455934,-31.027608461844782,35.2921770060079,10.090384373793924,5.369613741455934,35.2921770060079
Algorand,full mesh,GAFAM,8,16,10,2023,hop,40 nodes,0,tps_positive_commit,TPS,average_throughput,tps_point_valid_positive_commit,13,13,0,0,0,13,125.77692307692307,90.6,155.4,115.8,137.7,18.223983915258206,21.89999999999999,17.411779096079744,14.489131606529062,-35.176923076923075,29.623076923076937,-27.96770839703994,23.55207632560701,64.80000000000001,35.176923076923075,27.96770839703994
Algorand,full mesh,GAFAM,8,16,10,2023,hop,40 nodes,0,latency_positive_commit,s,average_latency,latency_valid_positive_commit,13,13,0,0,0,13,31.446923076923078,21.42,49.9,25.33,35.96,9.878810981603829,10.630000000000003,33.80298916367017,31.414237117695205,-10.026923076923076,18.45307692307692,-31.885227856461434,58.68007142682419,28.479999999999997,18.45307692307692,58.68007142682419
Algorand,full mesh,GAFAM,8,16,10,2023,hop,40 nodes,0,energy_observed,kWh,energy,energy_valid_observed,13,13,0,0,0,13,15.330091106303374,12.406792038914505,17.96776017537342,13.138529580224391,16.716116964637006,1.9248764582153066,3.577587384412615,23.337026242078853,12.5561971215151,-2.9232990673888697,2.6376690690700464,-19.06902605547385,17.20582774609538,5.560968136458916,2.9232990673888697,19.06902605547385
Algorand,full mesh,GAFAM,8,16,10,2023,hop,40 nodes,0,energy_positive_commit,kWh,energy,energy_valid_positive_commit,13,13,0,0,0,13,15.330091106303374,12.406792038914505,17.96776017537342,13.138529580224391,16.716116964637006,1.9248764582153066,3.577587384412615,23.337026242078853,12.5561971215151,-2.9232990673888697,2.6376690690700464,-19.06902605547385,17.20582774609538,5.560968136458916,2.9232990673888697,19.06902605547385
Algorand,full mesh,Gaming,8,16,10,2023,hop,10 nodes,0,tps_positive_commit,TPS,average_throughput,tps_point_valid_positive_commit,13,13,0,0,0,13,270.6,191.0,353.7,260.7,290.2,46.40576472810247,29.5,10.901699926090169,17.149210912085167,-79.60000000000002,83.09999999999997,-29.416112342941616,30.709534368070937,162.7,83.09999999999997,30.709534368070937
Algorand,full mesh,Gaming,8,16,10,2023,hop,10 nodes,0,latency_positive_commit,s,average_latency,latency_valid_positive_commit,13,13,0,0,0,13,77.51846153846152,59.04,87.32,72.02,83.82,8.162567862049544,11.799999999999997,15.222180324289996,10.52983728011631,-18.478461538461524,9.80153846153847,-23.83749776728123,12.644134399745981,28.279999999999994,18.478461538461524,23.83749776728123
Algorand,full mesh,Gaming,8,16,10,2023,hop,10 nodes,0,energy_observed,kWh,energy,energy_valid_observed,13,13,0,0,0,13,21.593465445081804,14.779346098859865,28.81449506391334,17.557412462387145,24.28000637886212,4.3788189337931005,6.722593916474974,31.132538376354653,20.278444629138644,-6.81411934622194,7.221029618831537,-31.55639544542835,33.44080938373059,14.035148965053477,7.221029618831537,33.44080938373059
Algorand,full mesh,Gaming,8,16,10,2023,hop,10 nodes,0,energy_positive_commit,kWh,energy,energy_valid_positive_commit,13,13,0,0,0,13,21.593465445081804,14.779346098859865,28.81449506391334,17.557412462387145,24.28000637886212,4.3788189337931005,6.722593916474974,31.132538376354653,20.278444629138644,-6.81411934622194,7.221029618831537,-31.55639544542835,33.44080938373059,14.035148965053477,7.221029618831537,33.44080938373059
Algorand,full mesh,Gaming,8,16,10,2023,hop,40 nodes,0,tps_positive_commit,TPS,average_throughput,tps_point_valid_positive_commit,13,13,0,0,0,13,232.75384615384615,109.1,324.1,228.2,264.8,59.792399396921894,36.60000000000002,15.724767003767608,25.689113363738006,-123.65384615384616,91.34615384615387,-53.126445898605326,39.245819287461174,215.00000000000003,123.65384615384616,53.126445898605326
Algorand,full mesh,Gaming,8,16,10,2023,hop,40 nodes,0,latency_positive_commit,s,average_latency,latency_valid_positive_commit,13,13,0,0,0,13,94.65307692307692,78.7,113.32,85.13,103.2,11.233277485975457,18.070000000000007,19.090768718152937,11.867841861183832,-15.953076923076921,18.66692307692307,-16.854261310534827,19.72141179530105,34.61999999999999,18.66692307692307,19.72141179530105
Algorand,full mesh,Gaming,8,16,10,2023,hop,40 nodes,0,energy_observed,kWh,energy,energy_valid_observed,13,13,0,0,0,13,21.432979649010427,17.298836224389067,25.617646630566025,19.564756598858157,23.56016078260759,2.6522636256636036,3.9954041837494323,18.64138467529363,12.374684570682454,-4.13414342462136,4.184666981555598,-19.288701302024684,19.52442940778328,8.318810406176958,4.184666981555598,19.52442940778328
Algorand,full mesh,Gaming,8,16,10,2023,hop,40 nodes,0,energy_positive_commit,kWh,energy,energy_valid_positive_commit,13,13,0,0,0,13,21.432979649010427,17.298836224389067,25.617646630566025,19.564756598858157,23.56016078260759,2.6522636256636036,3.9954041837494323,18.64138467529363,12.374684570682454,-4.13414342462136,4.184666981555598,-19.288701302024684,19.52442940778328,8.318810406176958,4.184666981555598,19.52442940778328
Algorand,full mesh,PayPal,8,16,10,2023,hop,10 nodes,0,tps_positive_commit,TPS,average_throughput,tps_point_valid_positive_commit,13,13,0,0,0,13,192.26153846153846,190.8,193.5,191.0,193.4,1.2540191795040871,2.4000000000000057,1.2482995919020594,0.6522465125051266,-1.4615384615384528,1.2384615384615358,-0.7601824437865042,0.6441545971033035,2.6999999999999886,1.4615384615384528,0.7601824437865042
Algorand,full mesh,PayPal,8,16,10,2023,hop,10 nodes,0,latency_positive_commit,s,average_latency,latency_valid_positive_commit,13,13,0,0,0,13,11.741538461538461,11.65,11.83,11.71,11.8,0.05970010522689693,0.08999999999999986,0.766509433962263,0.5084521540550708,-0.09153846153846068,0.08846153846153904,-0.7796121593291332,0.7534067085953927,0.17999999999999972,0.09153846153846068,0.7796121593291332
Algorand,full mesh,PayPal,8,16,10,2023,hop,10 nodes,0,energy_observed,kWh,energy,energy_valid_observed,13,13,0,0,0,13,22.848157447413715,16.40727349680542,29.43148582037963,21.910325128146276,24.62991376036072,3.612057919864178,2.7195886322144425,11.902879426814719,15.808968089341677,-6.4408839506082955,6.583328372965916,-28.189949082031415,28.81338851116466,13.024212323574211,6.583328372965916,28.81338851116466
Algorand,full mesh,PayPal,8,16,10,2023,hop,10 nodes,0,energy_positive_commit,kWh,energy,energy_valid_positive_commit,13,13,0,0,0,13,22.848157447413715,16.40727349680542,29.43148582037963,21.910325128146276,24.62991376036072,3.612057919864178,2.7195886322144425,11.902879426814719,15.808968089341677,-6.4408839506082955,6.583328372965916,-28.189949082031415,28.81338851116466,13.024212323574211,6.583328372965916,28.81338851116466
Algorand,full mesh,PayPal,8,16,10,2023,hop,40 nodes,0,tps_positive_commit,TPS,average_throughput,tps_point_valid_positive_commit,13,13,0,0,0,13,192.35384615384618,189.8,193.5,191.6,193.1,1.1155083927783642,1.5,0.7798128449172198,0.5799251822010211,-2.553846153846166,1.1461538461538225,-1.3276813564744523,0.5958569943213505,3.6999999999999886,2.553846153846166,1.3276813564744523
Algorand,full mesh,PayPal,8,16,10,2023,hop,40 nodes,0,latency_positive_commit,s,average_latency,latency_valid_positive_commit,13,13,0,0,0,13,12.697692307692309,11.7,18.27,11.76,11.84,2.2427555738650087,0.08000000000000007,0.6300357424123104,17.662702162867337,-0.9976923076923097,5.572307692307691,-7.857272672199688,43.88441267341126,6.57,5.572307692307691,43.88441267341126
Algorand,full mesh,PayPal,8,16,10,2023,hop,40 nodes,0,energy_observed,kWh,energy,energy_valid_observed,13,13,0,0,0,13,21.98098862908626,18.96225502554913,26.17026314939253,19.7086670043183,23.59428191734976,2.611657297042855,3.8856149130314606,17.67716174462615,11.881436914020279,-3.018733603537129,4.18927452030627,-13.733384127875855,19.058626483991848,7.208008123843399,4.18927452030627,19.058626483991848
Algorand,full mesh,PayPal,8,16,10,2023,hop,40 nodes,0,energy_positive_commit,kWh,energy,energy_valid_positive_commit,13,13,0,0,0,13,21.98098862908626,18.96225502554913,26.17026314939253,19.7086670043183,23.59428191734976,2.611657297042855,3.8856149130314606,17.67716174462615,11.881436914020279,-3.018733603537129,4.18927452030627,-13.733384127875855,19.058626483991848,7.208008123843399,4.18927452030627,19.058626483991848
Algorand,full mesh,VISA,8,16,10,2023,hop,10 nodes,0,tps_positive_commit,TPS,average_throughput,tps_point_valid_positive_commit,13,13,0,0,0,13,553.7461538461538,538.1,620.7,544.2,555.7,21.671625665241624,11.5,2.0767638601414147,3.9136390410510384,-15.646153846153766,66.95384615384626,-2.8255101615569336,12.091071999110971,82.60000000000002,66.95384615384626,12.091071999110971
Algorand,full mesh,VISA,8,16,10,2023,hop,10 nodes,0,latency_positive_commit,s,average_latency,latency_valid_positive_commit,13,13,0,0,0,13,15.275384615384617,14.62,20.04,14.69,15.05,1.4417270626151548,0.3600000000000012,2.356732802900602,9.438237392485151,-0.6553846153846177,4.764615384615382,-4.290462282203661,31.191459361466393,5.42,4.764615384615382,31.191459361466393
Algorand,full mesh,VISA,8,16,10,2023,hop,10 nodes,0,energy_observed,kWh,energy,energy_valid_observed,13,13,0,0,0,13,23.389303003001245,17.25481968309122,36.2513023911888,19.277757144711167,25.68202174821396,5.12279283842031,6.404264603502792,27.38116908691557,21.902289425909647,-6.134483319910025,12.861999388187556,-26.227730339475556,54.99094772741685,18.99648270809758,12.861999388187556,54.99094772741685
Algorand,full mesh,VISA,8,16,10,2023,hop,10 nodes,0,energy_positive_commit,kWh,energy,energy_valid_positive_commit,13,13,0,0,0,13,23.389303003001245,17.25481968309122,36.2513023911888,19.277757144711167,25.68202174821396,5.12279283842031,6.404264603502792,27.38116908691557,21.902289425909647,-6.134483319910025,12.861999388187556,-26.227730339475556,54.99094772741685,18.99648270809758,12.861999388187556,54.99094772741685
Algorand,full mesh,VISA,8,16,10,2023,hop,40 nodes,0,tps_positive_commit,TPS,average_throughput,tps_point_valid_positive_commit,13,13,0,0,0,13,495.2461538461539,433.5,581.8,458.2,517.5,45.41096812049954,59.30000000000001,11.973843620887827,9.169373203170046,-61.7461538461539,86.55384615384605,-12.467770494858822,17.476934546923033,148.29999999999995,86.55384615384605,17.476934546923033
Algorand,full mesh,VISA,8,16,10,2023,hop,40 nodes,0,latency_positive_commit,s,average_latency,latency_valid_positive_commit,13,13,0,0,0,13,23.941538461538464,17.74,33.97,20.76,26.45,4.587346448209186,5.689999999999998,23.766225420897044,19.160616831615286,-6.201538461538465,10.028461538461535,-25.902840251895658,41.88728955147151,16.23,10.028461538461535,41.88728955147151
Algorand,full mesh,VISA,8,16,10,2023,hop,40 nodes,0,energy_observed,kWh,energy,energy_valid_observed,13,13,0,0,0,13,22.06650892815172,15.969291833032084,27.165673540470845,20.61811051504818,23.893218349779307,3.095618799707849,3.275107834731127,14.841984499654377,14.028584266714528,-6.097217095119635,5.099164612319125,-27.631090694826714,23.10816191596932,11.19638170743876,6.097217095119635,27.631090694826714
Algorand,full mesh,VISA,8,16,10,2023,hop,40 nodes,0,energy_positive_commit,kWh,energy,energy_valid_positive_commit,13,13,0,0,0,13,22.06650892815172,15.969291833032084,27.165673540470845,20.61811051504818,23.893218349779307,3.095618799707849,3.275107834731127,14.841984499654377,14.028584266714528,-6.097217095119635,5.099164612319125,-27.631090694826714,23.10816191596932,11.19638170743876,6.097217095119635,27.631090694826714
Algorand,hypercube,DDoS,8,16,10,2023,hop,10 nodes,0,tps_positive_commit,TPS,average_throughput,tps_point_valid_positive_commit,13,13,0,0,0,13,759.1692307692308,666.9,835.1,732.4,793.4,49.446054520985875,61.0,8.035099096178008,6.513179475264624,-92.26923076923083,75.93076923076922,-12.15397397965388,10.001823856036962,168.20000000000005,92.26923076923083,12.15397397965388
Algorand,hypercube,DDoS,8,16,10,2023,hop,10 nodes,0,latency_positive_commit,s,average_latency,latency_valid_positive_commit,13,13,0,0,0,13,31.91461538461538,27.21,35.41,29.99,34.59,2.679700279834219,4.600000000000005,14.413458989129667,8.396467410119515,-4.70461538461538,3.4953846153846158,-14.741256718648303,10.95230060980019,8.199999999999996,4.70461538461538,14.741256718648303
Algorand,hypercube,DDoS,8,16,10,2023,hop,10 nodes,0,energy_observed,kWh,energy,energy_valid_observed,13,13,0,0,0,13,11.119126023517554,8.227625366960536,14.80282390701194,9.794330529806295,12.367277068538938,1.8288602551178486,2.5729465387326425,23.13982711672411,16.447877749111846,-2.8915006565570174,3.6836978834943856,-26.004747589345932,33.129383331955815,6.575198540051403,3.6836978834943856,33.129383331955815
Algorand,hypercube,DDoS,8,16,10,2023,hop,10 nodes,0,energy_positive_commit,kWh,energy,energy_valid_positive_commit,13,13,0,0,0,13,11.119126023517554,8.227625366960536,14.80282390701194,9.794330529806295,12.367277068538938,1.8288602551178486,2.5729465387326425,23.13982711672411,16.447877749111846,-2.8915006565570174,3.6836978834943856,-26.004747589345932,33.129383331955815,6.575198540051403,3.6836978834943856,33.129383331955815
Algorand,hypercube,DDoS,8,16,10,2023,hop,40 nodes,0,tps_positive_commit,TPS,average_throughput,tps_point_valid_positive_commit,13,13,0,0,0,13,440.7846153846154,226.0,594.4,365.7,512.4,114.35366811019404,146.7,33.281560853024324,25.94320766173122,-214.7846153846154,153.61538461538458,-48.72779309622701,34.85044152036578,368.4,214.7846153846154,48.72779309622701
Algorand,hypercube,DDoS,8,16,10,2023,hop,40 nodes,0,latency_positive_commit,s,average_latency,latency_valid_positive_commit,13,13,0,0,0,13,52.019999999999996,37.56,75.23,43.75,56.56,11.847805704011185,12.810000000000002,24.625144175317192,22.775481937737766,-14.459999999999994,23.210000000000008,-27.797001153402526,44.617454825067306,37.67,23.210000000000008,44.617454825067306
Algorand,hypercube,DDoS,8,16,10,2023,hop,40 nodes,0,energy_observed,kWh,energy,energy_valid_observed,13,13,0,0,0,13,10.760485993620886,8.390802251795451,13.105038292731791,9.953804630809174,11.726952228591198,1.511203059990593,1.7731475977820246,16.4783226225395,14.044003782788955,-2.369683741825435,2.344552299110905,-22.022088437550583,21.788535392368157,4.71423604093634,2.369683741825435,22.022088437550583
Algorand,hypercube,DDoS,8,16,10,2023,hop,40 nodes,0,energy_positive_commit,kWh,energy,energy_valid_positive_commit,13,13,0,0,0,13,10.760485993620886,8.390802251795451,13.105038292731791,9.953804630809174,11.726952228591198,1.511203059990593,1.7731475977820246,16.4783226225395,14.044003782788955,-2.369683741825435,2.344552299110905,-22.022088437550583,21.788535392368157,4.71423604093634,2.369683741825435,22.022088437550583
Algorand,hypercube,FIFA,8,16,10,2023,hop,10 nodes,0,tps_positive_commit,TPS,average_throughput,tps_point_valid_positive_commit,13,13,0,0,0,13,123.4846153846154,29.9,215.5,62.9,172.8,61.81029911691964,109.9,88.99894100791128,50.05506064411358,-93.5846153846154,92.0153846153846,-75.78645735999503,74.51566685354761,185.6,93.5846153846154,75.78645735999503
Algorand,hypercube,FIFA,8,16,10,2023,hop,10 nodes,0,latency_positive_commit,s,average_latency,latency_valid_positive_commit,13,13,0,0,0,13,47.23538461538461,14.81,67.64,45.34,55.06,15.52250496074684,9.719999999999999,20.577793700941275,32.86202724321873,-32.42538461538461,20.40461538461539,-68.64638634661108,43.19773312054198,52.83,32.42538461538461,68.64638634661108
Algorand,hypercube,FIFA,8,16,10,2023,hop,10 nodes,0,energy_observed,kWh,energy,energy_valid_observed,13,13,0,0,0,13,8.846218444263068,5.649053517159379,12.553009351447535,7.871905235963923,9.841035883103356,1.9891730678226134,1.9691306471394325,22.25957520206218,22.486140042275668,-3.197164927103689,3.706790907184468,-36.14160047310507,41.90254774443637,6.903955834288157,3.706790907184468,41.90254774443637
Algorand,hypercube,FIFA,8,16,10,2023,hop,10 nodes,0,energy_positive_commit,kWh,energy,energy_valid_positive_commit,13,13,0,0,0,13,8.846218444263068,5.649053517159379,12.553009351447535,7.871905235963923,9.841035883103356,1.9891730678226134,1.9691306471394325,22.25957520206218,22.486140042275668,-3.197164927103689,3.706790907184468,-36.14160047310507,41.90254774443637,6.903955834288157,3.706790907184468,41.90254774443637
Algorand,hypercube,FIFA,8,16,10,2023,hop,40 nodes,0,tps_positive_commit,TPS,average_throughput,tps_point_valid_positive_commit,13,13,0,0,0,13,67.61538461538461,13.2,153.6,40.7,94.1,39.70058450774258,53.39999999999999,78.97610921501705,58.71531269632009,-54.41538461538461,85.98461538461538,-80.47781569965869,127.16723549488056,140.4,85.98461538461538,127.16723549488056
Algorand,hypercube,FIFA,8,16,10,2023,hop,40 nodes,0,latency_positive_commit,s,average_latency,latency_valid_positive_commit,13,13,0,0,0,13,79.44153846153849,61.7,129.36,67.68,81.25,18.33848269175772,13.569999999999993,17.08174371090496,23.084249181095945,-17.741538461538482,49.91846153846153,-22.332823363092377,62.83672560373372,67.66000000000001,49.91846153846153,62.83672560373372
Algorand,hypercube,FIFA,8,16,10,2023,hop,40 nodes,0,energy_observed,kWh,energy,energy_valid_observed,13,13,0,0,0,13,9.058424373049373,5.88168565550493,12.278582711520311,7.743459368479648,9.709252561550215,1.8645575858467078,1.9657931930705672,21.701270685873315,20.583685518136466,-3.176738717544443,3.220158338470938,-35.06944018869194,35.5487688129467,6.396897056015381,3.220158338470938,35.5487688129467
Algorand,hypercube,FIFA,8,16,10,2023,hop,40 nodes,0,energy_positive_commit,kWh,energy,energy_valid_positive_commit,13,13,0,0,0,13,9.058424373049373,5.88168565550493,12.278582711520311,7.743459368479648,9.709252561550215,1.8645575858467078,1.9657931930705672,21.701270685873315,20.583685518136466,-3.176738717544443,3.220158338470938,-35.06944018869194,35.5487688129467,6.396897056015381,3.220158338470938,35.5487688129467
Algorand,hypercube,GAFAM,8,16,10,2023,hop,10 nodes,0,tps_positive_commit,TPS,average_throughput,tps_point_valid_positive_commit,13,13,0,0,0,13,119.65384615384616,45.3,160.2,108.8,136.9,36.87484724001388,28.10000000000001,23.484410157505632,30.817937262628117,-74.35384615384616,40.54615384615383,-62.14079074252652,33.88621022179362,114.89999999999999,74.35384615384616,62.14079074252652
Algorand,hypercube,GAFAM,8,16,10,2023,hop,10 nodes,0,latency_positive_commit,s,average_latency,latency_valid_positive_commit,13,13,0,0,0,13,20.641538461538463,17.38,24.52,19.08,21.79,2.192121674519331,2.710000000000001,13.128866363568612,10.619952958467355,-3.261538461538464,3.8784615384615364,-15.800849668331233,18.78959528955801,7.140000000000001,3.8784615384615364,18.78959528955801
Algorand,hypercube,GAFAM,8,16,10,2023,hop,10 nodes,0,energy_observed,kWh,energy,energy_valid_observed,13,13,0,0,0,13,13.785599343289611,10.0301281947453,18.02591804796351,12.176594916379758,15.37851522710621,2.1982463687915725,3.201920310726452,23.22655860650008,15.945961536025697,-3.755471148544311,4.2403187046739,-27.241986764778236,30.759044993846796,7.995789853218211,4.2403187046739,30.759044993846796
Algorand,hypercube,GAFAM,8,16,10,2023,hop,10 nodes,0,energy_positive_commit,kWh,energy,energy_valid_positive_commit,13,13,0,0,0,13,13.785599343289611,10.0301281947453,18.02591804796351,12.176594916379758,15.37851522710621,2.1982463687915725,3.201920310726452,23.22655860650008,15.945961536025697,-3.755471148544311,4.2403187046739,-27.241986764778236,30.759044993846796,7.995789853218211,4.2403187046739,30.759044993846796
Algorand,hypercube,GAFAM,8,16,10,2023,hop,40 nodes,0,tps_positive_commit,TPS,average_throughput,tps_point_valid_positive_commit,13,13,0,0,0,13,125.51538461538462,63.8,149.6,124.1,141.6,25.493850439986705,17.5,13.942513942513942,20.31133515473599,-61.71538461538462,24.084615384615375,-49.169577741006314,19.188576331433467,85.8,61.71538461538462,49.169577741006314
Algorand,hypercube,GAFAM,8,16,10,2023,hop,40 nodes,0,latency_positive_commit,s,average_latency,latency_valid_positive_commit,13,13,0,0,0,13,31.404615384615383,20.05,60.04,26.58,32.11,10.356897552987427,5.530000000000001,17.608876696223,32.97890270632356,-11.354615384615382,28.635384615384616,-36.15588105618967,91.18208984470681,39.989999999999995,28.635384615384616,91.18208984470681
Algorand,hypercube,GAFAM,8,16,10,2023,hop,40 nodes,0,energy_observed,kWh,energy,energy_valid_observed,13,13,0,0,0,13,14.16862327782809,11.299413014154846,16.099508137491405,12.190812992284007,15.821006322790268,1.7792050670532344,3.630193330506261,25.621355436748782,12.55736024711336,-2.869210263673244,1.9308848596633155,-20.250452054598387,13.62789328081635,4.800095123336559,2.869210263673244,20.250452054598387
Algorand,hypercube,GAFAM,8,16,10,2023,hop,40 nodes,0,energy_positive_commit,kWh,energy,energy_valid_positive_commit,13,13,0,0,0,13,14.16862327782809,11.299413014154846,16.099508137491405,12.190812992284007,15.821006322790268,1.7792050670532344,3.630193330506261,25.621355436748782,12.55736024711336,-2.869210263673244,1.9308848596633155,-20.250452054598387,13.62789328081635,4.800095123336559,2.869210263673244,20.250452054598387
Algorand,hypercube,Gaming,8,16,10,2023,hop,10 nodes,0,tps_positive_commit,TPS,average_throughput,tps_point_valid_positive_commit,13,13,0,0,0,13,235.0,150.1,329.2,185.6,278.1,60.514116810322314,92.50000000000003,39.36170212765959,25.750688004392472,-84.9,94.19999999999999,-36.12765957446808,40.085106382978715,179.1,94.19999999999999,40.085106382978715
Algorand,hypercube,Gaming,8,16,10,2023,hop,10 nodes,0,latency_positive_commit,s,average_latency,latency_valid_positive_commit,13,13,0,0,0,13,79.64153846153847,57.37,96.81,68.98,86.22,11.93070258210153,17.239999999999995,21.64699518998589,14.980502401850588,-22.271538461538476,17.16846153846153,-27.964726563254597,21.55716962543704,39.440000000000005,22.271538461538476,27.964726563254597
Algorand,hypercube,Gaming,8,16,10,2023,hop,10 nodes,0,energy_observed,kWh,energy,energy_valid_observed,13,13,0,0,0,13,20.633992137921236,13.50773534966192,26.804221423337594,18.419778751979493,22.513953317102043,3.904914413267806,4.09417456512255,19.841892629193453,18.9246675445385,-7.126256788259317,6.170229285416358,-34.5364907606156,29.903225920478494,13.296486073675675,7.126256788259317,34.5364907606156
Algorand,hypercube,Gaming,8,16,10,2023,hop,10 nodes,0,energy_positive_commit,kWh,energy,energy_valid_positive_commit,13,13,0,0,0,13,20.633992137921236,13.50773534966192,26.804221423337594,18.419778751979493,22.513953317102043,3.904914413267806,4.09417456512255,19.841892629193453,18.9246675445385,-7.126256788259317,6.170229285416358,-34.5364907606156,29.903225920478494,13.296486073675675,7.126256788259317,34.5364907606156
Algorand,hypercube,Gaming,8,16,10,2023,hop,40 nodes,0,tps_positive_commit,TPS,average_throughput,tps_point_valid_positive_commit,13,13,0,0,0,13,250.59230769230768,123.7,340.9,246.3,270.0,55.80969840356993,23.69999999999999,9.457592780182335,22.271113952985512,-126.89230769230768,90.30769230769229,-50.63695245111581,36.03769530650458,217.2,126.89230769230768,50.63695245111581
Algorand,hypercube,Gaming,8,16,10,2023,hop,40 nodes,0,latency_positive_commit,s,average_latency,latency_valid_positive_commit,13,13,0,0,0,13,85.94769230769231,55.1,107.41,78.97,96.75,15.67318099698024,17.78,20.687001038198545,18.235720559977725,-30.847692307692306,21.46230769230769,-35.89123975226434,24.97136004009594,52.309999999999995,30.847692307692306,35.89123975226434
Algorand,hypercube,Gaming,8,16,10,2023,hop,40 nodes,0,energy_observed,kWh,energy,energy_valid_observed,13,13,0,0,0,13,20.78533312375008,14.496180555195028,28.193402326884254,17.282193003290473,24.05970994279945,4.671836103053587,6.777516939508978,32.60720864639278,22.476599606264557,-6.28915256855505,7.4080692031341755,-30.257646250417004,35.640849049801595,13.697221771689225,7.4080692031341755,35.640849049801595
Algorand,hypercube,Gaming,8,16,10,2023,hop,40 nodes,0,energy_positive_commit,kWh,energy,energy_valid_positive_commit,13,13,0,0,0,13,20.78533312375008,14.496180555195028,28.193402326884254,17.282193003290473,24.05970994279945,4.671836103053587,6.777516939508978,32.60720864639278,22.476599606264557,-6.28915256855505,7.4080692031341755,-30.257646250417004,35.640849049801595,13.697221771689225,7.4080692031341755,35.640849049801595
Algorand,hypercube,PayPal,8,16,10,2023,hop,10 nodes,0,tps_positive_commit,TPS,average_throughput,tps_point_valid_positive_commit,13,13,0,0,0,13,192.84615384615384,191.6,193.4,192.6,193.3,0.5109066852426624,0.700000000000017,0.3629836457917919,0.26492967324110933,-1.2461538461538453,0.5538461538461661,-0.646190666134822,0.287195851615483,1.8000000000000114,1.2461538461538453,0.646190666134822
Algorand,hypercube,PayPal,8,16,10,2023,hop,10 nodes,0,latency_positive_commit,s,average_latency,latency_valid_positive_commit,13,13,0,0,0,13,11.91230769230769,11.83,12.05,11.88,11.95,0.057901330749509566,0.06999999999999851,0.5876275345473206,0.4860630890763428,-0.08230769230769042,0.13769230769231022,-0.6909466615006945,1.1558827327909293,0.22000000000000064,0.13769230769231022,1.1558827327909293
Algorand,hypercube,PayPal,8,16,10,2023,hop,10 nodes,0,energy_observed,kWh,energy,energy_valid_observed,13,13,0,0,0,13,21.847641231809266,16.734308649480987,24.11829164244652,21.230895581968944,23.52280936608142,2.1135422008189564,2.2919137841124773,10.490440408621986,9.674006353334502,-5.11333258232828,2.270650410637252,-23.40450636329325,10.393114691627572,7.383982992965532,5.11333258232828,23.40450636329325
Algorand,hypercube,PayPal,8,16,10,2023,hop,10 nodes,0,energy_positive_commit,kWh,energy,energy_valid_positive_commit,13,13,0,0,0,13,21.847641231809266,16.734308649480987,24.11829164244652,21.230895581968944,23.52280936608142,2.1135422008189564,2.2919137841124773,10.490440408621986,9.674006353334502,-5.11333258232828,2.270650410637252,-23.40450636329325,10.393114691627572,7.383982992965532,5.11333258232828,23.40450636329325
Algorand,hypercube,PayPal,8,16,10,2023,hop,40 nodes,0,tps_positive_commit,TPS,average_throughput,tps_point_valid_positive_commit,13,13,0,0,0,13,192.6769230769231,190.8,193.5,192.2,193.2,0.7726079710455194,1.0,0.5190035132545512,0.40098625134109517,-1.8769230769230774,0.8230769230769113,-0.9741296710316194,0.42717981475566297,2.6999999999999886,1.8769230769230774,0.9741296710316194
Algorand,hypercube,PayPal,8,16,10,2023,hop,40 nodes,0,latency_positive_commit,s,average_latency,latency_valid_positive_commit,13,13,0,0,0,13,12.931538461538462,11.92,18.15,11.97,12.05,2.281252748505544,0.08000000000000007,0.6186425554696335,17.641000375094922,-1.0115384615384624,5.218461538461536,-7.822259235024693,40.35452977217296,6.229999999999999,5.218461538461536,40.35452977217296
Algorand,hypercube,PayPal,8,16,10,2023,hop,40 nodes,0,energy_observed,kWh,energy,energy_valid_observed,13,13,0,0,0,13,23.134081871405407,19.00534638663753,29.30391669402923,22.16571019879633,23.83308925176149,2.820386897179553,1.6673790529651598,7.207457215002351,12.191479708843156,-4.128735484767876,6.169834822623823,-17.84698224774223,26.669892744911436,10.2985703073917,6.169834822623823,26.669892744911436
Algorand,hypercube,PayPal,8,16,10,2023,hop,40 nodes,0,energy_positive_commit,kWh,energy,energy_valid_positive_commit,13,13,0,0,0,13,23.134081871405407,19.00534638663753,29.30391669402923,22.16571019879633,23.83308925176149,2.820386897179553,1.6673790529651598,7.207457215002351,12.191479708843156,-4.128735484767876,6.169834822623823,-17.84698224774223,26.669892744911436,10.2985703073917,6.169834822623823,26.669892744911436
Algorand,hypercube,VISA,8,16,10,2023,hop,10 nodes,0,tps_positive_commit,TPS,average_throughput,tps_point_valid_positive_commit,13,13,0,0,0,13,552.0230769230768,537.1,575.3,543.7,560.4,12.813089260996197,16.699999999999932,3.0252358457700925,2.321114786072915,-14.923076923076792,23.27692307692314,-2.7033429483159614,4.216657609074327,38.19999999999993,23.27692307692314,4.216657609074327
Algorand,hypercube,VISA,8,16,10,2023,hop,10 nodes,0,latency_positive_commit,s,average_latency,latency_valid_positive_commit,13,13,0,0,0,13,15.644615384615387,14.86,19.85,15.08,15.56,1.2995295006566507,0.4800000000000004,3.0681482938342044,8.306560875472739,-0.7846153846153872,4.205384615384615,-5.015242403382845,26.880715901268555,4.990000000000002,4.205384615384615,26.880715901268555
Algorand,hypercube,VISA,8,16,10,2023,hop,10 nodes,0,energy_observed,kWh,energy,energy_valid_observed,13,13,0,0,0,13,22.09818591980234,18.82163830896023,27.247707666230543,20.711798650559768,23.080018417740792,2.582678857955862,2.3682197671810243,10.716806238193724,11.687289026025912,-3.2765476108421083,5.149521746428203,-14.827224382730758,23.302916199169456,8.426069357270311,5.149521746428203,23.302916199169456
Algorand,hypercube,VISA,8,16,10,2023,hop,10 nodes,0,energy_positive_commit,kWh,energy,energy_valid_positive_commit,13,13,0,0,0,13,22.09818591980234,18.82163830896023,27.247707666230543,20.711798650559768,23.080018417740792,2.582678857955862,2.3682197671810243,10.716806238193724,11.687289026025912,-3.2765476108421083,5.149521746428203,-14.827224382730758,23.302916199169456,8.426069357270311,5.149521746428203,23.302916199169456
Algorand,hypercube,VISA,8,16,10,2023,hop,40 nodes,0,tps_positive_commit,TPS,average_throughput,tps_point_valid_positive_commit,13,13,0,0,0,13,425.7230769230768,350.6,520.0,375.9,458.1,58.144176461708156,82.20000000000005,19.30832610581094,13.65774598876493,-75.12307692307678,94.2769230769232,-17.645995952587423,22.145128649898847,169.39999999999998,94.2769230769232,22.145128649898847
Algorand,hypercube,VISA,8,16,10,2023,hop,40 nodes,0,latency_positive_commit,s,average_latency,latency_valid_positive_commit,13,13,0,0,0,13,28.24153846153846,19.71,35.83,25.38,30.9,4.894755435078525,5.52,19.545677398267692,17.331759180699688,-8.53153846153846,7.588461538461537,-30.209184507272425,26.86985890940785,16.119999999999997,8.53153846153846,30.209184507272425
Algorand,hypercube,VISA,8,16,10,2023,hop,40 nodes,0,energy_observed,kWh,energy,energy_valid_observed,13,13,0,0,0,13,22.589005989024642,18.451693820959942,27.500890096528227,20.1997420628604,24.46137938437484,2.8555842848338155,4.261637321514442,18.865979864652083,12.641478275853585,-4.1373121680647,4.911884107503585,-18.31560082845125,21.744578357675987,9.049196275568285,4.911884107503585,21.744578357675987
Algorand,hypercube,VISA,8,16,10,2023,hop,40 nodes,0,energy_positive_commit,kWh,energy,energy_valid_positive_commit,13,13,0,0,0,13,22.589005989024642,18.451693820959942,27.500890096528227,20.1997420628604,24.46137938437484,2.8555842848338155,4.261637321514442,18.865979864652083,12.641478275853585,-4.1373121680647,4.911884107503585,-18.31560082845125,21.744578357675987,9.049196275568285,4.911884107503585,21.744578357675987
Algorand,scale-free,DDoS,8,16,10,2023,hop,10 nodes,0,tps_positive_commit,TPS,average_throughput,tps_point_valid_positive_commit,13,13,0,0,0,13,612.9076923076923,517.5,673.3,589.1,651.2,51.367458271076345,62.10000000000002,10.132031426491633,8.38094527377686,-95.40769230769229,60.39230769230767,-15.566404779236423,9.853409975149974,155.79999999999995,95.40769230769229,15.566404779236423
Algorand,scale-free,DDoS,8,16,10,2023,hop,10 nodes,0,latency_positive_commit,s,average_latency,latency_valid_positive_commit,13,13,0,0,0,13,39.19461538461538,35.45,43.31,37.94,40.32,2.1682505059172144,2.3800000000000026,6.072262673444161,5.532011182251052,-3.744615384615379,4.11538461538462,-9.553902616136426,10.499872431456453,7.859999999999999,4.11538461538462,10.499872431456453
Algorand,scale-free,DDoS,8,16,10,2023,hop,10 nodes,0,energy_observed,kWh,energy,energy_valid_observed,13,13,0,0,0,13,10.232890191221845,7.674215915485622,13.020502773133323,8.970583321050789,11.609593976527137,1.735962214103749,2.6390106554763477,25.789494523650703,16.964534766462386,-2.558674275736223,2.7876125819114783,-25.004414470617004,27.241693498311907,5.346286857647701,2.7876125819114783,27.241693498311907
Algorand,scale-free,DDoS,8,16,10,2023,hop,10 nodes,0,energy_positive_commit,kWh,energy,energy_valid_positive_commit,13,13,0,0,0,13,10.232890191221845,7.674215915485622,13.020502773133323,8.970583321050789,11.609593976527137,1.735962214103749,2.6390106554763477,25.789494523650703,16.964534766462386,-2.558674275736223,2.7876125819114783,-25.004414470617004,27.241693498311907,5.346286857647701,2.7876125819114783,27.241693498311907
Algorand,scale-free,DDoS,8,16,10,2023,hop,40 nodes,0,tps_positive_commit,TPS,average_throughput,tps_point_valid_positive_commit,13,13,0,0,0,13,276.59999999999997,125.6,376.5,247.8,303.7,65.64756913499032,55.89999999999998,20.209689081706433,23.733756014096286,-150.99999999999997,99.90000000000003,-54.59146782357194,36.11713665943603,250.9,150.99999999999997,54.59146782357194
Algorand,scale-free,DDoS,8,16,10,2023,hop,40 nodes,0,latency_positive_commit,s,average_latency,latency_valid_positive_commit,13,13,0,0,0,13,65.51230769230769,46.0,76.58,58.65,71.66,9.633900347078328,13.009999999999998,19.858863865861963,14.705481590308137,-19.512307692307687,11.067692307692312,-29.784186177582598,16.894065706972274,30.58,19.512307692307687,29.784186177582598
Algorand,scale-free,DDoS,8,16,10,2023,hop,40 nodes,0,energy_observed,kWh,energy,energy_valid_observed,13,13,0,0,0,13,10.625582363292184,7.73493474895657,14.21951075770574,9.665936599285011,11.685293628916178,1.8440720947122615,2.0193570296311663,19.004671561413577,17.355021415888796,-2.890647614335614,3.593928394413556,-27.204604091365663,33.82335453752983,6.48457600874917,3.593928394413556,33.82335453752983
Algorand,scale-free,DDoS,8,16,10,2023,hop,40 nodes,0,energy_positive_commit,kWh,energy,energy_valid_positive_commit,13,13,0,0,0,13,10.625582363292184,7.73493474895657,14.21951075770574,9.665936599285011,11.685293628916178,1.8440720947122615,2.0193570296311663,19.004671561413577,17.355021415888796,-2.890647614335614,3.593928394413556,-27.204604091365663,33.82335453752983,6.48457600874917,3.593928394413556,33.82335453752983
Algorand,scale-free,FIFA,8,16,10,2023,hop,10 nodes,0,tps_positive_commit,TPS,average_throughput,tps_point_valid_positive_commit,17,17,0,0,0,17,84.54117647058824,9.6,230.2,36.8,117.2,60.857569977196846,80.4,95.10158641803507,71.98571455694032,-74.94117647058825,145.65882352941173,-88.64458669635403,172.2933481770108,220.6,145.65882352941173,172.2933481770108
Algorand,scale-free,FIFA,8,16,10,2023,hop,10 nodes,0,latency_positive_commit,s,average_latency,latency_valid_positive_commit,17,17,0,0,0,17,53.00294117647059,23.45,90.45,39.69,65.2,18.28138320967053,25.510000000000005,48.12940458354143,34.491261812818266,-29.552941176470593,37.44705882352941,-55.75717218800289,70.650907274846,67.0,37.44705882352941,70.650907274846
Algorand,scale-free,FIFA,8,16,10,2023,hop,10 nodes,0,energy_observed,kWh,energy,energy_valid_observed,17,17,0,0,0,17,9.556208123352839,7.973587292524978,11.59488760131541,8.870742010359471,10.040942023888295,1.0554325350815228,1.1702000135288237,12.245442945818281,11.04446995563361,-1.582620830827861,2.038679477962571,-16.56118002453667,21.333560881544418,3.621300308790432,2.038679477962571,21.333560881544418
Algorand,scale-free,FIFA,8,16,10,2023,hop,10 nodes,0,energy_positive_commit,kWh,energy,energy_valid_positive_commit,17,17,0,0,0,17,9.556208123352839,7.973587292524978,11.59488760131541,8.870742010359471,10.040942023888295,1.0554325350815228,1.1702000135288237,12.245442945818281,11.04446995563361,-1.582620830827861,2.038679477962571,-16.56118002453667,21.333560881544418,3.621300308790432,2.038679477962571,21.333560881544418
Algorand,scale-free,FIFA,8,16,10,2023,hop,40 nodes,0,tps_positive_commit,TPS,average_throughput,tps_point_valid_positive_commit,11,11,0,0,0,11,38.77272727272727,4.9,80.1,17.55,67.4,27.586775487870668,49.85000000000001,128.5697538100821,71.14994850330066,-33.872727272727275,41.32727272727272,-87.36225087924971,106.58851113716294,75.19999999999999,41.32727272727272,106.58851113716294
Algorand,scale-free,FIFA,8,16,10,2023,hop,40 nodes,0,latency_positive_commit,s,average_latency,latency_valid_positive_commit,11,11,0,0,0,11,75.49818181818182,64.73,92.49,70.89,79.59,8.15237489101405,8.700000000000003,11.523456314420578,10.798107576480415,-10.768181818181816,16.991818181818175,-14.262835950293802,22.5062614391677,27.75999999999999,16.991818181818175,22.5062614391677
Algorand,scale-free,FIFA,8,16,10,2023,hop,40 nodes,0,energy_observed,kWh,energy,energy_valid_observed,11,11,0,0,0,11,9.155685202707504,6.531154154740525,11.784769804983386,8.535754293654868,10.062294568707568,1.4432983044553902,1.5265402750526995,16.673140690783836,15.763957284470422,-2.624531047966979,2.6290846022758814,-28.665588537173136,28.715323256181993,5.25361565024286,2.6290846022758814,28.715323256181993
Algorand,scale-free,FIFA,8,16,10,2023,hop,40 nodes,0,energy_positive_commit,kWh,energy,energy_valid_positive_commit,11,11,0,0,0,11,9.155685202707504,6.531154154740525,11.784769804983386,8.535754293654868,10.062294568707568,1.4432983044553902,1.5265402750526995,16.673140690783836,15.763957284470422,-2.624531047966979,2.6290846022758814,-28.665588537173136,28.715323256181993,5.25361565024286,2.6290846022758814,28.715323256181993
Algorand,scale-free,GAFAM,8,16,10,2023,hop,10 nodes,0,tps_positive_commit,TPS,average_throughput,tps_point_valid_positive_commit,13,13,0,0,0,13,78.93846153846154,14.4,145.6,56.2,102.9,36.5040075074308,46.7,59.16000779575131,46.24362673909573,-64.53846153846153,66.66153846153846,-81.75794192165269,84.44747612551159,131.2,66.66153846153846,84.44747612551159
Algorand,scale-free,GAFAM,8,16,10,2023,hop,10 nodes,0,latency_positive_commit,s,average_latency,latency_valid_positive_commit,13,13,0,0,0,13,26.844615384615388,18.84,31.72,25.68,29.18,3.541286525601995,3.5,13.03799644678778,13.191794610816073,-8.004615384615388,4.875384615384611,-29.81832769786235,18.161499226316675,12.879999999999999,8.004615384615388,29.81832769786235
Algorand,scale-free,GAFAM,8,16,10,2023,hop,10 nodes,0,energy_observed,kWh,energy,energy_valid_observed,13,13,0,0,0,13,15.39398039437707,11.292632314971351,18.954103833760943,14.338390297838345,16.410050967662507,2.259503667183791,2.071660669824162,13.457602366317639,14.677839059799734,-4.101348079405719,3.5601234393838723,-26.64254451632153,23.12672452593399,7.661471518789591,4.101348079405719,26.64254451632153
Algorand,scale-free,GAFAM,8,16,10,2023,hop,10 nodes,0,energy_positive_commit,kWh,energy,energy_valid_positive_commit,13,13,0,0,0,13,15.39398039437707,11.292632314971351,18.954103833760943,14.338390297838345,16.410050967662507,2.259503667183791,2.071660669824162,13.457602366317639,14.677839059799734,-4.101348079405719,3.5601234393838723,-26.64254451632153,23.12672452593399,7.661471518789591,4.101348079405719,26.64254451632153
Algorand,scale-free,GAFAM,8,16,10,2023,hop,40 nodes,0,tps_positive_commit,TPS,average_throughput,tps_point_valid_positive_commit,13,13,0,0,0,13,94.94615384615386,13.7,140.5,73.0,124.9,43.32225400770015,51.900000000000006,54.662561775905374,45.62823479705921,-81.24615384615386,45.55384615384614,-85.57076885684194,47.9786113586648,126.8,81.24615384615386,85.57076885684194
Algorand,scale-free,GAFAM,8,16,10,2023,hop,40 nodes,0,latency_positive_commit,s,average_latency,latency_valid_positive_commit,13,13,0,0,0,13,47.93692307692307,34.25,66.85,38.7,54.93,11.182229491933011,16.229999999999997,33.85699155942103,23.326965466659576,-13.686923076923073,18.913076923076922,-28.55194325876953,39.45409031098559,32.599999999999994,18.913076923076922,39.45409031098559
Algorand,scale-free,GAFAM,8,16,10,2023,hop,40 nodes,0,energy_observed,kWh,energy,energy_valid_observed,13,13,0,0,0,13,14.370053277861205,11.654843035890606,18.06521722713804,13.267659955773578,15.57466500890552,1.8945964469014427,2.3070050531319417,16.05425539156602,13.18433836164196,-2.715210241970599,3.695163949276834,-18.89492119109751,25.714337155379084,6.410374191247433,3.695163949276834,25.714337155379084
Algorand,scale-free,GAFAM,8,16,10,2023,hop,40 nodes,0,energy_positive_commit,kWh,energy,energy_valid_positive_commit,13,13,0,0,0,13,14.370053277861205,11.654843035890606,18.06521722713804,13.267659955773578,15.57466500890552,1.8945964469014427,2.3070050531319417,16.05425539156602,13.18433836164196,-2.715210241970599,3.695163949276834,-18.89492119109751,25.714337155379084,6.410374191247433,3.695163949276834,25.714337155379084
Algorand,scale-free,Gaming,8,16,10,2023,hop,10 nodes,0,tps_positive_commit,TPS,average_throughput,tps_point_valid_positive_commit,12,12,0,0,0,12,151.76666666666662,74.2,226.0,88.45,201.725,59.85397888092978,113.27499999999999,74.63760158137494,39.43815871794188,-77.56666666666662,74.23333333333338,-51.10915879639796,48.91280474412479,151.8,77.56666666666662,51.10915879639796
Algorand,scale-free,Gaming,8,16,10,2023,hop,10 nodes,0,latency_positive_commit,s,average_latency,latency_valid_positive_commit,12,12,0,0,0,12,107.59666666666668,88.66,125.5,103.89,114.885,9.853316316055343,10.995000000000005,10.218718051984265,9.157640865010077,-18.93666666666668,17.90333333333332,-17.599677809101905,16.639301093590248,36.84,18.93666666666668,17.599677809101905
Algorand,scale-free,Gaming,8,16,10,2023,hop,10 nodes,0,energy_observed,kWh,energy,energy_valid_observed,12,12,0,0,0,12,21.282806360600972,14.621328370222036,25.698714472217738,20.20040607165673,22.91748010496587,2.9469501610039783,2.7170740333091388,12.766521422377004,13.846623941753347,-6.661477990378936,4.4159081116167656,-31.29981017311118,20.748711597506034,11.077386101995701,6.661477990378936,31.29981017311118
Algorand,scale-free,Gaming,8,16,10,2023,hop,10 nodes,0,energy_positive_commit,kWh,energy,energy_valid_positive_commit,12,12,0,0,0,12,21.282806360600972,14.621328370222036,25.698714472217738,20.20040607165673,22.91748010496587,2.9469501610039783,2.7170740333091388,12.766521422377004,13.846623941753347,-6.661477990378936,4.4159081116167656,-31.29981017311118,20.748711597506034,11.077386101995701,6.661477990378936,31.29981017311118
Algorand,scale-free,Gaming,8,16,10,2023,hop,40 nodes,0,tps_positive_commit,TPS,average_throughput,tps_point_valid_positive_commit,13,13,0,0,0,13,170.26153846153846,29.2,238.9,157.1,210.6,67.66778576818686,53.5,31.422246317881992,39.743436115768915,-141.06153846153848,68.63846153846154,-82.84991415921208,40.31354477274781,209.70000000000002,141.06153846153848,82.84991415921208
Algorand,scale-free,Gaming,8,16,10,2023,hop,40 nodes,0,latency_positive_commit,s,average_latency,latency_valid_positive_commit,13,13,0,0,0,13,109.92,89.11,126.68,101.35,120.19,12.774301676934568,18.840000000000003,17.13973799126638,11.621453490660997,-20.810000000000002,16.760000000000005,-18.931950509461426,15.247452692867544,37.57000000000001,20.810000000000002,18.931950509461426
Algorand,scale-free,Gaming,8,16,10,2023,hop,40 nodes,0,energy_observed,kWh,energy,energy_valid_observed,13,13,0,0,0,13,21.2342822241608,17.289736626445368,26.094151469756746,19.496838940051237,23.44403610409815,2.6847902353441997,3.947197164046912,18.588794866612965,12.643658999169704,-3.9445455977154325,4.859869245595945,-18.576307671126497,22.88690144687955,8.804414843311378,4.859869245595945,22.88690144687955
Algorand,scale-free,Gaming,8,16,10,2023,hop,40 nodes,0,energy_positive_commit,kWh,energy,energy_valid_positive_commit,13,13,0,0,0,13,21.2342822241608,17.289736626445368,26.094151469756746,19.496838940051237,23.44403610409815,2.6847902353441997,3.947197164046912,18.588794866612965,12.643658999169704,-3.9445455977154325,4.859869245595945,-18.576307671126497,22.88690144687955,8.804414843311378,4.859869245595945,22.88690144687955
Algorand,scale-free,PayPal,8,16,10,2023,hop,10 nodes,0,tps_positive_commit,TPS,average_throughput,tps_point_valid_positive_commit,13,13,0,0,0,13,190.56153846153848,190.2,190.9,190.3,190.8,0.2631174057921119,0.5,0.2623824324869818,0.13807476992279719,-0.3615384615384869,0.33846153846153015,-0.1897226819521386,0.17761272352964486,0.700000000000017,0.3615384615384869,0.1897226819521386
Algorand,scale-free,PayPal,8,16,10,2023,hop,10 nodes,0,latency_positive_commit,s,average_latency,latency_valid_positive_commit,13,13,0,0,0,13,15.297692307692305,15.09,15.44,15.19,15.4,0.11931428010048677,0.21000000000000085,1.3727560718057081,0.7799495355289024,-0.20769230769230518,0.14230769230769447,-1.3576708402473816,0.9302559460954535,0.34999999999999964,0.20769230769230518,1.3576708402473816
Algorand,scale-free,PayPal,8,16,10,2023,hop,10 nodes,0,energy_observed,kWh,energy,energy_valid_observed,13,13,0,0,0,13,21.2603939463538,17.89200698968584,27.547348970682364,19.55927991819673,21.97717941567852,2.591006164639716,2.417899497481791,11.37278784006947,12.187009192668691,-3.368386956667962,6.286955024328563,-15.843483263609265,29.571206630471625,9.655341980996525,6.286955024328563,29.571206630471625
Algorand,scale-free,PayPal,8,16,10,2023,hop,10 nodes,0,energy_positive_commit,kWh,energy,energy_valid_positive_commit,13,13,0,0,0,13,21.2603939463538,17.89200698968584,27.547348970682364,19.55927991819673,21.97717941567852,2.591006164639716,2.417899497481791,11.37278784006947,12.187009192668691,-3.368386956667962,6.286955024328563,-15.843483263609265,29.571206630471625,9.655341980996525,6.286955024328563,29.571206630471625
Algorand,scale-free,PayPal,8,16,10,2023,hop,40 nodes,0,tps_positive_commit,TPS,average_throughput,tps_point_valid_positive_commit,13,13,0,0,0,13,190.66923076923075,189.4,191.8,190.1,191.1,0.6498520541690178,1.0,0.5244684713761246,0.3408269134706593,-1.2692307692307452,1.1307692307692605,-0.6656715213619917,0.5930528099407104,2.4000000000000057,1.2692307692307452,0.6656715213619917
Algorand,scale-free,PayPal,8,16,10,2023,hop,40 nodes,0,latency_positive_commit,s,average_latency,latency_valid_positive_commit,13,13,0,0,0,13,15.373076923076924,15.24,15.61,15.29,15.43,0.10127393670836671,0.14000000000000057,0.910683012259198,0.6587746696065885,-0.1330769230769242,0.23692307692307502,-0.865649236927703,1.5411558669001626,0.3699999999999992,0.23692307692307502,1.5411558669001626
Algorand,scale-free,PayPal,8,16,10,2023,hop,40 nodes,0,energy_observed,kWh,energy,energy_valid_observed,13,13,0,0,0,13,22.27708645230867,16.73761675322699,29.10140982813809,19.987607193851407,24.623821700719084,3.4689048766686574,4.636214506867677,20.811583762504124,15.571627304562352,-5.539469699081678,6.824323375829422,-24.866221671046212,30.633823639545952,12.3637930749111,6.824323375829422,30.633823639545952
Algorand,scale-free,PayPal,8,16,10,2023,hop,40 nodes,0,energy_positive_commit,kWh,energy,energy_valid_positive_commit,13,13,0,0,0,13,22.27708645230867,16.73761675322699,29.10140982813809,19.987607193851407,24.623821700719084,3.4689048766686574,4.636214506867677,20.811583762504124,15.571627304562352,-5.539469699081678,6.824323375829422,-24.866221671046212,30.633823639545952,12.3637930749111,6.824323375829422,30.633823639545952
Algorand,scale-free,VISA,8,16,10,2023,hop,10 nodes,0,tps_positive_commit,TPS,average_throughput,tps_point_valid_positive_commit,13,13,0,0,0,13,486.6307692307692,454.1,514.2,469.2,505.4,20.8548709184603,36.19999999999999,7.438904871802976,4.285563560114823,-32.53076923076918,27.569230769230842,-6.684897726913461,5.665328317157235,60.10000000000002,32.53076923076918,6.684897726913461
Algorand,scale-free,VISA,8,16,10,2023,hop,10 nodes,0,latency_positive_commit,s,average_latency,latency_valid_positive_commit,13,13,0,0,0,13,25.494615384615386,22.31,31.99,23.6,26.87,2.546911905899035,3.2699999999999996,12.826237817940436,9.98999932917583,-3.1846153846153875,6.495384615384612,-12.491325468424716,25.47747639018796,9.68,6.495384615384612,25.47747639018796
Algorand,scale-free,VISA,8,16,10,2023,hop,10 nodes,0,energy_observed,kWh,energy,energy_valid_observed,13,13,0,0,0,13,23.256216135415336,16.606020865078865,26.71476277129327,22.05154180257619,24.529190632203257,2.6085746352824724,2.477648829627068,10.653705724096802,11.216676952490344,-6.6501952703364715,3.4585466358779335,-28.59534513961338,14.871493349303476,10.108741906214405,6.6501952703364715,28.59534513961338
Algorand,scale-free,VISA,8,16,10,2023,hop,10 nodes,0,energy_positive_commit,kWh,energy,energy_valid_positive_commit,13,13,0,0,0,13,23.256216135415336,16.606020865078865,26.71476277129327,22.05154180257619,24.529190632203257,2.6085746352824724,2.477648829627068,10.653705724096802,11.216676952490344,-6.6501952703364715,3.4585466358779335,-28.59534513961338,14.871493349303476,10.108741906214405,6.6501952703364715,28.59534513961338
Algorand,scale-free,VISA,8,16,10,2023,hop,40 nodes,0,tps_positive_commit,TPS,average_throughput,tps_point_valid_positive_commit,13,13,0,0,0,13,265.13846153846157,197.0,309.6,257.2,278.1,29.228027030618474,20.900000000000034,7.882673784379727,11.023684327435305,-68.13846153846157,44.46153846153845,-25.699199257282125,16.769177207844955,112.60000000000002,68.13846153846157,25.699199257282125
Algorand,scale-free,VISA,8,16,10,2023,hop,40 nodes,0,latency_positive_commit,s,average_latency,latency_valid_positive_commit,13,13,0,0,0,13,50.87153846153846,39.51,68.83,45.25,55.8,8.165681076058348,10.549999999999997,20.738511786853763,16.051570923556852,-11.361538461538458,17.958461538461542,-22.33378192430405,35.30158922171988,29.32,17.958461538461542,35.30158922171988
Algorand,scale-free,VISA,8,16,10,2023,hop,40 nodes,0,energy_observed,kWh,energy,energy_valid_observed,13,13,0,0,0,13,22.298855075409794,20.36957505849516,25.11620901891556,21.28685746627294,23.25776566407933,1.5320273677110305,1.9709081978063878,8.838607144363298,6.870430623142099,-1.9292800169146354,2.817353943505765,-8.651924102785713,12.634522866658836,4.7466339604204,2.817353943505765,12.634522866658836
Algorand,scale-free,VISA,8,16,10,2023,hop,40 nodes,0,energy_positive_commit,kWh,energy,energy_valid_positive_commit,13,13,0,0,0,13,22.298855075409794,20.36957505849516,25.11620901891556,21.28685746627294,23.25776566407933,1.5320273677110305,1.9709081978063878,8.838607144363298,6.870430623142099,-1.9292800169146354,2.817353943505765,-8.651924102785713,12.634522866658836,4.7466339604204,2.817353943505765,12.634522866658836
Algorand,torus,DDoS,8,16,10,2023,hop,10 nodes,0,tps_positive_commit,TPS,average_throughput,tps_point_valid_positive_commit,13,13,0,0,0,13,762.2461538461539,676.9,806.5,737.7,793.1,43.76009627092961,55.39999999999998,7.2679933798893925,5.740940252715506,-85.34615384615392,44.2538461538461,-11.19666572478102,5.805715900375401,129.60000000000002,85.34615384615392,11.19666572478102
Algorand,torus,DDoS,8,16,10,2023,hop,10 nodes,0,latency_positive_commit,s,average_latency,latency_valid_positive_commit,13,13,0,0,0,13,30.522307692307688,25.11,37.46,27.32,33.57,3.851681783857873,6.25,20.47682653292674,12.61923515969464,-5.412307692307689,6.937692307692313,-17.73230172131353,22.72990750774971,12.350000000000001,6.937692307692313,22.72990750774971
Algorand,torus,DDoS,8,16,10,2023,hop,10 nodes,0,energy_observed,kWh,energy,energy_valid_observed,13,13,0,0,0,13,10.080287632560113,7.325330248443449,12.943469560499777,9.426800711062656,10.717088934782812,1.5178859512687186,1.2902882237201556,12.800113158997807,15.057962695090454,-2.754957384116664,2.8631819279396638,-27.330146564646995,28.403772117487634,5.618139312056328,2.8631819279396638,28.403772117487634
Algorand,torus,DDoS,8,16,10,2023,hop,10 nodes,0,energy_positive_commit,kWh,energy,energy_valid_positive_commit,13,13,0,0,0,13,10.080287632560113,7.325330248443449,12.943469560499777,9.426800711062656,10.717088934782812,1.5178859512687186,1.2902882237201556,12.800113158997807,15.057962695090454,-2.754957384116664,2.8631819279396638,-27.330146564646995,28.403772117487634,5.618139312056328,2.8631819279396638,28.403772117487634
Algorand,torus,DDoS,8,16,10,2023,hop,40 nodes,0,tps_positive_commit,TPS,average_throughput,tps_point_valid_positive_commit,13,13,0,0,0,13,412.7692307692308,303.3,497.0,352.9,450.5,57.24034685160728,97.60000000000002,23.645173313455093,13.867396740046487,-109.46923076923076,84.23076923076923,-26.520685799478194,20.406261647409615,193.7,109.46923076923076,26.520685799478194
Algorand,torus,DDoS,8,16,10,2023,hop,40 nodes,0,latency_positive_commit,s,average_latency,latency_valid_positive_commit,13,13,0,0,0,13,48.22384615384614,40.8,60.16,45.27,49.69,6.143087630908876,4.419999999999995,9.16558995709112,12.738692827011121,-7.423846153846142,11.936153846153857,-15.394554242235708,24.751559234977936,19.36,11.936153846153857,24.751559234977936
Algorand,torus,DDoS,8,16,10,2023,hop,40 nodes,0,energy_observed,kWh,energy,energy_valid_observed,13,13,0,0,0,13,10.453278900472968,7.313497118920002,12.44735145752059,9.53470328080992,11.900515774919016,1.452018499793198,2.3658124941090968,22.632252680085415,13.89055542876121,-3.1397817815529665,1.9940725570476214,-30.036334163158166,19.07604853973042,5.133854338600588,3.1397817815529665,30.036334163158166
Algorand,torus,DDoS,8,16,10,2023,hop,40 nodes,0,energy_positive_commit,kWh,energy,energy_valid_positive_commit,13,13,0,0,0,13,10.453278900472968,7.313497118920002,12.44735145752059,9.53470328080992,11.900515774919016,1.452018499793198,2.3658124941090968,22.632252680085415,13.89055542876121,-3.1397817815529665,1.9940725570476214,-30.036334163158166,19.07604853973042,5.133854338600588,3.1397817815529665,30.036334163158166
Algorand,torus,FIFA,8,16,10,2023,hop,10 nodes,0,tps_positive_commit,TPS,average_throughput,tps_point_valid_positive_commit,13,13,0,0,0,13,149.69230769230768,4.2,263.9,113.3,198.4,73.80648640802131,85.10000000000001,56.84994861253855,49.305463684700776,-145.4923076923077,114.2076923076923,-97.19424460431655,76.29496402877699,259.7,145.4923076923077,97.19424460431655
Algorand,torus,FIFA,8,16,10,2023,hop,10 nodes,0,latency_positive_commit,s,average_latency,latency_valid_positive_commit,13,13,0,0,0,13,46.79384615384615,17.64,62.23,40.25,56.4,14.498507129161919,16.15,34.51308521830615,30.983790222104318,-29.153846153846146,15.43615384615385,-62.30273540241978,32.98757233035246,44.589999999999996,29.153846153846146,62.30273540241978
Algorand,torus,FIFA,8,16,10,2023,hop,10 nodes,0,energy_observed,kWh,energy,energy_valid_observed,13,13,0,0,0,13,8.988893303335287,6.638227877136784,11.264399819351253,8.392676070452826,9.515195762179628,1.3180507560229056,1.1225196917268025,12.487851995198305,14.663103805380011,-2.3506654261985025,2.275506516015966,-26.15077681839097,25.314645966168605,4.6261719422144685,2.3506654261985025,26.15077681839097
Algorand,torus,FIFA,8,16,10,2023,hop,10 nodes,0,energy_positive_commit,kWh,energy,energy_valid_positive_commit,13,13,0,0,0,13,8.988893303335287,6.638227877136784,11.264399819351253,8.392676070452826,9.515195762179628,1.3180507560229056,1.1225196917268025,12.487851995198305,14.663103805380011,-2.3506654261985025,2.275506516015966,-26.15077681839097,25.314645966168605,4.6261719422144685,2.3506654261985025,26.15077681839097
Algorand,torus,FIFA,8,16,10,2023,hop,40 nodes,0,tps_positive_commit,TPS,average_throughput,tps_point_valid_positive_commit,13,13,0,0,0,13,59.22307692307693,8.6,126.8,34.2,74.4,34.89603974297928,40.2,67.87894531757371,58.92304411725297,-50.62307692307693,67.57692307692307,-85.47863358877777,114.1057280166255,118.2,67.57692307692307,114.1057280166255
Algorand,torus,FIFA,8,16,10,2023,hop,40 nodes,0,latency_positive_commit,s,average_latency,latency_valid_positive_commit,13,13,0,0,0,13,66.62000000000002,27.09,89.1,61.54,76.67,16.358329682458415,15.130000000000003,22.710897628339836,24.554682801648767,-39.530000000000015,22.479999999999976,-59.336535574902435,33.74362053437402,62.00999999999999,39.530000000000015,59.336535574902435
Algorand,torus,FIFA,8,16,10,2023,hop,40 nodes,0,energy_observed,kWh,energy,energy_valid_observed,13,13,0,0,0,13,9.151876833499315,6.334512915073748,11.129068204228933,8.376117053353415,9.98188457082773,1.2530774784787733,1.605767517474316,17.545772814561953,13.692027343419197,-2.817363918425568,1.9771913707296171,-30.784548018751245,21.60421743758998,4.794555289155185,2.817363918425568,30.784548018751245
Algorand,torus,FIFA,8,16,10,2023,hop,40 nodes,0,energy_positive_commit,kWh,energy,energy_valid_positive_commit,13,13,0,0,0,13,9.151876833499315,6.334512915073748,11.129068204228933,8.376117053353415,9.98188457082773,1.2530774784787733,1.605767517474316,17.545772814561953,13.692027343419197,-2.817363918425568,1.9771913707296171,-30.784548018751245,21.60421743758998,4.794555289155185,2.817363918425568,30.784548018751245
Algorand,torus,GAFAM,8,16,10,2023,hop,10 nodes,0,tps_positive_commit,TPS,average_throughput,tps_point_valid_positive_commit,13,13,0,0,0,13,126.23076923076925,30.2,152.2,131.4,149.4,38.61626135484429,18.0,14.25959780621572,30.591797538877252,-96.03076923076925,25.969230769230734,-76.07556368068252,20.57282145033513,121.99999999999999,96.03076923076925,76.07556368068252
Algorand,torus,GAFAM,8,16,10,2023,hop,10 nodes,0,latency_positive_commit,s,average_latency,latency_valid_positive_commit,13,13,0,0,0,13,23.058461538461536,19.39,28.1,22.47,23.53,1.9228704504544163,1.0600000000000023,4.597010942087013,8.339109906561054,-3.6684615384615356,5.041538461538465,-15.909394182012267,21.864157993061134,8.71,5.041538461538465,21.864157993061134
Algorand,torus,GAFAM,8,16,10,2023,hop,10 nodes,0,energy_observed,kWh,energy,energy_valid_observed,13,13,0,0,0,13,14.337920263489297,11.006715056535471,18.83839848210332,13.007236849445391,15.063329995175916,2.3262455462443734,2.056093145730525,14.340246757866622,16.224427974871823,-3.3312052069538254,4.500478218614022,-23.233531402992604,31.38864030423042,7.831683425567848,4.500478218614022,31.38864030423042
Algorand,torus,GAFAM,8,16,10,2023,hop,10 nodes,0,energy_positive_commit,kWh,energy,energy_valid_positive_commit,13,13,0,0,0,13,14.337920263489297,11.006715056535471,18.83839848210332,13.007236849445391,15.063329995175916,2.3262455462443734,2.056093145730525,14.340246757866622,16.224427974871823,-3.3312052069538254,4.500478218614022,-23.233531402992604,31.38864030423042,7.831683425567848,4.500478218614022,31.38864030423042
Algorand,torus,GAFAM,8,16,10,2023,hop,40 nodes,0,tps_positive_commit,TPS,average_throughput,tps_point_valid_positive_commit,13,13,0,0,0,13,98.94615384615382,41.7,141.6,70.3,132.4,33.52711875941165,62.10000000000001,62.761408691596074,33.88420616281984,-57.24615384615382,42.653846153846175,-57.85586566119878,43.108139625281844,99.89999999999999,57.24615384615382,57.85586566119878
Algorand,torus,GAFAM,8,16,10,2023,hop,40 nodes,0,latency_positive_commit,s,average_latency,latency_valid_positive_commit,13,13,0,0,0,13,39.598461538461535,27.83,60.39,30.23,46.04,9.650199346951204,15.809999999999999,39.92579354287268,24.37013705085001,-11.768461538461537,20.791538461538465,-29.7194918217491,52.50592486110573,32.56,20.791538461538465,52.50592486110573
Algorand,torus,GAFAM,8,16,10,2023,hop,40 nodes,0,energy_observed,kWh,energy,energy_valid_observed,13,13,0,0,0,13,14.753276700564552,11.435936844505084,17.625641725635493,13.417932751332158,15.927954759829808,1.7717543354401548,2.51002200849765,17.013318867676364,12.009225959764969,-3.3173398560594674,2.872365025070941,-22.485444578779745,19.469336089663567,6.1897048811304085,3.3173398560594674,22.485444578779745
Algorand,torus,GAFAM,8,16,10,2023,hop,40 nodes,0,energy_positive_commit,kWh,energy,energy_valid_positive_commit,13,13,0,0,0,13,14.753276700564552,11.435936844505084,17.625641725635493,13.417932751332158,15.927954759829808,1.7717543354401548,2.51002200849765,17.013318867676364,12.009225959764969,-3.3173398560594674,2.872365025070941,-22.485444578779745,19.469336089663567,6.1897048811304085,3.3173398560594674,22.485444578779745
Algorand,torus,Gaming,8,16,10,2023,hop,10 nodes,0,tps_positive_commit,TPS,average_throughput,tps_point_valid_positive_commit,13,13,0,0,0,13,258.10769230769233,191.7,307.7,248.2,278.5,32.674900192106215,30.30000000000001,11.73928592716219,12.659405808469355,-66.40769230769234,49.59230769230766,-25.728676163795683,19.213804613458887,116.0,66.40769230769234,25.728676163795683
Algorand,torus,Gaming,8,16,10,2023,hop,10 nodes,0,latency_positive_commit,s,average_latency,latency_valid_positive_commit,13,13,0,0,0,13,83.32615384615386,62.94,104.44,76.37,87.4,10.756125029071839,11.030000000000001,13.237140430560169,12.908462148548233,-20.38615384615386,21.11384615384614,-24.46549241165394,25.338798419556124,41.5,21.11384615384614,25.338798419556124
Algorand,torus,Gaming,8,16,10,2023,hop,10 nodes,0,energy_observed,kWh,energy,energy_valid_observed,13,13,0,0,0,13,21.7155852869814,16.826750454647847,27.21111081534058,20.09895330011397,23.65145959190472,2.93426115602153,3.5525062917907526,16.359247263395186,13.512236107127325,-4.888834832333554,5.4955255283591775,-22.513023562226685,25.30682666726819,10.384360360692732,5.4955255283591775,25.30682666726819
Algorand,torus,Gaming,8,16,10,2023,hop,10 nodes,0,energy_positive_commit,kWh,energy,energy_valid_positive_commit,13,13,0,0,0,13,21.7155852869814,16.826750454647847,27.21111081534058,20.09895330011397,23.65145959190472,2.93426115602153,3.5525062917907526,16.359247263395186,13.512236107127325,-4.888834832333554,5.4955255283591775,-22.513023562226685,25.30682666726819,10.384360360692732,5.4955255283591775,25.30682666726819
Algorand,torus,Gaming,8,16,10,2023,hop,40 nodes,0,tps_positive_commit,TPS,average_throughput,tps_point_valid_positive_commit,13,13,0,0,0,13,223.60000000000002,63.0,301.9,222.6,266.3,70.85538088247074,43.70000000000002,19.543828264758503,31.68845298858262,-160.60000000000002,78.29999999999995,-71.82468694096602,35.017889087656506,238.89999999999998,160.60000000000002,71.82468694096602
Algorand,torus,Gaming,8,16,10,2023,hop,40 nodes,0,latency_positive_commit,s,average_latency,latency_valid_positive_commit,13,13,0,0,0,13,89.16769230769229,68.04,108.48,79.72,96.59,11.563501599029994,16.870000000000005,18.91940854742146,12.968263840593346,-21.127692307692286,19.312307692307712,-23.694335651063664,21.658413706240644,40.44,21.127692307692286,23.694335651063664
Algorand,torus,Gaming,8,16,10,2023,hop,40 nodes,0,energy_observed,kWh,energy,energy_valid_observed,13,13,0,0,0,13,21.895805529752366,15.663978623467331,27.14045039187116,19.06087658308333,24.385215804279404,3.4904350439068894,5.324339221196073,24.316708576723872,15.94111273578874,-6.231826906285034,5.244644862118793,-28.461281763838876,23.95273768298813,11.476471768403828,6.231826906285034,28.461281763838876
Algorand,torus,Gaming,8,16,10,2023,hop,40 nodes,0,energy_positive_commit,kWh,energy,energy_valid_positive_commit,13,13,0,0,0,13,21.895805529752366,15.663978623467331,27.14045039187116,19.06087658308333,24.385215804279404,3.4904350439068894,5.324339221196073,24.316708576723872,15.94111273578874,-6.231826906285034,5.244644862118793,-28.461281763838876,23.95273768298813,11.476471768403828,6.231826906285034,28.461281763838876
Algorand,torus,PayPal,8,16,10,2023,hop,10 nodes,0,tps_positive_commit,TPS,average_throughput,tps_point_valid_positive_commit,13,13,0,0,0,13,191.03076923076924,190.5,191.9,190.7,191.6,0.5039586877655325,0.9000000000000057,0.47112829185793964,0.26381021748215844,-0.5307692307692378,0.8692307692307679,-0.2778448900700689,0.4550213417089467,1.4000000000000057,0.8692307692307679,0.4550213417089467
Algorand,torus,PayPal,8,16,10,2023,hop,10 nodes,0,latency_positive_commit,s,average_latency,latency_valid_positive_commit,13,13,0,0,0,13,12.236153846153845,12.08,12.35,12.18,12.29,0.07030154829239299,0.10999999999999943,0.8989752938957646,0.5745395912498328,-0.15615384615384542,0.11384615384615415,-1.276167724900981,0.9304079964795399,0.2699999999999996,0.15615384615384542,1.276167724900981
Algorand,torus,PayPal,8,16,10,2023,hop,10 nodes,0,energy_observed,kWh,energy,energy_valid_observed,13,13,0,0,0,13,22.06233353065535,16.441176183643908,25.546440257907378,21.193019473011105,23.043945229173147,2.5273051758967364,1.8509257561620416,8.389528485688977,11.455294030366623,-5.621157347011444,3.4841067272520263,-25.478525828652312,15.792104323012348,9.10526407426347,5.621157347011444,25.478525828652312
Algorand,torus,PayPal,8,16,10,2023,hop,10 nodes,0,energy_positive_commit,kWh,energy,energy_valid_positive_commit,13,13,0,0,0,13,22.06233353065535,16.441176183643908,25.546440257907378,21.193019473011105,23.043945229173147,2.5273051758967364,1.8509257561620416,8.389528485688977,11.455294030366623,-5.621157347011444,3.4841067272520263,-25.478525828652312,15.792104323012348,9.10526407426347,5.621157347011444,25.478525828652312
Algorand,torus,PayPal,8,16,10,2023,hop,40 nodes,0,tps_positive_commit,TPS,average_throughput,tps_point_valid_positive_commit,13,13,0,0,0,13,191.3230769230769,190.5,193.3,190.8,191.3,0.8899005994621413,0.5,0.26133805082019945,0.46512977617432605,-0.8230769230769113,1.9769230769231,-0.43020263750401444,1.0332904470891084,2.8000000000000114,1.9769230769231,1.0332904470891084
Algorand,torus,PayPal,8,16,10,2023,hop,40 nodes,0,latency_positive_commit,s,average_latency,latency_valid_positive_commit,13,13,0,0,0,13,12.33769230769231,12.2,12.6,12.29,12.36,0.10256330127892116,0.07000000000000028,0.5673670428330966,0.8313005278545887,-0.13769230769231022,0.26230769230769013,-1.1160296776607224,2.126067709956962,0.40000000000000036,0.26230769230769013,2.126067709956962
Algorand,torus,PayPal,8,16,10,2023,hop,40 nodes,0,energy_observed,kWh,energy,energy_valid_observed,13,13,0,0,0,13,23.213033270053145,17.21404995294071,30.966413502411744,21.442647115844885,24.846653827696283,3.598457148637114,3.404006711851398,14.664204682991025,15.501882527689478,-5.998983317112437,7.753380232358598,-25.843168565357864,33.40097841655679,13.752363549471035,7.753380232358598,33.40097841655679
Algorand,torus,PayPal,8,16,10,2023,hop,40 nodes,0,energy_positive_commit,kWh,energy,energy_valid_positive_commit,13,13,0,0,0,13,23.213033270053145,17.21404995294071,30.966413502411744,21.442647115844885,24.846653827696283,3.598457148637114,3.404006711851398,14.664204682991025,15.501882527689478,-5.998983317112437,7.753380232358598,-25.843168565357864,33.40097841655679,13.752363549471035,7.753380232358598,33.40097841655679
Algorand,torus,VISA,8,16,10,2023,hop,10 nodes,0,tps_positive_commit,TPS,average_throughput,tps_point_valid_positive_commit,13,13,0,0,0,13,533.6538461538461,522.0,544.4,528.9,538.9,7.4379225801088005,10.0,1.873873873873874,1.3937728798762439,-11.653846153846075,10.746153846153902,-2.1837837837837695,2.0136936936937047,22.399999999999977,11.653846153846075,2.1837837837837695
Algorand,torus,VISA,8,16,10,2023,hop,10 nodes,0,latency_positive_commit,s,average_latency,latency_valid_positive_commit,13,13,0,0,0,13,16.24076923076923,15.42,22.96,15.57,15.8,2.027426371611974,0.23000000000000043,1.4161890778193555,12.483561232868688,-0.8207692307692316,6.719230769230769,-5.053758347937294,41.37261402927106,7.540000000000001,6.719230769230769,41.37261402927106
Algorand,torus,VISA,8,16,10,2023,hop,10 nodes,0,energy_observed,kWh,energy,energy_valid_observed,13,13,0,0,0,13,22.538808882933616,18.90985942837048,25.627045743820837,20.590252117682788,23.857181636037907,2.2558379748086925,3.26692951835512,14.494685745478051,10.008683185191801,-3.6289494545631342,3.0882368608872213,-16.100892790794166,13.70186364739813,6.7171863154503555,3.6289494545631342,16.100892790794166
Algorand,torus,VISA,8,16,10,2023,hop,10 nodes,0,energy_positive_commit,kWh,energy,energy_valid_positive_commit,13,13,0,0,0,13,22.538808882933616,18.90985942837048,25.627045743820837,20.590252117682788,23.857181636037907,2.2558379748086925,3.26692951835512,14.494685745478051,10.008683185191801,-3.6289494545631342,3.0882368608872213,-16.100892790794166,13.70186364739813,6.7171863154503555,3.6289494545631342,16.100892790794166
Algorand,torus,VISA,8,16,10,2023,hop,40 nodes,0,tps_positive_commit,TPS,average_throughput,tps_point_valid_positive_commit,13,13,0,0,0,13,402.1692307692308,335.7,465.4,374.1,440.1,39.04427795497877,66.0,16.411001874450097,9.7084199803895,-66.46923076923082,63.23076923076917,-16.52767682950156,15.722428369228398,129.7,66.46923076923082,16.52767682950156
Algorand,torus,VISA,8,16,10,2023,hop,40 nodes,0,latency_positive_commit,s,average_latency,latency_valid_positive_commit,13,13,0,0,0,13,28.901538461538458,21.71,36.58,25.43,31.7,4.923734771752446,6.27,21.694346854040244,17.03623763248744,-7.191538461538457,7.678461538461541,-24.882891514957937,26.567656765676578,14.869999999999997,7.678461538461541,26.567656765676578
Algorand,torus,VISA,8,16,10,2023,hop,40 nodes,0,energy_observed,kWh,energy,energy_valid_observed,13,13,0,0,0,13,21.70945730026597,17.81490362387857,28.942423164631904,18.82133441624383,22.45569219196816,3.238070062659104,3.6343577757243324,16.7408964925153,14.915481386167277,-3.8945536763873996,7.232965864365934,-17.939433595789087,33.317119651246735,11.127519540753333,7.232965864365934,33.317119651246735
Algorand,torus,VISA,8,16,10,2023,hop,40 nodes,0,energy_positive_commit,kWh,energy,energy_valid_positive_commit,13,13,0,0,0,13,21.70945730026597,17.81490362387857,28.942423164631904,18.82133441624383,22.45569219196816,3.238070062659104,3.6343577757243324,16.7408964925153,14.915481386167277,-3.8945536763873996,7.232965864365934,-17.939433595789087,33.317119651246735,11.127519540753333,7.232965864365934,33.317119651246735
Diem,fat-tree,DDoS,8,16,10,2023,hop,10 nodes,0,tps_positive_commit,TPS,average_throughput,tps_point_valid_positive_commit,13,13,0,0,0,13,344.6461538461538,302.4,380.8,339.9,352.2,19.182179898046677,12.300000000000011,3.5688777787697563,5.565760616788832,-42.246153846153845,36.15384615384619,-12.257834121953397,10.49013480939203,78.40000000000003,42.246153846153845,12.257834121953397
Diem,fat-tree,DDoS,8,16,10,2023,hop,10 nodes,0,latency_positive_commit,s,average_latency,latency_valid_positive_commit,13,13,0,0,0,13,70.04153846153847,65.57,74.31,69.04,71.74,2.34920854102627,2.6999999999999886,3.8548553605552582,3.354021902754575,-4.471538461538472,4.268461538461537,-6.384123706811358,6.094185867726841,8.740000000000009,4.471538461538472,6.384123706811358
Diem,fat-tree,DDoS,8,16,10,2023,hop,10 nodes,0,energy_observed,kWh,energy,energy_valid_observed,13,13,0,0,0,13,10.631674208899765,9.057402276347707,11.895619809311883,9.921756115287266,11.48757905512974,0.9970370195173943,1.565822939842473,14.727905587360118,9.377986946616325,-1.5742719325520582,1.263945600412118,-14.807375598795499,11.888490707832922,2.838217532964176,1.5742719325520582,14.807375598795499
Diem,fat-tree,DDoS,8,16,10,2023,hop,10 nodes,0,energy_positive_commit,kWh,energy,energy_valid_positive_commit,13,13,0,0,0,13,10.631674208899765,9.057402276347707,11.895619809311883,9.921756115287266,11.48757905512974,0.9970370195173943,1.565822939842473,14.727905587360118,9.377986946616325,-1.5742719325520582,1.263945600412118,-14.807375598795499,11.888490707832922,2.838217532964176,1.5742719325520582,14.807375598795499
Diem,fat-tree,DDoS,8,16,10,2023,hop,40 nodes,0,tps_positive_commit,TPS,average_throughput,tps_point_valid_positive_commit,20,20,0,0,0,20,231.375,102.0,420.0,137.52499999999998,353.22499999999997,116.1231418751119,215.7,93.22528363047002,50.18828390064264,-129.375,188.625,-55.91572123176661,81.52350081037277,318.0,188.625,81.52350081037277
Diem,fat-tree,DDoS,8,16,10,2023,hop,40 nodes,0,latency_positive_commit,s,average_latency,latency_valid_positive_commit,20,20,0,0,0,20,73.26050000000001,51.65,88.9,69.1075,78.4075,8.133051783665803,9.299999999999997,12.694426054968226,11.101551018169138,-21.61050000000001,15.639499999999998,-29.49816067321409,21.347793149104902,37.25000000000001,21.61050000000001,29.49816067321409
Diem,fat-tree,DDoS,8,16,10,2023,hop,40 nodes,0,energy_observed,kWh,energy,energy_valid_observed,20,20,0,0,0,20,9.90511830469907,7.011054342511592,13.02798984897945,8.63996718865504,10.773758760638419,1.6778445417739716,2.1337915719833784,21.542312836092936,16.939167106949025,-2.8940639621874773,3.1228715442803807,-29.217863665641524,31.52785709584978,6.016935506467858,3.1228715442803807,31.52785709584978
Diem,fat-tree,DDoS,8,16,10,2023,hop,40 nodes,0,energy_positive_commit,kWh,energy,energy_valid_positive_commit,20,20,0,0,0,20,9.90511830469907,7.011054342511592,13.02798984897945,8.63996718865504,10.773758760638419,1.6778445417739716,2.1337915719833784,21.542312836092936,16.939167106949025,-2.8940639621874773,3.1228715442803807,-29.217863665641524,31.52785709584978,6.016935506467858,3.1228715442803807,31.52785709584978
Diem,fat-tree,FIFA,8,16,10,2023,hop,10 nodes,0,tps_positive_commit,TPS,average_throughput,tps_point_valid_positive_commit,13,13,0,0,0,13,23.7076923076923,8.5,43.2,18.6,28.5,10.138331678869518,9.899999999999999,41.75859831278391,42.76389092320044,-15.207692307692302,19.4923076923077,-64.14665801427644,82.21933809214802,34.7,19.4923076923077,82.21933809214802
Diem,fat-tree,FIFA,8,16,10,2023,hop,10 nodes,0,latency_positive_commit,s,average_latency,latency_valid_positive_commit,13,13,0,0,0,13,46.53923076923077,29.97,71.8,37.88,49.88,11.47593021758909,12.0,25.78469777359052,24.65861602761246,-16.56923076923077,25.260769230769228,-35.602717310457685,54.27844167864993,41.83,25.260769230769228,54.27844167864993
Diem,fat-tree,FIFA,8,16,10,2023,hop,10 nodes,0,energy_observed,kWh,energy,energy_valid_observed,13,13,0,0,0,13,9.046686884897868,6.122499860470936,11.564423077574226,8.102087103393576,10.55958711705085,1.6518579467741972,2.457500013657274,27.164640988732724,18.259258530675297,-2.9241870244269323,2.5177361926763577,-32.32329206959112,27.83047788333819,5.44192321710329,2.9241870244269323,32.32329206959112
Diem,fat-tree,FIFA,8,16,10,2023,hop,10 nodes,0,energy_positive_commit,kWh,energy,energy_valid_positive_commit,13,13,0,0,0,13,9.046686884897868,6.122499860470936,11.564423077574226,8.102087103393576,10.55958711705085,1.6518579467741972,2.457500013657274,27.164640988732724,18.259258530675297,-2.9241870244269323,2.5177361926763577,-32.32329206959112,27.83047788333819,5.44192321710329,2.9241870244269323,32.32329206959112
Diem,fat-tree,FIFA,8,16,10,2023,hop,40 nodes,0,tps_positive_commit,TPS,average_throughput,tps_point_valid_positive_commit,21,21,0,0,0,21,21.761904761904763,10.3,46.5,15.1,22.7,10.239993954611311,7.6,34.923413566739605,47.05467681550056,-11.461904761904762,24.738095238095237,-52.669584245076585,113.67614879649891,36.2,24.738095238095237,113.67614879649891
Diem,fat-tree,FIFA,8,16,10,2023,hop,40 nodes,0,latency_positive_commit,s,average_latency,latency_valid_positive_commit,21,21,0,0,0,21,42.54380952380953,29.92,57.84,38.16,46.58,7.163797509834066,8.420000000000002,19.7913635244342,16.838636666575113,-12.623809523809527,15.296190476190475,-29.67249445949274,35.95397461440307,27.92,15.296190476190475,35.95397461440307
Diem,fat-tree,FIFA,8,16,10,2023,hop,40 nodes,0,energy_observed,kWh,energy,energy_valid_observed,21,21,0,0,0,21,9.276593308147529,7.460431237039932,12.20620482296017,7.838613342362849,10.24321327920984,1.4960499110715593,2.4045999368469912,25.921152916502848,16.127147772637564,-1.8161620711075965,2.929611514812642,-19.577899028002893,31.58068288107011,4.745773585920238,2.929611514812642,31.58068288107011
Diem,fat-tree,FIFA,8,16,10,2023,hop,40 nodes,0,energy_positive_commit,kWh,energy,energy_valid_positive_commit,21,21,0,0,0,21,9.276593308147529,7.460431237039932,12.20620482296017,7.838613342362849,10.24321327920984,1.4960499110715593,2.4045999368469912,25.921152916502848,16.127147772637564,-1.8161620711075965,2.929611514812642,-19.577899028002893,31.58068288107011,4.745773585920238,2.929611514812642,31.58068288107011
Diem,fat-tree,GAFAM,8,16,10,2023,hop,10 nodes,0,tps_positive_commit,TPS,average_throughput,tps_point_valid_positive_commit,13,13,0,0,0,13,153.9692307692308,103.5,167.0,148.0,166.9,20.384159888476507,18.900000000000006,12.275179856115109,13.239112637399808,-50.46923076923079,13.03076923076921,-32.77877697841728,8.463229416466811,63.5,50.46923076923079,32.77877697841728
Diem,fat-tree,GAFAM,8,16,10,2023,hop,10 nodes,0,latency_positive_commit,s,average_latency,latency_valid_positive_commit,13,13,0,0,0,13,31.63692307692308,26.74,37.77,28.95,34.45,3.3338650857910275,5.5000000000000036,17.384750048628682,10.537892947695816,-4.8969230769230805,6.133076923076924,-15.478506127212615,19.385819879400895,11.030000000000005,6.133076923076924,19.385819879400895
Diem,fat-tree,GAFAM,8,16,10,2023,hop,10 nodes,0,energy_observed,kWh,energy,energy_valid_observed,13,13,0,0,0,13,14.671644842648458,13.255237070403789,17.220577711514863,13.50202494263042,15.48772541858992,1.347445377827759,1.985700475959499,13.534273063830854,9.184010329304867,-1.4164077722446695,2.5489328688664052,-9.654048932041801,17.37319091487961,3.9653406411110748,2.5489328688664052,17.37319091487961
Diem,fat-tree,GAFAM,8,16,10,2023,hop,10 nodes,0,energy_positive_commit,kWh,energy,energy_valid_positive_commit,13,13,0,0,0,13,14.671644842648458,13.255237070403789,17.220577711514863,13.50202494263042,15.48772541858992,1.347445377827759,1.985700475959499,13.534273063830854,9.184010329304867,-1.4164077722446695,2.5489328688664052,-9.654048932041801,17.37319091487961,3.9653406411110748,2.5489328688664052,17.37319091487961
Diem,fat-tree,GAFAM,8,16,10,2023,hop,40 nodes,0,tps_positive_commit,TPS,average_throughput,tps_point_valid_positive_commit,19,19,0,0,0,19,147.96315789473684,42.7,167.1,137.95,166.7,29.720236475175476,28.75,19.430512574253903,20.086240992719883,-105.26315789473684,19.136842105263156,-71.14146480276028,12.93351830114182,124.39999999999999,105.26315789473684,71.14146480276028
Diem,fat-tree,GAFAM,8,16,10,2023,hop,40 nodes,0,latency_positive_commit,s,average_latency,latency_valid_positive_commit,19,19,0,0,0,19,44.51157894736841,18.1,73.04,30.28,57.72,17.392361753609574,27.439999999999998,61.64688076431917,39.07379195461642,-26.41157894736841,28.528421052631593,-59.33642340254457,64.09213451260469,54.940000000000005,28.528421052631593,64.09213451260469
Diem,fat-tree,GAFAM,8,16,10,2023,hop,40 nodes,0,energy_observed,kWh,energy,energy_valid_observed,19,19,0,0,0,19,15.138572695199443,12.009398287147423,20.727301762386727,12.841139326018894,17.087336592776246,2.6982908471686757,4.246197266757353,28.048861357344833,17.8239448427283,-3.1291744080520196,5.588729067187284,-20.67020762825484,36.917146548165086,8.717903475239304,5.588729067187284,36.917146548165086
Diem,fat-tree,GAFAM,8,16,10,2023,hop,40 nodes,0,energy_positive_commit,kWh,energy,energy_valid_positive_commit,19,19,0,0,0,19,15.138572695199443,12.009398287147423,20.727301762386727,12.841139326018894,17.087336592776246,2.6982908471686757,4.246197266757353,28.048861357344833,17.8239448427283,-3.1291744080520196,5.588729067187284,-20.67020762825484,36.917146548165086,8.717903475239304,5.588729067187284,36.917146548165086
Diem,fat-tree,Gaming,8,16,10,2023,hop,10 nodes,0,tps_positive_commit,TPS,average_throughput,tps_point_valid_positive_commit,13,13,0,0,0,13,185.88461538461542,50.2,352.3,150.9,214.4,79.05386187228981,63.5,34.160976619077175,42.52845869396927,-135.68461538461543,166.4153846153846,-72.99399958617836,89.52617421891163,302.1,166.4153846153846,89.52617421891163
Diem,fat-tree,Gaming,8,16,10,2023,hop,10 nodes,0,latency_positive_commit,s,average_latency,latency_valid_positive_commit,13,13,0,0,0,13,87.03384615384616,53.14,119.61,77.63,102.46,20.033419386307777,24.83,28.529131018878598,23.017964012409063,-33.893846153846155,32.576153846153844,-38.943293502085844,37.429293643498546,66.47,33.893846153846155,38.943293502085844
Diem,fat-tree,Gaming,8,16,10,2023,hop,10 nodes,0,energy_observed,kWh,energy,energy_valid_observed,13,13,0,0,0,13,21.30978575345967,9.732249648211548,26.42289520909423,19.320035361242528,24.696936265942867,4.995500885684696,5.376900904700339,25.232073972528756,23.442285828113828,-11.577536105248123,5.113109455634557,-54.32966919138779,23.9941851822909,16.69064556088268,11.577536105248123,54.32966919138779
Diem,fat-tree,Gaming,8,16,10,2023,hop,10 nodes,0,energy_positive_commit,kWh,energy,energy_valid_positive_commit,13,13,0,0,0,13,21.30978575345967,9.732249648211548,26.42289520909423,19.320035361242528,24.696936265942867,4.995500885684696,5.376900904700339,25.232073972528756,23.442285828113828,-11.577536105248123,5.113109455634557,-54.32966919138779,23.9941851822909,16.69064556088268,11.577536105248123,54.32966919138779
Diem,fat-tree,Gaming,8,16,10,2023,hop,40 nodes,0,tps_positive_commit,TPS,average_throughput,tps_point_valid_positive_commit,25,25,0,0,0,25,206.98000000000005,105.3,285.6,158.0,248.6,54.28807419682522,90.6,43.77234515412116,26.22865697015422,-101.68000000000005,78.61999999999998,-49.12551937385256,37.98434631365347,180.3,101.68000000000005,49.12551937385256
Diem,fat-tree,Gaming,8,16,10,2023,hop,40 nodes,0,latency_positive_commit,s,average_latency,latency_valid_positive_commit,25,25,0,0,0,25,112.97439999999999,54.84,154.18,79.34,144.11,36.9761908845859,64.77000000000001,57.33157246243398,32.72970769004828,-58.134399999999985,41.20560000000002,-51.458029429676095,36.473395742752366,99.34,58.134399999999985,51.458029429676095
Diem,fat-tree,Gaming,8,16,10,2023,hop,40 nodes,0,energy_observed,kWh,energy,energy_valid_observed,25,25,0,0,0,25,20.781294454667723,15.32222382864918,26.97793411157299,17.836555323059944,23.09223613275367,3.2157766798922185,5.255680809693725,25.290440021233795,15.474380996367225,-5.459070626018542,6.1966396569052655,-26.269155840734314,29.818352607546192,11.655710282923808,6.1966396569052655,29.818352607546192
Diem,fat-tree,Gaming,8,16,10,2023,hop,40 nodes,0,energy_positive_commit,kWh,energy,energy_valid_positive_commit,25,25,0,0,0,25,20.781294454667723,15.32222382864918,26.97793411157299,17.836555323059944,23.09223613275367,3.2157766798922185,5.255680809693725,25.290440021233795,15.474380996367225,-5.459070626018542,6.1966396569052655,-26.269155840734314,29.818352607546192,11.655710282923808,6.1966396569052655,29.818352607546192
Diem,fat-tree,PayPal,8,16,10,2023,hop,10 nodes,0,tps_positive_commit,TPS,average_throughput,tps_point_valid_positive_commit,13,13,0,0,0,13,195.39230769230772,192.9,196.8,194.8,196.3,1.2612570042498192,1.5,0.7676863115625367,0.645499825016639,-2.492307692307719,1.4076923076922867,-1.275540333057767,0.7204440770048315,3.9000000000000057,2.492307692307719,1.275540333057767
Diem,fat-tree,PayPal,8,16,10,2023,hop,10 nodes,0,latency_positive_commit,s,average_latency,latency_valid_positive_commit,13,13,0,0,0,13,7.396923076923077,5.85,9.04,6.84,7.94,0.9096646324826219,1.1000000000000005,14.871048252911821,12.297878766923965,-1.5469230769230773,1.6430769230769222,-20.913061564059905,22.212978369384345,3.1899999999999995,1.6430769230769222,22.212978369384345
Diem,fat-tree,PayPal,8,16,10,2023,hop,10 nodes,0,energy_observed,kWh,energy,energy_valid_observed,13,13,0,0,0,13,21.59170206479365,18.436620231507472,25.731339892308178,20.74687171778512,22.451075873030128,1.8377377993755437,1.7042041552450087,7.89286620448417,8.511315105500955,-3.1550818332861787,4.139637827514527,-14.612473920852665,19.17235526449956,7.294719660800705,4.139637827514527,19.17235526449956
Diem,fat-tree,PayPal,8,16,10,2023,hop,10 nodes,0,energy_positive_commit,kWh,energy,energy_valid_positive_commit,13,13,0,0,0,13,21.59170206479365,18.436620231507472,25.731339892308178,20.74687171778512,22.451075873030128,1.8377377993755437,1.7042041552450087,7.89286620448417,8.511315105500955,-3.1550818332861787,4.139637827514527,-14.612473920852665,19.17235526449956,7.294719660800705,4.139637827514527,19.17235526449956
Diem,fat-tree,PayPal,8,16,10,2023,hop,40 nodes,0,tps_positive_commit,TPS,average_throughput,tps_point_valid_positive_commit,23,23,0,0,0,23,194.00000000000003,187.7,197.1,192.3,196.4,2.53107953971495,4.099999999999994,2.113402061855667,1.3046801751107988,-6.30000000000004,3.099999999999966,-3.247422680412391,1.597938144329879,9.400000000000006,6.30000000000004,3.247422680412391
Diem,fat-tree,PayPal,8,16,10,2023,hop,40 nodes,0,latency_positive_commit,s,average_latency,latency_valid_positive_commit,23,23,0,0,0,23,15.952608695652172,4.42,33.27,5.609999999999999,22.37,9.830410246406212,16.76,105.06118666703009,61.62258746486683,-11.532608695652172,17.31739130434783,-72.29293287182144,108.55523152816771,28.85,17.31739130434783,108.55523152816771
Diem,fat-tree,PayPal,8,16,10,2023,hop,40 nodes,0,energy_observed,kWh,energy,energy_valid_observed,23,23,0,0,0,23,21.598955603902752,13.123815038559831,27.07451494279845,19.175312281082288,24.068338194984506,3.931577364115547,4.893025913902218,22.653993107972724,18.202627183534485,-8.47514056534292,5.4755593388957,-39.238659131331026,25.351037519176675,13.95069990423862,8.47514056534292,39.238659131331026
Diem,fat-tree,PayPal,8,16,10,2023,hop,40 nodes,0,energy_positive_commit,kWh,energy,energy_valid_positive_commit,23,23,0,0,0,23,21.598955603902752,13.123815038559831,27.07451494279845,19.175312281082288,24.068338194984506,3.931577364115547,4.893025913902218,22.653993107972724,18.202627183534485,-8.47514056534292,5.4755593388957,-39.238659131331026,25.351037519176675,13.95069990423862,8.47514056534292,39.238659131331026
Diem,fat-tree,VISA,8,16,10,2023,hop,10 nodes,0,tps_positive_commit,TPS,average_throughput,tps_point_valid_positive_commit,11,11,0,0,0,11,388.5818181818182,314.8,437.3,371.05,408.9,34.04719718807463,37.849999999999966,9.74054838105932,8.76191205944275,-73.78181818181821,48.71818181818179,-18.987460228336147,12.537432154220468,122.5,73.78181818181821,18.987460228336147
Diem,fat-tree,VISA,8,16,10,2023,hop,10 nodes,0,latency_positive_commit,s,average_latency,latency_valid_positive_commit,11,11,0,0,0,11,128.13454545454547,122.24,132.01,126.20500000000001,130.57,3.3465874070054222,4.364999999999981,3.406575474643115,2.611776078912765,-5.894545454545479,3.8754545454545166,-4.600278116752296,3.0245196810170896,9.769999999999996,5.894545454545479,4.600278116752296
Diem,fat-tree,VISA,8,16,10,2023,hop,10 nodes,0,energy_observed,kWh,energy,energy_valid_observed,11,11,0,0,0,11,23.00792816155525,17.59727403993721,26.211096881773667,22.462940399445444,24.478076028803454,2.4616861699684827,2.01513562935801,8.758440200300916,10.699295271974119,-5.4106541216180375,3.203168720218418,-23.51647694492931,13.92202156459574,8.613822841836456,5.4106541216180375,23.51647694492931
Diem,fat-tree,VISA,8,16,10,2023,hop,10 nodes,0,energy_positive_commit,kWh,energy,energy_valid_positive_commit,11,11,0,0,0,11,23.00792816155525,17.59727403993721,26.211096881773667,22.462940399445444,24.478076028803454,2.4616861699684827,2.01513562935801,8.758440200300916,10.699295271974119,-5.4106541216180375,3.203168720218418,-23.51647694492931,13.92202156459574,8.613822841836456,5.4106541216180375,23.51647694492931
Diem,fat-tree,VISA,8,16,10,2023,hop,40 nodes,0,tps_positive_commit,TPS,average_throughput,tps_point_valid_positive_commit,23,23,0,0,0,23,292.53478260869565,60.5,457.0,195.5,422.45000000000005,126.45140859309504,226.95000000000005,77.58051811007239,43.22611057237617,-232.03478260869565,164.46521739130435,-79.31869863115497,56.22073926549054,396.5,232.03478260869565,79.31869863115497
Diem,fat-tree,VISA,8,16,10,2023,hop,40 nodes,0,latency_positive_commit,s,average_latency,latency_valid_positive_commit,23,23,0,0,0,23,140.72913043478263,78.81,169.71,125.515,155.06,21.607960846335285,29.545,20.994231904027778,15.354291453075488,-61.91913043478263,28.980869565217375,-43.99880127410969,20.593369315706692,90.9,61.91913043478263,43.99880127410969
Diem,fat-tree,VISA,8,16,10,2023,hop,40 nodes,0,energy_observed,kWh,energy,energy_valid_observed,23,23,0,0,0,23,23.026645573623163,16.257457265045428,29.27371619309465,21.20234993273599,25.509837133237504,3.4713331338281623,4.307487200501512,18.706533640469562,15.075287986386288,-6.769188308577736,6.2470706194714865,-29.39719676899785,27.129746707994045,13.016258928049222,6.769188308577736,29.39719676899785
Diem,fat-tree,VISA,8,16,10,2023,hop,40 nodes,0,energy_positive_commit,kWh,energy,energy_valid_positive_commit,23,23,0,0,0,23,23.026645573623163,16.257457265045428,29.27371619309465,21.20234993273599,25.509837133237504,3.4713331338281623,4.307487200501512,18.706533640469562,15.075287986386288,-6.769188308577736,6.2470706194714865,-29.39719676899785,27.129746707994045,13.016258928049222,6.769188308577736,29.39719676899785
Diem,full mesh,DDoS,8,16,10,2023,hop,10 nodes,0,tps_positive_commit,TPS,average_throughput,tps_point_valid_positive_commit,13,13,0,0,0,13,296.45384615384614,145.2,415.9,243.4,358.9,83.76066713544226,115.49999999999997,38.96053348556007,28.254201529898268,-151.25384615384615,119.44615384615383,-51.021043618153044,40.29165261164015,270.7,151.25384615384615,51.021043618153044
Diem,full mesh,DDoS,8,16,10,2023,hop,10 nodes,0,latency_positive_commit,s,average_latency,latency_valid_positive_commit,13,13,0,0,0,13,61.87076923076923,47.4,71.23,59.03,69.36,7.513701331055667,10.329999999999998,16.696091108016706,12.144186058250904,-14.470769230769228,9.359230769230777,-23.388701014521583,15.12706385518203,23.830000000000005,14.470769230769228,23.388701014521583
Diem,full mesh,DDoS,8,16,10,2023,hop,10 nodes,0,energy_observed,kWh,energy,energy_valid_observed,13,13,0,0,0,13,10.176491993953421,7.77044175973955,12.643396625370777,9.416969018225297,11.293606700865544,1.548155854912445,1.876637682640247,18.440909536953317,15.213060215959631,-2.406050234213871,2.4669046314173553,-23.643218465100517,24.241208393649984,4.872954865631226,2.4669046314173553,24.241208393649984
Diem,full mesh,DDoS,8,16,10,2023,hop,10 nodes,0,energy_positive_commit,kWh,energy,energy_valid_positive_commit,13,13,0,0,0,13,10.176491993953421,7.77044175973955,12.643396625370777,9.416969018225297,11.293606700865544,1.548155854912445,1.876637682640247,18.440909536953317,15.213060215959631,-2.406050234213871,2.4669046314173553,-23.643218465100517,24.241208393649984,4.872954865631226,2.4669046314173553,24.241208393649984
Diem,full mesh,DDoS,8,16,10,2023,hop,40 nodes,0,tps_positive_commit,TPS,average_throughput,tps_point_valid_positive_commit,11,11,0,0,0,11,156.35454545454544,117.1,183.3,148.1,167.8,18.427716279363743,19.700000000000017,12.599569742426898,11.785852611954251,-39.25454545454545,26.945454545454567,-25.106110820396534,17.233560090702962,66.20000000000002,39.25454545454545,25.106110820396534
Diem,full mesh,DDoS,8,16,10,2023,hop,40 nodes,0,latency_positive_commit,s,average_latency,latency_valid_positive_commit,11,11,0,0,0,11,68.50272727272727,59.52,80.13,64.97,71.86,5.646115639816617,6.890000000000001,10.057993709606784,8.242176428009872,-8.982727272727267,11.627272727272725,-13.112948389579703,16.973444985601102,20.609999999999992,11.627272727272725,16.973444985601102
Diem,full mesh,DDoS,8,16,10,2023,hop,40 nodes,0,energy_observed,kWh,energy,energy_valid_observed,11,11,0,0,0,11,10.917192591437187,8.18314649803521,13.123923600138598,9.78499180267902,12.218189501764753,1.5576728218513496,2.433197699085733,22.28776014260472,14.268071290352593,-2.734046093401977,2.2067310087014107,-25.04349053571157,20.213356045694773,4.940777102103388,2.734046093401977,25.04349053571157
Diem,full mesh,DDoS,8,16,10,2023,hop,40 nodes,0,energy_positive_commit,kWh,energy,energy_valid_positive_commit,11,11,0,0,0,11,10.917192591437187,8.18314649803521,13.123923600138598,9.78499180267902,12.218189501764753,1.5576728218513496,2.433197699085733,22.28776014260472,14.268071290352593,-2.734046093401977,2.2067310087014107,-25.04349053571157,20.213356045694773,4.940777102103388,2.734046093401977,25.04349053571157
Diem,full mesh,FIFA,8,16,10,2023,hop,10 nodes,0,tps_positive_commit,TPS,average_throughput,tps_point_valid_positive_commit,13,13,0,0,0,13,34.28461538461538,18.3,49.3,23.7,42.8,11.497959685225762,19.099999999999998,55.71011891406776,33.53679064571123,-15.984615384615378,15.015384615384619,-46.62328920798742,43.79627552165135,30.999999999999996,15.984615384615378,46.62328920798742
Diem,full mesh,FIFA,8,16,10,2023,hop,10 nodes,0,latency_positive_commit,s,average_latency,latency_valid_positive_commit,13,13,0,0,0,13,35.48230769230769,31.02,43.29,33.15,38.02,3.4815900434670985,4.8700000000000045,13.725150128991709,9.812186043981244,-4.462307692307693,7.807692307692307,-12.576148459687387,22.00446593101654,12.27,7.807692307692307,22.00446593101654
Diem,full mesh,FIFA,8,16,10,2023,hop,10 nodes,0,energy_observed,kWh,energy,energy_valid_observed,13,13,0,0,0,13,9.555952853308044,8.187042052103283,10.89259244200658,8.695163821961033,10.329585463852622,0.9362621670520207,1.6344216418915885,17.103701399340732,9.797685080958818,-1.3689108012047608,1.3366395886985352,-14.32521510119084,13.987507150956926,2.705550389903296,1.3689108012047608,14.32521510119084
Diem,full mesh,FIFA,8,16,10,2023,hop,10 nodes,0,energy_positive_commit,kWh,energy,energy_valid_positive_commit,13,13,0,0,0,13,9.555952853308044,8.187042052103283,10.89259244200658,8.695163821961033,10.329585463852622,0.9362621670520207,1.6344216418915885,17.103701399340732,9.797685080958818,-1.3689108012047608,1.3366395886985352,-14.32521510119084,13.987507150956926,2.705550389903296,1.3689108012047608,14.32521510119084
Diem,full mesh,FIFA,8,16,10,2023,hop,40 nodes,0,tps_positive_commit,TPS,average_throughput,tps_point_valid_positive_commit,11,11,0,0,0,11,20.154545454545456,13.3,29.6,17.6,21.5,4.380265662345981,3.8999999999999986,19.35047361299052,21.73338849156779,-6.854545454545455,9.445454545454545,-34.00992331980153,46.86513306269733,16.3,9.445454545454545,46.86513306269733
Diem,full mesh,FIFA,8,16,10,2023,hop,40 nodes,0,latency_positive_commit,s,average_latency,latency_valid_positive_commit,11,11,0,0,0,11,39.68909090909091,33.6,48.05,36.675,41.805,4.201158065451606,5.130000000000003,12.925466123047329,10.58517080946623,-6.089090909090906,8.36090909090909,-15.341976270099403,21.066013101837004,14.449999999999996,8.36090909090909,21.066013101837004
Diem,full mesh,FIFA,8,16,10,2023,hop,40 nodes,0,energy_observed,kWh,energy,energy_valid_observed,11,11,0,0,0,11,8.55721386513473,6.72397054656793,10.280617712238463,7.939696157070286,9.249685465072439,1.1622436853081974,1.3099893080021525,15.308596099713435,13.58203386786452,-1.8332433185667991,1.723403847103734,-21.423366851167692,20.139777669055604,3.556647165670533,1.8332433185667991,21.423366851167692
Diem,full mesh,FIFA,8,16,10,2023,hop,40 nodes,0,energy_positive_commit,kWh,energy,energy_valid_positive_commit,11,11,0,0,0,11,8.55721386513473,6.72397054656793,10.280617712238463,7.939696157070286,9.249685465072439,1.1622436853081974,1.3099893080021525,15.308596099713435,13.58203386786452,-1.8332433185667991,1.723403847103734,-21.423366851167692,20.139777669055604,3.556647165670533,1.8332433185667991,21.423366851167692
Diem,full mesh,GAFAM,8,16,10,2023,hop,10 nodes,0,tps_positive_commit,TPS,average_throughput,tps_point_valid_positive_commit,12,12,0,0,0,12,127.25833333333331,80.8,167.3,113.35,152.1,27.99105241236055,38.75,30.449872306987103,21.995457334053217,-46.458333333333314,40.0416666666667,-36.507104970204956,31.46486805055337,86.50000000000001,46.458333333333314,36.507104970204956
Diem,full mesh,GAFAM,8,16,10,2023,hop,10 nodes,0,latency_positive_commit,s,average_latency,latency_valid_positive_commit,12,12,0,0,0,12,24.352500000000003,20.39,26.09,23.965,25.355,1.7145109294701877,1.3900000000000006,5.707832871368445,7.040389814065034,-3.962500000000002,1.7374999999999972,-16.271430037983787,7.134791089210541,5.699999999999999,3.962500000000002,16.271430037983787
Diem,full mesh,GAFAM,8,16,10,2023,hop,10 nodes,0,energy_observed,kWh,energy,energy_valid_observed,12,12,0,0,0,12,14.996322975847685,11.19641756418756,18.52877615817371,14.197915644436634,15.712539825710925,1.966436693139377,1.514624181274291,10.099970397501227,13.11279235787613,-3.7999054116601254,3.532453182326025,-25.338914197700728,23.555462149056233,7.33235859398615,3.7999054116601254,25.338914197700728
Diem,full mesh,GAFAM,8,16,10,2023,hop,10 nodes,0,energy_positive_commit,kWh,energy,energy_valid_positive_commit,12,12,0,0,0,12,14.996322975847685,11.19641756418756,18.52877615817371,14.197915644436634,15.712539825710925,1.966436693139377,1.514624181274291,10.099970397501227,13.11279235787613,-3.7999054116601254,3.532453182326025,-25.338914197700728,23.555462149056233,7.33235859398615,3.7999054116601254,25.338914197700728
Diem,full mesh,GAFAM,8,16,10,2023,hop,40 nodes,0,tps_positive_commit,TPS,average_throughput,tps_point_valid_positive_commit,13,13,0,0,0,13,162.44615384615383,126.1,167.2,166.9,167.1,11.495623470449917,0.19999999999998863,0.12311771948100447,7.076574728470923,-36.34615384615384,4.753846153846155,-22.374277867222272,2.926413486125581,41.099999999999994,36.34615384615384,22.374277867222272
Diem,full mesh,GAFAM,8,16,10,2023,hop,40 nodes,0,latency_positive_commit,s,average_latency,latency_valid_positive_commit,13,13,0,0,0,13,50.663846153846144,41.98,58.89,46.31,54.47,5.0124653589186,8.159999999999997,16.10615975585685,9.893574490372716,-8.683846153846147,8.226153846153856,-17.140124197197203,16.236733826275778,16.910000000000004,8.683846153846147,17.140124197197203
Diem,full mesh,GAFAM,8,16,10,2023,hop,40 nodes,0,energy_observed,kWh,energy,energy_valid_observed,13,13,0,0,0,13,15.175027577209894,13.79539196747034,17.04409682467656,13.94677188441249,16.172257913692462,1.1850616948270678,2.2254860292799723,14.66544965376039,7.809288574913781,-1.3796356097395535,1.8690692474666672,-9.091486672561391,12.31674366294837,3.2487048572062207,1.8690692474666672,12.31674366294837
Diem,full mesh,GAFAM,8,16,10,2023,hop,40 nodes,0,energy_positive_commit,kWh,energy,energy_valid_positive_commit,13,13,0,0,0,13,15.175027577209894,13.79539196747034,17.04409682467656,13.94677188441249,16.172257913692462,1.1850616948270678,2.2254860292799723,14.66544965376039,7.809288574913781,-1.3796356097395535,1.8690692474666672,-9.091486672561391,12.31674366294837,3.2487048572062207,1.8690692474666672,12.31674366294837
Diem,full mesh,Gaming,8,16,10,2023,hop,10 nodes,0,tps_positive_commit,TPS,average_throughput,tps_point_valid_positive_commit,13,13,0,0,0,13,144.03846153846155,54.9,279.1,96.0,171.5,64.22611797990932,75.5,52.41655540720961,44.589561214356266,-89.13846153846154,135.06153846153848,-61.88518024032042,93.76769025367156,224.20000000000002,135.06153846153848,93.76769025367156
Diem,full mesh,Gaming,8,16,10,2023,hop,10 nodes,0,latency_positive_commit,s,average_latency,latency_valid_positive_commit,13,13,0,0,0,13,60.41384615384615,37.11,100.94,45.12,68.67,17.783436365740986,23.550000000000004,38.98113015355625,29.43602749683374,-23.303846153846152,40.526153846153846,-38.573684076498,67.08090351167588,63.83,40.526153846153846,67.08090351167588
Diem,full mesh,Gaming,8,16,10,2023,hop,10 nodes,0,energy_observed,kWh,energy,energy_valid_observed,13,13,0,0,0,13,20.63554958776322,16.539199729892392,25.701564800482963,18.40136587708406,22.42241316898477,2.811210153382931,4.021047291900711,19.486019864889727,13.623141663500762,-4.096349857870827,5.066015212719744,-19.850936561921966,24.549940825050122,9.162365070590571,5.066015212719744,24.549940825050122
Diem,full mesh,Gaming,8,16,10,2023,hop,10 nodes,0,energy_positive_commit,kWh,energy,energy_valid_positive_commit,13,13,0,0,0,13,20.63554958776322,16.539199729892392,25.701564800482963,18.40136587708406,22.42241316898477,2.811210153382931,4.021047291900711,19.486019864889727,13.623141663500762,-4.096349857870827,5.066015212719744,-19.850936561921966,24.549940825050122,9.162365070590571,5.066015212719744,24.549940825050122
Diem,full mesh,Gaming,8,16,10,2023,hop,40 nodes,0,tps_positive_commit,TPS,average_throughput,tps_point_valid_positive_commit,12,12,0,0,0,12,191.04166666666663,116.3,221.0,184.85,212.925,32.401499918517615,28.075000000000017,14.695747001090526,16.960436162364733,-74.74166666666663,29.95833333333337,-39.123227917121035,15.681570338058911,104.7,74.74166666666663,39.123227917121035
Diem,full mesh,Gaming,8,16,10,2023,hop,40 nodes,0,latency_positive_commit,s,average_latency,latency_valid_positive_commit,12,12,0,0,0,12,142.85166666666666,83.98,169.23,140.555,149.1175,20.97576169744209,8.5625,5.993979769224487,14.683596059391741,-58.871666666666655,26.37833333333333,-41.211746450280586,18.46554117907853,85.24999999999999,58.871666666666655,41.211746450280586
Diem,full mesh,Gaming,8,16,10,2023,hop,40 nodes,0,energy_observed,kWh,energy,energy_valid_observed,12,12,0,0,0,12,20.669087059514286,15.37082743872245,26.771327639029145,19.16720697712517,22.50761739537063,3.1690648930152285,3.3404104182454617,16.16138346423879,15.332389301425199,-5.2982596207918355,6.102240579514859,-25.63373798531159,29.523512876713674,11.400500200306695,6.102240579514859,29.523512876713674
Diem,full mesh,Gaming,8,16,10,2023,hop,40 nodes,0,energy_positive_commit,kWh,energy,energy_valid_positive_commit,12,12,0,0,0,12,20.669087059514286,15.37082743872245,26.771327639029145,19.16720697712517,22.50761739537063,3.1690648930152285,3.3404104182454617,16.16138346423879,15.332389301425199,-5.2982596207918355,6.102240579514859,-25.63373798531159,29.523512876713674,11.400500200306695,6.102240579514859,29.523512876713674
Diem,full mesh,PayPal,8,16,10,2023,hop,10 nodes,0,tps_positive_commit,TPS,average_throughput,tps_point_valid_positive_commit,13,13,0,0,0,13,197.73076923076923,197.2,198.2,197.5,198.0,0.31194180916910036,0.5,0.252869091616417,0.15776088384354425,-0.5307692307692378,0.46923076923076223,-0.2684302664851232,0.23730791674771093,1.0,0.5307692307692378,0.2684302664851232
Diem,full mesh,PayPal,8,16,10,2023,hop,10 nodes,0,latency_positive_commit,s,average_latency,latency_valid_positive_commit,13,13,0,0,0,13,4.426923076923077,3.23,5.8,3.78,5.0,0.7740627086503243,1.2200000000000002,27.558644656820157,17.485343549008196,-1.1969230769230772,1.3730769230769226,-27.03735881841877,31.0165073848827,2.57,1.3730769230769226,31.0165073848827
Diem,full mesh,PayPal,8,16,10,2023,hop,10 nodes,0,energy_observed,kWh,energy,energy_valid_observed,13,13,0,0,0,13,22.33097079441276,19.02369798214857,27.321799308966447,20.64633429670191,23.671415253263454,2.268596607826231,3.0250809565615455,13.546571639950487,10.158969928857,-3.3072728122641912,4.990828514553687,-14.810250941224979,22.34935758279886,8.298101326817878,4.990828514553687,22.34935758279886
Diem,full mesh,PayPal,8,16,10,2023,hop,10 nodes,0,energy_positive_commit,kWh,energy,energy_valid_positive_commit,13,13,0,0,0,13,22.33097079441276,19.02369798214857,27.321799308966447,20.64633429670191,23.671415253263454,2.268596607826231,3.0250809565615455,13.546571639950487,10.158969928857,-3.3072728122641912,4.990828514553687,-14.810250941224979,22.34935758279886,8.298101326817878,4.990828514553687,22.34935758279886
Diem,full mesh,PayPal,8,16,10,2023,hop,40 nodes,0,tps_positive_commit,TPS,average_throughput,tps_point_valid_positive_commit,13,13,0,0,0,13,188.40769230769232,179.4,194.9,184.9,191.6,4.447182917020156,6.699999999999989,3.5561180745519065,2.360404112246847,-9.00769230769231,6.492307692307691,-4.780957824684604,3.4458824970399697,15.5,9.00769230769231,4.780957824684604
Diem,full mesh,PayPal,8,16,10,2023,hop,40 nodes,0,latency_positive_commit,s,average_latency,latency_valid_positive_commit,13,13,0,0,0,13,20.91769230769231,14.66,37.49,16.85,21.42,6.39915769697616,4.57,21.84753429191336,30.592082543555357,-6.257692307692309,16.572307692307692,-29.915787151105068,79.22627146692163,22.830000000000002,16.572307692307692,79.22627146692163
Diem,full mesh,PayPal,8,16,10,2023,hop,40 nodes,0,energy_observed,kWh,energy,energy_valid_observed,13,13,0,0,0,13,22.974704246308644,18.299835082986423,27.33104472401667,22.15183263337392,24.561934724838075,2.4875949959864396,2.4101020914641538,10.490242075048196,10.827538710911252,-4.674869163322221,4.356340477708027,-20.347897031463788,18.96146488330949,9.031209641030248,4.674869163322221,20.347897031463788
Diem,full mesh,PayPal,8,16,10,2023,hop,40 nodes,0,energy_positive_commit,kWh,energy,energy_valid_positive_commit,13,13,0,0,0,13,22.974704246308644,18.299835082986423,27.33104472401667,22.15183263337392,24.561934724838075,2.4875949959864396,2.4101020914641538,10.490242075048196,10.827538710911252,-4.674869163322221,4.356340477708027,-20.347897031463788,18.96146488330949,9.031209641030248,4.674869163322221,20.347897031463788
Diem,full mesh,VISA,8,16,10,2023,hop,10 nodes,0,tps_positive_commit,TPS,average_throughput,tps_point_valid_positive_commit,13,13,0,0,0,13,419.63076923076926,324.1,501.9,399.1,456.8,52.79787534575269,57.69999999999999,13.75018331133597,12.581983786016735,-95.53076923076924,82.26923076923072,-22.765434814488927,19.605147382314104,177.79999999999995,95.53076923076924,22.765434814488927
Diem,full mesh,VISA,8,16,10,2023,hop,10 nodes,0,latency_positive_commit,s,average_latency,latency_valid_positive_commit,13,13,0,0,0,13,124.06692307692308,117.59,140.18,120.59,125.51,5.48579891570861,4.920000000000002,3.965601691394844,4.421645011948386,-6.476923076923072,16.11307692307693,-5.220507542455371,12.987407540595344,22.590000000000003,16.11307692307693,12.987407540595344
Diem,full mesh,VISA,8,16,10,2023,hop,10 nodes,0,energy_observed,kWh,energy,energy_valid_observed,13,13,0,0,0,13,21.929709153751,18.53300825130963,25.63156536814948,19.66778017219709,24.29892170941522,2.5220864513705825,4.631141537218131,21.11811654568155,11.500774742099981,-3.396700902441367,3.7018562143984823,-15.489037627570967,16.880553173069753,7.098557116839849,3.7018562143984823,16.880553173069753
Diem,full mesh,VISA,8,16,10,2023,hop,10 nodes,0,energy_positive_commit,kWh,energy,energy_valid_positive_commit,13,13,0,0,0,13,21.929709153751,18.53300825130963,25.63156536814948,19.66778017219709,24.29892170941522,2.5220864513705825,4.631141537218131,21.11811654568155,11.500774742099981,-3.396700902441367,3.7018562143984823,-15.489037627570967,16.880553173069753,7.098557116839849,3.7018562143984823,16.880553173069753
Diem,full mesh,VISA,8,16,10,2023,hop,40 nodes,0,tps_positive_commit,TPS,average_throughput,tps_point_valid_positive_commit,12,12,0,0,0,12,183.5,168.3,204.1,173.575,191.65,11.62825711946393,18.075000000000017,9.850136239782026,6.336924860743286,-15.199999999999989,20.599999999999994,-8.283378746594,11.226158038147137,35.79999999999998,20.599999999999994,11.226158038147137
Diem,full mesh,VISA,8,16,10,2023,hop,40 nodes,0,latency_positive_commit,s,average_latency,latency_valid_positive_commit,12,12,0,0,0,12,148.0675,142.29,156.27,145.215,150.2175,4.730677685452306,5.002499999999998,3.378526685464398,3.1949466867829237,-5.777500000000003,8.202500000000015,-3.9019366167457434,5.5397031759164,13.980000000000018,8.202500000000015,5.5397031759164
Diem,full mesh,VISA,8,16,10,2023,hop,40 nodes,0,energy_observed,kWh,energy,energy_valid_observed,12,12,0,0,0,12,22.13269484178438,19.152796952112347,26.711309530732848,21.11891414846145,22.443971205878384,1.9783955934860833,1.3250570574169345,5.986876279138658,8.938792169813249,-2.979897889672035,4.578614688948466,-13.46378247643968,20.687108920439663,7.558512578620501,4.578614688948466,20.687108920439663
Diem,full mesh,VISA,8,16,10,2023,hop,40 nodes,0,energy_positive_commit,kWh,energy,energy_valid_positive_commit,12,12,0,0,0,12,22.13269484178438,19.152796952112347,26.711309530732848,21.11891414846145,22.443971205878384,1.9783955934860833,1.3250570574169345,5.986876279138658,8.938792169813249,-2.979897889672035,4.578614688948466,-13.46378247643968,20.687108920439663,7.558512578620501,4.578614688948466,20.687108920439663
Diem,hypercube,DDoS,8,16,10,2023,hop,10 nodes,0,tps_positive_commit,TPS,average_throughput,tps_point_valid_positive_commit,13,13,0,0,0,13,319.8230769230769,206.4,403.0,270.9,387.8,69.8989646304597,116.90000000000003,36.55145873920679,21.855510022271357,-113.42307692307688,83.17692307692312,-35.464319214950564,26.007167424297105,196.6,113.42307692307688,35.464319214950564
Diem,hypercube,DDoS,8,16,10,2023,hop,10 nodes,0,latency_positive_commit,s,average_latency,latency_valid_positive_commit,13,13,0,0,0,13,69.54846153846152,63.96,74.99,67.75,70.39,2.9126272394347725,2.6400000000000006,3.795914304358888,4.187910379331739,-5.588461538461523,5.441538461538471,-8.035348898941503,7.824096092376111,11.029999999999994,5.588461538461523,8.035348898941503
Diem,hypercube,DDoS,8,16,10,2023,hop,10 nodes,0,energy_observed,kWh,energy,energy_valid_observed,13,13,0,0,0,13,11.039431050272782,9.217476703323712,13.851523865010265,10.35893941442457,11.469804083591384,1.1249079637761636,1.1108646691668138,10.062698558539978,10.189908869881183,-1.8219543469490702,2.8120928147374826,-16.50406020611044,25.47316797334403,4.634047161686553,2.8120928147374826,25.47316797334403
Diem,hypercube,DDoS,8,16,10,2023,hop,10 nodes,0,energy_positive_commit,kWh,energy,energy_valid_positive_commit,13,13,0,0,0,13,11.039431050272782,9.217476703323712,13.851523865010265,10.35893941442457,11.469804083591384,1.1249079637761636,1.1108646691668138,10.062698558539978,10.189908869881183,-1.8219543469490702,2.8120928147374826,-16.50406020611044,25.47316797334403,4.634047161686553,2.8120928147374826,25.47316797334403
Diem,hypercube,DDoS,8,16,10,2023,hop,40 nodes,0,tps_positive_commit,TPS,average_throughput,tps_point_valid_positive_commit,12,12,0,0,0,12,143.26666666666668,108.3,177.1,133.525,151.975,18.959686098923076,18.44999999999999,12.878082829222885,13.23384325192397,-34.96666666666668,33.833333333333314,-24.40670079106562,23.615635179153077,68.8,34.96666666666668,24.40670079106562
Diem,hypercube,DDoS,8,16,10,2023,hop,40 nodes,0,latency_positive_commit,s,average_latency,latency_valid_positive_commit,12,12,0,0,0,12,71.2425,62.38,83.83,64.83000000000001,75.4375,7.403689651420122,10.607499999999987,14.889286591571022,10.392237290128957,-8.862500000000004,12.587499999999991,-12.439905955012813,17.668526511562607,21.449999999999996,12.587499999999991,17.668526511562607
Diem,hypercube,DDoS,8,16,10,2023,hop,40 nodes,0,energy_observed,kWh,energy,energy_valid_observed,12,12,0,0,0,12,10.612298774014251,8.47694922330321,12.381516991550187,10.063936759126928,11.247573255429886,1.1385891934759471,1.1836364963029578,11.153441130033608,10.728959085320398,-2.135349550711041,1.7692182175359363,-20.121460921735007,16.671394720511667,3.9045677682469773,2.135349550711041,20.121460921735007
Diem,hypercube,DDoS,8,16,10,2023,hop,40 nodes,0,energy_positive_commit,kWh,energy,energy_valid_positive_commit,12,12,0,0,0,12,10.612298774014251,8.47694922330321,12.381516991550187,10.063936759126928,11.247573255429886,1.1385891934759471,1.1836364963029578,11.153441130033608,10.728959085320398,-2.135349550711041,1.7692182175359363,-20.121460921735007,16.671394720511667,3.9045677682469773,2.135349550711041,20.121460921735007
Diem,hypercube,FIFA,8,16,10,2023,hop,10 nodes,0,tps_positive_commit,TPS,average_throughput,tps_point_valid_positive_commit,13,13,0,0,0,13,29.53846153846154,11.3,50.7,24.3,34.4,10.81307375830592,10.099999999999998,34.19270833333332,36.606760119264834,-18.23846153846154,21.161538461538463,-61.74479166666667,71.640625,39.400000000000006,21.161538461538463,71.640625
Diem,hypercube,FIFA,8,16,10,2023,hop,10 nodes,0,latency_positive_commit,s,average_latency,latency_valid_positive_commit,13,13,0,0,0,13,43.52461538461539,29.87,55.77,38.85,46.09,8.305153636331898,7.240000000000002,16.63426531405748,19.081509538778175,-13.654615384615386,12.245384615384616,-31.372167827224207,28.134389028312892,25.900000000000002,13.654615384615386,31.372167827224207
Diem,hypercube,FIFA,8,16,10,2023,hop,10 nodes,0,energy_observed,kWh,energy,energy_valid_observed,13,13,0,0,0,13,8.938130935360617,7.320719373805357,11.07788963166835,8.316345297582917,9.505139579745537,1.1436202673567115,1.18879428216262,13.30025584498396,12.794848001525402,-1.6174115615552598,2.1397586963077337,-18.09563513056775,23.939666041840137,3.7571702578629935,2.1397586963077337,23.939666041840137
Diem,hypercube,FIFA,8,16,10,2023,hop,10 nodes,0,energy_positive_commit,kWh,energy,energy_valid_positive_commit,13,13,0,0,0,13,8.938130935360617,7.320719373805357,11.07788963166835,8.316345297582917,9.505139579745537,1.1436202673567115,1.18879428216262,13.30025584498396,12.794848001525402,-1.6174115615552598,2.1397586963077337,-18.09563513056775,23.939666041840137,3.7571702578629935,2.1397586963077337,23.939666041840137
Diem,hypercube,FIFA,8,16,10,2023,hop,40 nodes,0,tps_positive_commit,TPS,average_throughput,tps_point_valid_positive_commit,9,9,0,0,0,9,15.288888888888888,8.1,33.9,8.8,15.7,8.676324746752574,6.899999999999999,45.13081395348837,56.74921709358515,-7.188888888888888,18.61111111111111,-47.0203488372093,121.7296511627907,25.799999999999997,18.61111111111111,121.7296511627907
Diem,hypercube,FIFA,8,16,10,2023,hop,40 nodes,0,latency_positive_commit,s,average_latency,latency_valid_positive_commit,9,9,0,0,0,9,50.30111111111111,35.02,69.21,45.78,51.54,10.010612424377994,5.759999999999998,11.451039296679989,19.901374349893295,-15.281111111111109,18.90888888888888,-30.37927149831017,37.59139404917054,34.18999999999999,18.90888888888888,37.59139404917054
Diem,hypercube,FIFA,8,16,10,2023,hop,40 nodes,0,energy_observed,kWh,energy,energy_valid_observed,9,9,0,0,0,9,9.144518052069047,6.060898817441256,12.100910346017203,7.536969763198798,10.955378384785938,2.1362017966883746,3.4184086215871394,37.38205340207828,23.360463444052534,-3.0836192346277915,2.9563922939481557,-33.72095956363812,32.32966764475072,6.040011528575947,3.0836192346277915,33.72095956363812
Diem,hypercube,FIFA,8,16,10,2023,hop,40 nodes,0,energy_positive_commit,kWh,energy,energy_valid_positive_commit,9,9,0,0,0,9,9.144518052069047,6.060898817441256,12.100910346017203,7.536969763198798,10.955378384785938,2.1362017966883746,3.4184086215871394,37.38205340207828,23.360463444052534,-3.0836192346277915,2.9563922939481557,-33.72095956363812,32.32966764475072,6.040011528575947,3.0836192346277915,33.72095956363812
Diem,hypercube,GAFAM,8,16,10,2023,hop,10 nodes,0,tps_positive_commit,TPS,average_throughput,tps_point_valid_positive_commit,13,13,0,0,0,13,150.83846153846156,123.4,167.1,132.4,167.0,17.44078259241532,34.599999999999994,22.938446631648727,11.562556667927948,-27.438461538461553,16.261538461538436,-18.19062675302158,10.78076393492782,43.69999999999999,27.438461538461553,18.19062675302158
Diem,hypercube,GAFAM,8,16,10,2023,hop,10 nodes,0,latency_positive_commit,s,average_latency,latency_valid_positive_commit,13,13,0,0,0,13,28.320769230769233,23.18,33.45,26.98,30.46,2.978216640705367,3.4800000000000004,12.287801830676047,10.51601606029002,-5.140769230769234,5.1292307692307695,-18.151940679577375,18.111198631067168,10.270000000000003,5.140769230769234,18.151940679577375
Diem,hypercube,GAFAM,8,16,10,2023,hop,10 nodes,0,energy_observed,kWh,energy,energy_valid_observed,13,13,0,0,0,13,14.056513962352216,11.920032745750756,15.399150009597038,13.422134290132812,14.895776241842997,1.1140770957590547,1.473641951710185,10.483694290469625,7.925699776935484,-2.13648121660146,1.342636047244822,-15.199225229837438,9.551700022073932,3.479117263846282,2.13648121660146,15.199225229837438
Diem,hypercube,GAFAM,8,16,10,2023,hop,10 nodes,0,energy_positive_commit,kWh,energy,energy_valid_positive_commit,13,13,0,0,0,13,14.056513962352216,11.920032745750756,15.399150009597038,13.422134290132812,14.895776241842997,1.1140770957590547,1.473641951710185,10.483694290469625,7.925699776935484,-2.13648121660146,1.342636047244822,-15.199225229837438,9.551700022073932,3.479117263846282,2.13648121660146,15.199225229837438
Diem,hypercube,GAFAM,8,16,10,2023,hop,40 nodes,0,tps_positive_commit,TPS,average_throughput,tps_point_valid_positive_commit,10,10,0,0,0,10,147.53000000000003,78.0,167.0,154.375,166.9,36.83202260111287,12.525000000000006,8.48979868501322,24.965784993637133,-69.53000000000003,19.46999999999997,-47.129397410696136,13.197315800176213,89.0,69.53000000000003,47.129397410696136
Diem,hypercube,GAFAM,8,16,10,2023,hop,40 nodes,0,latency_positive_commit,s,average_latency,latency_valid_positive_commit,10,10,0,0,0,10,57.218,41.59,71.35,52.44,62.41,8.812566532451761,9.969999999999999,17.42458666853088,15.401738146128423,-15.628,14.13199999999999,-27.31308329546646,24.698521444300727,29.75999999999999,15.628,27.31308329546646
Diem,hypercube,GAFAM,8,16,10,2023,hop,40 nodes,0,energy_observed,kWh,energy,energy_valid_observed,10,10,0,0,0,10,15.02595120167074,11.017398237378844,18.602357679093945,14.18358502133319,17.025827573911503,2.4823723374786932,2.8422425525783126,18.915558252726676,16.52056701210821,-4.008552964291896,3.5764064774232054,-26.677532160800467,23.801531293576566,7.584959441715101,4.008552964291896,26.677532160800467
Diem,hypercube,GAFAM,8,16,10,2023,hop,40 nodes,0,energy_positive_commit,kWh,energy,energy_valid_positive_commit,10,10,0,0,0,10,15.02595120167074,11.017398237378844,18.602357679093945,14.18358502133319,17.025827573911503,2.4823723374786932,2.8422425525783126,18.915558252726676,16.52056701210821,-4.008552964291896,3.5764064774232054,-26.677532160800467,23.801531293576566,7.584959441715101,4.008552964291896,26.677532160800467
Diem,hypercube,Gaming,8,16,10,2023,hop,10 nodes,0,tps_positive_commit,TPS,average_throughput,tps_point_valid_positive_commit,13,13,0,0,0,13,206.79230769230767,84.3,401.7,138.9,283.1,103.82229578738904,144.20000000000002,69.73180076628354,50.206072433733496,-122.49230769230768,194.90769230769232,-59.23446043968307,94.2528735632184,317.4,194.90769230769232,94.2528735632184
Diem,hypercube,Gaming,8,16,10,2023,hop,10 nodes,0,latency_positive_commit,s,average_latency,latency_valid_positive_commit,13,13,0,0,0,13,82.12384615384616,45.14,134.71,64.86,109.97,28.23929045923473,45.11,54.92923445827596,34.38622492952028,-36.98384615384616,52.58615384615385,-45.03423534811401,64.03274604022067,89.57000000000001,52.58615384615385,64.03274604022067
Diem,hypercube,Gaming,8,16,10,2023,hop,10 nodes,0,energy_observed,kWh,energy,energy_valid_observed,13,13,0,0,0,13,20.310405395205635,16.660081067376467,24.2416361773363,18.553773351834103,21.28972409464328,2.3398616934321375,2.7359507428091767,13.470685048241384,11.520507089358604,-3.6503243278291677,3.9312307821306653,-17.972680785046485,19.355747488224193,7.581555109959833,3.9312307821306653,19.355747488224193
Diem,hypercube,Gaming,8,16,10,2023,hop,10 nodes,0,energy_positive_commit,kWh,energy,energy_valid_positive_commit,13,13,0,0,0,13,20.310405395205635,16.660081067376467,24.2416361773363,18.553773351834103,21.28972409464328,2.3398616934321375,2.7359507428091767,13.470685048241384,11.520507089358604,-3.6503243278291677,3.9312307821306653,-17.972680785046485,19.355747488224193,7.581555109959833,3.9312307821306653,19.355747488224193
Diem,hypercube,Gaming,8,16,10,2023,hop,40 nodes,0,tps_positive_commit,TPS,average_throughput,tps_point_valid_positive_commit,10,10,0,0,0,10,211.16000000000003,119.4,247.6,200.475,241.45,44.4448272205739,40.974999999999994,19.404716802424694,21.047938634482804,-91.76000000000002,36.43999999999997,-43.455199848456154,17.25705626065541,128.2,91.76000000000002,43.455199848456154
Diem,hypercube,Gaming,8,16,10,2023,hop,40 nodes,0,latency_positive_commit,s,average_latency,latency_valid_positive_commit,10,10,0,0,0,10,138.56199999999998,97.97,155.58,139.9575,149.345,18.744487071017858,9.387499999999989,6.774945511756463,13.527869885695832,-40.591999999999985,17.01800000000003,-29.29518915720038,12.281866601232684,57.610000000000014,40.591999999999985,29.29518915720038
Diem,hypercube,Gaming,8,16,10,2023,hop,40 nodes,0,energy_observed,kWh,energy,energy_valid_observed,10,10,0,0,0,10,21.388754785304215,13.441860266369355,27.581064039429087,18.91065073214031,23.574148154559623,4.38183545879842,4.6634974224193115,21.803501275462317,20.486631890366482,-7.94689451893486,6.192309254124872,-37.15454498732676,28.951237770884557,14.139203773059732,7.94689451893486,37.15454498732676
Diem,hypercube,Gaming,8,16,10,2023,hop,40 nodes,0,energy_positive_commit,kWh,energy,energy_valid_positive_commit,10,10,0,0,0,10,21.388754785304215,13.441860266369355,27.581064039429087,18.91065073214031,23.574148154559623,4.38183545879842,4.6634974224193115,21.803501275462317,20.486631890366482,-7.94689451893486,6.192309254124872,-37.15454498732676,28.951237770884557,14.139203773059732,7.94689451893486,37.15454498732676
Diem,hypercube,PayPal,8,16,10,2023,hop,10 nodes,0,tps_positive_commit,TPS,average_throughput,tps_point_valid_positive_commit,13,13,0,0,0,13,196.70000000000002,194.6,197.4,196.5,197.1,0.7153087911291658,0.5999999999999943,0.30503304524656544,0.3636546980829516,-2.1000000000000227,0.6999999999999886,-1.0676156583630008,0.35587188612099063,2.8000000000000114,2.1000000000000227,1.0676156583630008
Diem,hypercube,PayPal,8,16,10,2023,hop,10 nodes,0,latency_positive_commit,s,average_latency,latency_valid_positive_commit,13,13,0,0,0,13,5.510000000000001,4.71,6.92,5.21,5.88,0.6611227823432901,0.6699999999999999,12.159709618874771,11.998598590622324,-0.8000000000000007,1.4099999999999993,-14.519056261343025,25.589836660617042,2.21,1.4099999999999993,25.589836660617042
Diem,hypercube,PayPal,8,16,10,2023,hop,10 nodes,0,energy_observed,kWh,energy,energy_valid_observed,13,13,0,0,0,13,22.226636593110847,16.330275721798976,25.99570935572669,20.67121322339423,25.00329301847867,3.269548723168713,4.332079795084439,19.490487357080237,14.710047152082877,-5.89636087131187,3.769072762615842,-26.528354151160453,16.957458888692443,9.665433633927712,5.89636087131187,26.528354151160453
Diem,hypercube,PayPal,8,16,10,2023,hop,10 nodes,0,energy_positive_commit,kWh,energy,energy_valid_positive_commit,13,13,0,0,0,13,22.226636593110847,16.330275721798976,25.99570935572669,20.67121322339423,25.00329301847867,3.269548723168713,4.332079795084439,19.490487357080237,14.710047152082877,-5.89636087131187,3.769072762615842,-26.528354151160453,16.957458888692443,9.665433633927712,5.89636087131187,26.528354151160453
Diem,hypercube,PayPal,8,16,10,2023,hop,40 nodes,0,tps_positive_commit,TPS,average_throughput,tps_point_valid_positive_commit,11,11,0,0,0,11,191.29090909090908,185.1,195.5,189.4,193.5,3.307704504775041,4.099999999999994,2.143332382853338,1.7291488239010289,-6.190909090909088,4.209090909090918,-3.2363843741089235,2.200361182397115,10.400000000000006,6.190909090909088,3.2363843741089235
Diem,hypercube,PayPal,8,16,10,2023,hop,40 nodes,0,latency_positive_commit,s,average_latency,latency_valid_positive_commit,11,11,0,0,0,11,22.872727272727275,16.73,35.81,19.355,24.835,5.41622209830633,5.48,23.95866454689984,23.67982634394659,-6.142727272727274,12.937272727272727,-26.85612082670907,56.56200317965023,19.080000000000002,12.937272727272727,56.56200317965023
Diem,hypercube,PayPal,8,16,10,2023,hop,40 nodes,0,energy_observed,kWh,energy,energy_valid_observed,11,11,0,0,0,11,22.7454971122813,16.974573736145746,26.696183665059944,21.453555264986463,24.763989198909403,2.8928407456590537,3.3104339339229405,14.554238659112404,12.718300819625002,-5.770923376135553,3.950686552778645,-25.371717960912694,17.36909302652917,9.721609928914198,5.770923376135553,25.371717960912694
Diem,hypercube,PayPal,8,16,10,2023,hop,40 nodes,0,energy_positive_commit,kWh,energy,energy_valid_positive_commit,11,11,0,0,0,11,22.7454971122813,16.974573736145746,26.696183665059944,21.453555264986463,24.763989198909403,2.8928407456590537,3.3104339339229405,14.554238659112404,12.718300819625002,-5.770923376135553,3.950686552778645,-25.371717960912694,17.36909302652917,9.721609928914198,5.770923376135553,25.371717960912694
Diem,hypercube,VISA,8,16,10,2023,hop,10 nodes,0,tps_positive_commit,TPS,average_throughput,tps_point_valid_positive_commit,12,12,0,0,0,12,443.09999999999997,401.3,475.8,430.1,452.275,19.92636444512646,22.174999999999955,5.004513653802744,4.497035532639689,-41.799999999999955,32.700000000000045,-9.433536447754447,7.379823967501704,74.5,41.799999999999955,9.433536447754447
Diem,hypercube,VISA,8,16,10,2023,hop,10 nodes,0,latency_positive_commit,s,average_latency,latency_valid_positive_commit,12,12,0,0,0,12,124.88000000000001,119.99,131.34,123.065,125.77250000000001,3.0912898161241276,2.7075000000000102,2.1680813581037874,2.4754082448143238,-4.890000000000015,6.459999999999994,-3.9157591287636246,5.172966047405503,11.350000000000009,6.459999999999994,5.172966047405503
Diem,hypercube,VISA,8,16,10,2023,hop,10 nodes,0,energy_observed,kWh,energy,energy_valid_observed,12,12,0,0,0,12,22.96355247234251,20.32483336443447,26.34815412475645,21.527036788369294,24.328379871298218,2.070743477594185,2.8013430829289234,12.199084119510184,9.017522354558187,-2.6387191079080417,3.3846016524139415,-11.49090111857099,14.739015910061754,6.023320760321983,3.3846016524139415,14.739015910061754
Diem,hypercube,VISA,8,16,10,2023,hop,10 nodes,0,energy_positive_commit,kWh,energy,energy_valid_positive_commit,12,12,0,0,0,12,22.96355247234251,20.32483336443447,26.34815412475645,21.527036788369294,24.328379871298218,2.070743477594185,2.8013430829289234,12.199084119510184,9.017522354558187,-2.6387191079080417,3.3846016524139415,-11.49090111857099,14.739015910061754,6.023320760321983,3.3846016524139415,14.739015910061754
Diem,hypercube,VISA,8,16,10,2023,hop,40 nodes,0,tps_positive_commit,TPS,average_throughput,tps_point_valid_positive_commit,9,9,0,0,0,9,199.38888888888889,187.6,210.7,193.9,205.5,7.972835826173214,11.599999999999994,5.8177765394260215,3.998635967431537,-11.788888888888891,11.311111111111103,-5.912510448592924,5.672889384229587,23.099999999999994,11.788888888888891,5.912510448592924
Diem,hypercube,VISA,8,16,10,2023,hop,40 nodes,0,latency_positive_commit,s,average_latency,latency_valid_positive_commit,9,9,0,0,0,9,154.58888888888887,152.11,159.56,152.68,155.73,2.3433706730073895,3.049999999999983,1.9729749155466003,1.5158726412036592,-2.4788888888888607,4.971111111111128,-1.6035362610507977,3.215697549054852,7.449999999999989,4.971111111111128,3.215697549054852
Diem,hypercube,VISA,8,16,10,2023,hop,40 nodes,0,energy_observed,kWh,energy,energy_valid_observed,9,9,0,0,0,9,22.151437431248432,18.9274496283104,24.956066067603864,20.763622279760767,23.127121727165083,1.934600259931862,2.3634994474043154,10.669733983358528,8.733520187736321,-3.2239878029380336,2.8046286363554316,-14.55430516843138,12.661158649682111,6.028616439293465,3.2239878029380336,14.55430516843138
Diem,hypercube,VISA,8,16,10,2023,hop,40 nodes,0,energy_positive_commit,kWh,energy,energy_valid_positive_commit,9,9,0,0,0,9,22.151437431248432,18.9274496283104,24.956066067603864,20.763622279760767,23.127121727165083,1.934600259931862,2.3634994474043154,10.669733983358528,8.733520187736321,-3.2239878029380336,2.8046286363554316,-14.55430516843138,12.661158649682111,6.028616439293465,3.2239878029380336,14.55430516843138
Diem,scale-free,DDoS,8,16,10,2023,hop,10 nodes,0,tps_positive_commit,TPS,average_throughput,tps_point_valid_positive_commit,13,13,0,0,0,13,220.3923076923077,176.9,258.3,208.3,237.0,25.676333510922124,28.69999999999999,13.022233080869773,11.65028570179008,-43.49230769230769,37.907692307692315,-19.734040696659804,17.200097727828002,81.4,43.49230769230769,19.734040696659804
Diem,scale-free,DDoS,8,16,10,2023,hop,10 nodes,0,latency_positive_commit,s,average_latency,latency_valid_positive_commit,13,13,0,0,0,13,73.04538461538462,66.82,78.61,71.31,75.85,3.7193315156190248,4.539999999999992,6.215313977611379,5.091809065285789,-6.225384615384627,5.564615384615379,-8.52262555418656,7.618024621152278,11.790000000000006,6.225384615384627,8.52262555418656
Diem,scale-free,DDoS,8,16,10,2023,hop,10 nodes,0,energy_observed,kWh,energy,energy_valid_observed,13,13,0,0,0,13,10.110122176663298,6.957453194328892,14.539700807649265,9.40903926047691,10.733675328583733,1.8970952764375588,1.3246360681068232,13.102077749014905,18.764316031872802,-3.152668982334406,4.429578630985967,-31.183292617487435,43.81330466223788,7.582247613320373,4.429578630985967,43.81330466223788
Diem,scale-free,DDoS,8,16,10,2023,hop,10 nodes,0,energy_positive_commit,kWh,energy,energy_valid_positive_commit,13,13,0,0,0,13,10.110122176663298,6.957453194328892,14.539700807649265,9.40903926047691,10.733675328583733,1.8970952764375588,1.3246360681068232,13.102077749014905,18.764316031872802,-3.152668982334406,4.429578630985967,-31.183292617487435,43.81330466223788,7.582247613320373,4.429578630985967,43.81330466223788
Diem,scale-free,DDoS,8,16,10,2023,hop,40 nodes,0,tps_positive_commit,TPS,average_throughput,tps_point_valid_positive_commit,19,18,1,0,0,18,109.52777777777777,75.1,133.3,100.0,125.0,17.022193318120824,25.0,22.82525995434948,15.541439499171942,-34.42777777777778,23.77222222222224,-31.432919097134164,21.704286076591444,58.20000000000002,34.42777777777778,31.432919097134164
Diem,scale-free,DDoS,8,16,10,2023,hop,40 nodes,0,latency_positive_commit,s,average_latency,latency_valid_positive_commit,19,18,1,0,0,18,83.49888888888889,63.58,109.92,78.1825,90.805,11.674292969592175,12.622500000000002,15.116967624319688,13.981375231384261,-19.918888888888887,26.421111111111117,-23.855274188611958,31.642470292352534,46.34,26.421111111111117,31.642470292352534
Diem,scale-free,DDoS,8,16,10,2023,hop,40 nodes,0,energy_observed,kWh,energy,energy_valid_observed,19,18,1,0,0,19,10.766949653752873,7.594820178367861,12.89581230800758,9.667530364075029,11.823256947584039,1.401117146082231,2.1557265835090096,20.02170208678946,13.013129912740556,-3.1721294753850113,2.128862654254707,-29.461728506173056,19.772198465817862,5.300992129639718,3.1721294753850113,29.461728506173056
Diem,scale-free,DDoS,8,16,10,2023,hop,40 nodes,0,energy_positive_commit,kWh,energy,energy_valid_positive_commit,19,18,1,0,0,18,10.771160581570765,7.594820178367861,12.89581230800758,9.593601314104305,11.868757306094203,1.4416139303805862,2.275155991989898,21.122663382093137,13.38401669405206,-3.1763404032029037,2.1246517264368148,-29.489305067436806,19.725374163226668,5.300992129639718,3.1763404032029037,29.489305067436806
Diem,scale-free,FIFA,8,16,10,2023,hop,10 nodes,0,tps_positive_commit,TPS,average_throughput,tps_point_valid_positive_commit,12,12,0,0,0,12,19.55833333333333,4.8,28.9,16.575,25.549999999999997,7.15356978061028,8.974999999999998,45.88836812952705,36.57555916801166,-14.75833333333333,9.341666666666669,-75.45803152961227,47.76310183212614,24.099999999999998,14.75833333333333,75.45803152961227
Diem,scale-free,FIFA,8,16,10,2023,hop,10 nodes,0,latency_positive_commit,s,average_latency,latency_valid_positive_commit,12,12,0,0,0,12,60.22666666666667,40.84,78.16,56.375,65.0925,10.518780030656279,8.717500000000001,14.474485277839277,17.46531995349172,-19.386666666666663,17.93333333333333,-32.189506309497446,29.776400265663046,37.31999999999999,19.386666666666663,32.189506309497446
Diem,scale-free,FIFA,8,16,10,2023,hop,10 nodes,0,energy_observed,kWh,energy,energy_valid_observed,12,12,0,0,0,12,9.469176564355775,6.879286783091494,12.353501362651391,8.48645674940295,10.459870418130654,1.6398850038899355,1.9734136687277033,20.840393621511925,17.31813735592228,-2.589889781264281,2.8843247982956157,-27.35073914466058,30.460143801235024,5.474214579559897,2.8843247982956157,30.460143801235024
Diem,scale-free,FIFA,8,16,10,2023,hop,10 nodes,0,energy_positive_commit,kWh,energy,energy_valid_positive_commit,12,12,0,0,0,12,9.469176564355775,6.879286783091494,12.353501362651391,8.48645674940295,10.459870418130654,1.6398850038899355,1.9734136687277033,20.840393621511925,17.31813735592228,-2.589889781264281,2.8843247982956157,-27.35073914466058,30.460143801235024,5.474214579559897,2.8843247982956157,30.460143801235024
Diem,scale-free,FIFA,8,16,10,2023,hop,40 nodes,0,tps_positive_commit,TPS,average_throughput,tps_point_valid_positive_commit,18,18,0,0,0,18,8.305555555555555,1.7,20.0,6.15,10.5,4.67301039414539,4.35,52.37458193979933,56.26367029740269,-6.605555555555555,11.694444444444445,-79.53177257525084,140.8026755852843,18.3,11.694444444444445,140.8026755852843
Diem,scale-free,FIFA,8,16,10,2023,hop,40 nodes,0,latency_positive_commit,s,average_latency,latency_valid_positive_commit,18,18,0,0,0,18,70.27777777777777,47.39,120.33,55.0025,76.51750000000001,22.991726275427492,21.515000000000015,30.61422924901188,32.71549983855295,-22.88777777777777,50.05222222222223,-32.567588932806316,71.2205533596838,72.94,50.05222222222223,71.2205533596838
Diem,scale-free,FIFA,8,16,10,2023,hop,40 nodes,0,energy_observed,kWh,energy,energy_valid_observed,18,18,0,0,0,18,9.249221753899866,7.732602216657017,10.842874073462816,8.642828935358137,9.79686468656147,0.8926365970649284,1.1540357512033328,12.47711193340934,9.650937352524332,-1.5166195372428488,1.5936523195629508,-16.397266468428843,17.230123376499208,3.1102718568057997,1.5936523195629508,17.230123376499208
Diem,scale-free,FIFA,8,16,10,2023,hop,40 nodes,0,energy_positive_commit,kWh,energy,energy_valid_positive_commit,18,18,0,0,0,18,9.249221753899866,7.732602216657017,10.842874073462816,8.642828935358137,9.79686468656147,0.8926365970649284,1.1540357512033328,12.47711193340934,9.650937352524332,-1.5166195372428488,1.5936523195629508,-16.397266468428843,17.230123376499208,3.1102718568057997,1.5936523195629508,17.230123376499208
Diem,scale-free,GAFAM,8,16,10,2023,hop,10 nodes,0,tps_positive_commit,TPS,average_throughput,tps_point_valid_positive_commit,14,14,0,0,0,14,156.81428571428572,98.1,166.5,151.4,166.4,18.403672590957623,15.0,9.5654550423613,11.73596685220947,-58.71428571428572,9.685714285714283,-37.441924022957096,6.176550970210438,68.4,58.71428571428572,37.441924022957096
Diem,scale-free,GAFAM,8,16,10,2023,hop,10 nodes,0,latency_positive_commit,s,average_latency,latency_valid_positive_commit,14,14,0,0,0,14,46.9,36.5,59.47,43.7525,48.41,5.484180045296723,4.657499999999999,9.930703624733473,11.693347644555914,-10.399999999999999,12.57,-22.174840085287844,26.80170575692964,22.97,12.57,26.80170575692964
Diem,scale-free,GAFAM,8,16,10,2023,hop,10 nodes,0,energy_observed,kWh,energy,energy_valid_observed,14,14,0,0,0,14,15.081967276917224,10.115049636908624,19.914481024625903,13.588286590271757,16.402718018352505,2.4493202728776913,2.8144314280807485,18.660903955070925,16.24005826233523,-4.9669176400085995,4.8325137477086795,-32.93282334334732,32.041667104693865,9.799431387717279,4.9669176400085995,32.93282334334732
Diem,scale-free,GAFAM,8,16,10,2023,hop,10 nodes,0,energy_positive_commit,kWh,energy,energy_valid_positive_commit,14,14,0,0,0,14,15.081967276917224,10.115049636908624,19.914481024625903,13.588286590271757,16.402718018352505,2.4493202728776913,2.8144314280807485,18.660903955070925,16.24005826233523,-4.9669176400085995,4.8325137477086795,-32.93282334334732,32.041667104693865,9.799431387717279,4.9669176400085995,32.93282334334732
Diem,scale-free,GAFAM,8,16,10,2023,hop,40 nodes,0,tps_positive_commit,TPS,average_throughput,tps_point_valid_positive_commit,16,16,0,0,0,16,164.95625,144.6,166.5,166.275,166.32500000000002,5.42929937161939,0.05000000000001137,0.030311067328465193,3.291357175990233,-20.356250000000017,1.5437499999999886,-12.340393286098596,0.9358542037661431,21.900000000000006,20.356250000000017,12.340393286098596
Diem,scale-free,GAFAM,8,16,10,2023,hop,40 nodes,0,latency_positive_commit,s,average_latency,latency_valid_positive_commit,16,16,0,0,0,16,79.785625,72.59,92.98,75.30000000000001,82.63499999999999,6.022057199717274,7.3349999999999795,9.193385399938874,7.547797237556607,-7.195624999999993,13.194375000000008,-9.018698543753958,16.537283501883966,20.39,13.194375000000008,16.537283501883966
Diem,scale-free,GAFAM,8,16,10,2023,hop,40 nodes,0,energy_observed,kWh,energy,energy_valid_observed,16,16,0,0,0,16,14.307418298982842,9.74070971219374,18.585690218903665,13.119192691394547,15.725762915521884,2.276942658574115,2.6065702241273367,18.2183128336483,15.914420135014783,-4.566708586789103,4.278271919920822,-31.9184669893503,29.902473182216095,8.844980506709925,4.566708586789103,31.9184669893503
Diem,scale-free,GAFAM,8,16,10,2023,hop,40 nodes,0,energy_positive_commit,kWh,energy,energy_valid_positive_commit,16,16,0,0,0,16,14.307418298982842,9.74070971219374,18.585690218903665,13.119192691394547,15.725762915521884,2.276942658574115,2.6065702241273367,18.2183128336483,15.914420135014783,-4.566708586789103,4.278271919920822,-31.9184669893503,29.902473182216095,8.844980506709925,4.566708586789103,31.9184669893503
Diem,scale-free,Gaming,8,16,10,2023,hop,10 nodes,0,tps_positive_commit,TPS,average_throughput,tps_point_valid_positive_commit,13,13,0,0,0,13,165.93846153846152,66.1,259.5,110.0,228.6,65.79364886346728,118.6,71.47227888002968,39.64942681369714,-99.83846153846153,93.56153846153848,-60.165955868718704,56.383274615241994,193.4,99.83846153846153,60.165955868718704
Diem,scale-free,Gaming,8,16,10,2023,hop,10 nodes,0,latency_positive_commit,s,average_latency,latency_valid_positive_commit,13,13,0,0,0,13,104.19999999999999,77.13,134.55,95.03,122.95,18.658311820740916,27.92,26.794625719769677,17.906249348119882,-27.069999999999993,30.350000000000023,-25.978886756237998,29.126679462572003,57.420000000000016,30.350000000000023,29.126679462572003
Diem,scale-free,Gaming,8,16,10,2023,hop,10 nodes,0,energy_observed,kWh,energy,energy_valid_observed,13,13,0,0,0,13,20.351580818684017,17.542793396723336,25.04464204703436,18.387662238336382,21.208143109734788,2.418479001766062,2.8204808713984058,13.858780290959162,11.883494571319726,-2.8087874219606803,4.6930612283503415,-13.801323086322803,23.059934607349124,7.501848650311022,4.6930612283503415,23.059934607349124
Diem,scale-free,Gaming,8,16,10,2023,hop,10 nodes,0,energy_positive_commit,kWh,energy,energy_valid_positive_commit,13,13,0,0,0,13,20.351580818684017,17.542793396723336,25.04464204703436,18.387662238336382,21.208143109734788,2.418479001766062,2.8204808713984058,13.858780290959162,11.883494571319726,-2.8087874219606803,4.6930612283503415,-13.801323086322803,23.059934607349124,7.501848650311022,4.6930612283503415,23.059934607349124
Diem,scale-free,Gaming,8,16,10,2023,hop,40 nodes,0,tps_positive_commit,TPS,average_throughput,tps_point_valid_positive_commit,17,17,0,0,0,17,192.9470588235294,155.3,229.9,184.6,208.4,19.91347275235597,23.80000000000001,12.334989786896747,10.320692563947789,-37.64705882352939,36.9529411764706,-19.511600256089743,19.15185512636811,74.6,37.64705882352939,19.511600256089743
Diem,scale-free,Gaming,8,16,10,2023,hop,40 nodes,0,latency_positive_commit,s,average_latency,latency_valid_positive_commit,17,17,0,0,0,17,155.15588235294118,142.24,173.26,150.6,157.85,7.939347469111935,7.25,4.672720034879533,5.11701351486751,-12.915882352941168,18.104117647058814,-8.324455481204854,11.668341136996943,31.019999999999982,18.104117647058814,11.668341136996943
Diem,scale-free,Gaming,8,16,10,2023,hop,40 nodes,0,energy_observed,kWh,energy,energy_valid_observed,17,17,0,0,0,17,21.943939750737314,16.506154931160008,26.86674898492326,20.325481578503474,24.04990184879227,2.817837526557492,3.724420270288796,16.972432081908426,12.841073930048559,-5.437784819577306,4.922809234185944,-24.78034884047928,22.433570681037523,10.36059405376325,5.437784819577306,24.78034884047928
Diem,scale-free,Gaming,8,16,10,2023,hop,40 nodes,0,energy_positive_commit,kWh,energy,energy_valid_positive_commit,17,17,0,0,0,17,21.943939750737314,16.506154931160008,26.86674898492326,20.325481578503474,24.04990184879227,2.817837526557492,3.724420270288796,16.972432081908426,12.841073930048559,-5.437784819577306,4.922809234185944,-24.78034884047928,22.433570681037523,10.36059405376325,5.437784819577306,24.78034884047928
Diem,scale-free,PayPal,8,16,10,2023,hop,10 nodes,0,tps_positive_commit,TPS,average_throughput,tps_point_valid_positive_commit,13,13,0,0,0,13,193.0,186.9,194.8,191.6,194.5,2.310844001658271,2.9000000000000057,1.5025906735751324,1.1973284982685342,-6.099999999999994,1.8000000000000114,-3.160621761658028,0.932642487046638,7.900000000000006,6.099999999999994,3.160621761658028
Diem,scale-free,PayPal,8,16,10,2023,hop,10 nodes,0,latency_positive_commit,s,average_latency,latency_valid_positive_commit,13,13,0,0,0,13,12.153076923076924,9.59,15.71,11.3,12.45,1.8611214567897167,1.1499999999999986,9.462624216722565,15.31399388459163,-2.563076923076924,3.556923076923077,-21.089942401417815,29.267675169314515,6.120000000000001,3.556923076923077,29.267675169314515
Diem,scale-free,PayPal,8,16,10,2023,hop,10 nodes,0,energy_observed,kWh,energy,energy_valid_observed,13,13,0,0,0,13,22.59840552879422,18.128126895638584,26.6872854120756,21.832663123076035,23.764895625208236,2.243913550916591,1.9322325021322015,8.550304576445484,9.929521567605567,-4.470278633155637,4.088879883281379,-19.781389565116616,18.09366540516077,8.559158516437016,4.470278633155637,19.781389565116616
Diem,scale-free,PayPal,8,16,10,2023,hop,10 nodes,0,energy_positive_commit,kWh,energy,energy_valid_positive_commit,13,13,0,0,0,13,22.59840552879422,18.128126895638584,26.6872854120756,21.832663123076035,23.764895625208236,2.243913550916591,1.9322325021322015,8.550304576445484,9.929521567605567,-4.470278633155637,4.088879883281379,-19.781389565116616,18.09366540516077,8.559158516437016,4.470278633155637,19.781389565116616
Diem,scale-free,PayPal,8,16,10,2023,hop,40 nodes,0,tps_positive_commit,TPS,average_throughput,tps_point_valid_positive_commit,19,19,0,0,0,19,163.66315789473686,131.8,182.4,157.65,172.05,11.215376871178833,14.400000000000006,8.798559300231544,6.852719338577239,-31.863157894736844,18.73684210526315,-19.468741960380754,11.448417802932846,50.599999999999994,31.863157894736844,19.468741960380754
Diem,scale-free,PayPal,8,16,10,2023,hop,40 nodes,0,latency_positive_commit,s,average_latency,latency_valid_positive_commit,19,19,0,0,0,19,60.739999999999995,38.54,100.41,55.785,64.925,13.225827006278283,9.14,15.047744484688838,21.7744929309817,-22.199999999999996,39.67,-36.54922621007573,65.31116233124794,61.87,39.67,65.31116233124794
Diem,scale-free,PayPal,8,16,10,2023,hop,40 nodes,0,energy_observed,kWh,energy,energy_valid_observed,19,19,0,0,0,19,23.163847349869044,17.90884806974951,29.525544283015478,20.411895365520323,25.025790276830996,3.4465695221187342,4.613894911310673,19.91851716868078,14.879089255171678,-5.254999280119534,6.361696933146433,-22.686210976732426,27.463904579661286,11.616696213265968,6.361696933146433,27.463904579661286
Diem,scale-free,PayPal,8,16,10,2023,hop,40 nodes,0,energy_positive_commit,kWh,energy,energy_valid_positive_commit,19,19,0,0,0,19,23.163847349869044,17.90884806974951,29.525544283015478,20.411895365520323,25.025790276830996,3.4465695221187342,4.613894911310673,19.91851716868078,14.879089255171678,-5.254999280119534,6.361696933146433,-22.686210976732426,27.463904579661286,11.616696213265968,6.361696933146433,27.463904579661286
Diem,scale-free,VISA,8,16,10,2023,hop,10 nodes,0,tps_positive_commit,TPS,average_throughput,tps_point_valid_positive_commit,12,12,0,0,0,12,287.05,262.4,321.5,275.7,292.97499999999997,16.39886359699133,17.274999999999977,6.018115310921434,5.712894477265748,-24.650000000000034,34.44999999999999,-8.58735411949139,12.001393485455491,59.10000000000002,34.44999999999999,12.001393485455491
Diem,scale-free,VISA,8,16,10,2023,hop,10 nodes,0,latency_positive_commit,s,average_latency,latency_valid_positive_commit,12,12,0,0,0,12,142.80500000000004,138.55,148.98,141.505,143.95999999999998,2.684810811008676,2.454999999999984,1.7191274815307471,1.880053787338451,-4.255000000000024,6.1749999999999545,-2.9795875494555673,4.324078288575297,10.429999999999978,6.1749999999999545,4.324078288575297
Diem,scale-free,VISA,8,16,10,2023,hop,10 nodes,0,energy_observed,kWh,energy,energy_valid_observed,12,12,0,0,0,12,22.439910749569066,18.13811900430454,26.59853907461808,21.76115061775439,23.351446241963927,2.2932784937767994,1.5902956242095385,7.086907082462788,10.219641777411434,-4.301791745264527,4.1586283250490155,-19.170271189011473,18.53228549551552,8.460420070313543,4.301791745264527,19.170271189011473
Diem,scale-free,VISA,8,16,10,2023,hop,10 nodes,0,energy_positive_commit,kWh,energy,energy_valid_positive_commit,12,12,0,0,0,12,22.439910749569066,18.13811900430454,26.59853907461808,21.76115061775439,23.351446241963927,2.2932784937767994,1.5902956242095385,7.086907082462788,10.219641777411434,-4.301791745264527,4.1586283250490155,-19.170271189011473,18.53228549551552,8.460420070313543,4.301791745264527,19.170271189011473
Diem,scale-free,VISA,8,16,10,2023,hop,40 nodes,0,tps_positive_commit,TPS,average_throughput,tps_point_valid_positive_commit,19,19,0,0,0,19,157.22105263157897,143.6,173.3,153.3,161.25,7.432255448558774,7.949999999999989,5.056574718800206,4.727264780483955,-13.621052631578976,16.07894736842104,-8.663631494376022,10.226968398500258,29.700000000000017,16.07894736842104,10.226968398500258
Diem,scale-free,VISA,8,16,10,2023,hop,40 nodes,0,latency_positive_commit,s,average_latency,latency_valid_positive_commit,19,19,0,0,0,19,166.1636842105263,158.15,179.68,161.5,169.84,5.962824843726257,8.340000000000003,5.019147258093639,3.5885246960289283,-8.013684210526293,13.516315789473708,-4.822765123799917,8.134338049672026,21.53,13.516315789473708,8.134338049672026
Diem,scale-free,VISA,8,16,10,2023,hop,40 nodes,0,energy_observed,kWh,energy,energy_valid_observed,19,19,0,0,0,19,21.76666026896819,16.05060119750763,27.04852848016147,19.571839033631345,24.133325774107085,3.125717762354178,4.56148674047574,20.956300526171482,14.360116452087883,-5.716059071460563,5.281868211193277,-26.26061601011758,24.265864151531847,10.99792728265384,5.716059071460563,26.26061601011758
Diem,scale-free,VISA,8,16,10,2023,hop,40 nodes,0,energy_positive_commit,kWh,energy,energy_valid_positive_commit,19,19,0,0,0,19,21.76666026896819,16.05060119750763,27.04852848016147,19.571839033631345,24.133325774107085,3.125717762354178,4.56148674047574,20.956300526171482,14.360116452087883,-5.716059071460563,5.281868211193277,-26.26061601011758,24.265864151531847,10.99792728265384,5.716059071460563,26.26061601011758
Diem,torus,DDoS,8,16,10,2023,hop,10 nodes,0,tps_positive_commit,TPS,average_throughput,tps_point_valid_positive_commit,13,13,0,0,0,13,319.2230769230769,226.1,374.3,303.4,341.7,40.08618119847441,38.30000000000001,11.99787946697511,12.557419590355606,-93.12307692307692,55.076923076923094,-29.171787271982456,17.25342779344081,148.20000000000002,93.12307692307692,29.171787271982456
Diem,torus,DDoS,8,16,10,2023,hop,10 nodes,0,latency_positive_commit,s,average_latency,latency_valid_positive_commit,13,13,0,0,0,13,69.00461538461538,62.8,72.7,68.5,70.06,2.5579178231021404,1.5600000000000023,2.2607183465988934,3.7068793280636556,-6.20461538461538,3.6953846153846257,-8.991594765121613,5.355271665217503,9.900000000000006,6.20461538461538,8.991594765121613
Diem,torus,DDoS,8,16,10,2023,hop,10 nodes,0,energy_observed,kWh,energy,energy_valid_observed,13,13,0,0,0,13,10.513752228279309,6.586590128861437,13.52118105154084,10.067593083897572,12.00961181853316,2.2954304279859294,1.9420187346355888,18.47122409268933,21.832647166744216,-3.9271620994178713,3.007428823261531,-37.352621729612466,28.604714643857744,6.934590922679402,3.9271620994178713,37.352621729612466
Diem,torus,DDoS,8,16,10,2023,hop,10 nodes,0,energy_positive_commit,kWh,energy,energy_valid_positive_commit,13,13,0,0,0,13,10.513752228279309,6.586590128861437,13.52118105154084,10.067593083897572,12.00961181853316,2.2954304279859294,1.9420187346355888,18.47122409268933,21.832647166744216,-3.9271620994178713,3.007428823261531,-37.352621729612466,28.604714643857744,6.934590922679402,3.9271620994178713,37.352621729612466
Diem,torus,DDoS,8,16,10,2023,hop,40 nodes,0,tps_positive_commit,TPS,average_throughput,tps_point_valid_positive_commit,10,10,0,0,0,10,151.04999999999998,125.0,175.0,141.6,158.3,15.51388267183801,16.700000000000017,11.055941741145329,10.270693592742807,-26.049999999999983,23.950000000000017,-17.245945051307505,15.855676928169494,50.0,26.049999999999983,17.245945051307505
Diem,torus,DDoS,8,16,10,2023,hop,40 nodes,0,latency_positive_commit,s,average_latency,latency_valid_positive_commit,10,10,0,0,0,10,74.05199999999999,66.16,89.92,69.4025,78.6175,7.823218718092389,9.215000000000003,12.443958299573278,10.564493488484295,-7.891999999999996,15.86800000000001,-10.657375898017605,21.42818559930861,23.760000000000005,15.86800000000001,21.42818559930861
Diem,torus,DDoS,8,16,10,2023,hop,40 nodes,0,energy_observed,kWh,energy,energy_valid_observed,10,10,0,0,0,10,10.456925762480223,8.102872956985353,13.578448044251452,9.438400967354173,11.31416009649438,1.6287114797007158,1.8757591291402065,17.93795970007255,15.57543313106978,-2.35405280549487,3.121522281771229,-22.511901288821285,29.851242637404475,5.475575087266099,3.121522281771229,29.851242637404475
Diem,torus,DDoS,8,16,10,2023,hop,40 nodes,0,energy_positive_commit,kWh,energy,energy_valid_positive_commit,10,10,0,0,0,10,10.456925762480223,8.102872956985353,13.578448044251452,9.438400967354173,11.31416009649438,1.6287114797007158,1.8757591291402065,17.93795970007255,15.57543313106978,-2.35405280549487,3.121522281771229,-22.511901288821285,29.851242637404475,5.475575087266099,3.121522281771229,29.851242637404475
Diem,torus,FIFA,8,16,10,2023,hop,10 nodes,0,tps_positive_commit,TPS,average_throughput,tps_point_valid_positive_commit,13,13,0,0,0,13,30.26923076923076,9.9,56.7,22.4,36.9,12.603728589547396,14.5,47.90343074968235,41.63874756394312,-20.36923076923076,26.430769230769243,-67.29351969504447,87.31893265565445,46.800000000000004,26.430769230769243,87.31893265565445
Diem,torus,FIFA,8,16,10,2023,hop,10 nodes,0,latency_positive_commit,s,average_latency,latency_valid_positive_commit,13,13,0,0,0,13,45.88846153846154,30.72,62.14,35.6,51.54,10.010784889436199,15.939999999999998,34.73640097225714,21.815472896265288,-15.168461538461543,16.25153846153846,-33.05506663314056,35.41530466851059,31.42,16.25153846153846,35.41530466851059
Diem,torus,FIFA,8,16,10,2023,hop,10 nodes,0,energy_observed,kWh,energy,energy_valid_observed,13,13,0,0,0,13,9.099083759074615,6.245174918770496,11.418501784654609,8.460306580386744,9.528485188888917,1.332907413465326,1.0681786085021727,11.739408458976616,14.648809141206145,-2.8539088403041193,2.319418025579994,-31.36479359757388,25.490676720794145,5.173326865884113,2.8539088403041193,31.36479359757388
Diem,torus,FIFA,8,16,10,2023,hop,10 nodes,0,energy_positive_commit,kWh,energy,energy_valid_positive_commit,13,13,0,0,0,13,9.099083759074615,6.245174918770496,11.418501784654609,8.460306580386744,9.528485188888917,1.332907413465326,1.0681786085021727,11.739408458976616,14.648809141206145,-2.8539088403041193,2.319418025579994,-31.36479359757388,25.490676720794145,5.173326865884113,2.8539088403041193,31.36479359757388
Diem,torus,FIFA,8,16,10,2023,hop,40 nodes,0,tps_positive_commit,TPS,average_throughput,tps_point_valid_positive_commit,9,9,0,0,0,9,15.055555555555555,9.7,20.0,13.4,17.8,3.1488534068415728,4.4,29.225092250922515,20.9148934771765,-5.355555555555556,4.944444444444445,-35.5719557195572,32.84132841328413,10.3,5.355555555555556,35.5719557195572
Diem,torus,FIFA,8,16,10,2023,hop,40 nodes,0,latency_positive_commit,s,average_latency,latency_valid_positive_commit,9,9,0,0,0,9,44.757777777777775,36.87,55.61,39.81,49.04,6.324228762817206,9.229999999999997,20.622114095625832,14.129898928890038,-7.887777777777778,10.852222222222224,-17.623256044883572,24.246561739734876,18.740000000000002,10.852222222222224,24.246561739734876
Diem,torus,FIFA,8,16,10,2023,hop,40 nodes,0,energy_observed,kWh,energy,energy_valid_observed,9,9,0,0,0,9,9.057685427071354,7.305958725609448,10.89753566640984,8.272829877335393,9.52826869538309,1.1321327129767504,1.255438818047697,13.860481556308823,12.499139234765918,-1.751726701461906,1.839850239338487,-19.33967254179964,20.312587074834756,3.591576940800393,1.839850239338487,20.312587074834756
Diem,torus,FIFA,8,16,10,2023,hop,40 nodes,0,energy_positive_commit,kWh,energy,energy_valid_positive_commit,9,9,0,0,0,9,9.057685427071354,7.305958725609448,10.89753566640984,8.272829877335393,9.52826869538309,1.1321327129767504,1.255438818047697,13.860481556308823,12.499139234765918,-1.751726701461906,1.839850239338487,-19.33967254179964,20.312587074834756,3.591576940800393,1.839850239338487,20.312587074834756
Diem,torus,GAFAM,8,16,10,2023,hop,10 nodes,0,tps_positive_commit,TPS,average_throughput,tps_point_valid_positive_commit,13,13,0,0,0,13,162.5,138.3,167.1,161.7,166.9,8.61249092887766,5.200000000000017,3.2000000000000104,5.2999944177708675,-24.19999999999999,4.599999999999994,-14.892307692307687,2.8307692307692274,28.799999999999983,24.19999999999999,14.892307692307687
Diem,torus,GAFAM,8,16,10,2023,hop,10 nodes,0,latency_positive_commit,s,average_latency,latency_valid_positive_commit,13,13,0,0,0,13,34.150769230769235,28.94,38.08,32.58,36.24,2.5050930173630332,3.6600000000000037,10.71718172808362,7.335392653779491,-5.210769230769234,3.929230769230763,-15.258131363185882,11.505541039733291,9.139999999999997,5.210769230769234,15.258131363185882
Diem,torus,GAFAM,8,16,10,2023,hop,10 nodes,0,energy_observed,kWh,energy,energy_valid_observed,13,13,0,0,0,13,14.828194152396765,10.190522446932388,22.498925536436317,12.171912798113112,16.929486427710717,3.6824466504279267,4.757573629597605,32.084646186188564,24.83408709504058,-4.637671705464378,7.670731384039552,-31.276038456205168,51.730718556849276,12.30840308950393,7.670731384039552,51.730718556849276
Diem,torus,GAFAM,8,16,10,2023,hop,10 nodes,0,energy_positive_commit,kWh,energy,energy_valid_positive_commit,13,13,0,0,0,13,14.828194152396765,10.190522446932388,22.498925536436317,12.171912798113112,16.929486427710717,3.6824466504279267,4.757573629597605,32.084646186188564,24.83408709504058,-4.637671705464378,7.670731384039552,-31.276038456205168,51.730718556849276,12.30840308950393,7.670731384039552,51.730718556849276
Diem,torus,GAFAM,8,16,10,2023,hop,40 nodes,0,tps_positive_commit,TPS,average_throughput,tps_point_valid_positive_commit,13,13,0,0,0,13,163.52307692307693,147.4,166.9,166.7,166.8,6.465698447210203,0.10000000000002274,0.061153448113665236,3.9539975450998512,-16.123076923076923,3.3769230769230774,-9.859817480477938,2.065104901684072,19.5,16.123076923076923,9.859817480477938
Diem,torus,GAFAM,8,16,10,2023,hop,40 nodes,0,latency_positive_commit,s,average_latency,latency_valid_positive_commit,13,13,0,0,0,13,62.35461538461539,56.12,71.95,58.72,65.27,4.828803536047372,6.549999999999997,10.504434931718084,7.744099624803027,-6.234615384615395,9.59538461538461,-9.998642997249,15.388411196506324,15.830000000000005,9.59538461538461,15.388411196506324
Diem,torus,GAFAM,8,16,10,2023,hop,40 nodes,0,energy_observed,kWh,energy,energy_valid_observed,13,13,0,0,0,13,15.3310216240363,11.737031358574148,18.554831331584264,14.454819138081058,17.396299761883906,2.3233413943166954,2.941480623802848,19.186461906694674,15.154511234098788,-3.5939902654621516,3.2238097075479644,-23.44260124079023,21.028016179258447,6.817799973010116,3.5939902654621516,23.44260124079023
Diem,torus,GAFAM,8,16,10,2023,hop,40 nodes,0,energy_positive_commit,kWh,energy,energy_valid_positive_commit,13,13,0,0,0,13,15.3310216240363,11.737031358574148,18.554831331584264,14.454819138081058,17.396299761883906,2.3233413943166954,2.941480623802848,19.186461906694674,15.154511234098788,-3.5939902654621516,3.2238097075479644,-23.44260124079023,21.028016179258447,6.817799973010116,3.5939902654621516,23.44260124079023
Diem,torus,Gaming,8,16,10,2023,hop,10 nodes,0,tps_positive_commit,TPS,average_throughput,tps_point_valid_positive_commit,12,12,0,0,0,12,229.89999999999998,74.0,355.2,146.1,307.1,91.82361550078696,161.00000000000003,70.03044802087867,39.940676598863405,-155.89999999999998,125.30000000000001,-67.81209221400609,54.50195737277078,281.2,155.89999999999998,67.81209221400609
Diem,torus,Gaming,8,16,10,2023,hop,10 nodes,0,latency_positive_commit,s,average_latency,latency_valid_positive_commit,12,12,0,0,0,12,102.57833333333332,61.06,135.23,84.335,122.0375,25.671956341974454,37.7025,36.75483776625994,25.026684980884,-41.51833333333332,32.65166666666667,-40.4747591271711,31.830958454514445,74.16999999999999,41.51833333333332,40.4747591271711
Diem,torus,Gaming,8,16,10,2023,hop,10 nodes,0,energy_observed,kWh,energy,energy_valid_observed,12,12,0,0,0,12,20.05585749877765,15.966681299428815,22.262640297194245,19.0754926573778,21.685307300763263,2.002640702619143,2.6098146433854623,13.012730288617792,9.985315774911136,-4.089176199348836,2.2067827984165937,-20.3889372448825,11.00318347670296,6.29595899776543,4.089176199348836,20.3889372448825
Diem,torus,Gaming,8,16,10,2023,hop,10 nodes,0,energy_positive_commit,kWh,energy,energy_valid_positive_commit,12,12,0,0,0,12,20.05585749877765,15.966681299428815,22.262640297194245,19.0754926573778,21.685307300763263,2.002640702619143,2.6098146433854623,13.012730288617792,9.985315774911136,-4.089176199348836,2.2067827984165937,-20.3889372448825,11.00318347670296,6.29595899776543,4.089176199348836,20.3889372448825
Diem,torus,Gaming,8,16,10,2023,hop,40 nodes,0,tps_positive_commit,TPS,average_throughput,tps_point_valid_positive_commit,11,11,0,0,0,11,227.84545454545457,109.8,262.4,217.05,252.05,44.025137447516585,35.0,15.361289550333158,19.322368109271927,-118.04545454545458,34.554545454545405,-51.80944021066912,15.165782228783442,152.59999999999997,118.04545454545458,51.80944021066912
Diem,torus,Gaming,8,16,10,2023,hop,40 nodes,0,latency_positive_commit,s,average_latency,latency_valid_positive_commit,11,11,0,0,0,11,139.49909090909088,73.31,157.5,140.83499999999998,151.16,23.329133912147473,10.325000000000017,7.401481925590928,16.723502468808675,-66.18909090909088,18.00090909090912,-47.447686201930274,12.903961576810557,84.19,66.18909090909088,47.447686201930274
Diem,torus,Gaming,8,16,10,2023,hop,40 nodes,0,energy_observed,kWh,energy,energy_valid_observed,11,11,0,0,0,11,20.497084665879107,16.102614214647048,26.606776180641894,18.537273552187877,22.371605079212614,3.1888423238483448,3.8343315270247373,18.706716538121327,15.557540869003272,-4.39447045123206,6.109691514762787,-21.439490165874197,29.807612225622556,10.504161965994847,6.109691514762787,29.807612225622556
Diem,torus,Gaming,8,16,10,2023,hop,40 nodes,0,energy_positive_commit,kWh,energy,energy_valid_positive_commit,11,11,0,0,0,11,20.497084665879107,16.102614214647048,26.606776180641894,18.537273552187877,22.371605079212614,3.1888423238483448,3.8343315270247373,18.706716538121327,15.557540869003272,-4.39447045123206,6.109691514762787,-21.439490165874197,29.807612225622556,10.504161965994847,6.109691514762787,29.807612225622556
Diem,torus,PayPal,8,16,10,2023,hop,10 nodes,0,tps_positive_commit,TPS,average_throughput,tps_point_valid_positive_commit,12,12,0,0,0,12,196.11666666666667,195.6,196.6,195.85,196.425,0.356328074910886,0.575000000000017,0.2931928273986659,0.181691888286336,-0.5166666666666799,0.48333333333332007,-0.2634486275176408,0.24645194187132832,1.0,0.5166666666666799,0.2634486275176408
Diem,torus,PayPal,8,16,10,2023,hop,10 nodes,0,latency_positive_commit,s,average_latency,latency_valid_positive_commit,12,12,0,0,0,12,7.4125000000000005,6.47,8.26,7.095,7.705,0.503571336464945,0.6100000000000003,8.229342327150087,6.793542481820506,-0.9425000000000008,0.8474999999999993,-12.715008431703215,11.433389544688017,1.79,0.9425000000000008,12.715008431703215
Diem,torus,PayPal,8,16,10,2023,hop,10 nodes,0,energy_observed,kWh,energy,energy_valid_observed,12,12,0,0,0,12,21.46164275952528,14.186522824590222,26.450096368448428,19.32032093187548,24.849915194803884,3.5595836216997956,5.529594262928406,25.76500934661312,16.58579290310828,-7.2751199349350575,4.988453608923148,-33.898243561556605,23.24357769262156,12.263573543858206,7.2751199349350575,33.898243561556605
Diem,torus,PayPal,8,16,10,2023,hop,10 nodes,0,energy_positive_commit,kWh,energy,energy_valid_positive_commit,12,12,0,0,0,12,21.46164275952528,14.186522824590222,26.450096368448428,19.32032093187548,24.849915194803884,3.5595836216997956,5.529594262928406,25.76500934661312,16.58579290310828,-7.2751199349350575,4.988453608923148,-33.898243561556605,23.24357769262156,12.263573543858206,7.2751199349350575,33.898243561556605
Diem,torus,PayPal,8,16,10,2023,hop,40 nodes,0,tps_positive_commit,TPS,average_throughput,tps_point_valid_positive_commit,12,12,0,0,0,12,181.08333333333334,56.2,195.0,190.625,193.97500000000002,39.38287198847496,3.3500000000000227,1.8499769903359535,21.748479699111805,-124.88333333333334,13.916666666666657,-68.96456511734928,7.685227795674177,138.8,124.88333333333334,68.96456511734928
Diem,torus,PayPal,8,16,10,2023,hop,40 nodes,0,latency_positive_commit,s,average_latency,latency_valid_positive_commit,12,12,0,0,0,12,28.46833333333333,22.21,33.12,26.78,31.5,3.6511538234405085,4.719999999999999,16.579825537146537,12.825316398713806,-6.258333333333329,4.651666666666667,-21.98349042796088,16.33979275218079,10.909999999999997,6.258333333333329,21.98349042796088
Diem,torus,PayPal,8,16,10,2023,hop,40 nodes,0,energy_observed,kWh,energy,energy_valid_observed,12,12,0,0,0,12,23.09607051224279,19.40892044015636,27.1191508649852,20.833829675829882,25.368816076195156,2.6439787671035835,4.534986400365273,19.635315877483848,11.447742877742169,-3.6871500720864283,4.0230803527424115,-15.964404291768766,17.418895351093827,7.71023042482884,4.0230803527424115,17.418895351093827
Diem,torus,PayPal,8,16,10,2023,hop,40 nodes,0,energy_positive_commit,kWh,energy,energy_valid_positive_commit,12,12,0,0,0,12,23.09607051224279,19.40892044015636,27.1191508649852,20.833829675829882,25.368816076195156,2.6439787671035835,4.534986400365273,19.635315877483848,11.447742877742169,-3.6871500720864283,4.0230803527424115,-15.964404291768766,17.418895351093827,7.71023042482884,4.0230803527424115,17.418895351093827
Diem,torus,VISA,8,16,10,2023,hop,10 nodes,0,tps_positive_commit,TPS,average_throughput,tps_point_valid_positive_commit,13,13,0,0,0,13,392.94615384615383,338.7,421.9,377.8,416.7,25.31763599366442,38.89999999999998,9.899575201143232,6.443029342787963,-54.246153846153845,28.953846153846143,-13.804984045572892,7.368400446332437,83.19999999999999,54.246153846153845,13.804984045572892
Diem,torus,VISA,8,16,10,2023,hop,10 nodes,0,latency_positive_commit,s,average_latency,latency_valid_positive_commit,13,13,0,0,0,13,128.67846153846153,123.75,138.03,126.1,129.52,3.7874240281794136,3.420000000000016,2.657787448739267,2.9433239898095658,-4.928461538461534,9.351538461538468,-3.8300594206190706,7.267368874116766,14.280000000000001,9.351538461538468,7.267368874116766
Diem,torus,VISA,8,16,10,2023,hop,10 nodes,0,energy_observed,kWh,energy,energy_valid_observed,13,13,0,0,0,13,23.195460260026472,17.268850682355538,28.6323728855609,21.42868487975456,25.43185654582613,3.3876324077925837,4.0031716660715695,17.258427387062337,14.604721655946642,-5.926609577670934,5.436912625534429,-25.55073066553658,23.43955482920098,11.363522203205363,5.926609577670934,25.55073066553658
Diem,torus,VISA,8,16,10,2023,hop,10 nodes,0,energy_positive_commit,kWh,energy,energy_valid_positive_commit,13,13,0,0,0,13,23.195460260026472,17.268850682355538,28.6323728855609,21.42868487975456,25.43185654582613,3.3876324077925837,4.0031716660715695,17.258427387062337,14.604721655946642,-5.926609577670934,5.436912625534429,-25.55073066553658,23.43955482920098,11.363522203205363,5.926609577670934,25.55073066553658
Diem,torus,VISA,8,16,10,2023,hop,40 nodes,0,tps_positive_commit,TPS,average_throughput,tps_point_valid_positive_commit,13,13,0,0,0,13,191.96923076923076,61.2,224.5,190.4,207.4,41.06515929218232,17.0,8.85558583106267,21.391531928128316,-130.76923076923077,32.53076923076924,-68.11989100817439,16.945824651386445,163.3,130.76923076923077,68.11989100817439
Diem,torus,VISA,8,16,10,2023,hop,40 nodes,0,latency_positive_commit,s,average_latency,latency_valid_positive_commit,13,13,0,0,0,13,151.03153846153845,83.41,164.91,154.31,158.45,20.943332608952918,4.139999999999986,2.741149326936291,13.86686040696482,-67.62153846153845,13.87846153846155,-44.773124309237495,9.189114856295944,81.5,67.62153846153845,44.773124309237495
Diem,torus,VISA,8,16,10,2023,hop,40 nodes,0,energy_observed,kWh,energy,energy_valid_observed,13,13,0,0,0,13,22.90653200559459,19.110096985690067,27.09199424647593,21.403827404206897,24.70784293537692,2.3941739412174243,3.3040155311700232,14.423901140351868,10.45192672829166,-3.7964350199045214,4.185462240881343,-16.573591406055257,18.271915800519714,7.981897260785864,4.185462240881343,18.271915800519714
Diem,torus,VISA,8,16,10,2023,hop,40 nodes,0,energy_positive_commit,kWh,energy,energy_valid_positive_commit,13,13,0,0,0,13,22.90653200559459,19.110096985690067,27.09199424647593,21.403827404206897,24.70784293537692,2.3941739412174243,3.3040155311700232,14.423901140351868,10.45192672829166,-3.7964350199045214,4.185462240881343,-16.573591406055257,18.271915800519714,7.981897260785864,4.185462240881343,18.271915800519714
Ethereum,fat-tree,DDoS,8,16,10,2023,hop,10 nodes,0,tps_positive_commit,TPS,average_throughput,tps_point_valid_positive_commit,13,13,0,0,0,13,12.676923076923076,4.0,20.5,10.3,15.0,4.6200926841629935,4.699999999999999,37.075242718446596,36.44490588235371,-8.676923076923076,7.823076923076924,-68.44660194174757,61.7111650485437,16.5,8.676923076923076,68.44660194174757
Ethereum,fat-tree,DDoS,8,16,10,2023,hop,10 nodes,0,latency_positive_commit,s,average_latency,latency_valid_positive_commit,13,13,0,0,0,13,48.01230769230769,19.92,73.01,39.81,53.93,15.837848735358682,14.119999999999997,29.40912586516278,32.98705997815671,-28.092307692307685,24.99769230769232,-58.51063829787233,52.065175596001055,53.09,28.092307692307685,58.51063829787233
Ethereum,fat-tree,DDoS,8,16,10,2023,hop,10 nodes,0,energy_observed,kWh,energy,energy_valid_observed,13,13,0,0,0,13,9.874594292519038,6.902637344156155,11.512431769875148,9.2255516108044,10.87138663360536,1.287909602326405,1.6458350228009593,16.667368542400155,13.04265840371914,-2.971956948362884,1.6378374773561095,-30.09700308006,16.58637741296298,4.609794425718993,2.971956948362884,30.09700308006
Ethereum,fat-tree,DDoS,8,16,10,2023,hop,10 nodes,0,energy_positive_commit,kWh,energy,energy_valid_positive_commit,13,13,0,0,0,13,9.874594292519038,6.902637344156155,11.512431769875148,9.2255516108044,10.87138663360536,1.287909602326405,1.6458350228009593,16.667368542400155,13.04265840371914,-2.971956948362884,1.6378374773561095,-30.09700308006,16.58637741296298,4.609794425718993,2.971956948362884,30.09700308006
Ethereum,fat-tree,DDoS,8,16,10,2023,hop,40 nodes,0,tps_positive_commit,TPS,average_throughput,tps_point_valid_positive_commit,13,13,0,0,0,13,12.369230769230768,8.2,15.0,11.4,13.0,1.733678466625523,1.5999999999999996,12.935323383084576,14.01605725505709,-4.169230769230769,2.630769230769232,-33.70646766169154,21.268656716417922,6.800000000000001,4.169230769230769,33.70646766169154
Ethereum,fat-tree,DDoS,8,16,10,2023,hop,40 nodes,0,latency_positive_commit,s,average_latency,latency_valid_positive_commit,13,13,0,0,0,13,58.40153846153846,45.78,72.52,49.8,62.53,8.430958670433872,12.730000000000004,21.79737098601197,14.436192765685881,-12.621538461538456,14.118461538461538,-21.611654066015117,24.174810990226813,26.739999999999995,14.118461538461538,24.174810990226813
Ethereum,fat-tree,DDoS,8,16,10,2023,hop,40 nodes,0,energy_observed,kWh,energy,energy_valid_observed,13,13,0,0,0,13,9.937419566488298,7.076895330683616,13.810973902497604,8.704958116147814,11.093884278206446,1.9821882288454618,2.388926162058631,24.03970312489114,19.946709662234085,-2.8605242358046823,3.873554336009306,-28.78538252979832,38.97947862714776,6.734078571813988,3.873554336009306,38.97947862714776
Ethereum,fat-tree,DDoS,8,16,10,2023,hop,40 nodes,0,energy_positive_commit,kWh,energy,energy_valid_positive_commit,13,13,0,0,0,13,9.937419566488298,7.076895330683616,13.810973902497604,8.704958116147814,11.093884278206446,1.9821882288454618,2.388926162058631,24.03970312489114,19.946709662234085,-2.8605242358046823,3.873554336009306,-28.78538252979832,38.97947862714776,6.734078571813988,3.873554336009306,38.97947862714776
Ethereum,fat-tree,FIFA,8,16,10,2023,hop,10 nodes,0,tps_positive_commit,TPS,average_throughput,tps_point_valid_positive_commit,14,14,0,0,0,14,2.0,0.8,5.7,1.0,2.45,1.3410673131731825,1.4500000000000002,72.50000000000001,67.05336565865913,-1.2,3.7,-60.0,185.0,4.9,3.7,185.0
Ethereum,fat-tree,FIFA,8,16,10,2023,hop,10 nodes,0,latency_positive_commit,s,average_latency,latency_valid_positive_commit,14,14,0,0,0,14,10.115714285714287,5.96,17.47,7.445,13.165,3.959770223103888,5.719999999999999,56.54568563762179,39.1447416490993,-4.155714285714287,7.354285714285712,-41.08176811184862,72.70159581979944,11.509999999999998,7.354285714285712,72.70159581979944
Ethereum,fat-tree,FIFA,8,16,10,2023,hop,10 nodes,0,energy_observed,kWh,energy,energy_valid_observed,14,14,0,0,0,14,9.317305837361488,7.102048511086617,10.638504049619035,8.754920964572197,10.206795048057295,1.1254320921766672,1.451874083485098,15.58255260510205,12.078943332135715,-2.2152573262748705,1.3211982122575474,-23.77572835907033,14.18004555522554,3.536455538532418,2.2152573262748705,23.77572835907033
Ethereum,fat-tree,FIFA,8,16,10,2023,hop,10 nodes,0,energy_positive_commit,kWh,energy,energy_valid_positive_commit,14,14,0,0,0,14,9.317305837361488,7.102048511086617,10.638504049619035,8.754920964572197,10.206795048057295,1.1254320921766672,1.451874083485098,15.58255260510205,12.078943332135715,-2.2152573262748705,1.3211982122575474,-23.77572835907033,14.18004555522554,3.536455538532418,2.2152573262748705,23.77572835907033
Ethereum,fat-tree,FIFA,8,16,10,2023,hop,40 nodes,0,tps_positive_commit,TPS,average_throughput,tps_point_valid_positive_commit,13,13,0,0,0,13,3.692307692307693,1.1,5.7,3.0,4.3,1.3512102836972604,1.2999999999999998,35.20833333333332,36.595278516800796,-2.592307692307693,2.007692307692307,-70.20833333333333,54.37499999999998,4.6,2.592307692307693,70.20833333333333
Ethereum,fat-tree,FIFA,8,16,10,2023,hop,40 nodes,0,latency_positive_commit,s,average_latency,latency_valid_positive_commit,13,13,0,0,0,13,18.60076923076923,12.21,33.09,14.56,18.44,6.536045518938882,3.880000000000001,20.859352384103225,35.13857646342395,-6.39076923076923,14.489230769230772,-34.35755345105661,77.89586865721022,20.880000000000003,14.489230769230772,77.89586865721022
Ethereum,fat-tree,FIFA,8,16,10,2023,hop,40 nodes,0,energy_observed,kWh,energy,energy_valid_observed,13,13,0,0,0,13,9.105230282563953,7.302433658404136,11.447426562772929,8.35172894513761,9.77997553472753,1.090809926677938,1.4282465895899197,15.686001839238907,11.980036669328209,-1.802796624159817,2.3421962802089755,-19.799571984599662,25.723635839218264,4.1449929043687925,2.3421962802089755,25.723635839218264
Ethereum,fat-tree,FIFA,8,16,10,2023,hop,40 nodes,0,energy_positive_commit,kWh,energy,energy_valid_positive_commit,13,13,0,0,0,13,9.105230282563953,7.302433658404136,11.447426562772929,8.35172894513761,9.77997553472753,1.090809926677938,1.4282465895899197,15.686001839238907,11.980036669328209,-1.802796624159817,2.3421962802089755,-19.799571984599662,25.723635839218264,4.1449929043687925,2.3421962802089755,25.723635839218264
Ethereum,fat-tree,GAFAM,8,16,10,2023,hop,10 nodes,0,tps_positive_commit,TPS,average_throughput,tps_point_valid_positive_commit,13,13,0,0,0,13,10.784615384615384,7.1,19.0,8.9,12.4,3.3105503454476555,3.5,32.45363766048502,30.69697181941478,-3.684615384615384,8.215384615384616,-34.16547788873038,76.1768901569187,11.9,8.215384615384616,76.1768901569187
Ethereum,fat-tree,GAFAM,8,16,10,2023,hop,10 nodes,0,latency_positive_commit,s,average_latency,latency_valid_positive_commit,13,13,0,0,0,13,90.16153846153847,75.22,99.4,87.95,94.8,7.000940229895131,6.849999999999994,7.597474618206631,7.764885503680293,-14.941538461538471,9.238461538461536,-16.571964849415586,10.246565992662738,24.180000000000007,14.941538461538471,16.571964849415586
Ethereum,fat-tree,GAFAM,8,16,10,2023,hop,10 nodes,0,energy_observed,kWh,energy,energy_valid_observed,13,13,0,0,0,13,14.017342233613222,10.434054988575744,18.364225204244946,12.900465692037413,15.269941535779186,2.4224968574630177,2.369475843741773,16.90388808557325,17.282141058480637,-3.5832872450374786,4.346882970631723,-25.563242912374996,31.01075009931634,7.930170215669202,4.346882970631723,31.01075009931634
Ethereum,fat-tree,GAFAM,8,16,10,2023,hop,10 nodes,0,energy_positive_commit,kWh,energy,energy_valid_positive_commit,13,13,0,0,0,13,14.017342233613222,10.434054988575744,18.364225204244946,12.900465692037413,15.269941535779186,2.4224968574630177,2.369475843741773,16.90388808557325,17.282141058480637,-3.5832872450374786,4.346882970631723,-25.563242912374996,31.01075009931634,7.930170215669202,4.346882970631723,31.01075009931634
Ethereum,fat-tree,GAFAM,8,16,10,2023,hop,40 nodes,0,tps_positive_commit,TPS,average_throughput,tps_point_valid_positive_commit,13,13,0,0,0,13,8.246153846153847,6.8,10.0,7.9,8.9,1.0627130254019541,1.0,12.12686567164179,12.887378106553546,-1.4461538461538472,1.753846153846153,-17.537313432835834,21.268656716417897,3.2,1.753846153846153,21.268656716417897
Ethereum,fat-tree,GAFAM,8,16,10,2023,hop,40 nodes,0,latency_positive_commit,s,average_latency,latency_valid_positive_commit,13,13,0,0,0,13,90.63923076923076,81.31,98.41,89.98,92.11,4.505926581622735,2.1299999999999955,2.3499758128166564,4.971276282225863,-9.329230769230762,7.770769230769233,-10.292707352055055,8.573295652247714,17.099999999999994,9.329230769230762,10.292707352055055
Ethereum,fat-tree,GAFAM,8,16,10,2023,hop,40 nodes,0,energy_observed,kWh,energy,energy_valid_observed,13,13,0,0,0,13,14.392597493820498,9.957969327608703,17.955529148309317,13.075571629754265,15.849384723456216,2.2357148394246087,2.7738130937019516,19.272498205364915,15.533782837910385,-4.434628166211795,3.5629316544888194,-30.811868171230486,24.755306719433893,7.997559820700614,4.434628166211795,30.811868171230486
Ethereum,fat-tree,GAFAM,8,16,10,2023,hop,40 nodes,0,energy_positive_commit,kWh,energy,energy_valid_positive_commit,13,13,0,0,0,13,14.392597493820498,9.957969327608703,17.955529148309317,13.075571629754265,15.849384723456216,2.2357148394246087,2.7738130937019516,19.272498205364915,15.533782837910385,-4.434628166211795,3.5629316544888194,-30.811868171230486,24.755306719433893,7.997559820700614,4.434628166211795,30.811868171230486
Ethereum,fat-tree,Gaming,8,16,10,2023,hop,10 nodes,0,tps_positive_commit,TPS,average_throughput,tps_point_valid_positive_commit,13,13,0,0,0,13,0.4846153846153846,0.1,0.8,0.3,0.7,0.26409011670940985,0.39999999999999997,82.53968253968254,54.494785987656,-0.3846153846153846,0.31538461538461543,-79.36507936507937,65.07936507936509,0.7000000000000001,0.3846153846153846,79.36507936507937
Ethereum,fat-tree,Gaming,8,16,10,2023,hop,10 nodes,0,latency_positive_commit,s,average_latency,latency_valid_positive_commit,13,13,0,0,0,13,42.37769230769231,2.79,89.38,12.18,68.6,31.556050173684643,56.419999999999995,133.13608393385488,74.46382390188967,-39.58769230769231,47.00230769230769,-93.41634749777641,110.91285327911999,86.58999999999999,47.00230769230769,110.91285327911999
Ethereum,fat-tree,Gaming,8,16,10,2023,hop,10 nodes,0,energy_observed,kWh,energy,energy_valid_observed,13,13,0,0,0,13,21.361409347137247,18.213953575648475,27.49757902501848,18.56158541254231,22.564845526241736,2.801913911943988,4.003260113699426,18.74061794633379,13.116709044852826,-3.1474557714887723,6.1361696778812345,-14.734307649558616,28.725490805238348,9.283625449370007,6.1361696778812345,28.725490805238348
Ethereum,fat-tree,Gaming,8,16,10,2023,hop,10 nodes,0,energy_positive_commit,kWh,energy,energy_valid_positive_commit,13,13,0,0,0,13,21.361409347137247,18.213953575648475,27.49757902501848,18.56158541254231,22.564845526241736,2.801913911943988,4.003260113699426,18.74061794633379,13.116709044852826,-3.1474557714887723,6.1361696778812345,-14.734307649558616,28.725490805238348,9.283625449370007,6.1361696778812345,28.725490805238348
Ethereum,fat-tree,Gaming,8,16,10,2023,hop,40 nodes,0,tps_positive_commit,TPS,average_throughput,tps_point_valid_positive_commit,13,13,0,0,0,13,0.9384615384615385,0.8,1.1,0.9,1.0,0.08697184926229042,0.09999999999999998,10.655737704918032,9.267492134506357,-0.1384615384615384,0.16153846153846163,-14.754098360655732,17.21311475409837,0.30000000000000004,0.16153846153846163,17.21311475409837
Ethereum,fat-tree,Gaming,8,16,10,2023,hop,40 nodes,0,latency_positive_commit,s,average_latency,latency_valid_positive_commit,13,13,0,0,0,13,90.1753846153846,64.35,104.26,87.16,98.88,11.313249323532576,11.719999999999999,12.996894939775482,12.545828744491375,-25.825384615384607,14.084615384615404,-28.63906234005527,15.619135360152889,39.91000000000001,25.825384615384607,28.63906234005527
Ethereum,fat-tree,Gaming,8,16,10,2023,hop,40 nodes,0,energy_observed,kWh,energy,energy_valid_observed,13,13,0,0,0,13,21.33863191598031,14.544867144596012,27.72911496175421,18.59629885859099,24.165375851363297,4.251576627035209,5.569076992772306,26.098566275008817,19.924316815508874,-6.7937647713843,6.390483045773898,-31.83786476159472,29.94795107266517,13.184247817158198,6.7937647713843,31.83786476159472
Ethereum,fat-tree,Gaming,8,16,10,2023,hop,40 nodes,0,energy_positive_commit,kWh,energy,energy_valid_positive_commit,13,13,0,0,0,13,21.33863191598031,14.544867144596012,27.72911496175421,18.59629885859099,24.165375851363297,4.251576627035209,5.569076992772306,26.098566275008817,19.924316815508874,-6.7937647713843,6.390483045773898,-31.83786476159472,29.94795107266517,13.184247817158198,6.7937647713843,31.83786476159472
Ethereum,fat-tree,PayPal,8,16,10,2023,hop,10 nodes,0,tps_positive_commit,TPS,average_throughput,tps_point_valid_positive_commit,14,14,0,0,0,14,11.021428571428572,3.8,13.1,11.025,12.475,2.603305168857044,1.4499999999999993,13.15618924173687,23.620396865844857,-7.221428571428572,2.0785714285714274,-65.52171095268957,18.859364873622802,9.3,7.221428571428572,65.52171095268957
Ethereum,fat-tree,PayPal,8,16,10,2023,hop,10 nodes,0,latency_positive_commit,s,average_latency,latency_valid_positive_commit,14,14,0,0,0,14,148.47142857142856,128.5,227.98,130.825,152.85500000000002,27.220763527736818,22.03000000000003,14.837871644376042,18.334007956716803,-19.97142857142856,79.50857142857143,-13.451361493312799,53.55142884633889,99.47999999999999,79.50857142857143,53.55142884633889
Ethereum,fat-tree,PayPal,8,16,10,2023,hop,10 nodes,0,energy_observed,kWh,energy,energy_valid_observed,14,14,0,0,0,14,23.10056176971665,15.0389047742321,31.885948378848568,19.090008709246533,26.298247950201223,4.971522355149397,7.20823924095469,31.203740033734714,21.5212184219119,-8.06165699548455,8.785386609131919,-34.898099344288944,38.031051784415894,16.847043604616466,8.785386609131919,38.031051784415894
Ethereum,fat-tree,PayPal,8,16,10,2023,hop,10 nodes,0,energy_positive_commit,kWh,energy,energy_valid_positive_commit,14,14,0,0,0,14,23.10056176971665,15.0389047742321,31.885948378848568,19.090008709246533,26.298247950201223,4.971522355149397,7.20823924095469,31.203740033734714,21.5212184219119,-8.06165699548455,8.785386609131919,-34.898099344288944,38.031051784415894,16.847043604616466,8.785386609131919,38.031051784415894
Ethereum,fat-tree,PayPal,8,16,10,2023,hop,40 nodes,0,tps_positive_commit,TPS,average_throughput,tps_point_valid_positive_commit,13,13,0,0,0,13,8.176923076923078,8.0,8.5,8.0,8.3,0.16408253082847357,0.3000000000000007,3.668861712135474,2.0066537166229126,-0.17692307692307807,0.32307692307692193,-2.163687676387596,3.951081843838179,0.5,0.32307692307692193,3.951081843838179
Ethereum,fat-tree,PayPal,8,16,10,2023,hop,40 nodes,0,latency_positive_commit,s,average_latency,latency_valid_positive_commit,13,13,0,0,0,13,133.84692307692305,127.15,143.46,131.04,135.23,4.128789945039155,4.189999999999998,3.1304417790702344,3.084710391636199,-6.696923076923042,9.61307692307696,-5.003419520577443,7.182142631364217,16.310000000000002,9.61307692307696,7.182142631364217
Ethereum,fat-tree,PayPal,8,16,10,2023,hop,40 nodes,0,energy_observed,kWh,energy,energy_valid_observed,13,13,0,0,0,13,22.34422301139995,18.918764957554423,25.340275037492702,20.792944934764297,23.512443307275845,1.9278860114696161,2.7194983725115485,12.170923872018594,8.628118375322403,-3.425458053845528,2.9960520260927517,-15.330396819338361,13.408620315703866,6.42151007993828,3.425458053845528,15.330396819338361
Ethereum,fat-tree,PayPal,8,16,10,2023,hop,40 nodes,0,energy_positive_commit,kWh,energy,energy_valid_positive_commit,13,13,0,0,0,13,22.34422301139995,18.918764957554423,25.340275037492702,20.792944934764297,23.512443307275845,1.9278860114696161,2.7194983725115485,12.170923872018594,8.628118375322403,-3.425458053845528,2.9960520260927517,-15.330396819338361,13.408620315703866,6.42151007993828,3.425458053845528,15.330396819338361
Ethereum,fat-tree,VISA,8,16,10,2023,hop,10 nodes,0,tps_positive_commit,TPS,average_throughput,tps_point_valid_positive_commit,13,13,0,0,0,13,14.253846153846155,8.8,18.0,13.7,15.3,2.4747442240278033,1.6000000000000014,11.225040474905567,17.361940049844275,-5.453846153846154,3.7461538461538453,-38.26227738801942,26.281705342687527,9.2,5.453846153846154,38.26227738801942
Ethereum,fat-tree,VISA,8,16,10,2023,hop,10 nodes,0,latency_positive_commit,s,average_latency,latency_valid_positive_commit,13,13,0,0,0,13,155.94076923076923,128.78,207.89,140.94,156.72,24.985389217680282,15.780000000000001,10.11922672809696,16.0223585794332,-27.160769230769233,51.94923076923075,-17.417362608090844,33.31343754778687,79.10999999999999,51.94923076923075,33.31343754778687
Ethereum,fat-tree,VISA,8,16,10,2023,hop,10 nodes,0,energy_observed,kWh,energy,energy_valid_observed,13,13,0,0,0,13,21.79835938637264,14.66822593194175,31.426020937398192,18.32518380212095,24.34315542972577,5.01285925432877,6.017971627604819,27.607452106542414,22.996497880765222,-7.130133454430888,9.627661551025554,-32.709495829710605,44.16690898785868,16.757795005456444,9.627661551025554,44.16690898785868
Ethereum,fat-tree,VISA,8,16,10,2023,hop,10 nodes,0,energy_positive_commit,kWh,energy,energy_valid_positive_commit,13,13,0,0,0,13,21.79835938637264,14.66822593194175,31.426020937398192,18.32518380212095,24.34315542972577,5.01285925432877,6.017971627604819,27.607452106542414,22.996497880765222,-7.130133454430888,9.627661551025554,-32.709495829710605,44.16690898785868,16.757795005456444,9.627661551025554,44.16690898785868
Ethereum,fat-tree,VISA,8,16,10,2023,hop,40 nodes,0,tps_positive_commit,TPS,average_throughput,tps_point_valid_positive_commit,13,13,0,0,0,13,9.646153846153846,8.9,10.5,9.4,9.9,0.448358830654244,0.5,5.18341307814992,4.648058053034427,-0.7461538461538453,0.8538461538461544,-7.735247208931411,8.851674641148332,1.5999999999999996,0.8538461538461544,8.851674641148332
Ethereum,fat-tree,VISA,8,16,10,2023,hop,40 nodes,0,latency_positive_commit,s,average_latency,latency_valid_positive_commit,13,13,0,0,0,13,134.37615384615384,120.98,151.15,128.2,137.04,8.95444446300415,8.840000000000003,6.57854816273492,6.663715403892286,-13.396153846153837,16.773846153846165,-9.969145166553124,12.482755067577246,30.17,16.773846153846165,12.482755067577246
Ethereum,fat-tree,VISA,8,16,10,2023,hop,40 nodes,0,energy_observed,kWh,energy,energy_valid_observed,13,13,0,0,0,13,23.33097646405796,18.21945317953468,29.665120461683752,20.324520017258266,26.61901064236876,3.9809024102102146,6.294490625110495,26.97911351806187,17.062733813747183,-5.111523284523283,6.334143997625791,-21.908741335356158,27.149073710582673,11.445667282149074,6.334143997625791,27.149073710582673
Ethereum,fat-tree,VISA,8,16,10,2023,hop,40 nodes,0,energy_positive_commit,kWh,energy,energy_valid_positive_commit,13,13,0,0,0,13,23.33097646405796,18.21945317953468,29.665120461683752,20.324520017258266,26.61901064236876,3.9809024102102146,6.294490625110495,26.97911351806187,17.062733813747183,-5.111523284523283,6.334143997625791,-21.908741335356158,27.149073710582673,11.445667282149074,6.334143997625791,27.149073710582673
Ethereum,full mesh,DDoS,8,16,10,2023,hop,10 nodes,0,tps_positive_commit,TPS,average_throughput,tps_point_valid_positive_commit,11,11,0,0,0,11,10.872727272727273,5.5,19.7,9.25,11.9,3.734458704843557,2.6500000000000004,24.37290969899666,34.34702822180529,-5.372727272727273,8.827272727272726,-49.414715719063544,81.18729096989965,14.2,8.827272727272726,81.18729096989965
Ethereum,full mesh,DDoS,8,16,10,2023,hop,10 nodes,0,latency_positive_commit,s,average_latency,latency_valid_positive_commit,11,11,0,0,0,11,48.89636363636364,33.72,62.62,43.33,54.915,9.449300791833513,11.585,23.692968430446584,19.325160582710865,-15.17636363636364,13.72363636363636,-31.0378165321831,28.066783177778596,28.9,15.17636363636364,31.0378165321831
Ethereum,full mesh,DDoS,8,16,10,2023,hop,10 nodes,0,energy_observed,kWh,energy,energy_valid_observed,11,11,0,0,0,11,10.466313595108064,7.94297926481966,13.820361470165595,9.13254138151824,12.03734791439015,1.8631855480700368,2.904806532871909,27.753864877788587,17.801736314693326,-2.523334330288404,3.3540478750575318,-24.109103051028455,32.04612440262833,5.877382205345936,3.3540478750575318,32.04612440262833
Ethereum,full mesh,DDoS,8,16,10,2023,hop,10 nodes,0,energy_positive_commit,kWh,energy,energy_valid_positive_commit,11,11,0,0,0,11,10.466313595108064,7.94297926481966,13.820361470165595,9.13254138151824,12.03734791439015,1.8631855480700368,2.904806532871909,27.753864877788587,17.801736314693326,-2.523334330288404,3.3540478750575318,-24.109103051028455,32.04612440262833,5.877382205345936,3.3540478750575318,32.04612440262833
Ethereum,full mesh,DDoS,8,16,10,2023,hop,40 nodes,0,tps_positive_commit,TPS,average_throughput,tps_point_valid_positive_commit,13,13,0,0,0,13,9.646153846153847,7.2,12.6,8.1,11.5,2.0419008238303284,3.4000000000000004,35.24720893141946,21.16803086905444,-2.4461538461538472,2.9538461538461522,-25.358851674641155,30.622009569377973,5.3999999999999995,2.9538461538461522,30.622009569377973
Ethereum,full mesh,DDoS,8,16,10,2023,hop,40 nodes,0,latency_positive_commit,s,average_latency,latency_valid_positive_commit,13,13,0,0,0,13,56.94923076923077,49.02,66.5,53.0,59.65,5.266879945373196,6.649999999999999,11.67706729340573,9.248377676452918,-7.92923076923077,9.550769230769227,-13.923332522894887,16.770672934057316,17.479999999999997,9.550769230769227,16.770672934057316
Ethereum,full mesh,DDoS,8,16,10,2023,hop,40 nodes,0,energy_observed,kWh,energy,energy_valid_observed,13,13,0,0,0,13,10.484153802972221,7.92894078136408,13.66116419314146,9.383857496548575,11.230618405974049,1.709258283268061,1.8467609094254733,17.61478269139778,16.30325456293375,-2.5552130216081412,3.1770103901692384,-24.372143614334874,30.302973896363167,5.73222341177738,3.1770103901692384,30.302973896363167
Ethereum,full mesh,DDoS,8,16,10,2023,hop,40 nodes,0,energy_positive_commit,kWh,energy,energy_valid_positive_commit,13,13,0,0,0,13,10.484153802972221,7.92894078136408,13.66116419314146,9.383857496548575,11.230618405974049,1.709258283268061,1.8467609094254733,17.61478269139778,16.30325456293375,-2.5552130216081412,3.1770103901692384,-24.372143614334874,30.302973896363167,5.73222341177738,3.1770103901692384,30.302973896363167
Ethereum,full mesh,FIFA,8,16,10,2023,hop,10 nodes,0,tps_positive_commit,TPS,average_throughput,tps_point_valid_positive_commit,13,13,0,0,0,13,2.069230769230769,0.6,4.3,0.9,3.0,1.1499163849200915,2.1,101.48698884758366,55.57216730097097,-1.469230769230769,2.230769230769231,-71.00371747211895,107.80669144981415,3.6999999999999997,2.230769230769231,107.80669144981415
Ethereum,full mesh,FIFA,8,16,10,2023,hop,10 nodes,0,latency_positive_commit,s,average_latency,latency_valid_positive_commit,13,13,0,0,0,13,11.586923076923078,2.91,30.4,7.14,13.85,7.84963309611282,6.71,57.910110867689035,67.74562188771603,-8.676923076923078,18.81307692307692,-74.88548097988449,162.36473478058815,27.49,18.81307692307692,162.36473478058815
Ethereum,full mesh,FIFA,8,16,10,2023,hop,10 nodes,0,energy_observed,kWh,energy,energy_valid_observed,13,13,0,0,0,13,8.948635434665169,7.3605944829806225,11.421903969504092,7.727706408161696,9.86539765338957,1.3056512379213807,2.137691245227874,23.88846054613979,14.590506535371382,-1.5880409516845466,2.4732685348389225,-17.74617999893932,27.638499220316763,4.061309486523469,2.4732685348389225,27.638499220316763
Ethereum,full mesh,FIFA,8,16,10,2023,hop,10 nodes,0,energy_positive_commit,kWh,energy,energy_valid_positive_commit,13,13,0,0,0,13,8.948635434665169,7.3605944829806225,11.421903969504092,7.727706408161696,9.86539765338957,1.3056512379213807,2.137691245227874,23.88846054613979,14.590506535371382,-1.5880409516845466,2.4732685348389225,-17.74617999893932,27.638499220316763,4.061309486523469,2.4732685348389225,27.638499220316763
Ethereum,full mesh,FIFA,8,16,10,2023,hop,40 nodes,0,tps_positive_commit,TPS,average_throughput,tps_point_valid_positive_commit,13,13,0,0,0,13,2.9153846153846157,1.1,4.9,2.4,3.2,0.9676829317551573,0.8000000000000003,27.440633245382593,33.19229053513732,-1.8153846153846156,1.9846153846153847,-62.26912928759894,68.07387862796833,3.8000000000000003,1.9846153846153847,68.07387862796833
Ethereum,full mesh,FIFA,8,16,10,2023,hop,40 nodes,0,latency_positive_commit,s,average_latency,latency_valid_positive_commit,13,13,0,0,0,13,19.580000000000002,6.44,28.35,12.95,25.11,7.098913062340365,12.16,62.10418794688457,36.25594005281085,-13.14,8.77,-67.10929519918284,44.79060265577119,21.91,13.14,67.10929519918284
Ethereum,full mesh,FIFA,8,16,10,2023,hop,40 nodes,0,energy_observed,kWh,energy,energy_valid_observed,13,13,0,0,0,13,9.216150093033118,6.1172379911799295,11.18176619540588,8.594482470766668,10.215116268879722,1.5256820017935957,1.6206337981130545,17.58471576258465,16.554439612988986,-3.0989121018531884,1.9656161023727616,-33.62480070930907,21.327952371985077,5.06452820422595,3.0989121018531884,33.62480070930907
Ethereum,full mesh,FIFA,8,16,10,2023,hop,40 nodes,0,energy_positive_commit,kWh,energy,energy_valid_positive_commit,13,13,0,0,0,13,9.216150093033118,6.1172379911799295,11.18176619540588,8.594482470766668,10.215116268879722,1.5256820017935957,1.6206337981130545,17.58471576258465,16.554439612988986,-3.0989121018531884,1.9656161023727616,-33.62480070930907,21.327952371985077,5.06452820422595,3.0989121018531884,33.62480070930907
Ethereum,full mesh,GAFAM,8,16,10,2023,hop,10 nodes,0,tps_positive_commit,TPS,average_throughput,tps_point_valid_positive_commit,13,13,0,0,0,13,7.715384615384616,5.5,9.1,7.1,8.6,1.131257525828487,1.5,19.441674975074772,14.662360753509798,-2.2153846153846164,1.3846153846153832,-28.71385842472583,17.94616151545362,3.5999999999999996,2.2153846153846164,28.71385842472583
Ethereum,full mesh,GAFAM,8,16,10,2023,hop,10 nodes,0,latency_positive_commit,s,average_latency,latency_valid_positive_commit,13,13,0,0,0,13,90.9530769230769,75.78,108.56,86.97,93.52,7.999963942226432,6.549999999999997,7.201515574387468,8.795704568623181,-15.173076923076906,17.606923076923096,-16.682312942430148,19.35824897030593,32.78,17.606923076923096,19.35824897030593
Ethereum,full mesh,GAFAM,8,16,10,2023,hop,10 nodes,0,energy_observed,kWh,energy,energy_valid_observed,13,13,0,0,0,13,14.818685820038128,11.412154852592892,17.423978728199423,13.829329072253064,16.025405492067208,1.7991997079561002,2.196076419814144,14.819643566803778,12.141425560984537,-3.406530967445237,2.605292908161294,-22.988077409933723,17.581133305615833,6.011823875606531,3.406530967445237,22.988077409933723
Ethereum,full mesh,GAFAM,8,16,10,2023,hop,10 nodes,0,energy_positive_commit,kWh,energy,energy_valid_positive_commit,13,13,0,0,0,13,14.818685820038128,11.412154852592892,17.423978728199423,13.829329072253064,16.025405492067208,1.7991997079561002,2.196076419814144,14.819643566803778,12.141425560984537,-3.406530967445237,2.605292908161294,-22.988077409933723,17.581133305615833,6.011823875606531,3.406530967445237,22.988077409933723
Ethereum,full mesh,GAFAM,8,16,10,2023,hop,40 nodes,0,tps_positive_commit,TPS,average_throughput,tps_point_valid_positive_commit,13,13,0,0,0,13,7.33076923076923,6.1,8.4,7.0,7.7,0.7409280389986327,0.7000000000000002,9.548793284365166,10.107098118554278,-1.23076923076923,1.0692307692307708,-16.789087093389288,14.585519412381975,2.3000000000000007,1.23076923076923,16.789087093389288
Ethereum,full mesh,GAFAM,8,16,10,2023,hop,40 nodes,0,latency_positive_commit,s,average_latency,latency_valid_positive_commit,13,13,0,0,0,13,92.29846153846152,85.07,99.07,88.16,95.85,4.465196610366755,7.689999999999998,8.33166649998333,4.8377801059079095,-7.228461538461531,6.771538461538469,-7.831616494982825,7.336566990032345,14.0,7.228461538461531,7.831616494982825
Ethereum,full mesh,GAFAM,8,16,10,2023,hop,40 nodes,0,energy_observed,kWh,energy,energy_valid_observed,13,13,0,0,0,13,15.030674230178978,11.732334117818468,17.752191057212606,13.531148206881891,16.598075180223894,1.9449167869238242,3.066926973342003,20.40445376152287,12.939650990630678,-3.29834011236051,2.7215168270336285,-21.944059606707576,18.10641881632493,6.019856939394138,3.29834011236051,21.944059606707576
Ethereum,full mesh,GAFAM,8,16,10,2023,hop,40 nodes,0,energy_positive_commit,kWh,energy,energy_valid_positive_commit,13,13,0,0,0,13,15.030674230178978,11.732334117818468,17.752191057212606,13.531148206881891,16.598075180223894,1.9449167869238242,3.066926973342003,20.40445376152287,12.939650990630678,-3.29834011236051,2.7215168270336285,-21.944059606707576,18.10641881632493,6.019856939394138,3.29834011236051,21.944059606707576
Ethereum,full mesh,Gaming,8,16,10,2023,hop,10 nodes,0,tps_positive_commit,TPS,average_throughput,tps_point_valid_positive_commit,13,13,0,0,0,13,0.5692307692307692,0.3,0.8,0.5,0.7,0.15483655567842813,0.19999999999999996,35.13513513513513,27.20101653810224,-0.2692307692307692,0.23076923076923084,-47.2972972972973,40.540540540540555,0.5,0.2692307692307692,47.2972972972973
Ethereum,full mesh,Gaming,8,16,10,2023,hop,10 nodes,0,latency_positive_commit,s,average_latency,latency_valid_positive_commit,13,13,0,0,0,13,63.70307692307692,34.56,95.5,53.27,73.59,17.795450441341924,20.32,31.897988262854106,27.93499356841174,-29.14307692307692,31.79692307692308,-45.74830342695679,49.914265703866505,60.94,31.79692307692308,49.914265703866505
Ethereum,full mesh,Gaming,8,16,10,2023,hop,10 nodes,0,energy_observed,kWh,energy,energy_valid_observed,13,13,0,0,0,13,21.801385162983397,15.58759562226127,29.51659306847245,19.42315532003226,23.57071643927661,3.5932409040208837,4.147561119244347,19.024300925092124,16.481709199477162,-6.213789540722127,7.715207905489052,-28.501810753165028,35.3886133739278,13.928997446211179,7.715207905489052,35.3886133739278
Ethereum,full mesh,Gaming,8,16,10,2023,hop,10 nodes,0,energy_positive_commit,kWh,energy,energy_valid_positive_commit,13,13,0,0,0,13,21.801385162983397,15.58759562226127,29.51659306847245,19.42315532003226,23.57071643927661,3.5932409040208837,4.147561119244347,19.024300925092124,16.481709199477162,-6.213789540722127,7.715207905489052,-28.501810753165028,35.3886133739278,13.928997446211179,7.715207905489052,35.3886133739278
Ethereum,full mesh,Gaming,8,16,10,2023,hop,40 nodes,0,tps_positive_commit,TPS,average_throughput,tps_point_valid_positive_commit,13,13,0,0,0,13,0.8615384615384616,0.7,1.0,0.8,0.9,0.10439078454267837,0.09999999999999998,11.607142857142854,12.116787491560883,-0.16153846153846163,0.1384615384615384,-18.75000000000001,16.071428571428566,0.30000000000000004,0.16153846153846163,18.75000000000001
Ethereum,full mesh,Gaming,8,16,10,2023,hop,40 nodes,0,latency_positive_commit,s,average_latency,latency_valid_positive_commit,13,13,0,0,0,13,90.11,73.16,107.15,86.95,93.84,8.397568100349055,6.890000000000001,7.646210187548552,9.319241039117806,-16.950000000000003,17.040000000000006,-18.810342914215962,18.910220841194104,33.99000000000001,17.040000000000006,18.910220841194104
Ethereum,full mesh,Gaming,8,16,10,2023,hop,40 nodes,0,energy_observed,kWh,energy,energy_valid_observed,13,13,0,0,0,13,20.418167971616057,15.418482115844874,26.93932473860408,18.51233089685712,21.82661953730052,3.0628427335684023,3.314288640443401,16.232056887036578,15.000575653144578,-4.999685855771183,6.521156766988021,-24.48645668270241,31.93801116757041,11.520842622759204,6.521156766988021,31.93801116757041
Ethereum,full mesh,Gaming,8,16,10,2023,hop,40 nodes,0,energy_positive_commit,kWh,energy,energy_valid_positive_commit,13,13,0,0,0,13,20.418167971616057,15.418482115844874,26.93932473860408,18.51233089685712,21.82661953730052,3.0628427335684023,3.314288640443401,16.232056887036578,15.000575653144578,-4.999685855771183,6.521156766988021,-24.48645668270241,31.93801116757041,11.520842622759204,6.521156766988021,31.93801116757041
Ethereum,full mesh,PayPal,8,16,10,2023,hop,10 nodes,0,tps_positive_commit,TPS,average_throughput,tps_point_valid_positive_commit,13,13,0,0,0,13,10.330769230769231,9.0,11.2,10.1,10.7,0.623678089221001,0.5999999999999996,5.807892777364106,6.037092449644834,-1.3307692307692314,0.8692307692307679,-12.881608339538353,8.413998510796711,2.1999999999999993,1.3307692307692314,12.881608339538353
Ethereum,full mesh,PayPal,8,16,10,2023,hop,10 nodes,0,latency_positive_commit,s,average_latency,latency_valid_positive_commit,13,13,0,0,0,13,142.55846153846153,122.02,174.23,129.98,149.05,13.940441077523245,19.07000000000002,13.37696815341616,9.778753871977067,-20.538461538461533,31.67153846153846,-14.40704488307091,22.21652655320894,52.209999999999994,31.67153846153846,22.21652655320894
Ethereum,full mesh,PayPal,8,16,10,2023,hop,10 nodes,0,energy_observed,kWh,energy,energy_valid_observed,13,13,0,0,0,13,21.727148367782846,16.657219942785986,25.191988756345555,20.50075601189939,23.33930325348316,2.6696754319278924,2.8385472415837683,13.064518148146787,12.287279429115069,-5.06992842499686,3.4648403885627097,-23.334532167666246,15.94705540695988,8.53476881355957,5.06992842499686,23.334532167666246
Ethereum,full mesh,PayPal,8,16,10,2023,hop,10 nodes,0,energy_positive_commit,kWh,energy,energy_valid_positive_commit,13,13,0,0,0,13,21.727148367782846,16.657219942785986,25.191988756345555,20.50075601189939,23.33930325348316,2.6696754319278924,2.8385472415837683,13.064518148146787,12.287279429115069,-5.06992842499686,3.4648403885627097,-23.334532167666246,15.94705540695988,8.53476881355957,5.06992842499686,23.334532167666246
Ethereum,full mesh,PayPal,8,16,10,2023,hop,40 nodes,0,tps_positive_commit,TPS,average_throughput,tps_point_valid_positive_commit,13,13,0,0,0,13,8.030769230769232,7.9,8.3,7.9,8.1,0.15483655567842808,0.1999999999999993,2.490421455938688,1.9280414021260197,-0.13076923076923208,0.2692307692307683,-1.628352490421472,3.352490421455926,0.40000000000000036,0.2692307692307683,3.352490421455926
Ethereum,full mesh,PayPal,8,16,10,2023,hop,40 nodes,0,latency_positive_commit,s,average_latency,latency_valid_positive_commit,13,13,0,0,0,13,136.56230769230768,131.03,143.32,135.41,137.97,3.1862939649017337,2.5600000000000023,1.8746021821541043,2.333216257652046,-5.532307692307683,6.757692307692309,-4.051123465760902,4.948431541533593,12.289999999999992,6.757692307692309,4.948431541533593
Ethereum,full mesh,PayPal,8,16,10,2023,hop,40 nodes,0,energy_observed,kWh,energy,energy_valid_observed,13,13,0,0,0,13,22.237006442067464,17.828581855637434,27.06077763232807,20.45750356654343,23.115082130147687,2.693186983682394,2.6575785636042575,11.951152555214046,12.111283911792569,-4.40842458643003,4.823771190260604,-19.824721452120787,21.692538529534726,9.232195776690634,4.823771190260604,21.692538529534726
Ethereum,full mesh,PayPal,8,16,10,2023,hop,40 nodes,0,energy_positive_commit,kWh,energy,energy_valid_positive_commit,13,13,0,0,0,13,22.237006442067464,17.828581855637434,27.06077763232807,20.45750356654343,23.115082130147687,2.693186983682394,2.6575785636042575,11.951152555214046,12.111283911792569,-4.40842458643003,4.823771190260604,-19.824721452120787,21.692538529534726,9.232195776690634,4.823771190260604,21.692538529534726
Ethereum,full mesh,VISA,8,16,10,2023,hop,10 nodes,0,tps_positive_commit,TPS,average_throughput,tps_point_valid_positive_commit,13,13,0,0,0,13,11.061538461538465,7.0,14.9,9.8,11.9,2.0106128674024006,2.0999999999999996,18.9847009735744,18.17661145774075,-4.061538461538465,3.8384615384615355,-36.717663421418656,34.70097357440886,7.9,4.061538461538465,36.717663421418656
Ethereum,full mesh,VISA,8,16,10,2023,hop,10 nodes,0,latency_positive_commit,s,average_latency,latency_valid_positive_commit,13,13,0,0,0,13,151.86999999999998,126.89,214.37,143.18,156.26,20.775074408210113,13.079999999999984,8.612629222361221,13.679511693033591,-24.979999999999976,62.50000000000003,-16.448278132613407,41.15361822611447,87.48,62.50000000000003,41.15361822611447
Ethereum,full mesh,VISA,8,16,10,2023,hop,10 nodes,0,energy_observed,kWh,energy,energy_valid_observed,13,13,0,0,0,13,22.510805061904176,17.95094715067752,27.139582303515677,21.514454848053813,24.74445468958333,2.61330745818286,3.2299998415295157,14.348664264325924,11.609124822485589,-4.559857911226654,4.628777241611502,-20.256307576237962,20.562468685071348,9.188635152838156,4.628777241611502,20.562468685071348
Ethereum,full mesh,VISA,8,16,10,2023,hop,10 nodes,0,energy_positive_commit,kWh,energy,energy_valid_positive_commit,13,13,0,0,0,13,22.510805061904176,17.95094715067752,27.139582303515677,21.514454848053813,24.74445468958333,2.61330745818286,3.2299998415295157,14.348664264325924,11.609124822485589,-4.559857911226654,4.628777241611502,-20.256307576237962,20.562468685071348,9.188635152838156,4.628777241611502,20.562468685071348
Ethereum,full mesh,VISA,8,16,10,2023,hop,40 nodes,0,tps_positive_commit,TPS,average_throughput,tps_point_valid_positive_commit,13,13,0,0,0,13,8.646153846153846,8.4,9.1,8.5,8.8,0.2503843199809198,0.3000000000000007,3.4697508896797236,2.8959040567188237,-0.24615384615384528,0.453846153846154,-2.8469750889679615,5.2491103202847,0.6999999999999993,0.453846153846154,5.2491103202847
Ethereum,full mesh,VISA,8,16,10,2023,hop,40 nodes,0,latency_positive_commit,s,average_latency,latency_valid_positive_commit,13,13,0,0,0,13,143.07846153846154,130.44,151.87,135.65,147.78,6.908629683415091,12.129999999999995,8.477865829399681,4.828560224319964,-12.638461538461542,8.791538461538465,-8.833238352275785,6.1445575854023105,21.430000000000007,12.638461538461542,8.833238352275785
Ethereum,full mesh,VISA,8,16,10,2023,hop,40 nodes,0,energy_observed,kWh,energy,energy_valid_observed,13,13,0,0,0,13,22.511229383253742,17.884939792736215,28.05067018863878,19.350595258270022,24.80568420401719,3.1962417844756574,5.455088945747168,24.232745590541786,14.198432835717819,-4.626289590517526,5.539440805385038,-20.551030384680168,24.6074557327636,10.165730395902564,5.539440805385038,24.6074557327636
Ethereum,full mesh,VISA,8,16,10,2023,hop,40 nodes,0,energy_positive_commit,kWh,energy,energy_valid_positive_commit,13,13,0,0,0,13,22.511229383253742,17.884939792736215,28.05067018863878,19.350595258270022,24.80568420401719,3.1962417844756574,5.455088945747168,24.232745590541786,14.198432835717819,-4.626289590517526,5.539440805385038,-20.551030384680168,24.6074557327636,10.165730395902564,5.539440805385038,24.6074557327636
Ethereum,hypercube,DDoS,8,16,10,2023,hop,10 nodes,0,tps_positive_commit,TPS,average_throughput,tps_point_valid_positive_commit,13,13,0,0,0,13,12.176923076923076,4.3,16.5,10.8,15.0,3.616663712630248,4.199999999999999,34.491471888818694,29.70096542273735,-7.8769230769230765,4.323076923076924,-64.68730259001894,35.502210991787756,12.2,7.8769230769230765,64.68730259001894
Ethereum,hypercube,DDoS,8,16,10,2023,hop,10 nodes,0,latency_positive_commit,s,average_latency,latency_valid_positive_commit,13,13,0,0,0,13,55.854615384615386,34.59,94.2,45.13,58.75,17.88244465734696,13.619999999999997,24.3847350952335,32.01605549372829,-21.264615384615382,38.34538461538462,-38.0713665973475,68.65213259698945,59.61,38.34538461538462,68.65213259698945
Ethereum,hypercube,DDoS,8,16,10,2023,hop,10 nodes,0,energy_observed,kWh,energy,energy_valid_observed,13,13,0,0,0,13,10.310603154438011,8.532963336152806,12.515975054079696,9.192737417352674,10.831528574729552,1.2918938382824317,1.6387911573768772,15.894231722724092,12.52976008223495,-1.7776398182852056,2.205371899641685,-17.240890679805215,21.38935876600413,3.9830117179268907,2.205371899641685,21.38935876600413
Ethereum,hypercube,DDoS,8,16,10,2023,hop,10 nodes,0,energy_positive_commit,kWh,energy,energy_valid_positive_commit,13,13,0,0,0,13,10.310603154438011,8.532963336152806,12.515975054079696,9.192737417352674,10.831528574729552,1.2918938382824317,1.6387911573768772,15.894231722724092,12.52976008223495,-1.7776398182852056,2.205371899641685,-17.240890679805215,21.38935876600413,3.9830117179268907,2.205371899641685,21.38935876600413
Ethereum,hypercube,DDoS,8,16,10,2023,hop,40 nodes,0,tps_positive_commit,TPS,average_throughput,tps_point_valid_positive_commit,13,13,0,0,0,13,10.884615384615387,8.4,13.9,9.3,11.6,1.8288640161979213,2.299999999999999,21.13074204946995,16.802284247754752,-2.4846153846153864,3.0153846153846136,-22.826855123674925,27.703180212014114,5.5,3.0153846153846136,27.703180212014114
Ethereum,hypercube,DDoS,8,16,10,2023,hop,40 nodes,0,latency_positive_commit,s,average_latency,latency_valid_positive_commit,13,13,0,0,0,13,57.39461538461539,46.22,66.91,51.76,63.72,6.71887343655246,11.96,20.83819173602455,11.706452585364746,-11.174615384615393,9.515384615384605,-19.469797488373352,16.57888035597012,20.689999999999998,11.174615384615393,19.469797488373352
Ethereum,hypercube,DDoS,8,16,10,2023,hop,40 nodes,0,energy_observed,kWh,energy,energy_valid_observed,13,13,0,0,0,13,10.757042658441755,8.941377161518936,13.61043721403832,9.645767624395615,11.40091982905926,1.436423806915617,1.755152204663645,16.3163079332614,13.353333741670731,-1.8156654969228185,2.853394555596566,-16.878853738652296,26.52582727611776,4.669060052519384,2.853394555596566,26.52582727611776
Ethereum,hypercube,DDoS,8,16,10,2023,hop,40 nodes,0,energy_positive_commit,kWh,energy,energy_valid_positive_commit,13,13,0,0,0,13,10.757042658441755,8.941377161518936,13.61043721403832,9.645767624395615,11.40091982905926,1.436423806915617,1.755152204663645,16.3163079332614,13.353333741670731,-1.8156654969228185,2.853394555596566,-16.878853738652296,26.52582727611776,4.669060052519384,2.853394555596566,26.52582727611776
Ethereum,hypercube,FIFA,8,16,10,2023,hop,10 nodes,0,tps_positive_commit,TPS,average_throughput,tps_point_valid_positive_commit,12,12,0,0,0,12,2.6583333333333337,0.9,5.3,2.0,3.125,1.2894384495397657,1.125,42.319749216300934,48.505521612781145,-1.7583333333333337,2.641666666666666,-66.14420062695925,99.37304075235107,4.3999999999999995,2.641666666666666,99.37304075235107
Ethereum,hypercube,FIFA,8,16,10,2023,hop,10 nodes,0,latency_positive_commit,s,average_latency,latency_valid_positive_commit,12,12,0,0,0,12,14.788333333333334,5.11,27.28,10.465,18.2025,6.127689514644063,7.737500000000001,52.32164994928435,41.43597102204934,-9.678333333333335,12.491666666666667,-65.44573424997184,84.4697396596416,22.17,12.491666666666667,84.4697396596416
Ethereum,hypercube,FIFA,8,16,10,2023,hop,10 nodes,0,energy_observed,kWh,energy,energy_valid_observed,12,12,0,0,0,12,9.802506107935512,7.495788619188116,11.61174191643052,8.750529168712347,10.907960943266318,1.364502918443725,2.15743177455397,22.008981690992723,13.919939487098166,-2.3067174887473962,1.809235808495007,-23.53191585241674,18.45686999399429,4.115953297242403,2.3067174887473962,23.53191585241674
Ethereum,hypercube,FIFA,8,16,10,2023,hop,10 nodes,0,energy_positive_commit,kWh,energy,energy_valid_positive_commit,12,12,0,0,0,12,9.802506107935512,7.495788619188116,11.61174191643052,8.750529168712347,10.907960943266318,1.364502918443725,2.15743177455397,22.008981690992723,13.919939487098166,-2.3067174887473962,1.809235808495007,-23.53191585241674,18.45686999399429,4.115953297242403,2.3067174887473962,23.53191585241674
Ethereum,hypercube,FIFA,8,16,10,2023,hop,40 nodes,0,tps_positive_commit,TPS,average_throughput,tps_point_valid_positive_commit,13,13,0,0,0,13,3.161538461538462,1.1,4.9,2.4,3.9,1.053200251248911,1.5,47.44525547445255,33.31290332417479,-2.0615384615384618,1.7384615384615385,-65.20681265206814,54.987834549878336,3.8000000000000003,2.0615384615384618,65.20681265206814
Ethereum,hypercube,FIFA,8,16,10,2023,hop,40 nodes,0,latency_positive_commit,s,average_latency,latency_valid_positive_commit,13,13,0,0,0,13,22.613076923076925,10.48,45.45,15.59,24.88,8.882226057897297,9.29,41.08242337653501,39.27915731287711,-12.133076923076924,22.836923076923078,-53.65513487770861,100.98989692825798,34.97,22.836923076923078,100.98989692825798
Ethereum,hypercube,FIFA,8,16,10,2023,hop,40 nodes,0,energy_observed,kWh,energy,energy_valid_observed,13,13,0,0,0,13,9.084920128751715,6.707539283746658,10.723832987314244,8.514023082537824,9.888622255539063,1.3563877408205836,1.37459917300124,15.130558700796332,14.930100888041089,-2.3773808450050575,1.638912858562529,-26.16842868525817,18.03992589187153,4.0162937035675865,2.3773808450050575,26.16842868525817
Ethereum,hypercube,FIFA,8,16,10,2023,hop,40 nodes,0,energy_positive_commit,kWh,energy,energy_valid_positive_commit,13,13,0,0,0,13,9.084920128751715,6.707539283746658,10.723832987314244,8.514023082537824,9.888622255539063,1.3563877408205836,1.37459917300124,15.130558700796332,14.930100888041089,-2.3773808450050575,1.638912858562529,-26.16842868525817,18.03992589187153,4.0162937035675865,2.3773808450050575,26.16842868525817
Ethereum,hypercube,GAFAM,8,16,10,2023,hop,10 nodes,0,tps_positive_commit,TPS,average_throughput,tps_point_valid_positive_commit,13,13,0,0,0,13,8.153846153846153,6.4,11.2,6.7,9.0,1.5425170904592838,2.3,28.20754716981132,18.91766243016103,-1.753846153846153,3.046153846153846,-21.509433962264144,37.35849056603774,4.799999999999999,3.046153846153846,37.35849056603774
Ethereum,hypercube,GAFAM,8,16,10,2023,hop,10 nodes,0,latency_positive_commit,s,average_latency,latency_valid_positive_commit,13,13,0,0,0,13,92.83846153846153,80.78,104.72,89.42,95.67,6.291577499792672,6.25,6.732123622503936,6.776908401466961,-12.058461538461529,11.881538461538469,-12.988648603861122,12.798077719777952,23.939999999999998,12.058461538461529,12.988648603861122
Ethereum,hypercube,GAFAM,8,16,10,2023,hop,10 nodes,0,energy_observed,kWh,energy,energy_valid_observed,13,13,0,0,0,13,14.519948107513581,11.461509773774106,18.0277213707972,13.66774594290198,15.804235318931644,2.193770100830983,2.1364893760296635,14.71416674639562,15.108663506144222,-3.058438333739476,3.5077732632836174,-21.06370016678529,24.15830440515461,6.566211597023093,3.5077732632836174,24.15830440515461
Ethereum,hypercube,GAFAM,8,16,10,2023,hop,10 nodes,0,energy_positive_commit,kWh,energy,energy_valid_positive_commit,13,13,0,0,0,13,14.519948107513581,11.461509773774106,18.0277213707972,13.66774594290198,15.804235318931644,2.193770100830983,2.1364893760296635,14.71416674639562,15.108663506144222,-3.058438333739476,3.5077732632836174,-21.06370016678529,24.15830440515461,6.566211597023093,3.5077732632836174,24.15830440515461
Ethereum,hypercube,GAFAM,8,16,10,2023,hop,40 nodes,0,tps_positive_commit,TPS,average_throughput,tps_point_valid_positive_commit,13,13,0,0,0,13,7.5307692307692315,6.0,8.5,7.2,8.2,0.7598076679711071,0.9999999999999991,13.278855975485177,10.0893765920576,-1.5307692307692315,0.9692307692307685,-20.326864147088873,12.870275791624096,2.5,1.5307692307692315,20.326864147088873
Ethereum,hypercube,GAFAM,8,16,10,2023,hop,40 nodes,0,latency_positive_commit,s,average_latency,latency_valid_positive_commit,13,13,0,0,0,13,96.2376923076923,88.99,105.14,92.74,98.91,4.57656558612488,6.170000000000002,6.41120942538107,4.755481429763122,-7.247692307692304,8.902307692307701,-7.531032939276948,9.250333709005758,16.150000000000006,8.902307692307701,9.250333709005758
Ethereum,hypercube,GAFAM,8,16,10,2023,hop,40 nodes,0,energy_observed,kWh,energy,energy_valid_observed,13,13,0,0,0,13,14.315630582423829,10.322272148256014,18.350235528313988,13.853971754321275,14.931473301964418,1.9567303841671262,1.077501547643143,7.526748762056331,13.668488949201603,-3.993358434167815,4.034604945890159,-27.89509278809349,28.183215001675784,8.027963380057974,4.034604945890159,28.183215001675784
Ethereum,hypercube,GAFAM,8,16,10,2023,hop,40 nodes,0,energy_positive_commit,kWh,energy,energy_valid_positive_commit,13,13,0,0,0,13,14.315630582423829,10.322272148256014,18.350235528313988,13.853971754321275,14.931473301964418,1.9567303841671262,1.077501547643143,7.526748762056331,13.668488949201603,-3.993358434167815,4.034604945890159,-27.89509278809349,28.183215001675784,8.027963380057974,4.034604945890159,28.183215001675784
Ethereum,hypercube,Gaming,8,16,10,2023,hop,10 nodes,0,tps_positive_commit,TPS,average_throughput,tps_point_valid_positive_commit,13,13,0,0,0,13,0.8384615384615385,0.6,1.1,0.7,1.0,0.1709700828530221,0.30000000000000004,35.779816513761475,20.390927312745752,-0.2384615384615385,0.2615384615384616,-28.44036697247707,31.192660550458722,0.5000000000000001,0.2615384615384616,31.192660550458722
Ethereum,hypercube,Gaming,8,16,10,2023,hop,10 nodes,0,latency_positive_commit,s,average_latency,latency_valid_positive_commit,13,13,0,0,0,13,71.83615384615385,44.53,112.91,56.6,82.48,20.152928876659402,25.880000000000003,36.02642766123765,28.054019873919522,-27.306153846153848,41.07384615384615,-38.01171469262317,57.17712315418634,68.38,41.07384615384615,57.17712315418634
Ethereum,hypercube,Gaming,8,16,10,2023,hop,10 nodes,0,energy_observed,kWh,energy,energy_valid_observed,13,13,0,0,0,13,20.34543327276327,13.202501202678556,27.16867458064953,18.57467223003379,22.67569103066396,3.6493506159278715,4.101018800630168,20.156949943751076,17.93695207667713,-7.142932070084713,6.82324130788626,-35.108281914286195,33.53696732042877,13.966173377970973,7.142932070084713,35.108281914286195
Ethereum,hypercube,Gaming,8,16,10,2023,hop,10 nodes,0,energy_positive_commit,kWh,energy,energy_valid_positive_commit,13,13,0,0,0,13,20.34543327276327,13.202501202678556,27.16867458064953,18.57467223003379,22.67569103066396,3.6493506159278715,4.101018800630168,20.156949943751076,17.93695207667713,-7.142932070084713,6.82324130788626,-35.108281914286195,33.53696732042877,13.966173377970973,7.142932070084713,35.108281914286195
Ethereum,hypercube,Gaming,8,16,10,2023,hop,40 nodes,0,tps_positive_commit,TPS,average_throughput,tps_point_valid_positive_commit,13,13,0,0,0,13,0.9461538461538462,0.7,1.4,0.8,1.0,0.22216879699673028,0.19999999999999996,21.138211382113816,23.481254967134095,-0.24615384615384628,0.4538461538461537,-26.016260162601636,47.96747967479672,0.7,0.4538461538461537,47.96747967479672
Ethereum,hypercube,Gaming,8,16,10,2023,hop,40 nodes,0,latency_positive_commit,s,average_latency,latency_valid_positive_commit,13,13,0,0,0,13,97.2176923076923,75.48,135.88,85.88,104.26,17.8823218821672,18.38000000000001,18.906023753194663,18.39410240840727,-21.7376923076923,38.66230769230769,-22.359811050536855,39.76879801872087,60.39999999999999,38.66230769230769,39.76879801872087
Ethereum,hypercube,Gaming,8,16,10,2023,hop,40 nodes,0,energy_observed,kWh,energy,energy_valid_observed,13,13,0,0,0,13,20.739465221821426,17.59149371704167,26.76107693833142,18.81225516194371,21.6297555891782,2.4458174357674087,2.8175004272344886,13.58521252645416,11.793059317624039,-3.1479715047797576,6.0216117165099945,-15.17865321554945,29.034556349959498,9.169583221289752,6.0216117165099945,29.034556349959498
Ethereum,hypercube,Gaming,8,16,10,2023,hop,40 nodes,0,energy_positive_commit,kWh,energy,energy_valid_positive_commit,13,13,0,0,0,13,20.739465221821426,17.59149371704167,26.76107693833142,18.81225516194371,21.6297555891782,2.4458174357674087,2.8175004272344886,13.58521252645416,11.793059317624039,-3.1479715047797576,6.0216117165099945,-15.17865321554945,29.034556349959498,9.169583221289752,6.0216117165099945,29.034556349959498
Ethereum,hypercube,PayPal,8,16,10,2023,hop,10 nodes,0,tps_positive_commit,TPS,average_throughput,tps_point_valid_positive_commit,14,14,0,0,0,14,11.457142857142857,8.9,15.1,10.375,11.8,1.7895913954412506,1.4250000000000007,12.437655860349132,15.619875022554556,-2.557142857142857,3.6428571428571423,-22.319201995012467,31.79551122194513,6.199999999999999,3.6428571428571423,31.79551122194513
Ethereum,hypercube,PayPal,8,16,10,2023,hop,10 nodes,0,latency_positive_commit,s,average_latency,latency_valid_positive_commit,14,14,0,0,0,14,144.7935714285714,114.88,197.19,139.5075,147.705,18.671421851483192,8.19750000000002,5.661508255595419,12.895200848536327,-29.9135714285714,52.3964285714286,-20.659461006062806,36.18698541273047,82.31,52.3964285714286,36.18698541273047
Ethereum,hypercube,PayPal,8,16,10,2023,hop,10 nodes,0,energy_observed,kWh,energy,energy_valid_observed,14,14,0,0,0,14,22.689068932668896,16.69803094538362,29.24080422606824,20.177557769358092,24.45197265427132,3.3310358215404268,4.274414884913227,18.83909338720684,14.68123628794758,-5.991037987285274,6.551735293399343,-26.404952997692504,28.876175187452557,12.542773280684617,6.551735293399343,28.876175187452557
Ethereum,hypercube,PayPal,8,16,10,2023,hop,10 nodes,0,energy_positive_commit,kWh,energy,energy_valid_positive_commit,14,14,0,0,0,14,22.689068932668896,16.69803094538362,29.24080422606824,20.177557769358092,24.45197265427132,3.3310358215404268,4.274414884913227,18.83909338720684,14.68123628794758,-5.991037987285274,6.551735293399343,-26.404952997692504,28.876175187452557,12.542773280684617,6.551735293399343,28.876175187452557
Ethereum,hypercube,PayPal,8,16,10,2023,hop,40 nodes,0,tps_positive_commit,TPS,average_throughput,tps_point_valid_positive_commit,13,13,0,0,0,13,8.107692307692307,7.9,8.8,8.0,8.1,0.2325995788959305,0.09999999999999964,1.2333965844402235,2.8688752615247597,-0.20769230769230695,0.6923076923076934,-2.5616698292220024,8.538899430740052,0.9000000000000004,0.6923076923076934,8.538899430740052
Ethereum,hypercube,PayPal,8,16,10,2023,hop,40 nodes,0,latency_positive_commit,s,average_latency,latency_valid_positive_commit,13,13,0,0,0,13,136.73461538461535,130.6,144.8,135.32,138.27,4.18613906319538,2.950000000000017,2.157463925065412,3.061506445474949,-6.134615384615358,8.065384615384659,-4.486512334392826,5.898568254057584,14.200000000000017,8.065384615384659,5.898568254057584
Ethereum,hypercube,PayPal,8,16,10,2023,hop,40 nodes,0,energy_observed,kWh,energy,energy_valid_observed,13,13,0,0,0,13,22.09483922882244,18.005161100184257,25.431660604446947,20.468599935703946,23.3098064732633,2.347100513094312,2.841206537559355,12.859141033499972,10.622844949387769,-4.089678128638184,3.336821375624506,-18.509653255603915,15.102265923128622,7.42649950426269,4.089678128638184,18.509653255603915
Ethereum,hypercube,PayPal,8,16,10,2023,hop,40 nodes,0,energy_positive_commit,kWh,energy,energy_valid_positive_commit,13,13,0,0,0,13,22.09483922882244,18.005161100184257,25.431660604446947,20.468599935703946,23.3098064732633,2.347100513094312,2.841206537559355,12.859141033499972,10.622844949387769,-4.089678128638184,3.336821375624506,-18.509653255603915,15.102265923128622,7.42649950426269,4.089678128638184,18.509653255603915
Ethereum,hypercube,VISA,8,16,10,2023,hop,10 nodes,0,tps_positive_commit,TPS,average_throughput,tps_point_valid_positive_commit,13,13,0,0,0,13,13.184615384615382,11.0,17.1,12.5,13.7,1.4305279642181963,1.1999999999999993,9.101516919486578,10.849978725108842,-2.184615384615382,3.9153846153846192,-16.56942823803966,29.696616102683816,6.100000000000001,3.9153846153846192,29.696616102683816
Ethereum,hypercube,VISA,8,16,10,2023,hop,10 nodes,0,latency_positive_commit,s,average_latency,latency_valid_positive_commit,13,13,0,0,0,13,143.64153846153846,126.08,163.1,135.17,152.05,11.01051455515276,16.880000000000024,11.751475360673487,7.665271949242553,-17.56153846153846,19.458461538461535,-12.225947069092935,13.546542140156584,37.019999999999996,19.458461538461535,13.546542140156584
Ethereum,hypercube,VISA,8,16,10,2023,hop,10 nodes,0,energy_observed,kWh,energy,energy_valid_observed,13,13,0,0,0,13,21.427592952572244,13.641170014590976,25.314196731499862,21.200274478212357,23.246583269569776,3.5469358491806147,2.0463087913574185,9.549877094859468,16.553123148416105,-7.786422937981268,3.8866037789276184,-36.33829966443598,18.138312537158107,11.673026716908886,7.786422937981268,36.33829966443598
Ethereum,hypercube,VISA,8,16,10,2023,hop,10 nodes,0,energy_positive_commit,kWh,energy,energy_valid_positive_commit,13,13,0,0,0,13,21.427592952572244,13.641170014590976,25.314196731499862,21.200274478212357,23.246583269569776,3.5469358491806147,2.0463087913574185,9.549877094859468,16.553123148416105,-7.786422937981268,3.8866037789276184,-36.33829966443598,18.138312537158107,11.673026716908886,7.786422937981268,36.33829966443598
Ethereum,hypercube,VISA,8,16,10,2023,hop,40 nodes,0,tps_positive_commit,TPS,average_throughput,tps_point_valid_positive_commit,13,13,0,0,0,13,9.015384615384615,8.4,9.8,8.8,9.1,0.42001220983473364,0.29999999999999893,3.3276450511945272,4.658838504992779,-0.615384615384615,0.7846153846153854,-6.825938566552897,8.703071672354957,1.4000000000000004,0.7846153846153854,8.703071672354957
Ethereum,hypercube,VISA,8,16,10,2023,hop,40 nodes,0,latency_positive_commit,s,average_latency,latency_valid_positive_commit,13,13,0,0,0,13,134.0869230769231,120.4,145.08,131.96,139.5,7.089815917468503,7.539999999999992,5.623218004394387,5.2874775218767684,-13.686923076923108,10.993076923076899,-10.207500301182376,8.198470567312802,24.680000000000007,13.686923076923108,10.207500301182376
Ethereum,hypercube,VISA,8,16,10,2023,hop,40 nodes,0,energy_observed,kWh,energy,energy_valid_observed,13,13,0,0,0,13,22.438545990169303,18.525522824951977,28.48738719538883,20.076957346016908,24.72065337992604,3.2286553606765973,4.6436960339091335,20.695173546198642,14.388879573975624,-3.913023165217325,6.048841205219528,-17.438844597736793,26.95736705876408,9.961864370436853,6.048841205219528,26.95736705876408
Ethereum,hypercube,VISA,8,16,10,2023,hop,40 nodes,0,energy_positive_commit,kWh,energy,energy_valid_positive_commit,13,13,0,0,0,13,22.438545990169303,18.525522824951977,28.48738719538883,20.076957346016908,24.72065337992604,3.2286553606765973,4.6436960339091335,20.695173546198642,14.388879573975624,-3.913023165217325,6.048841205219528,-17.438844597736793,26.95736705876408,9.961864370436853,6.048841205219528,26.95736705876408
Ethereum,scale-free,DDoS,8,16,10,2023,hop,10 nodes,0,tps_positive_commit,TPS,average_throughput,tps_point_valid_positive_commit,14,14,0,0,0,14,13.549999999999999,5.8,20.5,10.625,17.6,4.889352639232441,6.975000000000001,51.47601476014761,36.08378331536857,-7.749999999999999,6.950000000000001,-57.19557195571955,51.29151291512916,14.7,7.749999999999999,57.19557195571955
Ethereum,scale-free,DDoS,8,16,10,2023,hop,10 nodes,0,latency_positive_commit,s,average_latency,latency_valid_positive_commit,14,14,0,0,0,14,50.927857142857135,31.82,92.58,42.435,56.25,14.987514382399683,13.814999999999998,27.12660766630668,29.428912236300032,-19.107857142857135,41.65214285714286,-37.519460300985976,81.78656082132991,60.76,41.65214285714286,81.78656082132991
Ethereum,scale-free,DDoS,8,16,10,2023,hop,10 nodes,0,energy_observed,kWh,energy,energy_valid_observed,14,14,0,0,0,14,10.567641974910666,9.056641873620643,12.687115379757737,9.904833700903481,11.194619890303505,1.051766738736103,1.289786189400024,12.20505191661669,9.952709802557388,-1.5110001012900227,2.1194734048470707,-14.298365755363282,20.056256730489658,3.6304735061370934,2.1194734048470707,20.056256730489658
Ethereum,scale-free,DDoS,8,16,10,2023,hop,10 nodes,0,energy_positive_commit,kWh,energy,energy_valid_positive_commit,14,14,0,0,0,14,10.567641974910666,9.056641873620643,12.687115379757737,9.904833700903481,11.194619890303505,1.051766738736103,1.289786189400024,12.20505191661669,9.952709802557388,-1.5110001012900227,2.1194734048470707,-14.298365755363282,20.056256730489658,3.6304735061370934,2.1194734048470707,20.056256730489658
Ethereum,scale-free,DDoS,8,16,10,2023,hop,40 nodes,0,tps_positive_commit,TPS,average_throughput,tps_point_valid_positive_commit,13,13,0,0,0,13,15.623076923076924,11.7,20.5,14.0,16.3,2.583329197680726,2.3000000000000007,14.721811915312657,16.53534198417008,-3.923076923076925,4.876923076923076,-25.110782865583467,31.2161496799606,8.8,4.876923076923076,31.2161496799606
Ethereum,scale-free,DDoS,8,16,10,2023,hop,40 nodes,0,latency_positive_commit,s,average_latency,latency_valid_positive_commit,13,13,0,0,0,13,53.34,47.64,62.3,50.11,54.91,4.520991779097443,4.799999999999997,8.998875140607419,8.475800110793855,-5.700000000000003,8.959999999999994,-10.68616422947132,16.797900262467177,14.659999999999997,8.959999999999994,16.797900262467177
Ethereum,scale-free,DDoS,8,16,10,2023,hop,40 nodes,0,energy_observed,kWh,energy,energy_valid_observed,13,13,0,0,0,13,9.944809146596794,7.472518801790788,12.429682266162358,8.491251718880036,11.040606318156174,1.7099109642187282,2.5493545992761373,25.63502789943988,17.19400482214257,-2.472290344806006,2.484873119565563,-24.860108508488036,24.986634564182758,4.957163464371569,2.484873119565563,24.986634564182758
Ethereum,scale-free,DDoS,8,16,10,2023,hop,40 nodes,0,energy_positive_commit,kWh,energy,energy_valid_positive_commit,13,13,0,0,0,13,9.944809146596794,7.472518801790788,12.429682266162358,8.491251718880036,11.040606318156174,1.7099109642187282,2.5493545992761373,25.63502789943988,17.19400482214257,-2.472290344806006,2.484873119565563,-24.860108508488036,24.986634564182758,4.957163464371569,2.484873119565563,24.986634564182758
Ethereum,scale-free,FIFA,8,16,10,2023,hop,10 nodes,0,tps_positive_commit,TPS,average_throughput,tps_point_valid_positive_commit,13,13,0,0,0,13,1.9846153846153847,0.1,3.7,1.1,2.5,1.0447058229043507,1.4,70.54263565891473,52.640215882777355,-1.8846153846153846,1.7153846153846155,-94.96124031007751,86.43410852713178,3.6,1.8846153846153846,94.96124031007751
Ethereum,scale-free,FIFA,8,16,10,2023,hop,10 nodes,0,latency_positive_commit,s,average_latency,latency_valid_positive_commit,13,13,0,0,0,13,10.004615384615384,1.71,17.63,5.81,13.83,5.319816123677922,8.02,80.16300169152699,53.1736195662102,-8.294615384615383,7.625384615384615,-82.90788866676917,76.21866830693526,15.919999999999998,8.294615384615383,82.90788866676917
Ethereum,scale-free,FIFA,8,16,10,2023,hop,10 nodes,0,energy_observed,kWh,energy,energy_valid_observed,13,13,0,0,0,13,9.187687446719686,7.41148631151005,11.348128647263737,8.345553259956413,10.257711067258994,1.1938919528808263,1.912157807302581,20.812177366626525,12.994477226226127,-1.7762011352096359,2.160441200544051,-19.33240704486306,23.514526512494736,3.936642335753687,2.160441200544051,23.514526512494736
Ethereum,scale-free,FIFA,8,16,10,2023,hop,10 nodes,0,energy_positive_commit,kWh,energy,energy_valid_positive_commit,13,13,0,0,0,13,9.187687446719686,7.41148631151005,11.348128647263737,8.345553259956413,10.257711067258994,1.1938919528808263,1.912157807302581,20.812177366626525,12.994477226226127,-1.7762011352096359,2.160441200544051,-19.33240704486306,23.514526512494736,3.936642335753687,2.160441200544051,23.514526512494736
Ethereum,scale-free,FIFA,8,16,10,2023,hop,40 nodes,0,tps_positive_commit,TPS,average_throughput,tps_point_valid_positive_commit,13,13,0,0,0,13,3.93076923076923,2.1,6.0,3.0,5.3,1.290597158543682,2.3,58.51272015655577,32.83319581422283,-1.83076923076923,2.06923076923077,-46.575342465753415,52.641878669275954,3.9,2.06923076923077,52.641878669275954
Ethereum,scale-free,FIFA,8,16,10,2023,hop,40 nodes,0,latency_positive_commit,s,average_latency,latency_valid_positive_commit,13,13,0,0,0,13,17.567692307692305,8.01,24.53,13.13,22.31,5.247502824909758,9.179999999999998,52.25501357386811,29.87018859962644,-9.557692307692305,6.9623076923076965,-54.404939136526835,39.63131622734043,16.520000000000003,9.557692307692305,54.404939136526835
Ethereum,scale-free,FIFA,8,16,10,2023,hop,40 nodes,0,energy_observed,kWh,energy,energy_valid_observed,13,13,0,0,0,13,9.37741588224445,7.321334680986386,11.758200717475164,8.529925052200062,10.213783417268662,1.3820243479991932,1.6838583650686,17.956528602478645,14.73779520236454,-2.056081201258065,2.3807848352307133,-21.925882642691853,25.388495776737173,4.436866036488778,2.3807848352307133,25.388495776737173
Ethereum,scale-free,FIFA,8,16,10,2023,hop,40 nodes,0,energy_positive_commit,kWh,energy,energy_valid_positive_commit,13,13,0,0,0,13,9.37741588224445,7.321334680986386,11.758200717475164,8.529925052200062,10.213783417268662,1.3820243479991932,1.6838583650686,17.956528602478645,14.73779520236454,-2.056081201258065,2.3807848352307133,-21.925882642691853,25.388495776737173,4.436866036488778,2.3807848352307133,25.388495776737173
Ethereum,scale-free,GAFAM,8,16,10,2023,hop,10 nodes,0,tps_positive_commit,TPS,average_throughput,tps_point_valid_positive_commit,13,13,0,0,0,13,11.192307692307692,6.5,14.2,9.7,13.3,2.5174264433019484,3.6000000000000014,32.16494845360826,22.49246994015487,-4.692307692307692,3.0076923076923077,-41.92439862542955,26.872852233676976,7.699999999999999,4.692307692307692,41.92439862542955
Ethereum,scale-free,GAFAM,8,16,10,2023,hop,10 nodes,0,latency_positive_commit,s,average_latency,latency_valid_positive_commit,13,13,0,0,0,13,84.35846153846153,70.41,94.05,77.88,93.25,8.949085471109926,15.370000000000005,18.219867597979327,10.60840288917523,-13.94846153846153,9.691538461538471,-16.534750971130514,11.488519687049783,23.64,13.94846153846153,16.534750971130514
Ethereum,scale-free,GAFAM,8,16,10,2023,hop,10 nodes,0,energy_observed,kWh,energy,energy_valid_observed,13,13,0,0,0,13,14.292859740896564,12.077763050085318,16.589242553028726,12.516954107900672,16.384473095892,1.7939738505447178,3.86751898799133,27.059098445674163,12.551538901704673,-2.2150966908112455,2.296382812132162,-15.497925054655974,16.066643441280384,4.511479502943407,2.296382812132162,16.066643441280384
Ethereum,scale-free,GAFAM,8,16,10,2023,hop,10 nodes,0,energy_positive_commit,kWh,energy,energy_valid_positive_commit,13,13,0,0,0,13,14.292859740896564,12.077763050085318,16.589242553028726,12.516954107900672,16.384473095892,1.7939738505447178,3.86751898799133,27.059098445674163,12.551538901704673,-2.2150966908112455,2.296382812132162,-15.497925054655974,16.066643441280384,4.511479502943407,2.296382812132162,16.066643441280384
Ethereum,scale-free,GAFAM,8,16,10,2023,hop,40 nodes,0,tps_positive_commit,TPS,average_throughput,tps_point_valid_positive_commit,13,13,0,0,0,13,10.592307692307692,7.3,15.9,9.2,11.8,2.2130151145972543,2.6000000000000014,24.546114742193186,20.89266266504307,-3.292307692307692,5.307692307692308,-31.082062454611474,50.10893246187364,8.600000000000001,5.307692307692308,50.10893246187364
Ethereum,scale-free,GAFAM,8,16,10,2023,hop,40 nodes,0,latency_positive_commit,s,average_latency,latency_valid_positive_commit,13,13,0,0,0,13,89.1676923076923,79.6,99.07,87.04,91.74,5.520656896067945,4.699999999999989,5.270967407995294,6.191319695723123,-9.567692307692312,9.902307692307687,-10.729998792249699,11.105264065977668,19.47,9.902307692307687,11.105264065977668
Ethereum,scale-free,GAFAM,8,16,10,2023,hop,40 nodes,0,energy_observed,kWh,energy,energy_valid_observed,13,13,0,0,0,13,15.382067227079117,12.010197960686709,18.663846536794484,14.410846896380663,16.295216300529184,1.8374283417246116,1.8843694041485204,12.250430168652573,11.945262717939107,-3.371869266392409,3.2817793097153665,-21.920780975761534,21.335099250756166,6.653648576107775,3.371869266392409,21.920780975761534
Ethereum,scale-free,GAFAM,8,16,10,2023,hop,40 nodes,0,energy_positive_commit,kWh,energy,energy_valid_positive_commit,13,13,0,0,0,13,15.382067227079117,12.010197960686709,18.663846536794484,14.410846896380663,16.295216300529184,1.8374283417246116,1.8843694041485204,12.250430168652573,11.945262717939107,-3.371869266392409,3.2817793097153665,-21.920780975761534,21.335099250756166,6.653648576107775,3.371869266392409,21.920780975761534
Ethereum,scale-free,Gaming,8,16,10,2023,hop,10 nodes,0,tps_positive_commit,TPS,average_throughput,tps_point_valid_positive_commit,13,13,0,0,0,13,0.7384615384615384,0.1,1.4,0.6,0.8,0.32796966714027465,0.20000000000000007,27.083333333333346,44.41255909191219,-0.6384615384615384,0.6615384615384615,-86.45833333333333,89.58333333333333,1.2999999999999998,0.6615384615384615,89.58333333333333
Ethereum,scale-free,Gaming,8,16,10,2023,hop,10 nodes,0,latency_positive_commit,s,average_latency,latency_valid_positive_commit,13,13,0,0,0,13,58.309230769230766,9.22,88.13,50.32,76.64,25.11527339473548,26.32,45.13865069523232,43.0725514012244,-49.08923076923077,29.82076923076923,-84.18775230205007,51.14245006728055,78.91,49.08923076923077,84.18775230205007
Ethereum,scale-free,Gaming,8,16,10,2023,hop,10 nodes,0,energy_observed,kWh,energy,energy_valid_observed,13,13,0,0,0,13,21.21850518420555,16.46765288466971,24.266490991060994,20.27332968211109,22.119694491378613,2.039115553713206,1.8463648092675236,8.701672399815916,9.61008108729104,-4.75085229953584,3.0479858068554435,-22.390136620331948,14.364752749521099,7.798838106391283,4.75085229953584,22.390136620331948
Ethereum,scale-free,Gaming,8,16,10,2023,hop,10 nodes,0,energy_positive_commit,kWh,energy,energy_valid_positive_commit,13,13,0,0,0,13,21.21850518420555,16.46765288466971,24.266490991060994,20.27332968211109,22.119694491378613,2.039115553713206,1.8463648092675236,8.701672399815916,9.61008108729104,-4.75085229953584,3.0479858068554435,-22.390136620331948,14.364752749521099,7.798838106391283,4.75085229953584,22.390136620331948
Ethereum,scale-free,Gaming,8,16,10,2023,hop,40 nodes,0,tps_positive_commit,TPS,average_throughput,tps_point_valid_positive_commit,13,13,0,0,0,13,1.0153846153846156,0.6,1.4,0.9,1.2,0.2303842943364913,0.29999999999999993,29.545454545454533,22.689362321018077,-0.4153846153846156,0.38461538461538436,-40.90909090909092,37.87878787878785,0.7999999999999999,0.4153846153846156,40.90909090909092
Ethereum,scale-free,Gaming,8,16,10,2023,hop,40 nodes,0,latency_positive_commit,s,average_latency,latency_valid_positive_commit,13,13,0,0,0,13,79.58615384615385,55.62,101.88,74.55,86.76,13.180931642883177,12.210000000000008,15.341864645956981,16.5618402270864,-23.96615384615385,22.293846153846147,-30.113471612766045,28.012217045871907,46.26,23.96615384615385,30.113471612766045
Ethereum,scale-free,Gaming,8,16,10,2023,hop,40 nodes,0,energy_observed,kWh,energy,energy_valid_observed,13,13,0,0,0,13,19.98603325617717,15.16671034735573,24.10050799811017,18.03096153228773,22.125313220621976,2.828235990035862,4.094351688334246,20.48606462249725,14.151062163182015,-4.819322908821439,4.114474741933002,-24.11345386574852,20.58675020297649,8.93379765075444,4.819322908821439,24.11345386574852
Ethereum,scale-free,Gaming,8,16,10,2023,hop,40 nodes,0,energy_positive_commit,kWh,energy,energy_valid_positive_commit,13,13,0,0,0,13,19.98603325617717,15.16671034735573,24.10050799811017,18.03096153228773,22.125313220621976,2.828235990035862,4.094351688334246,20.48606462249725,14.151062163182015,-4.819322908821439,4.114474741933002,-24.11345386574852,20.58675020297649,8.93379765075444,4.819322908821439,24.11345386574852
Ethereum,scale-free,PayPal,8,16,10,2023,hop,10 nodes,0,tps_positive_commit,TPS,average_throughput,tps_point_valid_positive_commit,13,13,0,0,0,13,13.053846153846154,9.0,15.0,12.1,14.2,1.7524342044783427,2.0999999999999996,16.087212728344134,13.424658018985536,-4.053846153846154,1.9461538461538463,-31.05480259281084,14.908662345315264,6.0,4.053846153846154,31.05480259281084
Ethereum,scale-free,PayPal,8,16,10,2023,hop,10 nodes,0,latency_positive_commit,s,average_latency,latency_valid_positive_commit,13,13,0,0,0,13,146.24923076923076,125.79,194.18,131.34,148.04,21.0208109031417,16.69999999999999,11.418863478571872,14.37327963544014,-20.459230769230757,47.93076923076924,-13.989291199427734,32.77334792030466,68.39,47.93076923076924,32.77334792030466
Ethereum,scale-free,PayPal,8,16,10,2023,hop,10 nodes,0,energy_observed,kWh,energy,energy_valid_observed,13,13,0,0,0,13,22.931617143288296,17.031398360859942,27.53272201915991,22.084002312467916,24.52685140153067,2.719671484092167,2.4428490890627543,10.652755424088072,11.859920157825286,-5.900218782428354,4.601104875871613,-25.7296236264578,20.06445880864656,10.501323658299967,5.900218782428354,25.7296236264578
Ethereum,scale-free,PayPal,8,16,10,2023,hop,10 nodes,0,energy_positive_commit,kWh,energy,energy_valid_positive_commit,13,13,0,0,0,13,22.931617143288296,17.031398360859942,27.53272201915991,22.084002312467916,24.52685140153067,2.719671484092167,2.4428490890627543,10.652755424088072,11.859920157825286,-5.900218782428354,4.601104875871613,-25.7296236264578,20.06445880864656,10.501323658299967,5.900218782428354,25.7296236264578
Ethereum,scale-free,PayPal,8,16,10,2023,hop,40 nodes,0,tps_positive_commit,TPS,average_throughput,tps_point_valid_positive_commit,13,13,0,0,0,13,8.561538461538463,8.0,9.0,8.4,8.8,0.3202563076101744,0.40000000000000036,4.672057502246185,3.7406397115294396,-0.5615384615384631,0.4384615384615369,-6.558849955076387,5.121293800539064,1.0,0.5615384615384631,6.558849955076387
Ethereum,scale-free,PayPal,8,16,10,2023,hop,40 nodes,0,latency_positive_commit,s,average_latency,latency_valid_positive_commit,13,13,0,0,0,13,127.33999999999999,116.16,137.05,123.98,131.28,6.217711261656764,7.299999999999997,5.732684152662163,4.8827636733601105,-11.179999999999993,9.710000000000022,-8.77964504476205,7.625255222239692,20.890000000000015,11.179999999999993,8.77964504476205
Ethereum,scale-free,PayPal,8,16,10,2023,hop,40 nodes,0,energy_observed,kWh,energy,energy_valid_observed,13,13,0,0,0,13,21.124438348596414,14.208874020876973,23.619052351529707,19.98933554820341,22.987146177258246,2.7443843142930544,2.997810629054836,14.19119684786328,12.991513757691937,-6.915564327719441,2.494614002933293,-32.737269571850824,11.809137652642226,9.410178330652734,6.915564327719441,32.737269571850824
Ethereum,scale-free,PayPal,8,16,10,2023,hop,40 nodes,0,energy_positive_commit,kWh,energy,energy_valid_positive_commit,13,13,0,0,0,13,21.124438348596414,14.208874020876973,23.619052351529707,19.98933554820341,22.987146177258246,2.7443843142930544,2.997810629054836,14.19119684786328,12.991513757691937,-6.915564327719441,2.494614002933293,-32.737269571850824,11.809137652642226,9.410178330652734,6.915564327719441,32.737269571850824
Ethereum,scale-free,VISA,8,16,10,2023,hop,10 nodes,0,tps_positive_commit,TPS,average_throughput,tps_point_valid_positive_commit,13,13,0,0,0,13,15.49230769230769,9.1,18.2,14.6,17.0,2.389721580178166,2.4000000000000004,15.491559086395236,15.425213774734937,-6.392307692307691,2.7076923076923087,-41.261171797418065,17.477656405163863,9.1,6.392307692307691,41.261171797418065
Ethereum,scale-free,VISA,8,16,10,2023,hop,10 nodes,0,latency_positive_commit,s,average_latency,latency_valid_positive_commit,13,13,0,0,0,13,151.11384615384617,134.07,197.63,144.37,150.59,15.654229747079828,6.219999999999999,4.116101971005048,10.359229247029125,-17.043846153846175,46.51615384615383,-11.278811695715929,30.782191725036636,63.56,46.51615384615383,30.782191725036636
Ethereum,scale-free,VISA,8,16,10,2023,hop,10 nodes,0,energy_observed,kWh,energy,energy_valid_observed,13,13,0,0,0,13,22.29148522483075,19.191620461022936,27.83202490879692,20.664348668326834,23.33567579870125,2.77993783953918,2.671327130374415,11.983621115558472,12.470850692544136,-3.0998647638078154,5.54053968396617,-13.906048576587615,24.854959766406665,8.640404447773985,5.54053968396617,24.854959766406665
Ethereum,scale-free,VISA,8,16,10,2023,hop,10 nodes,0,energy_positive_commit,kWh,energy,energy_valid_positive_commit,13,13,0,0,0,13,22.29148522483075,19.191620461022936,27.83202490879692,20.664348668326834,23.33567579870125,2.77993783953918,2.671327130374415,11.983621115558472,12.470850692544136,-3.0998647638078154,5.54053968396617,-13.906048576587615,24.854959766406665,8.640404447773985,5.54053968396617,24.854959766406665
Ethereum,scale-free,VISA,8,16,10,2023,hop,40 nodes,0,tps_positive_commit,TPS,average_throughput,tps_point_valid_positive_commit,13,13,0,0,0,13,11.123076923076924,9.5,12.7,10.6,11.7,0.9248007408390251,1.0999999999999996,9.889349930843704,8.314252856782382,-1.6230769230769244,1.5769230769230749,-14.591977869986179,14.177040110650049,3.1999999999999993,1.6230769230769244,14.591977869986179
Ethereum,scale-free,VISA,8,16,10,2023,hop,40 nodes,0,latency_positive_commit,s,average_latency,latency_valid_positive_commit,13,13,0,0,0,13,124.98461538461538,114.05,135.5,119.91,133.35,7.5621200900547905,13.439999999999998,10.753323485967503,6.050440741673578,-10.934615384615384,10.515384615384619,-8.748769079271295,8.413343180699165,21.450000000000003,10.934615384615384,8.748769079271295
Ethereum,scale-free,VISA,8,16,10,2023,hop,40 nodes,0,energy_observed,kWh,energy,energy_valid_observed,13,13,0,0,0,13,23.888927768755707,15.65769570174464,30.884313662127163,19.76844697256672,26.71833921463292,4.44319904460816,6.949892242066198,29.092524827154243,18.599407590069458,-8.231232067011067,6.995385893371456,-34.45626420193159,29.28296305755803,15.226617960382523,8.231232067011067,34.45626420193159
Ethereum,scale-free,VISA,8,16,10,2023,hop,40 nodes,0,energy_positive_commit,kWh,energy,energy_valid_positive_commit,13,13,0,0,0,13,23.888927768755707,15.65769570174464,30.884313662127163,19.76844697256672,26.71833921463292,4.44319904460816,6.949892242066198,29.092524827154243,18.599407590069458,-8.231232067011067,6.995385893371456,-34.45626420193159,29.28296305755803,15.226617960382523,8.231232067011067,34.45626420193159
Ethereum,torus,DDoS,8,16,10,2023,hop,10 nodes,0,tps_positive_commit,TPS,average_throughput,tps_point_valid_positive_commit,14,14,0,0,0,14,10.485714285714284,1.1,19.8,4.075,16.375,6.558946578512454,12.3,117.30245231607631,62.551261647938944,-9.385714285714284,9.314285714285717,-89.50953678474114,88.82833787465944,18.7,9.385714285714284,89.50953678474114
Ethereum,torus,DDoS,8,16,10,2023,hop,10 nodes,0,latency_positive_commit,s,average_latency,latency_valid_positive_commit,14,14,0,0,0,14,54.922142857142866,23.15,112.34,39.32,52.3075,27.647256416553113,12.987499999999997,23.64711084522245,50.33899804030947,-31.772142857142867,57.41785714285714,-57.84942320947836,104.5440948875681,89.19,57.41785714285714,104.5440948875681
Ethereum,torus,DDoS,8,16,10,2023,hop,10 nodes,0,energy_observed,kWh,energy,energy_valid_observed,14,14,0,0,0,14,10.364140282579994,8.574810521144276,12.33020034608364,9.434759321518044,11.420734953412666,1.228374111062587,1.9859756318946218,19.161991035885936,11.852156354224897,-1.7893297614357184,1.9660600635036456,-17.264623139492013,18.969832614174393,3.755389824939364,1.9660600635036456,18.969832614174393
Ethereum,torus,DDoS,8,16,10,2023,hop,10 nodes,0,energy_positive_commit,kWh,energy,energy_valid_positive_commit,14,14,0,0,0,14,10.364140282579994,8.574810521144276,12.33020034608364,9.434759321518044,11.420734953412666,1.228374111062587,1.9859756318946218,19.161991035885936,11.852156354224897,-1.7893297614357184,1.9660600635036456,-17.264623139492013,18.969832614174393,3.755389824939364,1.9660600635036456,18.969832614174393
Ethereum,torus,DDoS,8,16,10,2023,hop,40 nodes,0,tps_positive_commit,TPS,average_throughput,tps_point_valid_positive_commit,13,13,0,0,0,13,11.207692307692309,7.7,15.9,9.6,12.8,2.4787300305000066,3.200000000000001,28.55181880576528,22.116328343514127,-3.5076923076923086,4.692307692307692,-31.29718599862732,41.86684969114618,8.2,4.692307692307692,41.86684969114618
Ethereum,torus,DDoS,8,16,10,2023,hop,40 nodes,0,latency_positive_commit,s,average_latency,latency_valid_positive_commit,13,13,0,0,0,13,55.51769230769231,49.32,62.92,53.76,56.76,3.54457838077195,3.0,5.403682817674199,6.384592430692274,-6.197692307692307,7.402307692307694,-11.16345447743616,13.33324096268688,13.600000000000001,7.402307692307694,13.33324096268688
Ethereum,torus,DDoS,8,16,10,2023,hop,40 nodes,0,energy_observed,kWh,energy,energy_valid_observed,13,13,0,0,0,13,10.310358667782644,7.569895388676973,13.310873546665649,9.478721169287995,11.361278880656984,1.6991859410356642,1.8825577113689889,18.258896436372506,16.48037663660728,-2.740463279105671,3.0005148788830045,-26.57970849907434,29.101944709827425,5.740978157988676,3.0005148788830045,29.101944709827425
Ethereum,torus,DDoS,8,16,10,2023,hop,40 nodes,0,energy_positive_commit,kWh,energy,energy_valid_positive_commit,13,13,0,0,0,13,10.310358667782644,7.569895388676973,13.310873546665649,9.478721169287995,11.361278880656984,1.6991859410356642,1.8825577113689889,18.258896436372506,16.48037663660728,-2.740463279105671,3.0005148788830045,-26.57970849907434,29.101944709827425,5.740978157988676,3.0005148788830045,29.101944709827425
Ethereum,torus,FIFA,8,16,10,2023,hop,10 nodes,0,tps_positive_commit,TPS,average_throughput,tps_point_valid_positive_commit,16,16,0,0,0,16,2.90625,1.1,5.3,1.775,4.275,1.5053100455830795,2.5000000000000004,86.02150537634411,51.795614471675854,-1.80625,2.39375,-62.1505376344086,82.36559139784946,4.199999999999999,2.39375,82.36559139784946
Ethereum,torus,FIFA,8,16,10,2023,hop,10 nodes,0,latency_positive_commit,s,average_latency,latency_valid_positive_commit,16,16,0,0,0,16,12.844375,5.04,27.47,7.86,16.6175,5.836342426268927,8.7575,68.18159700257895,45.43889777641129,-7.804374999999999,14.625625,-60.761033526349074,113.86793829983942,22.43,14.625625,113.86793829983942
Ethereum,torus,FIFA,8,16,10,2023,hop,10 nodes,0,energy_observed,kWh,energy,energy_valid_observed,16,16,0,0,0,16,8.917134633521984,7.405581760500407,10.25676377506822,8.160430346988777,9.606501900547755,0.9358708929198026,1.446071553558978,16.216773806720308,10.495197520082339,-1.5115528730215768,1.3396291415462365,-16.951105205244183,15.023089777182447,2.8511820145678133,1.5115528730215768,16.951105205244183
Ethereum,torus,FIFA,8,16,10,2023,hop,10 nodes,0,energy_positive_commit,kWh,energy,energy_valid_positive_commit,16,16,0,0,0,16,8.917134633521984,7.405581760500407,10.25676377506822,8.160430346988777,9.606501900547755,0.9358708929198026,1.446071553558978,16.216773806720308,10.495197520082339,-1.5115528730215768,1.3396291415462365,-16.951105205244183,15.023089777182447,2.8511820145678133,1.5115528730215768,16.951105205244183
Ethereum,torus,FIFA,8,16,10,2023,hop,40 nodes,0,tps_positive_commit,TPS,average_throughput,tps_point_valid_positive_commit,13,13,0,0,0,13,4.038461538461538,2.0,7.7,3.3,4.6,1.6266214789856417,1.2999999999999998,32.19047619047618,40.278246146311126,-2.0384615384615383,3.661538461538462,-50.476190476190474,90.66666666666667,5.7,3.661538461538462,90.66666666666667
Ethereum,torus,FIFA,8,16,10,2023,hop,40 nodes,0,latency_positive_commit,s,average_latency,latency_valid_positive_commit,13,13,0,0,0,13,18.842307692307692,8.62,27.95,15.77,24.06,5.9068634568132605,8.29,43.99673402735252,31.34893853381196,-10.222307692307693,9.107692307692307,-54.251888140436826,48.336395182690346,19.33,10.222307692307693,54.251888140436826
Ethereum,torus,FIFA,8,16,10,2023,hop,40 nodes,0,energy_observed,kWh,energy,energy_valid_observed,13,13,0,0,0,13,9.362507458282842,7.325404322965483,11.142291974949089,8.266772455129184,10.557458577689616,1.3276281753598747,2.290686122560432,24.466587960193326,14.180262939981382,-2.037103135317359,1.779784516666247,-21.758093591852585,19.009699320364263,3.816887651983606,2.037103135317359,21.758093591852585
Ethereum,torus,FIFA,8,16,10,2023,hop,40 nodes,0,energy_positive_commit,kWh,energy,energy_valid_positive_commit,13,13,0,0,0,13,9.362507458282842,7.325404322965483,11.142291974949089,8.266772455129184,10.557458577689616,1.3276281753598747,2.290686122560432,24.466587960193326,14.180262939981382,-2.037103135317359,1.779784516666247,-21.758093591852585,19.009699320364263,3.816887651983606,2.037103135317359,21.758093591852585
Ethereum,torus,GAFAM,8,16,10,2023,hop,10 nodes,0,tps_positive_commit,TPS,average_throughput,tps_point_valid_positive_commit,15,15,0,0,0,15,9.813333333333334,6.5,16.3,8.95,10.05,2.182026144490046,1.1000000000000014,11.209239130434796,22.23532076586324,-3.3133333333333344,6.486666666666666,-33.76358695652174,66.10054347826086,9.8,6.486666666666666,66.10054347826086
Ethereum,torus,GAFAM,8,16,10,2023,hop,10 nodes,0,latency_positive_commit,s,average_latency,latency_valid_positive_commit,15,15,0,0,0,15,93.574,83.71,104.74,86.9,98.125,7.016775612772579,11.224999999999994,11.995853549062769,7.498638096877957,-9.864000000000004,11.165999999999997,-10.541389702267729,11.932801846666806,21.03,11.165999999999997,11.932801846666806
Ethereum,torus,GAFAM,8,16,10,2023,hop,10 nodes,0,energy_observed,kWh,energy,energy_valid_observed,15,15,0,0,0,15,13.878271218879512,8.724575641284817,17.90535514921804,11.788087716782718,16.663226929237744,2.9674713025558397,4.875139212455027,35.127856600922016,21.382139430442866,-5.153695577594695,4.027083930338527,-37.13499683291813,29.017187132502674,9.180779507933222,5.153695577594695,37.13499683291813
Ethereum,torus,GAFAM,8,16,10,2023,hop,10 nodes,0,energy_positive_commit,kWh,energy,energy_valid_positive_commit,15,15,0,0,0,15,13.878271218879512,8.724575641284817,17.90535514921804,11.788087716782718,16.663226929237744,2.9674713025558397,4.875139212455027,35.127856600922016,21.382139430442866,-5.153695577594695,4.027083930338527,-37.13499683291813,29.017187132502674,9.180779507933222,5.153695577594695,37.13499683291813
Ethereum,torus,GAFAM,8,16,10,2023,hop,40 nodes,0,tps_positive_commit,TPS,average_throughput,tps_point_valid_positive_commit,13,13,0,0,0,13,8.223076923076924,6.8,10.0,7.4,8.7,1.0141941350598236,1.299999999999999,15.809167446211397,12.33351146471254,-1.4230769230769242,1.776923076923076,-17.30589335827878,21.60898035547239,3.2,1.776923076923076,21.60898035547239
Ethereum,torus,GAFAM,8,16,10,2023,hop,40 nodes,0,latency_positive_commit,s,average_latency,latency_valid_positive_commit,13,13,0,0,0,13,91.4530769230769,75.48,99.74,89.1,95.56,6.045655995031177,6.460000000000008,7.063731716138593,6.61066439581503,-15.973076923076903,8.286923076923088,-17.465871527222852,9.061393400566928,24.25999999999999,15.973076923076903,17.465871527222852
Ethereum,torus,GAFAM,8,16,10,2023,hop,40 nodes,0,energy_observed,kWh,energy,energy_valid_observed,13,13,0,0,0,13,15.148020783927425,13.38039376219487,17.45502468485036,13.912026022093649,16.079041432018517,1.28877243146457,2.1670154099248684,14.305600981378022,8.507860200667286,-1.7676270217325545,2.307003900922936,-11.66902955142541,15.229738154114148,4.074630922655491,2.307003900922936,15.229738154114148
Ethereum,torus,GAFAM,8,16,10,2023,hop,40 nodes,0,energy_positive_commit,kWh,energy,energy_valid_positive_commit,13,13,0,0,0,13,15.148020783927425,13.38039376219487,17.45502468485036,13.912026022093649,16.079041432018517,1.28877243146457,2.1670154099248684,14.305600981378022,8.507860200667286,-1.7676270217325545,2.307003900922936,-11.66902955142541,15.229738154114148,4.074630922655491,2.307003900922936,15.229738154114148
Ethereum,torus,Gaming,8,16,10,2023,hop,10 nodes,0,tps_positive_commit,TPS,average_throughput,tps_point_valid_positive_commit,15,14,0,1,0,14,0.6428571428571429,0.2,1.0,0.4,0.8,0.2622807823520602,0.4,62.222222222222214,40.799232810320476,-0.4428571428571429,0.3571428571428571,-68.8888888888889,55.55555555555554,0.8,0.4428571428571429,68.8888888888889
Ethereum,torus,Gaming,8,16,10,2023,hop,10 nodes,0,latency_positive_commit,s,average_latency,latency_valid_positive_commit,15,14,0,1,0,14,53.870000000000005,18.74,84.59,37.85,65.7925,18.85262356767926,27.942500000000003,51.87024317802116,34.99651673970532,-35.13000000000001,30.72,-65.21254872842029,57.02617412288843,65.85000000000001,35.13000000000001,65.21254872842029
Ethereum,torus,Gaming,8,16,10,2023,hop,10 nodes,0,energy_observed,kWh,energy,energy_valid_observed,15,14,0,1,0,15,20.430334453274373,17.254242167255573,23.83966960253748,18.61943919115342,22.520492250107118,2.2977652750919253,3.9010530589537,19.094416040401516,11.246831422887755,-3.1760922860188003,3.409335149263107,-15.545963250297,16.687613005359747,6.5854274352819075,3.409335149263107,16.687613005359747
Ethereum,torus,Gaming,8,16,10,2023,hop,10 nodes,0,energy_positive_commit,kWh,energy,energy_valid_positive_commit,15,14,0,1,0,14,20.45491628909281,17.254242167255573,23.83966960253748,18.388343695533344,22.52213544123247,2.38245603131424,4.133791745699128,20.209282146529205,11.647351656895504,-3.2006741218372383,3.3847533134446692,-15.64745646768516,16.547382866824652,6.5854274352819075,3.3847533134446692,16.547382866824652
Ethereum,torus,Gaming,8,16,10,2023,hop,40 nodes,0,tps_positive_commit,TPS,average_throughput,tps_point_valid_positive_commit,13,13,0,0,0,13,0.8692307692307693,0.4,1.1,0.8,1.0,0.2056883378018606,0.19999999999999996,23.00884955752212,23.66326010109901,-0.46923076923076923,0.23076923076923084,-53.98230088495575,26.54867256637169,0.7000000000000001,0.46923076923076923,53.98230088495575
Ethereum,torus,Gaming,8,16,10,2023,hop,40 nodes,0,latency_positive_commit,s,average_latency,latency_valid_positive_commit,13,13,0,0,0,13,86.88538461538464,35.61,105.68,81.94,98.65,20.839296859293107,16.710000000000008,19.232233446361704,23.98481281005129,-51.27538461538464,18.79461538461537,-59.014971093660094,21.631503926481372,70.07000000000001,51.27538461538464,59.014971093660094
Ethereum,torus,Gaming,8,16,10,2023,hop,40 nodes,0,energy_observed,kWh,energy,energy_valid_observed,13,13,0,0,0,13,20.71936382805605,17.37157618786301,23.98650942725113,19.900253844274925,21.22402162481745,1.9358576926868947,1.323767780542525,6.389036804064484,9.343229400053072,-3.34778764019304,3.2671455991950786,-16.157772352352865,15.768561362733749,6.614933239388119,3.34778764019304,16.157772352352865
Ethereum,torus,Gaming,8,16,10,2023,hop,40 nodes,0,energy_positive_commit,kWh,energy,energy_valid_positive_commit,13,13,0,0,0,13,20.71936382805605,17.37157618786301,23.98650942725113,19.900253844274925,21.22402162481745,1.9358576926868947,1.323767780542525,6.389036804064484,9.343229400053072,-3.34778764019304,3.2671455991950786,-16.157772352352865,15.768561362733749,6.614933239388119,3.34778764019304,16.157772352352865
Ethereum,torus,PayPal,8,16,10,2023,hop,10 nodes,0,tps_positive_commit,TPS,average_throughput,tps_point_valid_positive_commit,15,15,0,0,0,15,11.8,8.2,13.2,11.0,12.8,1.2889641466808033,1.8000000000000007,15.254237288135597,10.923424971871214,-3.6000000000000014,1.3999999999999986,-30.508474576271194,11.864406779661005,5.0,3.6000000000000014,30.508474576271194
Ethereum,torus,PayPal,8,16,10,2023,hop,10 nodes,0,latency_positive_commit,s,average_latency,latency_valid_positive_commit,15,15,0,0,0,15,140.784,126.04,185.87,128.975,147.845,16.539230332757324,18.870000000000005,13.403511762700312,11.747947446270404,-14.743999999999986,45.08600000000001,-10.472780997840653,32.02494601659281,59.83,45.08600000000001,32.02494601659281
Ethereum,torus,PayPal,8,16,10,2023,hop,10 nodes,0,energy_observed,kWh,energy,energy_valid_observed,15,15,0,0,0,15,23.89835211617002,16.32882553178644,32.02393130639344,21.524831328621524,26.294733748539777,4.2161141276427685,4.769902419918253,19.95912687507378,17.641861276242874,-7.569526584383581,8.125579190223423,-31.67384323232025,34.00058359976009,15.695105774607004,8.125579190223423,34.00058359976009
Ethereum,torus,PayPal,8,16,10,2023,hop,10 nodes,0,energy_positive_commit,kWh,energy,energy_valid_positive_commit,15,15,0,0,0,15,23.89835211617002,16.32882553178644,32.02393130639344,21.524831328621524,26.294733748539777,4.2161141276427685,4.769902419918253,19.95912687507378,17.641861276242874,-7.569526584383581,8.125579190223423,-31.67384323232025,34.00058359976009,15.695105774607004,8.125579190223423,34.00058359976009
Ethereum,torus,PayPal,8,16,10,2023,hop,40 nodes,0,tps_positive_commit,TPS,average_throughput,tps_point_valid_positive_commit,13,13,0,0,0,13,8.238461538461538,8.0,8.7,8.0,8.3,0.25012817227194245,0.3000000000000007,3.641456582633062,3.036102931405464,-0.23846153846153761,0.4615384615384617,-2.8944911297852376,5.602240896358546,0.6999999999999993,0.4615384615384617,5.602240896358546
Ethereum,torus,PayPal,8,16,10,2023,hop,40 nodes,0,latency_positive_commit,s,average_latency,latency_valid_positive_commit,13,13,0,0,0,13,133.21923076923076,126.49,139.9,130.0,136.5,4.050097656309171,6.5,4.879175448220112,3.040174930393465,-6.729230769230767,6.6807692307692434,-5.0512457776366295,5.014868493229793,13.41000000000001,6.729230769230767,5.0512457776366295
Ethereum,torus,PayPal,8,16,10,2023,hop,40 nodes,0,energy_observed,kWh,energy,energy_valid_observed,13,13,0,0,0,13,22.13686574752701,15.202483301961797,26.65627863666699,20.20989916537017,25.220496706313995,3.3034661821104465,5.010597540943824,22.634629482286016,14.922917362316698,-6.934382445565214,4.5194128891399785,-31.32504178618818,20.41577584055619,11.453795334705193,6.934382445565214,31.32504178618818
Ethereum,torus,PayPal,8,16,10,2023,hop,40 nodes,0,energy_positive_commit,kWh,energy,energy_valid_positive_commit,13,13,0,0,0,13,22.13686574752701,15.202483301961797,26.65627863666699,20.20989916537017,25.220496706313995,3.3034661821104465,5.010597540943824,22.634629482286016,14.922917362316698,-6.934382445565214,4.5194128891399785,-31.32504178618818,20.41577584055619,11.453795334705193,6.934382445565214,31.32504178618818
Ethereum,torus,VISA,8,16,10,2023,hop,10 nodes,0,tps_positive_commit,TPS,average_throughput,tps_point_valid_positive_commit,15,15,0,0,0,15,13.706666666666669,11.9,17.5,12.45,14.65,1.6841558575087263,2.200000000000001,16.050583657587556,12.287129310618138,-1.8066666666666684,3.7933333333333312,-13.18093385214009,27.675097276264573,5.6,3.7933333333333312,27.675097276264573
Ethereum,torus,VISA,8,16,10,2023,hop,10 nodes,0,latency_positive_commit,s,average_latency,latency_valid_positive_commit,15,15,0,0,0,15,151.2473333333333,129.38,186.3,141.07999999999998,155.39499999999998,15.725083450456141,14.314999999999998,9.464629679421346,10.39693269553368,-21.867333333333306,35.05266666666671,-14.457995953647654,23.175725412238705,56.920000000000016,35.05266666666671,23.175725412238705
Ethereum,torus,VISA,8,16,10,2023,hop,10 nodes,0,energy_observed,kWh,energy,energy_valid_observed,15,15,0,0,0,15,21.8539163160693,18.53000521616082,27.23154210298374,20.800077102039232,23.065568997691074,2.2820696941847847,2.2654918956518415,10.366525902664016,10.44238323776671,-3.3239110999084787,5.377625786914443,-15.209681650809607,24.60714916785989,8.701536886822922,5.377625786914443,24.60714916785989
Ethereum,torus,VISA,8,16,10,2023,hop,10 nodes,0,energy_positive_commit,kWh,energy,energy_valid_positive_commit,15,15,0,0,0,15,21.8539163160693,18.53000521616082,27.23154210298374,20.800077102039232,23.065568997691074,2.2820696941847847,2.2654918956518415,10.366525902664016,10.44238323776671,-3.3239110999084787,5.377625786914443,-15.209681650809607,24.60714916785989,8.701536886822922,5.377625786914443,24.60714916785989
Ethereum,torus,VISA,8,16,10,2023,hop,40 nodes,0,tps_positive_commit,TPS,average_throughput,tps_point_valid_positive_commit,13,13,0,0,0,13,9.215384615384616,8.7,9.8,8.9,9.5,0.35787836352163443,0.5999999999999996,6.510851419031715,3.883488084959305,-0.5153846153846171,0.5846153846153843,-5.592654424040085,6.343906510851415,1.1000000000000014,0.5846153846153843,6.343906510851415
Ethereum,torus,VISA,8,16,10,2023,hop,40 nodes,0,latency_positive_commit,s,average_latency,latency_valid_positive_commit,13,13,0,0,0,13,131.51538461538462,114.79,150.89,121.52,139.7,11.377498711187659,18.179999999999993,13.82347780312335,8.651078156719867,-16.725384615384613,19.374615384615367,-12.717435807451597,14.73182429666022,36.09999999999998,19.374615384615367,14.73182429666022
Ethereum,torus,VISA,8,16,10,2023,hop,40 nodes,0,energy_observed,kWh,energy,energy_valid_observed,13,13,0,0,0,13,22.41213288126699,16.977223876802537,27.186256688753883,19.56150393596401,24.692657503482764,3.2546277742427674,5.131153567518755,22.894534824963447,14.521722637844624,-5.434909004464455,4.774123807486891,-24.249851780091763,21.301514821364037,10.209032811951346,5.434909004464455,24.249851780091763
Ethereum,torus,VISA,8,16,10,2023,hop,40 nodes,0,energy_positive_commit,kWh,energy,energy_valid_positive_commit,13,13,0,0,0,13,22.41213288126699,16.977223876802537,27.186256688753883,19.56150393596401,24.692657503482764,3.2546277742427674,5.131153567518755,22.894534824963447,14.521722637844624,-5.434909004464455,4.774123807486891,-24.249851780091763,21.301514821364037,10.209032811951346,5.434909004464455,24.249851780091763
Quorum,fat-tree,DDoS,8,16,10,2023,hop,10 nodes,0,tps_positive_commit,TPS,average_throughput,tps_point_valid_positive_commit,13,0,13,0,0,0,,,,,,,,,,,,,,,,
Quorum,fat-tree,DDoS,8,16,10,2023,hop,10 nodes,0,latency_positive_commit,s,average_latency,latency_valid_positive_commit,13,0,13,0,0,0,,,,,,,,,,,,,,,,
Quorum,fat-tree,DDoS,8,16,10,2023,hop,10 nodes,0,energy_observed,kWh,energy,energy_valid_observed,13,0,13,0,0,13,10.37502535806968,6.474761435937384,13.181768633018216,9.74616912477786,11.118131451617282,1.882163978470097,1.371962326839423,13.223700950015632,18.14129521144883,-3.9002639221322957,2.806743274948536,-37.592813391040785,27.052881107085245,6.707007197080832,3.9002639221322957,37.592813391040785
Quorum,fat-tree,DDoS,8,16,10,2023,hop,10 nodes,0,energy_positive_commit,kWh,energy,energy_valid_positive_commit,13,0,13,0,0,0,,,,,,,,,,,,,,,,
Quorum,fat-tree,DDoS,8,16,10,2023,hop,40 nodes,0,tps_positive_commit,TPS,average_throughput,tps_point_valid_positive_commit,13,0,13,0,0,0,,,,,,,,,,,,,,,,
Quorum,fat-tree,DDoS,8,16,10,2023,hop,40 nodes,0,latency_positive_commit,s,average_latency,latency_valid_positive_commit,13,0,13,0,0,0,,,,,,,,,,,,,,,,
Quorum,fat-tree,DDoS,8,16,10,2023,hop,40 nodes,0,energy_observed,kWh,energy,energy_valid_observed,13,0,13,0,0,13,10.366539798472585,7.464836778545927,13.31100962281064,9.396556981321975,10.9971103985891,1.5852867034012403,1.6005534172671254,15.439610982856133,15.292341844236374,-2.901703019926658,2.9444698243380554,-27.991046929219312,28.403593499654495,5.846172844264713,2.9444698243380554,28.403593499654495
Quorum,fat-tree,DDoS,8,16,10,2023,hop,40 nodes,0,energy_positive_commit,kWh,energy,energy_valid_positive_commit,13,0,13,0,0,0,,,,,,,,,,,,,,,,
Quorum,fat-tree,FIFA,8,16,10,2023,hop,10 nodes,0,tps_positive_commit,TPS,average_throughput,tps_point_valid_positive_commit,13,0,13,0,0,0,,,,,,,,,,,,,,,,
Quorum,fat-tree,FIFA,8,16,10,2023,hop,10 nodes,0,latency_positive_commit,s,average_latency,latency_valid_positive_commit,13,0,13,0,0,0,,,,,,,,,,,,,,,,
Quorum,fat-tree,FIFA,8,16,10,2023,hop,10 nodes,0,energy_observed,kWh,energy,energy_valid_observed,13,0,13,0,0,13,9.274955687825585,6.298013128469181,12.506049499076724,8.250537898360434,10.636153896606574,1.9011992880255395,2.3856159982461396,25.72105008951716,20.49820346334458,-2.976942559356404,3.2310938112511387,-32.09656907864232,34.83675739273138,6.208036370607543,3.2310938112511387,34.83675739273138
Quorum,fat-tree,FIFA,8,16,10,2023,hop,10 nodes,0,energy_positive_commit,kWh,energy,energy_valid_positive_commit,13,0,13,0,0,0,,,,,,,,,,,,,,,,
Quorum,fat-tree,FIFA,8,16,10,2023,hop,40 nodes,0,tps_positive_commit,TPS,average_throughput,tps_point_valid_positive_commit,13,0,13,0,0,0,,,,,,,,,,,,,,,,
Quorum,fat-tree,FIFA,8,16,10,2023,hop,40 nodes,0,latency_positive_commit,s,average_latency,latency_valid_positive_commit,13,0,13,0,0,0,,,,,,,,,,,,,,,,
Quorum,fat-tree,FIFA,8,16,10,2023,hop,40 nodes,0,energy_observed,kWh,energy,energy_valid_observed,13,0,13,0,0,13,9.164322446301925,6.518981452956634,11.93210562657581,8.430747114127904,10.1997324584855,1.5946675330636437,1.7689853443575956,19.302958344415668,17.4008230549236,-2.6453409933452914,2.7677831802738844,-28.865647284298298,30.201721911157396,5.413124173619176,2.7677831802738844,30.201721911157396
Quorum,fat-tree,FIFA,8,16,10,2023,hop,40 nodes,0,energy_positive_commit,kWh,energy,energy_valid_positive_commit,13,0,13,0,0,0,,,,,,,,,,,,,,,,
Quorum,fat-tree,GAFAM,8,16,10,2023,hop,10 nodes,0,tps_positive_commit,TPS,average_throughput,tps_point_valid_positive_commit,15,10,5,0,0,10,95.02000000000001,38.7,167.0,54.925,113.525,46.319969295710415,58.60000000000001,61.67122711008209,48.74759976395539,-56.32000000000001,71.97999999999999,-59.271732266891185,75.7524731635445,128.3,71.97999999999999,75.7524731635445
Quorum,fat-tree,GAFAM,8,16,10,2023,hop,10 nodes,0,latency_positive_commit,s,average_latency,latency_valid_positive_commit,15,10,5,0,0,10,115.407,72.28,157.17,96.225,136.565,28.672917167405355,40.34,34.954552150216195,24.84504160701288,-43.126999999999995,41.76299999999999,-37.36948365350455,36.18757960955574,84.88999999999999,43.126999999999995,37.36948365350455
Quorum,fat-tree,GAFAM,8,16,10,2023,hop,10 nodes,0,energy_observed,kWh,energy,energy_valid_observed,15,10,5,0,0,15,14.187591043540738,10.814010213419616,18.240524840041054,12.31985694238624,15.662787481361883,2.0807577221508797,3.3429305389756436,23.562354798051484,14.666039610002697,-3.3735808301211225,4.052933796500316,-23.7783907061307,28.56675093088137,7.426514626621438,4.052933796500316,28.56675093088137
Quorum,fat-tree,GAFAM,8,16,10,2023,hop,10 nodes,0,energy_positive_commit,kWh,energy,energy_valid_positive_commit,15,10,5,0,0,10,13.894227308179797,10.814010213419616,16.909397847207803,12.128931701120418,15.592843655625824,2.043972140385007,3.463911954505406,24.930583599032776,14.710945020898581,-3.0802170947601812,3.0151705390280057,-22.169042052067184,21.700886793847953,6.095387633788187,3.0802170947601812,22.169042052067184
Quorum,fat-tree,GAFAM,8,16,10,2023,hop,40 nodes,0,tps_positive_commit,TPS,average_throughput,tps_point_valid_positive_commit,16,8,8,0,0,8,10.950000000000001,1.3,65.4,1.875,5.6,22.08296046405787,3.7249999999999996,34.01826484018264,201.67087181788006,-9.65,54.45,-88.12785388127853,497.2602739726027,64.10000000000001,54.45,497.2602739726027
Quorum,fat-tree,GAFAM,8,16,10,2023,hop,40 nodes,0,latency_positive_commit,s,average_latency,latency_valid_positive_commit,16,8,8,0,0,8,50.1325,9.02,119.37,14.2975,89.02,44.95027022006812,74.7225,149.05001745374756,89.66293366592156,-41.1125,69.23750000000001,-82.00767964893033,138.10901112053062,110.35000000000001,69.23750000000001,138.10901112053062
Quorum,fat-tree,GAFAM,8,16,10,2023,hop,40 nodes,0,energy_observed,kWh,energy,energy_valid_observed,16,8,8,0,0,16,14.356409773897774,11.417637334472674,18.192603489160817,13.341867311611079,15.197903063634419,1.852582389250051,1.85603575202334,12.92827232751399,12.904217826230756,-2.938772439425099,3.836193715263043,-20.470106981539722,26.721121615223403,6.774966154688142,3.836193715263043,26.721121615223403
Quorum,fat-tree,GAFAM,8,16,10,2023,hop,40 nodes,0,energy_positive_commit,kWh,energy,energy_valid_positive_commit,16,8,8,0,0,8,14.231468376194742,11.417637334472674,18.192603489160817,13.362293560896017,14.539728433513666,1.915209336656233,1.1774348726176491,8.273460204480148,13.457566612450487,-2.813831041722068,3.9611351129660743,-19.77189540349061,27.833636053971375,6.774966154688142,3.9611351129660743,27.833636053971375
Quorum,fat-tree,Gaming,8,16,10,2023,hop,10 nodes,0,tps_positive_commit,TPS,average_throughput,tps_point_valid_positive_commit,16,0,15,1,0,0,,,,,,,,,,,,,,,,
Quorum,fat-tree,Gaming,8,16,10,2023,hop,10 nodes,0,latency_positive_commit,s,average_latency,latency_valid_positive_commit,16,0,15,1,0,0,,,,,,,,,,,,,,,,
Quorum,fat-tree,Gaming,8,16,10,2023,hop,10 nodes,0,energy_observed,kWh,energy,energy_valid_observed,16,0,15,1,0,16,20.87118160851815,15.985835733801396,27.161734652943608,18.95558038626883,22.640777221532595,2.8816271376382216,3.6851968352637634,17.656867274633484,13.806727341503962,-4.885345874716753,6.290553044425458,-23.407136051764784,30.139898940163963,11.175898919142211,6.290553044425458,30.139898940163963
Quorum,fat-tree,Gaming,8,16,10,2023,hop,10 nodes,0,energy_positive_commit,kWh,energy,energy_valid_positive_commit,16,0,15,1,0,0,,,,,,,,,,,,,,,,
Quorum,fat-tree,Gaming,8,16,10,2023,hop,40 nodes,0,tps_positive_commit,TPS,average_throughput,tps_point_valid_positive_commit,13,0,13,0,0,0,,,,,,,,,,,,,,,,
Quorum,fat-tree,Gaming,8,16,10,2023,hop,40 nodes,0,latency_positive_commit,s,average_latency,latency_valid_positive_commit,13,0,13,0,0,0,,,,,,,,,,,,,,,,
Quorum,fat-tree,Gaming,8,16,10,2023,hop,40 nodes,0,energy_observed,kWh,energy,energy_valid_observed,13,0,13,0,0,13,21.40300152946916,17.42527950973948,26.06790389509227,19.9736061169548,22.434643902151524,2.6417072754677253,2.461037785196723,11.498563796335727,12.342695354342878,-3.9777220197296828,4.66490236562311,-18.584879388308572,21.795552176175587,8.642624385352793,4.66490236562311,21.795552176175587
Quorum,fat-tree,Gaming,8,16,10,2023,hop,40 nodes,0,energy_positive_commit,kWh,energy,energy_valid_positive_commit,13,0,13,0,0,0,,,,,,,,,,,,,,,,
Quorum,fat-tree,PayPal,8,16,10,2023,hop,10 nodes,0,tps_positive_commit,TPS,average_throughput,tps_point_valid_positive_commit,14,14,0,0,0,14,155.90000000000003,33.7,195.9,108.95,195.64999999999998,65.79471571018918,86.69999999999997,55.612572161642056,42.20315311750428,-122.20000000000003,39.99999999999997,-78.38357921744709,25.65747273893519,162.2,122.20000000000003,78.38357921744709
Quorum,fat-tree,PayPal,8,16,10,2023,hop,10 nodes,0,latency_positive_commit,s,average_latency,latency_valid_positive_commit,14,14,0,0,0,14,32.184999999999995,7.14,164.38,7.319999999999999,18.3525,51.04880451399123,11.032499999999999,34.27839055460619,158.6105468820607,-25.044999999999995,132.195,-77.8157526798198,410.73481435451305,157.24,132.195,410.73481435451305
Quorum,fat-tree,PayPal,8,16,10,2023,hop,10 nodes,0,energy_observed,kWh,energy,energy_valid_observed,14,14,0,0,0,14,22.608348695633477,17.334085202721138,27.064677852897923,20.25554276969512,24.346366629426473,3.139692007101756,4.090823859731355,18.09430628837323,13.887312379024609,-5.27426349291234,4.456329157264445,-23.328831149578818,19.71098914501938,9.730592650176785,5.27426349291234,23.328831149578818
Quorum,fat-tree,PayPal,8,16,10,2023,hop,10 nodes,0,energy_positive_commit,kWh,energy,energy_valid_positive_commit,14,14,0,0,0,14,22.608348695633477,17.334085202721138,27.064677852897923,20.25554276969512,24.346366629426473,3.139692007101756,4.090823859731355,18.09430628837323,13.887312379024609,-5.27426349291234,4.456329157264445,-23.328831149578818,19.71098914501938,9.730592650176785,5.27426349291234,23.328831149578818
Quorum,fat-tree,PayPal,8,16,10,2023,hop,40 nodes,0,tps_positive_commit,TPS,average_throughput,tps_point_valid_positive_commit,13,13,0,0,0,13,195.43846153846152,193.5,198.0,195.2,195.5,1.0727988795191001,0.30000000000001137,0.1535010036604144,0.5489190157731453,-1.9384615384615245,2.5615384615384755,-0.9918526390364789,1.3106624158696494,4.5,2.5615384615384755,1.3106624158696494
Quorum,fat-tree,PayPal,8,16,10,2023,hop,40 nodes,0,latency_positive_commit,s,average_latency,latency_valid_positive_commit,13,13,0,0,0,13,5.2092307692307696,5.09,5.32,5.16,5.26,0.074773161234668,0.09999999999999964,1.919669226225628,1.4353973656979975,-0.1192307692307697,0.11076923076923073,-2.288836385115189,2.1264028352037796,0.23000000000000043,0.1192307692307697,2.288836385115189
Quorum,fat-tree,PayPal,8,16,10,2023,hop,40 nodes,0,energy_observed,kWh,energy,energy_valid_observed,13,13,0,0,0,13,22.273332822782614,16.10253145537053,27.801816116433795,19.30283471297289,24.32180380531469,3.7639020844678654,5.018969092341802,22.53353430434117,16.89869277496676,-6.170801367412082,5.528483293651181,-27.704885553095966,24.82108689183816,11.699284661063263,6.170801367412082,27.704885553095966
Quorum,fat-tree,PayPal,8,16,10,2023,hop,40 nodes,0,energy_positive_commit,kWh,energy,energy_valid_positive_commit,13,13,0,0,0,13,22.273332822782614,16.10253145537053,27.801816116433795,19.30283471297289,24.32180380531469,3.7639020844678654,5.018969092341802,22.53353430434117,16.89869277496676,-6.170801367412082,5.528483293651181,-27.704885553095966,24.82108689183816,11.699284661063263,6.170801367412082,27.704885553095966
Quorum,fat-tree,VISA,8,16,10,2023,hop,10 nodes,0,tps_positive_commit,TPS,average_throughput,tps_point_valid_positive_commit,13,3,10,0,0,3,6.566666666666666,4.7,9.2,5.25,7.5,2.3459184413217207,2.25,34.263959390862944,35.724646314543975,-1.8666666666666663,2.633333333333333,-28.42639593908629,40.10152284263958,4.499999999999999,2.633333333333333,40.10152284263958
Quorum,fat-tree,VISA,8,16,10,2023,hop,10 nodes,0,latency_positive_commit,s,average_latency,latency_valid_positive_commit,13,3,10,0,0,3,116.19333333333333,52.99,180.17,84.205,147.795,63.59352666217948,63.58999999999999,54.727752596247626,54.73078776365208,-63.203333333333326,63.97666666666666,-54.39497389408457,55.060531298410694,127.17999999999998,63.97666666666666,55.060531298410694
Quorum,fat-tree,VISA,8,16,10,2023,hop,10 nodes,0,energy_observed,kWh,energy,energy_valid_observed,13,3,10,0,0,13,22.986604901468507,18.15515261642012,27.143291917791245,21.129045859001845,25.242686391791445,2.724806281920231,4.113640532789599,17.89581606515018,11.853887486212269,-4.831452285048385,4.1566870163227385,-21.01855539675512,18.083083753082594,8.988139301371124,4.831452285048385,21.01855539675512
Quorum,fat-tree,VISA,8,16,10,2023,hop,10 nodes,0,energy_positive_commit,kWh,energy,energy_valid_positive_commit,13,3,10,0,0,3,24.130602968200325,18.15515261642012,27.143291917791245,22.624258493404866,27.118328144090427,5.174952016196865,4.49406965068556,18.62394262011568,21.445597621478818,-5.975450351780204,3.0126889495909204,-24.762954989789286,12.484930250442096,8.988139301371124,5.975450351780204,24.762954989789286
Quorum,fat-tree,VISA,8,16,10,2023,hop,40 nodes,0,tps_positive_commit,TPS,average_throughput,tps_point_valid_positive_commit,14,14,0,0,0,14,6.542857142857143,2.9,11.7,3.825,8.024999999999999,3.1392586792019954,4.199999999999998,64.19213973799124,47.979936145008665,-3.642857142857143,5.157142857142857,-55.6768558951965,78.82096069868994,8.799999999999999,5.157142857142857,78.82096069868994
Quorum,fat-tree,VISA,8,16,10,2023,hop,40 nodes,0,latency_positive_commit,s,average_latency,latency_valid_positive_commit,14,14,0,0,0,14,9.725,5.11,24.72,6.035,11.96,5.36947891756303,5.925000000000001,60.92544987146531,55.21315082327023,-4.614999999999999,14.995,-47.455012853470436,154.19023136246787,19.61,14.995,154.19023136246787
Quorum,fat-tree,VISA,8,16,10,2023,hop,40 nodes,0,energy_observed,kWh,energy,energy_valid_observed,14,14,0,0,0,14,21.54069346901225,16.5471054784426,24.696758472984424,19.886129313209093,23.153473441155022,2.2468234292133165,3.267344127945929,15.16824020845116,10.430599332586597,-4.993587990569651,3.1560650039721736,-23.18211341595509,14.651640665665603,8.149652994541825,4.993587990569651,23.18211341595509
Quorum,fat-tree,VISA,8,16,10,2023,hop,40 nodes,0,energy_positive_commit,kWh,energy,energy_valid_positive_commit,14,14,0,0,0,14,21.54069346901225,16.5471054784426,24.696758472984424,19.886129313209093,23.153473441155022,2.2468234292133165,3.267344127945929,15.16824020845116,10.430599332586597,-4.993587990569651,3.1560650039721736,-23.18211341595509,14.651640665665603,8.149652994541825,4.993587990569651,23.18211341595509
Quorum,full mesh,DDoS,8,16,10,2023,hop,10 nodes,0,tps_positive_commit,TPS,average_throughput,tps_point_valid_positive_commit,13,0,13,0,0,0,,,,,,,,,,,,,,,,
Quorum,full mesh,DDoS,8,16,10,2023,hop,10 nodes,0,latency_positive_commit,s,average_latency,latency_valid_positive_commit,13,0,13,0,0,0,,,,,,,,,,,,,,,,
Quorum,full mesh,DDoS,8,16,10,2023,hop,10 nodes,0,energy_observed,kWh,energy,energy_valid_observed,13,0,13,0,0,13,10.579969811779158,8.367898971010117,12.945771486743926,9.466569740014563,11.584785004287223,1.4599590450582771,2.11821526427266,20.0209953521262,13.799274204287794,-2.212070840769041,2.365801674964768,-20.908101630935114,22.361138236243495,4.577872515733809,2.365801674964768,22.361138236243495
Quorum,full mesh,DDoS,8,16,10,2023,hop,10 nodes,0,energy_positive_commit,kWh,energy,energy_valid_positive_commit,13,0,13,0,0,0,,,,,,,,,,,,,,,,
Quorum,full mesh,DDoS,8,16,10,2023,hop,40 nodes,0,tps_positive_commit,TPS,average_throughput,tps_point_valid_positive_commit,13,0,13,0,0,0,,,,,,,,,,,,,,,,
Quorum,full mesh,DDoS,8,16,10,2023,hop,40 nodes,0,latency_positive_commit,s,average_latency,latency_valid_positive_commit,13,0,13,0,0,0,,,,,,,,,,,,,,,,
Quorum,full mesh,DDoS,8,16,10,2023,hop,40 nodes,0,energy_observed,kWh,energy,energy_valid_observed,13,0,13,0,0,13,10.651508639869757,8.53167886607185,13.71889416681922,10.036232091827475,10.840644351484627,1.4815894511743066,0.8044122596571519,7.552096955037423,13.909667646783443,-2.119829773797907,3.0673855269494634,-19.901685718614104,28.797662665999308,5.18721530074737,3.0673855269494634,28.797662665999308
Quorum,full mesh,DDoS,8,16,10,2023,hop,40 nodes,0,energy_positive_commit,kWh,energy,energy_valid_positive_commit,13,0,13,0,0,0,,,,,,,,,,,,,,,,
Quorum,full mesh,FIFA,8,16,10,2023,hop,10 nodes,0,tps_positive_commit,TPS,average_throughput,tps_point_valid_positive_commit,13,0,13,0,0,0,,,,,,,,,,,,,,,,
Quorum,full mesh,FIFA,8,16,10,2023,hop,10 nodes,0,latency_positive_commit,s,average_latency,latency_valid_positive_commit,13,0,13,0,0,0,,,,,,,,,,,,,,,,
Quorum,full mesh,FIFA,8,16,10,2023,hop,10 nodes,0,energy_observed,kWh,energy,energy_valid_observed,13,0,13,0,0,13,9.02913815144387,6.199890112874669,10.581573112119347,8.720246029280421,9.624095867171834,1.2044322793932543,0.9038498378914124,10.010366689836014,13.339393629730328,-2.829248038569202,1.5524349606754768,-31.334641148632443,17.193611778187528,4.381682999244679,2.829248038569202,31.334641148632443
Quorum,full mesh,FIFA,8,16,10,2023,hop,10 nodes,0,energy_positive_commit,kWh,energy,energy_valid_positive_commit,13,0,13,0,0,0,,,,,,,,,,,,,,,,
Quorum,full mesh,FIFA,8,16,10,2023,hop,40 nodes,0,tps_positive_commit,TPS,average_throughput,tps_point_valid_positive_commit,13,0,13,0,0,0,,,,,,,,,,,,,,,,
Quorum,full mesh,FIFA,8,16,10,2023,hop,40 nodes,0,latency_positive_commit,s,average_latency,latency_valid_positive_commit,13,0,13,0,0,0,,,,,,,,,,,,,,,,
Quorum,full mesh,FIFA,8,16,10,2023,hop,40 nodes,0,energy_observed,kWh,energy,energy_valid_observed,13,0,13,0,0,13,9.361933489139119,7.99199781139434,11.907113458607286,8.53980565122811,9.99919813374318,1.1059309715824743,1.459392482515069,15.588579904013697,11.813061616657253,-1.3699356777447793,2.545179969468167,-14.633042195119806,27.186477797784594,3.9151156472129465,2.545179969468167,27.186477797784594
Quorum,full mesh,FIFA,8,16,10,2023,hop,40 nodes,0,energy_positive_commit,kWh,energy,energy_valid_positive_commit,13,0,13,0,0,0,,,,,,,,,,,,,,,,
Quorum,full mesh,GAFAM,8,16,10,2023,hop,10 nodes,0,tps_positive_commit,TPS,average_throughput,tps_point_valid_positive_commit,13,10,3,0,0,10,84.09,28.3,166.7,64.525,102.1,38.87794147499753,37.57499999999999,44.68426685693898,46.233727524078404,-55.790000000000006,82.60999999999999,-66.34558211440124,98.23998097276724,138.39999999999998,82.60999999999999,98.23998097276724
Quorum,full mesh,GAFAM,8,16,10,2023,hop,10 nodes,0,latency_positive_commit,s,average_latency,latency_valid_positive_commit,13,10,3,0,0,10,103.16099999999999,60.26,157.14,73.89500000000001,123.57249999999999,31.553229963208377,49.67749999999998,48.15531063095548,30.586394047370984,-42.90099999999999,53.979,-41.586452244549776,52.32500654317039,96.88,53.979,52.32500654317039
Quorum,full mesh,GAFAM,8,16,10,2023,hop,10 nodes,0,energy_observed,kWh,energy,energy_valid_observed,13,10,3,0,0,13,15.071251228237132,12.009905117431757,19.05838468822528,13.655260421282495,16.444045692897856,2.2227458972107446,2.7887852716153603,18.50400626585243,14.748250583510023,-3.061346110805376,3.987133459988149,-20.312488090369772,26.455225247111212,7.048479570793525,3.987133459988149,26.455225247111212
Quorum,full mesh,GAFAM,8,16,10,2023,hop,10 nodes,0,energy_positive_commit,kWh,energy,energy_valid_positive_commit,13,10,3,0,0,10,14.88215384206273,12.009905117431757,18.40377755704651,13.380038564129212,16.374443322334386,2.123014651397738,2.9944047582051745,20.12077546021482,14.2655066862518,-2.872248724630973,3.5216237149837806,-19.299953186298115,23.66340082461927,6.3938724396147535,3.5216237149837806,23.66340082461927
Quorum,full mesh,GAFAM,8,16,10,2023,hop,40 nodes,0,tps_positive_commit,TPS,average_throughput,tps_point_valid_positive_commit,14,2,12,0,0,2,12.4,7.2,17.6,9.8,15.0,7.353910524340095,5.199999999999999,41.93548387096773,59.305730035000764,-5.2,5.200000000000001,-41.935483870967744,41.93548387096775,10.400000000000002,5.200000000000001,41.93548387096775
Quorum,full mesh,GAFAM,8,16,10,2023,hop,40 nodes,0,latency_positive_commit,s,average_latency,latency_valid_positive_commit,14,2,12,0,0,2,96.38499999999999,69.1,123.67,82.74249999999999,110.0275,38.586817049349904,27.28500000000001,28.308346734450392,40.03404788021985,-27.284999999999997,27.28500000000001,-28.308346734450378,28.308346734450392,54.57000000000001,27.28500000000001,28.308346734450392
Quorum,full mesh,GAFAM,8,16,10,2023,hop,40 nodes,0,energy_observed,kWh,energy,energy_valid_observed,14,2,12,0,0,14,14.916503724325123,11.572870623592662,18.59587609720448,13.933502039473883,15.73754752610128,1.810884849939109,1.8040454866273965,12.094291798992046,12.140142780147631,-3.343633100732461,3.6793723728793584,-22.415662292765184,24.666452949555552,7.0230054736118195,3.6793723728793584,24.666452949555552
Quorum,full mesh,GAFAM,8,16,10,2023,hop,40 nodes,0,energy_positive_commit,kWh,energy,energy_valid_positive_commit,14,2,12,0,0,2,14.212368003255277,12.667673864748528,15.757062141762026,13.440020934001902,14.984715072508651,2.1845274003944684,1.544694138506749,10.86866128257405,15.37060819065558,-1.544694138506749,1.544694138506749,-10.86866128257405,10.86866128257405,3.089388277013498,1.544694138506749,10.86866128257405
Quorum,full mesh,Gaming,8,16,10,2023,hop,10 nodes,0,tps_positive_commit,TPS,average_throughput,tps_point_valid_positive_commit,14,0,14,0,0,0,,,,,,,,,,,,,,,,
Quorum,full mesh,Gaming,8,16,10,2023,hop,10 nodes,0,latency_positive_commit,s,average_latency,latency_valid_positive_commit,14,0,14,0,0,0,,,,,,,,,,,,,,,,
Quorum,full mesh,Gaming,8,16,10,2023,hop,10 nodes,0,energy_observed,kWh,energy,energy_valid_observed,14,0,14,0,0,14,20.367871419776456,14.818227981467158,23.569358115800664,18.67933012784757,22.322897563114417,2.612070309437308,3.6435674352668457,17.888798294990586,12.824463860769876,-5.549643438309298,3.201486696024208,-27.24704670376502,15.718317491515986,8.751130134333506,5.549643438309298,27.24704670376502
Quorum,full mesh,Gaming,8,16,10,2023,hop,10 nodes,0,energy_positive_commit,kWh,energy,energy_valid_positive_commit,14,0,14,0,0,0,,,,,,,,,,,,,,,,
Quorum,full mesh,Gaming,8,16,10,2023,hop,40 nodes,0,tps_positive_commit,TPS,average_throughput,tps_point_valid_positive_commit,13,0,13,0,0,0,,,,,,,,,,,,,,,,
Quorum,full mesh,Gaming,8,16,10,2023,hop,40 nodes,0,latency_positive_commit,s,average_latency,latency_valid_positive_commit,13,0,13,0,0,0,,,,,,,,,,,,,,,,
Quorum,full mesh,Gaming,8,16,10,2023,hop,40 nodes,0,energy_observed,kWh,energy,energy_valid_observed,13,0,13,0,0,13,20.302270860819235,16.59700279210847,23.22413826650896,18.85124422931375,21.743561071449214,2.1485240343736347,2.8923168421354646,14.246272557210649,10.582678406286112,-3.7052680687107653,2.9218674056897243,-18.250510468075053,14.39182555350767,6.62713547440049,3.7052680687107653,18.250510468075053
Quorum,full mesh,Gaming,8,16,10,2023,hop,40 nodes,0,energy_positive_commit,kWh,energy,energy_valid_positive_commit,13,0,13,0,0,0,,,,,,,,,,,,,,,,
Quorum,full mesh,PayPal,8,16,10,2023,hop,10 nodes,0,tps_positive_commit,TPS,average_throughput,tps_point_valid_positive_commit,13,13,0,0,0,13,161.79999999999998,26.3,198.2,155.0,197.8,62.34086407271985,42.80000000000001,26.452410383189132,38.529582245191506,-135.49999999999997,36.400000000000006,-83.74536464771322,22.496909765142156,171.89999999999998,135.49999999999997,83.74536464771322
Quorum,full mesh,PayPal,8,16,10,2023,hop,10 nodes,0,latency_positive_commit,s,average_latency,latency_valid_positive_commit,13,13,0,0,0,13,25.623076923076926,5.27,170.65,5.44,7.26,46.6971905622839,1.8199999999999994,7.102972080456317,182.246615823984,-20.353076923076927,145.02692307692308,-79.43260282197538,566.0012008405884,165.38,145.02692307692308,566.0012008405884
Quorum,full mesh,PayPal,8,16,10,2023,hop,10 nodes,0,energy_observed,kWh,energy,energy_valid_observed,13,13,0,0,0,13,21.895881630474882,17.352127923590086,27.32331631713713,18.269124427473148,23.86889307861759,3.288954604300152,5.599768651144441,25.574529245493515,15.02088228191075,-4.543753706884797,5.427434686662249,-20.75163623720344,24.787468156149956,9.971188393547045,5.427434686662249,24.787468156149956
Quorum,full mesh,PayPal,8,16,10,2023,hop,10 nodes,0,energy_positive_commit,kWh,energy,energy_valid_positive_commit,13,13,0,0,0,13,21.895881630474882,17.352127923590086,27.32331631713713,18.269124427473148,23.86889307861759,3.288954604300152,5.599768651144441,25.574529245493515,15.02088228191075,-4.543753706884797,5.427434686662249,-20.75163623720344,24.787468156149956,9.971188393547045,5.427434686662249,24.787468156149956
Quorum,full mesh,PayPal,8,16,10,2023,hop,40 nodes,0,tps_positive_commit,TPS,average_throughput,tps_point_valid_positive_commit,13,13,0,0,0,13,197.8384615384615,197.3,198.2,197.7,198.0,0.25343790014669876,0.30000000000001137,0.15163886620786768,0.12810345277448906,-0.5384615384614904,0.3615384615384869,-0.2721723239628048,0.18274427466076948,0.8999999999999773,0.5384615384614904,0.2721723239628048
Quorum,full mesh,PayPal,8,16,10,2023,hop,40 nodes,0,latency_positive_commit,s,average_latency,latency_valid_positive_commit,13,13,0,0,0,13,5.010769230769232,4.94,5.06,4.99,5.03,0.03226492896359197,0.040000000000000036,0.7982806263432611,0.6439116925494252,-0.07076923076923158,0.049230769230767635,-1.4123426466073232,0.9824992324224426,0.11999999999999922,0.07076923076923158,1.4123426466073232
Quorum,full mesh,PayPal,8,16,10,2023,hop,40 nodes,0,energy_observed,kWh,energy,energy_valid_observed,13,13,0,0,0,13,22.74369497047367,18.938421054404444,25.33069377582877,22.416693711878928,23.801836807134485,2.065384006427136,1.3851430952555575,6.090228949402367,9.081127798752402,-3.8052739160692255,2.586998805355101,-16.731115682870836,11.374575717417931,6.392272721424327,3.8052739160692255,16.731115682870836
Quorum,full mesh,PayPal,8,16,10,2023,hop,40 nodes,0,energy_positive_commit,kWh,energy,energy_valid_positive_commit,13,13,0,0,0,13,22.74369497047367,18.938421054404444,25.33069377582877,22.416693711878928,23.801836807134485,2.065384006427136,1.3851430952555575,6.090228949402367,9.081127798752402,-3.8052739160692255,2.586998805355101,-16.731115682870836,11.374575717417931,6.392272721424327,3.8052739160692255,16.731115682870836
Quorum,full mesh,VISA,8,16,10,2023,hop,10 nodes,0,tps_positive_commit,TPS,average_throughput,tps_point_valid_positive_commit,14,10,4,0,2,8,4.7875,1.0,14.2,1.15,6.85,4.687807132795217,5.699999999999999,119.06005221932114,97.91764246047451,-3.7874999999999996,9.4125,-79.11227154046996,196.6057441253264,13.2,9.4125,196.6057441253264
Quorum,full mesh,VISA,8,16,10,2023,hop,10 nodes,0,latency_positive_commit,s,average_latency,latency_valid_positive_commit,14,10,4,0,2,10,62.81300000000001,2.22,247.86,3.5375,78.4375,92.68139679688811,74.9,119.24283189785554,147.55129797476334,-60.59300000000001,185.047,-96.46569977552417,294.5998439813414,245.64000000000001,185.047,294.5998439813414
Quorum,full mesh,VISA,8,16,10,2023,hop,10 nodes,0,energy_observed,kWh,energy,energy_valid_observed,14,10,4,0,2,14,22.491824782803437,17.265882680436714,26.27541413946484,21.250841793726046,24.51461571836057,2.5730475111802167,3.263773924634524,14.510934333482385,11.439923332265554,-5.225942102366723,3.783589356661402,-23.23485156421065,16.822064875564113,9.009531459028125,5.225942102366723,23.23485156421065
Quorum,full mesh,VISA,8,16,10,2023,hop,10 nodes,0,energy_positive_commit,kWh,energy,energy_valid_positive_commit,14,10,4,0,2,10,21.646862727650074,17.265882680436714,25.613461047692194,20.776886327269864,22.69494123975482,2.4307892865730936,1.9180549124849549,8.86066002550557,11.229291362707198,-4.3809800472133595,3.96659832004212,-20.238406379403077,18.324125624797748,8.34757836725548,4.3809800472133595,20.238406379403077
Quorum,full mesh,VISA,8,16,10,2023,hop,40 nodes,0,tps_positive_commit,TPS,average_throughput,tps_point_valid_positive_commit,18,18,0,0,0,18,8.972222222222221,0.5,20.8,5.95,11.575,5.113397115945472,5.624999999999999,62.69349845201238,56.99142296409814,-8.472222222222221,11.82777777777778,-94.42724458204334,131.8266253869969,20.3,11.82777777777778,131.8266253869969
Quorum,full mesh,VISA,8,16,10,2023,hop,40 nodes,0,latency_positive_commit,s,average_latency,latency_valid_positive_commit,18,18,0,0,0,18,15.034444444444444,2.25,74.65,7.9375,12.03,17.213447965171685,4.092499999999999,27.22082625083142,114.49340897682741,-12.784444444444444,59.61555555555556,-85.03436553100288,396.5264947158377,72.4,59.61555555555556,396.5264947158377
Quorum,full mesh,VISA,8,16,10,2023,hop,40 nodes,0,energy_observed,kWh,energy,energy_valid_observed,18,18,0,0,0,18,22.27992187428227,15.44852864459768,28.749338143275203,20.27396946345985,23.86424728300173,3.550934353133435,3.590277819541882,16.114409376301012,15.937822283085659,-6.83139322968459,6.4694162689929335,-30.661657021203794,29.036979148749108,13.300809498677523,6.83139322968459,30.661657021203794
Quorum,full mesh,VISA,8,16,10,2023,hop,40 nodes,0,energy_positive_commit,kWh,energy,energy_valid_positive_commit,18,18,0,0,0,18,22.27992187428227,15.44852864459768,28.749338143275203,20.27396946345985,23.86424728300173,3.550934353133435,3.590277819541882,16.114409376301012,15.937822283085659,-6.83139322968459,6.4694162689929335,-30.661657021203794,29.036979148749108,13.300809498677523,6.83139322968459,30.661657021203794
Quorum,hypercube,DDoS,8,16,10,2023,hop,10 nodes,0,tps_positive_commit,TPS,average_throughput,tps_point_valid_positive_commit,13,0,13,0,0,0,,,,,,,,,,,,,,,,
Quorum,hypercube,DDoS,8,16,10,2023,hop,10 nodes,0,latency_positive_commit,s,average_latency,latency_valid_positive_commit,13,0,13,0,0,0,,,,,,,,,,,,,,,,
Quorum,hypercube,DDoS,8,16,10,2023,hop,10 nodes,0,energy_observed,kWh,energy,energy_valid_observed,13,0,13,0,0,13,10.405580238261127,7.852949583454915,12.637507159844874,9.356902816512862,11.627726457250542,1.5074941195578273,2.27082364073768,21.823133249099392,14.487362405940605,-2.5526306548062117,2.2319269215837476,-24.531362945241973,21.449326904202742,4.784557576389959,2.5526306548062117,24.531362945241973
Quorum,hypercube,DDoS,8,16,10,2023,hop,10 nodes,0,energy_positive_commit,kWh,energy,energy_valid_positive_commit,13,0,13,0,0,0,,,,,,,,,,,,,,,,
Quorum,hypercube,DDoS,8,16,10,2023,hop,40 nodes,0,tps_positive_commit,TPS,average_throughput,tps_point_valid_positive_commit,13,1,12,0,0,1,4.2,4.2,4.2,4.2,4.2,,0.0,0.0,,0.0,0.0,0.0,0.0,0.0,0.0,0.0
Quorum,hypercube,DDoS,8,16,10,2023,hop,40 nodes,0,latency_positive_commit,s,average_latency,latency_valid_positive_commit,13,1,12,0,0,1,23.5,23.5,23.5,23.5,23.5,,0.0,0.0,,0.0,0.0,0.0,0.0,0.0,0.0,0.0
Quorum,hypercube,DDoS,8,16,10,2023,hop,40 nodes,0,energy_observed,kWh,energy,energy_valid_observed,13,1,12,0,0,13,10.180910458581945,7.491052969725167,14.00800584626304,8.720440601815044,10.96731173673088,1.995935161490857,2.2468711349158355,22.069451883076404,19.604682406458,-2.689857488856778,3.827095387681096,-26.420598627202118,37.59089526669067,6.516952876537874,3.827095387681096,37.59089526669067
Quorum,hypercube,DDoS,8,16,10,2023,hop,40 nodes,0,energy_positive_commit,kWh,energy,energy_valid_positive_commit,13,1,12,0,0,1,12.961308134829451,12.961308134829451,12.961308134829451,12.961308134829451,12.961308134829451,,0.0,0.0,,0.0,0.0,0.0,0.0,0.0,0.0,0.0
Quorum,hypercube,FIFA,8,16,10,2023,hop,10 nodes,0,tps_positive_commit,TPS,average_throughput,tps_point_valid_positive_commit,14,0,14,0,0,0,,,,,,,,,,,,,,,,
Quorum,hypercube,FIFA,8,16,10,2023,hop,10 nodes,0,latency_positive_commit,s,average_latency,latency_valid_positive_commit,14,0,14,0,0,0,,,,,,,,,,,,,,,,
Quorum,hypercube,FIFA,8,16,10,2023,hop,10 nodes,0,energy_observed,kWh,energy,energy_valid_observed,14,0,14,0,0,14,9.419038177952968,8.013748118769298,11.157060750952516,8.526810876341786,10.225978645199913,1.1146968460450948,1.6991677688581266,18.039716335743798,11.83450820545831,-1.4052900591836703,1.7380225729995473,-14.91967685695357,18.452229836669694,3.1433126321832177,1.7380225729995473,18.452229836669694
Quorum,hypercube,FIFA,8,16,10,2023,hop,10 nodes,0,energy_positive_commit,kWh,energy,energy_valid_positive_commit,14,0,14,0,0,0,,,,,,,,,,,,,,,,
Quorum,hypercube,FIFA,8,16,10,2023,hop,40 nodes,0,tps_positive_commit,TPS,average_throughput,tps_point_valid_positive_commit,13,0,13,0,0,0,,,,,,,,,,,,,,,,
Quorum,hypercube,FIFA,8,16,10,2023,hop,40 nodes,0,latency_positive_commit,s,average_latency,latency_valid_positive_commit,13,0,13,0,0,0,,,,,,,,,,,,,,,,
Quorum,hypercube,FIFA,8,16,10,2023,hop,40 nodes,0,energy_observed,kWh,energy,energy_valid_observed,13,0,13,0,0,13,9.299725861608103,6.025587098127818,11.280732272429828,7.788605339490359,10.847034657774447,1.6448530998621194,3.0584293182840883,32.887306182972004,17.68711383904915,-3.274138763480285,1.9810064108217258,-35.206830956134475,21.30177211997055,5.255145174302011,3.274138763480285,35.206830956134475
Quorum,hypercube,FIFA,8,16,10,2023,hop,40 nodes,0,energy_positive_commit,kWh,energy,energy_valid_positive_commit,13,0,13,0,0,0,,,,,,,,,,,,,,,,
Quorum,hypercube,GAFAM,8,16,10,2023,hop,10 nodes,0,tps_positive_commit,TPS,average_throughput,tps_point_valid_positive_commit,13,13,0,0,0,13,82.96153846153848,22.8,166.6,48.3,107.7,46.62491355597953,59.400000000000006,71.59944367176634,56.20063757327156,-60.161538461538484,83.63846153846151,-72.51738525730183,100.81594807603146,143.79999999999998,83.63846153846151,100.81594807603146
Quorum,hypercube,GAFAM,8,16,10,2023,hop,10 nodes,0,latency_positive_commit,s,average_latency,latency_valid_positive_commit,13,13,0,0,0,13,99.07769230769233,32.74,150.6,80.75,131.51,37.24986916170448,50.75999999999999,51.2325214866344,37.59662573288703,-66.33769230769232,51.52230769230766,-66.95522550290758,52.00192545088931,117.85999999999999,66.33769230769232,66.95522550290758
Quorum,hypercube,GAFAM,8,16,10,2023,hop,10 nodes,0,energy_observed,kWh,energy,energy_valid_observed,13,13,0,0,0,13,14.913571923824966,11.748276916797616,17.788253077664233,13.682779320935262,16.428175356709513,2.028418533762525,2.7453960357742506,18.408708857925458,13.601158355109106,-3.16529500702735,2.8746811538392674,-21.224258166956485,19.275604587032976,6.039976160866617,3.16529500702735,21.224258166956485
Quorum,hypercube,GAFAM,8,16,10,2023,hop,10 nodes,0,energy_positive_commit,kWh,energy,energy_valid_positive_commit,13,13,0,0,0,13,14.913571923824966,11.748276916797616,17.788253077664233,13.682779320935262,16.428175356709513,2.028418533762525,2.7453960357742506,18.408708857925458,13.601158355109106,-3.16529500702735,2.8746811538392674,-21.224258166956485,19.275604587032976,6.039976160866617,3.16529500702735,21.224258166956485
Quorum,hypercube,GAFAM,8,16,10,2023,hop,40 nodes,0,tps_positive_commit,TPS,average_throughput,tps_point_valid_positive_commit,13,6,7,0,1,5,8.6,0.1,31.8,1.5,7.7,13.290974381135495,6.2,72.09302325581396,154.54621373413366,-8.5,23.200000000000003,-98.83720930232559,269.76744186046517,31.7,23.200000000000003,269.76744186046517
Quorum,hypercube,GAFAM,8,16,10,2023,hop,40 nodes,0,latency_positive_commit,s,average_latency,latency_valid_positive_commit,13,6,7,0,1,6,37.63,7.94,143.12,8.1025,32.192499999999995,52.835320004708976,24.089999999999996,64.01807068828062,140.40744088415883,-29.69,105.49000000000001,-78.89981397820887,280.33483922402337,135.18,105.49000000000001,280.33483922402337
Quorum,hypercube,GAFAM,8,16,10,2023,hop,40 nodes,0,energy_observed,kWh,energy,energy_valid_observed,13,6,7,0,1,13,14.106177502097548,11.796975306424116,18.307377092346744,13.123725630279854,14.966388077535669,1.8075089112810843,1.8426624472558153,13.062804909280468,12.813598233910731,-2.309202195673432,4.201199590249196,-16.370148435535143,29.78269335987364,6.510401785922628,4.201199590249196,29.78269335987364
Quorum,hypercube,GAFAM,8,16,10,2023,hop,40 nodes,0,energy_positive_commit,kWh,energy,energy_valid_positive_commit,13,6,7,0,1,6,13.885316571969106,11.872855897281765,15.83456275716504,13.2736794847163,14.67249756353342,1.3880486161907373,1.3988180788171203,10.07408128987837,9.996521209987042,-2.0124606746873415,1.9492461851959337,-14.493444670537677,14.038183249858069,3.961706859883275,2.0124606746873415,14.493444670537677
Quorum,hypercube,Gaming,8,16,10,2023,hop,10 nodes,0,tps_positive_commit,TPS,average_throughput,tps_point_valid_positive_commit,17,0,17,0,0,0,,,,,,,,,,,,,,,,
Quorum,hypercube,Gaming,8,16,10,2023,hop,10 nodes,0,latency_positive_commit,s,average_latency,latency_valid_positive_commit,17,0,17,0,0,0,,,,,,,,,,,,,,,,
Quorum,hypercube,Gaming,8,16,10,2023,hop,10 nodes,0,energy_observed,kWh,energy,energy_valid_observed,17,0,17,0,0,17,20.485815542332162,14.27515106091766,28.00972041940797,18.868767483223937,21.69497335599643,3.2444757783505977,2.826205872772494,13.7959158469058,15.83766958970303,-6.2106644814145024,7.5239048770758075,-30.316901314378732,36.727387599133216,13.73456935849031,7.5239048770758075,36.727387599133216
Quorum,hypercube,Gaming,8,16,10,2023,hop,10 nodes,0,energy_positive_commit,kWh,energy,energy_valid_positive_commit,17,0,17,0,0,0,,,,,,,,,,,,,,,,
Quorum,hypercube,Gaming,8,16,10,2023,hop,40 nodes,0,tps_positive_commit,TPS,average_throughput,tps_point_valid_positive_commit,13,0,13,0,0,0,,,,,,,,,,,,,,,,
Quorum,hypercube,Gaming,8,16,10,2023,hop,40 nodes,0,latency_positive_commit,s,average_latency,latency_valid_positive_commit,13,0,13,0,0,0,,,,,,,,,,,,,,,,
Quorum,hypercube,Gaming,8,16,10,2023,hop,40 nodes,0,energy_observed,kWh,energy,energy_valid_observed,13,0,13,0,0,13,21.515469037187707,15.6791776436638,26.00847390830729,20.778110060520135,22.6356651681024,2.4615979182178567,1.8575551075822645,8.633579423119404,11.441060912793434,-5.836291393523906,4.4930048711195845,-27.126024459129194,20.88267219902944,10.32929626464349,5.836291393523906,27.126024459129194
Quorum,hypercube,Gaming,8,16,10,2023,hop,40 nodes,0,energy_positive_commit,kWh,energy,energy_valid_positive_commit,13,0,13,0,0,0,,,,,,,,,,,,,,,,
Quorum,hypercube,PayPal,8,16,10,2023,hop,10 nodes,0,tps_positive_commit,TPS,average_throughput,tps_point_valid_positive_commit,17,17,0,0,0,17,182.66470588235296,80.9,198.2,195.2,197.7,33.614783599936914,2.5,1.3686278298393069,18.40245133155983,-101.76470588235296,15.535294117647027,-55.711203426400026,8.50481434966024,117.29999999999998,101.76470588235296,55.711203426400026
Quorum,hypercube,PayPal,8,16,10,2023,hop,10 nodes,0,latency_positive_commit,s,average_latency,latency_valid_positive_commit,17,17,0,0,0,17,13.484117647058824,5.44,90.74,7.02,9.39,20.184910533249685,2.370000000000001,17.576233477293556,149.69396635049716,-8.044117647058822,77.25588235294117,-59.65624045718273,572.9398420800069,85.3,77.25588235294117,572.9398420800069
Quorum,hypercube,PayPal,8,16,10,2023,hop,10 nodes,0,energy_observed,kWh,energy,energy_valid_observed,17,17,0,0,0,17,23.78251575909414,19.855839088835555,31.181952597079597,21.185477108352394,25.41984068710586,3.1364675751515683,4.234363578753467,17.80452338030849,13.188123606949453,-3.9266766702585834,7.3994368379854585,-16.510770811776172,31.11292729893811,11.326113508244042,7.3994368379854585,31.11292729893811
Quorum,hypercube,PayPal,8,16,10,2023,hop,10 nodes,0,energy_positive_commit,kWh,energy,energy_valid_positive_commit,17,17,0,0,0,17,23.78251575909414,19.855839088835555,31.181952597079597,21.185477108352394,25.41984068710586,3.1364675751515683,4.234363578753467,17.80452338030849,13.188123606949453,-3.9266766702585834,7.3994368379854585,-16.510770811776172,31.11292729893811,11.326113508244042,7.3994368379854585,31.11292729893811
Quorum,hypercube,PayPal,8,16,10,2023,hop,40 nodes,0,tps_positive_commit,TPS,average_throughput,tps_point_valid_positive_commit,13,13,0,0,0,13,197.64615384615385,195.7,198.1,197.5,197.9,0.6186212958606518,0.4000000000000057,0.20238187903791055,0.31299435067286036,-1.9461538461538623,0.45384615384614335,-0.9846656807036744,0.22962559352377457,2.4000000000000057,1.9461538461538623,0.9846656807036744
Quorum,hypercube,PayPal,8,16,10,2023,hop,40 nodes,0,latency_positive_commit,s,average_latency,latency_valid_positive_commit,13,13,0,0,0,13,5.03076923076923,4.96,5.17,5.01,5.04,0.050408586977078035,0.03000000000000025,0.5963302752293629,1.0020055515321324,-0.07076923076922981,0.13923076923077016,-1.4067278287461584,2.7675840978593462,0.20999999999999996,0.13923076923077016,2.7675840978593462
Quorum,hypercube,PayPal,8,16,10,2023,hop,40 nodes,0,energy_observed,kWh,energy,energy_valid_observed,13,13,0,0,0,13,22.913088667972637,15.254662846812316,27.797456911489604,20.00662392782462,26.09545017351157,3.995021765330385,6.088826245686949,26.573572572072152,17.435544475130193,-7.658425821160321,4.884368243516967,-33.423803888408486,21.316935112044582,12.542794064677288,7.658425821160321,33.423803888408486
Quorum,hypercube,PayPal,8,16,10,2023,hop,40 nodes,0,energy_positive_commit,kWh,energy,energy_valid_positive_commit,13,13,0,0,0,13,22.913088667972637,15.254662846812316,27.797456911489604,20.00662392782462,26.09545017351157,3.995021765330385,6.088826245686949,26.573572572072152,17.435544475130193,-7.658425821160321,4.884368243516967,-33.423803888408486,21.316935112044582,12.542794064677288,7.658425821160321,33.423803888408486
Quorum,hypercube,VISA,8,16,10,2023,hop,10 nodes,0,tps_positive_commit,TPS,average_throughput,tps_point_valid_positive_commit,13,4,9,0,0,4,8.025,0.3,16.0,1.7999999999999998,14.125,7.874589936413621,12.325,153.58255451713396,98.12573129487377,-7.7250000000000005,7.975,-96.26168224299064,99.37694704049844,15.7,7.975,99.37694704049844
Quorum,hypercube,VISA,8,16,10,2023,hop,10 nodes,0,latency_positive_commit,s,average_latency,latency_valid_positive_commit,13,4,9,0,0,4,46.9525,3.66,100.04,15.224999999999998,73.7825,43.95526314712873,58.557500000000005,124.7164687716309,93.61644885177303,-43.292500000000004,53.087500000000006,-92.20488791864118,113.06639689047444,96.38000000000001,53.087500000000006,113.06639689047444
Quorum,hypercube,VISA,8,16,10,2023,hop,10 nodes,0,energy_observed,kWh,energy,energy_valid_observed,13,4,9,0,0,13,22.163935672390338,15.622933604414529,27.527066539008647,19.591032953533414,24.543524705207147,3.5415424138305998,4.952491751673733,22.34482099604297,15.978851708373737,-6.541002067975809,5.3631308666183095,-29.51191595508892,24.197556543620426,11.904132934594118,6.541002067975809,29.51191595508892
Quorum,hypercube,VISA,8,16,10,2023,hop,10 nodes,0,energy_positive_commit,kWh,energy,energy_valid_positive_commit,13,4,9,0,0,4,18.99823529795845,15.622933604414529,21.597427996720363,18.29189337897775,20.092631714330153,2.485523171975051,1.8007383353524027,9.478450535592168,13.082916034007356,-3.3753016935439195,2.5991926987619145,-17.766395881551322,13.681232272353338,5.974494392305834,3.3753016935439195,17.766395881551322
Quorum,hypercube,VISA,8,16,10,2023,hop,40 nodes,0,tps_positive_commit,TPS,average_throughput,tps_point_valid_positive_commit,15,15,0,0,1,14,7.885714285714286,1.7,17.1,4.5,12.1,5.138670457028167,7.6,96.37681159420289,65.1642992739079,-6.185714285714286,9.214285714285715,-78.44202898550724,116.84782608695653,15.400000000000002,9.214285714285715,116.84782608695653
Quorum,hypercube,VISA,8,16,10,2023,hop,40 nodes,0,latency_positive_commit,s,average_latency,latency_valid_positive_commit,15,15,0,0,1,15,9.294,2.37,16.06,6.84,10.53,3.7671641475101283,3.6899999999999995,39.70303421562298,40.53329188196824,-6.924,6.765999999999998,-74.49967721110394,72.79965569184418,13.689999999999998,6.924,74.49967721110394
Quorum,hypercube,VISA,8,16,10,2023,hop,40 nodes,0,energy_observed,kWh,energy,energy_valid_observed,15,15,0,0,1,15,21.89739276727705,16.873300908258773,31.05603396990808,19.0172099459522,23.451311492907184,4.136038281748319,4.4341015469549845,20.24944975906539,18.88826823223045,-5.024091859018277,9.158641202631028,-22.943790214724388,41.8252588331771,14.182733061649305,9.158641202631028,41.8252588331771
Quorum,hypercube,VISA,8,16,10,2023,hop,40 nodes,0,energy_positive_commit,kWh,energy,energy_valid_positive_commit,15,15,0,0,1,15,21.89739276727705,16.873300908258773,31.05603396990808,19.0172099459522,23.451311492907184,4.136038281748319,4.4341015469549845,20.24944975906539,18.88826823223045,-5.024091859018277,9.158641202631028,-22.943790214724388,41.8252588331771,14.182733061649305,9.158641202631028,41.8252588331771
Quorum,scale-free,DDoS,8,16,10,2023,hop,10 nodes,0,tps_positive_commit,TPS,average_throughput,tps_point_valid_positive_commit,14,0,14,0,0,0,,,,,,,,,,,,,,,,
Quorum,scale-free,DDoS,8,16,10,2023,hop,10 nodes,0,latency_positive_commit,s,average_latency,latency_valid_positive_commit,14,0,14,0,0,0,,,,,,,,,,,,,,,,
Quorum,scale-free,DDoS,8,16,10,2023,hop,10 nodes,0,energy_observed,kWh,energy,energy_valid_observed,14,0,14,0,0,14,10.58664465888832,6.278824797014868,13.067089559751023,9.785792640593243,11.56081926084927,1.9106117706576706,1.7750266202560265,16.766659101623407,18.04737792019459,-4.307819861873452,2.480444900862704,-40.69107824693727,23.42994386592711,6.788264762736156,4.307819861873452,40.69107824693727
Quorum,scale-free,DDoS,8,16,10,2023,hop,10 nodes,0,energy_positive_commit,kWh,energy,energy_valid_positive_commit,14,0,14,0,0,0,,,,,,,,,,,,,,,,
Quorum,scale-free,DDoS,8,16,10,2023,hop,40 nodes,0,tps_positive_commit,TPS,average_throughput,tps_point_valid_positive_commit,16,0,16,0,0,0,,,,,,,,,,,,,,,,
Quorum,scale-free,DDoS,8,16,10,2023,hop,40 nodes,0,latency_positive_commit,s,average_latency,latency_valid_positive_commit,16,0,16,0,0,0,,,,,,,,,,,,,,,,
Quorum,scale-free,DDoS,8,16,10,2023,hop,40 nodes,0,energy_observed,kWh,energy,energy_valid_observed,16,0,16,0,0,16,10.51848311207198,6.848088434671981,12.643627375393706,9.683197845565545,11.593711293808429,1.4819015966274998,1.9105134482428845,18.163393218269306,14.088548518243405,-3.670394677399999,2.125144263321726,-34.894714744443675,20.203904314707838,5.795538940721725,3.670394677399999,34.894714744443675
Quorum,scale-free,DDoS,8,16,10,2023,hop,40 nodes,0,energy_positive_commit,kWh,energy,energy_valid_positive_commit,16,0,16,0,0,0,,,,,,,,,,,,,,,,
Quorum,scale-free,FIFA,8,16,10,2023,hop,10 nodes,0,tps_positive_commit,TPS,average_throughput,tps_point_valid_positive_commit,16,0,16,0,0,0,,,,,,,,,,,,,,,,
Quorum,scale-free,FIFA,8,16,10,2023,hop,10 nodes,0,latency_positive_commit,s,average_latency,latency_valid_positive_commit,16,0,16,0,0,0,,,,,,,,,,,,,,,,
Quorum,scale-free,FIFA,8,16,10,2023,hop,10 nodes,0,energy_observed,kWh,energy,energy_valid_observed,16,0,16,0,0,16,9.455936404801463,5.421154841218166,13.197373467650891,7.542491617123346,10.802393145274648,2.290203691960606,3.2599015281513015,34.474655799250236,24.21974507778737,-4.034781563583297,3.7414370628494282,-42.669296734425444,39.56707091377677,7.776218626432725,4.034781563583297,42.669296734425444
Quorum,scale-free,FIFA,8,16,10,2023,hop,10 nodes,0,energy_positive_commit,kWh,energy,energy_valid_positive_commit,16,0,16,0,0,0,,,,,,,,,,,,,,,,
Quorum,scale-free,FIFA,8,16,10,2023,hop,40 nodes,0,tps_positive_commit,TPS,average_throughput,tps_point_valid_positive_commit,16,0,16,0,0,0,,,,,,,,,,,,,,,,
Quorum,scale-free,FIFA,8,16,10,2023,hop,40 nodes,0,latency_positive_commit,s,average_latency,latency_valid_positive_commit,16,0,16,0,0,0,,,,,,,,,,,,,,,,
Quorum,scale-free,FIFA,8,16,10,2023,hop,40 nodes,0,energy_observed,kWh,energy,energy_valid_observed,16,0,16,0,0,16,8.945102136331155,6.712069873850532,11.12513819414244,7.919769179392408,9.847559014297293,1.2124252651973717,1.9277898349048845,21.551345144232975,13.554068435652871,-2.2330322624806227,2.180036057811286,-24.963742486639774,24.371281899140286,4.4130683202919085,2.2330322624806227,24.963742486639774
Quorum,scale-free,FIFA,8,16,10,2023,hop,40 nodes,0,energy_positive_commit,kWh,energy,energy_valid_positive_commit,16,0,16,0,0,0,,,,,,,,,,,,,,,,
Quorum,scale-free,GAFAM,8,16,10,2023,hop,10 nodes,0,tps_positive_commit,TPS,average_throughput,tps_point_valid_positive_commit,12,12,0,0,0,12,70.59166666666665,31.8,110.9,52.875,96.675,26.173354192708462,43.8,62.046983827175076,37.077116079860886,-38.79166666666666,40.30833333333335,-54.952189824105766,57.10069649392047,79.10000000000001,40.30833333333335,57.10069649392047
Quorum,scale-free,GAFAM,8,16,10,2023,hop,10 nodes,0,latency_positive_commit,s,average_latency,latency_valid_positive_commit,12,12,0,0,0,12,95.63083333333334,53.39,156.43,79.2475,107.7775,29.40983646776374,28.53,29.833474210723526,30.75350851043203,-42.24083333333334,60.799166666666665,-44.17072596878622,63.576949554275544,103.04,60.799166666666665,63.576949554275544
Quorum,scale-free,GAFAM,8,16,10,2023,hop,10 nodes,0,energy_observed,kWh,energy,energy_valid_observed,12,12,0,0,0,12,14.160442889585882,10.037436487983404,18.21734341222889,12.93325454167896,14.968901403084681,2.400844014433801,2.0356468614057217,14.37558752419257,16.95458279909784,-4.123006401602478,4.056900522643007,-29.11636615995034,28.649531333702864,8.179906924245484,4.123006401602478,29.11636615995034
Quorum,scale-free,GAFAM,8,16,10,2023,hop,10 nodes,0,energy_positive_commit,kWh,energy,energy_valid_positive_commit,12,12,0,0,0,12,14.160442889585882,10.037436487983404,18.21734341222889,12.93325454167896,14.968901403084681,2.400844014433801,2.0356468614057217,14.37558752419257,16.95458279909784,-4.123006401602478,4.056900522643007,-29.11636615995034,28.649531333702864,8.179906924245484,4.123006401602478,29.11636615995034
Quorum,scale-free,GAFAM,8,16,10,2023,hop,40 nodes,0,tps_positive_commit,TPS,average_throughput,tps_point_valid_positive_commit,17,7,10,0,0,7,12.957142857142857,5.5,25.6,6.35,19.4,8.554697957430008,13.049999999999999,100.71664829106946,66.02302723485121,-7.457142857142857,12.642857142857144,-57.552370452039696,97.57442116868799,20.1,12.642857142857144,97.57442116868799
Quorum,scale-free,GAFAM,8,16,10,2023,hop,40 nodes,0,latency_positive_commit,s,average_latency,latency_valid_positive_commit,17,7,10,0,0,7,92.81142857142856,29.52,141.33,40.06,134.255,52.86650780616256,94.195,101.49073389976604,56.96120469202345,-63.29142857142857,48.51857142857145,-68.19357222016993,52.27650535648322,111.81000000000002,63.29142857142857,68.19357222016993
Quorum,scale-free,GAFAM,8,16,10,2023,hop,40 nodes,0,energy_observed,kWh,energy,energy_valid_observed,17,7,10,0,0,17,14.50650263519318,10.184743930256012,17.23851859412633,13.97841199236466,15.645062707537608,1.8802707087760144,1.666650715172949,11.488990538143963,12.961571483221775,-4.321758704937167,2.7320159589331503,-29.791872056414622,18.833043550450288,7.053774663870318,4.321758704937167,29.791872056414622
Quorum,scale-free,GAFAM,8,16,10,2023,hop,40 nodes,0,energy_positive_commit,kWh,energy,energy_valid_positive_commit,17,7,10,0,0,7,14.177660721516224,11.818570948703703,17.23851859412633,12.99343376445368,14.86468729606148,1.8619829307098543,1.871253531607799,13.198605668197134,13.133216877478821,-2.3590897728125206,3.0608578726101054,-16.639485308266206,21.589301174099212,5.419947645422626,3.0608578726101054,21.589301174099212
Quorum,scale-free,Gaming,8,16,10,2023,hop,10 nodes,0,tps_positive_commit,TPS,average_throughput,tps_point_valid_positive_commit,14,0,14,0,0,0,,,,,,,,,,,,,,,,
Quorum,scale-free,Gaming,8,16,10,2023,hop,10 nodes,0,latency_positive_commit,s,average_latency,latency_valid_positive_commit,14,0,14,0,0,0,,,,,,,,,,,,,,,,
Quorum,scale-free,Gaming,8,16,10,2023,hop,10 nodes,0,energy_observed,kWh,energy,energy_valid_observed,14,0,14,0,0,14,20.344976696239456,15.669086437256183,26.587757891621525,16.70541375543174,22.82656042952657,3.637190879620541,6.121146674094831,30.086771616829903,17.877586855593872,-4.675890258983273,6.242781195382069,-22.98302096284809,30.68463183118798,10.918671454365342,6.242781195382069,30.68463183118798
Quorum,scale-free,Gaming,8,16,10,2023,hop,10 nodes,0,energy_positive_commit,kWh,energy,energy_valid_positive_commit,14,0,14,0,0,0,,,,,,,,,,,,,,,,
Quorum,scale-free,Gaming,8,16,10,2023,hop,40 nodes,0,tps_positive_commit,TPS,average_throughput,tps_point_valid_positive_commit,16,0,16,0,0,0,,,,,,,,,,,,,,,,
Quorum,scale-free,Gaming,8,16,10,2023,hop,40 nodes,0,latency_positive_commit,s,average_latency,latency_valid_positive_commit,16,0,16,0,0,0,,,,,,,,,,,,,,,,
Quorum,scale-free,Gaming,8,16,10,2023,hop,40 nodes,0,energy_observed,kWh,energy,energy_valid_observed,16,0,16,0,0,16,22.757286097424515,18.0464483157774,27.799430340386355,20.069962485452013,24.409035398330815,3.0300096015639575,4.339072912878802,19.066741501175144,13.314459327849596,-4.710837781647115,5.0421442429618395,-20.700349600035345,22.156175483211367,9.752982024608954,5.0421442429618395,22.156175483211367
Quorum,scale-free,Gaming,8,16,10,2023,hop,40 nodes,0,energy_positive_commit,kWh,energy,energy_valid_positive_commit,16,0,16,0,0,0,,,,,,,,,,,,,,,,
Quorum,scale-free,PayPal,8,16,10,2023,hop,10 nodes,0,tps_positive_commit,TPS,average_throughput,tps_point_valid_positive_commit,15,15,0,0,0,15,147.88000000000002,30.6,195.4,74.95,195.1,69.7570191040709,120.14999999999999,81.24830944008654,47.17136807145719,-117.28000000000003,47.51999999999998,-79.30754665945362,32.134162834730844,164.8,117.28000000000003,79.30754665945362
Quorum,scale-free,PayPal,8,16,10,2023,hop,10 nodes,0,latency_positive_commit,s,average_latency,latency_valid_positive_commit,15,15,0,0,0,15,40.655333333333346,10.09,176.96,10.325,58.629999999999995,52.22346433038186,48.30499999999999,118.81589951297897,128.45415360932188,-30.565333333333346,136.30466666666666,-75.18160798911173,335.2688454159355,166.87,136.30466666666666,335.2688454159355
Quorum,scale-free,PayPal,8,16,10,2023,hop,10 nodes,0,energy_observed,kWh,energy,energy_valid_observed,15,15,0,0,0,15,23.03198408912649,19.76221722433691,27.70636992543537,21.209086660140773,24.006122028123734,2.3794899782357124,2.7970353679829607,12.144135551497946,10.331241846242335,-3.2697668647895775,4.674385836308883,-14.196635652997216,20.2951939278027,7.94415270109846,4.674385836308883,20.2951939278027
Quorum,scale-free,PayPal,8,16,10,2023,hop,10 nodes,0,energy_positive_commit,kWh,energy,energy_valid_positive_commit,15,15,0,0,0,15,23.03198408912649,19.76221722433691,27.70636992543537,21.209086660140773,24.006122028123734,2.3794899782357124,2.7970353679829607,12.144135551497946,10.331241846242335,-3.2697668647895775,4.674385836308883,-14.196635652997216,20.2951939278027,7.94415270109846,4.674385836308883,20.2951939278027
Quorum,scale-free,PayPal,8,16,10,2023,hop,40 nodes,0,tps_positive_commit,TPS,average_throughput,tps_point_valid_positive_commit,16,16,0,0,0,16,194.53125,193.9,195.0,194.275,194.725,0.33210189199501206,0.44999999999998863,0.23132530120481343,0.17071904488097006,-0.6312499999999943,0.46875,-0.32449799196786855,0.24096385542168675,1.0999999999999943,0.6312499999999943,0.32449799196786855
Quorum,scale-free,PayPal,8,16,10,2023,hop,40 nodes,0,latency_positive_commit,s,average_latency,latency_valid_positive_commit,16,16,0,0,0,16,8.184375,5.02,8.53,8.3475,8.45,0.8472698802624818,0.10249999999999915,1.252386407025572,10.352285669491952,-3.1643749999999997,0.34562500000000007,-38.663612065673924,4.22298587247041,3.51,3.1643749999999997,38.663612065673924
Quorum,scale-free,PayPal,8,16,10,2023,hop,40 nodes,0,energy_observed,kWh,energy,energy_valid_observed,16,16,0,0,0,16,23.160285180215304,18.81080998482322,27.70256721107918,20.678256034657586,25.208791054433625,2.9683769136635885,4.530535019776039,19.56165472282808,12.816668234289823,-4.349475195392085,4.542282030863877,-18.77988617820487,19.612375216968942,8.891757226255962,4.542282030863877,19.612375216968942
Quorum,scale-free,PayPal,8,16,10,2023,hop,40 nodes,0,energy_positive_commit,kWh,energy,energy_valid_positive_commit,16,16,0,0,0,16,23.160285180215304,18.81080998482322,27.70256721107918,20.678256034657586,25.208791054433625,2.9683769136635885,4.530535019776039,19.56165472282808,12.816668234289823,-4.349475195392085,4.542282030863877,-18.77988617820487,19.612375216968942,8.891757226255962,4.542282030863877,19.612375216968942
Quorum,scale-free,VISA,8,16,10,2023,hop,10 nodes,0,tps_positive_commit,TPS,average_throughput,tps_point_valid_positive_commit,14,5,9,0,0,5,7.6,2.7,15.2,2.8,8.9,5.175422688051672,6.1000000000000005,80.26315789473685,68.09766694804831,-4.8999999999999995,7.6,-64.47368421052632,100.0,12.5,7.6,100.0
Quorum,scale-free,VISA,8,16,10,2023,hop,10 nodes,0,latency_positive_commit,s,average_latency,latency_valid_positive_commit,14,5,9,0,0,5,134.68599999999998,68.34,228.68,89.29,190.45,70.44909601975033,101.15999999999998,75.10802904533507,52.3061758607059,-66.34599999999998,93.99400000000003,-49.259759737463426,69.78750575412444,160.34,93.99400000000003,69.78750575412444
Quorum,scale-free,VISA,8,16,10,2023,hop,10 nodes,0,energy_observed,kWh,energy,energy_valid_observed,14,5,9,0,0,14,22.800212991763342,17.594148641784507,26.984453835599247,21.186116289889,26.291168549770287,3.2727433589896346,5.105052259881287,22.390370922085268,14.354003448002546,-5.206064349978835,4.184240843835905,-22.833402266283848,18.351762088132585,9.39030519381474,5.206064349978835,22.833402266283848
Quorum,scale-free,VISA,8,16,10,2023,hop,10 nodes,0,energy_positive_commit,kWh,energy,energy_valid_positive_commit,14,5,9,0,0,5,25.355528961833677,21.23659224919136,26.61619700542373,26.280222306068747,26.34981595081373,2.3065586126331796,0.06959364474498386,0.2744712794189364,9.096866470840025,-4.118936712642316,1.2606680435900515,-16.244727999334316,4.971965071159303,5.379604756232368,4.118936712642316,16.244727999334316
Quorum,scale-free,VISA,8,16,10,2023,hop,40 nodes,0,tps_positive_commit,TPS,average_throughput,tps_point_valid_positive_commit,17,12,5,0,0,12,2.9499999999999997,0.1,10.9,0.775,2.7,3.5505441324343003,1.9250000000000003,65.25423728813561,120.35742821811188,-2.8499999999999996,7.950000000000001,-96.61016949152541,269.4915254237289,10.8,7.950000000000001,269.4915254237289
Quorum,scale-free,VISA,8,16,10,2023,hop,40 nodes,0,latency_positive_commit,s,average_latency,latency_valid_positive_commit,17,12,5,0,0,12,22.15416666666667,7.06,128.41,9.145,17.0875,33.760891430048396,7.942499999999999,35.85104382170396,152.39070797840162,-15.09416666666667,106.25583333333333,-68.1324054918187,479.62008651495194,121.35,106.25583333333333,479.62008651495194
Quorum,scale-free,VISA,8,16,10,2023,hop,40 nodes,0,energy_observed,kWh,energy,energy_valid_observed,17,12,5,0,0,17,23.177485260532773,18.097300845533823,28.87268616290424,21.30445539188216,24.63871250365122,3.190366113710102,3.334257111769059,14.3857587408187,13.764936436580289,-5.08018441499895,5.695200902371468,-21.918617821967167,24.57212608854251,10.775385317370418,5.695200902371468,24.57212608854251
Quorum,scale-free,VISA,8,16,10,2023,hop,40 nodes,0,energy_positive_commit,kWh,energy,energy_valid_positive_commit,17,12,5,0,0,12,21.962498382402075,18.097300845533823,26.74283295530767,20.15317844660327,23.36187985386764,2.5912695215642128,3.208701407264371,14.609910727804138,11.798609959787287,-3.8651975368682514,4.780334572905595,-17.59907943790823,21.765896072807184,8.645532109773846,4.780334572905595,21.765896072807184
Quorum,torus,DDoS,8,16,10,2023,hop,10 nodes,0,tps_positive_commit,TPS,average_throughput,tps_point_valid_positive_commit,11,0,11,0,0,0,,,,,,,,,,,,,,,,
Quorum,torus,DDoS,8,16,10,2023,hop,10 nodes,0,latency_positive_commit,s,average_latency,latency_valid_positive_commit,11,0,11,0,0,0,,,,,,,,,,,,,,,,
Quorum,torus,DDoS,8,16,10,2023,hop,10 nodes,0,energy_observed,kWh,energy,energy_valid_observed,11,0,11,0,0,11,10.421720085149605,8.912208208136677,11.563386826238448,9.753430409462393,11.14933824585533,0.969932309830891,1.3959078363929365,13.394217317178098,9.306835166423177,-1.5095118770129279,1.1416667410888426,-14.484287283477338,10.954686287493526,2.6511786181017705,1.5095118770129279,14.484287283477338
Quorum,torus,DDoS,8,16,10,2023,hop,10 nodes,0,energy_positive_commit,kWh,energy,energy_valid_positive_commit,11,0,11,0,0,0,,,,,,,,,,,,,,,,
Quorum,torus,DDoS,8,16,10,2023,hop,40 nodes,0,tps_positive_commit,TPS,average_throughput,tps_point_valid_positive_commit,13,0,13,0,0,0,,,,,,,,,,,,,,,,
Quorum,torus,DDoS,8,16,10,2023,hop,40 nodes,0,latency_positive_commit,s,average_latency,latency_valid_positive_commit,13,0,13,0,0,0,,,,,,,,,,,,,,,,
Quorum,torus,DDoS,8,16,10,2023,hop,40 nodes,0,energy_observed,kWh,energy,energy_valid_observed,13,0,13,0,0,13,10.414376940941255,7.148586342594346,12.613054933047232,9.888354345208857,11.286233174050302,1.468266979184163,1.3978788288414457,13.422587225031869,14.098462034844118,-3.265790598346909,2.198677992105978,-31.358482767301737,21.111949419292486,5.464468590452887,3.265790598346909,31.358482767301737
Quorum,torus,DDoS,8,16,10,2023,hop,40 nodes,0,energy_positive_commit,kWh,energy,energy_valid_positive_commit,13,0,13,0,0,0,,,,,,,,,,,,,,,,
Quorum,torus,FIFA,8,16,10,2023,hop,10 nodes,0,tps_positive_commit,TPS,average_throughput,tps_point_valid_positive_commit,11,0,11,0,0,0,,,,,,,,,,,,,,,,
Quorum,torus,FIFA,8,16,10,2023,hop,10 nodes,0,latency_positive_commit,s,average_latency,latency_valid_positive_commit,11,0,11,0,0,0,,,,,,,,,,,,,,,,
Quorum,torus,FIFA,8,16,10,2023,hop,10 nodes,0,energy_observed,kWh,energy,energy_valid_observed,11,0,11,0,0,11,9.612104419327911,6.697605109053062,11.40847397157108,9.251021796625924,10.197275901865707,1.328660792774679,0.9462541052397828,9.844401017295086,13.82278775606123,-2.9144993102748495,1.7963695522431689,-30.321136591217293,18.68861878602826,4.710868862518018,2.9144993102748495,30.321136591217293
Quorum,torus,FIFA,8,16,10,2023,hop,10 nodes,0,energy_positive_commit,kWh,energy,energy_valid_positive_commit,11,0,11,0,0,0,,,,,,,,,,,,,,,,
Quorum,torus,FIFA,8,16,10,2023,hop,40 nodes,0,tps_positive_commit,TPS,average_throughput,tps_point_valid_positive_commit,13,0,13,0,0,0,,,,,,,,,,,,,,,,
Quorum,torus,FIFA,8,16,10,2023,hop,40 nodes,0,latency_positive_commit,s,average_latency,latency_valid_positive_commit,13,0,13,0,0,0,,,,,,,,,,,,,,,,
Quorum,torus,FIFA,8,16,10,2023,hop,40 nodes,0,energy_observed,kWh,energy,energy_valid_observed,13,0,13,0,0,13,9.132429673352382,7.663065261841106,11.690043022364634,8.26352964746665,9.421654188354417,1.335171742721388,1.1581245408877674,12.681450416936382,14.62011524290519,-1.4693644115112763,2.557613349012252,-16.089523424404256,28.00583678706161,4.026977760523528,2.557613349012252,28.00583678706161
Quorum,torus,FIFA,8,16,10,2023,hop,40 nodes,0,energy_positive_commit,kWh,energy,energy_valid_positive_commit,13,0,13,0,0,0,,,,,,,,,,,,,,,,
Quorum,torus,GAFAM,8,16,10,2023,hop,10 nodes,0,tps_positive_commit,TPS,average_throughput,tps_point_valid_positive_commit,10,10,0,0,0,10,85.24,38.8,166.7,64.025,94.625,35.87543882813297,30.599999999999994,35.8986391365556,42.08756314891245,-46.44,81.46,-54.481464101360864,95.56546222430784,127.89999999999999,81.46,95.56546222430784
Quorum,torus,GAFAM,8,16,10,2023,hop,10 nodes,0,latency_positive_commit,s,average_latency,latency_valid_positive_commit,10,10,0,0,0,10,114.70300000000002,47.94,142.04,104.86500000000001,136.975,28.69851217591447,32.109999999999985,27.99403677323172,25.019844446888456,-66.76300000000002,27.336999999999975,-58.20510361542419,23.83285528713283,94.1,66.76300000000002,58.20510361542419
Quorum,torus,GAFAM,8,16,10,2023,hop,10 nodes,0,energy_observed,kWh,energy,energy_valid_observed,10,10,0,0,0,10,14.46170433142861,9.141086667949985,19.79855522491387,12.769876063666452,16.602952675407362,3.1695170248563143,3.8330766117409105,26.5050129908323,21.916621666564048,-5.320617663478625,5.336850893485259,-36.79108313613977,36.90333290722211,10.657468556963885,5.336850893485259,36.90333290722211
Quorum,torus,GAFAM,8,16,10,2023,hop,10 nodes,0,energy_positive_commit,kWh,energy,energy_valid_positive_commit,10,10,0,0,0,10,14.46170433142861,9.141086667949985,19.79855522491387,12.769876063666452,16.602952675407362,3.1695170248563143,3.8330766117409105,26.5050129908323,21.916621666564048,-5.320617663478625,5.336850893485259,-36.79108313613977,36.90333290722211,10.657468556963885,5.336850893485259,36.90333290722211
Quorum,torus,GAFAM,8,16,10,2023,hop,40 nodes,0,tps_positive_commit,TPS,average_throughput,tps_point_valid_positive_commit,14,7,7,0,1,6,7.816666666666666,0.1,25.7,0.375,13.15,10.71567387832733,12.775,163.43283582089552,137.08751230269505,-7.716666666666667,17.883333333333333,-98.72068230277185,228.78464818763325,25.599999999999998,17.883333333333333,228.78464818763325
Quorum,torus,GAFAM,8,16,10,2023,hop,40 nodes,0,latency_positive_commit,s,average_latency,latency_valid_positive_commit,14,7,7,0,1,7,74.70142857142858,15.95,165.81,23.61,129.67000000000002,64.46959811378058,106.06000000000002,141.9785431527414,86.30303241407967,-58.751428571428576,91.10857142857142,-78.64833336520626,121.96362662790919,149.86,91.10857142857142,121.96362662790919
Quorum,torus,GAFAM,8,16,10,2023,hop,40 nodes,0,energy_observed,kWh,energy,energy_valid_observed,14,7,7,0,1,14,14.892001666227214,11.461337375442984,19.54612636787333,13.082558157766531,16.183986631581522,2.2649711666155685,3.101428473814991,20.82613568898906,15.209313142585641,-3.4306642907842306,4.654124701646117,-23.036958816385667,31.252512630326656,8.084788992430347,4.654124701646117,31.252512630326656
Quorum,torus,GAFAM,8,16,10,2023,hop,40 nodes,0,energy_positive_commit,kWh,energy,energy_valid_positive_commit,14,7,7,0,1,7,15.744314383806609,12.8239424569306,19.54612636787333,14.192818004128618,17.129962945345312,2.3474455492552715,2.937144941216694,18.655273704630897,14.90979849633639,-2.920371926876008,3.801811984066722,-18.548739917691673,24.147205723845133,6.72218391094273,3.801811984066722,24.147205723845133
Quorum,torus,Gaming,8,16,10,2023,hop,10 nodes,0,tps_positive_commit,TPS,average_throughput,tps_point_valid_positive_commit,11,0,11,0,0,0,,,,,,,,,,,,,,,,
Quorum,torus,Gaming,8,16,10,2023,hop,10 nodes,0,latency_positive_commit,s,average_latency,latency_valid_positive_commit,11,0,11,0,0,0,,,,,,,,,,,,,,,,
Quorum,torus,Gaming,8,16,10,2023,hop,10 nodes,0,energy_observed,kWh,energy,energy_valid_observed,11,0,11,0,0,11,20.736906363225575,14.887753858279725,23.444616892354976,20.06605667191124,22.325143757512237,2.5513532137856543,2.2590870856009957,10.894041020541119,12.303441839859847,-5.849152504945851,2.7077105291294004,-28.20648558899134,13.05744686165532,8.556863034075251,5.849152504945851,28.20648558899134
Quorum,torus,Gaming,8,16,10,2023,hop,10 nodes,0,energy_positive_commit,kWh,energy,energy_valid_positive_commit,11,0,11,0,0,0,,,,,,,,,,,,,,,,
Quorum,torus,Gaming,8,16,10,2023,hop,40 nodes,0,tps_positive_commit,TPS,average_throughput,tps_point_valid_positive_commit,13,0,13,0,0,0,,,,,,,,,,,,,,,,
Quorum,torus,Gaming,8,16,10,2023,hop,40 nodes,0,latency_positive_commit,s,average_latency,latency_valid_positive_commit,13,0,13,0,0,0,,,,,,,,,,,,,,,,
Quorum,torus,Gaming,8,16,10,2023,hop,40 nodes,0,energy_observed,kWh,energy,energy_valid_observed,13,0,13,0,0,13,21.187807307821576,15.80471433464346,23.89998427789325,20.274765505402577,22.339501787383195,2.181606812666563,2.0647362819806183,9.744926655144779,10.296519979494116,-5.383092973178115,2.712176970071674,-25.406559985048204,12.800649593742822,8.09526994324979,5.383092973178115,25.406559985048204
Quorum,torus,Gaming,8,16,10,2023,hop,40 nodes,0,energy_positive_commit,kWh,energy,energy_valid_positive_commit,13,0,13,0,0,0,,,,,,,,,,,,,,,,
Quorum,torus,PayPal,8,16,10,2023,hop,10 nodes,0,tps_positive_commit,TPS,average_throughput,tps_point_valid_positive_commit,11,11,0,0,0,11,188.88181818181818,152.2,198.0,195.3,197.05,16.9002259264081,1.75,0.9265052702507581,8.947513365283204,-36.68181818181819,9.118181818181824,-19.420513067334078,4.827453434085771,45.80000000000001,36.68181818181819,19.420513067334078
Quorum,torus,PayPal,8,16,10,2023,hop,10 nodes,0,latency_positive_commit,s,average_latency,latency_valid_positive_commit,11,11,0,0,0,11,7.641818181818181,5.42,12.01,7.08,7.79,1.6137770489247774,0.71,9.290982631453724,21.117710609294022,-2.221818181818181,4.368181818181819,-29.074470616226495,57.16155127290033,6.59,4.368181818181819,57.16155127290033
Quorum,torus,PayPal,8,16,10,2023,hop,10 nodes,0,energy_observed,kWh,energy,energy_valid_observed,11,11,0,0,0,11,23.11328928081988,17.459593256036143,26.69453448772996,21.43902620881439,25.05715332195071,2.97775287190525,3.618127113136321,15.65388235822737,12.883293397691695,-5.653696024783738,3.5812452069100793,-24.46080242449675,15.494312226178499,9.234941231693817,5.653696024783738,24.46080242449675
Quorum,torus,PayPal,8,16,10,2023,hop,10 nodes,0,energy_positive_commit,kWh,energy,energy_valid_positive_commit,11,11,0,0,0,11,23.11328928081988,17.459593256036143,26.69453448772996,21.43902620881439,25.05715332195071,2.97775287190525,3.618127113136321,15.65388235822737,12.883293397691695,-5.653696024783738,3.5812452069100793,-24.46080242449675,15.494312226178499,9.234941231693817,5.653696024783738,24.46080242449675
Quorum,torus,PayPal,8,16,10,2023,hop,40 nodes,0,tps_positive_commit,TPS,average_throughput,tps_point_valid_positive_commit,13,13,0,0,0,13,197.30769230769232,195.2,198.2,196.6,198.1,1.0610227286770195,1.5,0.7602339181286549,0.5377503108304582,-2.107692307692332,0.8923076923076678,-1.0682261208577122,0.4522417153995977,3.0,2.107692307692332,1.0682261208577122
Quorum,torus,PayPal,8,16,10,2023,hop,40 nodes,0,latency_positive_commit,s,average_latency,latency_valid_positive_commit,13,13,0,0,0,13,5.072307692307692,4.97,5.23,5.02,5.11,0.07304722743470454,0.09000000000000075,1.7743403093721712,1.4401182236141326,-0.10230769230769265,0.15769230769230802,-2.016985138004253,3.108886866848657,0.2600000000000007,0.15769230769230802,3.108886866848657
Quorum,torus,PayPal,8,16,10,2023,hop,40 nodes,0,energy_observed,kWh,energy,energy_valid_observed,13,13,0,0,0,13,22.364438491205227,18.96936759946843,27.226987710261668,20.295932567905226,24.54933741392844,2.8291303141539768,4.253404846023216,19.01860781211144,12.65012897715508,-3.395070891736797,4.86254921905644,-15.18066681205478,21.742326421334603,8.257620110793237,4.86254921905644,21.742326421334603
Quorum,torus,PayPal,8,16,10,2023,hop,40 nodes,0,energy_positive_commit,kWh,energy,energy_valid_positive_commit,13,13,0,0,0,13,22.364438491205227,18.96936759946843,27.226987710261668,20.295932567905226,24.54933741392844,2.8291303141539768,4.253404846023216,19.01860781211144,12.65012897715508,-3.395070891736797,4.86254921905644,-15.18066681205478,21.742326421334603,8.257620110793237,4.86254921905644,21.742326421334603
Quorum,torus,VISA,8,16,10,2023,hop,10 nodes,0,tps_positive_commit,TPS,average_throughput,tps_point_valid_positive_commit,11,3,8,0,1,2,4.3,0.1,8.5,2.2,6.4,5.939696961966999,4.2,97.67441860465117,138.13248748760464,-4.2,4.2,-97.67441860465117,97.67441860465117,8.4,4.2,97.67441860465117
Quorum,torus,VISA,8,16,10,2023,hop,10 nodes,0,latency_positive_commit,s,average_latency,latency_valid_positive_commit,11,3,8,0,1,3,32.45666666666666,2.85,91.07,3.1500000000000004,47.26,50.76152217313162,44.11,135.9042826332546,156.39782943349582,-29.606666666666662,58.61333333333333,-91.21906131251924,180.58950395398995,88.22,58.61333333333333,180.58950395398995
Quorum,torus,VISA,8,16,10,2023,hop,10 nodes,0,energy_observed,kWh,energy,energy_valid_observed,11,3,8,0,1,11,21.340557329061685,17.311387592741433,25.05109464706309,20.571299930544278,22.308525043901923,1.9878834846816207,1.7372251133576455,8.140486148371968,9.315049527663977,-4.029169736320252,3.7105373180014034,-18.88033978772104,17.387255922076477,7.739707054321656,4.029169736320252,18.88033978772104
Quorum,torus,VISA,8,16,10,2023,hop,10 nodes,0,energy_positive_commit,kWh,energy,energy_valid_positive_commit,11,3,8,0,1,3,21.79581185372565,20.971139660524862,23.10999540532977,21.138720077923587,22.20814795032604,1.1503877614855123,1.0694278724024535,4.906575077723713,5.2780220769288375,-0.8246721932007866,1.3141835516041205,-3.7836268671030115,6.029523288344414,2.138855744804907,1.3141835516041205,6.029523288344414
Quorum,torus,VISA,8,16,10,2023,hop,40 nodes,0,tps_positive_commit,TPS,average_throughput,tps_point_valid_positive_commit,18,18,0,0,0,18,7.3999999999999995,0.6,14.0,4.175,9.424999999999999,3.873590825365134,5.249999999999999,70.94594594594594,52.34582196439371,-6.8,6.6000000000000005,-91.8918918918919,89.1891891891892,13.4,6.8,91.8918918918919
Quorum,torus,VISA,8,16,10,2023,hop,40 nodes,0,latency_positive_commit,s,average_latency,latency_valid_positive_commit,18,18,0,0,0,18,11.94111111111111,5.74,55.64,8.275,9.445,11.42513683217785,1.17,9.798083186005398,95.67900948134424,-6.201111111111111,43.69888888888889,-51.93077137805899,365.95328929003443,49.9,43.69888888888889,365.95328929003443
Quorum,torus,VISA,8,16,10,2023,hop,40 nodes,0,energy_observed,kWh,energy,energy_valid_observed,18,18,0,0,0,18,22.187688957473096,15.47120754960108,27.040405680346257,20.25324715663015,24.46226889673602,3.2535027663027734,4.209021740105872,18.970077272009977,14.663549559121398,-6.716481407872015,4.852716722873161,-30.271207698762243,21.87121305050883,11.569198130745177,6.716481407872015,30.271207698762243
Quorum,torus,VISA,8,16,10,2023,hop,40 nodes,0,energy_positive_commit,kWh,energy,energy_valid_positive_commit,18,18,0,0,0,18,22.187688957473096,15.47120754960108,27.040405680346257,20.25324715663015,24.46226889673602,3.2535027663027734,4.209021740105872,18.970077272009977,14.663549559121398,-6.716481407872015,4.852716722873161,-30.271207698762243,21.87121305050883,11.569198130745177,6.716481407872015,30.271207698762243
Solana,fat-tree,DDoS,8,16,10,2023,hop,10 nodes,0,tps_positive_commit,TPS,average_throughput,tps_point_valid_positive_commit,13,11,2,0,0,11,174.63636363636365,116.2,238.9,146.89999999999998,208.9,42.24931414182419,62.00000000000003,35.50234252993234,24.19273584383478,-58.43636363636365,64.26363636363635,-33.461738677772,36.798542425819875,122.7,64.26363636363635,36.798542425819875
Solana,fat-tree,DDoS,8,16,10,2023,hop,10 nodes,0,latency_positive_commit,s,average_latency,latency_valid_positive_commit,13,11,2,0,0,11,71.61272727272727,64.18,78.98,68.92500000000001,74.38499999999999,4.2959936939178345,5.4599999999999795,7.624343057353921,5.99892485250161,-7.432727272727263,7.367272727272734,-10.37905908040723,10.287658364434977,14.799999999999997,7.432727272727263,10.37905908040723
Solana,fat-tree,DDoS,8,16,10,2023,hop,10 nodes,0,energy_observed,kWh,energy,energy_valid_observed,13,11,2,0,0,13,10.73412556210788,7.667451174807296,11.89451996498542,10.748204901881891,11.567687512071716,1.238003251703693,0.8194826101898247,7.634367657135001,11.533340508647672,-3.0666743873005844,1.1603944028775395,-28.569391792156154,10.810330065206267,4.227068790178124,3.0666743873005844,28.569391792156154
Solana,fat-tree,DDoS,8,16,10,2023,hop,10 nodes,0,energy_positive_commit,kWh,energy,energy_valid_positive_commit,13,11,2,0,0,11,10.623798966930554,7.667451174807296,11.89451996498542,10.42871172104175,11.388876498538522,1.3116317427817563,0.9601647774967716,9.037866590713397,12.346164934639338,-2.9563477921232577,1.2707209980548662,-27.827595395260108,11.96107910183851,4.227068790178124,2.9563477921232577,27.827595395260108
Solana,fat-tree,DDoS,8,16,10,2023,hop,40 nodes,0,tps_positive_commit,TPS,average_throughput,tps_point_valid_positive_commit,13,0,13,0,0,0,,,,,,,,,,,,,,,,
Solana,fat-tree,DDoS,8,16,10,2023,hop,40 nodes,0,latency_positive_commit,s,average_latency,latency_valid_positive_commit,13,0,13,0,0,0,,,,,,,,,,,,,,,,
Solana,fat-tree,DDoS,8,16,10,2023,hop,40 nodes,0,energy_observed,kWh,energy,energy_valid_observed,13,0,13,0,0,13,10.623149161305038,8.545826725035482,13.076479516416189,9.815213786434343,11.442670539718383,1.4061160073948882,1.62745675328404,15.319908706658028,13.236338735755346,-2.077322436269556,2.4533303551111505,-19.554676346221612,23.094190977261608,4.530652791380707,2.4533303551111505,23.094190977261608
Solana,fat-tree,DDoS,8,16,10,2023,hop,40 nodes,0,energy_positive_commit,kWh,energy,energy_valid_positive_commit,13,0,13,0,0,0,,,,,,,,,,,,,,,,
Solana,fat-tree,FIFA,8,16,10,2023,hop,10 nodes,0,tps_positive_commit,TPS,average_throughput,tps_point_valid_positive_commit,14,9,5,0,0,9,26.533333333333335,4.7,73.0,8.8,42.2,23.200323273609786,33.400000000000006,125.87939698492464,87.43840429752431,-21.833333333333336,46.46666666666667,-82.28643216080403,175.12562814070353,68.3,46.46666666666667,175.12562814070353
Solana,fat-tree,FIFA,8,16,10,2023,hop,10 nodes,0,latency_positive_commit,s,average_latency,latency_valid_positive_commit,14,9,5,0,0,9,70.50444444444446,53.9,98.84,56.22,85.84,16.73430915149406,29.620000000000005,42.01153591578151,23.7351124221399,-16.60444444444446,28.335555555555544,-23.550918775806114,40.18974375137893,44.940000000000005,28.335555555555544,40.18974375137893
Solana,fat-tree,FIFA,8,16,10,2023,hop,10 nodes,0,energy_observed,kWh,energy,energy_valid_observed,14,9,5,0,0,14,9.601260376254684,7.8111470012713795,12.190003062204344,8.843372684840299,10.391453702356724,1.1317083039123583,1.5480810175164255,16.123727061345562,11.787080649445128,-1.7901133749833047,2.5887426859496596,-18.644566492650444,26.962529756530685,4.378856060932964,2.5887426859496596,26.962529756530685
Solana,fat-tree,FIFA,8,16,10,2023,hop,10 nodes,0,energy_positive_commit,kWh,energy,energy_valid_positive_commit,14,9,5,0,0,9,9.789228850113801,8.609840660253145,12.190003062204344,8.9965238742105,10.257236080919132,1.1050136505109938,1.2607122067086323,12.878565063824984,11.288056162852376,-1.1793881898606564,2.4007742120905426,-12.047815082461229,24.524651010305405,3.580162401951199,2.4007742120905426,24.524651010305405
Solana,fat-tree,FIFA,8,16,10,2023,hop,40 nodes,0,tps_positive_commit,TPS,average_throughput,tps_point_valid_positive_commit,13,0,13,0,0,0,,,,,,,,,,,,,,,,
Solana,fat-tree,FIFA,8,16,10,2023,hop,40 nodes,0,latency_positive_commit,s,average_latency,latency_valid_positive_commit,13,0,13,0,0,0,,,,,,,,,,,,,,,,
Solana,fat-tree,FIFA,8,16,10,2023,hop,40 nodes,0,energy_observed,kWh,energy,energy_valid_observed,13,0,13,0,0,13,8.788492460690945,6.53955711676285,11.444622641149516,7.901230106708511,9.444414617042776,1.29072547767993,1.5431845103342647,17.559149276586403,14.686540193930531,-2.2489353439280944,2.6561301804585717,-25.58954626162682,30.222819127841056,4.905065524386666,2.6561301804585717,30.222819127841056
Solana,fat-tree,FIFA,8,16,10,2023,hop,40 nodes,0,energy_positive_commit,kWh,energy,energy_valid_positive_commit,13,0,13,0,0,0,,,,,,,,,,,,,,,,
Solana,fat-tree,GAFAM,8,16,10,2023,hop,10 nodes,0,tps_positive_commit,TPS,average_throughput,tps_point_valid_positive_commit,13,12,1,0,0,12,22.658333333333335,2.6,35.5,14.475,32.075,12.184226638891728,17.6,77.6756160353071,53.77371080055194,-20.058333333333334,12.841666666666665,-88.52519308569326,56.67524825303419,32.9,20.058333333333334,88.52519308569326
Solana,fat-tree,GAFAM,8,16,10,2023,hop,10 nodes,0,latency_positive_commit,s,average_latency,latency_valid_positive_commit,13,12,1,0,0,12,99.37083333333334,58.54,173.01,68.675,135.1575,42.07580744287265,66.4825,66.90343410625184,42.34221051737782,-40.83083333333334,73.63916666666665,-41.08935385131453,74.10541322487315,114.47,73.63916666666665,74.10541322487315
Solana,fat-tree,GAFAM,8,16,10,2023,hop,10 nodes,0,energy_observed,kWh,energy,energy_valid_observed,13,12,1,0,0,13,15.20539850687744,9.520622355928978,18.228685357811237,13.985465653371554,16.887537440355672,2.2948130037215853,2.902071786984118,19.08579893957731,15.092093789476387,-5.684776150948462,3.023286850933797,-37.38656470185391,19.8829833336256,8.708063001882259,5.684776150948462,37.38656470185391
Solana,fat-tree,GAFAM,8,16,10,2023,hop,10 nodes,0,energy_positive_commit,kWh,energy,energy_valid_positive_commit,13,12,1,0,0,12,15.679129852789812,13.57802131555348,18.228685357811237,14.07164349842713,16.91427219891724,1.600689173194541,2.842628700490108,18.130015678034038,10.20904341135824,-2.101108537236332,2.5495555050214254,-13.400670553554209,16.260822692069095,4.650664042257757,2.5495555050214254,16.260822692069095
Solana,fat-tree,GAFAM,8,16,10,2023,hop,40 nodes,0,tps_positive_commit,TPS,average_throughput,tps_point_valid_positive_commit,13,13,0,0,0,13,4.253846153846154,2.1,5.6,4.1,4.8,0.9359624143231614,0.7000000000000002,16.455696202531648,22.002733067271425,-2.1538461538461537,1.3461538461538458,-50.63291139240506,31.64556962025316,3.4999999999999996,2.1538461538461537,50.63291139240506
Solana,fat-tree,GAFAM,8,16,10,2023,hop,40 nodes,0,latency_positive_commit,s,average_latency,latency_valid_positive_commit,13,13,0,0,0,13,104.09769230769231,84.89,133.13,98.86,105.54,10.646834548232441,6.680000000000007,6.417049073725131,10.227733499377193,-19.207692307692312,29.032307692307683,-18.45160241489134,27.889482512728417,48.239999999999995,29.032307692307683,27.889482512728417
Solana,fat-tree,GAFAM,8,16,10,2023,hop,40 nodes,0,energy_observed,kWh,energy,energy_valid_observed,13,13,0,0,0,13,14.66726634287025,11.100826400627424,17.655247060856006,12.008527614432657,16.8913575961939,2.4320286383910426,4.882829981761242,33.290661447180874,16.581335482281265,-3.566439942242825,2.9879807179857565,-24.315641775854637,20.37176286389735,6.5544206602285815,3.566439942242825,24.315641775854637
Solana,fat-tree,GAFAM,8,16,10,2023,hop,40 nodes,0,energy_positive_commit,kWh,energy,energy_valid_positive_commit,13,13,0,0,0,13,14.66726634287025,11.100826400627424,17.655247060856006,12.008527614432657,16.8913575961939,2.4320286383910426,4.882829981761242,33.290661447180874,16.581335482281265,-3.566439942242825,2.9879807179857565,-24.315641775854637,20.37176286389735,6.5544206602285815,3.566439942242825,24.315641775854637
Solana,fat-tree,Gaming,8,16,10,2023,hop,10 nodes,0,tps_positive_commit,TPS,average_throughput,tps_point_valid_positive_commit,12,9,3,0,0,9,23.333333333333332,0.9,59.8,6.5,39.0,20.681392603013947,32.5,139.2857142857143,88.63453972720264,-22.433333333333334,36.46666666666667,-96.14285714285715,156.2857142857143,58.9,36.46666666666667,156.2857142857143
Solana,fat-tree,Gaming,8,16,10,2023,hop,10 nodes,0,latency_positive_commit,s,average_latency,latency_valid_positive_commit,12,9,3,0,0,9,113.37777777777778,61.61,170.81,75.14,134.39,40.26172803599523,59.249999999999986,52.25891807134455,35.51112821677353,-51.76777777777778,57.43222222222222,-45.659545276362216,50.655625245001964,109.2,57.43222222222222,50.655625245001964
Solana,fat-tree,Gaming,8,16,10,2023,hop,10 nodes,0,energy_observed,kWh,energy,energy_valid_observed,12,9,3,0,0,12,20.898648034721635,16.350620310641887,25.445197482616656,18.86381356919357,23.044206537633592,2.904932868927133,4.180392968440021,20.00317418377778,13.900099490171762,-4.548027724079748,4.546549447895021,-21.76230594688958,21.755232397527575,9.09457717197477,4.548027724079748,21.76230594688958
Solana,fat-tree,Gaming,8,16,10,2023,hop,10 nodes,0,energy_positive_commit,kWh,energy,energy_valid_positive_commit,12,9,3,0,0,9,20.6783665566138,16.350620310641887,24.26691496858612,18.29175672195811,22.733201361118475,2.9111437518483276,4.441444639160366,21.47870155507911,14.078209436311704,-4.3277462459719125,3.5885484119723223,-20.928859318376478,17.354119350517827,7.916294657944235,4.3277462459719125,20.928859318376478
Solana,fat-tree,Gaming,8,16,10,2023,hop,40 nodes,0,tps_positive_commit,TPS,average_throughput,tps_point_valid_positive_commit,13,0,13,0,0,0,,,,,,,,,,,,,,,,
Solana,fat-tree,Gaming,8,16,10,2023,hop,40 nodes,0,latency_positive_commit,s,average_latency,latency_valid_positive_commit,13,0,13,0,0,0,,,,,,,,,,,,,,,,
Solana,fat-tree,Gaming,8,16,10,2023,hop,40 nodes,0,energy_observed,kWh,energy,energy_valid_observed,13,0,13,0,0,13,21.587401351969536,16.088721046350923,27.171456978477977,18.79539249196704,24.297727979975463,3.3917770328504093,5.502335488008423,25.48864218669106,15.71183570245225,-5.498680305618613,5.584055626508441,-25.471710170047583,25.867196961152423,11.082735932127054,5.584055626508441,25.867196961152423
Solana,fat-tree,Gaming,8,16,10,2023,hop,40 nodes,0,energy_positive_commit,kWh,energy,energy_valid_positive_commit,13,0,13,0,0,0,,,,,,,,,,,,,,,,
Solana,fat-tree,PayPal,8,16,10,2023,hop,10 nodes,0,tps_positive_commit,TPS,average_throughput,tps_point_valid_positive_commit,13,7,6,0,0,7,115.32857142857142,21.8,152.3,94.8,150.5,50.14291954954738,55.7,48.29679177505265,43.478314981646434,-93.52857142857142,36.97142857142859,-81.09748544531153,32.05747553573642,130.5,93.52857142857142,81.09748544531153
Solana,fat-tree,PayPal,8,16,10,2023,hop,10 nodes,0,latency_positive_commit,s,average_latency,latency_valid_positive_commit,13,7,6,0,0,7,49.69571428571429,32.88,93.9,35.72,54.08500000000001,22.302463135375024,18.36500000000001,36.9548969442608,44.87804120723982,-16.815714285714286,44.20428571428572,-33.837353034179436,88.94989507574668,61.02,44.20428571428572,88.94989507574668
Solana,fat-tree,PayPal,8,16,10,2023,hop,10 nodes,0,energy_observed,kWh,energy,energy_valid_observed,13,7,6,0,0,13,21.389839905961246,18.926550031918683,24.761960610264296,19.624143538690983,22.6206750278464,1.8370570597753286,2.996531489155416,14.009134721575437,8.588456331846363,-2.4632898740425624,3.3721207043030503,-11.516167885651427,15.765058173078035,5.835410578345613,3.3721207043030503,15.765058173078035
Solana,fat-tree,PayPal,8,16,10,2023,hop,10 nodes,0,energy_positive_commit,kWh,energy,energy_valid_positive_commit,13,7,6,0,0,7,21.62142263183336,18.926550031918683,23.641687955879203,20.466080399258374,22.6355940562717,1.8868448273097391,2.1695136570133258,10.034093010231143,8.726737640897529,-2.694872599914678,2.020265324045841,-12.463900483342847,9.343813117418977,4.715137923960519,2.694872599914678,12.463900483342847
Solana,fat-tree,PayPal,8,16,10,2023,hop,40 nodes,0,tps_positive_commit,TPS,average_throughput,tps_point_valid_positive_commit,13,2,11,0,0,2,96.65,40.9,152.4,68.775,124.525,78.84240610230006,55.75,57.682359027418514,81.57517444624942,-55.75000000000001,55.75,-57.68235902741853,57.682359027418514,111.5,55.75000000000001,57.68235902741853
Solana,fat-tree,PayPal,8,16,10,2023,hop,40 nodes,0,latency_positive_commit,s,average_latency,latency_valid_positive_commit,13,2,11,0,0,2,66.28,61.99,70.57,64.135,68.425,6.0669761825805715,4.289999999999992,6.472540736270356,9.153554892245882,-4.289999999999999,4.289999999999992,-6.472540736270366,6.472540736270356,8.579999999999991,4.289999999999999,6.472540736270366
Solana,fat-tree,PayPal,8,16,10,2023,hop,40 nodes,0,energy_observed,kWh,energy,energy_valid_observed,13,2,11,0,0,13,22.689087516703832,17.97053798185764,26.90894120061217,20.349306268938083,24.993965425963253,3.020322501129028,4.6446591570251705,20.470894449174065,13.311784790399567,-4.718549534846193,4.219853683908337,-20.796559277107864,18.59860464111506,8.93840321875453,4.718549534846193,20.796559277107864
Solana,fat-tree,PayPal,8,16,10,2023,hop,40 nodes,0,energy_positive_commit,kWh,energy,energy_valid_positive_commit,13,2,11,0,0,2,26.766664411083624,26.624387621555083,26.90894120061217,26.695526016319356,26.837802805847897,0.20120976536216761,0.14227678952854106,0.5315447130185809,0.751717742158601,-0.14227678952854106,0.1422767895285446,-0.5315447130185809,0.5315447130185941,0.28455357905708567,0.1422767895285446,0.5315447130185941
Solana,fat-tree,VISA,8,16,10,2023,hop,10 nodes,0,tps_positive_commit,TPS,average_throughput,tps_point_valid_positive_commit,13,10,3,0,0,10,212.16,10.0,483.6,86.3,261.2,163.2534171839053,174.89999999999998,82.43778280542985,76.94825470583771,-202.16,271.44000000000005,-95.28657616892912,127.94117647058827,473.6,271.44000000000005,127.94117647058827
Solana,fat-tree,VISA,8,16,10,2023,hop,10 nodes,0,latency_positive_commit,s,average_latency,latency_valid_positive_commit,13,10,3,0,0,10,98.345,64.29,169.94,70.5225,114.665,40.799784381238524,44.14250000000001,44.885352585286505,41.48638403705173,-34.05499999999999,71.595,-34.628094971783,72.7998373074381,105.64999999999999,71.595,72.7998373074381
Solana,fat-tree,VISA,8,16,10,2023,hop,10 nodes,0,energy_observed,kWh,energy,energy_valid_observed,13,10,3,0,0,13,22.90746684265919,17.71043520379234,25.80658330581761,21.324850191786474,25.12729180208906,2.771915760609845,3.802441610302587,16.599136152503473,12.10049011376445,-5.19703163886685,2.899116463158421,-22.687063893021698,12.655770640512603,8.096148102025271,5.19703163886685,22.687063893021698
Solana,fat-tree,VISA,8,16,10,2023,hop,10 nodes,0,energy_positive_commit,kWh,energy,energy_valid_positive_commit,13,10,3,0,0,10,23.445978187334664,18.93934161620693,25.654062860397143,21.81410274740179,25.062885346688,2.2200463417704324,3.2487825992862085,13.856460043288687,9.468772529054405,-4.506636571127732,2.20808467306248,-19.221362977989045,9.417754530946677,6.714721244190212,4.506636571127732,19.221362977989045
Solana,fat-tree,VISA,8,16,10,2023,hop,40 nodes,0,tps_positive_commit,TPS,average_throughput,tps_point_valid_positive_commit,13,0,13,0,0,0,,,,,,,,,,,,,,,,
Solana,fat-tree,VISA,8,16,10,2023,hop,40 nodes,0,latency_positive_commit,s,average_latency,latency_valid_positive_commit,13,0,13,0,0,0,,,,,,,,,,,,,,,,
Solana,fat-tree,VISA,8,16,10,2023,hop,40 nodes,0,energy_observed,kWh,energy,energy_valid_observed,13,0,13,0,0,13,22.49067927944643,19.80659412439455,24.905228350357326,21.12206788759352,23.507078491086823,1.6204670794157903,2.3850106034933027,10.604440060967361,7.205060635481506,-2.6840851550518785,2.4145490709108977,-11.93421115343895,10.735776545075199,5.098634225962776,2.6840851550518785,11.93421115343895
Solana,fat-tree,VISA,8,16,10,2023,hop,40 nodes,0,energy_positive_commit,kWh,energy,energy_valid_positive_commit,13,0,13,0,0,0,,,,,,,,,,,,,,,,
Solana,full mesh,DDoS,8,16,10,2023,hop,10 nodes,0,tps_positive_commit,TPS,average_throughput,tps_point_valid_positive_commit,14,12,2,0,0,12,304.7,147.3,413.9,279.675,339.425,67.67411214449328,59.75,19.609451919921234,22.210079469804164,-157.39999999999998,109.19999999999999,-51.65736790285526,35.83852970134558,266.59999999999997,157.39999999999998,51.65736790285526
Solana,full mesh,DDoS,8,16,10,2023,hop,10 nodes,0,latency_positive_commit,s,average_latency,latency_valid_positive_commit,14,12,2,0,0,12,65.07333333333334,55.91,70.71,61.5875,68.86500000000001,4.806204954078223,7.2775000000000105,11.18353652289726,7.385828737954444,-9.163333333333341,5.636666666666656,-14.081549021616649,8.66202233377726,14.799999999999997,9.163333333333341,14.081549021616649
Solana,full mesh,DDoS,8,16,10,2023,hop,10 nodes,0,energy_observed,kWh,energy,energy_valid_observed,14,12,2,0,0,14,10.315779191718429,8.709584158665026,12.266796601613024,9.306366124609921,11.304382646029081,1.253883534402004,1.99801652141916,19.36854680859377,12.15500556088511,-1.6061950330534032,1.951017409894595,-15.570273492698123,18.912942722357645,3.557212442947998,1.951017409894595,18.912942722357645
Solana,full mesh,DDoS,8,16,10,2023,hop,10 nodes,0,energy_positive_commit,kWh,energy,energy_valid_positive_commit,14,12,2,0,0,12,10.460244427556988,8.709584158665026,12.266796601613024,9.231792706419363,11.371249633893898,1.301524865002363,2.1394569274745354,20.45322116793221,12.442585582164421,-1.7506602688919628,1.8065521740560353,-16.73632276010622,17.27064971155707,3.557212442947998,1.8065521740560353,17.27064971155707
Solana,full mesh,DDoS,8,16,10,2023,hop,40 nodes,0,tps_positive_commit,TPS,average_throughput,tps_point_valid_positive_commit,13,0,13,0,0,0,,,,,,,,,,,,,,,,
Solana,full mesh,DDoS,8,16,10,2023,hop,40 nodes,0,latency_positive_commit,s,average_latency,latency_valid_positive_commit,13,0,13,0,0,0,,,,,,,,,,,,,,,,
Solana,full mesh,DDoS,8,16,10,2023,hop,40 nodes,0,energy_observed,kWh,energy,energy_valid_observed,13,0,13,0,0,13,10.73857417180955,8.899957255189836,14.255875398211373,9.27321687735876,11.630590133989497,1.6144552924996505,2.357373256630737,21.95238603295411,15.034168099689156,-1.8386169166197135,3.5173012264018233,-17.12161118602107,32.75389423332656,5.355918143021537,3.5173012264018233,32.75389423332656
Solana,full mesh,DDoS,8,16,10,2023,hop,40 nodes,0,energy_positive_commit,kWh,energy,energy_valid_positive_commit,13,0,13,0,0,0,,,,,,,,,,,,,,,,
Solana,full mesh,FIFA,8,16,10,2023,hop,10 nodes,0,tps_positive_commit,TPS,average_throughput,tps_point_valid_positive_commit,13,13,0,0,0,13,43.00769230769231,12.6,68.4,30.6,56.3,16.831045795318325,25.699999999999996,59.75675192273295,39.134966077470615,-30.407692307692308,25.392307692307696,-70.7029153997496,59.04131640135933,55.800000000000004,30.407692307692308,70.7029153997496
Solana,full mesh,FIFA,8,16,10,2023,hop,10 nodes,0,latency_positive_commit,s,average_latency,latency_valid_positive_commit,13,13,0,0,0,13,67.88923076923076,59.95,76.49,65.86,71.2,5.017216129718519,5.340000000000003,7.865754169688185,7.3902975079700814,-7.939230769230761,8.600769230769231,-11.694389050036246,12.668827048585934,16.539999999999992,8.600769230769231,12.668827048585934
Solana,full mesh,FIFA,8,16,10,2023,hop,10 nodes,0,energy_observed,kWh,energy,energy_valid_observed,13,13,0,0,0,13,9.265924332452093,5.625818509407191,11.626267793163548,8.512301340638443,10.201130779335587,1.7501221706150785,1.6888294386971445,18.22623818308497,18.887723532185742,-3.6401058230449017,2.360343460711455,-39.2848645471466,25.473372931017927,6.000449283756357,3.6401058230449017,39.2848645471466
Solana,full mesh,FIFA,8,16,10,2023,hop,10 nodes,0,energy_positive_commit,kWh,energy,energy_valid_positive_commit,13,13,0,0,0,13,9.265924332452093,5.625818509407191,11.626267793163548,8.512301340638443,10.201130779335587,1.7501221706150785,1.6888294386971445,18.22623818308497,18.887723532185742,-3.6401058230449017,2.360343460711455,-39.2848645471466,25.473372931017927,6.000449283756357,3.6401058230449017,39.2848645471466
Solana,full mesh,FIFA,8,16,10,2023,hop,40 nodes,0,tps_positive_commit,TPS,average_throughput,tps_point_valid_positive_commit,13,0,13,0,0,0,,,,,,,,,,,,,,,,
Solana,full mesh,FIFA,8,16,10,2023,hop,40 nodes,0,latency_positive_commit,s,average_latency,latency_valid_positive_commit,13,0,13,0,0,0,,,,,,,,,,,,,,,,
Solana,full mesh,FIFA,8,16,10,2023,hop,40 nodes,0,energy_observed,kWh,energy,energy_valid_observed,13,0,13,0,0,13,8.898842552976692,6.59293782117368,12.284906083132158,7.794570570645717,9.564442133743562,1.4849727433202933,1.769871563097845,19.88878387904298,16.68725718518938,-2.305904731803012,3.3860635301554662,-25.91241184542229,38.05060613217409,5.691968261958478,3.3860635301554662,38.05060613217409
Solana,full mesh,FIFA,8,16,10,2023,hop,40 nodes,0,energy_positive_commit,kWh,energy,energy_valid_positive_commit,13,0,13,0,0,0,,,,,,,,,,,,,,,,
Solana,full mesh,GAFAM,8,16,10,2023,hop,10 nodes,0,tps_positive_commit,TPS,average_throughput,tps_point_valid_positive_commit,13,13,0,0,0,13,54.66153846153845,48.1,61.3,52.8,56.8,3.5685053971138623,4.0,7.317759639741066,6.5283661922994956,-6.561538461538447,6.638461538461549,-12.003940332113682,12.144666479031825,13.199999999999996,6.638461538461549,12.144666479031825
Solana,full mesh,GAFAM,8,16,10,2023,hop,10 nodes,0,latency_positive_commit,s,average_latency,latency_valid_positive_commit,13,13,0,0,0,13,44.73461538461539,39.25,52.58,42.35,46.35,3.581858491957807,4.0,8.941621528673371,8.006905751087865,-5.484615384615388,7.84538461538461,-12.260338749892535,17.537614994411474,13.329999999999998,7.84538461538461,17.537614994411474
Solana,full mesh,GAFAM,8,16,10,2023,hop,10 nodes,0,energy_observed,kWh,energy,energy_valid_observed,13,13,0,0,0,13,14.756016392437875,11.43951432217412,18.787711979326485,13.638657860230014,16.10908705753771,2.151811386364849,2.4704291973076966,16.74184367654766,14.582603658990266,-3.3165020702637555,4.03169558688861,-22.47559220633143,27.322384847408838,7.348197657152365,4.03169558688861,27.322384847408838
Solana,full mesh,GAFAM,8,16,10,2023,hop,10 nodes,0,energy_positive_commit,kWh,energy,energy_valid_positive_commit,13,13,0,0,0,13,14.756016392437875,11.43951432217412,18.787711979326485,13.638657860230014,16.10908705753771,2.151811386364849,2.4704291973076966,16.74184367654766,14.582603658990266,-3.3165020702637555,4.03169558688861,-22.47559220633143,27.322384847408838,7.348197657152365,4.03169558688861,27.322384847408838
Solana,full mesh,GAFAM,8,16,10,2023,hop,40 nodes,0,tps_positive_commit,TPS,average_throughput,tps_point_valid_positive_commit,13,13,0,0,0,13,3.6230769230769226,1.5,6.0,2.9,4.4,1.305854666590586,1.5000000000000004,41.40127388535034,36.04269780398646,-2.1230769230769226,2.3769230769230774,-58.59872611464968,65.6050955414013,4.5,2.3769230769230774,65.6050955414013
Solana,full mesh,GAFAM,8,16,10,2023,hop,40 nodes,0,latency_positive_commit,s,average_latency,latency_valid_positive_commit,13,13,0,0,0,13,91.90384615384616,78.32,109.62,85.87,93.65,9.264661838100677,7.780000000000001,8.465369324126387,10.080820581319003,-13.583846153846167,17.716153846153844,-14.780498012136443,19.276836158192086,31.30000000000001,17.716153846153844,19.276836158192086
Solana,full mesh,GAFAM,8,16,10,2023,hop,40 nodes,0,energy_observed,kWh,energy,energy_valid_observed,13,13,0,0,0,13,14.80869953782197,13.166104789430412,18.539571896243647,13.721308259455974,15.538045623056387,1.4831719100768253,1.8167373636004136,12.268041221043067,10.015544621516218,-1.6425947483915593,3.730872358421676,-11.092093159134677,25.19378794129011,5.373467106813235,3.730872358421676,25.19378794129011
Solana,full mesh,GAFAM,8,16,10,2023,hop,40 nodes,0,energy_positive_commit,kWh,energy,energy_valid_positive_commit,13,13,0,0,0,13,14.80869953782197,13.166104789430412,18.539571896243647,13.721308259455974,15.538045623056387,1.4831719100768253,1.8167373636004136,12.268041221043067,10.015544621516218,-1.6425947483915593,3.730872358421676,-11.092093159134677,25.19378794129011,5.373467106813235,3.730872358421676,25.19378794129011
Solana,full mesh,Gaming,8,16,10,2023,hop,10 nodes,0,tps_positive_commit,TPS,average_throughput,tps_point_valid_positive_commit,16,15,1,0,0,15,38.43333333333333,16.8,90.8,25.35,44.65,20.793703259354626,19.299999999999997,50.21682567215958,54.10330423075792,-21.63333333333333,52.36666666666667,-56.28794449262792,136.25325238508242,74.0,52.36666666666667,136.25325238508242
Solana,full mesh,Gaming,8,16,10,2023,hop,10 nodes,0,latency_positive_commit,s,average_latency,latency_valid_positive_commit,16,15,1,0,0,15,65.59866666666667,47.86,76.58,62.089999999999996,71.2,9.193481282693629,9.110000000000007,13.887477387751792,14.014738027236774,-17.738666666666674,10.981333333333325,-27.04120002439075,16.740177645887098,28.72,17.738666666666674,27.04120002439075
Solana,full mesh,Gaming,8,16,10,2023,hop,10 nodes,0,energy_observed,kWh,energy,energy_valid_observed,16,15,1,0,0,16,21.28459086926944,16.562755414369974,26.28339987611661,19.539861501561685,22.294127738740933,2.659693828209067,2.754266237179248,12.940188768936315,12.495865410545035,-4.721835454899466,4.998809006847171,-22.18429042823098,23.48557713676527,9.720644461746637,4.998809006847171,23.48557713676527
Solana,full mesh,Gaming,8,16,10,2023,hop,10 nodes,0,energy_positive_commit,kWh,energy,energy_valid_positive_commit,16,15,1,0,0,15,20.973303666951868,16.562755414369974,26.28339987611661,19.377584498702085,21.979183149526875,2.432717991095457,2.6015986508247906,12.404334062659817,11.599116809283357,-4.4105482525818935,5.310096209164744,-21.029344363767063,25.318358487947652,9.720644461746637,5.310096209164744,25.318358487947652
Solana,full mesh,Gaming,8,16,10,2023,hop,40 nodes,0,tps_positive_commit,TPS,average_throughput,tps_point_valid_positive_commit,13,0,13,0,0,0,,,,,,,,,,,,,,,,
Solana,full mesh,Gaming,8,16,10,2023,hop,40 nodes,0,latency_positive_commit,s,average_latency,latency_valid_positive_commit,13,0,13,0,0,0,,,,,,,,,,,,,,,,
Solana,full mesh,Gaming,8,16,10,2023,hop,40 nodes,0,energy_observed,kWh,energy,energy_valid_observed,13,0,13,0,0,13,21.167259006889626,17.4284199362163,26.63577652054332,19.515262419854285,22.550589538216688,2.850482819124797,3.035327118362403,14.339726827051388,13.466471110865168,-3.7388390706733254,5.468517513653694,-17.6633123327701,25.834792836775765,9.20735658432702,5.468517513653694,25.834792836775765
Solana,full mesh,Gaming,8,16,10,2023,hop,40 nodes,0,energy_positive_commit,kWh,energy,energy_valid_positive_commit,13,0,13,0,0,0,,,,,,,,,,,,,,,,
Solana,full mesh,PayPal,8,16,10,2023,hop,10 nodes,0,tps_positive_commit,TPS,average_throughput,tps_point_valid_positive_commit,14,13,1,0,0,13,178.0846153846154,56.9,190.0,187.5,189.0,36.42709262242976,1.5,0.8422962291045742,20.454935168743763,-121.1846153846154,11.915384615384596,-68.04889637596648,6.690855686579402,133.1,121.1846153846154,68.04889637596648
Solana,full mesh,PayPal,8,16,10,2023,hop,10 nodes,0,latency_positive_commit,s,average_latency,latency_valid_positive_commit,14,13,1,0,0,13,18.854615384615382,15.82,21.42,18.9,19.62,1.7983817512077138,0.7200000000000024,3.818693647750003,9.538151346620001,-3.034615384615382,2.5653846153846196,-16.094814573048822,13.60613602056222,5.600000000000001,3.034615384615382,16.094814573048822
Solana,full mesh,PayPal,8,16,10,2023,hop,10 nodes,0,energy_observed,kWh,energy,energy_valid_observed,14,13,1,0,0,14,22.92962615483322,17.536618808991193,27.99941415434878,21.560562858358693,24.192460594329575,2.5979857686333276,2.631897735970881,11.478153713448647,11.330257855450082,-5.393007345842026,5.069787999515562,-23.519822387968855,22.11020783889635,10.462795345357588,5.393007345842026,23.519822387968855
Solana,full mesh,PayPal,8,16,10,2023,hop,10 nodes,0,energy_positive_commit,kWh,energy,energy_valid_positive_commit,14,13,1,0,0,13,23.104075610579972,17.536618808991193,27.99941415434878,22.210208593877585,24.208494036895186,2.6173325353496097,1.9982854430176005,8.649060350644508,11.328445160346789,-5.567456801588779,4.895338543768808,-24.097293029283943,21.188203442024328,10.462795345357588,5.567456801588779,24.097293029283943
Solana,full mesh,PayPal,8,16,10,2023,hop,40 nodes,0,tps_positive_commit,TPS,average_throughput,tps_point_valid_positive_commit,13,0,13,0,0,0,,,,,,,,,,,,,,,,
Solana,full mesh,PayPal,8,16,10,2023,hop,40 nodes,0,latency_positive_commit,s,average_latency,latency_valid_positive_commit,13,0,13,0,0,0,,,,,,,,,,,,,,,,
Solana,full mesh,PayPal,8,16,10,2023,hop,40 nodes,0,energy_observed,kWh,energy,energy_valid_observed,13,0,13,0,0,13,22.380675283096046,17.493033824014102,27.20234123966704,19.37015217655273,24.28625516754648,3.3321067961504878,4.91610299099375,21.965838513848798,14.8883210805851,-4.887641459081944,4.8216659565709925,-21.838668392519608,21.543880582605833,9.709307415652937,4.887641459081944,21.838668392519608
Solana,full mesh,PayPal,8,16,10,2023,hop,40 nodes,0,energy_positive_commit,kWh,energy,energy_valid_positive_commit,13,0,13,0,0,0,,,,,,,,,,,,,,,,
Solana,full mesh,VISA,8,16,10,2023,hop,10 nodes,0,tps_positive_commit,TPS,average_throughput,tps_point_valid_positive_commit,16,14,2,0,0,14,507.9428571428572,417.3,684.8,452.625,524.225,75.61252149342334,71.60000000000002,14.096073799077514,14.88602909365405,-90.64285714285717,176.85714285714278,-17.84508943638205,34.818314771065346,267.49999999999994,176.85714285714278,34.818314771065346
Solana,full mesh,VISA,8,16,10,2023,hop,10 nodes,0,latency_positive_commit,s,average_latency,latency_valid_positive_commit,16,14,2,0,0,14,69.90857142857143,55.99,83.16,66.61,75.4375,7.759952276957594,8.8275,12.627206964198136,11.100144257541105,-13.918571428571433,13.251428571428562,-19.909677946705905,18.955370279548784,27.169999999999995,13.918571428571433,19.909677946705905
Solana,full mesh,VISA,8,16,10,2023,hop,10 nodes,0,energy_observed,kWh,energy,energy_valid_observed,16,14,2,0,0,16,23.03230829163323,20.474147705530758,26.59466152202346,21.046424320621146,24.689148929949052,1.9628096140140936,3.6427246093279066,15.815716615130457,8.521983941692499,-2.5581605861024705,3.562353230390233,-11.106835466559616,15.466766010961662,6.1205138164927035,3.562353230390233,15.466766010961662
Solana,full mesh,VISA,8,16,10,2023,hop,10 nodes,0,energy_positive_commit,kWh,energy,energy_valid_positive_commit,16,14,2,0,0,14,22.960580245612675,20.770062207696444,25.495285458841156,21.273848987179548,24.355842900515622,1.720526502923976,3.081993913336074,13.42297921205621,7.493392956620665,-2.190518037916231,2.534705213228481,-9.540342685088705,11.039377864646143,4.725223251144712,2.534705213228481,11.039377864646143
Solana,full mesh,VISA,8,16,10,2023,hop,40 nodes,0,tps_positive_commit,TPS,average_throughput,tps_point_valid_positive_commit,13,0,13,0,0,0,,,,,,,,,,,,,,,,
Solana,full mesh,VISA,8,16,10,2023,hop,40 nodes,0,latency_positive_commit,s,average_latency,latency_valid_positive_commit,13,0,13,0,0,0,,,,,,,,,,,,,,,,
Solana,full mesh,VISA,8,16,10,2023,hop,40 nodes,0,energy_observed,kWh,energy,energy_valid_observed,13,0,13,0,0,13,22.25743055843581,18.924296719813725,26.880486158800043,19.80365528736765,23.94079492166217,2.7705994954362296,4.13713963429452,18.587678498794638,12.44797546671955,-3.3331338386220857,4.623055600364232,-14.975375661045437,20.770841397108363,7.956189438986318,4.623055600364232,20.770841397108363
Solana,full mesh,VISA,8,16,10,2023,hop,40 nodes,0,energy_positive_commit,kWh,energy,energy_valid_positive_commit,13,0,13,0,0,0,,,,,,,,,,,,,,,,
Solana,hypercube,DDoS,8,16,10,2023,hop,10 nodes,0,tps_positive_commit,TPS,average_throughput,tps_point_valid_positive_commit,14,12,2,0,0,12,215.57500000000002,11.2,347.9,132.70000000000002,282.225,115.6506740537681,149.525,69.36101124898526,53.64753522150903,-204.37500000000003,132.32499999999996,-94.80459236924506,61.382349530325854,336.7,204.37500000000003,94.80459236924506
Solana,hypercube,DDoS,8,16,10,2023,hop,10 nodes,0,latency_positive_commit,s,average_latency,latency_valid_positive_commit,14,12,2,0,0,12,72.17583333333333,58.36,95.27,67.39750000000001,73.4575,10.959371629575823,6.059999999999988,8.39616215030422,15.184267535868411,-13.81583333333333,23.094166666666666,-19.141910380898498,31.997090438858805,36.91,23.094166666666666,31.997090438858805
Solana,hypercube,DDoS,8,16,10,2023,hop,10 nodes,0,energy_observed,kWh,energy,energy_valid_observed,14,12,2,0,0,14,10.244767277646986,6.787993463881616,12.275254150504535,9.455645252161165,11.439751150720054,1.5995549763094281,1.984105898558889,19.367017764161428,15.61338518444914,-3.45677381376537,2.0304868728575496,-33.74184810725462,19.819746196556952,5.487260686622919,3.45677381376537,33.74184810725462
Solana,hypercube,DDoS,8,16,10,2023,hop,10 nodes,0,energy_positive_commit,kWh,energy,energy_valid_positive_commit,14,12,2,0,0,12,10.380217897138987,6.787993463881616,12.275254150504535,9.79360856519743,11.546646154254073,1.6377891179422472,1.7530375890566443,16.888254239246937,15.777983990043767,-3.592224433257371,1.8950362533655483,-34.6064453449235,18.256228069045267,5.487260686622919,3.592224433257371,34.6064453449235
Solana,hypercube,DDoS,8,16,10,2023,hop,40 nodes,0,tps_positive_commit,TPS,average_throughput,tps_point_valid_positive_commit,13,0,13,0,0,0,,,,,,,,,,,,,,,,
Solana,hypercube,DDoS,8,16,10,2023,hop,40 nodes,0,latency_positive_commit,s,average_latency,latency_valid_positive_commit,13,0,13,0,0,0,,,,,,,,,,,,,,,,
Solana,hypercube,DDoS,8,16,10,2023,hop,40 nodes,0,energy_observed,kWh,energy,energy_valid_observed,13,0,13,0,0,13,10.201305584037414,8.508678745715413,12.335411195284545,9.16587617768503,11.212422804704294,1.2278578345240423,2.0465466270192643,20.061614762541932,12.036281281930659,-1.692626838322001,2.134105611247131,-16.59225698493489,20.919926314005263,3.826732449569132,2.134105611247131,20.919926314005263
Solana,hypercube,DDoS,8,16,10,2023,hop,40 nodes,0,energy_positive_commit,kWh,energy,energy_valid_positive_commit,13,0,13,0,0,0,,,,,,,,,,,,,,,,
Solana,hypercube,FIFA,8,16,10,2023,hop,10 nodes,0,tps_positive_commit,TPS,average_throughput,tps_point_valid_positive_commit,13,13,0,0,0,13,39.61538461538461,2.2,103.5,11.4,61.4,33.38215207147492,50.0,126.21359223300972,84.26562658818912,-37.41538461538461,63.88461538461539,-94.44660194174756,161.26213592233012,101.3,63.88461538461539,161.26213592233012
Solana,hypercube,FIFA,8,16,10,2023,hop,10 nodes,0,latency_positive_commit,s,average_latency,latency_valid_positive_commit,13,13,0,0,0,13,72.96384615384616,56.8,98.74,65.98,81.36,13.195436419751047,15.379999999999995,21.078932664227796,18.084896993955237,-16.163846153846166,25.776153846153832,-22.15322657164245,35.32729592105677,41.94,25.776153846153832,35.32729592105677
Solana,hypercube,FIFA,8,16,10,2023,hop,10 nodes,0,energy_observed,kWh,energy,energy_valid_observed,13,13,0,0,0,13,9.270622945162575,6.9922898007911805,11.722612472088702,7.767053035004136,10.426927039175109,1.472682815905534,2.6598740041709723,28.691426885815673,15.885478512250163,-2.278333144371395,2.451989526926127,-24.575836573746454,26.449026580307407,4.730322671297522,2.451989526926127,26.449026580307407
Solana,hypercube,FIFA,8,16,10,2023,hop,10 nodes,0,energy_positive_commit,kWh,energy,energy_valid_positive_commit,13,13,0,0,0,13,9.270622945162575,6.9922898007911805,11.722612472088702,7.767053035004136,10.426927039175109,1.472682815905534,2.6598740041709723,28.691426885815673,15.885478512250163,-2.278333144371395,2.451989526926127,-24.575836573746454,26.449026580307407,4.730322671297522,2.451989526926127,26.449026580307407
Solana,hypercube,FIFA,8,16,10,2023,hop,40 nodes,0,tps_positive_commit,TPS,average_throughput,tps_point_valid_positive_commit,13,0,13,0,0,0,,,,,,,,,,,,,,,,
Solana,hypercube,FIFA,8,16,10,2023,hop,40 nodes,0,latency_positive_commit,s,average_latency,latency_valid_positive_commit,13,0,13,0,0,0,,,,,,,,,,,,,,,,
Solana,hypercube,FIFA,8,16,10,2023,hop,40 nodes,0,energy_observed,kWh,energy,energy_valid_observed,13,0,13,0,0,13,9.198785813798112,7.12491952743495,10.50266655748446,9.019135093560472,9.634862963421524,0.9693421255460443,0.6157278698610522,6.693577634316312,10.537718185502678,-2.0738662863631623,1.3038807436863475,-22.54500026788729,14.174487482147219,3.37774703004951,2.0738662863631623,22.54500026788729
Solana,hypercube,FIFA,8,16,10,2023,hop,40 nodes,0,energy_positive_commit,kWh,energy,energy_valid_positive_commit,13,0,13,0,0,0,,,,,,,,,,,,,,,,
Solana,hypercube,GAFAM,8,16,10,2023,hop,10 nodes,0,tps_positive_commit,TPS,average_throughput,tps_point_valid_positive_commit,13,13,0,0,0,13,45.93846153846154,18.7,61.7,41.7,54.7,11.826420877392737,13.0,28.298727394507704,25.744050804773202,-27.23846153846154,15.761538461538464,-59.29336905559276,34.31011386470195,43.0,27.23846153846154,59.29336905559276
Solana,hypercube,GAFAM,8,16,10,2023,hop,10 nodes,0,latency_positive_commit,s,average_latency,latency_valid_positive_commit,13,13,0,0,0,13,55.49769230769231,36.71,87.6,49.58,61.32,15.508132357920124,11.740000000000002,21.15403273871402,27.943742727065796,-18.78769230769231,32.10230769230768,-33.85310546523071,57.84440101459518,50.88999999999999,32.10230769230768,57.84440101459518
Solana,hypercube,GAFAM,8,16,10,2023,hop,10 nodes,0,energy_observed,kWh,energy,energy_valid_observed,13,13,0,0,0,13,14.334979998444222,10.23989007320968,18.4047116016352,12.83527675420786,15.306291891400258,2.269266345523995,2.471015137192399,17.237660167370855,15.83027214387658,-4.095089925234543,4.069731603190977,-28.56711293408839,28.39021473090765,8.16482152842552,4.095089925234543,28.56711293408839
Solana,hypercube,GAFAM,8,16,10,2023,hop,10 nodes,0,energy_positive_commit,kWh,energy,energy_valid_positive_commit,13,13,0,0,0,13,14.334979998444222,10.23989007320968,18.4047116016352,12.83527675420786,15.306291891400258,2.269266345523995,2.471015137192399,17.237660167370855,15.83027214387658,-4.095089925234543,4.069731603190977,-28.56711293408839,28.39021473090765,8.16482152842552,4.095089925234543,28.56711293408839
Solana,hypercube,GAFAM,8,16,10,2023,hop,40 nodes,0,tps_positive_commit,TPS,average_throughput,tps_point_valid_positive_commit,13,13,0,0,0,13,4.038461538461538,1.2,6.1,2.9,4.9,1.3985340310115575,2.0000000000000004,49.52380952380954,34.63036648219095,-2.838461538461538,2.0615384615384613,-70.28571428571428,51.047619047619044,4.8999999999999995,2.838461538461538,70.28571428571428
Solana,hypercube,GAFAM,8,16,10,2023,hop,40 nodes,0,latency_positive_commit,s,average_latency,latency_valid_positive_commit,13,13,0,0,0,13,94.99,72.86,110.69,82.37,105.89,13.179706622936136,23.519999999999996,24.76050110537951,13.874835901606628,-22.129999999999995,15.700000000000003,-23.297189177808185,16.528055584798402,37.83,22.129999999999995,23.297189177808185
Solana,hypercube,GAFAM,8,16,10,2023,hop,40 nodes,0,energy_observed,kWh,energy,energy_valid_observed,13,13,0,0,0,13,14.485000773888324,9.436117856948115,17.351450037140093,13.08603616954158,16.364472280487313,2.2506673086190196,3.278436110945732,22.6333167814231,15.537916385038999,-5.048882916940208,2.86644926325177,-34.855938192572815,19.789086020754876,7.915332180191978,5.048882916940208,34.855938192572815
Solana,hypercube,GAFAM,8,16,10,2023,hop,40 nodes,0,energy_positive_commit,kWh,energy,energy_valid_positive_commit,13,13,0,0,0,13,14.485000773888324,9.436117856948115,17.351450037140093,13.08603616954158,16.364472280487313,2.2506673086190196,3.278436110945732,22.6333167814231,15.537916385038999,-5.048882916940208,2.86644926325177,-34.855938192572815,19.789086020754876,7.915332180191978,5.048882916940208,34.855938192572815
Solana,hypercube,Gaming,8,16,10,2023,hop,10 nodes,0,tps_positive_commit,TPS,average_throughput,tps_point_valid_positive_commit,16,15,1,0,1,14,28.41428571428571,4.2,67.9,13.35,40.525,19.769746006027926,27.174999999999997,95.6385118149824,69.57678332940951,-24.21428571428571,39.485714285714295,-85.21870286576168,138.96430367018607,63.7,39.485714285714295,138.96430367018607
Solana,hypercube,Gaming,8,16,10,2023,hop,10 nodes,0,latency_positive_commit,s,average_latency,latency_valid_positive_commit,16,15,1,0,1,15,75.19200000000001,51.91,136.12,61.629999999999995,82.27,21.51583974656811,20.64,27.44972869454197,28.614533123960136,-23.28200000000001,60.928,-30.963400361740625,81.02989679753163,84.21000000000001,60.928,81.02989679753163
Solana,hypercube,Gaming,8,16,10,2023,hop,10 nodes,0,energy_observed,kWh,energy,energy_valid_observed,16,15,1,0,1,16,20.927084718578374,14.628083376078596,25.55806961408093,19.637942306327535,22.91540768894494,3.3097306715671615,3.277465382617404,15.661356690106857,15.815536258755104,-6.299001342499778,4.630984895502557,-30.099755542671133,22.129144875068633,10.929986238002336,6.299001342499778,30.099755542671133
Solana,hypercube,Gaming,8,16,10,2023,hop,10 nodes,0,energy_positive_commit,kWh,energy,energy_valid_positive_commit,16,15,1,0,1,15,21.338227383836248,14.628083376078596,25.55806961408093,20.144218774212085,23.345123330077563,2.9730403736603455,3.2009045558654776,15.000798793109542,13.93293041723058,-6.710144007757652,4.219842230244684,-31.446585918568854,19.77597367549482,10.929986238002336,6.710144007757652,31.446585918568854
Solana,hypercube,Gaming,8,16,10,2023,hop,40 nodes,0,tps_positive_commit,TPS,average_throughput,tps_point_valid_positive_commit,13,0,13,0,0,0,,,,,,,,,,,,,,,,
Solana,hypercube,Gaming,8,16,10,2023,hop,40 nodes,0,latency_positive_commit,s,average_latency,latency_valid_positive_commit,13,0,13,0,0,0,,,,,,,,,,,,,,,,
Solana,hypercube,Gaming,8,16,10,2023,hop,40 nodes,0,energy_observed,kWh,energy,energy_valid_observed,13,0,13,0,0,13,20.445030464418576,15.15814499793987,25.60211331405549,18.63198116099157,22.655033897652384,3.410859622880785,4.023052736660812,19.677411308642046,16.68307429923795,-5.286885466478706,5.1570828496369145,-25.859024645033983,25.22413873929913,10.44396831611562,5.286885466478706,25.859024645033983
Solana,hypercube,Gaming,8,16,10,2023,hop,40 nodes,0,energy_positive_commit,kWh,energy,energy_valid_positive_commit,13,0,13,0,0,0,,,,,,,,,,,,,,,,
Solana,hypercube,PayPal,8,16,10,2023,hop,10 nodes,0,tps_positive_commit,TPS,average_throughput,tps_point_valid_positive_commit,15,13,2,0,0,13,176.87692307692305,99.1,187.8,180.3,185.5,23.64843736367352,5.199999999999989,2.9398973645298714,13.369995900137244,-77.77692307692305,10.923076923076962,-43.97234061059407,6.175524049752132,88.70000000000002,77.77692307692305,43.97234061059407
Solana,hypercube,PayPal,8,16,10,2023,hop,10 nodes,0,latency_positive_commit,s,average_latency,latency_valid_positive_commit,15,13,2,0,0,13,23.207692307692305,20.19,25.96,21.69,25.1,1.914432700332546,3.41,14.693404043752073,8.249129964972854,-3.017692307692304,2.7523076923076957,-13.002983095790505,11.859463042757723,5.77,3.017692307692304,13.002983095790505
Solana,hypercube,PayPal,8,16,10,2023,hop,10 nodes,0,energy_observed,kWh,energy,energy_valid_observed,15,13,2,0,0,15,22.65392131621595,18.335184782570373,25.511953901324844,21.960760542106918,24.068243252766635,1.8641515891460856,2.107482710659717,9.30294884158159,8.228825213636208,-4.318736533645577,2.8580325851088944,-19.063968985158315,12.61606123379214,7.176769118754471,4.318736533645577,19.063968985158315
Solana,hypercube,PayPal,8,16,10,2023,hop,10 nodes,0,energy_positive_commit,kWh,energy,energy_valid_positive_commit,15,13,2,0,0,13,22.391450030327203,18.335184782570373,24.98346809629945,21.952036448805007,23.78112385553247,1.8092332678851193,1.8290874067274636,8.168686727523808,8.080018334831713,-4.05626524775683,2.5920180659722476,-18.115241497370576,11.575927697677427,6.6482833137290775,4.05626524775683,18.115241497370576
Solana,hypercube,PayPal,8,16,10,2023,hop,40 nodes,0,tps_positive_commit,TPS,average_throughput,tps_point_valid_positive_commit,13,1,12,0,0,1,152.4,152.4,152.4,152.4,152.4,,0.0,0.0,,0.0,0.0,0.0,0.0,0.0,0.0,0.0
Solana,hypercube,PayPal,8,16,10,2023,hop,40 nodes,0,latency_positive_commit,s,average_latency,latency_valid_positive_commit,13,1,12,0,0,1,72.28,72.28,72.28,72.28,72.28,,0.0,0.0,,0.0,0.0,0.0,0.0,0.0,0.0,0.0
Solana,hypercube,PayPal,8,16,10,2023,hop,40 nodes,0,energy_observed,kWh,energy,energy_valid_observed,13,1,12,0,0,13,22.886805818400564,18.755588966245824,26.085805862200477,21.717840055244125,24.335529402679704,2.11697519755764,2.6176893474355794,11.437547765319902,9.249762567809404,-4.13121685215474,3.199000043799913,-18.05064841697271,13.977485845700569,7.330216895954653,4.13121685215474,18.05064841697271
Solana,hypercube,PayPal,8,16,10,2023,hop,40 nodes,0,energy_positive_commit,kWh,energy,energy_valid_positive_commit,13,1,12,0,0,1,22.84077874599845,22.84077874599845,22.84077874599845,22.84077874599845,22.84077874599845,,0.0,0.0,,0.0,0.0,0.0,0.0,0.0,0.0,0.0
Solana,hypercube,VISA,8,16,10,2023,hop,10 nodes,0,tps_positive_commit,TPS,average_throughput,tps_point_valid_positive_commit,15,13,2,0,0,13,338.2153846153846,136.0,595.1,213.7,420.4,138.48958953746816,206.7,61.11490174672489,40.94715847860003,-202.2153846153846,256.8846153846154,-59.78893740902475,75.95296579330423,459.1,256.8846153846154,75.95296579330423
Solana,hypercube,VISA,8,16,10,2023,hop,10 nodes,0,latency_positive_commit,s,average_latency,latency_valid_positive_commit,15,13,2,0,0,13,78.02461538461539,34.58,107.11,68.45,87.83,17.973264225595663,19.379999999999995,24.838315324552404,23.035376896121896,-43.44461538461539,29.085384615384612,-55.680653048347665,37.27719063017587,72.53,43.44461538461539,55.680653048347665
Solana,hypercube,VISA,8,16,10,2023,hop,10 nodes,0,energy_observed,kWh,energy,energy_valid_observed,15,13,2,0,0,15,21.69910756567687,16.468423628589225,27.90648329060144,20.215036090524556,23.032204219157343,2.7504406230652525,2.8171681286327868,12.982875540415847,12.675362867991096,-5.230683937087644,6.207375724924571,-24.105525636277385,28.606594562180288,11.438059662012215,6.207375724924571,28.606594562180288
Solana,hypercube,VISA,8,16,10,2023,hop,10 nodes,0,energy_positive_commit,kWh,energy,energy_valid_positive_commit,15,13,2,0,0,13,21.601186167197493,16.468423628589225,27.90648329060144,19.657977855875306,22.79306829312621,2.8879774221631402,3.1350904372509056,14.513510568283982,13.369531653537997,-5.132762538608269,6.305297123403946,-23.761484665145986,29.189587435614353,11.438059662012215,6.305297123403946,29.189587435614353
Solana,hypercube,VISA,8,16,10,2023,hop,40 nodes,0,tps_positive_commit,TPS,average_throughput,tps_point_valid_positive_commit,13,0,13,0,0,0,,,,,,,,,,,,,,,,
Solana,hypercube,VISA,8,16,10,2023,hop,40 nodes,0,latency_positive_commit,s,average_latency,latency_valid_positive_commit,13,0,13,0,0,0,,,,,,,,,,,,,,,,
Solana,hypercube,VISA,8,16,10,2023,hop,40 nodes,0,energy_observed,kWh,energy,energy_valid_observed,13,0,13,0,0,13,22.371747056438217,19.858169106851665,26.003091824288745,20.77661031898314,24.056589426244408,1.997180344823646,3.279979107261269,14.661255998410486,8.927243544213463,-2.5135779495865513,3.6313447678505284,-11.235501381476531,16.231833654696572,6.14492271743708,3.6313447678505284,16.231833654696572
Solana,hypercube,VISA,8,16,10,2023,hop,40 nodes,0,energy_positive_commit,kWh,energy,energy_valid_positive_commit,13,0,13,0,0,0,,,,,,,,,,,,,,,,
Solana,scale-free,DDoS,8,16,10,2023,hop,10 nodes,0,tps_positive_commit,TPS,average_throughput,tps_point_valid_positive_commit,22,8,14,0,0,8,113.125,5.9,290.7,30.25,180.0,105.9577510142604,149.75,132.3756906077348,93.66431028884897,-107.225,177.575,-94.78453038674033,156.97237569060775,284.8,177.575,156.97237569060775
Solana,scale-free,DDoS,8,16,10,2023,hop,10 nodes,0,latency_positive_commit,s,average_latency,latency_valid_positive_commit,22,8,14,0,0,8,81.7425,56.99,117.29,67.99,90.695,19.75210567436871,22.705,27.77624858549714,24.16381401886254,-24.752500000000005,35.5475,-30.28106554118115,43.48717007676545,60.300000000000004,35.5475,43.48717007676545
Solana,scale-free,DDoS,8,16,10,2023,hop,10 nodes,0,energy_observed,kWh,energy,energy_valid_observed,22,8,14,0,0,22,10.110271196030508,6.324825082673375,13.08295702476084,8.647307127425263,11.459382504634002,1.7900136034938363,2.812075377208739,27.81404497154157,17.70490196342736,-3.785446113357133,2.9726858287303326,-37.44158826168158,29.402631948166412,6.7581319420874655,3.785446113357133,37.44158826168158
Solana,scale-free,DDoS,8,16,10,2023,hop,10 nodes,0,energy_positive_commit,kWh,energy,energy_valid_positive_commit,22,8,14,0,0,8,10.087779938714522,7.790907239284023,12.342880321457356,8.558783609704868,11.377774776429415,1.7465512098294613,2.8189911667245475,27.94461401666707,17.313534002923767,-2.2968726994304998,2.2551003827428335,-22.768862062659036,22.354773760362175,4.551973082173333,2.2968726994304998,22.768862062659036
Solana,scale-free,DDoS,8,16,10,2023,hop,40 nodes,0,tps_positive_commit,TPS,average_throughput,tps_point_valid_positive_commit,13,0,13,0,0,0,,,,,,,,,,,,,,,,
Solana,scale-free,DDoS,8,16,10,2023,hop,40 nodes,0,latency_positive_commit,s,average_latency,latency_valid_positive_commit,13,0,13,0,0,0,,,,,,,,,,,,,,,,
Solana,scale-free,DDoS,8,16,10,2023,hop,40 nodes,0,energy_observed,kWh,energy,energy_valid_observed,13,0,13,0,0,13,10.559860323599498,8.856648865737716,12.205501186856685,9.743288601295244,11.171665947740934,1.0426976172091962,1.4283773464456893,13.52647954304384,9.87416107085189,-1.7032114578617819,1.6456408632571868,-16.129109719902193,15.58392642352909,3.3488523211189687,1.7032114578617819,16.129109719902193
Solana,scale-free,DDoS,8,16,10,2023,hop,40 nodes,0,energy_positive_commit,kWh,energy,energy_valid_positive_commit,13,0,13,0,0,0,,,,,,,,,,,,,,,,
Solana,scale-free,FIFA,8,16,10,2023,hop,10 nodes,0,tps_positive_commit,TPS,average_throughput,tps_point_valid_positive_commit,19,2,17,0,0,2,39.95,29.3,50.6,34.625,45.275,15.061374439273463,10.649999999999999,26.65832290362953,37.7005618004342,-10.650000000000002,10.649999999999999,-26.65832290362954,26.65832290362953,21.3,10.650000000000002,26.65832290362954
Solana,scale-free,FIFA,8,16,10,2023,hop,10 nodes,0,latency_positive_commit,s,average_latency,latency_valid_positive_commit,19,2,17,0,0,2,72.71000000000001,63.06,82.36,67.885,77.535,13.647160876900365,9.649999999999991,13.271902076743213,18.769303915417915,-9.650000000000006,9.649999999999991,-13.271902076743233,13.271902076743213,19.299999999999997,9.650000000000006,13.271902076743233
Solana,scale-free,FIFA,8,16,10,2023,hop,10 nodes,0,energy_observed,kWh,energy,energy_valid_observed,19,2,17,0,0,19,9.573530667000297,6.879453375065051,11.779703735218208,8.733013461677395,10.605209889278996,1.2543244623029244,1.872196427601601,19.55596626493308,13.10200495441611,-2.694077291935246,2.206173068217911,-28.14089582667404,23.044508290160184,4.900250360153157,2.694077291935246,28.14089582667404
Solana,scale-free,FIFA,8,16,10,2023,hop,10 nodes,0,energy_positive_commit,kWh,energy,energy_valid_positive_commit,19,2,17,0,0,2,10.749940373226938,10.527883737309727,10.971997009144149,10.638912055268332,10.860968691185544,0.3140355061290639,0.22205663591721247,2.06565458232914,2.921276725507977,-0.2220566359172107,0.2220566359172107,-2.0656545823291235,2.0656545823291235,0.4441132718344214,0.2220566359172107,2.0656545823291235
Solana,scale-free,FIFA,8,16,10,2023,hop,40 nodes,0,tps_positive_commit,TPS,average_throughput,tps_point_valid_positive_commit,13,1,12,0,0,1,0.1,0.1,0.1,0.1,0.1,,0.0,0.0,,0.0,0.0,0.0,0.0,0.0,0.0,0.0
Solana,scale-free,FIFA,8,16,10,2023,hop,40 nodes,0,latency_positive_commit,s,average_latency,latency_valid_positive_commit,13,1,12,0,0,1,124.41,124.41,124.41,124.41,124.41,,0.0,0.0,,0.0,0.0,0.0,0.0,0.0,0.0,0.0
Solana,scale-free,FIFA,8,16,10,2023,hop,40 nodes,0,energy_observed,kWh,energy,energy_valid_observed,13,1,12,0,0,13,9.17344177534497,6.865469516338411,10.804488460423425,8.380779165746405,10.31711523279657,1.1437957121060067,1.9363360670501653,21.108065156682684,12.468555860681787,-2.3079722590065597,1.631046685078454,-25.159283892874193,17.780095246934923,3.9390189440850136,2.3079722590065597,25.159283892874193
Solana,scale-free,FIFA,8,16,10,2023,hop,40 nodes,0,energy_positive_commit,kWh,energy,energy_valid_positive_commit,13,1,12,0,0,1,10.31711523279657,10.31711523279657,10.31711523279657,10.31711523279657,10.31711523279657,,0.0,0.0,,0.0,0.0,0.0,0.0,0.0,0.0,0.0
Solana,scale-free,GAFAM,8,16,10,2023,hop,10 nodes,0,tps_positive_commit,TPS,average_throughput,tps_point_valid_positive_commit,15,2,13,0,0,2,29.85,16.5,43.2,23.175,36.525000000000006,18.87975105768082,13.350000000000005,44.72361809045228,63.2487472619123,-13.350000000000001,13.350000000000001,-44.72361809045227,44.72361809045227,26.700000000000003,13.350000000000001,44.72361809045227
Solana,scale-free,GAFAM,8,16,10,2023,hop,10 nodes,0,latency_positive_commit,s,average_latency,latency_valid_positive_commit,15,2,13,0,0,2,84.74000000000001,48.58,120.9,66.66,102.82000000000001,51.137962415411124,36.16000000000001,42.671701675713955,60.34689923933339,-36.16000000000001,36.16,-42.671701675713955,42.67170167571394,72.32000000000001,36.16000000000001,42.671701675713955
Solana,scale-free,GAFAM,8,16,10,2023,hop,10 nodes,0,energy_observed,kWh,energy,energy_valid_observed,15,2,13,0,0,15,14.125290211827627,12.413717054921134,16.349359867345644,13.5298544116105,14.736536426247582,1.0118084919524768,1.2066820146370816,8.542706001372505,7.163098787911998,-1.7115731569064927,2.224069655518017,-12.117083127066158,15.745302377261751,3.9356428124245095,2.224069655518017,15.745302377261751
Solana,scale-free,GAFAM,8,16,10,2023,hop,10 nodes,0,energy_positive_commit,kWh,energy,energy_valid_positive_commit,15,2,13,0,0,2,12.777599787624986,12.413717054921134,13.141482520328838,12.595658421273061,12.959541153976911,0.5146078957031708,0.36388273270384985,2.8478175772594447,4.027422240924816,-0.36388273270385163,0.36388273270385163,-2.847817577259459,2.847817577259459,0.7277654654077033,0.36388273270385163,2.847817577259459
Solana,scale-free,GAFAM,8,16,10,2023,hop,40 nodes,0,tps_positive_commit,TPS,average_throughput,tps_point_valid_positive_commit,13,12,1,0,0,12,3.4250000000000003,1.4,7.9,2.55,3.75,1.6949792168208275,1.2000000000000002,35.03649635036496,49.48844428673949,-2.0250000000000004,4.475,-59.12408759124088,130.65693430656933,6.5,4.475,130.65693430656933
Solana,scale-free,GAFAM,8,16,10,2023,hop,40 nodes,0,latency_positive_commit,s,average_latency,latency_valid_positive_commit,13,12,1,0,0,12,109.8875,89.06,130.56,104.67750000000001,117.94749999999999,12.2020692172196,13.269999999999982,12.075986804686595,11.104146711154225,-20.8275,20.6725,-18.953475145034695,18.81242179501763,41.5,20.8275,18.953475145034695
Solana,scale-free,GAFAM,8,16,10,2023,hop,40 nodes,0,energy_observed,kWh,energy,energy_valid_observed,13,12,1,0,0,13,14.67230900821781,11.343926534825716,19.171135031298583,12.855556115372286,15.88790349572448,2.2748173667839398,3.032347380352194,20.667145018918337,15.504153882731327,-3.328382473392095,4.498826023080772,-22.684789909535723,30.66201795887086,7.827208496472867,4.498826023080772,30.66201795887086
Solana,scale-free,GAFAM,8,16,10,2023,hop,40 nodes,0,energy_positive_commit,kWh,energy,energy_valid_positive_commit,13,12,1,0,0,12,14.631194922135096,11.343926534825716,19.171135031298583,12.788994369387508,15.958018002756535,2.370919100783353,3.1690236333690276,21.65936309531839,16.204548660591353,-3.28726838730938,4.539940109163487,-22.467531905655708,31.029182054673793,7.827208496472867,4.539940109163487,31.029182054673793
Solana,scale-free,Gaming,8,16,10,2023,hop,10 nodes,0,tps_positive_commit,TPS,average_throughput,tps_point_valid_positive_commit,20,2,18,0,0,2,30.85,16.1,45.6,23.475,38.225,20.859650045003153,14.75,47.811993517017825,67.61636967586111,-14.75,14.75,-47.811993517017825,47.811993517017825,29.5,14.75,47.811993517017825
Solana,scale-free,Gaming,8,16,10,2023,hop,10 nodes,0,latency_positive_commit,s,average_latency,latency_valid_positive_commit,20,2,18,0,0,2,79.535,71.16,87.91,75.3475,83.7225,11.84403858487467,8.375,10.529955365562332,14.89160568916159,-8.375,8.375,-10.529955365562332,10.529955365562332,16.75,8.375,10.529955365562332
Solana,scale-free,Gaming,8,16,10,2023,hop,10 nodes,0,energy_observed,kWh,energy,energy_valid_observed,20,2,18,0,0,20,20.539937421564836,13.734877160373255,29.593360817136464,18.6988426873461,22.29970515460858,3.5105678362918518,3.6008624672624805,17.531029395843937,17.09142420563616,-6.805060261191581,9.053423395571627,-33.1308714409566,44.07717126765176,15.858483656763209,9.053423395571627,44.07717126765176
Solana,scale-free,Gaming,8,16,10,2023,hop,10 nodes,0,energy_positive_commit,kWh,energy,energy_valid_positive_commit,20,2,18,0,0,2,20.986906377223143,19.55968971669592,22.41412303775036,20.273298046959532,21.70051470748675,2.018389157762432,1.4272166605272183,6.800509969759816,9.617373430287788,-1.4272166605272218,1.4272166605272183,-6.800509969759832,6.800509969759816,2.85443332105444,1.4272166605272218,6.800509969759832
Solana,scale-free,Gaming,8,16,10,2023,hop,40 nodes,0,tps_positive_commit,TPS,average_throughput,tps_point_valid_positive_commit,13,0,13,0,0,0,,,,,,,,,,,,,,,,
Solana,scale-free,Gaming,8,16,10,2023,hop,40 nodes,0,latency_positive_commit,s,average_latency,latency_valid_positive_commit,13,0,13,0,0,0,,,,,,,,,,,,,,,,
Solana,scale-free,Gaming,8,16,10,2023,hop,40 nodes,0,energy_observed,kWh,energy,energy_valid_observed,13,0,13,0,0,13,20.414233267483933,15.332809257429435,24.684135673699227,18.390877481624237,23.08393224178529,3.1620266328875855,4.693054760161054,22.989130665202183,15.48932351000468,-5.081424010054498,4.269902406215294,-24.89157414571263,20.91630065291971,9.351326416269792,5.081424010054498,24.89157414571263
Solana,scale-free,Gaming,8,16,10,2023,hop,40 nodes,0,energy_positive_commit,kWh,energy,energy_valid_positive_commit,13,0,13,0,0,0,,,,,,,,,,,,,,,,
Solana,scale-free,PayPal,8,16,10,2023,hop,10 nodes,0,tps_positive_commit,TPS,average_throughput,tps_point_valid_positive_commit,24,9,15,0,0,9,75.13333333333334,33.4,185.8,55.8,77.5,44.85685566332086,21.700000000000003,28.881987577639755,59.70300221382545,-41.73333333333334,110.66666666666667,-55.54569653948536,147.29370008873116,152.4,110.66666666666667,147.29370008873116
Solana,scale-free,PayPal,8,16,10,2023,hop,10 nodes,0,latency_positive_commit,s,average_latency,latency_valid_positive_commit,24,9,15,0,0,9,104.89888888888888,20.18,157.21,76.32,144.72,47.35667757678014,68.4,65.20564776663244,45.14507072323839,-84.71888888888887,52.31111111111113,-80.76242731095552,49.86812697941936,137.03,84.71888888888887,80.76242731095552
Solana,scale-free,PayPal,8,16,10,2023,hop,10 nodes,0,energy_observed,kWh,energy,energy_valid_observed,24,9,15,0,0,24,22.732497379994715,17.218573689824204,29.422873201606453,20.537047323212768,24.697129098671702,3.385516632059386,4.160081775458934,18.300152886501294,14.892849542517679,-5.513923690170511,6.690375821611738,-24.255688224659956,29.4308879036734,12.20429951178225,6.690375821611738,29.4308879036734
Solana,scale-free,PayPal,8,16,10,2023,hop,10 nodes,0,energy_positive_commit,kWh,energy,energy_valid_positive_commit,24,9,15,0,0,9,22.769400822631482,18.014101027186157,27.69045159027832,19.19941259990288,25.570160656366,3.7692790341373112,6.370748056463118,27.979427768388877,16.554142392674926,-4.755299795445325,4.92105076764684,-20.884606637162047,21.612561551271025,9.676350563092164,4.92105076764684,21.612561551271025
Solana,scale-free,PayPal,8,16,10,2023,hop,40 nodes,0,tps_positive_commit,TPS,average_throughput,tps_point_valid_positive_commit,13,0,13,0,0,0,,,,,,,,,,,,,,,,
Solana,scale-free,PayPal,8,16,10,2023,hop,40 nodes,0,latency_positive_commit,s,average_latency,latency_valid_positive_commit,13,0,13,0,0,0,,,,,,,,,,,,,,,,
Solana,scale-free,PayPal,8,16,10,2023,hop,40 nodes,0,energy_observed,kWh,energy,energy_valid_observed,13,0,13,0,0,13,21.78108842925282,18.848782435278725,25.24959745000308,20.03791742427253,23.450501224101195,2.1309225248212798,3.412583799828667,15.667645861285054,9.783361064543362,-2.9323059939740936,3.468509020750261,-13.462623796320008,15.924406312459222,6.400815014724355,3.468509020750261,15.924406312459222
Solana,scale-free,PayPal,8,16,10,2023,hop,40 nodes,0,energy_positive_commit,kWh,energy,energy_valid_positive_commit,13,0,13,0,0,0,,,,,,,,,,,,,,,,
Solana,scale-free,VISA,8,16,10,2023,hop,10 nodes,0,tps_positive_commit,TPS,average_throughput,tps_point_valid_positive_commit,26,14,12,0,0,14,182.02857142857144,43.6,399.5,117.8,220.1,103.87688295856213,102.3,56.19996860775388,57.06625182152997,-138.42857142857144,217.47142857142856,-76.04771621409513,119.4710406529587,355.9,217.47142857142856,119.4710406529587
Solana,scale-free,VISA,8,16,10,2023,hop,10 nodes,0,latency_positive_commit,s,average_latency,latency_valid_positive_commit,26,14,12,0,0,14,132.3114285714286,75.37,242.4,99.8425,172.04000000000002,55.20627094496016,72.19750000000002,54.56633699712799,41.724491633885535,-56.94142857142859,110.08857142857141,-43.03591094603641,83.20412878706081,167.03,110.08857142857141,83.20412878706081
Solana,scale-free,VISA,8,16,10,2023,hop,10 nodes,0,energy_observed,kWh,energy,energy_valid_observed,26,14,12,0,0,26,22.577756693669244,16.391056738630166,30.483294627001936,20.344420462790904,24.752008713504413,3.369662389125422,4.407588250713509,19.521816584857554,14.924699715938868,-6.186699955039078,7.905537933332692,-27.40174783074802,35.01471842660696,14.09223788837177,7.905537933332692,35.01471842660696
Solana,scale-free,VISA,8,16,10,2023,hop,10 nodes,0,energy_positive_commit,kWh,energy,energy_valid_positive_commit,26,14,12,0,0,14,21.86737109742944,18.19745705172595,26.2138215307968,20.06041920457534,23.97964389558544,2.5131493520051884,3.9192246910101005,17.92270627112929,11.492690826016187,-3.6699140457034893,4.346450433367359,-16.782602853138098,19.87641959338356,8.016364479070848,4.346450433367359,19.87641959338356
Solana,scale-free,VISA,8,16,10,2023,hop,40 nodes,0,tps_positive_commit,TPS,average_throughput,tps_point_valid_positive_commit,13,0,13,0,0,0,,,,,,,,,,,,,,,,
Solana,scale-free,VISA,8,16,10,2023,hop,40 nodes,0,latency_positive_commit,s,average_latency,latency_valid_positive_commit,13,0,13,0,0,0,,,,,,,,,,,,,,,,
Solana,scale-free,VISA,8,16,10,2023,hop,40 nodes,0,energy_observed,kWh,energy,energy_valid_observed,13,0,13,0,0,13,22.33485639704607,20.22045407754157,25.42035417916182,21.315818409577798,23.252478288021766,1.4418091011860483,1.9366598784439688,8.671020059480233,6.455421407485463,-2.1144023195044994,3.0854977821157483,-9.466827464286464,13.81471959015517,5.199900101620248,3.0854977821157483,13.81471959015517
Solana,scale-free,VISA,8,16,10,2023,hop,40 nodes,0,energy_positive_commit,kWh,energy,energy_valid_positive_commit,13,0,13,0,0,0,,,,,,,,,,,,,,,,
Solana,torus,DDoS,8,16,10,2023,hop,10 nodes,0,tps_positive_commit,TPS,average_throughput,tps_point_valid_positive_commit,13,13,0,0,0,13,211.83076923076922,100.2,280.7,179.7,239.1,48.11615086807105,59.400000000000006,28.04125208802383,22.714429562238497,-111.63076923076922,68.86923076923077,-52.69808991212143,32.51143873919675,180.5,111.63076923076922,52.69808991212143
Solana,torus,DDoS,8,16,10,2023,hop,10 nodes,0,latency_positive_commit,s,average_latency,latency_valid_positive_commit,13,13,0,0,0,13,72.08153846153846,64.66,85.68,67.94,76.5,6.259058563599171,8.560000000000002,11.875440206603637,8.683303238510792,-7.421538461538461,13.59846153846155,-10.296032271145924,18.865387488527965,21.02000000000001,13.59846153846155,18.865387488527965
Solana,torus,DDoS,8,16,10,2023,hop,10 nodes,0,energy_observed,kWh,energy,energy_valid_observed,13,13,0,0,0,13,10.707709108858928,9.327703399959397,13.190214169427245,9.788666059413949,11.706595047285884,1.1797012751484126,1.9179289878719352,17.91166502912517,11.01730784012798,-1.3800057088995317,2.4825050605683163,-12.887964128179352,23.1842781245751,3.862510769467848,2.4825050605683163,23.1842781245751
Solana,torus,DDoS,8,16,10,2023,hop,10 nodes,0,energy_positive_commit,kWh,energy,energy_valid_positive_commit,13,13,0,0,0,13,10.707709108858928,9.327703399959397,13.190214169427245,9.788666059413949,11.706595047285884,1.1797012751484126,1.9179289878719352,17.91166502912517,11.01730784012798,-1.3800057088995317,2.4825050605683163,-12.887964128179352,23.1842781245751,3.862510769467848,2.4825050605683163,23.1842781245751
Solana,torus,DDoS,8,16,10,2023,hop,40 nodes,0,tps_positive_commit,TPS,average_throughput,tps_point_valid_positive_commit,13,0,13,0,0,0,,,,,,,,,,,,,,,,
Solana,torus,DDoS,8,16,10,2023,hop,40 nodes,0,latency_positive_commit,s,average_latency,latency_valid_positive_commit,13,0,13,0,0,0,,,,,,,,,,,,,,,,
Solana,torus,DDoS,8,16,10,2023,hop,40 nodes,0,energy_observed,kWh,energy,energy_valid_observed,13,0,13,0,0,13,10.470443739477098,7.374289872149528,14.539526666732534,9.478744153712151,10.492411439047505,2.0800097402320965,1.0136672853353534,9.6812256534409,19.865535711631395,-3.09615386732757,4.069082927255437,-29.570416921816097,38.862564266628205,7.165236794583007,4.069082927255437,38.862564266628205
Solana,torus,DDoS,8,16,10,2023,hop,40 nodes,0,energy_positive_commit,kWh,energy,energy_valid_positive_commit,13,0,13,0,0,0,,,,,,,,,,,,,,,,
Solana,torus,FIFA,8,16,10,2023,hop,10 nodes,0,tps_positive_commit,TPS,average_throughput,tps_point_valid_positive_commit,13,10,3,0,0,10,25.0,0.7,61.0,12.2,34.599999999999994,20.241376764769075,22.399999999999995,89.59999999999998,80.9655070590763,-24.3,36.0,-97.2,144.0,60.3,36.0,144.0
Solana,torus,FIFA,8,16,10,2023,hop,10 nodes,0,latency_positive_commit,s,average_latency,latency_valid_positive_commit,13,10,3,0,0,10,69.491,33.16,107.04,58.08,83.62,22.381108824681196,25.540000000000006,36.752960815069585,32.207204997310726,-36.331,37.54900000000001,-52.281590421781246,54.03433538156021,73.88000000000001,37.54900000000001,54.03433538156021
Solana,torus,FIFA,8,16,10,2023,hop,10 nodes,0,energy_observed,kWh,energy,energy_valid_observed,13,10,3,0,0,13,9.085870631049113,6.942179934691292,11.17789694184182,7.812078170581785,10.155462406394584,1.3566044734546854,2.343384235812799,25.79152104372651,14.930924382950883,-2.1436906963578215,2.092026310792706,-23.59367399566746,23.025050605977505,4.2357170071505275,2.1436906963578215,23.59367399566746
Solana,torus,FIFA,8,16,10,2023,hop,10 nodes,0,energy_positive_commit,kWh,energy,energy_valid_positive_commit,13,10,3,0,0,10,9.06889321660958,6.942179934691292,11.17789694184182,8.029057350984813,10.089794105148417,1.3950242196463933,2.060736754163605,22.723133958501,15.382518972562403,-2.1267132819182875,2.10900372523224,-23.450637592945025,23.255359555558805,4.2357170071505275,2.1267132819182875,23.450637592945025
Solana,torus,FIFA,8,16,10,2023,hop,40 nodes,0,tps_positive_commit,TPS,average_throughput,tps_point_valid_positive_commit,13,0,13,0,0,0,,,,,,,,,,,,,,,,
Solana,torus,FIFA,8,16,10,2023,hop,40 nodes,0,latency_positive_commit,s,average_latency,latency_valid_positive_commit,13,0,13,0,0,0,,,,,,,,,,,,,,,,
Solana,torus,FIFA,8,16,10,2023,hop,40 nodes,0,energy_observed,kWh,energy,energy_valid_observed,13,0,13,0,0,13,9.506583251842832,7.585983185176649,11.932699838841412,8.55903681545036,10.863789310211429,1.355590021413634,2.3047524947610682,24.243752289386375,14.259487194317218,-1.920600066666183,2.42611658699858,-20.20284276471127,25.52038437709239,4.346716653664763,2.42611658699858,25.52038437709239
Solana,torus,FIFA,8,16,10,2023,hop,40 nodes,0,energy_positive_commit,kWh,energy,energy_valid_positive_commit,13,0,13,0,0,0,,,,,,,,,,,,,,,,
Solana,torus,GAFAM,8,16,10,2023,hop,10 nodes,0,tps_positive_commit,TPS,average_throughput,tps_point_valid_positive_commit,13,13,0,0,0,13,27.984615384615385,8.7,44.5,21.1,39.3,11.068261392667337,18.199999999999996,65.0357339197361,39.551236422395654,-19.284615384615385,16.515384615384615,-68.9114898295767,59.015942825728416,35.8,19.284615384615385,68.9114898295767
Solana,torus,GAFAM,8,16,10,2023,hop,10 nodes,0,latency_positive_commit,s,average_latency,latency_valid_positive_commit,13,13,0,0,0,13,90.33846153846154,54.69,142.68,65.45,108.61,31.2998969237264,43.16,47.775885558583106,34.64736546393419,-35.64846153846155,52.34153846153846,-39.46100136239783,57.939373297002724,87.99000000000001,52.34153846153846,57.939373297002724
Solana,torus,GAFAM,8,16,10,2023,hop,10 nodes,0,energy_observed,kWh,energy,energy_valid_observed,13,13,0,0,0,13,15.43801473341435,11.006180594230086,17.987351931217603,14.405499880291266,17.09856701009428,2.311589649514591,2.693067129803012,17.444387612703096,14.973360820231242,-4.431834139184264,2.5493371978032524,-28.707280150419297,16.513374561597065,6.981171336987517,4.431834139184264,28.707280150419297
Solana,torus,GAFAM,8,16,10,2023,hop,10 nodes,0,energy_positive_commit,kWh,energy,energy_valid_positive_commit,13,13,0,0,0,13,15.43801473341435,11.006180594230086,17.987351931217603,14.405499880291266,17.09856701009428,2.311589649514591,2.693067129803012,17.444387612703096,14.973360820231242,-4.431834139184264,2.5493371978032524,-28.707280150419297,16.513374561597065,6.981171336987517,4.431834139184264,28.707280150419297
Solana,torus,GAFAM,8,16,10,2023,hop,40 nodes,0,tps_positive_commit,TPS,average_throughput,tps_point_valid_positive_commit,13,13,0,0,0,13,4.930769230769231,3.8,6.9,4.4,5.2,0.786749235127915,0.7999999999999998,16.224648985959433,15.95591272490311,-1.1307692307692312,1.9692307692307693,-22.932917316692677,39.93759750390016,3.1000000000000005,1.9692307692307693,39.93759750390016
Solana,torus,GAFAM,8,16,10,2023,hop,40 nodes,0,latency_positive_commit,s,average_latency,latency_valid_positive_commit,13,13,0,0,0,13,96.35923076923078,88.64,101.65,95.8,99.2,3.751058653985703,3.4000000000000057,3.5284632025992537,3.892786009229417,-7.7192307692307764,5.290769230769229,-8.010888741647847,5.490671924768692,13.010000000000005,7.7192307692307764,8.010888741647847
Solana,torus,GAFAM,8,16,10,2023,hop,40 nodes,0,energy_observed,kWh,energy,energy_valid_observed,13,13,0,0,0,13,13.568674628682125,7.726122627607942,15.805203696288045,12.978123334677196,14.939786708174749,2.1824996344203145,1.9616633734975526,14.457295404157552,16.084840223133074,-5.842552001074183,2.23652906760592,-43.059120812904695,16.48303263811954,8.079081068680104,5.842552001074183,43.059120812904695
Solana,torus,GAFAM,8,16,10,2023,hop,40 nodes,0,energy_positive_commit,kWh,energy,energy_valid_positive_commit,13,13,0,0,0,13,13.568674628682125,7.726122627607942,15.805203696288045,12.978123334677196,14.939786708174749,2.1824996344203145,1.9616633734975526,14.457295404157552,16.084840223133074,-5.842552001074183,2.23652906760592,-43.059120812904695,16.48303263811954,8.079081068680104,5.842552001074183,43.059120812904695
Solana,torus,Gaming,8,16,10,2023,hop,10 nodes,0,tps_positive_commit,TPS,average_throughput,tps_point_valid_positive_commit,14,12,2,0,0,12,27.266666666666666,5.0,61.1,15.025,40.35,17.204351105743484,25.325000000000003,92.87897310513449,63.09664219710325,-22.266666666666666,33.833333333333336,-81.66259168704156,124.0831295843521,56.1,33.833333333333336,124.0831295843521
Solana,torus,Gaming,8,16,10,2023,hop,10 nodes,0,latency_positive_commit,s,average_latency,latency_valid_positive_commit,14,12,2,0,0,12,67.76333333333334,47.4,87.35,62.06,79.29249999999999,12.836922127089876,17.232499999999987,25.430419597619142,18.943758365521976,-20.363333333333337,19.58666666666666,-30.050666535491175,28.904520635545268,39.949999999999996,20.363333333333337,30.050666535491175
Solana,torus,Gaming,8,16,10,2023,hop,10 nodes,0,energy_observed,kWh,energy,energy_valid_observed,14,12,2,0,0,14,20.592401241010016,15.36726672143833,25.379333092231303,19.652992440901397,21.77739151922605,2.5776795485137742,2.124399078324654,10.316422322297642,12.517624915836887,-5.225134519571686,4.786931851221286,-25.37409046384434,23.246108091989065,10.012066370792972,5.225134519571686,25.37409046384434
Solana,torus,Gaming,8,16,10,2023,hop,10 nodes,0,energy_positive_commit,kWh,energy,energy_valid_positive_commit,14,12,2,0,0,12,21.03268344843338,17.382057677240084,25.379333092231303,19.953165938803366,22.489470692968588,2.2712833578295037,2.536304754165222,12.05887380173612,10.798828230349658,-3.6506257711932975,4.346649643797921,-17.356918721967517,20.6661677500865,7.997275414991218,4.346649643797921,20.6661677500865
Solana,torus,Gaming,8,16,10,2023,hop,40 nodes,0,tps_positive_commit,TPS,average_throughput,tps_point_valid_positive_commit,13,0,13,0,0,0,,,,,,,,,,,,,,,,
Solana,torus,Gaming,8,16,10,2023,hop,40 nodes,0,latency_positive_commit,s,average_latency,latency_valid_positive_commit,13,0,13,0,0,0,,,,,,,,,,,,,,,,
Solana,torus,Gaming,8,16,10,2023,hop,40 nodes,0,energy_observed,kWh,energy,energy_valid_observed,13,0,13,0,0,13,20.162338358926792,15.749583490654125,25.03925587883176,18.32528313615006,22.010367940430147,2.9315072449901476,3.6850848042800877,18.277070539531596,14.539520133051605,-4.412754868272668,4.876917519904968,-21.886126448815094,24.1882535303537,9.289672388177635,4.876917519904968,24.1882535303537
Solana,torus,Gaming,8,16,10,2023,hop,40 nodes,0,energy_positive_commit,kWh,energy,energy_valid_positive_commit,13,0,13,0,0,0,,,,,,,,,,,,,,,,
Solana,torus,PayPal,8,16,10,2023,hop,10 nodes,0,tps_positive_commit,TPS,average_throughput,tps_point_valid_positive_commit,13,11,2,0,0,11,119.9727272727273,31.5,180.4,71.55,162.55,55.10773250477815,91.00000000000001,75.85057209971963,45.933549863799314,-88.4727272727273,60.42727272727271,-73.74403273471243,50.3675077669167,148.9,88.4727272727273,73.74403273471243
Solana,torus,PayPal,8,16,10,2023,hop,10 nodes,0,latency_positive_commit,s,average_latency,latency_valid_positive_commit,13,11,2,0,0,11,36.709090909090904,27.01,54.4,30.415,41.34,8.29086781289565,10.925000000000004,29.76102030708273,22.58532588951267,-9.699090909090902,17.690909090909095,-26.42149578999503,48.19217434373454,27.389999999999997,17.690909090909095,48.19217434373454
Solana,torus,PayPal,8,16,10,2023,hop,10 nodes,0,energy_observed,kWh,energy,energy_valid_observed,13,11,2,0,0,13,22.122320490812914,17.508256057579885,29.290712796057772,19.686585933644484,23.05856821352136,3.313220455002343,3.371982279876878,15.242443853379733,14.976821515528972,-4.614064433233029,7.168392305244858,-20.857054462931156,32.40343755177848,11.782456738477887,7.168392305244858,32.40343755177848
Solana,torus,PayPal,8,16,10,2023,hop,10 nodes,0,energy_positive_commit,kWh,energy,energy_valid_positive_commit,13,11,2,0,0,11,22.618162319770985,19.52216905574026,29.290712796057772,20.105639087865676,24.328773670967202,3.271531563426059,4.223134583101526,18.671431053485723,14.464179349205345,-3.0959932640307244,6.672550476286787,-13.688084912736059,29.500851492493616,9.768543740317511,6.672550476286787,29.500851492493616
Solana,torus,PayPal,8,16,10,2023,hop,40 nodes,0,tps_positive_commit,TPS,average_throughput,tps_point_valid_positive_commit,13,1,12,0,0,1,151.5,151.5,151.5,151.5,151.5,,0.0,0.0,,0.0,0.0,0.0,0.0,0.0,0.0,0.0
Solana,torus,PayPal,8,16,10,2023,hop,40 nodes,0,latency_positive_commit,s,average_latency,latency_valid_positive_commit,13,1,12,0,0,1,64.37,64.37,64.37,64.37,64.37,,0.0,0.0,,0.0,0.0,0.0,0.0,0.0,0.0,0.0
Solana,torus,PayPal,8,16,10,2023,hop,40 nodes,0,energy_observed,kWh,energy,energy_valid_observed,13,1,12,0,0,13,23.417598299696635,19.16498669281838,30.66411830557756,20.150354728610164,24.90901912886553,3.3794749556973445,4.758664400255366,20.32089003899692,14.431347367253814,-4.252611606878254,7.2465200058809245,-18.1598964695425,30.944761769078603,11.499131612759179,7.2465200058809245,30.944761769078603
Solana,torus,PayPal,8,16,10,2023,hop,40 nodes,0,energy_positive_commit,kWh,energy,energy_valid_positive_commit,13,1,12,0,0,1,25.44140016119694,25.44140016119694,25.44140016119694,25.44140016119694,25.44140016119694,,0.0,0.0,,0.0,0.0,0.0,0.0,0.0,0.0,0.0
Solana,torus,VISA,8,16,10,2023,hop,10 nodes,0,tps_positive_commit,TPS,average_throughput,tps_point_valid_positive_commit,16,15,1,0,0,15,310.5266666666667,144.0,573.4,219.6,399.75,127.73178073417678,180.15,58.01434122673307,41.13391680827522,-166.5266666666667,262.8733333333333,-53.62717104274459,84.65402863951563,429.4,262.8733333333333,84.65402863951563
Solana,torus,VISA,8,16,10,2023,hop,10 nodes,0,latency_positive_commit,s,average_latency,latency_valid_positive_commit,16,15,1,0,0,15,75.83466666666668,57.27,103.7,69.475,76.50999999999999,13.015367217621014,7.034999999999997,9.276759969055483,17.162819841788732,-18.564666666666675,27.865333333333325,-24.48044869540756,36.74484844222518,46.43,27.865333333333325,36.74484844222518
Solana,torus,VISA,8,16,10,2023,hop,10 nodes,0,energy_observed,kWh,energy,energy_valid_observed,16,15,1,0,0,16,22.295321716414065,16.202768379202006,30.42382473665051,19.916118486009378,24.38904933733388,3.9615160902410804,4.472930851324502,20.062194698143696,17.76837374508289,-6.09255333721206,8.128503020236444,-27.32659978943768,36.4583347288151,14.221056357448504,8.128503020236444,36.4583347288151
Solana,torus,VISA,8,16,10,2023,hop,10 nodes,0,energy_positive_commit,kWh,energy,energy_valid_positive_commit,16,15,1,0,0,15,22.172792401059603,16.202768379202006,30.42382473665051,19.687077732499397,24.546056097022287,4.06905501533472,4.858978364522891,21.914147197313262,18.351567731001108,-5.970024021857597,8.251032335590907,-26.92499850209349,37.21241865411865,14.221056357448504,8.251032335590907,37.21241865411865
Solana,torus,VISA,8,16,10,2023,hop,40 nodes,0,tps_positive_commit,TPS,average_throughput,tps_point_valid_positive_commit,13,1,12,0,0,1,5.6,5.6,5.6,5.6,5.6,,0.0,0.0,,0.0,0.0,0.0,0.0,0.0,0.0,0.0
Solana,torus,VISA,8,16,10,2023,hop,40 nodes,0,latency_positive_commit,s,average_latency,latency_valid_positive_commit,13,1,12,0,0,1,118.47,118.47,118.47,118.47,118.47,,0.0,0.0,,0.0,0.0,0.0,0.0,0.0,0.0,0.0
Solana,torus,VISA,8,16,10,2023,hop,40 nodes,0,energy_observed,kWh,energy,energy_valid_observed,13,1,12,0,0,13,22.988205084741303,20.686907918079115,26.67832570945411,21.83763175775757,23.91534673681221,1.6927107373793475,2.0777149790546403,9.038178367539224,7.363388011980564,-2.301297166662188,3.690120624712808,-10.010773604024012,16.05223466168818,5.991417791374996,3.690120624712808,16.05223466168818
Solana,torus,VISA,8,16,10,2023,hop,40 nodes,0,energy_positive_commit,kWh,energy,energy_valid_positive_commit,13,1,12,0,0,1,22.58619160563012,22.58619160563012,22.58619160563012,22.58619160563012,22.58619160563012,,0.0,0.0,,0.0,0.0,0.0,0.0,0.0,0.0,0.0
