blockchain,mode,workload,cores,ram,secondaries,dataset,link_strategy,network_size,dynamic,metric,statistic,primary_value,defined_repetitions,median,q025,q975,minimum,maximum
Algorand,fat-tree,DDoS,8,16,10,2023,hop,10 nodes,0,tps_positive_commit,n_metric,13.0,5000,9.0,9.0,9.0,9.0,9.0
Algorand,fat-tree,DDoS,8,16,10,2023,hop,10 nodes,0,tps_positive_commit,mean,676.8461538461538,5000,676.7111111111111,658.2222222222222,698.3222222222222,651.6999999999999,708.0666666666667
Algorand,fat-tree,DDoS,8,16,10,2023,hop,10 nodes,0,tps_positive_commit,iqr_pct,9.426071144448244,5000,9.430584525432367,4.669072630018696,18.046975653265495,4.602703174880491,18.239182692307693
Algorand,fat-tree,DDoS,8,16,10,2023,hop,10 nodes,0,tps_positive_commit,sample_std_pct,8.360509572553,5000,8.4032475200491,5.759653596443144,9.90673933980004,3.796510410721893,10.147665222895865
Algorand,fat-tree,DDoS,8,16,10,2023,hop,10 nodes,0,tps_positive_commit,delta_min_pct,-15.268780543243546,5000,-14.459967147527113,-16.892087720993146,-11.25636727061704,-17.857597555541414,-5.945997549682576
Algorand,fat-tree,DDoS,8,16,10,2023,hop,10 nodes,0,tps_positive_commit,delta_max_pct,9.995454028866922,5000,9.52824637112593,6.550596277419686,12.454685821697113,5.145466528575456,13.358371821550021
Algorand,fat-tree,DDoS,8,16,10,2023,hop,10 nodes,0,tps_positive_commit,range_abs,171.0,5000,162.0,123.79999999999995,171.0,78.70000000000005,171.0
Algorand,fat-tree,DDoS,8,16,10,2023,hop,10 nodes,0,tps_positive_commit,wcd_abs,103.34615384615381,5000,97.67777777777775,77.58888888888873,116.56666666666672,41.52222222222224,124.6777777777778
Algorand,fat-tree,DDoS,8,16,10,2023,hop,10 nodes,0,tps_positive_commit,wcd_pct,15.268780543243546,5000,14.459967147527113,11.25636727061704,16.892087720993146,5.945997549682576,17.857597555541414
Algorand,fat-tree,DDoS,8,16,10,2023,hop,40 nodes,0,tps_positive_commit,n_metric,13.0,5000,9.0,9.0,9.0,9.0,9.0
Algorand,fat-tree,DDoS,8,16,10,2023,hop,40 nodes,0,tps_positive_commit,mean,405.3538461538462,5000,405.62222222222226,377.22222222222223,435.1444444444444,370.7777777777777,444.9222222222222
Algorand,fat-tree,DDoS,8,16,10,2023,hop,40 nodes,0,tps_positive_commit,iqr_pct,16.158721724609077,5000,16.113161131611314,10.180577643256559,23.624845062663535,6.6078965112504005,24.23702950152593
Algorand,fat-tree,DDoS,8,16,10,2023,hop,40 nodes,0,tps_positive_commit,sample_std_pct,19.396236708881688,5000,19.171197188247334,12.194084148628912,23.56291269477312,8.279597434848517,23.75085861344715
Algorand,fat-tree,DDoS,8,16,10,2023,hop,40 nodes,0,tps_positive_commit,delta_min_pct,-35.06907545164719,5000,-33.670520231213885,-37.76142932212297,-16.146701595617994,-38.98776561493884,-12.317295188556553
Algorand,fat-tree,DDoS,8,16,10,2023,hop,40 nodes,0,tps_positive_commit,delta_max_pct,31.712084408683754,5000,29.110352795765365,14.750641208321445,37.58339298496779,9.24333270029028,40.02098085496985
Algorand,fat-tree,DDoS,8,16,10,2023,hop,40 nodes,0,tps_positive_commit,range_abs,270.7,5000,258.5,159.29999999999995,270.7,95.29999999999995,270.7
Algorand,fat-tree,DDoS,8,16,10,2023,hop,40 nodes,0,tps_positive_commit,wcd_abs,142.1538461538462,5000,138.57777777777773,95.01111111111106,159.68888888888893,57.4444444444444,168.18888888888893
Algorand,fat-tree,DDoS,8,16,10,2023,hop,40 nodes,0,tps_positive_commit,wcd_pct,35.06907545164719,5000,34.341236682017,22.00639853747714,38.12397147558969,14.026425025095625,40.02098085496985
Algorand,fat-tree,FIFA,8,16,10,2023,hop,10 nodes,0,tps_positive_commit,n_metric,16.0,5000,9.0,9.0,9.0,9.0,9.0
Algorand,fat-tree,FIFA,8,16,10,2023,hop,10 nodes,0,tps_positive_commit,mean,96.83749999999999,5000,96.6888888888889,55.77305555555556,138.04527777777778,32.62222222222223,159.39999999999998
Algorand,fat-tree,FIFA,8,16,10,2023,hop,10 nodes,0,tps_positive_commit,iqr_pct,161.89492706854267,5000,144.14232835310966,76.69058235301438,195.542090468726,30.133928571428573,236.55631188118812
Algorand,fat-tree,FIFA,8,16,10,2023,hop,10 nodes,0,tps_positive_commit,sample_std_pct,99.24327447544364,5000,99.93365271519336,71.3112291872206,136.4468076946105,52.74239859449114,190.3971569076195
Algorand,fat-tree,FIFA,8,16,10,2023,hop,10 nodes,0,tps_positive_commit,delta_min_pct,-99.48367109848975,5000,-99.31602496453326,-99.60505529225908,-82.09882680015095,-99.67445561744918,-73.34424765590119
Algorand,fat-tree,FIFA,8,16,10,2023,hop,10 nodes,0,tps_positive_commit,delta_max_pct,186.4592745578934,5000,166.97003566990008,99.70942622395852,293.9387455344193,74.02760351317441,501.4454348349794
Algorand,fat-tree,FIFA,8,16,10,2023,hop,10 nodes,0,tps_positive_commit,range_abs,276.9,5000,272.79999999999995,186.0,276.9,104.3,276.9
Algorand,fat-tree,FIFA,8,16,10,2023,hop,10 nodes,0,tps_positive_commit,wcd_abs,180.5625,5000,162.49999999999997,112.7761111111111,202.54444444444442,69.98888888888888,231.27777777777774
Algorand,fat-tree,FIFA,8,16,10,2023,hop,10 nodes,0,tps_positive_commit,wcd_pct,186.4592745578934,5000,166.97003566990008,99.71108385263926,293.9387455344193,84.77393617021276,501.4454348349794
Algorand,fat-tree,FIFA,8,16,10,2023,hop,40 nodes,0,tps_positive_commit,n_metric,13.0,5000,9.0,9.0,9.0,9.0,9.0
Algorand,fat-tree,FIFA,8,16,10,2023,hop,40 nodes,0,tps_positive_commit,mean,50.815384615384616,5000,50.78888888888889,39.44444444444444,61.388888888888886,34.94444444444444,65.77777777777779
Algorand,fat-tree,FIFA,8,16,10,2023,hop,40 nodes,0,tps_positive_commit,iqr_pct,83.2425068119891,5000,84.0211873758552,49.205448354143016,118.29025844930416,41.35135135135134,128.7569127194037
Algorand,fat-tree,FIFA,8,16,10,2023,hop,40 nodes,0,tps_positive_commit,sample_std_pct,60.99990129769681,5000,61.96944034178812,44.83646025085984,76.66237986095128,37.041891143154196,80.30823487955885
Algorand,fat-tree,FIFA,8,16,10,2023,hop,40 nodes,0,tps_positive_commit,delta_min_pct,-88.19255222524978,5000,-87.02858515493635,-89.71036585365853,-63.13253012048193,-90.49128367670365,-51.63181551690443
Algorand,fat-tree,FIFA,8,16,10,2023,hop,40 nodes,0,tps_positive_commit,delta_max_pct,112.1404783530124,5000,100.04123711340208,67.71217712177122,143.95272818707568,59.52489721333941,172.98818232976927
Algorand,fat-tree,FIFA,8,16,10,2023,hop,40 nodes,0,tps_positive_commit,range_abs,101.8,5000,90.8,63.8,101.8,52.8,101.8
Algorand,fat-tree,FIFA,8,16,10,2023,hop,40 nodes,0,tps_positive_commit,wcd_abs,56.98461538461538,5000,52.7,34.81111111111111,63.61111111111111,27.76666666666666,68.3111111111111
Algorand,fat-tree,FIFA,8,16,10,2023,hop,40 nodes,0,tps_positive_commit,wcd_pct,112.1404783530124,5000,100.04123711340208,71.04327827723189,143.95272818707568,59.878835255032236,172.98818232976927
Algorand,fat-tree,GAFAM,8,16,10,2023,hop,10 nodes,0,tps_positive_commit,n_metric,13.0,5000,9.0,9.0,9.0,9.0,9.0
Algorand,fat-tree,GAFAM,8,16,10,2023,hop,10 nodes,0,tps_positive_commit,mean,124.02307692307694,5000,123.9777777777778,114.44444444444444,135.15416666666655,111.0111111111111,139.23333333333335
Algorand,fat-tree,GAFAM,8,16,10,2023,hop,10 nodes,0,tps_positive_commit,iqr_pct,25.23723872728401,5000,24.771368272951115,13.844893500819229,33.77883559135847,10.734025016968872,34.81132075471698
Algorand,fat-tree,GAFAM,8,16,10,2023,hop,10 nodes,0,tps_positive_commit,sample_std_pct,24.69361658140263,5000,24.219289817457106,13.12499813995258,29.663888353390735,11.618063521891441,29.93923722249174
Algorand,fat-tree,GAFAM,8,16,10,2023,hop,10 nodes,0,tps_positive_commit,delta_min_pct,-51.702536748744045,5000,-49.49409780775717,-53.77293774652718,-16.735415439010026,-54.89080411681031,-12.709278350515474
Algorand,fat-tree,GAFAM,8,16,10,2023,hop,10 nodes,0,tps_positive_commit,delta_max_pct,27.556906282949793,5000,26.627535686747333,16.333033744586974,36.431582981985436,13.622216902082814,40.886602018602815
Algorand,fat-tree,GAFAM,8,16,10,2023,hop,10 nodes,0,tps_positive_commit,range_abs,98.29999999999998,5000,95.29999999999998,48.29999999999998,98.29999999999998,37.599999999999994,98.29999999999998
Algorand,fat-tree,GAFAM,8,16,10,2023,hop,10 nodes,0,tps_positive_commit,wcd_abs,64.12307692307695,5000,59.094444444444434,24.51055555555551,69.67777777777778,20.47777777777773,72.88888888888889
Algorand,fat-tree,GAFAM,8,16,10,2023,hop,10 nodes,0,tps_positive_commit,wcd_pct,51.702536748744045,5000,49.49409780775717,18.32774246242103,53.77293774652718,15.17553793884484,54.89080411681031
Algorand,fat-tree,GAFAM,8,16,10,2023,hop,40 nodes,0,tps_positive_commit,n_metric,13.0,5000,9.0,9.0,9.0,9.0,9.0
Algorand,fat-tree,GAFAM,8,16,10,2023,hop,40 nodes,0,tps_positive_commit,mean,106.60000000000001,5000,106.06666666666666,95.92194444444445,119.67777777777776,93.9,126.81111111111113
Algorand,fat-tree,GAFAM,8,16,10,2023,hop,40 nodes,0,tps_positive_commit,iqr_pct,51.78236397748592,5000,51.55666251556663,9.411872615786997,63.126061120543305,8.990011098779144,66.87275179856117
Algorand,fat-tree,GAFAM,8,16,10,2023,hop,40 nodes,0,tps_positive_commit,sample_std_pct,30.886031532989076,5000,31.312145490677427,18.531304065671566,37.83548425797154,7.623158099791905,38.4304970720818
Algorand,fat-tree,GAFAM,8,16,10,2023,hop,40 nodes,0,tps_positive_commit,delta_min_pct,-51.03189493433396,5000,-50.188323917137474,-55.14569424735432,-41.083521444695265,-56.43141982750627,-9.156225357048971
Algorand,fat-tree,GAFAM,8,16,10,2023,hop,40 nodes,0,tps_positive_commit,delta_max_pct,35.74108818011255,5000,32.14324470971244,19.900026237674286,47.90459965928449,13.878238099691405,50.711723180187455
Algorand,fat-tree,GAFAM,8,16,10,2023,hop,40 nodes,0,tps_positive_commit,range_abs,92.49999999999999,5000,91.79999999999998,71.99999999999999,92.49999999999999,29.499999999999986,92.49999999999999
Algorand,fat-tree,GAFAM,8,16,10,2023,hop,40 nodes,0,tps_positive_commit,wcd_abs,54.400000000000006,5000,52.84444444444445,43.688333333333325,64.75555555555556,17.888888888888857,67.61111111111113
Algorand,fat-tree,GAFAM,8,16,10,2023,hop,40 nodes,0,tps_positive_commit,wcd_pct,51.03189493433396,5000,50.203953561342956,41.083521444695265,55.1456942473543,14.106720406553903,56.43141982750627
Algorand,fat-tree,Gaming,8,16,10,2023,hop,10 nodes,0,tps_positive_commit,n_metric,13.0,5000,9.0,9.0,9.0,9.0,9.0
Algorand,fat-tree,Gaming,8,16,10,2023,hop,10 nodes,0,tps_positive_commit,mean,225.53846153846155,5000,225.2111111111111,205.04444444444445,248.82222222222222,197.64444444444445,256.76666666666665
Algorand,fat-tree,Gaming,8,16,10,2023,hop,10 nodes,0,tps_positive_commit,iqr_pct,30.903819918144606,5000,30.037565016374487,15.203819316929852,50.86855068706249,14.347244913114507,51.99554778184131
Algorand,fat-tree,Gaming,8,16,10,2023,hop,10 nodes,0,tps_positive_commit,sample_std_pct,27.490373183499912,5000,29.667474862568348,17.076170845826468,33.12760834972082,12.882233701111403,33.59275773311192
Algorand,fat-tree,Gaming,8,16,10,2023,hop,10 nodes,0,tps_positive_commit,delta_min_pct,-61.07094133697135,5000,-59.18388429752066,-62.854322380482294,-28.571428571428566,-63.886476852063424,-14.860456687205492
Algorand,fat-tree,Gaming,8,16,10,2023,hop,10 nodes,0,tps_positive_commit,delta_max_pct,38.55729877216916,5000,34.66369852122755,21.158798283261806,48.29949907724756,15.109641174338522,54.07581899857568
Algorand,fat-tree,Gaming,8,16,10,2023,hop,10 nodes,0,tps_positive_commit,range_abs,224.7,5000,194.5,112.80000000000001,224.7,73.5,224.7
Algorand,fat-tree,Gaming,8,16,10,2023,hop,10 nodes,0,tps_positive_commit,wcd_abs,137.73846153846154,5000,127.31111111111112,65.80722222222222,148.56666666666666,37.05555555555554,155.3222222222222
Algorand,fat-tree,Gaming,8,16,10,2023,hop,10 nodes,0,tps_positive_commit,wcd_pct,61.07094133697135,5000,59.18388429752066,29.22015322948907,62.854322380482294,15.109641174338522,63.886476852063424
Algorand,fat-tree,Gaming,8,16,10,2023,hop,40 nodes,0,tps_positive_commit,n_metric,13.0,5000,9.0,9.0,9.0,9.0,9.0
Algorand,fat-tree,Gaming,8,16,10,2023,hop,40 nodes,0,tps_positive_commit,mean,227.9923076923077,5000,227.75555555555553,210.3222222222222,246.85555555555553,205.07777777777775,256.14444444444445
Algorand,fat-tree,Gaming,8,16,10,2023,hop,40 nodes,0,tps_positive_commit,iqr_pct,36.492459259759094,5000,34.664638634021884,16.836873023045644,41.02068144621335,11.243655923307154,42.72928347307237
Algorand,fat-tree,Gaming,8,16,10,2023,hop,40 nodes,0,tps_positive_commit,sample_std_pct,22.191206195655685,5000,22.41224586753246,15.236891825463047,26.329256386745016,11.079640392252877,26.98821870518093
Algorand,fat-tree,Gaming,8,16,10,2023,hop,40 nodes,0,tps_positive_commit,delta_min_pct,-37.45403016296097,5000,-35.37764350453172,-40.632805995004155,-24.27591996641947,-42.68488745980708,-18.52253502797899
Algorand,fat-tree,Gaming,8,16,10,2023,hop,40 nodes,0,tps_positive_commit,delta_max_pct,31.495664496103114,5000,28.467190271091976,19.225840661040174,39.348241491504396,15.963042583359998,43.04951754851026
Algorand,fat-tree,Gaming,8,16,10,2023,hop,40 nodes,0,tps_positive_commit,range_abs,157.20000000000002,5000,145.0,117.89999999999998,157.20000000000002,91.10000000000002,157.20000000000002
Algorand,fat-tree,Gaming,8,16,10,2023,hop,40 nodes,0,tps_positive_commit,wcd_abs,85.3923076923077,5000,81.36666666666667,60.92222222222222,97.59999999999997,47.4444444444444,106.20000000000005
Algorand,fat-tree,Gaming,8,16,10,2023,hop,40 nodes,0,tps_positive_commit,wcd_pct,37.45403016296097,5000,36.06018333997609,25.38945820504573,41.0123591353085,18.52253502797899,43.04951754851026
Algorand,fat-tree,PayPal,8,16,10,2023,hop,10 nodes,0,tps_positive_commit,n_metric,13.0,5000,9.0,9.0,9.0,9.0,9.0
Algorand,fat-tree,PayPal,8,16,10,2023,hop,10 nodes,0,tps_positive_commit,mean,190.80769230769232,5000,190.82222222222222,190.41111111111113,191.1777777777778,190.2111111111111,191.2111111111111
Algorand,fat-tree,PayPal,8,16,10,2023,hop,10 nodes,0,tps_positive_commit,iqr_pct,0.9433581939125086,5000,0.9427374301675888,0.41975164694221695,1.1529055549085767,0.10498687664041396,1.1535100495193649
Algorand,fat-tree,PayPal,8,16,10,2023,hop,10 nodes,0,tps_positive_commit,sample_std_pct,0.548609939312862,5000,0.5548998484319447,0.4354049698523611,0.6152587355693461,0.28728774421557773,0.6255261593879462
Algorand,fat-tree,PayPal,8,16,10,2023,hop,10 nodes,0,tps_positive_commit,delta_min_pct,-0.4757105422293931,5000,-0.4832886922091507,-0.6683714983145529,-0.2684250452237894,-0.6799163179916377,-0.1635609556632938
Algorand,fat-tree,PayPal,8,16,10,2023,hop,10 nodes,0,tps_positive_commit,delta_max_pct,0.8869179600886848,5000,0.8322663252240641,0.6857674202359462,1.038082463404668,0.674065895752224,1.1442582754393282
Algorand,fat-tree,PayPal,8,16,10,2023,hop,10 nodes,0,tps_positive_commit,range_abs,2.5999999999999943,5000,2.5999999999999943,2.1999999999999886,2.5999999999999943,1.5999999999999943,2.5999999999999943
Algorand,fat-tree,PayPal,8,16,10,2023,hop,10 nodes,0,tps_positive_commit,wcd_abs,1.6923076923076792,5000,1.5888888888888744,1.311111111111103,1.97777777777776,1.2888888888888346,2.1777777777778056
Algorand,fat-tree,PayPal,8,16,10,2023,hop,10 nodes,0,tps_positive_commit,wcd_pct,0.8869179600886848,5000,0.8322663252240641,0.6857674202359462,1.038082463404668,0.674065895752224,1.1442582754393282
Algorand,fat-tree,PayPal,8,16,10,2023,hop,40 nodes,0,tps_positive_commit,n_metric,13.0,5000,9.0,9.0,9.0,9.0,9.0
Algorand,fat-tree,PayPal,8,16,10,2023,hop,40 nodes,0,tps_positive_commit,mean,190.79999999999998,5000,190.8,190.6,191.00027777777777,190.54444444444445,191.10000000000002
Algorand,fat-tree,PayPal,8,16,10,2023,hop,40 nodes,0,tps_positive_commit,iqr_pct,0.36687631027253076,5000,0.3667268176261655,0.10476079618204504,0.47197296352406776,0.1046572475143844,0.47205548108864454
Algorand,fat-tree,PayPal,8,16,10,2023,hop,40 nodes,0,tps_positive_commit,sample_std_pct,0.29102605256739333,5000,0.2953635883790136,0.20583994859835109,0.34777610524523406,0.16154124745725873,0.355294689708724
Algorand,fat-tree,PayPal,8,16,10,2023,hop,40 nodes,0,tps_positive_commit,delta_min_pct,-0.5241090146750376,5000,-0.4827826896230779,-0.587790257812946,-0.33785751732976127,-0.622491128047011,-0.15698587127157665
Algorand,fat-tree,PayPal,8,16,10,2023,hop,40 nodes,0,tps_positive_commit,delta_max_pct,0.4716981132075502,5000,0.44829995342336587,0.22143231746399966,0.541958041958041,0.15723270440249185,0.5653998601072538
Algorand,fat-tree,PayPal,8,16,10,2023,hop,40 nodes,0,tps_positive_commit,range_abs,1.8999999999999773,5000,1.799999999999983,1.299999999999983,1.8999999999999773,0.8999999999999773,1.8999999999999773
Algorand,fat-tree,PayPal,8,16,10,2023,hop,40 nodes,0,tps_positive_commit,wcd_abs,0.9999999999999716,5000,0.9555555555555486,0.6777777777777487,1.1222222222222058,0.5888888888888744,1.188888888888897
Algorand,fat-tree,PayPal,8,16,10,2023,hop,40 nodes,0,tps_positive_commit,wcd_pct,0.5241090146750376,5000,0.500931966449219,0.35481619357839334,0.587790257812946,0.3088218156391953,0.622491128047011
Algorand,fat-tree,VISA,8,16,10,2023,hop,10 nodes,0,tps_positive_commit,n_metric,13.0,5000,9.0,9.0,9.0,9.0,9.0
Algorand,fat-tree,VISA,8,16,10,2023,hop,10 nodes,0,tps_positive_commit,mean,511.14615384615377,5000,511.46666666666675,507.9888888888888,513.7111111111111,507.3888888888889,514.6
Algorand,fat-tree,VISA,8,16,10,2023,hop,10 nodes,0,tps_positive_commit,iqr_pct,1.4672907041490468,5000,1.3880893718506329,0.7858717719225481,1.904159486989332,0.782319577547428,1.908071601862171
Algorand,fat-tree,VISA,8,16,10,2023,hop,10 nodes,0,tps_positive_commit,sample_std_pct,1.6723703422296345,5000,1.844357266151139,0.8416679385654408,2.0214869305301844,0.5816260162486218,2.0338088949514774
Algorand,fat-tree,VISA,8,16,10,2023,hop,10 nodes,0,tps_positive_commit,delta_min_pct,-2.1023642191755973,5000,-2.0594567557575605,-2.437122246051862,-1.3860605662484557,-2.586952759993079,-0.9014684160222386
Algorand,fat-tree,VISA,8,16,10,2023,hop,10 nodes,0,tps_positive_commit,delta_max_pct,4.60804526779939,5000,4.320398872750933,0.8728776665215429,4.735891353080741,0.6625249804500651,4.907132891524254
Algorand,fat-tree,VISA,8,16,10,2023,hop,10 nodes,0,tps_positive_commit,range_abs,34.30000000000007,5000,33.200000000000045,12.899999999999977,34.30000000000007,8.0,34.30000000000007
Algorand,fat-tree,VISA,8,16,10,2023,hop,10 nodes,0,tps_positive_commit,wcd_abs,23.55384615384628,5000,22.144444444444503,7.444444444444457,24.177777777777862,4.611111111111086,25.011111111111177
Algorand,fat-tree,VISA,8,16,10,2023,hop,10 nodes,0,tps_positive_commit,wcd_pct,4.60804526779939,5000,4.320398872750933,1.4637348211355439,4.735891353080741,0.9014684160222386,4.907132891524254
Algorand,fat-tree,VISA,8,16,10,2023,hop,40 nodes,0,tps_positive_commit,n_metric,13.0,5000,9.0,9.0,9.0,9.0,9.0
Algorand,fat-tree,VISA,8,16,10,2023,hop,40 nodes,0,tps_positive_commit,mean,378.9692307692308,5000,378.8222222222223,360.34444444444443,397.85555555555555,351.33333333333326,400.52222222222224
Algorand,fat-tree,VISA,8,16,10,2023,hop,40 nodes,0,tps_positive_commit,iqr_pct,21.215442698818666,5000,20.7131280388979,16.2021062738156,25.627261057299574,5.970103628526882,26.242829827915877
Algorand,fat-tree,VISA,8,16,10,2023,hop,40 nodes,0,tps_positive_commit,sample_std_pct,13.544725399005303,5000,13.545231777807707,10.94021782004563,15.333074219794282,8.889254508073584,15.90587459786584
Algorand,fat-tree,VISA,8,16,10,2023,hop,40 nodes,0,tps_positive_commit,delta_min_pct,-15.824300734786679,5000,-14.703348287233716,-18.550880876053213,-10.250398574509989,-19.93195192012718,-8.263017397440997
Algorand,fat-tree,VISA,8,16,10,2023,hop,40 nodes,0,tps_positive_commit,delta_max_pct,23.545650144115598,5000,21.379081817086398,16.238749134548822,27.702518410764615,14.905955631922936,30.891808778305844
Algorand,fat-tree,VISA,8,16,10,2023,hop,40 nodes,0,tps_positive_commit,range_abs,149.2,5000,136.0,100.40000000000003,149.2,83.90000000000003,149.2
Algorand,fat-tree,VISA,8,16,10,2023,hop,40 nodes,0,tps_positive_commit,wcd_abs,89.23076923076917,5000,81.18888888888893,61.52222222222224,101.56666666666666,53.97777777777782,110.5
Algorand,fat-tree,VISA,8,16,10,2023,hop,40 nodes,0,tps_positive_commit,wcd_pct,23.545650144115598,5000,21.379081817086398,16.238749134548822,27.702518410764615,14.905955631922936,30.891808778305844
Algorand,full mesh,DDoS,8,16,10,2023,hop,10 nodes,0,tps_positive_commit,n_metric,14.0,5000,9.0,9.0,9.0,9.0,9.0
Algorand,full mesh,DDoS,8,16,10,2023,hop,10 nodes,0,tps_positive_commit,mean,790.0571428571429,5000,790.2333333333332,777.4000000000001,803.0999999999999,770.5555555555554,807.5666666666667
Algorand,full mesh,DDoS,8,16,10,2023,hop,10 nodes,0,tps_positive_commit,iqr_pct,5.3856863879646975,5000,4.8120216118865375,1.1225603447054076,7.986674878226315,1.1101299356629328,8.046479488951263
Algorand,full mesh,DDoS,8,16,10,2023,hop,10 nodes,0,tps_positive_commit,sample_std_pct,4.139936125692973,5000,4.134634057675816,2.832731132004473,5.008986753462919,1.9267315915045282,5.229291119326658
Algorand,full mesh,DDoS,8,16,10,2023,hop,10 nodes,0,tps_positive_commit,delta_min_pct,-7.13329958050051,5000,-6.2816673526447895,-7.992308656941007,-3.6802431367506188,-8.54788449553355,-2.489476681994351
Algorand,full mesh,DDoS,8,16,10,2023,hop,10 nodes,0,tps_positive_commit,delta_max_pct,7.549182699262254,5000,6.86108743345026,4.677950614142729,8.535460338636666,2.3547224224946004,9.279926835193432
Algorand,full mesh,DDoS,8,16,10,2023,hop,10 nodes,0,tps_positive_commit,range_abs,116.0,5000,105.0,69.30000000000007,116.0,45.0,116.0
Algorand,full mesh,DDoS,8,16,10,2023,hop,10 nodes,0,tps_positive_commit,wcd_abs,59.64285714285711,5000,56.755555555555475,39.68888888888898,67.13333333333321,22.566666666666606,72.15555555555568
Algorand,full mesh,DDoS,8,16,10,2023,hop,10 nodes,0,tps_positive_commit,wcd_pct,7.549182699262254,5000,7.207144143045602,5.083800339231364,8.546244251405223,2.9007241098590266,9.279926835193432
Algorand,full mesh,DDoS,8,16,10,2023,hop,40 nodes,0,tps_positive_commit,n_metric,13.0,5000,9.0,9.0,9.0,9.0,9.0
Algorand,full mesh,DDoS,8,16,10,2023,hop,40 nodes,0,tps_positive_commit,mean,485.79230769230765,5000,484.8222222222222,447.4888888888889,525.6777777777777,435.72222222222223,540.4000000000001
Algorand,full mesh,DDoS,8,16,10,2023,hop,40 nodes,0,tps_positive_commit,iqr_pct,17.682453723496913,5000,17.885069171332077,9.036144578313264,42.932494332114935,8.691206543967292,43.76473917554948
Algorand,full mesh,DDoS,8,16,10,2023,hop,40 nodes,0,tps_positive_commit,sample_std_pct,22.15878007765063,5000,22.857905383794076,14.757689009686825,27.005657770235022,10.199266491235205,27.247241204205107
Algorand,full mesh,DDoS,8,16,10,2023,hop,40 nodes,0,tps_positive_commit,delta_min_pct,-44.35893781768086,5000,-42.16119828815976,-46.68054794520549,-26.660613256967245,-47.803977943227416,-9.85413912227576
Algorand,full mesh,DDoS,8,16,10,2023,hop,40 nodes,0,tps_positive_commit,delta_max_pct,32.546355675898226,5000,30.711627382429217,21.064474868539477,40.1271883160847,15.512916129907081,43.269302084105924
Algorand,full mesh,DDoS,8,16,10,2023,hop,40 nodes,0,tps_positive_commit,range_abs,373.59999999999997,5000,356.09999999999997,217.89999999999998,373.59999999999997,156.7,373.59999999999997
Algorand,full mesh,DDoS,8,16,10,2023,hop,40 nodes,0,tps_positive_commit,wcd_abs,215.49230769230763,5000,197.0333333333333,128.33333333333331,236.64444444444456,103.49999999999989,247.5555555555556
Algorand,full mesh,DDoS,8,16,10,2023,hop,40 nodes,0,tps_positive_commit,wcd_pct,44.35893781768086,5000,42.166698364397114,26.76973148901546,46.68054794520549,19.1524796447076,47.803977943227416
Algorand,full mesh,FIFA,8,16,10,2023,hop,10 nodes,0,tps_positive_commit,n_metric,14.0,5000,9.0,9.0,9.0,9.0,9.0
Algorand,full mesh,FIFA,8,16,10,2023,hop,10 nodes,0,tps_positive_commit,mean,129.6,5000,129.89999999999998,90.82222222222222,164.85555555555555,74.61111111111111,181.74444444444447
Algorand,full mesh,FIFA,8,16,10,2023,hop,10 nodes,0,tps_positive_commit,iqr_pct,77.14120370370371,5000,76.76086399726799,38.84443324302187,131.7321538778029,34.07185628742514,150.48154093097915
Algorand,full mesh,FIFA,8,16,10,2023,hop,10 nodes,0,tps_positive_commit,sample_std_pct,75.03145358683099,5000,74.78787941454904,51.84400101671354,96.65511115179557,41.70137629275818,106.00423379734706
Algorand,full mesh,FIFA,8,16,10,2023,hop,10 nodes,0,tps_positive_commit,delta_min_pct,-97.8395061728395,5000,-97.44421906693711,-98.18691992229655,-63.32091023663817,-98.36692372496921,-47.50871186647917
Algorand,full mesh,FIFA,8,16,10,2023,hop,10 nodes,0,tps_positive_commit,delta_max_pct,158.64197530864197,5000,137.07662082514733,80.42679312388854,203.28971080920348,56.23652602402217,252.88337817288573
Algorand,full mesh,FIFA,8,16,10,2023,hop,10 nodes,0,tps_positive_commit,range_abs,332.4,5000,318.9,166.29999999999998,332.4,136.29999999999998,332.4
Algorand,full mesh,FIFA,8,16,10,2023,hop,10 nodes,0,tps_positive_commit,wcd_abs,205.6,5000,185.0,90.76666666666667,224.09138888888887,74.95555555555555,240.2111111111111
Algorand,full mesh,FIFA,8,16,10,2023,hop,10 nodes,0,tps_positive_commit,wcd_pct,158.64197530864197,5000,137.07662082514733,91.11293818671055,203.28971080920348,75.23868186017863,252.88337817288573
Algorand,full mesh,FIFA,8,16,10,2023,hop,40 nodes,0,tps_positive_commit,n_metric,13.0,5000,9.0,9.0,9.0,9.0,9.0
Algorand,full mesh,FIFA,8,16,10,2023,hop,40 nodes,0,tps_positive_commit,mean,71.88461538461539,5000,73.35555555555555,56.53333333333333,84.24444444444444,53.05555555555555,88.81111111111112
Algorand,full mesh,FIFA,8,16,10,2023,hop,40 nodes,0,tps_positive_commit,iqr_pct,35.195291599785975,5000,36.590407938258004,15.080789946140039,73.84588069792021,13.257924503485468,76.64335664335664
Algorand,full mesh,FIFA,8,16,10,2023,hop,40 nodes,0,tps_positive_commit,sample_std_pct,57.584338040160105,5000,58.459464933675264,32.29847209247002,71.90623368503843,20.57567826848032,74.41572705200926
Algorand,full mesh,FIFA,8,16,10,2023,hop,40 nodes,0,tps_positive_commit,delta_min_pct,-72.45585874799359,5000,-69.67914438502673,-75.49167927382754,-47.56275417113315,-76.44726407613007,-28.6355475763016
Algorand,full mesh,FIFA,8,16,10,2023,hop,40 nodes,0,tps_positive_commit,delta_max_pct,155.82664526484749,5000,133.9363957597173,44.52420016406891,171.28339616456324,31.473880597014915,182.97144811078823
Algorand,full mesh,FIFA,8,16,10,2023,hop,40 nodes,0,tps_positive_commit,range_abs,164.1,5000,158.70000000000002,65.6,164.1,49.8,164.1
Algorand,full mesh,FIFA,8,16,10,2023,hop,40 nodes,0,tps_positive_commit,wcd_abs,112.01538461538462,5000,105.28888888888889,35.011111111111106,116.11111111111113,28.533333333333317,118.91111111111113
Algorand,full mesh,FIFA,8,16,10,2023,hop,40 nodes,0,tps_positive_commit,wcd_pct,155.82664526484749,5000,133.9363957597173,59.893899204244036,171.28339616456324,38.420107719928154,182.97144811078823
Algorand,full mesh,GAFAM,8,16,10,2023,hop,10 nodes,0,tps_positive_commit,n_metric,14.0,5000,9.0,9.0,9.0,9.0,9.0
Algorand,full mesh,GAFAM,8,16,10,2023,hop,10 nodes,0,tps_positive_commit,mean,147.14285714285714,5000,146.10000000000002,139.84444444444443,158.14444444444445,138.9333333333333,159.88888888888889
Algorand,full mesh,GAFAM,8,16,10,2023,hop,10 nodes,0,tps_positive_commit,iqr_pct,4.774271844660198,5000,4.520107838802122,2.473815935534264,31.197183098591545,2.2770398481973397,31.49040360161125
Algorand,full mesh,GAFAM,8,16,10,2023,hop,10 nodes,0,tps_positive_commit,sample_std_pct,16.725685603761352,5000,18.97604066607715,2.4784215549218382,20.944064177237284,1.8006221877934363,21.226109024782694
Algorand,full mesh,GAFAM,8,16,10,2023,hop,10 nodes,0,tps_positive_commit,delta_min_pct,-44.679611650485434,5000,-42.201183431952664,-45.9016393442623,-3.7127503663898302,-46.31393815037374,-2.5573314801945704
Algorand,full mesh,GAFAM,8,16,10,2023,hop,10 nodes,0,tps_positive_commit,delta_max_pct,11.252427184466015,5000,11.863634799238811,3.3167894289519033,16.59544159544158,2.383599722029182,17.42249143221485
Algorand,full mesh,GAFAM,8,16,10,2023,hop,10 nodes,0,tps_positive_commit,range_abs,82.29999999999998,5000,81.6,10.399999999999977,82.29999999999998,7.899999999999977,82.29999999999998
Algorand,full mesh,GAFAM,8,16,10,2023,hop,10 nodes,0,tps_positive_commit,wcd_abs,65.74285714285713,5000,59.43333333333334,5.911111111111097,69.06666666666669,4.088888888888874,70.22222222222223
Algorand,full mesh,GAFAM,8,16,10,2023,hop,10 nodes,0,tps_positive_commit,wcd_pct,44.679611650485434,5000,42.201183431952664,3.7127503663898302,45.9016393442623,2.5573314801945704,46.31393815037374
Algorand,full mesh,GAFAM,8,16,10,2023,hop,40 nodes,0,tps_positive_commit,n_metric,13.0,5000,9.0,9.0,9.0,9.0,9.0
Algorand,full mesh,GAFAM,8,16,10,2023,hop,40 nodes,0,tps_positive_commit,mean,125.77692307692307,5000,125.75555555555555,119.15555555555557,132.34444444444443,116.74444444444443,134.74444444444444
Algorand,full mesh,GAFAM,8,16,10,2023,hop,40 nodes,0,tps_positive_commit,iqr_pct,17.411779096079744,5000,15.476298789919019,10.090237899917964,25.364431486880466,9.777424483306833,25.855547550432284
Algorand,full mesh,GAFAM,8,16,10,2023,hop,40 nodes,0,tps_positive_commit,sample_std_pct,14.489131606529062,5000,14.897627355140918,10.359356497932627,17.31256610182456,8.437179823276661,17.574928405917635
Algorand,full mesh,GAFAM,8,16,10,2023,hop,40 nodes,0,tps_positive_commit,delta_min_pct,-27.96770839703994,5000,-26.2748643761302,-30.063961212318887,-13.299438051913306,-31.08519269776877,-10.868310381792694
Algorand,full mesh,GAFAM,8,16,10,2023,hop,40 nodes,0,tps_positive_commit,delta_max_pct,23.55207632560701,5000,21.99838839645448,14.707515734913006,27.65607886089816,11.454368416393734,30.539481052828105
Algorand,full mesh,GAFAM,8,16,10,2023,hop,40 nodes,0,tps_positive_commit,range_abs,64.80000000000001,5000,60.80000000000001,39.60000000000001,64.80000000000001,29.69999999999999,64.80000000000001
Algorand,full mesh,GAFAM,8,16,10,2023,hop,40 nodes,0,tps_positive_commit,wcd_abs,35.176923076923075,5000,32.88888888888891,22.52222222222221,38.94694444444442,15.722222222222214,40.866666666666674
Algorand,full mesh,GAFAM,8,16,10,2023,hop,40 nodes,0,tps_positive_commit,wcd_pct,27.96770839703994,5000,26.675958666570928,17.36434108527132,30.12853470437018,12.889415194024407,31.08519269776877
Algorand,full mesh,Gaming,8,16,10,2023,hop,10 nodes,0,tps_positive_commit,n_metric,13.0,5000,9.0,9.0,9.0,9.0,9.0
Algorand,full mesh,Gaming,8,16,10,2023,hop,10 nodes,0,tps_positive_commit,mean,270.6,5000,270.64444444444445,254.38888888888889,287.69138888888864,248.5333333333333,293.2555555555556
Algorand,full mesh,Gaming,8,16,10,2023,hop,10 nodes,0,tps_positive_commit,iqr_pct,10.901699926090169,5000,14.507609843890604,5.044388986621932,29.71119282733545,4.873710423336907,29.9076692729995
Algorand,full mesh,Gaming,8,16,10,2023,hop,10 nodes,0,tps_positive_commit,sample_std_pct,17.149210912085167,5000,17.097166117723617,10.977429077899844,20.939761652568514,7.785958894738572,21.085731009459202
Algorand,full mesh,Gaming,8,16,10,2023,hop,10 nodes,0,tps_positive_commit,delta_min_pct,-29.416112342941616,5000,-28.790389395194683,-32.05358537728479,-16.194767905567073,-33.0451039962608,-7.854534029768668
Algorand,full mesh,Gaming,8,16,10,2023,hop,10 nodes,0,tps_positive_commit,delta_max_pct,30.709534368070937,5000,27.265821772678205,16.383029721955896,35.71367667121419,11.292918454935618,37.572928821470256
Algorand,full mesh,Gaming,8,16,10,2023,hop,10 nodes,0,tps_positive_commit,range_abs,162.7,5000,160.39999999999998,93.0,162.7,63.0,162.7
Algorand,full mesh,Gaming,8,16,10,2023,hop,10 nodes,0,tps_positive_commit,wcd_abs,83.09999999999997,5000,82.87777777777774,60.80805555555552,93.23333333333335,40.5,96.60000000000002
Algorand,full mesh,Gaming,8,16,10,2023,hop,10 nodes,0,tps_positive_commit,wcd_pct,30.709534368070937,5000,30.28081174645927,21.970190428752083,35.71367667121419,14.413069944625533,37.572928821470256
Algorand,full mesh,Gaming,8,16,10,2023,hop,40 nodes,0,tps_positive_commit,n_metric,13.0,5000,9.0,9.0,9.0,9.0,9.0
Algorand,full mesh,Gaming,8,16,10,2023,hop,40 nodes,0,tps_positive_commit,mean,232.75384615384615,5000,232.9888888888889,213.52222222222224,254.5444444444444,208.47777777777776,263.7777777777778
Algorand,full mesh,Gaming,8,16,10,2023,hop,40 nodes,0,tps_positive_commit,iqr_pct,15.724767003767608,5000,15.897683397683407,10.74298604257718,42.04521115059731,10.196253345227467,42.82294264339152
Algorand,full mesh,Gaming,8,16,10,2023,hop,40 nodes,0,tps_positive_commit,sample_std_pct,25.689113363738006,5000,26.367180979737647,13.009992044227136,31.60246318637465,7.936497136038228,31.750108385572982
Algorand,full mesh,Gaming,8,16,10,2023,hop,40 nodes,0,tps_positive_commit,delta_min_pct,-53.126445898605326,5000,-51.01521564261707,-55.55404671374253,-27.638394666906894,-56.37551092944731,-9.845924235108203
Algorand,full mesh,Gaming,8,16,10,2023,hop,40 nodes,0,tps_positive_commit,delta_max_pct,39.245819287461174,5000,34.32031681709339,18.727281093268306,47.37028242307888,13.265440498661142,50.146703042157846
Algorand,full mesh,Gaming,8,16,10,2023,hop,40 nodes,0,tps_positive_commit,range_abs,215.00000000000003,5000,188.10000000000002,108.19999999999999,215.00000000000003,58.5,215.00000000000003
Algorand,full mesh,Gaming,8,16,10,2023,hop,40 nodes,0,tps_positive_commit,wcd_abs,123.65384615384616,5000,114.02777777777777,68.64444444444447,136.36666666666665,33.577777777777726,140.9888888888889
Algorand,full mesh,Gaming,8,16,10,2023,hop,40 nodes,0,tps_positive_commit,wcd_pct,53.126445898605326,5000,51.01521564261707,27.77503034662591,55.55404671374253,13.265440498661142,56.37551092944731
Algorand,full mesh,PayPal,8,16,10,2023,hop,10 nodes,0,tps_positive_commit,n_metric,13.0,5000,9.0,9.0,9.0,9.0,9.0
Algorand,full mesh,PayPal,8,16,10,2023,hop,10 nodes,0,tps_positive_commit,mean,192.26153846153846,5000,192.29999999999998,191.77777777777777,192.6113888888889,191.73333333333332,192.86666666666667
Algorand,full mesh,PayPal,8,16,10,2023,hop,10 nodes,0,tps_positive_commit,iqr_pct,1.2482995919020594,5000,1.2479778137277588,1.147294008575727,1.3020079856489786,0.15554787417905877,1.3035921205098493
Algorand,full mesh,PayPal,8,16,10,2023,hop,10 nodes,0,tps_positive_commit,sample_std_pct,0.6522465125051266,5000,0.6567514789555431,0.6004690293987752,0.6853061392444385,0.523010050168478,0.6968867746582369
Algorand,full mesh,PayPal,8,16,10,2023,hop,10 nodes,0,tps_positive_commit,delta_min_pct,-0.7601824437865042,5000,-0.7628294036061035,-0.934579439252328,-0.5098493626882874,-1.0544511668107308,-0.4867872044506131
Algorand,full mesh,PayPal,8,16,10,2023,hop,10 nodes,0,tps_positive_commit,delta_max_pct,0.6441545971033035,5000,0.6240249609984488,0.46134921300961323,0.8921846938184332,0.32837884548910773,0.9155704931332386
Algorand,full mesh,PayPal,8,16,10,2023,hop,10 nodes,0,tps_positive_commit,range_abs,2.6999999999999886,5000,2.6999999999999886,2.5999999999999943,2.6999999999999886,2.4000000000000057,2.6999999999999886
Algorand,full mesh,PayPal,8,16,10,2023,hop,10 nodes,0,tps_positive_commit,wcd_abs,1.4615384615384528,5000,1.48888888888888,1.3888888888888857,1.7999999999999836,1.3444444444444343,2.03333333333336
Algorand,full mesh,PayPal,8,16,10,2023,hop,10 nodes,0,tps_positive_commit,wcd_pct,0.7601824437865042,5000,0.7742979313532833,0.7222928464116475,0.934579439252328,0.7000289268151524,1.0544511668107308
Algorand,full mesh,PayPal,8,16,10,2023,hop,40 nodes,0,tps_positive_commit,n_metric,13.0,5000,9.0,9.0,9.0,9.0,9.0
Algorand,full mesh,PayPal,8,16,10,2023,hop,40 nodes,0,tps_positive_commit,mean,192.35384615384618,5000,192.33333333333334,192.01111111111112,192.77777777777777,191.9111111111111,192.9777777777778
Algorand,full mesh,PayPal,8,16,10,2023,hop,40 nodes,0,tps_positive_commit,iqr_pct,0.7798128449172198,5000,0.7279870580078607,0.3115444527779351,0.9363620599965379,0.31123919308357056,0.9369577790630482
Algorand,full mesh,PayPal,8,16,10,2023,hop,40 nodes,0,tps_positive_commit,sample_std_pct,0.5799251822010211,5000,0.6118820186657442,0.319460388600491,0.6848495600859339,0.21330761806589976,0.6989051165273599
Algorand,full mesh,PayPal,8,16,10,2023,hop,40 nodes,0,tps_positive_commit,delta_min_pct,-1.3276813564744523,5000,-1.2315698178664245,-1.4196675900276945,-0.559224603011968,-1.499250374812592,-0.29940119760477835
Algorand,full mesh,PayPal,8,16,10,2023,hop,40 nodes,0,tps_positive_commit,delta_max_pct,0.5958569943213505,5000,0.5836463449870042,0.37463976945243804,0.7520971940989364,0.27061262091201654,0.7987497829484425
Algorand,full mesh,PayPal,8,16,10,2023,hop,40 nodes,0,tps_positive_commit,range_abs,3.6999999999999886,5000,3.5999999999999943,1.9000000000000057,3.6999999999999886,1.0999999999999943,3.6999999999999886
Algorand,full mesh,PayPal,8,16,10,2023,hop,40 nodes,0,tps_positive_commit,wcd_abs,2.553846153846166,5000,2.366666666666646,1.0775000000000057,2.733333333333321,0.5777777777777544,2.8888888888888857
Algorand,full mesh,PayPal,8,16,10,2023,hop,40 nodes,0,tps_positive_commit,wcd_pct,1.3276813564744523,5000,1.2315698178664245,0.559224603011966,1.4196675900276945,0.29940119760477835,1.499250374812592
Algorand,full mesh,VISA,8,16,10,2023,hop,10 nodes,0,tps_positive_commit,n_metric,13.0,5000,9.0,9.0,9.0,9.0,9.0
Algorand,full mesh,VISA,8,16,10,2023,hop,10 nodes,0,tps_positive_commit,mean,553.7461538461538,5000,555.2777777777778,545.8888888888889,558.7,543.9333333333333,559.5222222222222
Algorand,full mesh,VISA,8,16,10,2023,hop,10 nodes,0,tps_positive_commit,iqr_pct,2.0767638601414147,5000,1.8193579687879036,0.3066439522998174,4.026610382356116,0.30588987964331615,4.0299850074962675
Algorand,full mesh,VISA,8,16,10,2023,hop,10 nodes,0,tps_positive_commit,sample_std_pct,3.9136390410510384,5000,4.5284985150940305,1.2935788696982504,4.696413376334682,0.6308626033866972,4.712633161269576
Algorand,full mesh,VISA,8,16,10,2023,hop,10 nodes,0,tps_positive_commit,delta_min_pct,-2.8255101615569336,5000,-2.944172575651666,-3.579747944332746,-1.4047517254015889,-3.6832998548159352,-1.0724353474690387
Algorand,full mesh,VISA,8,16,10,2023,hop,10 nodes,0,tps_positive_commit,delta_max_pct,12.091071999110971,5000,11.400709971314322,2.4266596448412825,12.192721722365054,0.6373330064958997,12.429810614446442
Algorand,full mesh,VISA,8,16,10,2023,hop,10 nodes,0,tps_positive_commit,range_abs,82.60000000000002,5000,80.80000000000007,22.90000000000009,82.60000000000002,9.299999999999955,82.60000000000002
Algorand,full mesh,VISA,8,16,10,2023,hop,10 nodes,0,tps_positive_commit,wcd_abs,66.95384615384626,5000,63.5222222222223,13.355000000000059,67.45555555555563,5.8333333333332575,68.62222222222226
Algorand,full mesh,VISA,8,16,10,2023,hop,10 nodes,0,tps_positive_commit,wcd_pct,12.091071999110971,5000,11.400709971314322,2.4266596448412825,12.192721722365054,1.0724353474690387,12.429810614446442
Algorand,full mesh,VISA,8,16,10,2023,hop,40 nodes,0,tps_positive_commit,n_metric,13.0,5000,9.0,9.0,9.0,9.0,9.0
Algorand,full mesh,VISA,8,16,10,2023,hop,40 nodes,0,tps_positive_commit,mean,495.2461538461539,5000,495.30000000000007,478.40000000000003,511.21111111111105,471.2555555555556,516.2
Algorand,full mesh,VISA,8,16,10,2023,hop,40 nodes,0,tps_positive_commit,iqr_pct,11.973843620887827,5000,11.368838050193185,6.9016250919547995,16.37532650190878,5.314717326619355,16.57739507763238
Algorand,full mesh,VISA,8,16,10,2023,hop,40 nodes,0,tps_positive_commit,sample_std_pct,9.169373203170046,5000,9.154944345179782,6.421267839785262,10.735094535658485,5.375903414313697,11.018460677457105
Algorand,full mesh,VISA,8,16,10,2023,hop,40 nodes,0,tps_positive_commit,delta_min_pct,-12.467770494858822,5000,-11.486310299869615,-14.333706606942894,-8.270214943705215,-15.241902196345944,-6.760224724296557
Algorand,full mesh,VISA,8,16,10,2023,hop,40 nodes,0,tps_positive_commit,delta_max_pct,17.476934546923033,5000,15.975990608872845,9.678965021562062,19.84893568322269,7.680392111529833,21.419130434782595
Algorand,full mesh,VISA,8,16,10,2023,hop,40 nodes,0,tps_positive_commit,range_abs,148.29999999999995,5000,133.69999999999993,86.0,148.29999999999995,69.39999999999998,148.29999999999995
Algorand,full mesh,VISA,8,16,10,2023,hop,40 nodes,0,tps_positive_commit,wcd_abs,86.55384615384605,5000,79.64444444444439,50.50000000000006,96.3555555555555,36.9111111111111,102.63333333333327
Algorand,full mesh,VISA,8,16,10,2023,hop,40 nodes,0,tps_positive_commit,wcd_pct,17.476934546923033,5000,15.975990608872845,10.442514474772551,19.84893568322269,7.680392111529833,21.419130434782595
Algorand,hypercube,DDoS,8,16,10,2023,hop,10 nodes,0,tps_positive_commit,n_metric,13.0,5000,9.0,9.0,9.0,9.0,9.0
Algorand,hypercube,DDoS,8,16,10,2023,hop,10 nodes,0,tps_positive_commit,mean,759.1692307692308,5000,758.9777777777779,741.9444444444445,777.2888888888888,734.3222222222222,783.2
Algorand,hypercube,DDoS,8,16,10,2023,hop,10 nodes,0,tps_positive_commit,iqr_pct,8.035099096178008,5000,7.873077837673323,4.796380228549899,10.96758148516589,4.732401792776163,11.074673166408152
Algorand,hypercube,DDoS,8,16,10,2023,hop,10 nodes,0,tps_positive_commit,sample_std_pct,6.513179475264624,5000,6.63682487417795,4.8243164415214475,7.7111697886050425,3.8203917242706655,7.869287681183119
Algorand,hypercube,DDoS,8,16,10,2023,hop,10 nodes,0,tps_positive_commit,delta_min_pct,-12.15397397965388,5000,-11.252236400467254,-13.34084116602418,-6.360929069155181,-13.987847869077996,-5.1035833057399005
Algorand,hypercube,DDoS,8,16,10,2023,hop,10 nodes,0,tps_positive_commit,delta_max_pct,10.001823856036962,5000,9.732381411239112,6.7038630265343535,11.94036519615144,5.240340959020464,12.836103229293355
Algorand,hypercube,DDoS,8,16,10,2023,hop,10 nodes,0,tps_positive_commit,range_abs,168.20000000000005,5000,166.5,118.29999999999995,168.20000000000005,83.29999999999995,168.20000000000005
Algorand,hypercube,DDoS,8,16,10,2023,hop,10 nodes,0,tps_positive_commit,wcd_abs,92.26923076923083,5000,86.54444444444448,60.54444444444448,102.66666666666674,43.544444444444366,108.45555555555563
Algorand,hypercube,DDoS,8,16,10,2023,hop,10 nodes,0,tps_positive_commit,wcd_pct,12.15397397965388,5000,11.518632361342286,7.805695622278253,13.34084116602418,5.739769764785133,13.987847869077996
Algorand,hypercube,DDoS,8,16,10,2023,hop,40 nodes,0,tps_positive_commit,n_metric,13.0,5000,9.0,9.0,9.0,9.0,9.0
Algorand,hypercube,DDoS,8,16,10,2023,hop,40 nodes,0,tps_positive_commit,mean,440.7846153846154,5000,440.23333333333335,401.9888888888889,484.6333333333333,385.4444444444444,500.9333333333334
Algorand,hypercube,DDoS,8,16,10,2023,hop,40 nodes,0,tps_positive_commit,iqr_pct,33.281560853024324,5000,33.052120362489354,17.461673787383763,50.8862872025691,16.790314395495514,52.84663865546219
Algorand,hypercube,DDoS,8,16,10,2023,hop,40 nodes,0,tps_positive_commit,sample_std_pct,25.94320766173122,5000,26.466844940194974,16.95371906636725,30.65276999091426,13.801962108470647,31.830403019086482
Algorand,hypercube,DDoS,8,16,10,2023,hop,40 nodes,0,tps_positive_commit,delta_min_pct,-48.72779309622701,5000,-46.46028918598678,-51.529882756648554,-24.540890019946353,-52.876306095498464,-16.535799840298093
Algorand,hypercube,DDoS,8,16,10,2023,hop,40 nodes,0,tps_positive_commit,delta_max_pct,34.85044152036578,5000,33.57970435477425,22.579166857614226,44.58984217259522,18.658504125632135,49.92853339312239
Algorand,hypercube,DDoS,8,16,10,2023,hop,40 nodes,0,tps_positive_commit,range_abs,368.4,5000,352.79999999999995,228.7,368.4,176.29999999999995,368.4
Algorand,hypercube,DDoS,8,16,10,2023,hop,40 nodes,0,tps_positive_commit,wcd_abs,214.7846153846154,5000,196.8,123.56666666666666,240.26666666666665,93.46666666666658,253.5888888888889
Algorand,hypercube,DDoS,8,16,10,2023,hop,40 nodes,0,tps_positive_commit,wcd_pct,48.72779309622701,5000,46.518721076987795,26.064227035100824,51.529882756648554,18.658504125632135,52.876306095498464
Algorand,hypercube,FIFA,8,16,10,2023,hop,10 nodes,0,tps_positive_commit,n_metric,13.0,5000,9.0,9.0,9.0,9.0,9.0
Algorand,hypercube,FIFA,8,16,10,2023,hop,10 nodes,0,tps_positive_commit,mean,123.4846153846154,5000,123.63333333333334,101.6888888888889,145.9777777777778,94.1222222222222,156.31111111111113
Algorand,hypercube,FIFA,8,16,10,2023,hop,10 nodes,0,tps_positive_commit,iqr_pct,88.99894100791128,5000,87.48452149301255,55.904102125009736,106.63772027187285,23.990617003127664,118.70681654119834
Algorand,hypercube,FIFA,8,16,10,2023,hop,10 nodes,0,tps_positive_commit,sample_std_pct,50.05506064411358,5000,50.97636302607785,35.40074529126154,61.44530262503729,26.48056913203703,64.05506989249126
Algorand,hypercube,FIFA,8,16,10,2023,hop,10 nodes,0,tps_positive_commit,delta_min_pct,-75.78645735999503,5000,-73.44582593250445,-78.50295574372903,-56.34975711311589,-79.9761887045167,-40.6312197895934
Algorand,hypercube,FIFA,8,16,10,2023,hop,10 nodes,0,tps_positive_commit,delta_max_pct,74.51566685354761,5000,66.8530626290434,41.44932461133294,96.36529310519387,32.753946738957076,116.51038178164768
Algorand,hypercube,FIFA,8,16,10,2023,hop,10 nodes,0,tps_positive_commit,range_abs,185.6,5000,166.8,136.2,185.6,122.1,185.6
Algorand,hypercube,FIFA,8,16,10,2023,hop,10 nodes,0,tps_positive_commit,wcd_abs,93.5846153846154,5000,93.4111111111111,71.53333333333335,110.5333333333333,62.8,119.42222222222222
Algorand,hypercube,FIFA,8,16,10,2023,hop,10 nodes,0,tps_positive_commit,wcd_pct,75.78645735999503,5000,75.91515260001789,58.316405297798,96.36529310519387,40.6312197895934,116.51038178164768
Algorand,hypercube,FIFA,8,16,10,2023,hop,40 nodes,0,tps_positive_commit,n_metric,13.0,5000,9.0,9.0,9.0,9.0,9.0
Algorand,hypercube,FIFA,8,16,10,2023,hop,40 nodes,0,tps_positive_commit,mean,67.61538461538461,5000,68.03333333333335,52.82222222222222,81.11194444444445,46.64444444444444,85.5888888888889
Algorand,hypercube,FIFA,8,16,10,2023,hop,40 nodes,0,tps_positive_commit,iqr_pct,78.97610921501705,5000,67.46743849493488,45.61603650586702,97.52883031301481,41.07042253521128,104.1412911084044
Algorand,hypercube,FIFA,8,16,10,2023,hop,40 nodes,0,tps_positive_commit,sample_std_pct,58.71531269632009,5000,58.079915464443744,41.58253665290544,72.86391800610586,34.04359045607525,76.17352474351456
Algorand,hypercube,FIFA,8,16,10,2023,hop,40 nodes,0,tps_positive_commit,delta_min_pct,-80.47781569965869,5000,-78.2894620831314,-82.87937743190662,-51.05189340813465,-83.81250851614662,-42.04855251200831
Algorand,hypercube,FIFA,8,16,10,2023,hop,40 nodes,0,tps_positive_commit,delta_max_pct,127.16723549488056,5000,106.45161290322578,59.77104159948406,153.52114008059849,50.7301490721022,180.57641566876396
Algorand,hypercube,FIFA,8,16,10,2023,hop,40 nodes,0,tps_positive_commit,range_abs,140.4,5000,133.7,80.89999999999999,140.4,66.5,140.4
Algorand,hypercube,FIFA,8,16,10,2023,hop,40 nodes,0,tps_positive_commit,wcd_abs,85.98461538461538,5000,79.0,41.52222222222222,93.0133333333333,34.05555555555556,98.85555555555555
Algorand,hypercube,FIFA,8,16,10,2023,hop,40 nodes,0,tps_positive_commit,wcd_pct,127.16723549488056,5000,106.45161290322578,68.42383638928068,153.52114008059849,50.7301490721022,180.57641566876396
Algorand,hypercube,GAFAM,8,16,10,2023,hop,10 nodes,0,tps_positive_commit,n_metric,13.0,5000,9.0,9.0,9.0,9.0,9.0
Algorand,hypercube,GAFAM,8,16,10,2023,hop,10 nodes,0,tps_positive_commit,mean,119.65384615384616,5000,119.63333333333334,108.6661111111111,134.0819444444444,105.47777777777777,138.9
Algorand,hypercube,GAFAM,8,16,10,2023,hop,10 nodes,0,tps_positive_commit,iqr_pct,23.484410157505632,5000,24.343055154490337,10.908608334070605,40.490318149089354,10.224728418608509,41.77215189873418
Algorand,hypercube,GAFAM,8,16,10,2023,hop,10 nodes,0,tps_positive_commit,sample_std_pct,30.817937262628117,5000,28.617476857494353,12.931649674280068,37.772680048571196,10.36548312399862,38.34873481610609
Algorand,hypercube,GAFAM,8,16,10,2023,hop,10 nodes,0,tps_positive_commit,delta_min_pct,-62.14079074252652,5000,-61.446760187069245,-64.59016393442623,-19.442797866034375,-65.27848748083802,-12.74298056155506
Algorand,hypercube,GAFAM,8,16,10,2023,hop,10 nodes,0,tps_positive_commit,delta_max_pct,33.88621022179362,5000,32.202475146883955,18.40284451278111,44.43999198557404,15.334773218142535,48.21134868421052
Algorand,hypercube,GAFAM,8,16,10,2023,hop,10 nodes,0,tps_positive_commit,range_abs,114.89999999999999,5000,114.6,51.39999999999999,114.89999999999999,38.999999999999986,114.89999999999999
Algorand,hypercube,GAFAM,8,16,10,2023,hop,10 nodes,0,tps_positive_commit,wcd_abs,74.35384615384616,5000,72.37222222222222,27.69999999999999,82.95555555555555,21.299999999999983,85.16666666666667
Algorand,hypercube,GAFAM,8,16,10,2023,hop,10 nodes,0,tps_positive_commit,wcd_pct,62.14079074252652,5000,61.446760187069245,20.75746540422432,64.59016393442623,15.334773218142535,65.27848748083802
Algorand,hypercube,GAFAM,8,16,10,2023,hop,40 nodes,0,tps_positive_commit,n_metric,13.0,5000,9.0,9.0,9.0,9.0,9.0
Algorand,hypercube,GAFAM,8,16,10,2023,hop,40 nodes,0,tps_positive_commit,mean,125.51538461538462,5000,125.33333333333333,118.19999999999999,134.9333333333333,117.05555555555556,139.3
Algorand,hypercube,GAFAM,8,16,10,2023,hop,40 nodes,0,tps_positive_commit,iqr_pct,13.942513942513942,5000,13.596566523605146,7.418622255866775,32.66061840399925,3.8047379755922344,33.0368011986141
Algorand,hypercube,GAFAM,8,16,10,2023,hop,40 nodes,0,tps_positive_commit,sample_std_pct,20.31133515473599,5000,21.559784207977465,9.955571273206,24.71941263000239,4.497331312399508,24.963332611046493
Algorand,hypercube,GAFAM,8,16,10,2023,hop,40 nodes,0,tps_positive_commit,delta_min_pct,-49.169577741006314,5000,-47.11246200607903,-50.86848635235732,-22.82699715290571,-51.64631578947369,-6.67623833452978
Algorand,hypercube,GAFAM,8,16,10,2023,hop,40 nodes,0,tps_positive_commit,delta_max_pct,19.188576331433467,5000,18.15676554497431,9.816929795095751,25.15337423312883,6.47288715192966,26.624659080221942
Algorand,hypercube,GAFAM,8,16,10,2023,hop,40 nodes,0,tps_positive_commit,range_abs,85.8,5000,81.50000000000001,42.900000000000006,85.8,19.599999999999994,85.8
Algorand,hypercube,GAFAM,8,16,10,2023,hop,40 nodes,0,tps_positive_commit,wcd_abs,61.71538461538462,5000,56.83333333333334,30.28888888888889,66.05555555555556,10.299999999999983,68.14444444444446
Algorand,hypercube,GAFAM,8,16,10,2023,hop,40 nodes,0,tps_positive_commit,wcd_pct,49.169577741006314,5000,47.11246200607903,22.82699715290571,50.86848635235732,7.394113424264164,51.64631578947369
Algorand,hypercube,Gaming,8,16,10,2023,hop,10 nodes,0,tps_positive_commit,n_metric,13.0,5000,9.0,9.0,9.0,9.0,9.0
Algorand,hypercube,Gaming,8,16,10,2023,hop,10 nodes,0,tps_positive_commit,mean,235.0,5000,234.93333333333334,213.63333333333335,256.9888888888888,203.35555555555553,265.2222222222223
Algorand,hypercube,Gaming,8,16,10,2023,hop,10 nodes,0,tps_positive_commit,iqr_pct,39.36170212765959,5000,38.789488398098975,17.798234164112092,51.166915608663174,17.215263617826974,53.436677391050004
Algorand,hypercube,Gaming,8,16,10,2023,hop,10 nodes,0,tps_positive_commit,sample_std_pct,25.750688004392472,5000,25.866247573144616,20.16987353748702,30.482197892993714,17.1641838085507,30.929093660883684
Algorand,hypercube,Gaming,8,16,10,2023,hop,10 nodes,0,tps_positive_commit,delta_min_pct,-36.12765957446808,5000,-34.07992973210365,-40.199203187250994,-27.331126155062506,-41.87927548078993,-19.76539589442815
Algorand,hypercube,Gaming,8,16,10,2023,hop,10 nodes,0,tps_positive_commit,delta_max_pct,40.085106382978715,5000,38.42919216932205,27.366520505545534,52.031427685309616,24.12232928361957,57.336307153098616
Algorand,hypercube,Gaming,8,16,10,2023,hop,10 nodes,0,tps_positive_commit,range_abs,179.1,5000,176.70000000000002,128.00000000000003,179.1,114.70000000000002,179.1
Algorand,hypercube,Gaming,8,16,10,2023,hop,10 nodes,0,tps_positive_commit,wcd_abs,94.19999999999999,5000,94.21111111111108,70.95555555555555,112.01111111111112,60.52222222222221,119.96666666666667
Algorand,hypercube,Gaming,8,16,10,2023,hop,10 nodes,0,tps_positive_commit,wcd_pct,40.085106382978715,5000,39.29478138222848,30.54141601110598,52.031427685309616,24.12232928361957,57.336307153098616
Algorand,hypercube,Gaming,8,16,10,2023,hop,40 nodes,0,tps_positive_commit,n_metric,13.0,5000,9.0,9.0,9.0,9.0,9.0
Algorand,hypercube,Gaming,8,16,10,2023,hop,40 nodes,0,tps_positive_commit,mean,250.59230769230768,5000,249.9666666666667,231.52222222222224,271.8777777777778,228.26666666666668,276.64444444444445
Algorand,hypercube,Gaming,8,16,10,2023,hop,40 nodes,0,tps_positive_commit,iqr_pct,9.457592780182335,5000,9.532960893854744,5.848190715997238,18.267546813956628,5.5031649657666915,18.4741144414169
Algorand,hypercube,Gaming,8,16,10,2023,hop,40 nodes,0,tps_positive_commit,sample_std_pct,22.271113952985512,5000,23.26887288733376,11.895975852509418,27.429574182464158,5.538141847044258,27.50945365891654
Algorand,hypercube,Gaming,8,16,10,2023,hop,40 nodes,0,tps_positive_commit,delta_min_pct,-50.63695245111581,5000,-48.62956799693801,-52.380392251188994,-13.412735154244373,-52.95981746735961,-7.452404809619251
Algorand,hypercube,Gaming,8,16,10,2023,hop,40 nodes,0,tps_positive_commit,delta_max_pct,36.03769530650458,5000,32.789439515256426,16.081849119105083,42.47701309556978,6.8974492451847835,44.21829463194511
Algorand,hypercube,Gaming,8,16,10,2023,hop,40 nodes,0,tps_positive_commit,range_abs,217.2,5000,194.90000000000003,94.59999999999997,217.2,45.20000000000002,217.2
Algorand,hypercube,Gaming,8,16,10,2023,hop,40 nodes,0,tps_positive_commit,wcd_abs,126.89230769230768,5000,117.10000000000001,67.07305555555546,136.06694444444443,27.53333333333333,139.26666666666665
Algorand,hypercube,Gaming,8,16,10,2023,hop,40 nodes,0,tps_positive_commit,wcd_pct,50.63695245111581,5000,48.62956799693801,24.494689389682232,52.380392251188994,10.74960957834461,52.95981746735961
Algorand,hypercube,PayPal,8,16,10,2023,hop,10 nodes,0,tps_positive_commit,n_metric,13.0,5000,9.0,9.0,9.0,9.0,9.0
Algorand,hypercube,PayPal,8,16,10,2023,hop,10 nodes,0,tps_positive_commit,mean,192.84615384615384,5000,192.83333333333334,192.67777777777778,193.03333333333333,192.63333333333333,193.10000000000002
Algorand,hypercube,PayPal,8,16,10,2023,hop,10 nodes,0,tps_positive_commit,iqr_pct,0.3629836457917919,5000,0.36273606632888955,0.25915687629578443,0.4150334332487954,0.1035732780942605,0.41515308770109577
Algorand,hypercube,PayPal,8,16,10,2023,hop,10 nodes,0,tps_positive_commit,sample_std_pct,0.26492967324110933,5000,0.2873908381313229,0.16937403064696557,0.3088744242564301,0.14416790167866816,0.3133028342332239
Algorand,hypercube,PayPal,8,16,10,2023,hop,10 nodes,0,tps_positive_commit,delta_min_pct,-0.646190666134822,5000,-0.5994927369149233,-0.6853654322409579,-0.2302290779325494,-0.7196729805976294,-0.21299867595415464
Algorand,hypercube,PayPal,8,16,10,2023,hop,10 nodes,0,tps_positive_commit,delta_max_pct,0.287195851615483,5000,0.27652955409609303,0.17841726618705986,0.35168636494667016,0.14967474526511304,0.3806228373702649
Algorand,hypercube,PayPal,8,16,10,2023,hop,10 nodes,0,tps_positive_commit,range_abs,1.8000000000000114,5000,1.700000000000017,0.8000000000000114,1.8000000000000114,0.700000000000017,1.8000000000000114
Algorand,hypercube,PayPal,8,16,10,2023,hop,10 nodes,0,tps_positive_commit,wcd_abs,1.2461538461538453,5000,1.1555555555555657,0.4555555555555486,1.3222222222221944,0.4111111111110688,1.3888888888889142
Algorand,hypercube,PayPal,8,16,10,2023,hop,10 nodes,0,tps_positive_commit,wcd_pct,0.646190666134822,5000,0.5994927369149233,0.23609351606587226,0.6853654322409579,0.21299867595415464,0.7196729805976294
Algorand,hypercube,PayPal,8,16,10,2023,hop,40 nodes,0,tps_positive_commit,n_metric,13.0,5000,9.0,9.0,9.0,9.0,9.0
Algorand,hypercube,PayPal,8,16,10,2023,hop,40 nodes,0,tps_positive_commit,mean,192.6769230769231,5000,192.66666666666666,192.43333333333334,192.96666666666667,192.35555555555555,193.10000000000002
Algorand,hypercube,PayPal,8,16,10,2023,hop,40 nodes,0,tps_positive_commit,iqr_pct,0.5190035132545512,5000,0.46731667916691,0.10379425671780378,0.7268112598061867,0.10371650821089907,0.7271048531363641
Algorand,hypercube,PayPal,8,16,10,2023,hop,40 nodes,0,tps_positive_commit,sample_std_pct,0.40098625134109517,5000,0.4306559198003008,0.24143043159273314,0.4779247009723656,0.157502913782968,0.48428759361831714
Algorand,hypercube,PayPal,8,16,10,2023,hop,40 nodes,0,tps_positive_commit,delta_min_pct,-0.9741296710316194,5000,-0.9059957297016539,-1.031640827618,-0.40941067927574804,-1.082949308755753,-0.207146556188521
Algorand,hypercube,PayPal,8,16,10,2023,hop,40 nodes,0,tps_positive_commit,delta_max_pct,0.42717981475566297,5000,0.4267343290467533,0.2763862497840723,0.5426938398475727,0.20714655618849157,0.5601108673056961
Algorand,hypercube,PayPal,8,16,10,2023,hop,40 nodes,0,tps_positive_commit,range_abs,2.6999999999999886,5000,2.6999999999999886,1.5,2.6999999999999886,0.8000000000000114,2.6999999999999886
Algorand,hypercube,PayPal,8,16,10,2023,hop,40 nodes,0,tps_positive_commit,wcd_abs,1.8769230769230774,5000,1.74444444444444,0.8111111111111029,1.98888888888888,0.4000000000000341,2.0888888888888744
Algorand,hypercube,PayPal,8,16,10,2023,hop,40 nodes,0,tps_positive_commit,wcd_pct,0.9741296710316194,5000,0.9059957297016539,0.4208948339483352,1.031640827618,0.207146556188521,1.082949308755753
Algorand,hypercube,VISA,8,16,10,2023,hop,10 nodes,0,tps_positive_commit,n_metric,13.0,5000,9.0,9.0,9.0,9.0,9.0
Algorand,hypercube,VISA,8,16,10,2023,hop,10 nodes,0,tps_positive_commit,mean,552.0230769230768,5000,552.1555555555556,547.3333333333334,556.5,544.811111111111,557.7333333333333
Algorand,hypercube,VISA,8,16,10,2023,hop,10 nodes,0,tps_positive_commit,iqr_pct,3.0252358457700925,5000,3.019345512015497,1.6330315921049985,5.046728971962612,1.6281407035175879,5.061989718778346
Algorand,hypercube,VISA,8,16,10,2023,hop,10 nodes,0,tps_positive_commit,sample_std_pct,2.321114786072915,5000,2.336547835799653,1.6944360175421447,2.724311617304388,1.1734437226915924,2.78954863124171
Algorand,hypercube,VISA,8,16,10,2023,hop,10 nodes,0,tps_positive_commit,delta_min_pct,-2.7033429483159614,5000,-2.681645225584357,-3.3587236849997133,-1.8696711327649234,-3.539999600901961,-1.4153733200089524
Algorand,hypercube,VISA,8,16,10,2023,hop,10 nodes,0,tps_positive_commit,delta_max_pct,4.216657609074327,5000,3.8843522401236057,3.0463522610119407,4.792649112509871,1.7600391573022172,5.1480443523821275
Algorand,hypercube,VISA,8,16,10,2023,hop,10 nodes,0,tps_positive_commit,range_abs,38.19999999999993,5000,37.89999999999998,29.0,38.19999999999993,17.299999999999955,38.19999999999993
Algorand,hypercube,VISA,8,16,10,2023,hop,10 nodes,0,tps_positive_commit,wcd_abs,23.27692307692314,5000,21.46666666666664,16.74444444444441,26.31111111111113,9.588888888888846,28.166666666666742
Algorand,hypercube,VISA,8,16,10,2023,hop,10 nodes,0,tps_positive_commit,wcd_pct,4.216657609074327,5000,3.8843522401236057,3.0463522610119407,4.792649112509871,1.7600391573022172,5.1480443523821275
Algorand,hypercube,VISA,8,16,10,2023,hop,40 nodes,0,tps_positive_commit,n_metric,13.0,5000,9.0,9.0,9.0,9.0,9.0
Algorand,hypercube,VISA,8,16,10,2023,hop,40 nodes,0,tps_positive_commit,mean,425.7230769230768,5000,426.29999999999995,404.4008333333333,444.96666666666664,395.3111111111111,452.6333333333334
Algorand,hypercube,VISA,8,16,10,2023,hop,40 nodes,0,tps_positive_commit,iqr_pct,19.30832610581094,5000,19.334099937277866,15.764712136515879,27.681937916429927,11.598792252743205,28.605358667805287
Algorand,hypercube,VISA,8,16,10,2023,hop,40 nodes,0,tps_positive_commit,sample_std_pct,13.65774598876493,5000,13.69523083357949,11.034107453337075,15.660160773903666,9.460147111964085,16.482625542510355
Algorand,hypercube,VISA,8,16,10,2023,hop,40 nodes,0,tps_positive_commit,delta_min_pct,-17.645995952587423,5000,-16.402174258768227,-20.43090468345472,-12.174348697394793,-21.917299745118907,-10.15469402231741
Algorand,hypercube,VISA,8,16,10,2023,hop,40 nodes,0,tps_positive_commit,delta_max_pct,22.145128649898847,5000,20.891894322028485,15.810051718591456,26.53094330440424,12.48465337080184,29.089203949908985
Algorand,hypercube,VISA,8,16,10,2023,hop,40 nodes,0,tps_positive_commit,range_abs,169.39999999999998,5000,160.5,134.85750000000016,169.39999999999998,92.20000000000005,169.39999999999998
Algorand,hypercube,VISA,8,16,10,2023,hop,40 nodes,0,tps_positive_commit,wcd_abs,94.2769230769232,5000,89.97777777777776,70.2666666666666,108.04444444444448,50.844444444444434,117.1777777777778
Algorand,hypercube,VISA,8,16,10,2023,hop,40 nodes,0,tps_positive_commit,wcd_pct,22.145128649898847,5000,20.920858848151315,16.692825410337583,26.53094330440424,12.48465337080184,29.089203949908985
Algorand,scale-free,DDoS,8,16,10,2023,hop,10 nodes,0,tps_positive_commit,n_metric,13.0,5000,9.0,9.0,9.0,9.0,9.0
Algorand,scale-free,DDoS,8,16,10,2023,hop,10 nodes,0,tps_positive_commit,mean,612.9076923076923,5000,613.0277777777778,596.6,631.6111111111111,592.0777777777777,642.3222222222223
Algorand,scale-free,DDoS,8,16,10,2023,hop,10 nodes,0,tps_positive_commit,iqr_pct,10.132031426491633,5000,9.46238532110091,4.289378001330615,15.604919122534914,3.8142849729280903,15.673998559476992
Algorand,scale-free,DDoS,8,16,10,2023,hop,10 nodes,0,tps_positive_commit,sample_std_pct,8.38094527377686,5000,8.297054275885436,5.4018742820454895,9.97816754757124,3.0305733266157238,10.21679313142248
Algorand,scale-free,DDoS,8,16,10,2023,hop,10 nodes,0,tps_positive_commit,delta_min_pct,-15.566404779236423,5000,-15.059099521790122,-17.201471973831584,-10.900111914447628,-18.040720080243553,-4.14468335380303
Algorand,scale-free,DDoS,8,16,10,2023,hop,10 nodes,0,tps_positive_commit,delta_max_pct,9.853409975149974,5000,9.21348780982673,6.05005250262512,12.177196912197532,4.744852282900622,13.146986332063616
Algorand,scale-free,DDoS,8,16,10,2023,hop,10 nodes,0,tps_positive_commit,range_abs,155.79999999999995,5000,150.29999999999995,116.0,155.79999999999995,57.59999999999991,155.79999999999995
Algorand,scale-free,DDoS,8,16,10,2023,hop,10 nodes,0,tps_positive_commit,wcd_abs,95.40769230769229,5000,91.88888888888891,68.1777777777778,108.07777777777778,30.977777777777646,113.91111111111115
Algorand,scale-free,DDoS,8,16,10,2023,hop,10 nodes,0,tps_positive_commit,wcd_pct,15.566404779236423,5000,15.059099521790122,10.900111914447628,17.201471973831584,4.822778460101347,18.040720080243553
Algorand,scale-free,DDoS,8,16,10,2023,hop,40 nodes,0,tps_positive_commit,n_metric,13.0,5000,9.0,9.0,9.0,9.0,9.0
Algorand,scale-free,DDoS,8,16,10,2023,hop,40 nodes,0,tps_positive_commit,mean,276.59999999999997,5000,276.4,254.82222222222222,301.5444444444445,248.9888888888889,311.15555555555557
Algorand,scale-free,DDoS,8,16,10,2023,hop,40 nodes,0,tps_positive_commit,iqr_pct,20.209689081706433,5000,17.284003421727967,3.003814367450744,38.72224702682956,2.8652643547470267,39.44756864042341
Algorand,scale-free,DDoS,8,16,10,2023,hop,40 nodes,0,tps_positive_commit,sample_std_pct,23.733756014096286,5000,25.18937596602056,13.670257803780006,29.099743070112805,9.672902410953293,29.399967241114638
Algorand,scale-free,DDoS,8,16,10,2023,hop,40 nodes,0,tps_positive_commit,delta_min_pct,-54.59146782357194,5000,-52.720732778451634,-56.321483771251934,-24.441672837822036,-57.20289251504941,-8.502356806170537
Algorand,scale-free,DDoS,8,16,10,2023,hop,40 nodes,0,tps_positive_commit,delta_max_pct,36.11713665943603,5000,32.89277590399249,20.878160045618735,43.66573390994658,12.99297230260438,45.78582799122318
Algorand,scale-free,DDoS,8,16,10,2023,hop,40 nodes,0,tps_positive_commit,range_abs,250.9,5000,227.70000000000002,128.7,250.9,91.80000000000001,250.9
Algorand,scale-free,DDoS,8,16,10,2023,hop,40 nodes,0,tps_positive_commit,wcd_abs,150.99999999999997,5000,140.05555555555557,71.64444444444447,161.95555555555555,56.4444444444444,167.87777777777782
Algorand,scale-free,DDoS,8,16,10,2023,hop,40 nodes,0,tps_positive_commit,wcd_pct,54.59146782357194,5000,52.720732778451634,24.959355887590004,56.321483771251934,19.014110865740896,57.20289251504941
Algorand,scale-free,FIFA,8,16,10,2023,hop,10 nodes,0,tps_positive_commit,n_metric,17.0,5000,9.0,9.0,9.0,9.0,9.0
Algorand,scale-free,FIFA,8,16,10,2023,hop,10 nodes,0,tps_positive_commit,mean,84.54117647058824,5000,84.76666666666668,58.21,110.63444444444444,43.93333333333334,126.89999999999999
Algorand,scale-free,FIFA,8,16,10,2023,hop,10 nodes,0,tps_positive_commit,iqr_pct,95.10158641803507,5000,89.93985997220622,47.35177729943485,141.74290277383932,32.46650906225374,174.78854912166557
Algorand,scale-free,FIFA,8,16,10,2023,hop,10 nodes,0,tps_positive_commit,sample_std_pct,71.98571455694032,5000,70.81999281628276,48.123266439694625,97.06303599966084,36.12122787884014,120.74155250679154
Algorand,scale-free,FIFA,8,16,10,2023,hop,10 nodes,0,tps_positive_commit,delta_min_pct,-88.64458669635403,5000,-83.99110562048213,-90.5399301300638,-65.89750704084813,-91.99481145186695,-43.388134381701214
Algorand,scale-free,FIFA,8,16,10,2023,hop,10 nodes,0,tps_positive_commit,delta_max_pct,172.2933481770108,5000,127.88318828206349,68.71350168948274,209.94523493061692,48.45580404685833,307.5137686860739
Algorand,scale-free,FIFA,8,16,10,2023,hop,10 nodes,0,tps_positive_commit,range_abs,220.6,5000,209.89999999999998,107.60000000000001,220.6,80.0,220.6
Algorand,scale-free,FIFA,8,16,10,2023,hop,10 nodes,0,tps_positive_commit,wcd_abs,145.65882352941173,5000,118.96666666666664,60.74444444444445,155.78944444444443,44.233333333333334,173.7111111111111
Algorand,scale-free,FIFA,8,16,10,2023,hop,10 nodes,0,tps_positive_commit,wcd_pct,172.2933481770108,5000,127.88318828206349,78.04583835946924,209.94523493061692,56.94746658377371,307.5137686860739
Algorand,scale-free,FIFA,8,16,10,2023,hop,40 nodes,0,tps_positive_commit,n_metric,11.0,5000,9.0,9.0,9.0,9.0,9.0
Algorand,scale-free,FIFA,8,16,10,2023,hop,40 nodes,0,tps_positive_commit,mean,38.77272727272727,5000,38.599999999999994,30.966666666666665,45.51111111111111,30.83333333333333,46.022222222222226
Algorand,scale-free,FIFA,8,16,10,2023,hop,40 nodes,0,tps_positive_commit,iqr_pct,128.5697538100821,5000,114.18685121107265,85.19793459552496,157.42857142857142,84.8474460061707,161.58357771260998
Algorand,scale-free,FIFA,8,16,10,2023,hop,40 nodes,0,tps_positive_commit,sample_std_pct,71.14994850330066,5000,71.48346312457087,56.75535880637691,81.50028701128163,54.35251413000929,81.68089966237923
Algorand,scale-free,FIFA,8,16,10,2023,hop,40 nodes,0,tps_positive_commit,delta_min_pct,-87.36225087924971,5000,-86.8122009569378,-88.86363636363636,-80.49780380673499,-89.16728076639647,-73.92563978754224
Algorand,scale-free,FIFA,8,16,10,2023,hop,40 nodes,0,tps_positive_commit,delta_max_pct,106.58851113716294,5000,102.7277840269966,76.00097656249999,148.15834767641994,74.04635441815546,148.67195584684376
Algorand,scale-free,FIFA,8,16,10,2023,hop,40 nodes,0,tps_positive_commit,range_abs,75.19999999999999,5000,75.19999999999999,62.800000000000004,75.19999999999999,61.50000000000001,75.19999999999999
Algorand,scale-free,FIFA,8,16,10,2023,hop,40 nodes,0,tps_positive_commit,wcd_abs,41.32727272727272,5000,39.666666666666664,32.25555555555555,47.822222222222216,30.955555555555556,47.888888888888886
Algorand,scale-free,FIFA,8,16,10,2023,hop,40 nodes,0,tps_positive_commit,wcd_pct,106.58851113716294,5000,102.7277840269966,81.5812591508053,148.15834767641994,74.04635441815546,148.67195584684376
Algorand,scale-free,GAFAM,8,16,10,2023,hop,10 nodes,0,tps_positive_commit,n_metric,13.0,5000,9.0,9.0,9.0,9.0,9.0
Algorand,scale-free,GAFAM,8,16,10,2023,hop,10 nodes,0,tps_positive_commit,mean,78.93846153846154,5000,78.88888888888889,65.54444444444445,91.84444444444445,60.199999999999996,96.56666666666668
Algorand,scale-free,GAFAM,8,16,10,2023,hop,10 nodes,0,tps_positive_commit,iqr_pct,59.16000779575131,5000,56.114496244863254,21.982351087299083,92.79001262449151,20.170618854829378,97.27941176470588
Algorand,scale-free,GAFAM,8,16,10,2023,hop,10 nodes,0,tps_positive_commit,sample_std_pct,46.24362673909573,5000,47.071849517325276,32.37629732623912,55.9649307684667,26.764413579620875,56.834921617887524
Algorand,scale-free,GAFAM,8,16,10,2023,hop,10 nodes,0,tps_positive_commit,delta_min_pct,-81.75794192165269,5000,-80.07380073800738,-83.46938775510203,-42.884615384615394,-84.06492069347104,-27.30410769761822
Algorand,scale-free,GAFAM,8,16,10,2023,hop,10 nodes,0,tps_positive_commit,delta_max_pct,84.44747612551159,5000,73.51694915254238,47.618390169819115,106.42722117202268,37.12966525586763,123.16076294277924
Algorand,scale-free,GAFAM,8,16,10,2023,hop,10 nodes,0,tps_positive_commit,range_abs,131.2,5000,104.39999999999999,75.39999999999999,131.2,60.00000000000001,131.2
Algorand,scale-free,GAFAM,8,16,10,2023,hop,10 nodes,0,tps_positive_commit,wcd_abs,66.66153846153846,5000,64.55555555555556,39.93333333333332,75.14444444444443,32.16666666666666,80.35555555555554
Algorand,scale-free,GAFAM,8,16,10,2023,hop,10 nodes,0,tps_positive_commit,wcd_pct,84.44747612551159,5000,81.68458324825411,48.56190079199666,106.42722117202268,37.12966525586763,123.16076294277924
Algorand,scale-free,GAFAM,8,16,10,2023,hop,40 nodes,0,tps_positive_commit,n_metric,13.0,5000,9.0,9.0,9.0,9.0,9.0
Algorand,scale-free,GAFAM,8,16,10,2023,hop,40 nodes,0,tps_positive_commit,mean,94.94615384615386,5000,94.48888888888888,81.02222222222223,111.88888888888889,77.37777777777778,119.53333333333333
Algorand,scale-free,GAFAM,8,16,10,2023,hop,40 nodes,0,tps_positive_commit,iqr_pct,54.662561775905374,5000,53.46534653465347,24.185737346880636,85.94018141701399,22.437918801734337,91.43192488262913
Algorand,scale-free,GAFAM,8,16,10,2023,hop,40 nodes,0,tps_positive_commit,sample_std_pct,45.62823479705921,5000,43.68891202441733,23.89564385285758,57.33753679270424,13.903142655845166,58.00096720447086
Algorand,scale-free,GAFAM,8,16,10,2023,hop,40 nodes,0,tps_positive_commit,delta_min_pct,-85.57076885684194,5000,-84.60453167597191,-86.88716367116878,-46.627906976744185,-87.59307707788287,-19.938650306748464
Algorand,scale-free,GAFAM,8,16,10,2023,hop,40 nodes,0,tps_positive_commit,delta_max_pct,47.9786113586648,5000,47.24033535165348,25.57100297914598,70.28688524590164,17.540435025097604,76.63081435954744
Algorand,scale-free,GAFAM,8,16,10,2023,hop,40 nodes,0,tps_positive_commit,range_abs,126.8,5000,124.8,82.4,126.8,44.8,126.8
Algorand,scale-free,GAFAM,8,16,10,2023,hop,40 nodes,0,tps_positive_commit,wcd_abs,81.24615384615386,5000,78.75555555555556,49.01111111111111,91.8888888888889,23.83333333333333,96.72222222222223
Algorand,scale-free,GAFAM,8,16,10,2023,hop,40 nodes,0,tps_positive_commit,wcd_pct,85.57076885684194,5000,84.60453167597191,46.627906976744185,86.88716367116878,19.938650306748464,87.59307707788287
Algorand,scale-free,Gaming,8,16,10,2023,hop,10 nodes,0,tps_positive_commit,n_metric,12.0,5000,9.0,9.0,9.0,9.0,9.0
Algorand,scale-free,Gaming,8,16,10,2023,hop,10 nodes,0,tps_positive_commit,mean,151.76666666666662,5000,150.27777777777777,132.47777777777776,171.8,128.9333333333333,176.2888888888889
Algorand,scale-free,Gaming,8,16,10,2023,hop,10 nodes,0,tps_positive_commit,iqr_pct,74.63760158137494,5000,71.55917134949259,32.47962747380676,91.2153038259565,31.652590444976685,96.33943427620635
Algorand,scale-free,Gaming,8,16,10,2023,hop,10 nodes,0,tps_positive_commit,sample_std_pct,39.43815871794188,5000,40.055110183199375,31.98863957165796,45.85144118134221,26.701824515437362,47.19321679868317
Algorand,scale-free,Gaming,8,16,10,2023,hop,10 nodes,0,tps_positive_commit,delta_min_pct,-51.10915879639796,5000,-50.06741270055277,-55.2112676056338,-43.99060639100896,-57.47309431318857,-42.45087900723887
Algorand,scale-free,Gaming,8,16,10,2023,hop,10 nodes,0,tps_positive_commit,delta_max_pct,48.91280474412479,5000,48.63263445761169,31.548311990686837,66.06792945787069,28.198663809403758,70.93873434742416
Algorand,scale-free,Gaming,8,16,10,2023,hop,10 nodes,0,tps_positive_commit,range_abs,151.8,5000,151.8,139.3,151.8,122.3,151.8
Algorand,scale-free,Gaming,8,16,10,2023,hop,10 nodes,0,tps_positive_commit,wcd_abs,77.56666666666662,5000,81.14444444444445,72.06666666666665,93.78888888888889,67.56666666666666,100.27777777777779
Algorand,scale-free,Gaming,8,16,10,2023,hop,10 nodes,0,tps_positive_commit,wcd_pct,51.10915879639796,5000,52.48749493037718,48.66588121144917,66.06792945787069,47.36802695619617,70.93873434742416
Algorand,scale-free,Gaming,8,16,10,2023,hop,40 nodes,0,tps_positive_commit,n_metric,13.0,5000,9.0,9.0,9.0,9.0,9.0
Algorand,scale-free,Gaming,8,16,10,2023,hop,40 nodes,0,tps_positive_commit,mean,170.26153846153846,5000,170.77777777777777,150.46666666666664,197.0222222222222,146.9111111111111,206.2777777777778
Algorand,scale-free,Gaming,8,16,10,2023,hop,40 nodes,0,tps_positive_commit,iqr_pct,31.422246317881992,5000,30.372800100927275,11.66107859294197,46.005989275019154,10.083490438998117,46.99103713188222
Algorand,scale-free,Gaming,8,16,10,2023,hop,40 nodes,0,tps_positive_commit,sample_std_pct,39.743436115768915,5000,36.06606890434772,14.639671142527222,50.03803105607159,9.212213038144332,50.23914500539174
Algorand,scale-free,Gaming,8,16,10,2023,hop,40 nodes,0,tps_positive_commit,delta_min_pct,-82.84991415921208,5000,-82.11958604829437,-84.04177799368472,-27.213171778074084,-84.58831808585505,-12.496633450040383
Algorand,scale-free,Gaming,8,16,10,2023,hop,40 nodes,0,tps_positive_commit,delta_max_pct,40.31354477274781,5000,37.25064758309644,20.083974807557738,54.90634005763688,13.688145247419005,58.60873413986428
Algorand,scale-free,Gaming,8,16,10,2023,hop,40 nodes,0,tps_positive_commit,range_abs,209.70000000000002,5000,207.8,89.30000000000001,209.70000000000002,58.400000000000006,209.70000000000002
Algorand,scale-free,Gaming,8,16,10,2023,hop,40 nodes,0,tps_positive_commit,wcd_abs,141.06153846153848,5000,137.0,52.15555555555554,154.9777777777778,32.622222222222206,160.2666666666667
Algorand,scale-free,Gaming,8,16,10,2023,hop,40 nodes,0,tps_positive_commit,wcd_pct,82.84991415921208,5000,82.11958604829437,27.213171778074084,84.04177799368472,15.81470509022353,84.58831808585505
Algorand,scale-free,PayPal,8,16,10,2023,hop,10 nodes,0,tps_positive_commit,n_metric,13.0,5000,9.0,9.0,9.0,9.0,9.0
Algorand,scale-free,PayPal,8,16,10,2023,hop,10 nodes,0,tps_positive_commit,mean,190.56153846153848,5000,190.56666666666666,190.46666666666667,190.65555555555554,190.44444444444443,190.70000000000002
Algorand,scale-free,PayPal,8,16,10,2023,hop,10 nodes,0,tps_positive_commit,iqr_pct,0.2623824324869818,5000,0.26236007462686567,0.10490121801970707,0.2624825011665889,0.10487676979549923,0.262497812518229
Algorand,scale-free,PayPal,8,16,10,2023,hop,10 nodes,0,tps_positive_commit,sample_std_pct,0.13807476992279719,5000,0.1388117162153523,0.11465389656665077,0.1554786195448815,0.09453464277566911,0.15959670798403902
Algorand,scale-free,PayPal,8,16,10,2023,hop,10 nodes,0,tps_positive_commit,delta_min_pct,-0.1897226819521386,5000,-0.1807685579334168,-0.23312740412636168,-0.14000700035002447,-0.2563803752476504,-0.12835472578762896
Algorand,scale-free,PayPal,8,16,10,2023,hop,10 nodes,0,tps_positive_commit,delta_max_pct,0.17761272352964486,5000,0.16323675158864653,0.11076779572087875,0.2158189454036474,0.08742787200560533,0.23335861384984039
Algorand,scale-free,PayPal,8,16,10,2023,hop,10 nodes,0,tps_positive_commit,range_abs,0.700000000000017,5000,0.700000000000017,0.5999999999999943,0.700000000000017,0.5,0.700000000000017
Algorand,scale-free,PayPal,8,16,10,2023,hop,10 nodes,0,tps_positive_commit,wcd_abs,0.3615384615384869,5000,0.36666666666670267,0.30000000000001137,0.4444444444444571,0.27777777777774304,0.48888888888890847
Algorand,scale-free,PayPal,8,16,10,2023,hop,10 nodes,0,tps_positive_commit,wcd_pct,0.1897226819521386,5000,0.19244226731980804,0.1574803149606359,0.23312740412636168,0.14575559701490717,0.2563803752476504
Algorand,scale-free,PayPal,8,16,10,2023,hop,40 nodes,0,tps_positive_commit,n_metric,13.0,5000,9.0,9.0,9.0,9.0,9.0
Algorand,scale-free,PayPal,8,16,10,2023,hop,40 nodes,0,tps_positive_commit,mean,190.66923076923075,5000,190.65555555555557,190.44444444444446,190.92222222222222,190.38888888888889,191.03333333333333
Algorand,scale-free,PayPal,8,16,10,2023,hop,40 nodes,0,tps_positive_commit,iqr_pct,0.5244684713761246,5000,0.4196048720787985,0.052432274978150235,0.5247507433968865,0.052407849531237914,0.5249650023331778
Algorand,scale-free,PayPal,8,16,10,2023,hop,40 nodes,0,tps_positive_commit,sample_std_pct,0.3408269134706593,5000,0.3342044218348786,0.2353745346455125,0.4022138284963063,0.1679848398492481,0.413462795133904
Algorand,scale-free,PayPal,8,16,10,2023,hop,40 nodes,0,tps_positive_commit,delta_min_pct,-0.6656715213619917,5000,-0.6064139941690866,-0.7337526205450615,-0.3842794759825407,-0.7742010594330343,-0.12214273250740887
Algorand,scale-free,PayPal,8,16,10,2023,hop,40 nodes,0,tps_positive_commit,delta_max_pct,0.5930528099407104,5000,0.5416739472304725,0.24466969591052182,0.6648005598320573,0.18630647414996113,0.6882874475035105
Algorand,scale-free,PayPal,8,16,10,2023,hop,40 nodes,0,tps_positive_commit,range_abs,2.4000000000000057,5000,2.0,1.299999999999983,2.4000000000000057,1.0,2.4000000000000057
Algorand,scale-free,PayPal,8,16,10,2023,hop,40 nodes,0,tps_positive_commit,wcd_abs,1.2692307692307452,5000,1.200000000000017,0.8111111111111029,1.3999999999999773,0.6222222222222058,1.4777777777777885
Algorand,scale-free,PayPal,8,16,10,2023,hop,40 nodes,0,tps_positive_commit,wcd_pct,0.6656715213619917,5000,0.6295907660021075,0.4255319148936127,0.7337526205450615,0.32624526653072256,0.7742010594330343
Algorand,scale-free,VISA,8,16,10,2023,hop,10 nodes,0,tps_positive_commit,n_metric,13.0,5000,9.0,9.0,9.0,9.0,9.0
Algorand,scale-free,VISA,8,16,10,2023,hop,10 nodes,0,tps_positive_commit,mean,486.6307692307692,5000,486.64444444444445,479.23333333333335,494.1555555555555,476.2333333333333,497.1777777777778
Algorand,scale-free,VISA,8,16,10,2023,hop,10 nodes,0,tps_positive_commit,iqr_pct,7.438904871802976,5000,7.399500340676809,4.752611640454598,9.060402684563751,3.7411165243820608,9.153597785977853
Algorand,scale-free,VISA,8,16,10,2023,hop,10 nodes,0,tps_positive_commit,sample_std_pct,4.285563560114823,5000,4.309878885356987,3.545089063090418,4.856740296023881,3.0545555064338643,5.065302062255041
Algorand,scale-free,VISA,8,16,10,2023,hop,10 nodes,0,tps_positive_commit,delta_min_pct,-6.684897726913461,5000,-6.089294331211645,-7.659459093065809,-4.272877315239306,-8.320247655794338,-3.7211232535620313
Algorand,scale-free,VISA,8,16,10,2023,hop,10 nodes,0,tps_positive_commit,delta_max_pct,5.665328317157235,5000,5.455291222313389,4.0477695502979945,6.895352073476197,3.4237697224332937,7.685863874345559
Algorand,scale-free,VISA,8,16,10,2023,hop,10 nodes,0,tps_positive_commit,range_abs,60.10000000000002,5000,58.0,45.00000000000006,60.10000000000002,41.39999999999998,60.10000000000002
Algorand,scale-free,VISA,8,16,10,2023,hop,10 nodes,0,tps_positive_commit,wcd_abs,32.53076923076918,5000,30.933333333333394,24.577777777777783,37.66666666666663,22.288888888888835,41.21111111111111
Algorand,scale-free,VISA,8,16,10,2023,hop,10 nodes,0,tps_positive_commit,wcd_pct,6.684897726913461,5000,6.3840021990104505,5.0304739379605214,7.659980567127272,4.583466617922578,8.320247655794338
Algorand,scale-free,VISA,8,16,10,2023,hop,40 nodes,0,tps_positive_commit,n_metric,13.0,5000,9.0,9.0,9.0,9.0,9.0
Algorand,scale-free,VISA,8,16,10,2023,hop,40 nodes,0,tps_positive_commit,mean,265.13846153846157,5000,264.8666666666666,255.14444444444447,276.06666666666666,251.95555555555555,279.0777777777778
Algorand,scale-free,VISA,8,16,10,2023,hop,40 nodes,0,tps_positive_commit,iqr_pct,7.882673784379727,5000,7.986769392118108,4.735221148087951,17.013947235758685,4.587270014917956,17.141406018538106
Algorand,scale-free,VISA,8,16,10,2023,hop,40 nodes,0,tps_positive_commit,sample_std_pct,11.023684327435305,5000,11.716664759672557,6.74617273499074,13.398468048325675,4.891086430725279,13.507817384069066
Algorand,scale-free,VISA,8,16,10,2023,hop,40 nodes,0,tps_positive_commit,delta_min_pct,-25.699199257282125,5000,-24.29224134249968,-26.898655891811657,-9.251323418200162,-27.611970767157963,-5.875655674378884
Algorand,scale-free,VISA,8,16,10,2023,hop,40 nodes,0,tps_positive_commit,delta_max_pct,16.769177207844955,5000,16.07022282241728,9.959581759072153,19.819393678778756,6.565334014561243,20.906014058838853
Algorand,scale-free,VISA,8,16,10,2023,hop,40 nodes,0,tps_positive_commit,range_abs,112.60000000000002,5000,108.60000000000002,52.400000000000034,112.60000000000002,38.10000000000002,112.60000000000002
Algorand,scale-free,VISA,8,16,10,2023,hop,40 nodes,0,tps_positive_commit,wcd_abs,68.13846153846157,5000,63.21111111111111,34.1444444444444,72.48888888888888,20.96666666666664,75.14444444444445
Algorand,scale-free,VISA,8,16,10,2023,hop,40 nodes,0,tps_positive_commit,wcd_pct,25.699199257282125,5000,24.29224134249968,12.491993509695932,26.898655891811657,8.034231702644007,27.611970767157963
Algorand,torus,DDoS,8,16,10,2023,hop,10 nodes,0,tps_positive_commit,n_metric,13.0,5000,9.0,9.0,9.0,9.0,9.0
Algorand,torus,DDoS,8,16,10,2023,hop,10 nodes,0,tps_positive_commit,mean,762.2461538461539,5000,761.9888888888888,748.5777777777778,778.7888888888889,746.6444444444444,788.4444444444446
Algorand,torus,DDoS,8,16,10,2023,hop,10 nodes,0,tps_positive_commit,iqr_pct,7.2679933798893925,5000,7.248568022562728,1.7370263146523903,11.263369474317413,1.2556369785794783,11.355668959396507
Algorand,torus,DDoS,8,16,10,2023,hop,10 nodes,0,tps_positive_commit,sample_std_pct,5.740940252715506,5000,5.8348923718200005,3.6553101804242654,6.704768178103087,1.2768386427339529,6.820794888537146
Algorand,torus,DDoS,8,16,10,2023,hop,10 nodes,0,tps_positive_commit,delta_min_pct,-11.19666572478102,5000,-10.528711998825086,-12.251717631469019,-8.282364595567069,-12.958808989727256,-1.8573844419391279
Algorand,torus,DDoS,8,16,10,2023,hop,10 nodes,0,tps_positive_commit,delta_max_pct,5.805715900375401,5000,5.41718105483992,3.109551679072686,7.399839320012565,1.9082991803278657,7.707260613435045
Algorand,torus,DDoS,8,16,10,2023,hop,10 nodes,0,tps_positive_commit,range_abs,129.60000000000002,5000,118.80000000000007,86.90000000000009,129.60000000000002,32.700000000000045,129.60000000000002
Algorand,torus,DDoS,8,16,10,2023,hop,10 nodes,0,tps_positive_commit,wcd_abs,85.34615384615392,5000,80.21111111111122,64.00666666666673,94.51111111111106,18.05555555555543,100.77777777777783
Algorand,torus,DDoS,8,16,10,2023,hop,10 nodes,0,tps_positive_commit,wcd_pct,11.19666572478102,5000,10.528711998825086,8.282364595567062,12.251717631469019,2.2900225479143015,12.958808989727256
Algorand,torus,DDoS,8,16,10,2023,hop,40 nodes,0,tps_positive_commit,n_metric,13.0,5000,9.0,9.0,9.0,9.0,9.0
Algorand,torus,DDoS,8,16,10,2023,hop,40 nodes,0,tps_positive_commit,mean,412.7692307692308,5000,412.29999999999995,392.8666666666667,435.0274999999999,387.67777777777775,445.8666666666667
Algorand,torus,DDoS,8,16,10,2023,hop,40 nodes,0,tps_positive_commit,iqr_pct,23.645173313455093,5000,21.465201465201474,6.695948686157969,26.233238520926452,6.549043062200955,26.80246879411033
Algorand,torus,DDoS,8,16,10,2023,hop,40 nodes,0,tps_positive_commit,sample_std_pct,13.867396740046487,5000,14.168783534085696,9.346033391775604,16.543840575330552,5.937394616696324,16.9834428638137
Algorand,torus,DDoS,8,16,10,2023,hop,40 nodes,0,tps_positive_commit,delta_min_pct,-26.520685799478194,5000,-24.714545755419493,-28.487595294857353,-15.886255924170621,-30.066866497578978,-7.416267942583719
Algorand,torus,DDoS,8,16,10,2023,hop,40 nodes,0,tps_positive_commit,delta_max_pct,20.406261647409615,5000,18.07407016339783,11.706869074309164,24.74899598393575,9.315790834130308,26.167038050376554
Algorand,torus,DDoS,8,16,10,2023,hop,40 nodes,0,tps_positive_commit,range_abs,193.7,5000,166.59999999999997,118.0,193.7,84.19999999999999,193.7
Algorand,torus,DDoS,8,16,10,2023,hop,40 nodes,0,tps_positive_commit,wcd_abs,109.46923076923076,5000,100.1777777777778,65.39749999999998,120.82222222222225,51.133333333333326,130.40000000000003
Algorand,torus,DDoS,8,16,10,2023,hop,40 nodes,0,tps_positive_commit,wcd_pct,26.520685799478194,5000,24.849269058172506,15.91130604288498,28.487595294857353,11.468301435406696,30.066866497578978
Algorand,torus,FIFA,8,16,10,2023,hop,10 nodes,0,tps_positive_commit,n_metric,13.0,5000,9.0,9.0,9.0,9.0,9.0
Algorand,torus,FIFA,8,16,10,2023,hop,10 nodes,0,tps_positive_commit,mean,149.69230769230768,5000,148.97777777777776,124.8777777777778,176.83333333333334,117.5111111111111,188.5
Algorand,torus,FIFA,8,16,10,2023,hop,10 nodes,0,tps_positive_commit,iqr_pct,56.84994861253855,5000,56.72072872694957,31.64091343394496,95.11258955987716,23.289124668435004,100.57725263822496
Algorand,torus,FIFA,8,16,10,2023,hop,10 nodes,0,tps_positive_commit,sample_std_pct,49.305463684700776,5000,51.44865505452425,31.557234305517,61.79952168137386,23.120054817332363,62.95760885884981
Algorand,torus,FIFA,8,16,10,2023,hop,10 nodes,0,tps_positive_commit,delta_min_pct,-97.19424460431655,5000,-96.94792087202262,-97.44611850550639,-54.6709492243559,-97.60820045558087,-34.0384242189016
Algorand,torus,FIFA,8,16,10,2023,hop,10 nodes,0,tps_positive_commit,delta_max_pct,76.29496402877699,5000,67.48466257668707,40.58005327019826,99.00293255131966,29.281767955801076,111.32663048313907
Algorand,torus,FIFA,8,16,10,2023,hop,10 nodes,0,tps_positive_commit,range_abs,259.7,5000,221.70000000000002,150.59999999999997,259.7,112.60000000000001,259.7
Algorand,torus,FIFA,8,16,10,2023,hop,10 nodes,0,tps_positive_commit,wcd_abs,145.4923076923077,5000,134.14444444444445,84.76666666666665,160.2555555555556,58.466666666666654,171.40000000000003
Algorand,torus,FIFA,8,16,10,2023,hop,10 nodes,0,tps_positive_commit,wcd_pct,97.19424460431655,5000,96.98492462311559,56.56188605108055,99.00293255131966,34.0384242189016,111.32663048313907
Algorand,torus,FIFA,8,16,10,2023,hop,40 nodes,0,tps_positive_commit,n_metric,13.0,5000,9.0,9.0,9.0,9.0,9.0
Algorand,torus,FIFA,8,16,10,2023,hop,40 nodes,0,tps_positive_commit,mean,59.22307692307693,5000,59.400000000000006,46.31111111111112,70.8,40.45555555555555,74.8777777777778
Algorand,torus,FIFA,8,16,10,2023,hop,40 nodes,0,tps_positive_commit,iqr_pct,67.87894531757371,5000,55.12926066194632,33.53204172876303,91.50620838581969,31.185031185031182,97.39513503160313
Algorand,torus,FIFA,8,16,10,2023,hop,40 nodes,0,tps_positive_commit,sample_std_pct,58.92304411725297,5000,58.73771883489089,42.70087916731018,71.02807371847206,33.23926747607492,75.28968029302563
Algorand,torus,FIFA,8,16,10,2023,hop,40 nodes,0,tps_positive_commit,delta_min_pct,-85.47863358877777,5000,-84.02146985962014,-87.25506339535649,-48.06968641114994,-87.91380387257963,-40.03601440576231
Algorand,torus,FIFA,8,16,10,2023,hop,40 nodes,0,tps_positive_commit,delta_max_pct,114.1057280166255,5000,103.71295965726527,73.32189577525199,143.32622601279317,53.501785223839605,166.13805970149258
Algorand,torus,FIFA,8,16,10,2023,hop,40 nodes,0,tps_positive_commit,range_abs,118.2,5000,106.9,69.9,118.2,53.5,118.2
Algorand,torus,FIFA,8,16,10,2023,hop,40 nodes,0,tps_positive_commit,wcd_abs,67.57692307692307,5000,62.522222222222226,38.53333333333333,74.6,27.866666666666667,79.15555555555557
Algorand,torus,FIFA,8,16,10,2023,hop,40 nodes,0,tps_positive_commit,wcd_pct,114.1057280166255,5000,103.71295965726527,75.86685159500693,143.32622601279317,58.33914863921842,166.13805970149258
Algorand,torus,GAFAM,8,16,10,2023,hop,10 nodes,0,tps_positive_commit,n_metric,13.0,5000,9.0,9.0,9.0,9.0,9.0
Algorand,torus,GAFAM,8,16,10,2023,hop,10 nodes,0,tps_positive_commit,mean,126.23076923076925,5000,126.33333333333333,116.06666666666666,141.06666666666666,115.47777777777777,145.9888888888889
Algorand,torus,GAFAM,8,16,10,2023,hop,10 nodes,0,tps_positive_commit,iqr_pct,14.25959780621572,5000,13.746287653797198,9.306273632224713,37.59547383309761,1.9864525458558526,38.116634799235186
Algorand,torus,GAFAM,8,16,10,2023,hop,10 nodes,0,tps_positive_commit,sample_std_pct,30.591797538877252,5000,30.92224884230027,10.59064041209302,37.86164082005733,4.545660573905736,38.056831577496006
Algorand,torus,GAFAM,8,16,10,2023,hop,10 nodes,0,tps_positive_commit,delta_min_pct,-76.07556368068252,5000,-74.50281425891181,-77.18669469397268,-24.424736337488017,-77.55017758321632,-8.545356120949652
Algorand,torus,GAFAM,8,16,10,2023,hop,10 nodes,0,tps_positive_commit,delta_max_pct,20.57282145033513,5000,19.601851043394717,7.747974514276714,30.02588438308887,4.25450947560695,31.345287179978907
Algorand,torus,GAFAM,8,16,10,2023,hop,10 nodes,0,tps_positive_commit,range_abs,121.99999999999999,5000,120.49999999999999,45.599999999999994,121.99999999999999,18.799999999999983,121.99999999999999
Algorand,torus,GAFAM,8,16,10,2023,hop,10 nodes,0,tps_positive_commit,wcd_abs,96.03076923076925,5000,88.24444444444444,33.96666666666667,102.17888888888889,12.277777777777771,104.32222222222224
Algorand,torus,GAFAM,8,16,10,2023,hop,10 nodes,0,tps_positive_commit,wcd_pct,76.07556368068252,5000,74.50281425891181,24.424736337488017,77.18669469397268,8.545356120949652,77.55017758321632
Algorand,torus,GAFAM,8,16,10,2023,hop,40 nodes,0,tps_positive_commit,n_metric,13.0,5000,9.0,9.0,9.0,9.0,9.0
Algorand,torus,GAFAM,8,16,10,2023,hop,40 nodes,0,tps_positive_commit,mean,98.94615384615382,5000,98.88888888888889,87.26666666666667,111.48888888888888,82.94444444444444,116.34444444444446
Algorand,torus,GAFAM,8,16,10,2023,hop,40 nodes,0,tps_positive_commit,iqr_pct,62.761408691596074,5000,59.19373530299302,30.300923626973884,67.02241195304164,27.07477795817019,69.95049504950497
Algorand,torus,GAFAM,8,16,10,2023,hop,40 nodes,0,tps_positive_commit,sample_std_pct,33.88420616281984,5000,34.51368481548725,24.24791842787427,40.022987222005796,19.44883936128426,41.78391776067489
Algorand,torus,GAFAM,8,16,10,2023,hop,40 nodes,0,tps_positive_commit,delta_min_pct,-57.85586566119878,5000,-55.501541380128046,-60.75909661229611,-34.29140879051715,-63.10097335561891,-31.345900920648837
Algorand,torus,GAFAM,8,16,10,2023,hop,40 nodes,0,tps_positive_commit,delta_max_pct,43.108139625281844,5000,40.21344482341292,26.372466216216207,56.907165722728365,21.70757329767928,67.13442622950821
Algorand,torus,GAFAM,8,16,10,2023,hop,40 nodes,0,tps_positive_commit,range_abs,99.89999999999999,5000,91.3,72.0,99.89999999999999,62.7,99.89999999999999
Algorand,torus,GAFAM,8,16,10,2023,hop,40 nodes,0,tps_positive_commit,wcd_abs,57.24615384615382,5000,52.54444444444445,36.6888888888889,64.56666666666668,31.77777777777777,71.31111111111112
Algorand,torus,GAFAM,8,16,10,2023,hop,40 nodes,0,tps_positive_commit,wcd_pct,57.85586566119878,5000,55.76900412492633,34.91948051948053,61.0378457713329,31.345900920648837,67.13442622950821
Algorand,torus,Gaming,8,16,10,2023,hop,10 nodes,0,tps_positive_commit,n_metric,13.0,5000,9.0,9.0,9.0,9.0,9.0
Algorand,torus,Gaming,8,16,10,2023,hop,10 nodes,0,tps_positive_commit,mean,258.10769230769233,5000,257.7888888888889,247.0888888888889,270.4222222222222,242.66666666666666,274.2222222222223
Algorand,torus,Gaming,8,16,10,2023,hop,10 nodes,0,tps_positive_commit,iqr_pct,11.73928592716219,5000,11.71442072253963,5.707239739298939,19.095976837647473,5.566771186804703,19.322256230870142
Algorand,torus,Gaming,8,16,10,2023,hop,10 nodes,0,tps_positive_commit,sample_std_pct,12.659405808469355,5000,12.957332074876371,7.93980116993151,15.296567953575414,5.893626849012874,15.48274945479333
Algorand,torus,Gaming,8,16,10,2023,hop,10 nodes,0,tps_positive_commit,delta_min_pct,-25.728676163795683,5000,-24.169303797468352,-27.517539805906832,-10.135644310474747,-28.360254121164314,-7.25347726800913
Algorand,torus,Gaming,8,16,10,2023,hop,10 nodes,0,tps_positive_commit,delta_max_pct,19.213804613458887,5000,17.80245022970901,12.656151419558336,22.68740031897927,10.172810079169142,24.619746197461975
Algorand,torus,Gaming,8,16,10,2023,hop,10 nodes,0,tps_positive_commit,range_abs,116.0,5000,105.90000000000003,59.5,116.0,49.10000000000002,116.0
Algorand,torus,Gaming,8,16,10,2023,hop,10 nodes,0,tps_positive_commit,wcd_abs,66.40769230769234,5000,61.099999999999994,35.844444444444434,72.77777777777783,26.555555555555543,75.88888888888891
Algorand,torus,Gaming,8,16,10,2023,hop,10 nodes,0,tps_positive_commit,wcd_pct,25.728676163795683,5000,24.175969060384986,13.24064608464526,27.517539805906832,10.172810079169142,28.360254121164314
Algorand,torus,Gaming,8,16,10,2023,hop,40 nodes,0,tps_positive_commit,n_metric,13.0,5000,9.0,9.0,9.0,9.0,9.0
Algorand,torus,Gaming,8,16,10,2023,hop,40 nodes,0,tps_positive_commit,mean,223.60000000000002,5000,222.92222222222225,201.64444444444447,249.55555555555554,195.61111111111111,261.20000000000005
Algorand,torus,Gaming,8,16,10,2023,hop,40 nodes,0,tps_positive_commit,iqr_pct,19.543828264758503,5000,23.410171315813074,11.055483870967747,66.53786707882536,10.536671749717156,68.24306472919419
Algorand,torus,Gaming,8,16,10,2023,hop,40 nodes,0,tps_positive_commit,sample_std_pct,31.68845298858262,5000,33.92033081809897,17.995091717767938,39.28652680884114,9.947030944290495,39.51980328285645
Algorand,torus,Gaming,8,16,10,2023,hop,40 nodes,0,tps_positive_commit,delta_min_pct,-71.82468694096602,5000,-70.06730877363492,-73.32141344751331,-39.651712699318175,-74.0835542554164,-11.802773497688753
Algorand,torus,Gaming,8,16,10,2023,hop,40 nodes,0,tps_positive_commit,delta_max_pct,35.017889087656506,5000,33.537337996297055,20.06080427472478,46.656231445997705,14.74356152322255,50.4235176880917
Algorand,torus,Gaming,8,16,10,2023,hop,40 nodes,0,tps_positive_commit,range_abs,238.89999999999998,5000,226.60000000000002,144.60000000000002,238.89999999999998,67.00000000000003,238.89999999999998
Algorand,torus,Gaming,8,16,10,2023,hop,40 nodes,0,tps_positive_commit,wcd_abs,160.60000000000002,5000,147.47222222222223,95.04444444444445,173.14444444444447,37.21111111111114,180.0888888888889
Algorand,torus,Gaming,8,16,10,2023,hop,40 nodes,0,tps_positive_commit,wcd_pct,71.82468694096602,5000,70.06730877363492,39.65171269931815,73.32141344751331,14.74356152322255,74.0835542554164
Algorand,torus,PayPal,8,16,10,2023,hop,10 nodes,0,tps_positive_commit,n_metric,13.0,5000,9.0,9.0,9.0,9.0,9.0
Algorand,torus,PayPal,8,16,10,2023,hop,10 nodes,0,tps_positive_commit,mean,191.03076923076924,5000,191.04444444444445,190.83333333333334,191.2,190.72222222222223,191.23333333333335
Algorand,torus,PayPal,8,16,10,2023,hop,10 nodes,0,tps_positive_commit,iqr_pct,0.47112829185793964,5000,0.4710123858812613,0.10472422620433752,0.5757487641756295,0.10470595078821206,0.5758827293351143
Algorand,torus,PayPal,8,16,10,2023,hop,10 nodes,0,tps_positive_commit,sample_std_pct,0.26381021748215844,5000,0.2678517043574589,0.19074523727372425,0.3006616226745323,0.08606633674741919,0.31506003607515165
Algorand,torus,PayPal,8,16,10,2023,hop,10 nodes,0,tps_positive_commit,delta_min_pct,-0.2778448900700689,5000,-0.279183388588378,-0.3603184750392177,-0.1746724890829744,-0.3718984252426043,-0.11651616661812157
Algorand,torus,PayPal,8,16,10,2023,hop,10 nodes,0,tps_positive_commit,delta_max_pct,0.4550213417089467,5000,0.4244679613908551,0.33730735678976514,0.5121340860152384,0.09321293329447936,0.5589519650655151
Algorand,torus,PayPal,8,16,10,2023,hop,10 nodes,0,tps_positive_commit,range_abs,1.4000000000000057,5000,1.4000000000000057,1.1999999999999886,1.4000000000000057,0.4000000000000057,1.4000000000000057
Algorand,torus,PayPal,8,16,10,2023,hop,10 nodes,0,tps_positive_commit,wcd_abs,0.8692307692307679,5000,0.8111111111111029,0.6444444444444457,0.9777777777777601,0.22222222222222854,1.0666666666666913
Algorand,torus,PayPal,8,16,10,2023,hop,10 nodes,0,tps_positive_commit,wcd_pct,0.4550213417089467,5000,0.4244679613908551,0.33730735678976514,0.5121340860152384,0.11651616661812157,0.5589519650655151
Algorand,torus,PayPal,8,16,10,2023,hop,40 nodes,0,tps_positive_commit,n_metric,13.0,5000,9.0,9.0,9.0,9.0,9.0
Algorand,torus,PayPal,8,16,10,2023,hop,40 nodes,0,tps_positive_commit,mean,191.3230769230769,5000,191.3,190.97777777777776,191.56666666666666,190.85555555555553,191.60000000000002
Algorand,torus,PayPal,8,16,10,2023,hop,40 nodes,0,tps_positive_commit,iqr_pct,0.26133805082019945,5000,0.26117237376668606,0.05229517722254206,0.5223144332888399,0.05223750652968535,0.5223750652968833
Algorand,torus,PayPal,8,16,10,2023,hop,40 nodes,0,tps_positive_commit,sample_std_pct,0.46512977617432605,5000,0.44816827886749,0.17557679111410154,0.5534828087725716,0.09112865733701504,0.5565194781297893
Algorand,torus,PayPal,8,16,10,2023,hop,40 nodes,0,tps_positive_commit,delta_min_pct,-0.43020263750401444,5000,-0.3946375718182369,-0.5337355688344931,-0.2150037770933741,-0.5510440835266756,-0.12801862089032387
Algorand,torus,PayPal,8,16,10,2023,hop,40 nodes,0,tps_positive_commit,delta_max_pct,1.0332904470891084,5000,0.9751001218875192,0.40132612109580174,1.1218321320623117,0.07568259882400952,1.1453488372093217
Algorand,torus,PayPal,8,16,10,2023,hop,40 nodes,0,tps_positive_commit,range_abs,2.8000000000000114,5000,2.6000000000000227,1.1000000000000227,2.8000000000000114,0.5,2.8000000000000114
Algorand,torus,PayPal,8,16,10,2023,hop,40 nodes,0,tps_positive_commit,wcd_abs,1.9769230769231,5000,1.8666666666666458,0.7666666666666799,2.1444444444444457,0.35555555555552587,2.1888888888889255
Algorand,torus,PayPal,8,16,10,2023,hop,40 nodes,0,tps_positive_commit,wcd_pct,1.0332904470891084,5000,0.9751001218875192,0.40132612109580174,1.1218321320623117,0.18620890311317942,1.1453488372093217
Algorand,torus,VISA,8,16,10,2023,hop,10 nodes,0,tps_positive_commit,n_metric,13.0,5000,9.0,9.0,9.0,9.0,9.0
Algorand,torus,VISA,8,16,10,2023,hop,10 nodes,0,tps_positive_commit,mean,533.6538461538461,5000,533.7222222222222,530.9777777777776,536.5233333333333,530.4444444444445,537.688888888889
Algorand,torus,VISA,8,16,10,2023,hop,10 nodes,0,tps_positive_commit,iqr_pct,1.873873873873874,5000,1.8709073900841908,1.4355256343863156,2.7373289169426958,0.3161679616465616,2.7464832890914077
Algorand,torus,VISA,8,16,10,2023,hop,10 nodes,0,tps_positive_commit,sample_std_pct,1.3937728798762439,5000,1.407223734911678,1.0641582428879797,1.6074484372827738,0.8249183779656476,1.6323003084221375
Algorand,torus,VISA,8,16,10,2023,hop,10 nodes,0,tps_positive_commit,delta_min_pct,-2.1837837837837695,5000,-2.118882430151897,-2.5615518527729244,-1.6352253931031435,-2.7530531980956416,-1.318489955843035
Algorand,torus,VISA,8,16,10,2023,hop,10 nodes,0,tps_positive_commit,delta_max_pct,2.0136936936937047,5000,1.8024663251255544,1.1412009462888302,2.332964347626316,0.8644816219914159,2.497803439186642
Algorand,torus,VISA,8,16,10,2023,hop,10 nodes,0,tps_positive_commit,range_abs,22.399999999999977,5000,22.0,15.600000000000023,22.399999999999977,11.700000000000045,22.399999999999977
Algorand,torus,VISA,8,16,10,2023,hop,10 nodes,0,tps_positive_commit,wcd_abs,11.653846153846075,5000,11.733333333333348,9.000000000000114,13.733333333333235,7.06666666666672,14.777777777777828
Algorand,torus,VISA,8,16,10,2023,hop,10 nodes,0,tps_positive_commit,wcd_pct,2.1837837837837695,5000,2.200387201532146,1.6961929890690002,2.5615518527729244,1.318489955843035,2.7530531980956416
Algorand,torus,VISA,8,16,10,2023,hop,40 nodes,0,tps_positive_commit,n_metric,13.0,5000,9.0,9.0,9.0,9.0,9.0
Algorand,torus,VISA,8,16,10,2023,hop,40 nodes,0,tps_positive_commit,mean,402.1692307692308,5000,402.24444444444447,387.8616666666666,416.2555555555556,380.5333333333333,420.2555555555556
Algorand,torus,VISA,8,16,10,2023,hop,40 nodes,0,tps_positive_commit,iqr_pct,16.411001874450097,5000,13.994146422870948,6.28140703517588,18.647332361114934,5.434751793156241,18.923296009828835
Algorand,torus,VISA,8,16,10,2023,hop,40 nodes,0,tps_positive_commit,sample_std_pct,9.7084199803895,5000,9.809629590192714,7.4516238951786145,11.226134639373084,6.0419058710556905,11.667348134930975
Algorand,torus,VISA,8,16,10,2023,hop,40 nodes,0,tps_positive_commit,delta_min_pct,-16.52767682950156,5000,-15.127254340131477,-18.455642222881984,-8.075891252039732,-19.108433734939773,-6.460387623257405
Algorand,torus,VISA,8,16,10,2023,hop,40 nodes,0,tps_positive_commit,delta_max_pct,15.722428369228398,5000,14.531807576471579,11.227362047904823,18.65050138802333,9.609320252277502,20.601192018657684
Algorand,torus,VISA,8,16,10,2023,hop,40 nodes,0,tps_positive_commit,range_abs,129.7,5000,117.60000000000002,84.0,129.7,73.30000000000001,129.7
Algorand,torus,VISA,8,16,10,2023,hop,40 nodes,0,tps_positive_commit,wcd_abs,66.46923076923082,5000,65.00000000000003,46.30000000000001,76.39222222222214,43.18888888888887,79.5
Algorand,torus,VISA,8,16,10,2023,hop,40 nodes,0,tps_positive_commit,wcd_pct,16.52767682950156,5000,16.243443510115718,11.348563006632274,18.758234961951118,10.531021403413703,20.601192018657684
Diem,fat-tree,DDoS,8,16,10,2023,hop,10 nodes,0,tps_positive_commit,n_metric,13.0,5000,9.0,9.0,9.0,9.0,9.0
Diem,fat-tree,DDoS,8,16,10,2023,hop,10 nodes,0,tps_positive_commit,mean,344.6461538461538,5000,344.5,338.05527777777775,351.44444444444446,336.84444444444443,354.3
Diem,fat-tree,DDoS,8,16,10,2023,hop,10 nodes,0,tps_positive_commit,iqr_pct,3.5688777787697563,5000,3.53583748562668,1.3511765299106007,8.379671537566276,1.3329971953486874,8.415037984546462
Diem,fat-tree,DDoS,8,16,10,2023,hop,10 nodes,0,tps_positive_commit,sample_std_pct,5.565760616788832,5000,5.461177371150198,3.2325839437693715,6.7594500949176295,1.7110172277059477,6.7980536188616565
Diem,fat-tree,DDoS,8,16,10,2023,hop,10 nodes,0,tps_positive_commit,delta_min_pct,-12.257834121953397,5000,-11.437961667371708,-13.084022610417405,-5.942324497524041,-13.509390790351816,-2.794242167654524
Diem,fat-tree,DDoS,8,16,10,2023,hop,10 nodes,0,tps_positive_commit,delta_max_pct,10.49013480939203,5000,9.46722882330395,3.8206777383123693,11.624271243852395,2.694456933650194,11.93415637860085
Diem,fat-tree,DDoS,8,16,10,2023,hop,10 nodes,0,tps_positive_commit,range_abs,78.40000000000003,5000,58.10000000000002,37.60000000000002,78.40000000000003,20.600000000000023,78.40000000000003
Diem,fat-tree,DDoS,8,16,10,2023,hop,10 nodes,0,tps_positive_commit,wcd_abs,42.246153846153845,5000,39.400000000000034,20.922222222222274,45.52222222222224,10.744444444444412,47.233333333333405
Diem,fat-tree,DDoS,8,16,10,2023,hop,10 nodes,0,tps_positive_commit,wcd_pct,12.257834121953397,5000,11.530084842180553,6.085186142709424,13.084022610417405,3.0719867844208557,13.509390790351816
Diem,fat-tree,DDoS,8,16,10,2023,hop,40 nodes,0,tps_positive_commit,n_metric,20.0,5000,9.0,9.0,9.0,9.0,9.0
Diem,fat-tree,DDoS,8,16,10,2023,hop,40 nodes,0,tps_positive_commit,mean,231.375,5000,231.14444444444442,173.93027777777777,289.7936111111111,132.57777777777778,333.7444444444444
Diem,fat-tree,DDoS,8,16,10,2023,hop,40 nodes,0,tps_positive_commit,iqr_pct,93.22528363047002,5000,83.91182760971373,19.567025395610262,110.505118403929,11.955255185271511,125.66754128723571
Diem,fat-tree,DDoS,8,16,10,2023,hop,40 nodes,0,tps_positive_commit,sample_std_pct,50.18828390064264,5000,50.37622081296341,38.68264956440534,59.47482668037357,15.269631003044156,65.15169006423847
Diem,fat-tree,DDoS,8,16,10,2023,hop,40 nodes,0,tps_positive_commit,delta_min_pct,-55.91572123176661,5000,-52.25667632720317,-61.79962062204307,-38.131422472709524,-67.31933072267711,-18.567660458796247
Diem,fat-tree,DDoS,8,16,10,2023,hop,40 nodes,0,tps_positive_commit,delta_max_pct,81.52350081037277,5000,73.64141669346319,42.46896348583582,117.2788411795137,20.997522180481184,151.51374010246857
Diem,fat-tree,DDoS,8,16,10,2023,hop,40 nodes,0,tps_positive_commit,range_abs,318.0,5000,290.4,246.2,318.0,54.999999999999986,318.0
Diem,fat-tree,DDoS,8,16,10,2023,hop,40 nodes,0,tps_positive_commit,wcd_abs,188.625,5000,170.76111111111112,138.89916666666667,221.14638888888885,29.188888888888897,253.01111111111112
Diem,fat-tree,DDoS,8,16,10,2023,hop,40 nodes,0,tps_positive_commit,wcd_pct,81.52350081037277,5000,73.64141669346319,53.703971210544836,117.2788411795137,20.997522180481184,151.51374010246857
Diem,fat-tree,FIFA,8,16,10,2023,hop,10 nodes,0,tps_positive_commit,n_metric,13.0,5000,9.0,9.0,9.0,9.0,9.0
Diem,fat-tree,FIFA,8,16,10,2023,hop,10 nodes,0,tps_positive_commit,mean,23.7076923076923,5000,23.688888888888886,19.733333333333334,27.1,18.188888888888886,27.67777777777778
Diem,fat-tree,FIFA,8,16,10,2023,hop,10 nodes,0,tps_positive_commit,iqr_pct,41.75859831278391,5000,39.847942754919494,11.392405063291132,53.34841628959276,9.995372512725583,55.22248243559721
Diem,fat-tree,FIFA,8,16,10,2023,hop,10 nodes,0,tps_positive_commit,sample_std_pct,42.76389092320044,5000,43.419154770885285,29.54664860374133,50.74560281227228,19.945362103278825,52.89753106936607
Diem,fat-tree,FIFA,8,16,10,2023,hop,10 nodes,0,tps_positive_commit,delta_min_pct,-64.14665801427644,5000,-61.40262361251261,-67.12505371723249,-29.870129870129883,-67.95140343527441,-21.543086172344694
Diem,fat-tree,FIFA,8,16,10,2023,hop,10 nodes,0,tps_positive_commit,delta_max_pct,82.21933809214802,5000,77.53424657534248,46.7129877071085,102.71115745568301,35.247403787416005,113.27482172243558
Diem,fat-tree,FIFA,8,16,10,2023,hop,10 nodes,0,tps_positive_commit,range_abs,34.7,5000,33.8,20.0,34.7,13.100000000000001,34.7
Diem,fat-tree,FIFA,8,16,10,2023,hop,10 nodes,0,tps_positive_commit,wcd_abs,19.4923076923077,5000,18.8,10.788055555555555,21.722222222222225,8.088888888888889,22.94444444444445
Diem,fat-tree,FIFA,8,16,10,2023,hop,10 nodes,0,tps_positive_commit,wcd_pct,82.21933809214802,5000,77.53424657534248,55.93127261933569,102.71115745568301,37.5250501002004,113.27482172243558
Diem,fat-tree,FIFA,8,16,10,2023,hop,40 nodes,0,tps_positive_commit,n_metric,21.0,5000,9.0,9.0,9.0,9.0,9.0
Diem,fat-tree,FIFA,8,16,10,2023,hop,40 nodes,0,tps_positive_commit,mean,21.761904761904763,5000,21.733333333333334,17.07777777777778,26.73361111111111,15.11111111111111,29.25555555555555
Diem,fat-tree,FIFA,8,16,10,2023,hop,40 nodes,0,tps_positive_commit,iqr_pct,34.923413566739605,5000,35.95347699993474,17.307498882431826,79.8827566485559,10.307414104882461,95.28432732316229
Diem,fat-tree,FIFA,8,16,10,2023,hop,40 nodes,0,tps_positive_commit,sample_std_pct,47.05467681550056,5000,46.99108350670576,22.079155489844137,58.73439226139479,12.625698050241972,66.57872647636414
Diem,fat-tree,FIFA,8,16,10,2023,hop,40 nodes,0,tps_positive_commit,delta_min_pct,-52.669584245076585,5000,-46.09488995343949,-58.964597362761346,-27.603118666763184,-63.15580286168521,-13.83647798742138
Diem,fat-tree,FIFA,8,16,10,2023,hop,40 nodes,0,tps_positive_commit,delta_max_pct,113.67614879649891,5000,92.59088817303268,31.8020530937493,134.9602724177072,18.208955223880597,155.083179297597
Diem,fat-tree,FIFA,8,16,10,2023,hop,40 nodes,0,tps_positive_commit,range_abs,36.2,5000,32.8,11.5,36.2,5.600000000000001,36.2
Diem,fat-tree,FIFA,8,16,10,2023,hop,40 nodes,0,tps_positive_commit,wcd_abs,24.738095238095237,5000,22.066666666666663,6.288611111111114,26.633333333333333,3.400000000000002,28.255555555555556
Diem,fat-tree,FIFA,8,16,10,2023,hop,40 nodes,0,tps_positive_commit,wcd_pct,113.67614879649891,5000,92.59088817303268,36.287564344361094,134.9602724177072,21.383647798742153,155.083179297597
Diem,fat-tree,GAFAM,8,16,10,2023,hop,10 nodes,0,tps_positive_commit,n_metric,13.0,5000,9.0,9.0,9.0,9.0,9.0
Diem,fat-tree,GAFAM,8,16,10,2023,hop,10 nodes,0,tps_positive_commit,mean,153.9692307692308,5000,153.55555555555554,148.32222222222222,162.45555555555558,148.1888888888889,165.02222222222224
Diem,fat-tree,GAFAM,8,16,10,2023,hop,10 nodes,0,tps_positive_commit,iqr_pct,12.275179856115109,5000,12.263535551206788,3.0691583685718182,15.459297983569831,0.7271747912738955,15.570701018573997
Diem,fat-tree,GAFAM,8,16,10,2023,hop,10 nodes,0,tps_positive_commit,sample_std_pct,13.239112637399808,5000,13.642352995435685,4.900012493710594,15.774527450372206,2.3026758752312935,15.950920215446429
Diem,fat-tree,GAFAM,8,16,10,2023,hop,10 nodes,0,tps_positive_commit,delta_min_pct,-32.77877697841728,5000,-31.14790450144135,-34.11373603055594,-10.261917960088686,-34.98743718592966,-5.527875033665507
Diem,fat-tree,GAFAM,8,16,10,2023,hop,10 nodes,0,tps_positive_commit,delta_max_pct,8.463229416466811,5000,8.755426917510864,2.797346282743985,12.592703573301371,1.1984917856180877,12.685560053981115
Diem,fat-tree,GAFAM,8,16,10,2023,hop,10 nodes,0,tps_positive_commit,range_abs,63.5,5000,63.5,23.099999999999994,63.5,11.099999999999994,63.5
Diem,fat-tree,GAFAM,8,16,10,2023,hop,10 nodes,0,tps_positive_commit,wcd_abs,50.46923076923079,5000,46.82222222222222,16.45555555555555,53.588888888888874,9.122222222222234,55.70000000000002
Diem,fat-tree,GAFAM,8,16,10,2023,hop,10 nodes,0,tps_positive_commit,wcd_pct,32.77877697841728,5000,31.14790450144135,10.261917960088686,34.11373603055594,5.527875033665507,34.98743718592966
Diem,fat-tree,GAFAM,8,16,10,2023,hop,40 nodes,0,tps_positive_commit,n_metric,19.0,5000,9.0,9.0,9.0,9.0,9.0
Diem,fat-tree,GAFAM,8,16,10,2023,hop,40 nodes,0,tps_positive_commit,mean,147.96315789473684,5000,148.9333333333333,135.4775,159.86694444444444,128.96666666666667,166.76666666666665
Diem,fat-tree,GAFAM,8,16,10,2023,hop,40 nodes,0,tps_positive_commit,iqr_pct,19.430512574253903,5000,18.593177903898166,0.3135669988154135,26.83419521654814,0.0,27.51318391562294
Diem,fat-tree,GAFAM,8,16,10,2023,hop,40 nodes,0,tps_positive_commit,sample_std_pct,20.086240992719883,5000,11.692105971052968,7.827978789901692,28.748059108119378,0.16145806937241358,29.102772689139368
Diem,fat-tree,GAFAM,8,16,10,2023,hop,40 nodes,0,tps_positive_commit,delta_min_pct,-71.14146480276028,5000,-18.138280786688764,-70.98971278053932,-12.238199685025789,-72.08947635993898,-0.3397961223266018
Diem,fat-tree,GAFAM,8,16,10,2023,hop,40 nodes,0,tps_positive_commit,delta_max_pct,12.93351830114182,5000,12.164380098857531,4.515583806401412,23.187608360908733,0.1998800719568316,29.568363918325144
Diem,fat-tree,GAFAM,8,16,10,2023,hop,40 nodes,0,tps_positive_commit,range_abs,124.39999999999999,5000,38.900000000000006,31.099999999999994,124.39999999999999,0.9000000000000057,124.39999999999999
Diem,fat-tree,GAFAM,8,16,10,2023,hop,40 nodes,0,tps_positive_commit,wcd_abs,105.26315789473684,5000,28.477777777777803,19.51111111111112,104.48916666666666,0.5666666666666629,110.28888888888888
Diem,fat-tree,GAFAM,8,16,10,2023,hop,40 nodes,0,tps_positive_commit,wcd_pct,71.14146480276028,5000,18.138280786688764,12.702355333860437,70.98971278053932,0.3397961223266018,72.08947635993898
Diem,fat-tree,Gaming,8,16,10,2023,hop,10 nodes,0,tps_positive_commit,n_metric,13.0,5000,9.0,9.0,9.0,9.0,9.0
Diem,fat-tree,Gaming,8,16,10,2023,hop,10 nodes,0,tps_positive_commit,mean,185.88461538461542,5000,186.42777777777775,157.35555555555555,213.82222222222222,149.14444444444445,223.36666666666667
Diem,fat-tree,Gaming,8,16,10,2023,hop,10 nodes,0,tps_positive_commit,iqr_pct,34.160976619077175,5000,35.66932426998801,19.04377321918915,60.39692472733774,17.594388897179527,63.59984937868709
Diem,fat-tree,Gaming,8,16,10,2023,hop,10 nodes,0,tps_positive_commit,sample_std_pct,42.52845869396927,5000,42.36402845454865,27.97848879184168,52.662638381424884,19.27746488083111,53.83063671304055
Diem,fat-tree,Gaming,8,16,10,2023,hop,10 nodes,0,tps_positive_commit,delta_min_pct,-72.99399958617836,5000,-70.89480126264253,-75.21259669720745,-35.00407024072566,-76.31330607109155,-24.921222842611527
Diem,fat-tree,Gaming,8,16,10,2023,hop,10 nodes,0,tps_positive_commit,delta_max_pct,89.52617421891163,5000,76.66035212837086,37.87035839047743,105.24987053340237,28.084965151012266,114.04847093768988
Diem,fat-tree,Gaming,8,16,10,2023,hop,10 nodes,0,tps_positive_commit,range_abs,302.1,5000,271.4,155.9,302.1,112.60000000000001,302.1
Diem,fat-tree,Gaming,8,16,10,2023,hop,10 nodes,0,tps_positive_commit,wcd_abs,166.4153846153846,5000,154.38888888888889,90.85555555555558,180.65555555555557,60.511111111111106,187.71111111111114
Diem,fat-tree,Gaming,8,16,10,2023,hop,10 nodes,0,tps_positive_commit,wcd_pct,89.52617421891163,5000,76.66035212837086,52.898175701901934,105.24987053340237,32.75986525505293,114.04847093768988
Diem,fat-tree,Gaming,8,16,10,2023,hop,40 nodes,0,tps_positive_commit,n_metric,25.0,5000,9.0,9.0,9.0,9.0,9.0
Diem,fat-tree,Gaming,8,16,10,2023,hop,40 nodes,0,tps_positive_commit,mean,206.98000000000005,5000,207.0611111111111,178.82944444444445,234.96750000000003,155.36666666666667,252.84444444444443
Diem,fat-tree,Gaming,8,16,10,2023,hop,40 nodes,0,tps_positive_commit,iqr_pct,43.77234515412116,5000,38.66320396992582,10.606965547114493,59.82097211940845,4.4546287809349145,77.52001402442588
Diem,fat-tree,Gaming,8,16,10,2023,hop,40 nodes,0,tps_positive_commit,sample_std_pct,26.22865697015422,5000,26.568135085133825,14.761999909557739,35.022903013952345,6.089411243457258,40.03772280107407
Diem,fat-tree,Gaming,8,16,10,2023,hop,40 nodes,0,tps_positive_commit,delta_min_pct,-49.12551937385256,5000,-45.137200416811396,-52.309823331356306,-27.142517548607252,-55.6755998316262,-9.198560060629017
Diem,fat-tree,Gaming,8,16,10,2023,hop,40 nodes,0,tps_positive_commit,delta_max_pct,37.98434631365347,5000,31.034782016771793,16.397971837390315,50.20787889200187,7.072345553135293,70.72263549415517
Diem,fat-tree,Gaming,8,16,10,2023,hop,40 nodes,0,tps_positive_commit,range_abs,180.3,5000,158.20000000000002,103.49750000000003,180.3,41.39999999999998,180.3
Diem,fat-tree,Gaming,8,16,10,2023,hop,40 nodes,0,tps_positive_commit,wcd_abs,101.68000000000005,5000,91.21111111111114,59.17583333333333,116.7786111111111,22.055555555555515,132.26666666666665
Diem,fat-tree,Gaming,8,16,10,2023,hop,40 nodes,0,tps_positive_commit,wcd_pct,49.12551937385256,5000,45.846280888917306,27.87622725440751,53.11442718475212,9.292201104765455,70.72263549415517
Diem,fat-tree,PayPal,8,16,10,2023,hop,10 nodes,0,tps_positive_commit,n_metric,13.0,5000,9.0,9.0,9.0,9.0,9.0
Diem,fat-tree,PayPal,8,16,10,2023,hop,10 nodes,0,tps_positive_commit,mean,195.39230769230772,5000,195.3777777777778,194.9777777777778,195.85583333333332,194.88888888888886,196.12222222222223
Diem,fat-tree,PayPal,8,16,10,2023,hop,10 nodes,0,tps_positive_commit,iqr_pct,0.7676863115625367,5000,0.7672634271099744,0.30690537084398684,1.3316640109264708,0.3066439522998267,1.3325740318906578
Diem,fat-tree,PayPal,8,16,10,2023,hop,10 nodes,0,tps_positive_commit,sample_std_pct,0.645499825016639,5000,0.6599124395106003,0.43482678700996924,0.759702312844829,0.22338858016137858,0.7788674479840926
Diem,fat-tree,PayPal,8,16,10,2023,hop,10 nodes,0,tps_positive_commit,delta_min_pct,-1.275540333057767,5000,-1.178278688524596,-1.3973115766861726,-0.908523082164553,-1.492283250113479,-0.26627386550336546
Diem,fat-tree,PayPal,8,16,10,2023,hop,10 nodes,0,tps_positive_commit,delta_max_pct,0.7204440770048315,5000,0.6764053885068074,0.43730122671512883,0.8828387537734269,0.30627871362939985,0.9460845776815323
Diem,fat-tree,PayPal,8,16,10,2023,hop,10 nodes,0,tps_positive_commit,range_abs,3.9000000000000057,5000,3.5999999999999943,2.5999999999999943,3.9000000000000057,1.200000000000017,3.9000000000000057
Diem,fat-tree,PayPal,8,16,10,2023,hop,10 nodes,0,tps_positive_commit,wcd_abs,2.492307692307719,5000,2.3000000000000114,1.7777777777777715,2.733611111111122,0.6777777777777771,2.922222222222217
Diem,fat-tree,PayPal,8,16,10,2023,hop,10 nodes,0,tps_positive_commit,wcd_pct,1.275540333057767,5000,1.178278688524596,0.908523082164553,1.3973115766861706,0.34558948501501296,1.492283250113479
Diem,fat-tree,PayPal,8,16,10,2023,hop,40 nodes,0,tps_positive_commit,n_metric,23.0,5000,9.0,9.0,9.0,9.0,9.0
Diem,fat-tree,PayPal,8,16,10,2023,hop,40 nodes,0,tps_positive_commit,mean,194.00000000000003,5000,193.9888888888889,192.7111111111111,195.20000000000002,191.43333333333334,196.11111111111111
Diem,fat-tree,PayPal,8,16,10,2023,hop,40 nodes,0,tps_positive_commit,iqr_pct,2.113402061855667,5000,1.798150473798379,0.9269325399096013,2.78930024850817,0.5110152168975698,3.1000631494345257
Diem,fat-tree,PayPal,8,16,10,2023,hop,40 nodes,0,tps_positive_commit,sample_std_pct,1.3046801751107988,5000,1.2404458314465376,0.8440260456259246,1.705090872161305,0.48000072225868307,1.8222865910794586
Diem,fat-tree,PayPal,8,16,10,2023,hop,40 nodes,0,tps_positive_commit,delta_min_pct,-3.247422680412391,5000,-1.839684625492768,-3.419039185263017,-1.1449676485976903,-3.9406345957011206,-0.7031383982164333
Diem,fat-tree,PayPal,8,16,10,2023,hop,40 nodes,0,tps_positive_commit,delta_max_pct,1.597938144329879,5000,1.5347611957393104,0.9503755975415428,2.1250887567729215,0.504249291784698,2.6146815526117835
Diem,fat-tree,PayPal,8,16,10,2023,hop,40 nodes,0,tps_positive_commit,range_abs,9.400000000000006,5000,6.199999999999989,4.699999999999989,9.400000000000006,2.5,9.400000000000006
Diem,fat-tree,PayPal,8,16,10,2023,hop,40 nodes,0,tps_positive_commit,wcd_abs,6.30000000000004,5000,3.644444444444474,2.5222222222222115,6.6447222222222475,1.51111111111112,7.699999999999989
Diem,fat-tree,PayPal,8,16,10,2023,hop,40 nodes,0,tps_positive_commit,wcd_pct,3.247422680412391,5000,1.878926327812669,1.2957846388324865,3.419039185263015,0.7705382436260668,3.9406345957011206
Diem,fat-tree,VISA,8,16,10,2023,hop,10 nodes,0,tps_positive_commit,n_metric,11.0,5000,9.0,9.0,9.0,9.0,9.0
Diem,fat-tree,VISA,8,16,10,2023,hop,10 nodes,0,tps_positive_commit,mean,388.5818181818182,5000,388.93333333333334,379.84444444444443,398.7555555555556,378.8666666666666,398.87777777777785
Diem,fat-tree,VISA,8,16,10,2023,hop,10 nodes,0,tps_positive_commit,iqr_pct,9.74054838105932,5000,10.980807264826318,6.995765415627359,12.329121194715677,6.977955216108316,12.3450754852624
Diem,fat-tree,VISA,8,16,10,2023,hop,10 nodes,0,tps_positive_commit,sample_std_pct,8.76191205944275,5000,9.275375737530762,6.0514023208327785,9.770378992814305,5.498840721649545,9.782250297025932
Diem,fat-tree,VISA,8,16,10,2023,hop,10 nodes,0,tps_positive_commit,delta_min_pct,-18.987460228336147,5000,-18.487830139823934,-19.816607233825778,-5.803584067038486,-19.827952120886284,-5.536155353036359
Diem,fat-tree,VISA,8,16,10,2023,hop,10 nodes,0,tps_positive_commit,delta_max_pct,12.537432154220468,5000,12.22092326993812,9.632580294715728,14.15105284529265,9.181500723958779,14.790293414221562
Diem,fat-tree,VISA,8,16,10,2023,hop,10 nodes,0,tps_positive_commit,range_abs,122.5,5000,122.5,66.5,122.5,57.60000000000002,122.5
Diem,fat-tree,VISA,8,16,10,2023,hop,10 nodes,0,tps_positive_commit,wcd_abs,73.78181818181821,5000,71.40000000000003,38.42222222222222,77.80000000000001,35.93333333333334,77.85555555555561
Diem,fat-tree,VISA,8,16,10,2023,hop,10 nodes,0,tps_positive_commit,wcd_pct,18.987460228336147,5000,18.487830139823934,9.632580294715728,19.816607233825778,9.181500723958779,19.827952120886284
Diem,fat-tree,VISA,8,16,10,2023,hop,40 nodes,0,tps_positive_commit,n_metric,23.0,5000,9.0,9.0,9.0,9.0,9.0
Diem,fat-tree,VISA,8,16,10,2023,hop,40 nodes,0,tps_positive_commit,mean,292.53478260869565,5000,292.4611111111111,228.54000000000002,355.94583333333327,181.87777777777777,401.43333333333334
Diem,fat-tree,VISA,8,16,10,2023,hop,40 nodes,0,tps_positive_commit,iqr_pct,77.58051811007239,5000,72.74519179219449,7.41548449882286,89.34835157615369,4.333802752918729,99.20006736274838
Diem,fat-tree,VISA,8,16,10,2023,hop,40 nodes,0,tps_positive_commit,sample_std_pct,43.22611057237617,5000,42.310947659604935,32.46606150976564,53.60275805343084,21.114942614619206,56.31847464893558
Diem,fat-tree,VISA,8,16,10,2023,hop,40 nodes,0,tps_positive_commit,delta_min_pct,-79.31869863115497,5000,-43.29319490549196,-81.16048961912226,-25.210856045363098,-83.60631059191907,-14.012448762714431
Diem,fat-tree,VISA,8,16,10,2023,hop,40 nodes,0,tps_positive_commit,delta_max_pct,56.22073926549054,5000,54.79281923901997,28.0028563785775,93.73336939966882,13.842065930416007,118.47668226561237
Diem,fat-tree,VISA,8,16,10,2023,hop,40 nodes,0,tps_positive_commit,range_abs,396.5,5000,274.0,249.3,396.5,152.8,396.5
Diem,fat-tree,VISA,8,16,10,2023,hop,40 nodes,0,tps_positive_commit,wcd_abs,232.03478260869565,5000,178.11111111111114,133.35555555555555,260.6336111111112,116.97777777777776,308.5444444444445
Diem,fat-tree,VISA,8,16,10,2023,hop,40 nodes,0,tps_positive_commit,wcd_pct,79.31869863115497,5000,64.95877265694853,41.24411372202274,93.73336939966882,38.543758722810374,118.47668226561237
Diem,full mesh,DDoS,8,16,10,2023,hop,10 nodes,0,tps_positive_commit,n_metric,13.0,5000,9.0,9.0,9.0,9.0,9.0
Diem,full mesh,DDoS,8,16,10,2023,hop,10 nodes,0,tps_positive_commit,mean,296.45384615384614,5000,295.7555555555556,268.6666666666667,327.3666666666667,255.21111111111108,337.75555555555565
Diem,full mesh,DDoS,8,16,10,2023,hop,10 nodes,0,tps_positive_commit,iqr_pct,38.96053348556007,5000,39.353673948366115,29.518996165911457,54.344225267279015,17.332010909992565,56.97821281970318
Diem,full mesh,DDoS,8,16,10,2023,hop,10 nodes,0,tps_positive_commit,sample_std_pct,28.254201529898268,5000,29.231899593477753,20.671951240482255,32.917807474028606,17.766634031119274,33.89759641893116
Diem,full mesh,DDoS,8,16,10,2023,hop,10 nodes,0,tps_positive_commit,delta_min_pct,-51.021043618153044,5000,-48.630056212901465,-53.76070140760073,-26.933323732718904,-55.37494877748942,-23.60059986747113
Diem,full mesh,DDoS,8,16,10,2023,hop,10 nodes,0,tps_positive_commit,delta_max_pct,40.29165261164015,5000,37.979209672662925,26.127977895339832,50.967976123255625,23.136390552009964,58.72026459737948
Diem,full mesh,DDoS,8,16,10,2023,hop,10 nodes,0,tps_positive_commit,range_abs,270.7,5000,251.10000000000002,172.49999999999997,270.7,152.9,270.7
Diem,full mesh,DDoS,8,16,10,2023,hop,10 nodes,0,tps_positive_commit,wcd_abs,151.25384615384615,5000,139.44444444444446,92.88888888888894,168.81861111111107,77.71111111111111,180.1777777777778
Diem,full mesh,DDoS,8,16,10,2023,hop,10 nodes,0,tps_positive_commit,wcd_pct,51.021043618153044,5000,49.238657551274095,29.32197244379985,54.11677960745761,24.027896572142893,58.72026459737948
Diem,full mesh,DDoS,8,16,10,2023,hop,40 nodes,0,tps_positive_commit,n_metric,11.0,5000,9.0,9.0,9.0,9.0,9.0
Diem,full mesh,DDoS,8,16,10,2023,hop,40 nodes,0,tps_positive_commit,mean,156.35454545454544,5000,155.84444444444443,152.05555555555554,161.84444444444446,151.25555555555553,162.24444444444444
Diem,full mesh,DDoS,8,16,10,2023,hop,40 nodes,0,tps_positive_commit,iqr_pct,12.599569742426898,5000,11.584411890200538,11.033274956217163,14.079577112650908,10.977904788457517,14.230019493177393
Diem,full mesh,DDoS,8,16,10,2023,hop,40 nodes,0,tps_positive_commit,sample_std_pct,11.785852611954251,5000,12.455197679668906,8.016991990619566,12.959764576861748,7.475042131420928,12.967352366435865
Diem,full mesh,DDoS,8,16,10,2023,hop,40 nodes,0,tps_positive_commit,delta_min_pct,-25.106110820396534,5000,-24.429944069984227,-26.161283542352688,-9.889056293658408,-26.357347494933972,-9.587883057414574
Diem,full mesh,DDoS,8,16,10,2023,hop,40 nodes,0,tps_positive_commit,delta_max_pct,17.233560090702962,5000,16.389163256667132,11.144769284959496,19.795221843003436,11.136413722177304,19.847439157282984
Diem,full mesh,DDoS,8,16,10,2023,hop,40 nodes,0,tps_positive_commit,range_abs,66.20000000000002,5000,66.20000000000002,37.10000000000002,66.20000000000002,32.70000000000002,66.20000000000002
Diem,full mesh,DDoS,8,16,10,2023,hop,40 nodes,0,tps_positive_commit,wcd_abs,39.25454545454545,5000,37.855555555555554,21.05555555555557,41.48888888888888,17.577777777777754,41.911111111111126
Diem,full mesh,DDoS,8,16,10,2023,hop,40 nodes,0,tps_positive_commit,wcd_pct,25.106110820396534,5000,24.429944069984227,12.977674291192997,26.161283542352688,11.144769284959477,26.357347494933972
Diem,full mesh,FIFA,8,16,10,2023,hop,10 nodes,0,tps_positive_commit,n_metric,13.0,5000,9.0,9.0,9.0,9.0,9.0
Diem,full mesh,FIFA,8,16,10,2023,hop,10 nodes,0,tps_positive_commit,mean,34.28461538461538,5000,34.31111111111111,30.055555555555557,38.46666666666667,29.11111111111111,40.52222222222222
Diem,full mesh,FIFA,8,16,10,2023,hop,10 nodes,0,tps_positive_commit,iqr_pct,55.71011891406776,5000,55.487411233053585,21.21299223914917,73.62162162162163,16.78091582122292,75.77893175074185
Diem,full mesh,FIFA,8,16,10,2023,hop,10 nodes,0,tps_positive_commit,sample_std_pct,33.53679064571123,5000,33.936092566509174,25.74373871622195,39.43519726842762,18.121307019168075,41.26928466053462
Diem,full mesh,FIFA,8,16,10,2023,hop,10 nodes,0,tps_positive_commit,delta_min_pct,-46.62328920798742,5000,-45.45454545454546,-51.27218934911242,-38.79598662207357,-53.8784654158499,-36.084452975047974
Diem,full mesh,FIFA,8,16,10,2023,hop,10 nodes,0,tps_positive_commit,delta_max_pct,43.79627552165135,5000,41.3582233665916,27.33884297520659,59.82532751091701,21.661639703866193,65.06696428571428
Diem,full mesh,FIFA,8,16,10,2023,hop,10 nodes,0,tps_positive_commit,range_abs,30.999999999999996,5000,30.499999999999996,24.499999999999996,30.999999999999996,22.999999999999996,30.999999999999996
Diem,full mesh,FIFA,8,16,10,2023,hop,10 nodes,0,tps_positive_commit,wcd_abs,15.984615384615378,5000,16.488888888888884,12.933333333333337,19.433888888888877,12.477777777777778,21.377777777777776
Diem,full mesh,FIFA,8,16,10,2023,hop,10 nodes,0,tps_positive_commit,wcd_pct,46.62328920798742,5000,47.75814100267003,41.11469920343517,59.82532751091701,36.084452975047974,65.06696428571428
Diem,full mesh,FIFA,8,16,10,2023,hop,40 nodes,0,tps_positive_commit,n_metric,11.0,5000,9.0,9.0,9.0,9.0,9.0
Diem,full mesh,FIFA,8,16,10,2023,hop,40 nodes,0,tps_positive_commit,mean,20.154545454545456,5000,20.233333333333334,18.933333333333334,21.233333333333334,18.688888888888886,21.45555555555556
Diem,full mesh,FIFA,8,16,10,2023,hop,40 nodes,0,tps_positive_commit,iqr_pct,19.35047361299052,5000,19.138220481253498,8.94819466248037,22.01222901612006,8.85551527705851,22.085889570552144
Diem,full mesh,FIFA,8,16,10,2023,hop,40 nodes,0,tps_positive_commit,sample_std_pct,21.73338849156779,5000,22.61770311542701,15.747199262711767,24.396286281322947,13.188495811987146,24.408985837333834
Diem,full mesh,FIFA,8,16,10,2023,hop,40 nodes,0,tps_positive_commit,delta_min_pct,-34.00992331980153,5000,-33.31476323119777,-36.49867374005304,-22.98657718120805,-36.70015864621893,-19.368203003625062
Diem,full mesh,FIFA,8,16,10,2023,hop,40 nodes,0,tps_positive_commit,delta_max_pct,46.86513306269733,5000,44.78260869565217,20.30201342281878,50.93484419263457,16.111771700356684,51.27768313458263
Diem,full mesh,FIFA,8,16,10,2023,hop,40 nodes,0,tps_positive_commit,range_abs,16.3,5000,16.3,8.599999999999998,16.3,8.399999999999999,16.3
Diem,full mesh,FIFA,8,16,10,2023,hop,40 nodes,0,tps_positive_commit,wcd_abs,9.445454545454545,5000,9.155555555555555,5.388888888888889,9.98888888888889,4.566666666666663,10.033333333333335
Diem,full mesh,FIFA,8,16,10,2023,hop,40 nodes,0,tps_positive_commit,wcd_pct,46.86513306269733,5000,44.78260869565217,28.83472057074911,50.93484419263457,22.986577181208038,51.27768313458263
Diem,full mesh,GAFAM,8,16,10,2023,hop,10 nodes,0,tps_positive_commit,n_metric,12.0,5000,9.0,9.0,9.0,9.0,9.0
Diem,full mesh,GAFAM,8,16,10,2023,hop,10 nodes,0,tps_positive_commit,mean,127.25833333333331,5000,127.11111111111111,118.75555555555555,136.1222222222222,115.16666666666667,138.5777777777778
Diem,full mesh,GAFAM,8,16,10,2023,hop,10 nodes,0,tps_positive_commit,iqr_pct,30.449872306987103,5000,28.778434388407675,13.223508459483527,42.14919602846851,13.050355918797784,42.73496659242763
Diem,full mesh,GAFAM,8,16,10,2023,hop,10 nodes,0,tps_positive_commit,sample_std_pct,21.995457334053217,5000,22.315256193823114,16.987633034221822,25.164110550350532,15.539560920190556,25.407619882040812
Diem,full mesh,GAFAM,8,16,10,2023,hop,10 nodes,0,tps_positive_commit,delta_min_pct,-36.507104970204956,5000,-34.90870032223416,-39.30389783824388,-22.44814298598016,-39.99504909646011,-16.220333547145596
Diem,full mesh,GAFAM,8,16,10,2023,hop,10 nodes,0,tps_positive_commit,delta_max_pct,31.46486805055337,5000,30.93043478260871,22.90425271406418,38.85666167664672,20.726427196921083,42.882899981021076
Diem,full mesh,GAFAM,8,16,10,2023,hop,10 nodes,0,tps_positive_commit,range_abs,86.50000000000001,5000,86.50000000000001,62.20000000000002,86.50000000000001,51.20000000000002,86.50000000000001
Diem,full mesh,GAFAM,8,16,10,2023,hop,10 nodes,0,tps_positive_commit,wcd_abs,46.458333333333314,5000,44.57777777777777,32.25555555555559,52.32222222222221,28.7222222222222,53.85555555555557
Diem,full mesh,GAFAM,8,16,10,2023,hop,10 nodes,0,tps_positive_commit,wcd_pct,36.507104970204956,5000,35.827744440522416,23.48325513670929,39.8584503791472,20.726427196921083,42.882899981021076
Diem,full mesh,GAFAM,8,16,10,2023,hop,40 nodes,0,tps_positive_commit,n_metric,13.0,5000,9.0,9.0,9.0,9.0,9.0
Diem,full mesh,GAFAM,8,16,10,2023,hop,40 nodes,0,tps_positive_commit,mean,162.44615384615383,5000,161.46666666666664,160.36666666666667,166.04444444444442,160.36666666666665,167.10000000000002
Diem,full mesh,GAFAM,8,16,10,2023,hop,40 nodes,0,tps_positive_commit,iqr_pct,0.12311771948100447,5000,0.12385605174429903,0.0,5.923924340054042,0.0,5.923924340054044
Diem,full mesh,GAFAM,8,16,10,2023,hop,40 nodes,0,tps_positive_commit,sample_std_pct,7.076574728470923,5000,8.425287363946968,1.9027729103125834,8.453607929947715,0.02992220227408567,8.456195599376647
Diem,full mesh,GAFAM,8,16,10,2023,hop,40 nodes,0,tps_positive_commit,delta_min_pct,-22.374277867222272,5000,-21.378593695878077,-22.410610514801405,-4.621707202048078,-22.426520847573475,-0.059844404548171345
Diem,full mesh,GAFAM,8,16,10,2023,hop,40 nodes,0,tps_positive_commit,delta_max_pct,2.926413486125581,5000,3.5365350213292954,0.655913258818026,4.253845087986699,0.01995211492418083,4.253845087986718
Diem,full mesh,GAFAM,8,16,10,2023,hop,40 nodes,0,tps_positive_commit,range_abs,41.099999999999994,5000,41.0,9.5,41.099999999999994,0.19999999999998863,41.099999999999994
Diem,full mesh,GAFAM,8,16,10,2023,hop,40 nodes,0,tps_positive_commit,wcd_abs,36.34615384615384,5000,34.28888888888889,7.622222222222177,36.422222222222246,0.09999999999999432,36.45555555555555
Diem,full mesh,GAFAM,8,16,10,2023,hop,40 nodes,0,tps_positive_commit,wcd_pct,22.374277867222272,5000,21.378593695878077,4.621707202048078,22.410610514801405,0.059844404548171345,22.426520847573475
Diem,full mesh,Gaming,8,16,10,2023,hop,10 nodes,0,tps_positive_commit,n_metric,13.0,5000,9.0,9.0,9.0,9.0,9.0
Diem,full mesh,Gaming,8,16,10,2023,hop,10 nodes,0,tps_positive_commit,mean,144.03846153846155,5000,144.25555555555556,119.72222222222223,165.96666666666664,112.24444444444444,174.44444444444446
Diem,full mesh,Gaming,8,16,10,2023,hop,10 nodes,0,tps_positive_commit,iqr_pct,52.41655540720961,5000,52.31819251588609,27.36177622986505,67.3907284768212,25.455650060753342,71.14251110213968
Diem,full mesh,Gaming,8,16,10,2023,hop,10 nodes,0,tps_positive_commit,sample_std_pct,44.589561214356266,5000,44.399676513480955,31.809141765494353,54.53169932460453,25.366579549721834,56.799898054060634
Diem,full mesh,Gaming,8,16,10,2023,hop,10 nodes,0,tps_positive_commit,delta_min_pct,-61.88518024032042,5000,-59.256205162035116,-65.56314468915528,-42.81002638522428,-67.26296958855099,-33.73248407643313
Diem,full mesh,Gaming,8,16,10,2023,hop,10 nodes,0,tps_positive_commit,delta_max_pct,93.76769025367156,5000,80.76424870466325,42.16634429400386,112.31510438678048,33.285198555956676,124.4370979270908
Diem,full mesh,Gaming,8,16,10,2023,hop,10 nodes,0,tps_positive_commit,range_abs,224.20000000000002,5000,214.20000000000002,119.69999999999999,224.20000000000002,97.89999999999999,224.20000000000002
Diem,full mesh,Gaming,8,16,10,2023,hop,10 nodes,0,tps_positive_commit,wcd_abs,135.06153846153848,5000,123.7444444444445,65.27777777777779,147.64444444444445,51.79999999999997,154.74444444444447
Diem,full mesh,Gaming,8,16,10,2023,hop,10 nodes,0,tps_positive_commit,wcd_pct,93.76769025367156,5000,80.76424870466325,51.94174757281553,112.31510438678048,37.40072202166064,124.4370979270908
Diem,full mesh,Gaming,8,16,10,2023,hop,40 nodes,0,tps_positive_commit,n_metric,12.0,5000,9.0,9.0,9.0,9.0,9.0
Diem,full mesh,Gaming,8,16,10,2023,hop,40 nodes,0,tps_positive_commit,mean,191.04166666666663,5000,190.44444444444443,182.60000000000002,202.42222222222225,181.2444444444444,206.86666666666667
Diem,full mesh,Gaming,8,16,10,2023,hop,40 nodes,0,tps_positive_commit,iqr_pct,14.695747001090526,5000,14.958589216293875,8.813654168998323,27.635564530498318,8.701176730567372,27.845601436265724
Diem,full mesh,Gaming,8,16,10,2023,hop,40 nodes,0,tps_positive_commit,sample_std_pct,16.960436162364733,5000,18.40761969641803,8.50821511912051,19.81401992065421,5.860254040307954,19.93154411723487
Diem,full mesh,Gaming,8,16,10,2023,hop,40 nodes,0,tps_positive_commit,delta_min_pct,-39.123227917121035,5000,-37.677880321524256,-40.78076379066478,-16.90635635086179,-41.449907702634675,-7.960038672252646
Diem,full mesh,Gaming,8,16,10,2023,hop,40 nodes,0,tps_positive_commit,delta_max_pct,15.681570338058911,5000,15.9563924677899,9.177736304753529,20.581994543801155,6.832097969706732,21.1622807017544
Diem,full mesh,Gaming,8,16,10,2023,hop,40 nodes,0,tps_positive_commit,range_abs,104.7,5000,104.7,52.80000000000001,104.7,30.599999999999994,104.7
Diem,full mesh,Gaming,8,16,10,2023,hop,40 nodes,0,tps_positive_commit,wcd_abs,74.74166666666663,5000,70.31111111111109,34.22222222222223,80.08888888888889,16.46666666666664,82.33333333333336
Diem,full mesh,Gaming,8,16,10,2023,hop,40 nodes,0,tps_positive_commit,wcd_pct,39.123227917121035,5000,37.677880321524256,16.90635635086179,40.78076379066478,7.960038672252646,41.449907702634675
Diem,full mesh,PayPal,8,16,10,2023,hop,10 nodes,0,tps_positive_commit,n_metric,13.0,5000,9.0,9.0,9.0,9.0,9.0
Diem,full mesh,PayPal,8,16,10,2023,hop,10 nodes,0,tps_positive_commit,mean,197.73076923076923,5000,197.73333333333332,197.6222222222222,197.84444444444446,197.57777777777775,197.9
Diem,full mesh,PayPal,8,16,10,2023,hop,10 nodes,0,tps_positive_commit,iqr_pct,0.252869091616417,5000,0.20232675771371053,0.10114632501686634,0.3035071942446015,0.10112359550562659,0.3035583787733964
Diem,full mesh,PayPal,8,16,10,2023,hop,10 nodes,0,tps_positive_commit,sample_std_pct,0.15776088384354425,5000,0.15804478869660948,0.11795102224219213,0.1858489941413628,0.09453404211151988,0.19257686545508756
Diem,full mesh,PayPal,8,16,10,2023,hop,10 nodes,0,tps_positive_commit,delta_min_pct,-0.2684302664851232,5000,-0.2473021582733912,-0.30333670374116417,-0.19091470604751234,-0.32573289902281627,-0.10106114199089876
Diem,full mesh,PayPal,8,16,10,2023,hop,10 nodes,0,tps_positive_commit,delta_max_pct,0.23730791674771093,5000,0.21911343333893915,0.1573741007194203,0.27545112147955514,0.12923526437040175,0.2980039359010473
Diem,full mesh,PayPal,8,16,10,2023,hop,10 nodes,0,tps_positive_commit,range_abs,1.0,5000,0.9000000000000057,0.6999999999999886,1.0,0.5,1.0
Diem,full mesh,PayPal,8,16,10,2023,hop,10 nodes,0,tps_positive_commit,wcd_abs,0.5307692307692378,5000,0.5111111111110915,0.3777777777777942,0.6000000000000227,0.29999999999998295,0.6444444444444741
Diem,full mesh,PayPal,8,16,10,2023,hop,10 nodes,0,tps_positive_commit,wcd_pct,0.2684302664851232,5000,0.25851410587839047,0.19120458891014178,0.30333670374116417,0.15159171298634813,0.32573289902281627
Diem,full mesh,PayPal,8,16,10,2023,hop,40 nodes,0,tps_positive_commit,n_metric,13.0,5000,9.0,9.0,9.0,9.0,9.0
Diem,full mesh,PayPal,8,16,10,2023,hop,40 nodes,0,tps_positive_commit,mean,188.40769230769232,5000,188.35555555555558,186.88888888888889,190.04472222222222,186.42222222222222,190.8777777777778
Diem,full mesh,PayPal,8,16,10,2023,hop,40 nodes,0,tps_positive_commit,iqr_pct,3.5561180745519065,5000,3.263583402686969,1.5871149776628262,4.572576357299001,1.3097386343791837,4.587754134313331
Diem,full mesh,PayPal,8,16,10,2023,hop,40 nodes,0,tps_positive_commit,sample_std_pct,2.360404112246847,5000,2.4176335148328603,1.6732094567005191,2.7737095505298357,1.1966102970702805,2.8522086475245936
Diem,full mesh,PayPal,8,16,10,2023,hop,40 nodes,0,tps_positive_commit,delta_min_pct,-4.780957824684604,5000,-4.399313162413407,-5.213103205354002,-2.584985835694055,-5.567902678675871,-1.7696024215612023
Diem,full mesh,PayPal,8,16,10,2023,hop,40 nodes,0,tps_positive_commit,delta_max_pct,3.4458824970399697,5000,3.078751857355113,1.9618239660657564,4.020636897349225,1.5457579483576191,4.274164784211147
Diem,full mesh,PayPal,8,16,10,2023,hop,40 nodes,0,tps_positive_commit,range_abs,15.5,5000,13.299999999999983,9.0,15.5,7.400000000000006,15.5
Diem,full mesh,PayPal,8,16,10,2023,hop,40 nodes,0,tps_positive_commit,wcd_abs,9.00769230769231,5000,8.25555555555556,4.910833333333321,9.866666666666674,4.0222222222222115,10.577777777777783
Diem,full mesh,PayPal,8,16,10,2023,hop,40 nodes,0,tps_positive_commit,wcd_pct,4.780957824684604,5000,4.399313162413407,2.607833670979583,5.213103205354002,2.10722393620117,5.567902678675871
Diem,full mesh,VISA,8,16,10,2023,hop,10 nodes,0,tps_positive_commit,n_metric,13.0,5000,9.0,9.0,9.0,9.0,9.0
Diem,full mesh,VISA,8,16,10,2023,hop,10 nodes,0,tps_positive_commit,mean,419.63076923076926,5000,419.72222222222223,400.34444444444443,437.8694444444443,393.9333333333333,446.29999999999995
Diem,full mesh,VISA,8,16,10,2023,hop,10 nodes,0,tps_positive_commit,iqr_pct,13.75018331133597,5000,13.831402317219334,10.17707514168723,24.956133354602006,9.978198447304049,25.371641710362717
Diem,full mesh,VISA,8,16,10,2023,hop,10 nodes,0,tps_positive_commit,sample_std_pct,12.581983786016735,5000,12.64078301953761,9.006338605335928,14.96893224711633,7.13323896862661,15.212112093189466
Diem,full mesh,VISA,8,16,10,2023,hop,10 nodes,0,tps_positive_commit,delta_min_pct,-22.765434814488927,5000,-21.147815743944637,-24.880247231522016,-14.665226781857452,-25.980155809881495,-8.227088070722283
Diem,full mesh,VISA,8,16,10,2023,hop,10 nodes,0,tps_positive_commit,delta_max_pct,19.605147382314104,5000,17.81791554796191,12.60476581758422,23.323686796985893,10.996704054779098,25.38444456781213
Diem,full mesh,VISA,8,16,10,2023,hop,10 nodes,0,tps_positive_commit,range_abs,177.79999999999995,5000,158.59999999999997,117.19999999999999,177.79999999999995,83.59999999999997,177.79999999999995
Diem,full mesh,VISA,8,16,10,2023,hop,10 nodes,0,tps_positive_commit,wcd_abs,95.53076923076924,5000,89.69999999999993,64.87083333333325,107.34444444444443,47.82222222222214,113.75555555555559
Diem,full mesh,VISA,8,16,10,2023,hop,10 nodes,0,tps_positive_commit,wcd_pct,22.765434814488927,5000,21.687652696861488,15.213847706279589,24.893786852743503,10.996704054779098,25.980155809881495
Diem,full mesh,VISA,8,16,10,2023,hop,40 nodes,0,tps_positive_commit,n_metric,12.0,5000,9.0,9.0,9.0,9.0,9.0
Diem,full mesh,VISA,8,16,10,2023,hop,40 nodes,0,tps_positive_commit,mean,183.5,5000,183.34444444444443,179.35555555555555,187.38888888888889,178.94444444444446,187.76666666666668
Diem,full mesh,VISA,8,16,10,2023,hop,40 nodes,0,tps_positive_commit,iqr_pct,9.850136239782026,5000,9.520914396887163,7.204269196560925,10.981606264796937,7.1897745428723585,11.092035072659266
Diem,full mesh,VISA,8,16,10,2023,hop,40 nodes,0,tps_positive_commit,sample_std_pct,6.336924860743286,5000,6.447009949362419,5.197681293784569,7.029683655374868,4.892788305968831,7.198580437419494
Diem,full mesh,VISA,8,16,10,2023,hop,40 nodes,0,tps_positive_commit,delta_min_pct,-8.283378746594,5000,-7.904177053565977,-9.731823599523242,-6.158230592900057,-10.085480232696197,-5.894051708551789
Diem,full mesh,VISA,8,16,10,2023,hop,40 nodes,0,tps_positive_commit,delta_max_pct,11.226158038147137,5000,10.35746470411534,5.453446191052005,12.880231057580042,5.116615440245889,13.137472283813759
Diem,full mesh,VISA,8,16,10,2023,hop,40 nodes,0,tps_positive_commit,range_abs,35.79999999999998,5000,35.79999999999998,23.5,35.79999999999998,20.30000000000001,35.79999999999998
Diem,full mesh,VISA,8,16,10,2023,hop,40 nodes,0,tps_positive_commit,wcd_abs,20.599999999999994,5000,19.155555555555537,12.055555555555543,23.28888888888889,10.866666666666646,23.700000000000017
Diem,full mesh,VISA,8,16,10,2023,hop,40 nodes,0,tps_positive_commit,wcd_pct,11.226158038147137,5000,10.35746470411534,6.737038186898471,12.880231057580042,5.894051708551789,13.137472283813759
Diem,hypercube,DDoS,8,16,10,2023,hop,10 nodes,0,tps_positive_commit,n_metric,13.0,5000,9.0,9.0,9.0,9.0,9.0
Diem,hypercube,DDoS,8,16,10,2023,hop,10 nodes,0,tps_positive_commit,mean,319.8230769230769,5000,319.83333333333326,295.44444444444446,345.8666666666666,286.83333333333326,358.0888888888889
Diem,hypercube,DDoS,8,16,10,2023,hop,10 nodes,0,tps_positive_commit,iqr_pct,36.55145873920679,5000,30.23156089193825,21.02129608426839,46.229263614081205,20.24636961648256,47.637175592078776
Diem,hypercube,DDoS,8,16,10,2023,hop,10 nodes,0,tps_positive_commit,sample_std_pct,21.855510022271357,5000,21.8534572828886,15.391210240624185,25.651756413372976,11.243498868596332,26.567838190635342
Diem,hypercube,DDoS,8,16,10,2023,hop,10 nodes,0,tps_positive_commit,delta_min_pct,-35.464319214950564,5000,-34.50391368732812,-38.922864470309726,-25.472196097438676,-40.784188715333116,-18.400148938810965
Diem,hypercube,DDoS,8,16,10,2023,hop,10 nodes,0,tps_positive_commit,delta_max_pct,26.007167424297105,5000,25.119436446958407,16.414173834895376,34.37314759928866,12.54188904058582,38.45625286303255
Diem,hypercube,DDoS,8,16,10,2023,hop,10 nodes,0,tps_positive_commit,range_abs,196.6,5000,192.3,146.99999999999997,196.6,110.80000000000001,196.6
Diem,hypercube,DDoS,8,16,10,2023,hop,10 nodes,0,tps_positive_commit,wcd_abs,113.42307692307688,5000,109.41111111111113,83.4,131.71111111111108,65.88888888888886,142.15555555555554
Diem,hypercube,DDoS,8,16,10,2023,hop,10 nodes,0,tps_positive_commit,wcd_pct,35.464319214950564,5000,34.607533865281134,25.472196097438594,38.922864470309726,18.400148938810965,40.784188715333116
Diem,hypercube,DDoS,8,16,10,2023,hop,40 nodes,0,tps_positive_commit,n_metric,12.0,5000,9.0,9.0,9.0,9.0,9.0
Diem,hypercube,DDoS,8,16,10,2023,hop,40 nodes,0,tps_positive_commit,mean,143.26666666666668,5000,143.37777777777777,136.91111111111113,149.26666666666668,135.07777777777775,151.12222222222223
Diem,hypercube,DDoS,8,16,10,2023,hop,40 nodes,0,tps_positive_commit,iqr_pct,12.878082829222885,5000,11.976911976911982,5.632727827812559,22.63272275690779,5.558484597424128,22.74393573044224
Diem,hypercube,DDoS,8,16,10,2023,hop,40 nodes,0,tps_positive_commit,sample_std_pct,13.23384325192397,5000,13.50919140485954,9.584178308123763,15.471674436474583,7.551815854232025,15.501420862788972
Diem,hypercube,DDoS,8,16,10,2023,hop,40 nodes,0,tps_positive_commit,delta_min_pct,-24.40670079106562,5000,-23.215692453127453,-26.075085324232084,-12.723041117145078,-26.84080162125649,-9.940445555473858
Diem,hypercube,DDoS,8,16,10,2023,hop,40 nodes,0,tps_positive_commit,delta_max_pct,23.615635179153077,5000,21.864434068587965,15.54942379483848,26.87256228607818,10.973101916591263,28.240405503258508
Diem,hypercube,DDoS,8,16,10,2023,hop,40 nodes,0,tps_positive_commit,range_abs,68.8,5000,68.8,43.19999999999999,68.8,33.19999999999999,68.8
Diem,hypercube,DDoS,8,16,10,2023,hop,40 nodes,0,tps_positive_commit,wcd_abs,34.96666666666668,5000,34.56666666666666,24.633333333333326,38.766666666666694,17.577777777777754,39.73333333333336
Diem,hypercube,DDoS,8,16,10,2023,hop,40 nodes,0,tps_positive_commit,wcd_pct,24.40670079106562,5000,24.212905236907723,17.15811469700487,26.87256228607818,12.499999999999982,28.240405503258508
Diem,hypercube,FIFA,8,16,10,2023,hop,10 nodes,0,tps_positive_commit,n_metric,13.0,5000,9.0,9.0,9.0,9.0,9.0
Diem,hypercube,FIFA,8,16,10,2023,hop,10 nodes,0,tps_positive_commit,mean,29.53846153846154,5000,29.67222222222222,25.666666666666668,33.477777777777774,24.577777777777776,35.055555555555564
Diem,hypercube,FIFA,8,16,10,2023,hop,10 nodes,0,tps_positive_commit,iqr_pct,34.19270833333332,5000,34.41611842105263,12.108564022463524,62.647394446557634,11.320754716981122,64.9447949526814
Diem,hypercube,FIFA,8,16,10,2023,hop,10 nodes,0,tps_positive_commit,sample_std_pct,36.606760119264834,5000,36.567177555187705,23.262904080309113,45.058564845692054,15.663132367677251,45.93482591261632
Diem,hypercube,FIFA,8,16,10,2023,hop,10 nodes,0,tps_positive_commit,delta_min_pct,-61.74479166666667,5000,-59.254807692307686,-64.77312088673364,-36.92196531791908,-66.17891586298637,-24.35143548945001
Diem,hypercube,FIFA,8,16,10,2023,hop,10 nodes,0,tps_positive_commit,delta_max_pct,71.640625,5000,61.83721026771225,31.338927398759562,84.2891760904685,24.52438602559666,91.48132605958877
Diem,hypercube,FIFA,8,16,10,2023,hop,10 nodes,0,tps_positive_commit,range_abs,39.400000000000006,5000,37.2,23.099999999999998,39.400000000000006,15.7,39.400000000000006
Diem,hypercube,FIFA,8,16,10,2023,hop,10 nodes,0,tps_positive_commit,wcd_abs,21.161538461538463,5000,19.900000000000006,13.944444444444446,23.18888888888889,7.877777777777773,24.222222222222225
Diem,hypercube,FIFA,8,16,10,2023,hop,10 nodes,0,tps_positive_commit,wcd_pct,71.640625,5000,64.0254686947294,49.02024820378837,84.2891760904685,24.52438602559666,91.48132605958877
Diem,hypercube,FIFA,8,16,10,2023,hop,40 nodes,0,tps_positive_commit,n_metric,9.0,5000,9.0,9.0,9.0,9.0,9.0
Diem,hypercube,FIFA,8,16,10,2023,hop,40 nodes,0,tps_positive_commit,mean,15.288888888888888,5000,15.288888888888888,15.288888888888888,15.288888888888891,15.288888888888888,15.288888888888891
Diem,hypercube,FIFA,8,16,10,2023,hop,40 nodes,0,tps_positive_commit,iqr_pct,45.13081395348837,5000,45.13081395348837,45.13081395348836,45.13081395348837,45.13081395348836,45.13081395348837
Diem,hypercube,FIFA,8,16,10,2023,hop,40 nodes,0,tps_positive_commit,sample_std_pct,56.74921709358515,5000,56.74921709358515,56.74921709358514,56.74921709358515,56.74921709358514,56.74921709358515
Diem,hypercube,FIFA,8,16,10,2023,hop,40 nodes,0,tps_positive_commit,delta_min_pct,-47.0203488372093,5000,-47.0203488372093,-47.02034883720931,-47.0203488372093,-47.02034883720931,-47.0203488372093
Diem,hypercube,FIFA,8,16,10,2023,hop,40 nodes,0,tps_positive_commit,delta_max_pct,121.7296511627907,5000,121.7296511627907,121.72965116279065,121.7296511627907,121.72965116279065,121.7296511627907
Diem,hypercube,FIFA,8,16,10,2023,hop,40 nodes,0,tps_positive_commit,range_abs,25.799999999999997,5000,25.799999999999997,25.799999999999997,25.799999999999997,25.799999999999997,25.799999999999997
Diem,hypercube,FIFA,8,16,10,2023,hop,40 nodes,0,tps_positive_commit,wcd_abs,18.61111111111111,5000,18.61111111111111,18.611111111111107,18.61111111111111,18.611111111111107,18.61111111111111
Diem,hypercube,FIFA,8,16,10,2023,hop,40 nodes,0,tps_positive_commit,wcd_pct,121.7296511627907,5000,121.7296511627907,121.72965116279065,121.7296511627907,121.72965116279065,121.7296511627907
Diem,hypercube,GAFAM,8,16,10,2023,hop,10 nodes,0,tps_positive_commit,n_metric,13.0,5000,9.0,9.0,9.0,9.0,9.0
Diem,hypercube,GAFAM,8,16,10,2023,hop,10 nodes,0,tps_positive_commit,mean,150.83846153846156,5000,150.7555555555556,144.53333333333333,157.05555555555554,143.64444444444445,160.9
Diem,hypercube,GAFAM,8,16,10,2023,hop,10 nodes,0,tps_positive_commit,iqr_pct,22.938446631648727,5000,21.862079149438866,12.505289885738458,23.87033398821218,3.915475450590436,24.195772058823525
Diem,hypercube,GAFAM,8,16,10,2023,hop,10 nodes,0,tps_positive_commit,sample_std_pct,11.562556667927948,5000,11.735328490346594,8.28383945897967,13.208653521993556,5.493723077784969,13.694713877665501
Diem,hypercube,GAFAM,8,16,10,2023,hop,10 nodes,0,tps_positive_commit,delta_min_pct,-18.19062675302158,5000,-17.54668619553278,-20.43842682140554,-14.270239040947477,-22.172389628591453,-10.192666252330627
Diem,hypercube,GAFAM,8,16,10,2023,hop,10 nodes,0,tps_positive_commit,delta_max_pct,10.78076393492782,5000,10.824362188467772,6.376955198527837,15.604581443615949,3.8533250466127957,16.16715587826356
Diem,hypercube,GAFAM,8,16,10,2023,hop,10 nodes,0,tps_positive_commit,range_abs,43.69999999999999,5000,43.599999999999994,35.19999999999999,43.69999999999999,22.599999999999994,43.69999999999999
Diem,hypercube,GAFAM,8,16,10,2023,hop,10 nodes,0,tps_positive_commit,wcd_abs,27.438461538461553,5000,26.433333333333337,21.95555555555555,31.844444444444434,16.399999999999977,35.155555555555566
Diem,hypercube,GAFAM,8,16,10,2023,hop,10 nodes,0,tps_positive_commit,wcd_pct,18.19062675302158,5000,17.54668619553278,14.375360646278114,20.43842682140554,10.192666252330627,22.172389628591453
Diem,hypercube,GAFAM,8,16,10,2023,hop,40 nodes,0,tps_positive_commit,n_metric,10.0,5000,9.0,9.0,9.0,9.0,9.0
Diem,hypercube,GAFAM,8,16,10,2023,hop,40 nodes,0,tps_positive_commit,mean,147.53000000000003,5000,145.3777777777778,145.36666666666667,155.2555555555556,145.36666666666667,155.2555555555556
Diem,hypercube,GAFAM,8,16,10,2023,hop,40 nodes,0,tps_positive_commit,iqr_pct,8.48979868501322,5000,11.487312748394997,0.0,11.488190781930761,0.0,11.488190781930761
Diem,hypercube,GAFAM,8,16,10,2023,hop,40 nodes,0,tps_positive_commit,sample_std_pct,24.965784993637133,5000,26.40947945469693,18.830685254074925,26.524961500580186,18.830685254074925,26.524961500580197
Diem,hypercube,GAFAM,8,16,10,2023,hop,40 nodes,0,tps_positive_commit,delta_min_pct,-47.129397410696136,5000,-46.346682971568335,-49.73507088643851,-46.34258197661087,-49.73507088643851,-46.34258197661087
Diem,hypercube,GAFAM,8,16,10,2023,hop,40 nodes,0,tps_positive_commit,delta_max_pct,13.197315800176213,5000,14.873127483949851,7.564588849924832,14.873127483949851,7.564588849924832,14.873127483949872
Diem,hypercube,GAFAM,8,16,10,2023,hop,40 nodes,0,tps_positive_commit,range_abs,89.0,5000,89.0,88.3,89.0,88.3,89.0
Diem,hypercube,GAFAM,8,16,10,2023,hop,40 nodes,0,tps_positive_commit,wcd_abs,69.53000000000003,5000,67.3777777777778,67.36666666666667,77.1777777777778,67.36666666666667,77.1777777777778
Diem,hypercube,GAFAM,8,16,10,2023,hop,40 nodes,0,tps_positive_commit,wcd_pct,47.129397410696136,5000,46.346682971568335,46.34258197661087,49.73507088643851,46.34258197661087,49.73507088643851
Diem,hypercube,Gaming,8,16,10,2023,hop,10 nodes,0,tps_positive_commit,n_metric,13.0,5000,9.0,9.0,9.0,9.0,9.0
Diem,hypercube,Gaming,8,16,10,2023,hop,10 nodes,0,tps_positive_commit,mean,206.79230769230767,5000,207.33333333333334,166.9333333333333,241.1666666666667,147.5111111111111,250.12222222222226
Diem,hypercube,Gaming,8,16,10,2023,hop,10 nodes,0,tps_positive_commit,iqr_pct,69.73180076628354,5000,62.21425369789333,30.1813875210372,85.36585365853661,26.607319485657754,88.65955201125838
Diem,hypercube,Gaming,8,16,10,2023,hop,10 nodes,0,tps_positive_commit,sample_std_pct,50.206072433733496,5000,50.21639597779501,37.947830720891986,59.2274019549401,29.16721941380765,62.76916258764429
Diem,hypercube,Gaming,8,16,10,2023,hop,10 nodes,0,tps_positive_commit,delta_min_pct,-59.23446043968307,5000,-56.727314207494445,-63.92811296534018,-44.51785825593718,-65.37355666103785,-37.12719408539958
Diem,hypercube,Gaming,8,16,10,2023,hop,10 nodes,0,tps_positive_commit,delta_max_pct,94.2528735632184,5000,88.01289718654114,60.987665315937114,120.99761599119749,43.44682133172641,138.20913223957305
Diem,hypercube,Gaming,8,16,10,2023,hop,10 nodes,0,tps_positive_commit,range_abs,317.4,5000,302.79999999999995,198.8,317.4,127.3,317.4
Diem,hypercube,Gaming,8,16,10,2023,hop,10 nodes,0,tps_positive_commit,wcd_abs,194.90769230769232,5000,186.18888888888887,109.83333333333334,218.92222222222222,64.08888888888887,233.06666666666666
Diem,hypercube,Gaming,8,16,10,2023,hop,10 nodes,0,tps_positive_commit,wcd_pct,94.2528735632184,5000,88.01289718654114,60.987665315937114,120.99761599119749,43.44682133172641,138.20913223957305
Diem,hypercube,Gaming,8,16,10,2023,hop,40 nodes,0,tps_positive_commit,n_metric,10.0,5000,9.0,9.0,9.0,9.0,9.0
Diem,hypercube,Gaming,8,16,10,2023,hop,40 nodes,0,tps_positive_commit,mean,211.16000000000003,5000,208.86666666666667,207.11111111111111,221.35555555555555,207.1111111111111,221.35555555555555
Diem,hypercube,Gaming,8,16,10,2023,hop,40 nodes,0,tps_positive_commit,iqr_pct,19.404716802424694,5000,18.697793960162784,13.688384700331284,22.73260151337526,13.688384700331284,22.73260151337526
Diem,hypercube,Gaming,8,16,10,2023,hop,40 nodes,0,tps_positive_commit,sample_std_pct,21.047938634482804,5000,21.9948878134712,14.658473854363175,22.34667867864136,14.658473854363175,22.346678678641364
Diem,hypercube,Gaming,8,16,10,2023,hop,40 nodes,0,tps_positive_commit,delta_min_pct,-43.455199848456154,5000,-42.76736259054111,-45.31019390299761,-33.72653348057424,-45.31019390299761,-33.72653348057424
Diem,hypercube,Gaming,8,16,10,2023,hop,40 nodes,0,tps_positive_commit,delta_max_pct,17.25705626065541,5000,17.811158798283277,11.856239333400259,19.318911972585145,11.856239333400259,19.318911972585163
Diem,hypercube,Gaming,8,16,10,2023,hop,40 nodes,0,tps_positive_commit,range_abs,128.2,5000,128.2,100.9,128.2,100.9,128.2
Diem,hypercube,Gaming,8,16,10,2023,hop,40 nodes,0,tps_positive_commit,wcd_abs,91.76000000000002,5000,89.2222222222222,74.65555555555554,98.92222222222222,74.65555555555554,98.92222222222225
Diem,hypercube,Gaming,8,16,10,2023,hop,40 nodes,0,tps_positive_commit,wcd_pct,43.455199848456154,5000,42.76736259054111,33.72653348057424,45.31019390299761,33.72653348057424,45.31019390299761
Diem,hypercube,PayPal,8,16,10,2023,hop,10 nodes,0,tps_positive_commit,n_metric,13.0,5000,9.0,9.0,9.0,9.0,9.0
Diem,hypercube,PayPal,8,16,10,2023,hop,10 nodes,0,tps_positive_commit,mean,196.70000000000002,5000,196.66666666666663,196.5111111111111,196.95555555555558,196.45555555555555,197.03333333333336
Diem,hypercube,PayPal,8,16,10,2023,hop,10 nodes,0,tps_positive_commit,iqr_pct,0.30503304524656544,5000,0.2543666270985247,0.1523358158429162,0.40684861840989134,0.15225850109963607,0.4069635993669369
Diem,hypercube,PayPal,8,16,10,2023,hop,10 nodes,0,tps_positive_commit,sample_std_pct,0.3636546980829516,5000,0.41439070662713995,0.15058780850480835,0.4387328829625238,0.11902594552081175,0.4420923328690184
Diem,hypercube,PayPal,8,16,10,2023,hop,10 nodes,0,tps_positive_commit,delta_min_pct,-1.0676156583630008,5000,-1.006104453990524,-1.0843781768892007,-0.24255415162453978,-1.1178861788617973,-0.1691761123329434
Diem,hypercube,PayPal,8,16,10,2023,hop,10 nodes,0,tps_positive_commit,delta_max_pct,0.35587188612099063,5000,0.3503814636903267,0.20880361173815637,0.4296212549463067,0.18609372356622184,0.4580152671755754
Diem,hypercube,PayPal,8,16,10,2023,hop,10 nodes,0,tps_positive_commit,range_abs,2.8000000000000114,5000,2.700000000000017,0.9000000000000057,2.8000000000000114,0.700000000000017,2.8000000000000114
Diem,hypercube,PayPal,8,16,10,2023,hop,10 nodes,0,tps_positive_commit,wcd_abs,2.1000000000000227,5000,1.977777777777817,0.4777777777777885,2.133333333333354,0.3666666666666458,2.200000000000017
Diem,hypercube,PayPal,8,16,10,2023,hop,10 nodes,0,tps_positive_commit,wcd_pct,1.0676156583630008,5000,1.006104453990524,0.2428006775832917,1.0843781768892007,0.18609372356622184,1.1178861788617973
Diem,hypercube,PayPal,8,16,10,2023,hop,40 nodes,0,tps_positive_commit,n_metric,11.0,5000,9.0,9.0,9.0,9.0,9.0
Diem,hypercube,PayPal,8,16,10,2023,hop,40 nodes,0,tps_positive_commit,mean,191.29090909090908,5000,191.27777777777777,190.55555555555554,192.23333333333335,190.35555555555553,192.44444444444446
Diem,hypercube,PayPal,8,16,10,2023,hop,40 nodes,0,tps_positive_commit,iqr_pct,2.143332382853338,5000,2.0346646571213145,1.1964626322177818,2.4605898435227678,1.195150115473432,2.460876141718535
Diem,hypercube,PayPal,8,16,10,2023,hop,40 nodes,0,tps_positive_commit,sample_std_pct,1.7291488239010289,5000,1.74803410804121,1.3430971238774645,1.9289522600324305,1.184116657439555,1.9311685260288576
Diem,hypercube,PayPal,8,16,10,2023,hop,40 nodes,0,tps_positive_commit,delta_min_pct,-3.2363843741089235,5000,-3.0946425455179964,-3.5546807155676636,-2.303318635414242,-3.5993287425496283,-1.78983833718244
Diem,hypercube,PayPal,8,16,10,2023,hop,40 nodes,0,tps_positive_commit,delta_max_pct,2.200361182397115,5000,2.2014405204460954,1.6993237385122166,2.594752186588928,1.5877598152424877,2.594752186588928
Diem,hypercube,PayPal,8,16,10,2023,hop,40 nodes,0,tps_positive_commit,range_abs,10.400000000000006,5000,10.400000000000006,8.400000000000006,10.400000000000006,6.5,10.400000000000006
Diem,hypercube,PayPal,8,16,10,2023,hop,40 nodes,0,tps_positive_commit,wcd_abs,6.190909090909088,5000,5.911111111111097,4.411111111111097,6.822222222222251,3.4444444444444287,6.911111111111126
Diem,hypercube,PayPal,8,16,10,2023,hop,40 nodes,0,tps_positive_commit,wcd_pct,3.2363843741089235,5000,3.0946425455179964,2.303318635414242,3.5546807155676636,1.78983833718244,3.5993287425496283
Diem,hypercube,VISA,8,16,10,2023,hop,10 nodes,0,tps_positive_commit,n_metric,12.0,5000,9.0,9.0,9.0,9.0,9.0
Diem,hypercube,VISA,8,16,10,2023,hop,10 nodes,0,tps_positive_commit,mean,443.09999999999997,5000,443.0777777777778,437.0111111111112,450.0555555555556,435.18888888888887,450.9555555555556
Diem,hypercube,VISA,8,16,10,2023,hop,10 nodes,0,tps_positive_commit,iqr_pct,5.004513653802744,5000,4.5778460453755665,2.932971238118748,6.349046962326525,2.927117725324001,6.37156101985286
Diem,hypercube,VISA,8,16,10,2023,hop,10 nodes,0,tps_positive_commit,sample_std_pct,4.497035532639689,5000,4.7026436274115335,3.0323359685507865,5.202598387881976,2.488741365270685,5.237643314373752
Diem,hypercube,VISA,8,16,10,2023,hop,10 nodes,0,tps_positive_commit,delta_min_pct,-9.433536447754447,5000,-8.924248537421834,-10.040350702401115,-3.6004209260372764,-10.372980618904634,-3.166133944076696
Diem,hypercube,VISA,8,16,10,2023,hop,10 nodes,0,tps_positive_commit,delta_max_pct,7.379823967501704,5000,6.851981235652263,4.612377519419183,8.363489131259964,3.495289401792311,8.627381344968432
Diem,hypercube,VISA,8,16,10,2023,hop,10 nodes,0,tps_positive_commit,range_abs,74.5,5000,74.5,39.30000000000001,74.5,30.399999999999977,74.5
Diem,hypercube,VISA,8,16,10,2023,hop,10 nodes,0,tps_positive_commit,wcd_abs,41.799999999999955,5000,39.32222222222225,22.866666666666674,44.78888888888889,16.42222222222216,46.44444444444446
Diem,hypercube,VISA,8,16,10,2023,hop,10 nodes,0,tps_positive_commit,wcd_pct,9.433536447754447,5000,8.924248537421834,5.150923562096413,10.040350702401115,3.719829864344485,10.372980618904634
Diem,hypercube,VISA,8,16,10,2023,hop,40 nodes,0,tps_positive_commit,n_metric,9.0,5000,9.0,9.0,9.0,9.0,9.0
Diem,hypercube,VISA,8,16,10,2023,hop,40 nodes,0,tps_positive_commit,mean,199.38888888888889,5000,199.38888888888889,199.38888888888886,199.3888888888889,199.38888888888886,199.3888888888889
Diem,hypercube,VISA,8,16,10,2023,hop,40 nodes,0,tps_positive_commit,iqr_pct,5.8177765394260215,5000,5.8177765394260215,5.817776539426021,5.817776539426022,5.817776539426021,5.817776539426022
Diem,hypercube,VISA,8,16,10,2023,hop,40 nodes,0,tps_positive_commit,sample_std_pct,3.998635967431537,5000,3.998635967431537,3.998635967431536,3.9986359674315373,3.998635967431536,3.9986359674315373
Diem,hypercube,VISA,8,16,10,2023,hop,40 nodes,0,tps_positive_commit,delta_min_pct,-5.912510448592924,5000,-5.912510448592924,-5.912510448592937,-5.912510448592911,-5.912510448592937,-5.912510448592911
Diem,hypercube,VISA,8,16,10,2023,hop,40 nodes,0,tps_positive_commit,delta_max_pct,5.672889384229587,5000,5.672889384229587,5.672889384229571,5.6728893842296015,5.672889384229571,5.6728893842296015
Diem,hypercube,VISA,8,16,10,2023,hop,40 nodes,0,tps_positive_commit,range_abs,23.099999999999994,5000,23.099999999999994,23.099999999999994,23.099999999999994,23.099999999999994,23.099999999999994
Diem,hypercube,VISA,8,16,10,2023,hop,40 nodes,0,tps_positive_commit,wcd_abs,11.788888888888891,5000,11.788888888888891,11.788888888888863,11.78888888888892,11.788888888888863,11.78888888888892
Diem,hypercube,VISA,8,16,10,2023,hop,40 nodes,0,tps_positive_commit,wcd_pct,5.912510448592924,5000,5.912510448592924,5.912510448592911,5.912510448592937,5.912510448592911,5.912510448592937
Diem,scale-free,DDoS,8,16,10,2023,hop,10 nodes,0,tps_positive_commit,n_metric,13.0,5000,9.0,9.0,9.0,9.0,9.0
Diem,scale-free,DDoS,8,16,10,2023,hop,10 nodes,0,tps_positive_commit,mean,220.3923076923077,5000,220.41111111111113,211.57694444444442,229.67777777777778,207.64444444444445,233.3777777777778
Diem,scale-free,DDoS,8,16,10,2023,hop,10 nodes,0,tps_positive_commit,iqr_pct,13.022233080869773,5000,13.055344958301738,7.695477490470792,22.247497725204735,7.585296506904953,22.528794471461485
Diem,scale-free,DDoS,8,16,10,2023,hop,10 nodes,0,tps_positive_commit,sample_std_pct,11.65028570179008,5000,11.562115678498184,8.115168817174128,13.90477763999055,6.905927103018984,14.149714766195535
Diem,scale-free,DDoS,8,16,10,2023,hop,10 nodes,0,tps_positive_commit,delta_min_pct,-19.734040696659804,5000,-19.059481443823074,-21.9705079142363,-11.014435436029268,-22.882053766045043,-8.569059695669134
Diem,scale-free,DDoS,8,16,10,2023,hop,10 nodes,0,tps_positive_commit,delta_max_pct,17.200097727828002,5000,16.072498502097055,11.979768786127178,20.632820451356658,10.581160246772772,22.71431587837839
Diem,scale-free,DDoS,8,16,10,2023,hop,10 nodes,0,tps_positive_commit,range_abs,81.4,5000,78.80000000000001,52.099999999999994,81.4,43.79999999999998,81.4
Diem,scale-free,DDoS,8,16,10,2023,hop,10 nodes,0,tps_positive_commit,wcd_abs,43.49230769230769,5000,42.56666666666666,29.26666666666668,50.17777777777778,24.27777777777777,52.48888888888888
Diem,scale-free,DDoS,8,16,10,2023,hop,10 nodes,0,tps_positive_commit,wcd_pct,19.734040696659804,5000,19.42241508304654,12.765338761267815,22.097176689337964,10.656457276628949,22.882053766045043
Diem,scale-free,DDoS,8,16,10,2023,hop,40 nodes,0,tps_positive_commit,n_metric,18.0,5000,9.0,8.0,9.0,8.0,9.0
Diem,scale-free,DDoS,8,16,10,2023,hop,40 nodes,0,tps_positive_commit,mean,109.52777777777777,5000,109.4875,101.4375,117.80000000000001,95.3,125.1
Diem,scale-free,DDoS,8,16,10,2023,hop,40 nodes,0,tps_positive_commit,iqr_pct,22.82525995434948,5000,22.47976820861225,8.24402292836764,32.368506318176905,0.0,34.63796477495108
Diem,scale-free,DDoS,8,16,10,2023,hop,40 nodes,0,tps_positive_commit,sample_std_pct,15.541439499171942,5000,15.671222969767001,10.09854452302004,19.717822754269072,3.5535919383682004,21.12057336734129
Diem,scale-free,DDoS,8,16,10,2023,hop,40 nodes,0,tps_positive_commit,delta_min_pct,-31.432919097134164,5000,-25.96882480678347,-33.57900943396227,-13.588248001728232,-36.25464190981433,-5.934508816120905
Diem,scale-free,DDoS,8,16,10,2023,hop,40 nodes,0,tps_positive_commit,delta_max_pct,21.704286076591444,5000,17.92452830188679,9.391040143149368,27.384071451635897,4.020671834625321,36.89345314505778
Diem,scale-free,DDoS,8,16,10,2023,hop,40 nodes,0,tps_positive_commit,range_abs,58.20000000000002,5000,49.900000000000006,32.5,58.20000000000002,16.60000000000001,58.20000000000002
Diem,scale-free,DDoS,8,16,10,2023,hop,40 nodes,0,tps_positive_commit,wcd_abs,34.42777777777778,5000,28.16250000000001,17.07777777777777,37.96666666666667,8.399999999999991,42.712500000000006
Diem,scale-free,DDoS,8,16,10,2023,hop,40 nodes,0,tps_positive_commit,wcd_pct,31.432919097134164,5000,26.126552335895926,14.825220244985063,33.57900943396227,6.714628297362103,36.89345314505778
Diem,scale-free,FIFA,8,16,10,2023,hop,10 nodes,0,tps_positive_commit,n_metric,12.0,5000,9.0,9.0,9.0,9.0,9.0
Diem,scale-free,FIFA,8,16,10,2023,hop,10 nodes,0,tps_positive_commit,mean,19.55833333333333,5000,19.48888888888889,17.41111111111111,21.888888888888886,16.644444444444442,22.37777777777778
Diem,scale-free,FIFA,8,16,10,2023,hop,10 nodes,0,tps_positive_commit,iqr_pct,45.88836812952705,5000,43.857868020304565,11.11833550065021,58.51553509781357,10.640945861854398,59.788359788359806
Diem,scale-free,FIFA,8,16,10,2023,hop,10 nodes,0,tps_positive_commit,sample_std_pct,36.57555916801166,5000,38.8078748675334,24.1000884731506,42.10702890304846,22.87331360151247,42.82855536194252
Diem,scale-free,FIFA,8,16,10,2023,hop,10 nodes,0,tps_positive_commit,delta_min_pct,-75.45803152961227,5000,-74.37722419928825,-76.99680511182109,-25.61224489795919,-77.20316622691293,-22.734499205087438
Diem,scale-free,FIFA,8,16,10,2023,hop,10 nodes,0,tps_positive_commit,delta_max_pct,47.76310183212614,5000,47.95221843003414,32.03045685279189,61.95516811955167,29.145978152929473,69.11573472041613
Diem,scale-free,FIFA,8,16,10,2023,hop,10 nodes,0,tps_positive_commit,range_abs,24.099999999999998,5000,24.099999999999998,12.7,24.099999999999998,12.2,24.099999999999998
Diem,scale-free,FIFA,8,16,10,2023,hop,10 nodes,0,tps_positive_commit,wcd_abs,14.75833333333333,5000,13.933333333333334,7.488888888888887,16.066666666666666,6.522222222222219,16.255555555555556
Diem,scale-free,FIFA,8,16,10,2023,hop,10 nodes,0,tps_positive_commit,wcd_pct,75.45803152961227,5000,74.37722419928825,34.97664763881681,76.99680511182109,29.145978152929473,77.20316622691293
Diem,scale-free,FIFA,8,16,10,2023,hop,40 nodes,0,tps_positive_commit,n_metric,18.0,5000,9.0,9.0,9.0,9.0,9.0
Diem,scale-free,FIFA,8,16,10,2023,hop,40 nodes,0,tps_positive_commit,mean,8.305555555555555,5000,8.3,6.166666666666667,10.38888888888889,5.033333333333333,11.600000000000001
Diem,scale-free,FIFA,8,16,10,2023,hop,40 nodes,0,tps_positive_commit,iqr_pct,52.37458193979933,5000,50.167493866027314,21.17584848275385,111.5416666666666,11.363636363636363,138.57142857142858
Diem,scale-free,FIFA,8,16,10,2023,hop,40 nodes,0,tps_positive_commit,sample_std_pct,56.26367029740269,5000,54.50029748999321,33.444047794634706,75.58866686048395,18.618853716338023,87.11759582414314
Diem,scale-free,FIFA,8,16,10,2023,hop,40 nodes,0,tps_positive_commit,delta_min_pct,-79.53177257525084,5000,-76.01880877742946,-82.29217846820809,-38.609160141729056,-84.38775510204083,-19.767441860465127
Diem,scale-free,FIFA,8,16,10,2023,hop,40 nodes,0,tps_positive_commit,delta_max_pct,140.8026755852843,5000,99.7780244173141,48.75753853026581,161.24818577648767,24.423963133640537,209.2783505154639
Diem,scale-free,FIFA,8,16,10,2023,hop,40 nodes,0,tps_positive_commit,range_abs,18.3,5000,13.3,8.7,18.3,5.1,18.3
Diem,scale-free,FIFA,8,16,10,2023,hop,40 nodes,0,tps_positive_commit,wcd_abs,11.694444444444445,5000,8.42222222222222,4.633055555555555,12.344444444444445,2.877777777777778,13.533333333333333
Diem,scale-free,FIFA,8,16,10,2023,hop,40 nodes,0,tps_positive_commit,wcd_pct,140.8026755852843,5000,99.7780244173141,60.90584028605482,161.24818577648767,32.38434163701067,209.2783505154639
Diem,scale-free,GAFAM,8,16,10,2023,hop,10 nodes,0,tps_positive_commit,n_metric,14.0,5000,9.0,9.0,9.0,9.0,9.0
Diem,scale-free,GAFAM,8,16,10,2023,hop,10 nodes,0,tps_positive_commit,mean,156.81428571428572,5000,155.45555555555558,151.53333333333333,163.44444444444446,151.47777777777776,165.95555555555558
Diem,scale-free,GAFAM,8,16,10,2023,hop,10 nodes,0,tps_positive_commit,iqr_pct,9.5654550423613,5000,10.560871690996724,0.12235741961798337,11.155115511551157,0.060257096946970325,11.219476424433527
Diem,scale-free,GAFAM,8,16,10,2023,hop,10 nodes,0,tps_positive_commit,sample_std_pct,11.73596685220947,5000,14.340937066499324,3.6655244465787655,14.611270043079204,0.7374488384046289,14.62338099197264
Diem,scale-free,GAFAM,8,16,10,2023,hop,10 nodes,0,tps_positive_commit,delta_min_pct,-37.441924022957096,5000,-36.04027818023762,-37.476099426386234,-7.165304839723465,-38.215535339398194,-1.9617032672737207
Diem,scale-free,GAFAM,8,16,10,2023,hop,10 nodes,0,tps_positive_commit,delta_max_pct,6.176550970210438,5000,7.096912521440821,1.8625518319624814,9.818875119161095,0.32806641671128856,9.90099009900992
Diem,scale-free,GAFAM,8,16,10,2023,hop,10 nodes,0,tps_positive_commit,range_abs,68.4,5000,68.30000000000001,17.0,68.4,3.8000000000000114,68.4
Diem,scale-free,GAFAM,8,16,10,2023,hop,10 nodes,0,tps_positive_commit,wcd_abs,58.71428571428572,5000,55.2777777777778,11.400000000000034,58.80000000000001,3.2555555555555884,60.677777777777806
Diem,scale-free,GAFAM,8,16,10,2023,hop,10 nodes,0,tps_positive_commit,wcd_pct,37.441924022957096,5000,36.04027818023762,7.165304839723465,37.476099426386234,1.9617032672737207,38.215535339398194
Diem,scale-free,GAFAM,8,16,10,2023,hop,40 nodes,0,tps_positive_commit,n_metric,16.0,5000,9.0,9.0,9.0,9.0,9.0
Diem,scale-free,GAFAM,8,16,10,2023,hop,40 nodes,0,tps_positive_commit,mean,164.95625,5000,163.9333333333333,163.86666666666667,166.34472222222226,163.84444444444443,166.36666666666667
Diem,scale-free,GAFAM,8,16,10,2023,hop,40 nodes,0,tps_positive_commit,iqr_pct,0.030311067328465193,5000,0.060136308967005524,0.0,0.12202562538134049,0.0,0.12203389830509517
Diem,scale-free,GAFAM,8,16,10,2023,hop,40 nodes,0,tps_positive_commit,sample_std_pct,3.291357175990233,5000,4.41146769226686,0.04367342472320244,4.425080000852897,0.020042757883483628,4.427301586004974
Diem,scale-free,GAFAM,8,16,10,2023,hop,40 nodes,0,tps_positive_commit,delta_min_pct,-12.340393286098596,5000,-11.763509390467147,-11.79939003727551,-0.053287529693666645,-11.805367308213638,-0.00668091929448315
Diem,scale-free,GAFAM,8,16,10,2023,hop,40 nodes,0,tps_positive_commit,delta_max_pct,0.9358542037661431,5000,1.5390873957556555,0.06681812107443728,1.6001084819309859,0.01336451720682654,1.6069975589910626
Diem,scale-free,GAFAM,8,16,10,2023,hop,40 nodes,0,tps_positive_commit,range_abs,21.900000000000006,5000,21.80000000000001,0.20000000000001633,21.900000000000006,0.09999999999999432,21.900000000000006
Diem,scale-free,GAFAM,8,16,10,2023,hop,40 nodes,0,tps_positive_commit,wcd_abs,20.356250000000017,5000,19.27777777777777,0.14444444444441729,19.344444444444463,0.07777777777778283,19.35555555555561
Diem,scale-free,GAFAM,8,16,10,2023,hop,40 nodes,0,tps_positive_commit,wcd_pct,12.340393286098596,5000,11.763509390467147,0.0868287469943732,11.79939003727551,0.04676331084241068,11.805367308213638
Diem,scale-free,Gaming,8,16,10,2023,hop,10 nodes,0,tps_positive_commit,n_metric,13.0,5000,9.0,9.0,9.0,9.0,9.0
Diem,scale-free,Gaming,8,16,10,2023,hop,10 nodes,0,tps_positive_commit,mean,165.93846153846152,5000,165.76666666666668,141.0,187.32222222222222,130.5333333333333,200.84444444444443
Diem,scale-free,Gaming,8,16,10,2023,hop,10 nodes,0,tps_positive_commit,iqr_pct,71.47227888002968,5000,52.434317945673165,13.83778702833356,91.64153382162863,13.403134551603046,95.88086185044362
Diem,scale-free,Gaming,8,16,10,2023,hop,10 nodes,0,tps_positive_commit,sample_std_pct,39.64942681369714,5000,39.92050029783782,29.83106927335477,48.04774693202386,21.803532535680187,48.774644363265296
Diem,scale-free,Gaming,8,16,10,2023,hop,10 nodes,0,tps_positive_commit,delta_min_pct,-60.165955868718704,5000,-57.60102629890955,-63.767586332907,-44.730131746706334,-65.42284219703575,-23.722062403186545
Diem,scale-free,Gaming,8,16,10,2023,hop,10 nodes,0,tps_positive_commit,delta_max_pct,56.383274615241994,5000,55.440301755404036,38.39979497511256,75.69397427217335,29.20447001549016,85.62231759656655
Diem,scale-free,Gaming,8,16,10,2023,hop,10 nodes,0,tps_positive_commit,range_abs,193.4,5000,190.1,151.39999999999998,193.4,106.30000000000001,193.4
Diem,scale-free,Gaming,8,16,10,2023,hop,10 nodes,0,tps_positive_commit,wcd_abs,99.83846153846153,5000,99.8611111111111,82.62222222222223,117.15555555555557,58.655555555555566,125.06666666666666
Diem,scale-free,Gaming,8,16,10,2023,hop,10 nodes,0,tps_positive_commit,wcd_pct,60.165955868718704,5000,60.946629029081606,49.91655969191271,75.69397427217335,29.20447001549016,85.62231759656655
Diem,scale-free,Gaming,8,16,10,2023,hop,40 nodes,0,tps_positive_commit,n_metric,17.0,5000,9.0,9.0,9.0,9.0,9.0
Diem,scale-free,Gaming,8,16,10,2023,hop,40 nodes,0,tps_positive_commit,mean,192.9470588235294,5000,192.91111111111113,184.03305555555556,201.73333333333332,178.2888888888889,207.10000000000002
Diem,scale-free,Gaming,8,16,10,2023,hop,40 nodes,0,tps_positive_commit,iqr_pct,12.334989786896747,5000,11.421074660135908,5.586170891583048,20.652282887320357,4.097894137734775,22.802262550082492
Diem,scale-free,Gaming,8,16,10,2023,hop,40 nodes,0,tps_positive_commit,sample_std_pct,10.320692563947789,5000,10.341130839283531,6.899942440715655,13.171950885732352,4.620472604854994,14.043750707336063
Diem,scale-free,Gaming,8,16,10,2023,hop,40 nodes,0,tps_positive_commit,delta_min_pct,-19.511600256089743,5000,-16.671342797822785,-21.32282578103011,-9.23221047195919,-23.131496452730577,-5.586179462408363
Diem,scale-free,Gaming,8,16,10,2023,hop,40 nodes,0,tps_positive_commit,delta_max_pct,19.15185512636811,5000,15.640631639836233,9.572210588695196,21.956215271327604,6.0248011230697305,25.69710224166213
Diem,scale-free,Gaming,8,16,10,2023,hop,40 nodes,0,tps_positive_commit,range_abs,74.6,5000,62.79999999999998,42.599999999999994,74.6,25.19999999999999,74.6
Diem,scale-free,Gaming,8,16,10,2023,hop,40 nodes,0,tps_positive_commit,wcd_abs,37.64705882352939,5000,34.09999999999998,22.677222222222248,42.92277777777779,13.866666666666646,47.00000000000003
Diem,scale-free,Gaming,8,16,10,2023,hop,40 nodes,0,tps_positive_commit,wcd_pct,19.511600256089743,5000,17.709637046307876,11.885095954326102,22.215137061473786,6.942590120160204,25.69710224166213
Diem,scale-free,PayPal,8,16,10,2023,hop,10 nodes,0,tps_positive_commit,n_metric,13.0,5000,9.0,9.0,9.0,9.0,9.0
Diem,scale-free,PayPal,8,16,10,2023,hop,10 nodes,0,tps_positive_commit,mean,193.0,5000,192.88888888888889,192.34444444444443,193.92222222222222,192.26666666666665,194.27777777777777
Diem,scale-free,PayPal,8,16,10,2023,hop,10 nodes,0,tps_positive_commit,iqr_pct,1.5025906735751324,5000,1.499482936918307,0.36090742438129564,1.6624336181020491,0.10294538175578483,1.6634898631086408
Diem,scale-free,PayPal,8,16,10,2023,hop,10 nodes,0,tps_positive_commit,sample_std_pct,1.1973284982685342,5000,1.3304656995372555,0.5756774964216558,1.3964370718207526,0.2596410514799262,1.4156777402199467
Diem,scale-free,PayPal,8,16,10,2023,hop,10 nodes,0,tps_positive_commit,delta_min_pct,-3.160621761658028,5000,-2.9706968158744838,-3.2719953996549886,-1.199357282221967,-3.449661347721286,-0.554761223906208
Diem,scale-free,PayPal,8,16,10,2023,hop,10 nodes,0,tps_positive_commit,delta_max_pct,0.932642487046638,5000,0.9632022147883256,0.452644244542494,1.2766449078620492,0.2688018301401292,1.2883471026633748
Diem,scale-free,PayPal,8,16,10,2023,hop,10 nodes,0,tps_positive_commit,range_abs,7.900000000000006,5000,7.900000000000006,3.5,7.900000000000006,1.6000000000000227,7.900000000000006
Diem,scale-free,PayPal,8,16,10,2023,hop,10 nodes,0,tps_positive_commit,wcd_abs,6.099999999999994,5000,5.7222222222222285,2.322222222222223,6.322222222222251,1.0777777777777828,6.677777777777806
Diem,scale-free,PayPal,8,16,10,2023,hop,10 nodes,0,tps_positive_commit,wcd_pct,3.160621761658028,5000,2.9706968158744838,1.199357282221967,3.2719953996549886,0.554761223906208,3.449661347721286
Diem,scale-free,PayPal,8,16,10,2023,hop,40 nodes,0,tps_positive_commit,n_metric,19.0,5000,9.0,9.0,9.0,9.0,9.0
Diem,scale-free,PayPal,8,16,10,2023,hop,40 nodes,0,tps_positive_commit,mean,163.66315789473686,5000,163.67777777777778,158.53277777777777,168.74499999999998,155.51111111111112,172.22222222222226
Diem,scale-free,PayPal,8,16,10,2023,hop,40 nodes,0,tps_positive_commit,iqr_pct,8.798559300231544,5000,7.374591965891686,3.216881547292226,11.237482849160497,2.183729864527866,12.548938800741816
Diem,scale-free,PayPal,8,16,10,2023,hop,40 nodes,0,tps_positive_commit,sample_std_pct,6.852719338577239,5000,6.080742809142171,3.7682258590297235,9.307538272359974,2.208747069950978,9.723082646087736
Diem,scale-free,PayPal,8,16,10,2023,hop,40 nodes,0,tps_positive_commit,delta_min_pct,-19.468741960380754,5000,-8.1321599518324,-20.024406638242333,-4.416129273033352,-21.386440453310357,-3.183315038419308
Diem,scale-free,PayPal,8,16,10,2023,hop,40 nodes,0,tps_positive_commit,delta_max_pct,11.448417802932846,5000,9.294274300932077,5.652300430210353,13.44851416724258,3.130240357741744,15.288995013694787
Diem,scale-free,PayPal,8,16,10,2023,hop,40 nodes,0,tps_positive_commit,range_abs,50.599999999999994,5000,28.700000000000017,17.900000000000006,50.599999999999994,10.300000000000011,50.599999999999994
Diem,scale-free,PayPal,8,16,10,2023,hop,40 nodes,0,tps_positive_commit,wcd_abs,31.863157894736844,5000,18.22222222222223,10.088333333333319,33.000277777777775,5.322222222222251,35.855555555555554
Diem,scale-free,PayPal,8,16,10,2023,hop,40 nodes,0,tps_positive_commit,wcd_pct,19.468741960380754,5000,11.099079588521931,6.069913826175913,20.02440663824233,3.3468418110676534,21.386440453310357
Diem,scale-free,VISA,8,16,10,2023,hop,10 nodes,0,tps_positive_commit,n_metric,12.0,5000,9.0,9.0,9.0,9.0,9.0
Diem,scale-free,VISA,8,16,10,2023,hop,10 nodes,0,tps_positive_commit,mean,287.05,5000,287.23333333333335,281.44444444444446,291.7797222222222,279.51111111111106,292.76666666666665
Diem,scale-free,VISA,8,16,10,2023,hop,10 nodes,0,tps_positive_commit,iqr_pct,6.018115310921434,5000,5.309116311561296,3.162258191867363,8.173281292267266,3.1226852754278704,8.19862774741249
Diem,scale-free,VISA,8,16,10,2023,hop,10 nodes,0,tps_positive_commit,sample_std_pct,5.712894477265748,5000,5.857691243057795,3.8540652770962773,6.63063581755047,3.0664848520799537,6.676977435005688
Diem,scale-free,VISA,8,16,10,2023,hop,10 nodes,0,tps_positive_commit,delta_min_pct,-8.58735411949139,5000,-7.997974210136739,-9.610747502583529,-4.9352467623381235,-9.917607567897493,-4.163608976092053
Diem,scale-free,VISA,8,16,10,2023,hop,10 nodes,0,tps_positive_commit,delta_max_pct,12.001393485455491,5000,11.194373991238175,6.291939685797763,13.204225352112676,4.0745746541580425,13.639934019322942
Diem,scale-free,VISA,8,16,10,2023,hop,10 nodes,0,tps_positive_commit,range_abs,59.10000000000002,5000,59.10000000000002,36.69999999999999,59.10000000000002,27.599999999999966,59.10000000000002
Diem,scale-free,VISA,8,16,10,2023,hop,10 nodes,0,tps_positive_commit,wcd_abs,34.44999999999999,5000,32.366666666666646,18.811111111111074,37.5,15.599999999999966,38.58888888888896
Diem,scale-free,VISA,8,16,10,2023,hop,10 nodes,0,tps_positive_commit,wcd_pct,12.001393485455491,5000,11.194373991238175,6.692024248187324,13.204225352112676,5.500705218617759,13.639934019322942
Diem,scale-free,VISA,8,16,10,2023,hop,40 nodes,0,tps_positive_commit,n_metric,19.0,5000,9.0,9.0,9.0,9.0,9.0
Diem,scale-free,VISA,8,16,10,2023,hop,40 nodes,0,tps_positive_commit,mean,157.22105263157897,5000,157.2111111111111,153.72194444444446,160.75583333333336,151.98888888888888,162.8888888888889
Diem,scale-free,VISA,8,16,10,2023,hop,40 nodes,0,tps_positive_commit,iqr_pct,5.056574718800206,5000,5.021832754010656,2.1858665159756168,8.693536962322451,0.9625668449197861,9.434764130896735
Diem,scale-free,VISA,8,16,10,2023,hop,40 nodes,0,tps_positive_commit,sample_std_pct,4.727264780483955,5000,4.693095916777413,2.7774453466355604,6.19953370390752,1.827271119881011,6.607671656738198
Diem,scale-free,VISA,8,16,10,2023,hop,40 nodes,0,tps_positive_commit,delta_min_pct,-8.663631494376022,5000,-6.460146188652971,-9.710930353011054,-3.428922210954504,-10.991735537190076,-1.6957605985037234
Diem,scale-free,VISA,8,16,10,2023,hop,40 nodes,0,tps_positive_commit,delta_max_pct,10.226968398500258,5000,8.60000728096687,4.164618301847049,11.279965753424674,2.625315542733506,12.654387865655472
Diem,scale-free,VISA,8,16,10,2023,hop,40 nodes,0,tps_positive_commit,range_abs,29.700000000000017,5000,23.30000000000001,12.299999999999983,29.700000000000017,8.099999999999994,29.700000000000017
Diem,scale-free,VISA,8,16,10,2023,hop,40 nodes,0,tps_positive_commit,wcd_abs,16.07894736842104,5000,13.866666666666703,6.966666666666668,17.56666666666669,4.055555555555543,19.46666666666667
Diem,scale-free,VISA,8,16,10,2023,hop,40 nodes,0,tps_positive_commit,wcd_pct,10.226968398500258,5000,8.786788058437432,4.4675613054057575,11.279965753424674,2.6325279480706736,12.654387865655472
Diem,torus,DDoS,8,16,10,2023,hop,10 nodes,0,tps_positive_commit,n_metric,13.0,5000,9.0,9.0,9.0,9.0,9.0
Diem,torus,DDoS,8,16,10,2023,hop,10 nodes,0,tps_positive_commit,mean,319.2230769230769,5000,318.78888888888895,306.57666666666665,333.9888888888889,301.7222222222222,339.8888888888889
Diem,torus,DDoS,8,16,10,2023,hop,10 nodes,0,tps_positive_commit,iqr_pct,11.99787946697511,5000,12.05160478288232,6.46319569120287,21.72816146326079,6.347516550783457,22.037030455950813
Diem,torus,DDoS,8,16,10,2023,hop,10 nodes,0,tps_positive_commit,sample_std_pct,12.557419590355606,5000,13.361996974608184,7.49163313406465,15.137439791025509,5.873653515714463,15.333256209626743
Diem,torus,DDoS,8,16,10,2023,hop,10 nodes,0,tps_positive_commit,delta_min_pct,-29.171787271982456,5000,-27.617116636431536,-30.51628764597418,-12.377698077282766,-31.606896783517634,-8.617516147384618
Diem,torus,DDoS,8,16,10,2023,hop,10 nodes,0,tps_positive_commit,delta_max_pct,17.25342779344081,5000,15.91103202846974,10.929168813176497,20.689489935402758,8.625622549539026,22.240365774003926
Diem,torus,DDoS,8,16,10,2023,hop,10 nodes,0,tps_positive_commit,range_abs,148.20000000000002,5000,135.79999999999998,74.29999999999995,148.20000000000002,58.5,148.20000000000002
Diem,torus,DDoS,8,16,10,2023,hop,10 nodes,0,tps_positive_commit,wcd_abs,93.12307692307692,5000,86.26666666666662,41.94444444444446,99.29999999999998,29.8888888888888,104.48888888888891
Diem,torus,DDoS,8,16,10,2023,hop,10 nodes,0,tps_positive_commit,wcd_pct,29.171787271982456,5000,27.617116636431536,12.915923695454685,30.51628764597418,9.0023760918309,31.606896783517634
Diem,torus,DDoS,8,16,10,2023,hop,40 nodes,0,tps_positive_commit,n_metric,10.0,5000,9.0,9.0,9.0,9.0,9.0
Diem,torus,DDoS,8,16,10,2023,hop,40 nodes,0,tps_positive_commit,mean,151.04999999999998,5000,150.43333333333334,148.38888888888886,153.94444444444446,148.38888888888886,153.94444444444446
Diem,torus,DDoS,8,16,10,2023,hop,40 nodes,0,tps_positive_commit,iqr_pct,11.055941741145329,5000,11.101263017948162,10.84806928906533,11.254211905653328,10.84806928906533,11.254211905653328
Diem,torus,DDoS,8,16,10,2023,hop,40 nodes,0,tps_positive_commit,sample_std_pct,10.270693592742807,5000,10.567822863540913,8.630324580950123,10.88437868913671,8.630324580950123,10.88437868913671
Diem,torus,DDoS,8,16,10,2023,hop,40 nodes,0,tps_positive_commit,delta_min_pct,-17.245945051307505,5000,-16.906713937513835,-18.35401698236448,-13.86503067484662,-18.35401698236448,-13.86503067484662
Diem,torus,DDoS,8,16,10,2023,hop,40 nodes,0,tps_positive_commit,delta_max_pct,15.855676928169494,5000,15.055884286653521,12.339947585174087,17.20494121148981,12.339947585174066,17.20494121148983
Diem,torus,DDoS,8,16,10,2023,hop,40 nodes,0,tps_positive_commit,range_abs,50.0,5000,50.0,41.69999999999999,50.0,41.69999999999999,50.0
Diem,torus,DDoS,8,16,10,2023,hop,40 nodes,0,tps_positive_commit,wcd_abs,26.049999999999983,5000,25.433333333333337,21.344444444444434,28.100000000000023,21.344444444444434,28.100000000000023
Diem,torus,DDoS,8,16,10,2023,hop,40 nodes,0,tps_positive_commit,wcd_pct,17.245945051307505,5000,16.906713937513853,13.86503067484662,18.35401698236448,13.86503067484662,18.35401698236448
Diem,torus,FIFA,8,16,10,2023,hop,10 nodes,0,tps_positive_commit,n_metric,13.0,5000,9.0,9.0,9.0,9.0,9.0
Diem,torus,FIFA,8,16,10,2023,hop,10 nodes,0,tps_positive_commit,mean,30.26923076923076,5000,30.266666666666666,25.46666666666667,34.53333333333333,24.399999999999995,36.51111111111111
Diem,torus,FIFA,8,16,10,2023,hop,10 nodes,0,tps_positive_commit,iqr_pct,47.90343074968235,5000,49.084668192219695,18.436326391259815,71.17516629711751,17.35218508997429,75.14631291455326
Diem,torus,FIFA,8,16,10,2023,hop,10 nodes,0,tps_positive_commit,sample_std_pct,41.63874756394312,5000,41.35698402773617,28.798195709975566,52.00851477758406,19.950466581406836,52.48731864105022
Diem,torus,FIFA,8,16,10,2023,hop,10 nodes,0,tps_positive_commit,delta_min_pct,-67.29351969504447,5000,-64.90744387554155,-70.13074086490111,-41.234918381831086,-71.71428571428572,-31.49847094801223
Diem,torus,FIFA,8,16,10,2023,hop,10 nodes,0,tps_positive_commit,delta_max_pct,87.31893265565445,5000,74.64065708418892,32.065217391304344,101.85917721518989,23.853211009174302,112.9799666110184
Diem,torus,FIFA,8,16,10,2023,hop,10 nodes,0,tps_positive_commit,range_abs,46.800000000000004,5000,42.5,25.599999999999998,46.800000000000004,18.1,46.800000000000004
Diem,torus,FIFA,8,16,10,2023,hop,10 nodes,0,tps_positive_commit,wcd_abs,26.430769230769243,5000,24.23333333333334,14.088888888888889,28.611111111111114,10.299999999999997,30.077777777777783
Diem,torus,FIFA,8,16,10,2023,hop,10 nodes,0,tps_positive_commit,wcd_pct,87.31893265565445,5000,74.64065708418892,49.80361351139042,101.85917721518989,31.49847094801223,112.9799666110184
Diem,torus,FIFA,8,16,10,2023,hop,40 nodes,0,tps_positive_commit,n_metric,9.0,5000,9.0,9.0,9.0,9.0,9.0
Diem,torus,FIFA,8,16,10,2023,hop,40 nodes,0,tps_positive_commit,mean,15.055555555555555,5000,15.055555555555555,15.055555555555555,15.055555555555559,15.055555555555552,15.055555555555559
Diem,torus,FIFA,8,16,10,2023,hop,40 nodes,0,tps_positive_commit,iqr_pct,29.225092250922515,5000,29.225092250922515,29.225092250922508,29.225092250922515,29.225092250922508,29.225092250922522
Diem,torus,FIFA,8,16,10,2023,hop,40 nodes,0,tps_positive_commit,sample_std_pct,20.9148934771765,5000,20.9148934771765,20.914893477176495,20.914893477176502,20.91489347717649,20.914893477176506
Diem,torus,FIFA,8,16,10,2023,hop,40 nodes,0,tps_positive_commit,delta_min_pct,-35.5719557195572,5000,-35.5719557195572,-35.57195571955722,-35.5719557195572,-35.57195571955722,-35.57195571955718
Diem,torus,FIFA,8,16,10,2023,hop,40 nodes,0,tps_positive_commit,delta_max_pct,32.84132841328413,5000,32.84132841328413,32.8413284132841,32.84132841328413,32.8413284132841,32.84132841328417
Diem,torus,FIFA,8,16,10,2023,hop,40 nodes,0,tps_positive_commit,range_abs,10.3,5000,10.3,10.3,10.3,10.3,10.3
Diem,torus,FIFA,8,16,10,2023,hop,40 nodes,0,tps_positive_commit,wcd_abs,5.355555555555556,5000,5.355555555555556,5.355555555555556,5.35555555555556,5.3555555555555525,5.35555555555556
Diem,torus,FIFA,8,16,10,2023,hop,40 nodes,0,tps_positive_commit,wcd_pct,35.5719557195572,5000,35.5719557195572,35.5719557195572,35.57195571955722,35.57195571955718,35.57195571955722
Diem,torus,GAFAM,8,16,10,2023,hop,10 nodes,0,tps_positive_commit,n_metric,13.0,5000,9.0,9.0,9.0,9.0,9.0
Diem,torus,GAFAM,8,16,10,2023,hop,10 nodes,0,tps_positive_commit,mean,162.5,5000,162.23333333333332,160.53333333333333,165.96666666666667,160.5,166.8888888888889
Diem,torus,GAFAM,8,16,10,2023,hop,10 nodes,0,tps_positive_commit,iqr_pct,3.2000000000000104,5000,3.205040405423925,0.060860156883956504,5.088953247827879,0.0601322910402852,5.1069130164002425
Diem,torus,GAFAM,8,16,10,2023,hop,10 nodes,0,tps_positive_commit,sample_std_pct,5.2999944177708675,5000,5.877097747790469,1.6301421656856758,6.305467662436883,0.07605632262846662,6.315058632175517
Diem,torus,GAFAM,8,16,10,2023,hop,10 nodes,0,tps_positive_commit,delta_min_pct,-14.892307692307687,5000,-14.152700186219743,-15.228495539058784,-3.9903264812575534,-15.533387622149853,-0.11318242343540735
Diem,torus,GAFAM,8,16,10,2023,hop,10 nodes,0,tps_positive_commit,delta_max_pct,2.8307692307692274,5000,2.985687872354989,0.6761279957156147,4.083327565921509,0.12649800266309727,4.097736554301934
Diem,torus,GAFAM,8,16,10,2023,hop,10 nodes,0,tps_positive_commit,range_abs,28.799999999999983,5000,28.69999999999999,8.199999999999989,28.799999999999983,0.4000000000000057,28.799999999999983
Diem,torus,GAFAM,8,16,10,2023,hop,10 nodes,0,tps_positive_commit,wcd_abs,24.19999999999999,5000,22.80000000000001,6.599999999999993,24.844444444444463,0.21111111111108016,25.433333333333366
Diem,torus,GAFAM,8,16,10,2023,hop,10 nodes,0,tps_positive_commit,wcd_pct,14.892307692307687,5000,14.152700186219743,3.9903264812575534,15.228495539058784,0.12649800266309727,15.533387622149853
Diem,torus,GAFAM,8,16,10,2023,hop,40 nodes,0,tps_positive_commit,n_metric,13.0,5000,9.0,9.0,9.0,9.0,9.0
Diem,torus,GAFAM,8,16,10,2023,hop,40 nodes,0,tps_positive_commit,mean,163.52307692307693,5000,163.46666666666667,162.06666666666666,165.63333333333333,162.05555555555554,166.7777777777778
Diem,torus,GAFAM,8,16,10,2023,hop,40 nodes,0,tps_positive_commit,iqr_pct,0.061153448113665236,5000,0.06117455138663707,0.06037432078890485,6.355409296585774,0.05996002664891436,6.3554092965857745
Diem,torus,GAFAM,8,16,10,2023,hop,40 nodes,0,tps_positive_commit,sample_std_pct,3.9539975450998512,5000,4.236666498094184,2.065870866997162,4.587640386975603,0.031605920110965136,4.592139115691329
Diem,torus,GAFAM,8,16,10,2023,hop,40 nodes,0,tps_positive_commit,delta_min_pct,-9.859817480477938,5000,-9.062242939402237,-10.461663066954646,-5.50784918824635,-10.467706013363037,-0.03331556503199241
Diem,torus,GAFAM,8,16,10,2023,hop,40 nodes,0,tps_positive_commit,delta_max_pct,2.065104901684072,5000,2.093386800788433,0.75798229138716,2.9752519366559267,0.02665245202559052,2.9823118058412237
Diem,torus,GAFAM,8,16,10,2023,hop,40 nodes,0,tps_positive_commit,range_abs,19.5,5000,19.400000000000006,10.400000000000006,19.5,0.10000000000002274,19.5
Diem,torus,GAFAM,8,16,10,2023,hop,40 nodes,0,tps_positive_commit,wcd_abs,16.123076923076923,5000,14.688888888888869,9.122222222222234,17.22222222222223,0.055555555555571345,17.23333333333335
Diem,torus,GAFAM,8,16,10,2023,hop,40 nodes,0,tps_positive_commit,wcd_pct,9.859817480477938,5000,9.062242939402237,5.50784918824635,10.461663066954646,0.03331556503199241,10.467706013363037
Diem,torus,Gaming,8,16,10,2023,hop,10 nodes,0,tps_positive_commit,n_metric,12.0,5000,9.0,9.0,9.0,9.0,9.0
Diem,torus,Gaming,8,16,10,2023,hop,10 nodes,0,tps_positive_commit,mean,229.89999999999998,5000,229.86666666666665,200.35555555555555,259.65555555555557,194.36666666666667,268.61111111111114
Diem,torus,Gaming,8,16,10,2023,hop,10 nodes,0,tps_positive_commit,iqr_pct,70.03044802087867,5000,67.35591728992522,36.21088960537669,82.5882375488788,35.71300609100681,86.03591946586616
Diem,torus,Gaming,8,16,10,2023,hop,10 nodes,0,tps_positive_commit,sample_std_pct,39.940676598863405,5000,41.47744107231474,30.133953925948525,46.78843868610779,25.095395612357752,47.30751028866231
Diem,torus,Gaming,8,16,10,2023,hop,10 nodes,0,tps_positive_commit,delta_min_pct,-67.81209221400609,5000,-66.27506582945108,-70.40526128688234,-43.649229666786084,-71.57854308027142,-42.619261926192614
Diem,torus,Gaming,8,16,10,2023,hop,10 nodes,0,tps_positive_commit,delta_max_pct,54.50195737277078,5000,51.77325167355075,36.06857981113047,69.67252268987843,32.235780765253345,77.28482697426799
Diem,torus,Gaming,8,16,10,2023,hop,10 nodes,0,tps_positive_commit,range_abs,281.2,5000,281.2,202.3,281.2,190.0,281.2
Diem,torus,Gaming,8,16,10,2023,hop,10 nodes,0,tps_positive_commit,wcd_abs,155.89999999999998,5000,146.53333333333333,106.85555555555553,176.04444444444445,102.29999999999998,186.36666666666667
Diem,torus,Gaming,8,16,10,2023,hop,10 nodes,0,tps_positive_commit,wcd_pct,67.81209221400609,5000,66.75485449009135,45.040274496832325,70.7740916271722,42.863630171200214,77.28482697426799
Diem,torus,Gaming,8,16,10,2023,hop,40 nodes,0,tps_positive_commit,n_metric,11.0,5000,9.0,9.0,9.0,9.0,9.0
Diem,torus,Gaming,8,16,10,2023,hop,40 nodes,0,tps_positive_commit,mean,227.84545454545457,5000,226.3,221.3,242.69999999999996,220.72222222222223,244.20000000000002
Diem,torus,Gaming,8,16,10,2023,hop,40 nodes,0,tps_positive_commit,iqr_pct,15.361289550333158,5000,17.08121066826491,3.625875566543051,17.9265013444876,3.6036036036035966,17.962279213651335
Diem,torus,Gaming,8,16,10,2023,hop,40 nodes,0,tps_positive_commit,sample_std_pct,19.322368109271927,5000,21.141827378008394,8.262101190239724,21.543165398396226,6.776427574634765,21.562184115543296
Diem,torus,Gaming,8,16,10,2023,hop,40 nodes,0,tps_positive_commit,delta_min_pct,-51.80944021066912,5000,-50.85293678818323,-52.62022342618785,-16.203551848554426,-52.839553307244444,-13.104013104013095
Diem,torus,Gaming,8,16,10,2023,hop,40 nodes,0,tps_positive_commit,delta_max_pct,15.165782228783442,5000,15.65698614035945,8.117016893283898,18.257386079118668,7.452907452907436,18.27515400410678
Diem,torus,Gaming,8,16,10,2023,hop,40 nodes,0,tps_positive_commit,range_abs,152.59999999999997,5000,152.59999999999997,58.69999999999999,152.59999999999997,50.19999999999999,152.59999999999997
Diem,torus,Gaming,8,16,10,2023,hop,40 nodes,0,tps_positive_commit,wcd_abs,118.04545454545458,5000,113.61111111111113,38.42222222222222,121.94444444444441,31.99999999999997,123.02222222222223
Diem,torus,Gaming,8,16,10,2023,hop,40 nodes,0,tps_positive_commit,wcd_pct,51.80944021066912,5000,50.85293678818323,16.203551848554426,52.62022342618785,13.104013104013095,52.839553307244444
Diem,torus,PayPal,8,16,10,2023,hop,10 nodes,0,tps_positive_commit,n_metric,12.0,5000,9.0,9.0,9.0,9.0,9.0
Diem,torus,PayPal,8,16,10,2023,hop,10 nodes,0,tps_positive_commit,mean,196.11666666666667,5000,196.1222222222222,196.0,196.23333333333332,195.96666666666664,196.26666666666668
Diem,torus,PayPal,8,16,10,2023,hop,10 nodes,0,tps_positive_commit,iqr_pct,0.2931928273986659,5000,0.2550442076626615,0.1530005100016913,0.40795512493626285,0.15298317185108767,0.4080244814688939
Diem,torus,PayPal,8,16,10,2023,hop,10 nodes,0,tps_positive_commit,sample_std_pct,0.181691888286336,5000,0.18224333475494775,0.1507921779889456,0.20726750553986095,0.1371900001817545,0.21092929709899585
Diem,torus,PayPal,8,16,10,2023,hop,10 nodes,0,tps_positive_commit,delta_min_pct,-0.2634486275176408,5000,-0.24932003626472807,-0.3058103975535139,-0.1927656196847654,-0.32274503142518474,-0.18682065217390245
Diem,torus,PayPal,8,16,10,2023,hop,10 nodes,0,tps_positive_commit,delta_max_pct,0.24645194187132832,5000,0.24361225992862143,0.18685238661457837,0.30043648319255534,0.16983695652172948,0.3118090594705077
Diem,torus,PayPal,8,16,10,2023,hop,10 nodes,0,tps_positive_commit,range_abs,1.0,5000,1.0,0.9000000000000057,1.0,0.6999999999999886,1.0
Diem,torus,PayPal,8,16,10,2023,hop,10 nodes,0,tps_positive_commit,wcd_abs,0.5166666666666799,5000,0.5222222222222399,0.4555555555555486,0.5999999999999943,0.3666666666666458,0.6333333333333542
Diem,torus,PayPal,8,16,10,2023,hop,10 nodes,0,tps_positive_commit,wcd_pct,0.2634486275176408,5000,0.2663342211140649,0.232241984819315,0.3058103975535139,0.18682065217390245,0.32274503142518474
Diem,torus,PayPal,8,16,10,2023,hop,40 nodes,0,tps_positive_commit,n_metric,12.0,5000,9.0,9.0,9.0,9.0,9.0
Diem,torus,PayPal,8,16,10,2023,hop,40 nodes,0,tps_positive_commit,mean,181.08333333333334,5000,177.43333333333334,176.6888888888889,192.85555555555555,176.55555555555554,193.1777777777778
Diem,torus,PayPal,8,16,10,2023,hop,40 nodes,0,tps_positive_commit,iqr_pct,1.8499769903359535,5000,1.6964061321940187,0.9858180560359767,2.313334587173215,0.9835499827447399,2.3160933969369792
Diem,torus,PayPal,8,16,10,2023,hop,40 nodes,0,tps_positive_commit,sample_std_pct,21.748479699111805,5000,25.63022828867074,0.8519686783265218,25.674267552886203,0.7518425145186148,25.683250102698516
Diem,torus,PayPal,8,16,10,2023,hop,40 nodes,0,tps_positive_commit,delta_min_pct,-68.96456511734928,5000,-68.2685069008783,-68.4249953180598,-1.2826412055677037,-68.46829998129792,-1.1764705882352864
Diem,torus,PayPal,8,16,10,2023,hop,40 nodes,0,tps_positive_commit,delta_max_pct,7.685227795674177,5000,9.81790876666041,1.0711817553559217,10.280256378031904,0.943287702749324,10.36347629229029
Diem,torus,PayPal,8,16,10,2023,hop,40 nodes,0,tps_positive_commit,range_abs,138.8,5000,138.8,4.599999999999994,138.8,4.099999999999994,138.8
Diem,torus,PayPal,8,16,10,2023,hop,40 nodes,0,tps_positive_commit,wcd_abs,124.88333333333334,5000,120.91111111111111,2.4777777777777885,121.7888888888889,2.2666666666666515,122.03333333333335
Diem,torus,PayPal,8,16,10,2023,hop,40 nodes,0,tps_positive_commit,wcd_pct,68.96456511734928,5000,68.2685069008783,1.2826412055677037,68.4249953180598,1.1764705882352864,68.46829998129792
Diem,torus,VISA,8,16,10,2023,hop,10 nodes,0,tps_positive_commit,n_metric,13.0,5000,9.0,9.0,9.0,9.0,9.0
Diem,torus,VISA,8,16,10,2023,hop,10 nodes,0,tps_positive_commit,mean,392.94615384615383,5000,392.83333333333337,384.26666666666665,402.2333333333333,381.25555555555553,406.3777777777778
Diem,torus,VISA,8,16,10,2023,hop,10 nodes,0,tps_positive_commit,iqr_pct,9.899575201143232,5000,8.25456515145237,5.878560215294911,12.415083034728307,5.069174823645218,12.524388844255709
Diem,torus,VISA,8,16,10,2023,hop,10 nodes,0,tps_positive_commit,sample_std_pct,6.443029342787963,5000,6.749903283510984,4.479955163284145,7.5422884593470325,3.4433292282904335,7.798862989470864
Diem,torus,VISA,8,16,10,2023,hop,10 nodes,0,tps_positive_commit,delta_min_pct,-13.804984045572892,5000,-12.811051999313538,-14.818644162521656,-6.686318415010912,-15.599302267630195,-5.408213484989333
Diem,torus,VISA,8,16,10,2023,hop,10 nodes,0,tps_positive_commit,delta_max_pct,7.368400446332437,5000,7.2808950669605,4.889367697024949,9.388684028578012,3.819653305626938,10.20461471484545
Diem,torus,VISA,8,16,10,2023,hop,10 nodes,0,tps_positive_commit,range_abs,83.19999999999999,5000,82.60000000000002,51.30000000000001,83.19999999999999,37.5,83.19999999999999
Diem,torus,VISA,8,16,10,2023,hop,10 nodes,0,tps_positive_commit,wcd_abs,54.246153846153845,5000,49.76666666666665,27.555555555555543,58.92222222222222,21.97777777777776,62.599999999999966
Diem,torus,VISA,8,16,10,2023,hop,10 nodes,0,tps_positive_commit,wcd_pct,13.804984045572892,5000,12.811051999313538,6.955741291299697,14.818644162521656,5.408213484989333,15.599302267630195
Diem,torus,VISA,8,16,10,2023,hop,40 nodes,0,tps_positive_commit,n_metric,13.0,5000,9.0,9.0,9.0,9.0,9.0
Diem,torus,VISA,8,16,10,2023,hop,40 nodes,0,tps_positive_commit,mean,191.96923076923076,5000,188.52222222222224,183.0666666666667,205.84444444444443,181.2111111111111,207.73333333333332
Diem,torus,VISA,8,16,10,2023,hop,40 nodes,0,tps_positive_commit,iqr_pct,8.85558583106267,5000,8.454624528848935,4.938057616605877,12.473497508056646,4.139922978177148,12.648008611410118
Diem,torus,VISA,8,16,10,2023,hop,40 nodes,0,tps_positive_commit,sample_std_pct,21.391531928128316,5000,25.86243080444182,5.132390864275132,26.326520132488717,4.274684876596373,26.373314525291537
Diem,torus,VISA,8,16,10,2023,hop,40 nodes,0,tps_positive_commit,delta_min_pct,-68.11989100817439,5000,-67.04361873990307,-67.95941785018601,-6.755457840288047,-68.33026678932845,-5.326098992359641
Diem,torus,VISA,8,16,10,2023,hop,40 nodes,0,tps_positive_commit,delta_max_pct,16.945824651386445,5000,17.769556656125076,7.9763663220088565,21.35135135135135,5.0362950875021015,22.499090578392153
Diem,torus,VISA,8,16,10,2023,hop,40 nodes,0,tps_positive_commit,range_abs,163.3,5000,158.10000000000002,29.30000000000001,163.3,23.0,163.3
Diem,torus,VISA,8,16,10,2023,hop,40 nodes,0,tps_positive_commit,wcd_abs,130.76923076923077,5000,124.50000000000001,17.133333333333354,129.8077777777777,12.811111111111074,132.04444444444448
Diem,torus,VISA,8,16,10,2023,hop,40 nodes,0,tps_positive_commit,wcd_pct,68.11989100817439,5000,67.04361873990307,8.42122610415293,67.95941785018599,6.3835677112169,68.33026678932845
Ethereum,fat-tree,DDoS,8,16,10,2023,hop,10 nodes,0,tps_positive_commit,n_metric,13.0,5000,9.0,9.0,9.0,9.0,9.0
Ethereum,fat-tree,DDoS,8,16,10,2023,hop,10 nodes,0,tps_positive_commit,mean,12.676923076923076,5000,12.677777777777779,10.977777777777778,14.355555555555554,10.422222222222222,14.91111111111111
Ethereum,fat-tree,DDoS,8,16,10,2023,hop,10 nodes,0,tps_positive_commit,iqr_pct,37.075242718446596,5000,37.13784021071114,20.82644628099174,56.742556917688276,19.595645412130636,59.232175502742244
Ethereum,fat-tree,DDoS,8,16,10,2023,hop,10 nodes,0,tps_positive_commit,sample_std_pct,36.44490588235371,5000,37.341463601542685,24.314375511104103,44.32095100096504,19.048343560083534,45.4827840545822
Ethereum,fat-tree,DDoS,8,16,10,2023,hop,10 nodes,0,tps_positive_commit,delta_min_pct,-68.44660194174757,5000,-66.38655462184873,-70.61224489795919,-34.20168067226891,-71.78683385579937,-25.241935483870957
Ethereum,fat-tree,DDoS,8,16,10,2023,hop,10 nodes,0,tps_positive_commit,delta_max_pct,61.7111650485437,5000,57.35950044603034,36.41563393708292,76.0496183206107,26.52519893899203,84.68468468468468
Ethereum,fat-tree,DDoS,8,16,10,2023,hop,10 nodes,0,tps_positive_commit,range_abs,16.5,5000,15.600000000000001,10.2,16.5,7.200000000000001,16.5
Ethereum,fat-tree,DDoS,8,16,10,2023,hop,10 nodes,0,tps_positive_commit,wcd_abs,8.676923076923076,5000,8.288888888888888,5.97777777777778,9.61111111111111,3.866666666666667,10.17777777777778
Ethereum,fat-tree,DDoS,8,16,10,2023,hop,10 nodes,0,tps_positive_commit,wcd_pct,68.44660194174757,5000,67.68402154398564,41.16296863045143,76.0496183206107,30.769230769230777,84.68468468468468
Ethereum,fat-tree,DDoS,8,16,10,2023,hop,40 nodes,0,tps_positive_commit,n_metric,13.0,5000,9.0,9.0,9.0,9.0,9.0
Ethereum,fat-tree,DDoS,8,16,10,2023,hop,40 nodes,0,tps_positive_commit,mean,12.369230769230768,5000,12.355555555555556,11.755555555555555,13.033333333333333,11.655555555555555,13.244444444444445
Ethereum,fat-tree,DDoS,8,16,10,2023,hop,40 nodes,0,tps_positive_commit,iqr_pct,12.935323383084576,5000,12.228260869565219,2.4021352313167315,16.216216216216214,2.33564013840831,16.423357664233578
Ethereum,fat-tree,DDoS,8,16,10,2023,hop,40 nodes,0,tps_positive_commit,sample_std_pct,14.01605725505709,5000,15.142782747354142,8.017701050480957,17.120797878323597,5.534911118629733,17.227656524511097
Ethereum,fat-tree,DDoS,8,16,10,2023,hop,40 nodes,0,tps_positive_commit,delta_min_pct,-33.70646766169154,5000,-32.23140495867769,-34.920634920634924,-11.811023622047234,-35.77023498694518,-5.620805369127511
Ethereum,fat-tree,DDoS,8,16,10,2023,hop,40 nodes,0,tps_positive_commit,delta_max_pct,21.268656716417922,5000,20.428189116859944,10.408921933085495,25.34818941504178,5.976806422836746,26.05042016806724
Ethereum,fat-tree,DDoS,8,16,10,2023,hop,40 nodes,0,tps_positive_commit,range_abs,6.800000000000001,5000,6.5,3.5,6.800000000000001,2.0,6.800000000000001
Ethereum,fat-tree,DDoS,8,16,10,2023,hop,40 nodes,0,tps_positive_commit,wcd_abs,4.169230769230769,5000,3.9000000000000004,1.9000000000000021,4.4,1.2555555555555564,4.566666666666668
Ethereum,fat-tree,DDoS,8,16,10,2023,hop,40 nodes,0,tps_positive_commit,wcd_pct,33.70646766169154,5000,32.23140495867769,14.601018675721564,34.920634920634924,10.080285459411247,35.77023498694518
Ethereum,fat-tree,FIFA,8,16,10,2023,hop,10 nodes,0,tps_positive_commit,n_metric,14.0,5000,9.0,9.0,9.0,9.0,9.0
Ethereum,fat-tree,FIFA,8,16,10,2023,hop,10 nodes,0,tps_positive_commit,mean,2.0,5000,2.033333333333333,1.4555555555555557,2.4555555555555557,1.2555555555555555,2.588888888888889
Ethereum,fat-tree,FIFA,8,16,10,2023,hop,10 nodes,0,tps_positive_commit,iqr_pct,72.50000000000001,5000,61.64383561643836,38.94230769230769,96.42857142857142,36.73469387755102,105.0
Ethereum,fat-tree,FIFA,8,16,10,2023,hop,10 nodes,0,tps_positive_commit,sample_std_pct,67.05336565865913,5000,66.7925717205966,41.14417251525493,83.66803831866194,32.48876728963412,92.27722935581232
Ethereum,fat-tree,FIFA,8,16,10,2023,hop,10 nodes,0,tps_positive_commit,delta_min_pct,-60.0,5000,-58.13953488372093,-66.19718309859154,-43.30708661417322,-68.5589519650655,-35.19999999999998
Ethereum,fat-tree,FIFA,8,16,10,2023,hop,10 nodes,0,tps_positive_commit,delta_max_pct,185.0,5000,149.0291262135922,67.79661016949152,203.59546703296644,44.00000000000001,239.73509933774835
Ethereum,fat-tree,FIFA,8,16,10,2023,hop,10 nodes,0,tps_positive_commit,range_abs,4.9,5000,4.8,1.8,4.9,1.0999999999999999,4.9
Ethereum,fat-tree,FIFA,8,16,10,2023,hop,10 nodes,0,tps_positive_commit,wcd_abs,3.7,5000,3.411111111111111,1.1663888888888891,3.8224999999999967,0.6111111111111112,4.022222222222222
Ethereum,fat-tree,FIFA,8,16,10,2023,hop,10 nodes,0,tps_positive_commit,wcd_pct,185.0,5000,149.0291262135922,67.79661016949152,203.59546703296644,44.00000000000001,239.73509933774835
Ethereum,fat-tree,FIFA,8,16,10,2023,hop,40 nodes,0,tps_positive_commit,n_metric,13.0,5000,9.0,9.0,9.0,9.0,9.0
Ethereum,fat-tree,FIFA,8,16,10,2023,hop,40 nodes,0,tps_positive_commit,mean,3.692307692307693,5000,3.688888888888889,3.2222222222222223,4.177777777777778,3.111111111111111,4.411111111111111
Ethereum,fat-tree,FIFA,8,16,10,2023,hop,40 nodes,0,tps_positive_commit,iqr_pct,35.20833333333332,5000,35.88039867109635,7.605633802816897,58.333333333333314,7.124010554089704,60.576923076923066
Ethereum,fat-tree,FIFA,8,16,10,2023,hop,40 nodes,0,tps_positive_commit,sample_std_pct,36.595278516800796,5000,36.55102084920402,21.06328492498228,45.02489031656034,16.560156423786744,46.07004427599172
Ethereum,fat-tree,FIFA,8,16,10,2023,hop,40 nodes,0,tps_positive_commit,delta_min_pct,-70.20833333333333,5000,-68.370607028754,-72.5,-32.49999999999999,-73.67021276595744,-27.02702702702702
Ethereum,fat-tree,FIFA,8,16,10,2023,hop,40 nodes,0,tps_positive_commit,delta_max_pct,54.37499999999998,5000,49.56268221574345,31.830985915492956,68.19672131147544,24.03846153846153,73.8983050847458
Ethereum,fat-tree,FIFA,8,16,10,2023,hop,40 nodes,0,tps_positive_commit,range_abs,4.6,5000,4.2,2.8,4.6,2.0999999999999996,4.6
Ethereum,fat-tree,FIFA,8,16,10,2023,hop,40 nodes,0,tps_positive_commit,wcd_abs,2.592307692307693,5000,2.433333333333333,1.5222222222222221,2.9,1.1111111111111107,3.077777777777778
Ethereum,fat-tree,FIFA,8,16,10,2023,hop,40 nodes,0,tps_positive_commit,wcd_pct,70.20833333333333,5000,68.57142857142857,36.05263157894737,72.72727272727272,27.02702702702702,73.8983050847458
Ethereum,fat-tree,GAFAM,8,16,10,2023,hop,10 nodes,0,tps_positive_commit,n_metric,13.0,5000,9.0,9.0,9.0,9.0,9.0
Ethereum,fat-tree,GAFAM,8,16,10,2023,hop,10 nodes,0,tps_positive_commit,mean,10.784615384615384,5000,10.811111111111112,9.533333333333333,11.822222222222223,9.077777777777776,12.122222222222224
Ethereum,fat-tree,GAFAM,8,16,10,2023,hop,10 nodes,0,tps_positive_commit,iqr_pct,32.45363766048502,5000,32.11009174311926,16.308040770101925,46.130653266331656,15.031315240083503,48.11320754716981
Ethereum,fat-tree,GAFAM,8,16,10,2023,hop,10 nodes,0,tps_positive_commit,sample_std_pct,30.69697181941478,5000,31.764106783459322,19.9022746389089,36.725311955673924,17.004467797553783,37.727007286099315
Ethereum,fat-tree,GAFAM,8,16,10,2023,hop,10 nodes,0,tps_positive_commit,delta_min_pct,-34.16547788873038,5000,-33.64485981308411,-39.14285714285714,-24.734982332155482,-40.33613445378152,-19.09090909090909
Ethereum,fat-tree,GAFAM,8,16,10,2023,hop,10 nodes,0,tps_positive_commit,delta_max_pct,76.1768901569187,5000,67.6470588235294,29.629629629629644,84.86986661986654,26.774193548387064,92.35095613048372
Ethereum,fat-tree,GAFAM,8,16,10,2023,hop,10 nodes,0,tps_positive_commit,range_abs,11.9,5000,11.9,6.0,11.9,4.700000000000001,11.9
Ethereum,fat-tree,GAFAM,8,16,10,2023,hop,10 nodes,0,tps_positive_commit,wcd_abs,8.215384615384616,5000,7.666666666666666,3.0888888888888886,8.722499999999995,2.722222222222223,9.122222222222224
Ethereum,fat-tree,GAFAM,8,16,10,2023,hop,10 nodes,0,tps_positive_commit,wcd_pct,76.1768901569187,5000,67.6470588235294,30.564784053156163,84.86986661986654,26.774193548387064,92.35095613048372
Ethereum,fat-tree,GAFAM,8,16,10,2023,hop,40 nodes,0,tps_positive_commit,n_metric,13.0,5000,9.0,9.0,9.0,9.0,9.0
Ethereum,fat-tree,GAFAM,8,16,10,2023,hop,40 nodes,0,tps_positive_commit,mean,8.246153846153847,5000,8.233333333333334,7.866666666666666,8.58888888888889,7.71111111111111,8.766666666666667
Ethereum,fat-tree,GAFAM,8,16,10,2023,hop,40 nodes,0,tps_positive_commit,iqr_pct,12.12686567164179,5000,12.807244501940488,6.206682815616985,26.72064777327936,6.081081081081082,27.12328767123288
Ethereum,fat-tree,GAFAM,8,16,10,2023,hop,40 nodes,0,tps_positive_commit,sample_std_pct,12.887378106553546,5000,12.675254189238762,9.399965354690671,15.524966122170573,7.706804553495645,15.690812821916461
Ethereum,fat-tree,GAFAM,8,16,10,2023,hop,40 nodes,0,tps_positive_commit,delta_min_pct,-17.537313432835834,5000,-17.408906882591086,-20.827943078913325,-12.571428571428573,-21.336760925449887,-7.421875000000014
Ethereum,fat-tree,GAFAM,8,16,10,2023,hop,40 nodes,0,tps_positive_commit,delta_max_pct,21.268656716417897,5000,20.320855614973254,12.343966712898727,25.0,9.905020352781532,26.93935119887167
Ethereum,fat-tree,GAFAM,8,16,10,2023,hop,40 nodes,0,tps_positive_commit,range_abs,3.2,5000,3.2,2.1000000000000005,3.2,1.7000000000000002,3.2
Ethereum,fat-tree,GAFAM,8,16,10,2023,hop,40 nodes,0,tps_positive_commit,wcd_abs,1.753846153846153,5000,1.7222222222222214,1.1444444444444448,2.0,0.9111111111111105,2.1222222222222236
Ethereum,fat-tree,GAFAM,8,16,10,2023,hop,40 nodes,0,tps_positive_commit,wcd_pct,21.268656716417897,5000,20.64343163538873,14.40559440559441,25.0,11.815561959654174,26.93935119887167
Ethereum,fat-tree,Gaming,8,16,10,2023,hop,10 nodes,0,tps_positive_commit,n_metric,13.0,5000,9.0,9.0,9.0,9.0,9.0
Ethereum,fat-tree,Gaming,8,16,10,2023,hop,10 nodes,0,tps_positive_commit,mean,0.4846153846153846,5000,0.47777777777777775,0.3888888888888889,0.5777777777777778,0.36666666666666664,0.6333333333333333
Ethereum,fat-tree,Gaming,8,16,10,2023,hop,10 nodes,0,tps_positive_commit,iqr_pct,82.53968253968254,5000,81.81818181818181,34.615384615384606,142.10526315789474,31.578947368421048,150.0
Ethereum,fat-tree,Gaming,8,16,10,2023,hop,10 nodes,0,tps_positive_commit,sample_std_pct,54.494785987656,5000,55.49597930488538,38.301436004411116,68.2624590357648,22.32968782694361,69.8360763669242
Ethereum,fat-tree,Gaming,8,16,10,2023,hop,10 nodes,0,tps_positive_commit,delta_min_pct,-79.36507936507937,5000,-79.06976744186048,-82.3529411764706,-73.52941176470588,-83.33333333333334,-36.84210526315789
Ethereum,fat-tree,Gaming,8,16,10,2023,hop,10 nodes,0,tps_positive_commit,delta_max_pct,65.07936507936509,5000,63.63636363636367,38.46153846153846,100.0,26.315789473684227,111.76470588235296
Ethereum,fat-tree,Gaming,8,16,10,2023,hop,10 nodes,0,tps_positive_commit,range_abs,0.7000000000000001,5000,0.7000000000000001,0.6,0.7000000000000001,0.4,0.7000000000000001
Ethereum,fat-tree,Gaming,8,16,10,2023,hop,10 nodes,0,tps_positive_commit,wcd_abs,0.3846153846153846,5000,0.38888888888888884,0.3111111111111111,0.4666666666666668,0.23333333333333328,0.5000000000000001
Ethereum,fat-tree,Gaming,8,16,10,2023,hop,10 nodes,0,tps_positive_commit,wcd_pct,79.36507936507937,5000,80.00000000000003,75.67567567567566,100.0,36.84210526315789,111.76470588235296
Ethereum,fat-tree,Gaming,8,16,10,2023,hop,40 nodes,0,tps_positive_commit,n_metric,13.0,5000,9.0,9.0,9.0,9.0,9.0
Ethereum,fat-tree,Gaming,8,16,10,2023,hop,40 nodes,0,tps_positive_commit,mean,0.9384615384615385,5000,0.9333333333333333,0.911111111111111,0.9666666666666666,0.8888888888888888,0.9666666666666668
Ethereum,fat-tree,Gaming,8,16,10,2023,hop,40 nodes,0,tps_positive_commit,iqr_pct,10.655737704918032,5000,10.465116279069766,0.0,10.714285714285712,0.0,10.714285714285712
Ethereum,fat-tree,Gaming,8,16,10,2023,hop,40 nodes,0,tps_positive_commit,sample_std_pct,9.267492134506357,5000,9.229365038597413,5.555555555555555,10.734286818173333,3.6585365853658525,10.734286818173333
Ethereum,fat-tree,Gaming,8,16,10,2023,hop,40 nodes,0,tps_positive_commit,delta_min_pct,-14.754098360655732,5000,-13.25301204819277,-16.27906976744185,-3.5714285714285707,-16.27906976744187,-1.219512195121935
Ethereum,fat-tree,Gaming,8,16,10,2023,hop,40 nodes,0,tps_positive_commit,delta_max_pct,17.21311475409837,5000,16.47058823529413,9.756097560975597,19.277108433734945,1.2500000000000082,20.731707317073198
Ethereum,fat-tree,Gaming,8,16,10,2023,hop,40 nodes,0,tps_positive_commit,range_abs,0.30000000000000004,5000,0.30000000000000004,0.19999999999999996,0.30000000000000004,0.09999999999999998,0.30000000000000004
Ethereum,fat-tree,Gaming,8,16,10,2023,hop,40 nodes,0,tps_positive_commit,wcd_abs,0.16153846153846163,5000,0.15555555555555567,0.10000000000000009,0.1777777777777778,0.07777777777777772,0.1888888888888891
Ethereum,fat-tree,Gaming,8,16,10,2023,hop,40 nodes,0,tps_positive_commit,wcd_pct,17.21311475409837,5000,16.47058823529413,11.111111111111121,19.277108433734945,8.433734939759029,20.731707317073198
Ethereum,fat-tree,PayPal,8,16,10,2023,hop,10 nodes,0,tps_positive_commit,n_metric,14.0,5000,9.0,9.0,9.0,9.0,9.0
Ethereum,fat-tree,PayPal,8,16,10,2023,hop,10 nodes,0,tps_positive_commit,mean,11.021428571428572,5000,11.022222222222222,10.244444444444447,12.07777777777778,10.055555555555554,12.344444444444443
Ethereum,fat-tree,PayPal,8,16,10,2023,hop,10 nodes,0,tps_positive_commit,iqr_pct,13.15618924173687,5000,13.043478260869565,7.384615384615392,23.291925465838506,6.587374199451057,24.06417112299465
Ethereum,fat-tree,PayPal,8,16,10,2023,hop,10 nodes,0,tps_positive_commit,sample_std_pct,23.620396865844857,5000,25.74493628772385,6.724300234997699,30.15152316306976,4.811484162341709,30.413390246226584
Ethereum,fat-tree,PayPal,8,16,10,2023,hop,10 nodes,0,tps_positive_commit,delta_min_pct,-65.52171095268957,5000,-63.539445628997875,-66.23889437314907,-9.837545126353799,-66.95652173913044,-7.649253731343286
Ethereum,fat-tree,PayPal,8,16,10,2023,hop,10 nodes,0,tps_positive_commit,delta_max_pct,18.859364873622802,5000,18.107833163784314,8.065994500458297,26.638023630504826,6.1206120612061286,29.27631578947369
Ethereum,fat-tree,PayPal,8,16,10,2023,hop,10 nodes,0,tps_positive_commit,range_abs,9.3,5000,9.100000000000001,2.0999999999999996,9.3,1.6999999999999993,9.3
Ethereum,fat-tree,PayPal,8,16,10,2023,hop,10 nodes,0,tps_positive_commit,wcd_abs,7.221428571428572,5000,6.6222222222222245,1.2111111111111121,7.455555555555557,0.9444444444444429,7.7
Ethereum,fat-tree,PayPal,8,16,10,2023,hop,10 nodes,0,tps_positive_commit,wcd_pct,65.52171095268957,5000,63.539445628997875,9.837545126353799,66.23889437314907,7.650765076507639,66.95652173913044
Ethereum,fat-tree,PayPal,8,16,10,2023,hop,40 nodes,0,tps_positive_commit,n_metric,13.0,5000,9.0,9.0,9.0,9.0,9.0
Ethereum,fat-tree,PayPal,8,16,10,2023,hop,40 nodes,0,tps_positive_commit,mean,8.176923076923078,5000,8.177777777777777,8.122222222222222,8.233333333333333,8.088888888888887,8.255555555555556
Ethereum,fat-tree,PayPal,8,16,10,2023,hop,40 nodes,0,tps_positive_commit,iqr_pct,3.668861712135474,5000,2.4556616643928972,1.2211668928086794,3.6784741144414252,1.2113055181695997,3.688524590163943
Ethereum,fat-tree,PayPal,8,16,10,2023,hop,40 nodes,0,tps_positive_commit,sample_std_pct,2.0066537166229126,5000,2.059991522007895,1.3860347376959015,2.350386398370408,1.14720419563805,2.4286090939836273
Ethereum,fat-tree,PayPal,8,16,10,2023,hop,40 nodes,0,tps_positive_commit,delta_min_pct,-2.163687676387596,5000,-2.173913043478253,-2.8340080971659822,-1.5047879616963011,-2.9649595687331853,-1.0989010989010732
Ethereum,fat-tree,PayPal,8,16,10,2023,hop,40 nodes,0,tps_positive_commit,delta_max_pct,3.951081843838179,5000,3.65853658536584,2.049180327868867,4.365620736698506,1.3736263736263687,4.65116279069768
Ethereum,fat-tree,PayPal,8,16,10,2023,hop,40 nodes,0,tps_positive_commit,range_abs,0.5,5000,0.5,0.3000000000000007,0.5,0.1999999999999993,0.5
Ethereum,fat-tree,PayPal,8,16,10,2023,hop,40 nodes,0,tps_positive_commit,wcd_abs,0.32307692307692193,5000,0.29999999999999893,0.16666666666666785,0.35555555555555607,0.11111111111111072,0.3777777777777782
Ethereum,fat-tree,PayPal,8,16,10,2023,hop,40 nodes,0,tps_positive_commit,wcd_pct,3.951081843838179,5000,3.65853658536584,2.049180327868867,4.365620736698506,1.3736263736263687,4.65116279069768
Ethereum,fat-tree,VISA,8,16,10,2023,hop,10 nodes,0,tps_positive_commit,n_metric,13.0,5000,9.0,9.0,9.0,9.0,9.0
Ethereum,fat-tree,VISA,8,16,10,2023,hop,10 nodes,0,tps_positive_commit,mean,14.253846153846155,5000,14.244444444444444,13.455555555555556,15.277777777777779,13.355555555555554,15.5
Ethereum,fat-tree,VISA,8,16,10,2023,hop,10 nodes,0,tps_positive_commit,iqr_pct,11.225040474905567,5000,11.329661683713622,2.0408163265306167,17.129262490087235,1.9650655021834107,17.34939759036145
Ethereum,fat-tree,VISA,8,16,10,2023,hop,10 nodes,0,tps_positive_commit,sample_std_pct,17.361940049844275,5000,17.39384655863321,8.168098633192093,21.142689924332124,5.110780831189802,21.21272983822339
Ethereum,fat-tree,VISA,8,16,10,2023,hop,10 nodes,0,tps_positive_commit,delta_min_pct,-38.26227738801942,5000,-36.33440514469452,-40.136054421768705,-10.652173913043486,-41.07142857142856,-8.801775147928987
Ethereum,fat-tree,VISA,8,16,10,2023,hop,10 nodes,0,tps_positive_commit,delta_max_pct,26.281705342687527,5000,22.91350531107738,10.397312858730535,30.750605326876506,6.5088757396449575,31.707317073170735
Ethereum,fat-tree,VISA,8,16,10,2023,hop,10 nodes,0,tps_positive_commit,range_abs,9.2,5000,8.1,4.300000000000001,9.2,2.3000000000000007,9.2
Ethereum,fat-tree,VISA,8,16,10,2023,hop,10 nodes,0,tps_positive_commit,wcd_abs,5.453846153846154,5000,5.022222222222222,2.666666666666666,5.9,1.322222222222221,6.133333333333333
Ethereum,fat-tree,VISA,8,16,10,2023,hop,10 nodes,0,tps_positive_commit,wcd_pct,38.26227738801942,5000,36.33440514469452,17.391304347826082,40.136054421768705,8.801775147928987,41.07142857142856
Ethereum,fat-tree,VISA,8,16,10,2023,hop,40 nodes,0,tps_positive_commit,n_metric,13.0,5000,9.0,9.0,9.0,9.0,9.0
Ethereum,fat-tree,VISA,8,16,10,2023,hop,40 nodes,0,tps_positive_commit,mean,9.646153846153846,5000,9.644444444444446,9.47777777777778,9.800000000000002,9.433333333333332,9.866666666666667
Ethereum,fat-tree,VISA,8,16,10,2023,hop,40 nodes,0,tps_positive_commit,iqr_pct,5.18341307814992,5000,5.214368482039396,4.095446788706178,8.294930875576044,3.0405405405405475,8.362369337979102
Ethereum,fat-tree,VISA,8,16,10,2023,hop,40 nodes,0,tps_positive_commit,sample_std_pct,4.648058053034427,5000,4.639175257731961,3.323026279207094,5.481579345837028,2.6716931616556385,5.565366428629322
Ethereum,fat-tree,VISA,8,16,10,2023,hop,40 nodes,0,tps_positive_commit,delta_min_pct,-7.735247208931411,5000,-7.076566125290017,-8.66590649942988,-4.8780487804878065,-9.286523216308044,-3.534777651083261
Ethereum,fat-tree,VISA,8,16,10,2023,hop,40 nodes,0,tps_positive_commit,delta_max_pct,8.851674641148332,5000,8.000000000000009,4.2431192660550305,9.88372093023254,3.64880273660202,10.526315789473704
Ethereum,fat-tree,VISA,8,16,10,2023,hop,40 nodes,0,tps_positive_commit,range_abs,1.5999999999999996,5000,1.4000000000000004,0.9000000000000004,1.5999999999999996,0.6999999999999993,1.5999999999999996
Ethereum,fat-tree,VISA,8,16,10,2023,hop,40 nodes,0,tps_positive_commit,wcd_abs,0.8538461538461544,5000,0.8000000000000007,0.5111111111111111,0.9444444444444429,0.3555555555555525,1.0000000000000018
Ethereum,fat-tree,VISA,8,16,10,2023,hop,40 nodes,0,tps_positive_commit,wcd_pct,8.851674641148332,5000,8.24742268041238,5.317919075144508,9.88372093023254,3.64880273660202,10.526315789473704
Ethereum,full mesh,DDoS,8,16,10,2023,hop,10 nodes,0,tps_positive_commit,n_metric,11.0,5000,9.0,9.0,9.0,9.0,9.0
Ethereum,full mesh,DDoS,8,16,10,2023,hop,10 nodes,0,tps_positive_commit,mean,10.872727272727273,5000,10.944444444444445,9.71111111111111,11.68888888888889,9.6,11.922222222222224
Ethereum,full mesh,DDoS,8,16,10,2023,hop,10 nodes,0,tps_positive_commit,iqr_pct,24.37290969899666,5000,22.82675438596491,15.208747514910545,33.19672131147541,15.059055118110246,33.33333333333333
Ethereum,full mesh,DDoS,8,16,10,2023,hop,10 nodes,0,tps_positive_commit,sample_std_pct,34.34702822180529,5000,36.26708853567094,22.26624033681049,38.708079643499495,18.87281131306784,38.75790752676673
Ethereum,full mesh,DDoS,8,16,10,2023,hop,10 nodes,0,tps_positive_commit,delta_min_pct,-49.414715719063544,5000,-48.70466321243523,-52.03488372093023,-35.16949152542372,-52.35803657362849,-25.349487418452924
Ethereum,full mesh,DDoS,8,16,10,2023,hop,10 nodes,0,tps_positive_commit,delta_max_pct,81.18729096989965,5000,76.76969092721835,30.208333333333318,87.0253164556962,28.707627118644066,89.42307692307695
Ethereum,full mesh,DDoS,8,16,10,2023,hop,10 nodes,0,tps_positive_commit,range_abs,14.2,5000,14.2,7.0,14.2,6.7,14.2
Ethereum,full mesh,DDoS,8,16,10,2023,hop,10 nodes,0,tps_positive_commit,wcd_abs,8.827272727272726,5000,8.555555555555555,4.1,9.166666666666666,3.6888888888888873,9.3
Ethereum,full mesh,DDoS,8,16,10,2023,hop,10 nodes,0,tps_positive_commit,wcd_pct,81.18729096989965,5000,76.76969092721835,42.70833333333333,87.0253164556962,35.16949152542372,89.42307692307695
Ethereum,full mesh,DDoS,8,16,10,2023,hop,40 nodes,0,tps_positive_commit,n_metric,13.0,5000,9.0,9.0,9.0,9.0,9.0
Ethereum,full mesh,DDoS,8,16,10,2023,hop,40 nodes,0,tps_positive_commit,mean,9.646153846153847,5000,9.655555555555557,8.899999999999999,10.377777777777776,8.533333333333331,10.577777777777778
Ethereum,full mesh,DDoS,8,16,10,2023,hop,40 nodes,0,tps_positive_commit,iqr_pct,35.24720893141946,5000,35.051546391752595,15.365385757998874,45.970488081725314,15.10791366906475,48.27175208581645
Ethereum,full mesh,DDoS,8,16,10,2023,hop,40 nodes,0,tps_positive_commit,sample_std_pct,21.16803086905444,5000,21.17199560832429,17.991370272806837,23.777918770879683,15.007322431483235,24.89727389197817
Ethereum,full mesh,DDoS,8,16,10,2023,hop,40 nodes,0,tps_positive_commit,delta_min_pct,-25.358851674641155,5000,-24.56344586728754,-29.7180043383948,-19.000000000000004,-31.21019108280256,-15.624999999999979
Ethereum,full mesh,DDoS,8,16,10,2023,hop,40 nodes,0,tps_positive_commit,delta_max_pct,30.622009569377973,5000,29.60000000000001,21.413276231263396,39.15211970074813,19.11764705882353,45.01278772378517
Ethereum,full mesh,DDoS,8,16,10,2023,hop,40 nodes,0,tps_positive_commit,range_abs,5.3999999999999995,5000,5.3,4.5,5.3999999999999995,3.999999999999999,5.3999999999999995
Ethereum,full mesh,DDoS,8,16,10,2023,hop,40 nodes,0,tps_positive_commit,wcd_abs,2.9538461538461522,5000,2.9000000000000004,2.511111111111111,3.5111111111111093,2.322222222222221,3.9111111111111114
Ethereum,full mesh,DDoS,8,16,10,2023,hop,40 nodes,0,tps_positive_commit,wcd_pct,30.622009569377973,5000,29.896907216494853,25.027563395810365,39.15211970074813,22.281449893390185,45.01278772378517
Ethereum,full mesh,FIFA,8,16,10,2023,hop,10 nodes,0,tps_positive_commit,n_metric,13.0,5000,9.0,9.0,9.0,9.0,9.0
Ethereum,full mesh,FIFA,8,16,10,2023,hop,10 nodes,0,tps_positive_commit,mean,2.069230769230769,5000,2.077777777777778,1.6666666666666665,2.4555555555555557,1.4333333333333331,2.6222222222222222
Ethereum,full mesh,FIFA,8,16,10,2023,hop,10 nodes,0,tps_positive_commit,iqr_pct,101.48698884758366,5000,71.59090909090911,35.19553072625696,111.29032258064517,32.81249999999998,117.6136363636364
Ethereum,full mesh,FIFA,8,16,10,2023,hop,10 nodes,0,tps_positive_commit,sample_std_pct,55.57216730097097,5000,54.96993919294465,43.35760206474446,68.2552434395328,35.302612060166474,70.5714830798939
Ethereum,full mesh,FIFA,8,16,10,2023,hop,10 nodes,0,tps_positive_commit,delta_min_pct,-71.00371747211895,5000,-68.04733727810651,-74.64788732394366,-53.179190751445084,-76.10619469026548,-38.98305084745761
Ethereum,full mesh,FIFA,8,16,10,2023,hop,10 nodes,0,tps_positive_commit,delta_max_pct,107.80669144981415,5000,93.2515337423313,64.0625,135.97560975609758,55.94059405940591,159.7315436241611
Ethereum,full mesh,FIFA,8,16,10,2023,hop,10 nodes,0,tps_positive_commit,range_abs,3.6999999999999997,5000,3.4,2.4,3.6999999999999997,1.6999999999999997,3.6999999999999997
Ethereum,full mesh,FIFA,8,16,10,2023,hop,10 nodes,0,tps_positive_commit,wcd_abs,2.230769230769231,5000,2.044444444444444,1.3333333333333335,2.477777777777778,0.8666666666666665,2.6444444444444444
Ethereum,full mesh,FIFA,8,16,10,2023,hop,10 nodes,0,tps_positive_commit,wcd_pct,107.80669144981415,5000,93.2515337423313,65.74629934210523,135.97560975609758,59.900990099009896,159.7315436241611
Ethereum,full mesh,FIFA,8,16,10,2023,hop,40 nodes,0,tps_positive_commit,n_metric,13.0,5000,9.0,9.0,9.0,9.0,9.0
Ethereum,full mesh,FIFA,8,16,10,2023,hop,40 nodes,0,tps_positive_commit,mean,2.9153846153846157,5000,2.9222222222222225,2.555555555555556,3.255555555555555,2.4444444444444446,3.344444444444445
Ethereum,full mesh,FIFA,8,16,10,2023,hop,40 nodes,0,tps_positive_commit,iqr_pct,27.440633245382593,5000,29.387755102040824,19.852941176470587,50.751879699248114,18.81533101045296,52.94117647058823
Ethereum,full mesh,FIFA,8,16,10,2023,hop,40 nodes,0,tps_positive_commit,sample_std_pct,33.19229053513732,5000,33.04832524802512,20.749832663314557,39.96971171613927,16.361127918790352,41.348380637152886
Ethereum,full mesh,FIFA,8,16,10,2023,hop,40 nodes,0,tps_positive_commit,delta_min_pct,-62.26912928759894,5000,-60.080645161290306,-64.51612903225805,-25.806451612903224,-65.625,-20.077220077220083
Ethereum,full mesh,FIFA,8,16,10,2023,hop,40 nodes,0,tps_positive_commit,delta_max_pct,68.07387862796833,5000,59.78260869565217,32.829118732363796,79.26829268292684,19.502074688796675,86.07594936708863
Ethereum,full mesh,FIFA,8,16,10,2023,hop,40 nodes,0,tps_positive_commit,range_abs,3.8000000000000003,5000,2.9000000000000004,1.7999999999999998,3.8000000000000003,1.2000000000000002,3.8000000000000003
Ethereum,full mesh,FIFA,8,16,10,2023,hop,40 nodes,0,tps_positive_commit,wcd_abs,1.9846153846153847,5000,1.8777777777777778,1.0222222222222226,2.166666666666667,0.6777777777777776,2.266666666666667
Ethereum,full mesh,FIFA,8,16,10,2023,hop,40 nodes,0,tps_positive_commit,wcd_pct,68.07387862796833,5000,62.13235294117649,34.8314606741573,79.26829268292684,25.31120331950207,86.07594936708863
Ethereum,full mesh,GAFAM,8,16,10,2023,hop,10 nodes,0,tps_positive_commit,n_metric,13.0,5000,9.0,9.0,9.0,9.0,9.0
Ethereum,full mesh,GAFAM,8,16,10,2023,hop,10 nodes,0,tps_positive_commit,mean,7.715384615384616,5000,7.711111111111112,7.321944444444443,8.122222222222222,7.199999999999999,8.28888888888889
Ethereum,full mesh,GAFAM,8,16,10,2023,hop,10 nodes,0,tps_positive_commit,iqr_pct,19.441674975074772,5000,20.0,15.78947368421054,28.654124457308257,12.064343163538872,29.596412556053817
Ethereum,full mesh,GAFAM,8,16,10,2023,hop,10 nodes,0,tps_positive_commit,sample_std_pct,14.662360753509798,5000,15.27009872247383,10.40649289725889,16.971213036732788,8.89503875090938,17.299814576844494
Ethereum,full mesh,GAFAM,8,16,10,2023,hop,10 nodes,0,tps_positive_commit,delta_min_pct,-28.71385842472583,5000,-26.991150442477874,-30.76923076923077,-14.950634696755996,-32.19178082191781,-11.983471074380168
Ethereum,full mesh,GAFAM,8,16,10,2023,hop,10 nodes,0,tps_positive_commit,delta_max_pct,17.94616151545362,5000,16.999999999999996,11.559888579387191,22.60479041916168,9.785522788203739,25.42113323124042
Ethereum,full mesh,GAFAM,8,16,10,2023,hop,10 nodes,0,tps_positive_commit,range_abs,3.5999999999999996,5000,3.4000000000000004,2.2,3.5999999999999996,1.8000000000000007,3.5999999999999996
Ethereum,full mesh,GAFAM,8,16,10,2023,hop,10 nodes,0,tps_positive_commit,wcd_abs,2.2153846153846164,5000,2.033333333333333,1.2111111111111112,2.4444444444444446,0.9666666666666668,2.6111111111111107
Ethereum,full mesh,GAFAM,8,16,10,2023,hop,10 nodes,0,tps_positive_commit,wcd_pct,28.71385842472583,5000,26.991150442477874,15.308988764044946,30.76923076923077,11.983471074380168,32.19178082191781
Ethereum,full mesh,GAFAM,8,16,10,2023,hop,40 nodes,0,tps_positive_commit,n_metric,13.0,5000,9.0,9.0,9.0,9.0,9.0
Ethereum,full mesh,GAFAM,8,16,10,2023,hop,40 nodes,0,tps_positive_commit,mean,7.33076923076923,5000,7.333333333333333,7.0777777777777775,7.58888888888889,6.988888888888888,7.733333333333334
Ethereum,full mesh,GAFAM,8,16,10,2023,hop,40 nodes,0,tps_positive_commit,iqr_pct,9.548793284365166,5000,9.574468085106385,4.011887072808318,23.323170731707325,3.935860058309035,23.538461538461544
Ethereum,full mesh,GAFAM,8,16,10,2023,hop,40 nodes,0,tps_positive_commit,sample_std_pct,10.107098118554278,5000,10.191608883306637,7.4817246242536815,12.175608790843276,5.227946183579787,12.328767123287674
Ethereum,full mesh,GAFAM,8,16,10,2023,hop,40 nodes,0,tps_positive_commit,delta_min_pct,-16.789087093389288,5000,-15.926493108728948,-18.9069423929099,-12.903225806451605,-19.854014598540164,-6.896551724137918
Ethereum,full mesh,GAFAM,8,16,10,2023,hop,40 nodes,0,tps_positive_commit,delta_max_pct,14.585519412381975,5000,13.855421686746986,9.724238026124818,17.57387247278384,7.441860465116277,18.68131868131869
Ethereum,full mesh,GAFAM,8,16,10,2023,hop,40 nodes,0,tps_positive_commit,range_abs,2.3000000000000007,5000,2.200000000000001,1.6000000000000005,2.3000000000000007,1.2000000000000002,2.3000000000000007
Ethereum,full mesh,GAFAM,8,16,10,2023,hop,40 nodes,0,tps_positive_commit,wcd_abs,1.23076923076923,5000,1.18888888888889,0.9222222222222225,1.4222222222222225,0.6666666666666661,1.5111111111111128
Ethereum,full mesh,GAFAM,8,16,10,2023,hop,40 nodes,0,tps_positive_commit,wcd_pct,16.789087093389288,5000,16.310975609756092,12.903225806451605,18.9069423929099,8.620689655172404,19.854014598540164
Ethereum,full mesh,Gaming,8,16,10,2023,hop,10 nodes,0,tps_positive_commit,n_metric,13.0,5000,9.0,9.0,9.0,9.0,9.0
Ethereum,full mesh,Gaming,8,16,10,2023,hop,10 nodes,0,tps_positive_commit,mean,0.5692307692307692,5000,0.5666666666666667,0.5111111111111112,0.6222222222222222,0.4999999999999999,0.6444444444444444
Ethereum,full mesh,Gaming,8,16,10,2023,hop,10 nodes,0,tps_positive_commit,iqr_pct,35.13513513513513,5000,34.615384615384606,17.999999999999996,37.49999999999999,15.517241379310343,38.29787234042553
Ethereum,full mesh,Gaming,8,16,10,2023,hop,10 nodes,0,tps_positive_commit,sample_std_pct,27.20101653810224,5000,26.352313834736496,17.56456747580893,32.47595264191645,15.184811898627327,32.58834147360065
Ethereum,full mesh,Gaming,8,16,10,2023,hop,10 nodes,0,tps_positive_commit,delta_min_pct,-47.2972972972973,5000,-47.05882352941177,-50.909090909090914,-18.181818181818187,-51.785714285714285,-15.094339622641494
Ethereum,full mesh,Gaming,8,16,10,2023,hop,10 nodes,0,tps_positive_commit,delta_max_pct,40.540540540540555,5000,35.84905660377359,18.867924528301877,50.00000000000001,14.545454545454527,56.5217391304348
Ethereum,full mesh,Gaming,8,16,10,2023,hop,10 nodes,0,tps_positive_commit,range_abs,0.5,5000,0.5,0.30000000000000004,0.5,0.19999999999999996,0.5
Ethereum,full mesh,Gaming,8,16,10,2023,hop,10 nodes,0,tps_positive_commit,wcd_abs,0.2692307692307692,5000,0.26666666666666666,0.16666666666666674,0.31111111111111117,0.09999999999999998,0.32222222222222224
Ethereum,full mesh,Gaming,8,16,10,2023,hop,10 nodes,0,tps_positive_commit,wcd_pct,47.2972972972973,5000,47.05882352941177,26.315789473684227,50.909090909090914,16.666666666666664,56.5217391304348
Ethereum,full mesh,Gaming,8,16,10,2023,hop,40 nodes,0,tps_positive_commit,n_metric,13.0,5000,9.0,9.0,9.0,9.0,9.0
Ethereum,full mesh,Gaming,8,16,10,2023,hop,40 nodes,0,tps_positive_commit,mean,0.8615384615384616,5000,0.8666666666666667,0.8222222222222223,0.8999999999999999,0.8111111111111111,0.9111111111111112
Ethereum,full mesh,Gaming,8,16,10,2023,hop,40 nodes,0,tps_positive_commit,iqr_pct,11.607142857142854,5000,11.84210526315789,11.249999999999998,23.37662337662337,10.975609756097558,23.684210526315784
Ethereum,full mesh,Gaming,8,16,10,2023,hop,40 nodes,0,tps_positive_commit,sample_std_pct,12.116787491560883,5000,12.0,8.79452954966893,14.447139909926614,8.158924398306315,14.637233856109862
Ethereum,full mesh,Gaming,8,16,10,2023,hop,40 nodes,0,tps_positive_commit,delta_min_pct,-18.75000000000001,5000,-18.181818181818194,-21.25,-9.99999999999999,-22.22222222222224,-7.692307692307691
Ethereum,full mesh,Gaming,8,16,10,2023,hop,40 nodes,0,tps_positive_commit,delta_max_pct,16.071428571428566,5000,15.384615384615381,11.111111111111093,19.999999999999996,7.999999999999983,21.621621621621628
Ethereum,full mesh,Gaming,8,16,10,2023,hop,40 nodes,0,tps_positive_commit,range_abs,0.30000000000000004,5000,0.30000000000000004,0.19999999999999996,0.30000000000000004,0.19999999999999996,0.30000000000000004
Ethereum,full mesh,Gaming,8,16,10,2023,hop,40 nodes,0,tps_positive_commit,wcd_abs,0.16153846153846163,5000,0.16666666666666663,0.11111111111111094,0.18888888888888888,0.10000000000000009,0.20000000000000018
Ethereum,full mesh,Gaming,8,16,10,2023,hop,40 nodes,0,tps_positive_commit,wcd_pct,18.75000000000001,5000,19.23076923076924,12.195121951219495,21.62162162162161,11.11111111111112,22.22222222222224
Ethereum,full mesh,PayPal,8,16,10,2023,hop,10 nodes,0,tps_positive_commit,n_metric,13.0,5000,9.0,9.0,9.0,9.0,9.0
Ethereum,full mesh,PayPal,8,16,10,2023,hop,10 nodes,0,tps_positive_commit,mean,10.330769230769231,5000,10.322222222222223,10.133333333333333,10.566666666666666,10.044444444444444,10.644444444444444
Ethereum,full mesh,PayPal,8,16,10,2023,hop,10 nodes,0,tps_positive_commit,iqr_pct,5.807892777364106,5000,6.709265175718844,3.8626609442060125,10.668103448275861,3.8257173219978777,10.74918566775244
Ethereum,full mesh,PayPal,8,16,10,2023,hop,10 nodes,0,tps_positive_commit,sample_std_pct,6.037092449644834,5000,6.248510052949425,3.862705043738844,7.2285045690884315,3.2499922695907912,7.306291388971691
Ethereum,full mesh,PayPal,8,16,10,2023,hop,10 nodes,0,tps_positive_commit,delta_min_pct,-12.881608339538353,5000,-11.956521739130428,-13.829787234042554,-5.414012738853485,-14.376321353065553,-4.012671594508962
Ethereum,full mesh,PayPal,8,16,10,2023,hop,10 nodes,0,tps_positive_commit,delta_max_pct,8.413998510796711,5000,7.807486631016032,5.530973451327432,10.043668122270741,4.5406546990496315,10.769230769230786
Ethereum,full mesh,PayPal,8,16,10,2023,hop,10 nodes,0,tps_positive_commit,range_abs,2.1999999999999993,5000,2.0,1.1975000000000002,2.1999999999999993,0.9000000000000004,2.1999999999999993
Ethereum,full mesh,PayPal,8,16,10,2023,hop,10 nodes,0,tps_positive_commit,wcd_abs,1.3307692307692314,5000,1.2222222222222214,0.655555555555555,1.4444444444444446,0.47777777777777786,1.5111111111111128
Ethereum,full mesh,PayPal,8,16,10,2023,hop,10 nodes,0,tps_positive_commit,wcd_pct,12.881608339538353,5000,11.956521739130428,6.210526315789468,13.829787234042554,4.5406546990496315,14.376321353065553
Ethereum,full mesh,PayPal,8,16,10,2023,hop,40 nodes,0,tps_positive_commit,n_metric,13.0,5000,9.0,9.0,9.0,9.0,9.0
Ethereum,full mesh,PayPal,8,16,10,2023,hop,40 nodes,0,tps_positive_commit,mean,8.030769230769232,5000,8.033333333333333,7.966666666666667,8.07777777777778,7.944444444444445,8.08888888888889
Ethereum,full mesh,PayPal,8,16,10,2023,hop,40 nodes,0,tps_positive_commit,iqr_pct,2.490421455938688,5000,2.4930747922437586,1.2499999999999956,3.729281767955788,1.2482662968099814,3.739612188365638
Ethereum,full mesh,PayPal,8,16,10,2023,hop,40 nodes,0,tps_positive_commit,sample_std_pct,1.9280414021260197,5000,1.9180744363300022,1.3699384103694938,2.244119051118665,0.9144543238197181,2.313475497020785
Ethereum,full mesh,PayPal,8,16,10,2023,hop,40 nodes,0,tps_positive_commit,delta_min_pct,-1.628352490421472,5000,-1.6597510373443924,-2.200825309491073,-0.8368200836820053,-2.3351648351648486,-0.5594405594405575
Ethereum,full mesh,PayPal,8,16,10,2023,hop,40 nodes,0,tps_positive_commit,delta_max_pct,3.352490421455926,5000,3.319502074688784,2.499999999999991,3.8942976356050036,1.6736401673640107,4.18410041841005
Ethereum,full mesh,PayPal,8,16,10,2023,hop,40 nodes,0,tps_positive_commit,range_abs,0.40000000000000036,5000,0.40000000000000036,0.29999999999999893,0.40000000000000036,0.1999999999999993,0.40000000000000036
Ethereum,full mesh,PayPal,8,16,10,2023,hop,40 nodes,0,tps_positive_commit,wcd_abs,0.2692307692307683,5000,0.2666666666666657,0.1999999999999993,0.3111111111111109,0.13333333333333286,0.3333333333333339
Ethereum,full mesh,PayPal,8,16,10,2023,hop,40 nodes,0,tps_positive_commit,wcd_pct,3.352490421455926,5000,3.319502074688784,2.499999999999991,3.8942976356050036,1.6736401673640107,4.18410041841005
Ethereum,full mesh,VISA,8,16,10,2023,hop,10 nodes,0,tps_positive_commit,n_metric,13.0,5000,9.0,9.0,9.0,9.0,9.0
Ethereum,full mesh,VISA,8,16,10,2023,hop,10 nodes,0,tps_positive_commit,mean,11.061538461538465,5000,11.055555555555555,10.377777777777776,11.788888888888888,10.077777777777776,12.022222222222224
Ethereum,full mesh,VISA,8,16,10,2023,hop,10 nodes,0,tps_positive_commit,iqr_pct,18.9847009735744,5000,17.052631578947373,8.140703517587943,29.72972972972973,7.879377431906616,30.275229357798175
Ethereum,full mesh,VISA,8,16,10,2023,hop,10 nodes,0,tps_positive_commit,sample_std_pct,18.17661145774075,5000,18.20487402754582,11.465351890147575,21.7609388937716,8.612573329464512,22.336199676953857
Ethereum,full mesh,VISA,8,16,10,2023,hop,10 nodes,0,tps_positive_commit,delta_min_pct,-36.717663421418656,5000,-34.78260869565217,-38.775510204081634,-15.337423312883447,-39.82808022922637,-12.66173752310536
Ethereum,full mesh,VISA,8,16,10,2023,hop,10 nodes,0,tps_positive_commit,delta_max_pct,34.70097357440886,5000,30.70175438596491,18.469342648650816,39.542143600416246,12.02928870292886,42.3566878980892
Ethereum,full mesh,VISA,8,16,10,2023,hop,10 nodes,0,tps_positive_commit,range_abs,7.9,5000,6.4,4.200000000000001,7.9,2.700000000000001,7.9
Ethereum,full mesh,VISA,8,16,10,2023,hop,10 nodes,0,tps_positive_commit,wcd_abs,4.061538461538465,5000,3.855555555555556,2.1444444444444457,4.433333333333335,1.4222222222222225,4.633333333333335
Ethereum,full mesh,VISA,8,16,10,2023,hop,10 nodes,0,tps_positive_commit,wcd_pct,36.717663421418656,5000,35.45081967213115,19.287833827893166,39.687499999999986,13.389121338912137,42.3566878980892
Ethereum,full mesh,VISA,8,16,10,2023,hop,40 nodes,0,tps_positive_commit,n_metric,13.0,5000,9.0,9.0,9.0,9.0,9.0
Ethereum,full mesh,VISA,8,16,10,2023,hop,40 nodes,0,tps_positive_commit,mean,8.646153846153846,5000,8.644444444444446,8.555555555555555,8.733333333333333,8.5,8.744444444444445
Ethereum,full mesh,VISA,8,16,10,2023,hop,40 nodes,0,tps_positive_commit,iqr_pct,3.4697508896797236,5000,3.470437017994867,1.165803108808286,6.914212548015361,1.161290322580641,6.940874035989715
Ethereum,full mesh,VISA,8,16,10,2023,hop,40 nodes,0,tps_positive_commit,sample_std_pct,2.8959040567188237,5000,2.9417420270727597,2.1838467237980184,3.3640107085645945,1.1764705882352897,3.427324325443028
Ethereum,full mesh,VISA,8,16,10,2023,hop,40 nodes,0,tps_positive_commit,delta_min_pct,-2.8469750889679615,5000,-2.827763496143969,-3.6942675159235545,-1.8181818181818112,-3.8167938931297773,-1.17647058823529
Ethereum,full mesh,VISA,8,16,10,2023,hop,40 nodes,0,tps_positive_commit,delta_max_pct,5.2491103202847,5000,4.865556978233038,3.8461538461538534,5.950840879689521,2.3529411764705586,6.501950585175551
Ethereum,full mesh,VISA,8,16,10,2023,hop,40 nodes,0,tps_positive_commit,range_abs,0.6999999999999993,5000,0.6999999999999993,0.5999999999999996,0.6999999999999993,0.29999999999999893,0.6999999999999993
Ethereum,full mesh,VISA,8,16,10,2023,hop,40 nodes,0,tps_positive_commit,wcd_abs,0.453846153846154,5000,0.4222222222222225,0.3333333333333339,0.5111111111111111,0.1999999999999975,0.5555555555555554
Ethereum,full mesh,VISA,8,16,10,2023,hop,40 nodes,0,tps_positive_commit,wcd_pct,5.2491103202847,5000,4.865556978233038,3.8461538461538534,5.950840879689521,2.3529411764705586,6.501950585175551
Ethereum,hypercube,DDoS,8,16,10,2023,hop,10 nodes,0,tps_positive_commit,n_metric,13.0,5000,9.0,9.0,9.0,9.0,9.0
Ethereum,hypercube,DDoS,8,16,10,2023,hop,10 nodes,0,tps_positive_commit,mean,12.176923076923076,5000,12.155555555555557,11.0,13.544444444444444,10.588888888888887,14.077777777777778
Ethereum,hypercube,DDoS,8,16,10,2023,hop,10 nodes,0,tps_positive_commit,iqr_pct,34.491471888818694,5000,26.960352422907494,14.541864247127862,44.62114125350796,13.822525597269614,45.865384615384635
Ethereum,hypercube,DDoS,8,16,10,2023,hop,10 nodes,0,tps_positive_commit,sample_std_pct,29.70096542273735,5000,30.41869224114557,15.579710144927535,36.34029920960651,12.18381029177316,36.89872046978163
Ethereum,hypercube,DDoS,8,16,10,2023,hop,10 nodes,0,tps_positive_commit,delta_min_pct,-64.68730259001894,5000,-62.68081002892961,-66.46447140381282,-23.273657289002568,-67.50629722921916,-15.469613259668494
Ethereum,hypercube,DDoS,8,16,10,2023,hop,10 nodes,0,tps_positive_commit,delta_max_pct,35.502210991787756,5000,34.377880184331815,21.224489795918384,46.739130434782595,17.20599842146804,51.376146788990845
Ethereum,hypercube,DDoS,8,16,10,2023,hop,10 nodes,0,tps_positive_commit,range_abs,12.2,5000,11.899999999999999,6.199999999999999,12.2,4.6,12.2
Ethereum,hypercube,DDoS,8,16,10,2023,hop,10 nodes,0,tps_positive_commit,wcd_abs,7.8769230769230765,5000,7.222222222222222,3.2666666666666675,8.522222222222222,2.4222222222222225,8.933333333333334
Ethereum,hypercube,DDoS,8,16,10,2023,hop,10 nodes,0,tps_positive_commit,wcd_pct,64.68730259001894,5000,62.68081002892961,24.62311557788945,66.46447140381282,17.20599842146804,67.50629722921916
Ethereum,hypercube,DDoS,8,16,10,2023,hop,40 nodes,0,tps_positive_commit,n_metric,13.0,5000,9.0,9.0,9.0,9.0,9.0
Ethereum,hypercube,DDoS,8,16,10,2023,hop,40 nodes,0,tps_positive_commit,mean,10.884615384615387,5000,10.87777777777778,10.244444444444444,11.522222222222222,9.911111111111111,11.777777777777779
Ethereum,hypercube,DDoS,8,16,10,2023,hop,40 nodes,0,tps_positive_commit,iqr_pct,21.13074204946995,5000,21.18730808597747,9.8605577689243,35.45723956894167,9.677419354838706,36.222910216718276
Ethereum,hypercube,DDoS,8,16,10,2023,hop,40 nodes,0,tps_positive_commit,sample_std_pct,16.802284247754752,5000,16.769786456905067,12.58502592475494,19.592067455117224,10.016378474611916,20.55969995775108
Ethereum,hypercube,DDoS,8,16,10,2023,hop,40 nodes,0,tps_positive_commit,delta_min_pct,-22.826855123674925,5000,-21.739130434782613,-25.882352941176485,-17.23044397463004,-27.447216890595016,-13.396226415094352
Ethereum,hypercube,DDoS,8,16,10,2023,hop,40 nodes,0,tps_positive_commit,delta_max_pct,27.703180212014114,5000,26.876267748478703,19.82758620689654,33.839816287244695,12.987012987012973,36.42311886586695
Ethereum,hypercube,DDoS,8,16,10,2023,hop,40 nodes,0,tps_positive_commit,range_abs,5.5,5000,5.4,4.300000000000001,5.5,2.9000000000000004,5.5
Ethereum,hypercube,DDoS,8,16,10,2023,hop,40 nodes,0,tps_positive_commit,wcd_abs,3.0153846153846136,5000,2.9444444444444446,2.344444444444445,3.5000000000000018,1.511111111111111,3.7111111111111104
Ethereum,hypercube,DDoS,8,16,10,2023,hop,40 nodes,0,tps_positive_commit,wcd_pct,27.703180212014114,5000,26.876267748478703,20.869565217391308,33.839816287244695,15.246636771300448,36.42311886586695
Ethereum,hypercube,FIFA,8,16,10,2023,hop,10 nodes,0,tps_positive_commit,n_metric,12.0,5000,9.0,9.0,9.0,9.0,9.0
Ethereum,hypercube,FIFA,8,16,10,2023,hop,10 nodes,0,tps_positive_commit,mean,2.6583333333333337,5000,2.6444444444444444,2.2444444444444445,3.0666666666666664,2.144444444444444,3.2111111111111112
Ethereum,hypercube,FIFA,8,16,10,2023,hop,10 nodes,0,tps_positive_commit,iqr_pct,42.319749216300934,5000,31.889763779527573,16.304347826086957,87.37864077669902,15.570934256055363,91.37055837563453
Ethereum,hypercube,FIFA,8,16,10,2023,hop,10 nodes,0,tps_positive_commit,sample_std_pct,48.505521612781145,5000,48.30482240974266,35.73155728549361,58.42926937624108,29.684770002412737,58.95761189193471
Ethereum,hypercube,FIFA,8,16,10,2023,hop,10 nodes,0,tps_positive_commit,delta_min_pct,-66.14420062695925,5000,-64.84375,-69.66292134831461,-58.883248730964475,-70.54545454545456,-28.37370242214533
Ethereum,hypercube,FIFA,8,16,10,2023,hop,10 nodes,0,tps_positive_commit,delta_max_pct,99.37304075235107,5000,87.79527559055119,42.57425742574258,117.80821917808217,33.33333333333332,121.8604651162791
Ethereum,hypercube,FIFA,8,16,10,2023,hop,10 nodes,0,tps_positive_commit,range_abs,4.3999999999999995,5000,4.3999999999999995,2.3000000000000003,4.3999999999999995,2.2,4.3999999999999995
Ethereum,hypercube,FIFA,8,16,10,2023,hop,10 nodes,0,tps_positive_commit,wcd_abs,2.641666666666666,5000,2.477777777777778,1.3444444444444446,2.8666666666666663,1.244444444444444,2.9111111111111114
Ethereum,hypercube,FIFA,8,16,10,2023,hop,10 nodes,0,tps_positive_commit,wcd_pct,99.37304075235107,5000,87.79527559055119,59.0909090909091,117.80821917808217,58.03108808290155,121.8604651162791
Ethereum,hypercube,FIFA,8,16,10,2023,hop,40 nodes,0,tps_positive_commit,n_metric,13.0,5000,9.0,9.0,9.0,9.0,9.0
Ethereum,hypercube,FIFA,8,16,10,2023,hop,40 nodes,0,tps_positive_commit,mean,3.161538461538462,5000,3.1666666666666665,2.8,3.5444444444444443,2.677777777777778,3.7000000000000006
Ethereum,hypercube,FIFA,8,16,10,2023,hop,40 nodes,0,tps_positive_commit,iqr_pct,47.44525547445255,5000,45.76271186440678,25.63291139240506,57.446808510638284,16.216216216216203,61.36363636363636
Ethereum,hypercube,FIFA,8,16,10,2023,hop,40 nodes,0,tps_positive_commit,sample_std_pct,33.31290332417479,5000,34.724583087924934,22.49118558319393,40.29156864307201,18.578009574145295,41.27467261169973
Ethereum,hypercube,FIFA,8,16,10,2023,hop,40 nodes,0,tps_positive_commit,delta_min_pct,-65.20681265206814,5000,-63.333333333333336,-67.4342105263158,-31.90789473684212,-68.9655172413793,-28.620689655172423
Ethereum,hypercube,FIFA,8,16,10,2023,hop,40 nodes,0,tps_positive_commit,delta_max_pct,54.987834549878336,5000,47.986577181208055,25.938566552901033,67.04545454545456,19.805194805194784,74.30830039525694
Ethereum,hypercube,FIFA,8,16,10,2023,hop,40 nodes,0,tps_positive_commit,range_abs,3.8000000000000003,5000,2.9999999999999996,2.0999999999999996,3.8000000000000003,1.6999999999999997,3.8000000000000003
Ethereum,hypercube,FIFA,8,16,10,2023,hop,40 nodes,0,tps_positive_commit,wcd_abs,2.0615384615384618,5000,1.9222222222222225,1.077777777777778,2.2777777777777777,0.9222222222222225,2.4444444444444446
Ethereum,hypercube,FIFA,8,16,10,2023,hop,40 nodes,0,tps_positive_commit,wcd_pct,65.20681265206814,5000,63.73626373626373,34.78260869565218,68.32061068702292,28.620689655172423,74.30830039525694
Ethereum,hypercube,GAFAM,8,16,10,2023,hop,10 nodes,0,tps_positive_commit,n_metric,13.0,5000,9.0,9.0,9.0,9.0,9.0
Ethereum,hypercube,GAFAM,8,16,10,2023,hop,10 nodes,0,tps_positive_commit,mean,8.153846153846153,5000,8.166666666666666,7.555555555555555,8.666666666666666,7.300000000000001,8.833333333333334
Ethereum,hypercube,GAFAM,8,16,10,2023,hop,10 nodes,0,tps_positive_commit,iqr_pct,28.20754716981132,5000,24.55661664392906,17.37931034482759,37.7027027027027,17.004048582995953,38.589211618257266
Ethereum,hypercube,GAFAM,8,16,10,2023,hop,10 nodes,0,tps_positive_commit,sample_std_pct,18.91766243016103,5000,19.02955110885279,14.05291348808514,21.87921077083217,10.477437356697498,23.138128998474407
Ethereum,hypercube,GAFAM,8,16,10,2023,hop,10 nodes,0,tps_positive_commit,delta_min_pct,-21.509433962264144,5000,-20.441988950276237,-25.38860103626941,-15.044247787610614,-26.99619771863118,-11.713030746705705
Ethereum,hypercube,GAFAM,8,16,10,2023,hop,10 nodes,0,tps_positive_commit,delta_max_pct,37.35849056603774,5000,33.33333333333332,24.050632911392395,42.377915757677385,15.068493150684926,47.153284671532845
Ethereum,hypercube,GAFAM,8,16,10,2023,hop,10 nodes,0,tps_positive_commit,range_abs,4.799999999999999,5000,4.499999999999999,3.4000000000000004,4.799999999999999,2.0,4.799999999999999
Ethereum,hypercube,GAFAM,8,16,10,2023,hop,10 nodes,0,tps_positive_commit,wcd_abs,3.046153846153846,5000,2.777777777777775,1.9333333333333327,3.333611111111107,1.0999999999999996,3.5888888888888886
Ethereum,hypercube,GAFAM,8,16,10,2023,hop,10 nodes,0,tps_positive_commit,wcd_pct,37.35849056603774,5000,33.33333333333332,24.050632911392395,42.377915757677385,15.068493150684926,47.153284671532845
Ethereum,hypercube,GAFAM,8,16,10,2023,hop,40 nodes,0,tps_positive_commit,n_metric,13.0,5000,9.0,9.0,9.0,9.0,9.0
Ethereum,hypercube,GAFAM,8,16,10,2023,hop,40 nodes,0,tps_positive_commit,mean,7.5307692307692315,5000,7.533333333333333,7.2666666666666675,7.822222222222223,7.155555555555555,7.900000000000001
Ethereum,hypercube,GAFAM,8,16,10,2023,hop,40 nodes,0,tps_positive_commit,iqr_pct,13.278855975485177,5000,13.27433628318583,4.078549848942595,19.97041420118343,4.017857142857141,20.27027027027027
Ethereum,hypercube,GAFAM,8,16,10,2023,hop,40 nodes,0,tps_positive_commit,sample_std_pct,10.0893765920576,5000,10.470983226611887,7.269281462495401,11.838964070964002,6.577408130008394,12.059409723568
Ethereum,hypercube,GAFAM,8,16,10,2023,hop,40 nodes,0,tps_positive_commit,delta_min_pct,-20.326864147088873,5000,-18.918918918918912,-21.85238784370477,-9.475218658892118,-22.746781115879834,-7.163323782234954
Ethereum,hypercube,GAFAM,8,16,10,2023,hop,40 nodes,0,tps_positive_commit,delta_max_pct,12.870275791624096,5000,12.334801762114541,8.510638297872346,15.909090909090914,7.594936708860742,18.055555555555564
Ethereum,hypercube,GAFAM,8,16,10,2023,hop,40 nodes,0,tps_positive_commit,range_abs,2.5,5000,2.4000000000000004,1.5,2.5,1.2000000000000002,2.5
Ethereum,hypercube,GAFAM,8,16,10,2023,hop,40 nodes,0,tps_positive_commit,wcd_abs,1.5307692307692315,5000,1.3999999999999995,0.8000000000000007,1.6777777777777771,0.6444444444444439,1.7666666666666675
Ethereum,hypercube,GAFAM,8,16,10,2023,hop,40 nodes,0,tps_positive_commit,wcd_pct,20.326864147088873,5000,18.918918918918912,10.518731988472629,21.85238784370477,8.309455587392543,22.746781115879834
Ethereum,hypercube,Gaming,8,16,10,2023,hop,10 nodes,0,tps_positive_commit,n_metric,13.0,5000,9.0,9.0,9.0,9.0,9.0
Ethereum,hypercube,Gaming,8,16,10,2023,hop,10 nodes,0,tps_positive_commit,mean,0.8384615384615385,5000,0.8333333333333335,0.7777777777777778,0.8999999999999999,0.7555555555555555,0.9333333333333333
Ethereum,hypercube,Gaming,8,16,10,2023,hop,10 nodes,0,tps_positive_commit,iqr_pct,35.779816513761475,5000,25.00000000000001,11.677353896103897,49.31506849315068,10.714285714285712,50.70422535211268
Ethereum,hypercube,Gaming,8,16,10,2023,hop,10 nodes,0,tps_positive_commit,sample_std_pct,20.390927312745752,5000,20.361655622968883,15.789473684210527,24.22567011483205,10.714285714285714,24.90852512319833
Ethereum,hypercube,Gaming,8,16,10,2023,hop,10 nodes,0,tps_positive_commit,delta_min_pct,-28.44036697247707,5000,-28.000000000000007,-33.33333333333333,-22.85714285714285,-34.14634146341464,-14.285714285714283
Ethereum,hypercube,Gaming,8,16,10,2023,hop,10 nodes,0,tps_positive_commit,delta_max_pct,31.192660550458722,5000,26.923076923076945,16.883116883116873,37.50000000000002,12.500000000000007,41.42857142857144
Ethereum,hypercube,Gaming,8,16,10,2023,hop,10 nodes,0,tps_positive_commit,range_abs,0.5000000000000001,5000,0.5000000000000001,0.4,0.5000000000000001,0.30000000000000004,0.5000000000000001
Ethereum,hypercube,Gaming,8,16,10,2023,hop,10 nodes,0,tps_positive_commit,wcd_abs,0.2615384615384616,5000,0.25555555555555565,0.20000000000000007,0.311111111111111,0.15555555555555556,0.3222222222222223
Ethereum,hypercube,Gaming,8,16,10,2023,hop,10 nodes,0,tps_positive_commit,wcd_pct,31.192660550458722,5000,30.263157894736853,25.000000000000007,37.50000000000002,17.857142857142865,41.42857142857144
Ethereum,hypercube,Gaming,8,16,10,2023,hop,40 nodes,0,tps_positive_commit,n_metric,13.0,5000,9.0,9.0,9.0,9.0,9.0
Ethereum,hypercube,Gaming,8,16,10,2023,hop,40 nodes,0,tps_positive_commit,mean,0.9461538461538462,5000,0.9444444444444444,0.8555555555555556,1.011111111111111,0.8333333333333334,1.0333333333333334
Ethereum,hypercube,Gaming,8,16,10,2023,hop,40 nodes,0,tps_positive_commit,iqr_pct,21.138211382113816,5000,10.97560975609756,0.0,21.951219512195117,0.0,21.95121951219512
Ethereum,hypercube,Gaming,8,16,10,2023,hop,40 nodes,0,tps_positive_commit,sample_std_pct,23.481254967134095,5000,23.493682661515624,11.849537396684847,28.232117539951126,7.856742013183858,28.564260099244667
Ethereum,hypercube,Gaming,8,16,10,2023,hop,40 nodes,0,tps_positive_commit,delta_min_pct,-26.016260162601636,5000,-25.000000000000007,-30.000000000000004,-17.105263157894754,-30.76923076923077,-11.111111111111097
Ethereum,hypercube,Gaming,8,16,10,2023,hop,40 nodes,0,tps_positive_commit,delta_max_pct,47.96747967479672,5000,46.51162790697675,15.384615384615381,55.555555555555564,7.999999999999983,57.5
Ethereum,hypercube,Gaming,8,16,10,2023,hop,40 nodes,0,tps_positive_commit,range_abs,0.7,5000,0.7,0.30000000000000004,0.7,0.19999999999999996,0.7
Ethereum,hypercube,Gaming,8,16,10,2023,hop,40 nodes,0,tps_positive_commit,wcd_abs,0.4538461538461537,5000,0.4444444444444444,0.15555555555555567,0.5,0.10000000000000009,0.5111111111111111
Ethereum,hypercube,Gaming,8,16,10,2023,hop,40 nodes,0,tps_positive_commit,wcd_pct,47.96747967479672,5000,46.51162790697675,18.42105263157893,55.555555555555564,11.11111111111112,57.5
Ethereum,hypercube,PayPal,8,16,10,2023,hop,10 nodes,0,tps_positive_commit,n_metric,14.0,5000,9.0,9.0,9.0,9.0,9.0
Ethereum,hypercube,PayPal,8,16,10,2023,hop,10 nodes,0,tps_positive_commit,mean,11.457142857142857,5000,11.455555555555556,10.744444444444444,12.1,10.455555555555556,12.322222222222223
Ethereum,hypercube,PayPal,8,16,10,2023,hop,10 nodes,0,tps_positive_commit,iqr_pct,12.437655860349132,5000,13.003095975232203,7.164001068217551,21.26654064272212,5.7904411764705985,21.844660194174757
Ethereum,hypercube,PayPal,8,16,10,2023,hop,10 nodes,0,tps_positive_commit,sample_std_pct,15.619875022554556,5000,15.762811751198129,8.815657116298429,19.25532681186234,5.53167172918446,19.810643331722037
Ethereum,hypercube,PayPal,8,16,10,2023,hop,10 nodes,0,tps_positive_commit,delta_min_pct,-22.319201995012467,5000,-20.219123505976103,-25.210084033613434,-11.900191938579646,-26.513761467889914,-7.552870090634432
Ethereum,hypercube,PayPal,8,16,10,2023,hop,10 nodes,0,tps_positive_commit,delta_max_pct,31.79551122194513,5000,30.047846889952176,13.277671746361934,36.44578313253012,6.948640483383692,39.241803278688536
Ethereum,hypercube,PayPal,8,16,10,2023,hop,10 nodes,0,tps_positive_commit,range_abs,6.199999999999999,5000,6.0,2.9000000000000004,6.199999999999999,1.6000000000000014,6.199999999999999
Ethereum,hypercube,PayPal,8,16,10,2023,hop,10 nodes,0,tps_positive_commit,wcd_abs,3.6428571428571423,5000,3.477777777777778,1.6888888888888882,4.022222222222222,0.8333333333333321,4.255555555555556
Ethereum,hypercube,PayPal,8,16,10,2023,hop,10 nodes,0,tps_positive_commit,wcd_pct,31.79551122194513,5000,30.047846889952176,15.688157894736834,36.44578313253012,7.552870090634432,39.241803278688536
Ethereum,hypercube,PayPal,8,16,10,2023,hop,40 nodes,0,tps_positive_commit,n_metric,13.0,5000,9.0,9.0,9.0,9.0,9.0
Ethereum,hypercube,PayPal,8,16,10,2023,hop,40 nodes,0,tps_positive_commit,mean,8.107692307692307,5000,8.122222222222222,8.02222222222222,8.166666666666666,8.011111111111111,8.177777777777777
Ethereum,hypercube,PayPal,8,16,10,2023,hop,40 nodes,0,tps_positive_commit,iqr_pct,1.2333965844402235,5000,1.2311901504787919,1.2244897959183632,1.2465373961218795,0.0,1.2482662968099818
Ethereum,hypercube,PayPal,8,16,10,2023,hop,40 nodes,0,tps_positive_commit,sample_std_pct,2.8688752615247597,5000,3.2505395886757933,0.9030867976948876,3.470219122836069,0.6542643434831108,3.5112344158839197
Ethereum,hypercube,PayPal,8,16,10,2023,hop,40 nodes,0,tps_positive_commit,delta_min_pct,-2.5616698292220024,5000,-2.602739726027388,-3.133514986376032,-1.523545706371164,-3.265306122448968,-0.6896551724137907
Ethereum,hypercube,PayPal,8,16,10,2023,hop,40 nodes,0,tps_positive_commit,delta_max_pct,8.538899430740052,5000,8.049113233287875,0.8298755186721962,8.64197530864199,0.5517241379310326,8.791208791208804
Ethereum,hypercube,PayPal,8,16,10,2023,hop,40 nodes,0,tps_positive_commit,range_abs,0.9000000000000004,5000,0.9000000000000004,0.1999999999999993,0.9000000000000004,0.09999999999999964,0.9000000000000004
Ethereum,hypercube,PayPal,8,16,10,2023,hop,40 nodes,0,tps_positive_commit,wcd_abs,0.6923076923076934,5000,0.6555555555555568,0.12222222222222001,0.7000000000000011,0.05555555555555536,0.7111111111111121
Ethereum,hypercube,PayPal,8,16,10,2023,hop,40 nodes,0,tps_positive_commit,wcd_pct,8.538899430740052,5000,8.049113233287875,1.523545706371164,8.64197530864199,0.6896551724137907,8.791208791208804
Ethereum,hypercube,VISA,8,16,10,2023,hop,10 nodes,0,tps_positive_commit,n_metric,13.0,5000,9.0,9.0,9.0,9.0,9.0
Ethereum,hypercube,VISA,8,16,10,2023,hop,10 nodes,0,tps_positive_commit,mean,13.184615384615382,5000,13.233333333333333,12.677777777777777,13.611388888888886,12.544444444444443,13.733333333333334
Ethereum,hypercube,VISA,8,16,10,2023,hop,10 nodes,0,tps_positive_commit,iqr_pct,9.101516919486578,5000,8.411214953271038,5.955334987593058,11.647972389991374,4.368932038834949,11.790393013100438
Ethereum,hypercube,VISA,8,16,10,2023,hop,10 nodes,0,tps_positive_commit,sample_std_pct,10.849978725108842,5000,11.390675540681595,4.742358832989375,13.122223562522052,4.05130050756005,13.265761219070821
Ethereum,hypercube,VISA,8,16,10,2023,hop,10 nodes,0,tps_positive_commit,delta_min_pct,-16.56942823803966,5000,-14.802065404475034,-18.181818181818183,-6.683804627249361,-18.852459016393453,-5.462184873949574
Ethereum,hypercube,VISA,8,16,10,2023,hop,10 nodes,0,tps_positive_commit,delta_max_pct,29.696616102683816,5000,27.40066225165562,6.660899653979229,30.75615972812236,5.204778156996582,31.989708404802755
Ethereum,hypercube,VISA,8,16,10,2023,hop,10 nodes,0,tps_positive_commit,range_abs,6.100000000000001,5000,5.000000000000002,1.8000000000000007,6.100000000000001,1.5,6.100000000000001
Ethereum,hypercube,VISA,8,16,10,2023,hop,10 nodes,0,tps_positive_commit,wcd_abs,3.9153846153846192,5000,3.677777777777777,0.9555555555555557,4.022222222222224,0.7777777777777786,4.144444444444446
Ethereum,hypercube,VISA,8,16,10,2023,hop,10 nodes,0,tps_positive_commit,wcd_pct,29.696616102683816,5000,27.40066225165562,7.3253833049403765,30.75615972812236,5.882352941176477,31.989708404802755
Ethereum,hypercube,VISA,8,16,10,2023,hop,40 nodes,0,tps_positive_commit,n_metric,13.0,5000,9.0,9.0,9.0,9.0,9.0
Ethereum,hypercube,VISA,8,16,10,2023,hop,40 nodes,0,tps_positive_commit,mean,9.015384615384615,5000,9.02222222222222,8.877777777777776,9.155555555555557,8.788888888888888,9.18888888888889
Ethereum,hypercube,VISA,8,16,10,2023,hop,40 nodes,0,tps_positive_commit,iqr_pct,3.3276450511945272,5000,3.3210332103320916,2.1978021978021895,8.845208845208832,1.1180124223602441,8.866995073891616
Ethereum,hypercube,VISA,8,16,10,2023,hop,40 nodes,0,tps_positive_commit,sample_std_pct,4.658838504992779,5000,4.694498477711424,3.3582089552238776,5.586304566790214,1.9534407604160255,5.672716452999046
Ethereum,hypercube,VISA,8,16,10,2023,hop,40 nodes,0,tps_positive_commit,delta_min_pct,-6.825938566552897,5000,-6.36474908200735,-7.917174177831904,-3.1784841075794508,-8.140947752126376,-2.101359703337427
Ethereum,hypercube,VISA,8,16,10,2023,hop,40 nodes,0,tps_positive_commit,delta_max_pct,8.703071672354957,5000,7.99999999999999,6.269798815924255,9.838107098381077,2.402022756005069,10.387984981226557
Ethereum,hypercube,VISA,8,16,10,2023,hop,40 nodes,0,tps_positive_commit,range_abs,1.4000000000000004,5000,1.3000000000000007,1.0,1.4000000000000004,0.5999999999999996,1.4000000000000004
Ethereum,hypercube,VISA,8,16,10,2023,hop,40 nodes,0,tps_positive_commit,wcd_abs,0.7846153846153854,5000,0.7222222222222232,0.566388888888887,0.8777777777777782,0.36666666666666714,0.9222222222222243
Ethereum,hypercube,VISA,8,16,10,2023,hop,40 nodes,0,tps_positive_commit,wcd_pct,8.703071672354957,5000,7.99999999999999,6.269798815924255,9.838107098381077,4.135338345864667,10.387984981226557
Ethereum,scale-free,DDoS,8,16,10,2023,hop,10 nodes,0,tps_positive_commit,n_metric,14.0,5000,9.0,9.0,9.0,9.0,9.0
Ethereum,scale-free,DDoS,8,16,10,2023,hop,10 nodes,0,tps_positive_commit,mean,13.549999999999999,5000,13.533333333333335,11.700000000000001,15.488888888888887,10.855555555555556,16.56666666666667
Ethereum,scale-free,DDoS,8,16,10,2023,hop,10 nodes,0,tps_positive_commit,iqr_pct,51.47601476014761,5000,46.25435540069689,29.583332463737865,88.88990545898137,17.505030181086518,93.59331476323119
Ethereum,scale-free,DDoS,8,16,10,2023,hop,10 nodes,0,tps_positive_commit,sample_std_pct,36.08378331536857,5000,36.84841791020723,22.626365324839544,45.28514953377113,15.261605891071062,46.4201837953246
Ethereum,scale-free,DDoS,8,16,10,2023,hop,10 nodes,0,tps_positive_commit,delta_min_pct,-57.19557195571955,5000,-55.57446808510638,-60.840210052513136,-35.4407648422179,-63.23943661971831,-22.132796780684117
Ethereum,scale-free,DDoS,8,16,10,2023,hop,10 nodes,0,tps_positive_commit,delta_max_pct,51.29151291512916,5000,45.96611618562473,28.748843607751734,67.574931880109,19.786476868327373,80.70519098922627
Ethereum,scale-free,DDoS,8,16,10,2023,hop,10 nodes,0,tps_positive_commit,range_abs,14.7,5000,14.3,10.3,14.7,6.799999999999999,14.7
Ethereum,scale-free,DDoS,8,16,10,2023,hop,10 nodes,0,tps_positive_commit,wcd_abs,7.749999999999999,5000,7.71111111111111,5.566666666666668,9.133333333333333,3.711111111111114,9.977777777777778
Ethereum,scale-free,DDoS,8,16,10,2023,hop,10 nodes,0,tps_positive_commit,wcd_pct,57.19557195571955,5000,56.680497925311215,35.562086700955184,67.574931880109,23.7424547283702,80.70519098922627
Ethereum,scale-free,DDoS,8,16,10,2023,hop,40 nodes,0,tps_positive_commit,n_metric,13.0,5000,9.0,9.0,9.0,9.0,9.0
Ethereum,scale-free,DDoS,8,16,10,2023,hop,40 nodes,0,tps_positive_commit,mean,15.623076923076924,5000,15.633333333333333,14.68888888888889,16.48888888888889,14.222222222222221,16.733333333333334
Ethereum,scale-free,DDoS,8,16,10,2023,hop,40 nodes,0,tps_positive_commit,iqr_pct,14.721811915312657,5000,14.817465998568366,8.685911260032634,32.165381920112125,8.315565031982945,32.64580369843529
Ethereum,scale-free,DDoS,8,16,10,2023,hop,40 nodes,0,tps_positive_commit,sample_std_pct,16.53534198417008,5000,16.53339073464757,10.904970115471599,19.47017304235206,6.913421534207022,20.142688262169095
Ethereum,scale-free,DDoS,8,16,10,2023,hop,40 nodes,0,tps_positive_commit,delta_min_pct,-25.110782865583467,5000,-23.082542001460933,-27.876712328767127,-12.882096069868997,-28.803245436105495,-9.728506787330307
Ethereum,scale-free,DDoS,8,16,10,2023,hop,40 nodes,0,tps_positive_commit,delta_max_pct,31.2161496799606,5000,28.930817610062903,22.836218375499353,36.36363636363635,10.633484162895911,39.035418236623975
Ethereum,scale-free,DDoS,8,16,10,2023,hop,40 nodes,0,tps_positive_commit,range_abs,8.8,5000,8.0,5.300000000000001,8.8,3.0,8.8
Ethereum,scale-free,DDoS,8,16,10,2023,hop,40 nodes,0,tps_positive_commit,wcd_abs,4.876923076923076,5000,4.555555555555554,3.4777777777777796,5.466666666666665,1.5666666666666647,5.755555555555556
Ethereum,scale-free,DDoS,8,16,10,2023,hop,40 nodes,0,tps_positive_commit,wcd_pct,31.2161496799606,5000,28.930817610062903,22.836218375499353,36.36363636363635,10.633484162895911,39.035418236623975
Ethereum,scale-free,FIFA,8,16,10,2023,hop,10 nodes,0,tps_positive_commit,n_metric,13.0,5000,9.0,9.0,9.0,9.0,9.0
Ethereum,scale-free,FIFA,8,16,10,2023,hop,10 nodes,0,tps_positive_commit,mean,1.9846153846153847,5000,1.9888888888888887,1.6111111111111112,2.3666666666666663,1.4888888888888887,2.533333333333333
Ethereum,scale-free,FIFA,8,16,10,2023,hop,10 nodes,0,tps_positive_commit,iqr_pct,70.54263565891473,5000,71.1864406779661,27.629564983888283,100.55865921787708,25.71428571428571,110.42944785276075
Ethereum,scale-free,FIFA,8,16,10,2023,hop,10 nodes,0,tps_positive_commit,sample_std_pct,52.640215882777355,5000,54.26173548182918,35.36298428356191,66.01855793310601,26.84500758303048,68.09815950920246
Ethereum,scale-free,FIFA,8,16,10,2023,hop,10 nodes,0,tps_positive_commit,delta_min_pct,-94.96124031007751,5000,-94.44444444444444,-95.47738693467336,-52.63157894736842,-95.79439252336448,-40.78947368421052
Ethereum,scale-free,FIFA,8,16,10,2023,hop,10 nodes,0,tps_positive_commit,delta_max_pct,86.43410852713178,5000,78.07486631016046,52.73416191420778,112.10191082802548,42.40506329113924,126.53061224489797
Ethereum,scale-free,FIFA,8,16,10,2023,hop,10 nodes,0,tps_positive_commit,range_abs,3.6,5000,3.1999999999999997,2.4,3.6,1.6,3.6
Ethereum,scale-free,FIFA,8,16,10,2023,hop,10 nodes,0,tps_positive_commit,wcd_abs,1.8846153846153846,5000,1.7888888888888888,1.2222222222222223,2.1111111111111107,0.8555555555555555,2.277777777777778
Ethereum,scale-free,FIFA,8,16,10,2023,hop,10 nodes,0,tps_positive_commit,wcd_pct,94.96124031007751,5000,94.76744186046511,57.8125,112.10191082802548,46.052631578947384,126.53061224489797
Ethereum,scale-free,FIFA,8,16,10,2023,hop,40 nodes,0,tps_positive_commit,n_metric,13.0,5000,9.0,9.0,9.0,9.0,9.0
Ethereum,scale-free,FIFA,8,16,10,2023,hop,40 nodes,0,tps_positive_commit,mean,3.93076923076923,5000,3.933333333333333,3.466666666666667,4.388888888888889,3.2222222222222223,4.544444444444445
Ethereum,scale-free,FIFA,8,16,10,2023,hop,40 nodes,0,tps_positive_commit,iqr_pct,58.51272015655577,5000,53.51351351351351,27.181208053691265,69.85074626865669,25.47169811320754,72.32142857142858
Ethereum,scale-free,FIFA,8,16,10,2023,hop,40 nodes,0,tps_positive_commit,sample_std_pct,32.83319581422283,5000,33.00765814188615,26.42809723170241,38.15291771285188,22.711751890549195,39.42727733712921
Ethereum,scale-free,FIFA,8,16,10,2023,hop,40 nodes,0,tps_positive_commit,delta_min_pct,-46.575342465753415,5000,-43.9791823618948,-50.655954226501315,-33.60655737704917,-52.63157894736842,-28.759894459102906
Ethereum,scale-free,FIFA,8,16,10,2023,hop,40 nodes,0,tps_positive_commit,delta_max_pct,52.641878669275954,5000,47.54098360655739,33.328767123287676,65.1376146788991,28.23218997361478,77.63157894736842
Ethereum,scale-free,FIFA,8,16,10,2023,hop,40 nodes,0,tps_positive_commit,range_abs,3.9,5000,3.6,3.0,3.9,2.4000000000000004,3.9
Ethereum,scale-free,FIFA,8,16,10,2023,hop,40 nodes,0,tps_positive_commit,wcd_abs,2.06923076923077,5000,1.9777777777777779,1.5333333333333332,2.366666666666667,1.2111111111111112,2.6222222222222222
Ethereum,scale-free,FIFA,8,16,10,2023,hop,40 nodes,0,tps_positive_commit,wcd_pct,52.641878669275954,5000,49.19354838709677,38.48101265822785,65.1376146788991,28.759894459102906,77.63157894736842
Ethereum,scale-free,GAFAM,8,16,10,2023,hop,10 nodes,0,tps_positive_commit,n_metric,13.0,5000,9.0,9.0,9.0,9.0,9.0
Ethereum,scale-free,GAFAM,8,16,10,2023,hop,10 nodes,0,tps_positive_commit,mean,11.192307692307692,5000,11.2,10.322222222222223,12.133333333333333,10.055555555555554,12.511111111111113
Ethereum,scale-free,GAFAM,8,16,10,2023,hop,10 nodes,0,tps_positive_commit,iqr_pct,32.16494845360826,5000,32.20675944333997,21.33563272521437,40.785498489425976,18.383658969804607,42.5420168067227
Ethereum,scale-free,GAFAM,8,16,10,2023,hop,10 nodes,0,tps_positive_commit,sample_std_pct,22.49246994015487,5000,22.693461055415824,14.966882154833486,26.32110724972151,12.170770559698939,27.053493121636382
Ethereum,scale-free,GAFAM,8,16,10,2023,hop,10 nodes,0,tps_positive_commit,delta_min_pct,-41.92439862542955,5000,-39.628482972136226,-44.602272727272734,-21.142857142857146,-46.42857142857142,-19.241443108233135
Ethereum,scale-free,GAFAM,8,16,10,2023,hop,10 nodes,0,tps_positive_commit,delta_max_pct,26.872852233676976,5000,25.66371681415928,16.819012797074937,34.952481520591334,13.499111900532837,39.82494529540482
Ethereum,scale-free,GAFAM,8,16,10,2023,hop,10 nodes,0,tps_positive_commit,range_abs,7.699999999999999,5000,7.300000000000001,4.990000000000004,7.699999999999999,4.100000000000001,7.699999999999999
Ethereum,scale-free,GAFAM,8,16,10,2023,hop,10 nodes,0,tps_positive_commit,wcd_abs,4.692307692307692,5000,4.322222222222221,2.5888888888888886,5.233333333333334,2.3000000000000007,5.633333333333333
Ethereum,scale-free,GAFAM,8,16,10,2023,hop,10 nodes,0,tps_positive_commit,wcd_pct,41.92439862542955,5000,39.628482972136226,21.8130311614731,44.602272727272734,19.241443108233135,46.42857142857142
Ethereum,scale-free,GAFAM,8,16,10,2023,hop,40 nodes,0,tps_positive_commit,n_metric,13.0,5000,9.0,9.0,9.0,9.0,9.0
Ethereum,scale-free,GAFAM,8,16,10,2023,hop,40 nodes,0,tps_positive_commit,mean,10.592307692307692,5000,10.622222222222224,9.744444444444445,11.322222222222223,9.544444444444444,11.622222222222222
Ethereum,scale-free,GAFAM,8,16,10,2023,hop,40 nodes,0,tps_positive_commit,iqr_pct,24.546114742193186,5000,20.820189274447962,12.909836065573773,30.32608695652175,10.325047801147237,31.278026905829606
Ethereum,scale-free,GAFAM,8,16,10,2023,hop,40 nodes,0,tps_positive_commit,sample_std_pct,20.89266266504307,5000,21.6445636049174,13.240148233467131,25.34912813196913,9.304735311964647,25.567250702312357
Ethereum,scale-free,GAFAM,8,16,10,2023,hop,40 nodes,0,tps_positive_commit,delta_min_pct,-31.082062454611474,5000,-28.896103896103902,-34.10230692076229,-20.231213872832388,-35.52502453385672,-13.957934990439767
Ethereum,scale-free,GAFAM,8,16,10,2023,hop,40 nodes,0,tps_positive_commit,delta_max_pct,50.10893246187364,5000,44.984802431610944,15.938864628820973,54.53563714902807,12.619300106044527,58.29646017699116
Ethereum,scale-free,GAFAM,8,16,10,2023,hop,40 nodes,0,tps_positive_commit,range_abs,8.600000000000001,5000,8.0,3.9000000000000004,8.600000000000001,3.1000000000000014,8.600000000000001
Ethereum,scale-free,GAFAM,8,16,10,2023,hop,40 nodes,0,tps_positive_commit,wcd_abs,5.307692307692308,5000,4.933333333333334,2.2777777777777786,5.611111111111111,1.6777777777777771,5.855555555555556
Ethereum,scale-free,GAFAM,8,16,10,2023,hop,40 nodes,0,tps_positive_commit,wcd_pct,50.10893246187364,5000,44.984802431610944,22.717391304347817,54.53563714902807,15.423901940755869,58.29646017699116
Ethereum,scale-free,Gaming,8,16,10,2023,hop,10 nodes,0,tps_positive_commit,n_metric,13.0,5000,9.0,9.0,9.0,9.0,9.0
Ethereum,scale-free,Gaming,8,16,10,2023,hop,10 nodes,0,tps_positive_commit,mean,0.7384615384615384,5000,0.7444444444444444,0.6222222222222222,0.8555555555555556,0.5888888888888888,0.8888888888888888
Ethereum,scale-free,Gaming,8,16,10,2023,hop,10 nodes,0,tps_positive_commit,iqr_pct,27.083333333333346,5000,29.03225806451614,12.50000000000001,53.7313432835821,11.842105263157904,55.38461538461539
Ethereum,scale-free,Gaming,8,16,10,2023,hop,10 nodes,0,tps_positive_commit,sample_std_pct,44.41255909191219,5000,45.314005520522166,27.664166758624408,54.665174014174696,16.603429448721634,55.95983954622764
Ethereum,scale-free,Gaming,8,16,10,2023,hop,10 nodes,0,tps_positive_commit,delta_min_pct,-86.45833333333333,5000,-85.48387096774194,-87.50000000000001,-27.027027027027035,-87.83783783783784,-19.40298507462686
Ethereum,scale-free,Gaming,8,16,10,2023,hop,10 nodes,0,tps_positive_commit,delta_max_pct,89.58333333333333,5000,77.46478873239434,40.59529049295775,106.55737704918033,20.000000000000014,113.55932203389833
Ethereum,scale-free,Gaming,8,16,10,2023,hop,10 nodes,0,tps_positive_commit,range_abs,1.2999999999999998,5000,1.0999999999999999,0.7,1.2999999999999998,0.4,1.2999999999999998
Ethereum,scale-free,Gaming,8,16,10,2023,hop,10 nodes,0,tps_positive_commit,wcd_abs,0.6615384615384615,5000,0.6333333333333333,0.40000000000000013,0.7222222222222222,0.25555555555555554,0.7444444444444445
Ethereum,scale-free,Gaming,8,16,10,2023,hop,10 nodes,0,tps_positive_commit,wcd_pct,89.58333333333333,5000,85.9375,57.14285714285717,106.55737704918033,34.32835820895522,113.55932203389833
Ethereum,scale-free,Gaming,8,16,10,2023,hop,40 nodes,0,tps_positive_commit,n_metric,13.0,5000,9.0,9.0,9.0,9.0,9.0
Ethereum,scale-free,Gaming,8,16,10,2023,hop,40 nodes,0,tps_positive_commit,mean,1.0153846153846156,5000,1.011111111111111,0.9444444444444444,1.1,0.911111111111111,1.1333333333333335
Ethereum,scale-free,Gaming,8,16,10,2023,hop,40 nodes,0,tps_positive_commit,iqr_pct,29.545454545454533,5000,20.45454545454546,9.677419354838719,30.68181818181818,9.375000000000007,31.395348837209298
Ethereum,scale-free,Gaming,8,16,10,2023,hop,40 nodes,0,tps_positive_commit,sample_std_pct,22.689362321018077,5000,22.17375336268955,13.636363636363631,27.43621448780849,10.140368852013399,27.838821814150112
Ethereum,scale-free,Gaming,8,16,10,2023,hop,40 nodes,0,tps_positive_commit,delta_min_pct,-40.90909090909092,5000,-40.0,-44.329896907216494,-17.346938775510196,-44.89795918367348,-11.764705882352938
Ethereum,scale-free,Gaming,8,16,10,2023,hop,40 nodes,0,tps_positive_commit,delta_max_pct,37.87878787878785,5000,32.63157894736841,16.129032258064527,44.82758620689656,11.340206185566988,48.23529411764705
Ethereum,scale-free,Gaming,8,16,10,2023,hop,40 nodes,0,tps_positive_commit,range_abs,0.7999999999999999,5000,0.7999999999999999,0.4999999999999999,0.7999999999999999,0.29999999999999993,0.7999999999999999
Ethereum,scale-free,Gaming,8,16,10,2023,hop,40 nodes,0,tps_positive_commit,wcd_abs,0.4153846153846156,5000,0.4111111111111111,0.28888888888888875,0.47777777777777775,0.15555555555555534,0.48888888888888904
Ethereum,scale-free,Gaming,8,16,10,2023,hop,40 nodes,0,tps_positive_commit,wcd_pct,40.90909090909092,5000,41.30434782608695,25.999999999999986,44.82758620689656,14.73684210526314,48.23529411764705
Ethereum,scale-free,PayPal,8,16,10,2023,hop,10 nodes,0,tps_positive_commit,n_metric,13.0,5000,9.0,9.0,9.0,9.0,9.0
Ethereum,scale-free,PayPal,8,16,10,2023,hop,10 nodes,0,tps_positive_commit,mean,13.053846153846154,5000,13.033333333333333,12.466388888888888,13.688888888888888,12.333333333333334,13.988888888888889
Ethereum,scale-free,PayPal,8,16,10,2023,hop,10 nodes,0,tps_positive_commit,iqr_pct,16.087212728344134,5000,15.869017632241812,10.243486696230589,23.175965665236053,5.718824463860198,23.7467018469657
Ethereum,scale-free,PayPal,8,16,10,2023,hop,10 nodes,0,tps_positive_commit,sample_std_pct,13.424658018985536,5000,14.385480241788402,8.211655845105874,15.89969617272099,5.974953416101587,16.168413602098305
Ethereum,scale-free,PayPal,8,16,10,2023,hop,10 nodes,0,tps_positive_commit,delta_min_pct,-31.05480259281084,5000,-29.380993897122934,-32.61231281198003,-12.90322580645162,-33.76941946034342,-9.928514694201738
Ethereum,scale-free,PayPal,8,16,10,2023,hop,10 nodes,0,tps_positive_commit,delta_max_pct,14.908662345315264,5000,14.446366782006924,9.400324149108583,19.04761904761905,7.227958697378872,20.535714285714285
Ethereum,scale-free,PayPal,8,16,10,2023,hop,10 nodes,0,tps_positive_commit,range_abs,6.0,5000,5.800000000000001,3.1000000000000014,6.0,2.4000000000000004,6.0
Ethereum,scale-free,PayPal,8,16,10,2023,hop,10 nodes,0,tps_positive_commit,wcd_abs,4.053846153846154,5000,3.7444444444444454,1.7333333333333343,4.355555555555556,1.3888888888888875,4.58888888888889
Ethereum,scale-free,PayPal,8,16,10,2023,hop,10 nodes,0,tps_positive_commit,wcd_pct,31.05480259281084,5000,29.380993897122934,12.90322580645162,32.61231281198003,9.928514694201738,33.76941946034342
Ethereum,scale-free,PayPal,8,16,10,2023,hop,40 nodes,0,tps_positive_commit,n_metric,13.0,5000,9.0,9.0,9.0,9.0,9.0
Ethereum,scale-free,PayPal,8,16,10,2023,hop,40 nodes,0,tps_positive_commit,mean,8.561538461538463,5000,8.555555555555557,8.455277777777779,8.677777777777777,8.41111111111111,8.733333333333334
Ethereum,scale-free,PayPal,8,16,10,2023,hop,40 nodes,0,tps_positive_commit,iqr_pct,4.672057502246185,5000,4.6753246753246795,2.3166023166023293,8.192457737321208,2.3047375160051335,8.235294117647074
Ethereum,scale-free,PayPal,8,16,10,2023,hop,40 nodes,0,tps_positive_commit,sample_std_pct,3.7406397115294396,5000,3.7518306078708097,2.8108732542156734,4.406695548304997,2.1421702596034025,4.498044328552806
Ethereum,scale-free,PayPal,8,16,10,2023,hop,40 nodes,0,tps_positive_commit,delta_min_pct,-6.558849955076387,5000,-6.0567010309278535,-7.335907335907331,-4.7741935483871005,-7.928388746803081,-3.0769230769230465
Ethereum,scale-free,PayPal,8,16,10,2023,hop,40 nodes,0,tps_positive_commit,delta_max_pct,5.121293800539064,5000,4.7865459249676405,3.3548387096774284,6.159895150720838,2.6923076923076823,6.578947368421073
Ethereum,scale-free,PayPal,8,16,10,2023,hop,40 nodes,0,tps_positive_commit,range_abs,1.0,5000,0.9000000000000004,0.7000000000000011,1.0,0.5,1.0
Ethereum,scale-free,PayPal,8,16,10,2023,hop,40 nodes,0,tps_positive_commit,wcd_abs,0.5615384615384631,5000,0.5222222222222221,0.4111111111111114,0.6333333333333329,0.26666666666666394,0.68888888888889
Ethereum,scale-free,PayPal,8,16,10,2023,hop,40 nodes,0,tps_positive_commit,wcd_pct,6.558849955076387,5000,6.127770534550194,4.7741935483871005,7.335907335907331,3.0769230769230465,7.928388746803081
Ethereum,scale-free,VISA,8,16,10,2023,hop,10 nodes,0,tps_positive_commit,n_metric,13.0,5000,9.0,9.0,9.0,9.0,9.0
Ethereum,scale-free,VISA,8,16,10,2023,hop,10 nodes,0,tps_positive_commit,mean,15.49230769230769,5000,15.42222222222222,14.799999999999999,16.366666666666667,14.61111111111111,16.711111111111112
Ethereum,scale-free,VISA,8,16,10,2023,hop,10 nodes,0,tps_positive_commit,iqr_pct,15.491559086395236,5000,13.254786450662749,6.245662734212353,18.954248366013065,6.089309878213801,19.29046563192904
Ethereum,scale-free,VISA,8,16,10,2023,hop,10 nodes,0,tps_positive_commit,sample_std_pct,15.425213774734937,5000,17.257170642995266,6.992950235792278,18.627450980392155,5.125398334120847,18.893525061676513
Ethereum,scale-free,VISA,8,16,10,2023,hop,10 nodes,0,tps_positive_commit,delta_min_pct,-41.261171797418065,5000,-39.690721649484544,-42.20183486238532,-11.546391752577321,-43.16446911866759,-7.845744680851048
Ethereum,scale-free,VISA,8,16,10,2023,hop,10 nodes,0,tps_positive_commit,delta_max_pct,17.477656405163863,5000,16.15044247787611,9.527121001390807,21.784386617100367,7.2888283378746435,23.06536438767844
Ethereum,scale-free,VISA,8,16,10,2023,hop,10 nodes,0,tps_positive_commit,range_abs,9.1,5000,8.4,3.5999999999999996,9.1,2.799999999999999,9.1
Ethereum,scale-free,VISA,8,16,10,2023,hop,10 nodes,0,tps_positive_commit,wcd_abs,6.392307692307691,5000,5.988888888888891,1.9555555555555522,6.644444444444444,1.4888888888888872,6.91111111111111
Ethereum,scale-free,VISA,8,16,10,2023,hop,10 nodes,0,tps_positive_commit,wcd_pct,41.261171797418065,5000,39.690721649484544,12.030075187969905,42.20183486238532,8.909574468085095,43.16446911866759
Ethereum,scale-free,VISA,8,16,10,2023,hop,40 nodes,0,tps_positive_commit,n_metric,13.0,5000,9.0,9.0,9.0,9.0,9.0
Ethereum,scale-free,VISA,8,16,10,2023,hop,40 nodes,0,tps_positive_commit,mean,11.123076923076924,5000,11.122222222222224,10.78888888888889,11.466666666666665,10.666666666666666,11.588888888888889
Ethereum,scale-free,VISA,8,16,10,2023,hop,40 nodes,0,tps_positive_commit,iqr_pct,9.889349930843704,5000,9.890109890109889,5.309734513274333,15.299999999999995,5.247813411078714,15.470171890798785
Ethereum,scale-free,VISA,8,16,10,2023,hop,40 nodes,0,tps_positive_commit,sample_std_pct,8.314252856782382,5000,8.281763304137058,6.043940434545275,9.865755051607822,4.905315548063132,10.144283723373297
Ethereum,scale-free,VISA,8,16,10,2023,hop,40 nodes,0,tps_positive_commit,delta_min_pct,-14.591977869986179,5000,-13.373860182370823,-16.094210009813533,-8.533077660594426,-17.151162790697676,-6.653620352250481
Ethereum,scale-free,VISA,8,16,10,2023,hop,40 nodes,0,tps_positive_commit,delta_max_pct,14.177040110650049,5000,12.721893491124245,8.498023715415005,16.27670396744656,6.874999999999992,17.47173689619733
Ethereum,scale-free,VISA,8,16,10,2023,hop,40 nodes,0,tps_positive_commit,range_abs,3.1999999999999993,5000,2.799999999999999,2.0999999999999996,3.1999999999999993,1.5999999999999996,3.1999999999999993
Ethereum,scale-free,VISA,8,16,10,2023,hop,40 nodes,0,tps_positive_commit,wcd_abs,1.6230769230769244,5000,1.5888888888888886,1.1666666666666643,1.8444444444444432,0.8444444444444432,1.9666666666666668
Ethereum,scale-free,VISA,8,16,10,2023,hop,40 nodes,0,tps_positive_commit,wcd_pct,14.591977869986179,5000,14.299999999999997,10.115606936416198,16.513761467889914,7.4363992172211235,17.47173689619733
Ethereum,torus,DDoS,8,16,10,2023,hop,10 nodes,0,tps_positive_commit,n_metric,14.0,5000,9.0,9.0,9.0,9.0,9.0
Ethereum,torus,DDoS,8,16,10,2023,hop,10 nodes,0,tps_positive_commit,mean,10.485714285714284,5000,10.466666666666667,8.022222222222222,12.96694444444444,6.833333333333333,14.633333333333335
Ethereum,torus,DDoS,8,16,10,2023,hop,10 nodes,0,tps_positive_commit,iqr_pct,117.30245231607631,5000,113.55140186915885,43.57262103505844,153.7102473498233,38.26879271070615,174.69879518072287
Ethereum,torus,DDoS,8,16,10,2023,hop,10 nodes,0,tps_positive_commit,sample_std_pct,62.551261647938944,5000,64.4784700528215,42.928428885110236,82.62988856978075,25.2292687134051,86.87866903374338
Ethereum,torus,DDoS,8,16,10,2023,hop,10 nodes,0,tps_positive_commit,delta_min_pct,-89.50953678474114,5000,-88.05790108564536,-91.05691056910568,-75.16722408026754,-92.0545746388443,-43.96355353075171
Ethereum,torus,DDoS,8,16,10,2023,hop,10 nodes,0,tps_positive_commit,delta_max_pct,88.82833787465944,5000,81.09756097560977,49.15176228636269,129.36616567056393,33.89687235841084,170.40971168437025
Ethereum,torus,DDoS,8,16,10,2023,hop,10 nodes,0,tps_positive_commit,range_abs,18.7,5000,17.7,15.000000000000002,18.7,11.200000000000001,18.7
Ethereum,torus,DDoS,8,16,10,2023,hop,10 nodes,0,tps_positive_commit,wcd_abs,9.385714285714284,5000,9.57777777777778,7.944444444444445,11.488888888888889,6.433333333333334,12.744444444444445
Ethereum,torus,DDoS,8,16,10,2023,hop,10 nodes,0,tps_positive_commit,wcd_pct,89.50953678474114,5000,89.96960486322189,75.43424317617865,129.36616567056393,43.96355353075171,170.40971168437025
Ethereum,torus,DDoS,8,16,10,2023,hop,40 nodes,0,tps_positive_commit,n_metric,13.0,5000,9.0,9.0,9.0,9.0,9.0
Ethereum,torus,DDoS,8,16,10,2023,hop,40 nodes,0,tps_positive_commit,mean,11.207692307692309,5000,11.2,10.277777777777779,12.044444444444444,9.855555555555554,12.28888888888889
Ethereum,torus,DDoS,8,16,10,2023,hop,40 nodes,0,tps_positive_commit,iqr_pct,28.55181880576528,5000,27.744050891384582,11.273486430062642,36.03515624999999,10.80000000000001,37.085427135678394
Ethereum,torus,DDoS,8,16,10,2023,hop,40 nodes,0,tps_positive_commit,sample_std_pct,22.116328343514127,5000,22.219556037416055,15.851772967917075,26.089535161714416,12.844048641975494,26.664672745165138
Ethereum,torus,DDoS,8,16,10,2023,hop,40 nodes,0,tps_positive_commit,delta_min_pct,-31.29718599862732,5000,-28.85010266940451,-34.74576271186441,-19.161676646706585,-36.12903225806453,-15.565031982942426
Ethereum,torus,DDoS,8,16,10,2023,hop,40 nodes,0,tps_positive_commit,delta_max_pct,41.86684969114618,5000,39.02439024390245,23.971507767144693,49.37369519832986,20.183486238532105,54.702702702702695
Ethereum,torus,DDoS,8,16,10,2023,hop,40 nodes,0,tps_positive_commit,range_abs,8.2,5000,7.499999999999999,5.3999999999999995,8.2,4.0,8.2
Ethereum,torus,DDoS,8,16,10,2023,hop,40 nodes,0,tps_positive_commit,wcd_abs,4.692307692307692,5000,4.4,2.7219444444444436,5.255555555555556,2.1999999999999993,5.622222222222222
Ethereum,torus,DDoS,8,16,10,2023,hop,40 nodes,0,tps_positive_commit,wcd_pct,41.86684969114618,5000,39.02439024390245,26.27659574468085,49.37369519832986,20.183486238532105,54.702702702702695
Ethereum,torus,FIFA,8,16,10,2023,hop,10 nodes,0,tps_positive_commit,n_metric,16.0,5000,9.0,9.0,9.0,9.0,9.0
Ethereum,torus,FIFA,8,16,10,2023,hop,10 nodes,0,tps_positive_commit,mean,2.90625,5000,2.9111111111111114,2.244444444444445,3.5444444444444443,1.8111111111111111,3.8444444444444437
Ethereum,torus,FIFA,8,16,10,2023,hop,10 nodes,0,tps_positive_commit,iqr_pct,86.02150537634411,5000,76.63120567375887,28.68525896414342,113.28727926749507,15.584415584415591,133.59375000000003
Ethereum,torus,FIFA,8,16,10,2023,hop,10 nodes,0,tps_positive_commit,sample_std_pct,51.795614471675854,5000,51.841520546711926,40.26774190709192,61.40660514656093,23.092553386187756,66.73364468495252
Ethereum,torus,FIFA,8,16,10,2023,hop,10 nodes,0,tps_positive_commit,delta_min_pct,-62.1505376344086,5000,-56.95652173913042,-67.0,-42.03143794423186,-70.88235294117646,-30.412371134020614
Ethereum,torus,FIFA,8,16,10,2023,hop,10 nodes,0,tps_positive_commit,delta_max_pct,82.36559139784946,5000,80.68181818181819,49.05089077102805,124.99999999999997,34.5360824742268,152.3809523809524
Ethereum,torus,FIFA,8,16,10,2023,hop,10 nodes,0,tps_positive_commit,range_abs,4.199999999999999,5000,4.199999999999999,3.1,4.199999999999999,1.4,4.199999999999999
Ethereum,torus,FIFA,8,16,10,2023,hop,10 nodes,0,tps_positive_commit,wcd_abs,2.39375,5000,2.3444444444444446,1.8777777777777782,2.944444444444444,0.7444444444444445,3.2
Ethereum,torus,FIFA,8,16,10,2023,hop,10 nodes,0,tps_positive_commit,wcd_pct,82.36559139784946,5000,80.68181818181819,55.88235294117645,124.99999999999997,34.5360824742268,152.3809523809524
Ethereum,torus,FIFA,8,16,10,2023,hop,40 nodes,0,tps_positive_commit,n_metric,13.0,5000,9.0,9.0,9.0,9.0,9.0
Ethereum,torus,FIFA,8,16,10,2023,hop,40 nodes,0,tps_positive_commit,mean,4.038461538461538,5000,4.044444444444444,3.411111111111111,4.5777777777777775,3.2666666666666666,4.777777777777779
Ethereum,torus,FIFA,8,16,10,2023,hop,40 nodes,0,tps_positive_commit,iqr_pct,32.19047619047618,5000,30.708661417322826,19.424460431654662,65.45454545454544,12.558139534883711,68.31683168316832
Ethereum,torus,FIFA,8,16,10,2023,hop,40 nodes,0,tps_positive_commit,sample_std_pct,40.278246146311126,5000,40.85396055323192,27.12348979482584,49.38538997687327,20.34132486264622,50.90299904631615
Ethereum,torus,FIFA,8,16,10,2023,hop,40 nodes,0,tps_positive_commit,delta_min_pct,-50.476190476190474,5000,-50.13850415512464,-55.445544554455445,-39.989932885906185,-56.73076923076924,-23.056994818652836
Ethereum,torus,FIFA,8,16,10,2023,hop,40 nodes,0,tps_positive_commit,delta_max_pct,90.66666666666667,5000,78.6082474226804,28.173374613003098,105.02958579881654,19.653179190751402,112.57668711656441
Ethereum,torus,FIFA,8,16,10,2023,hop,40 nodes,0,tps_positive_commit,range_abs,5.7,5000,5.7,2.5999999999999996,5.7,2.3999999999999995,5.7
Ethereum,torus,FIFA,8,16,10,2023,hop,40 nodes,0,tps_positive_commit,wcd_abs,3.661538461538462,5000,3.3888888888888884,1.411111111111111,3.944444444444444,1.2666666666666666,4.0777777777777775
Ethereum,torus,FIFA,8,16,10,2023,hop,40 nodes,0,tps_positive_commit,wcd_pct,90.66666666666667,5000,78.6082474226804,41.36807817589576,105.02958579881654,38.775510204081634,112.57668711656441
Ethereum,torus,GAFAM,8,16,10,2023,hop,10 nodes,0,tps_positive_commit,n_metric,15.0,5000,9.0,9.0,9.0,9.0,9.0
Ethereum,torus,GAFAM,8,16,10,2023,hop,10 nodes,0,tps_positive_commit,mean,9.813333333333334,5000,9.866666666666667,8.966666666666665,10.57777777777778,8.677777777777779,10.8
Ethereum,torus,GAFAM,8,16,10,2023,hop,10 nodes,0,tps_positive_commit,iqr_pct,11.209239130434796,5000,10.90909090909091,5.434782608695652,20.792079207920786,3.986710963455153,23.206278026905835
Ethereum,torus,GAFAM,8,16,10,2023,hop,10 nodes,0,tps_positive_commit,sample_std_pct,22.23532076586324,5000,23.47358854674476,9.221362467815998,28.531933748042153,4.4165572510103175,29.241011177691476
Ethereum,torus,GAFAM,8,16,10,2023,hop,10 nodes,0,tps_positive_commit,delta_min_pct,-33.76358695652174,5000,-29.347826086956516,-36.75675675675676,-10.000000000000002,-37.765957446808514,-6.115107913669063
Ethereum,torus,GAFAM,8,16,10,2023,hop,10 nodes,0,tps_positive_commit,delta_max_pct,66.10054347826086,5000,56.64713488219357,13.330368487928837,68.42709529276692,6.834532374100713,72.38542890716803
Ethereum,torus,GAFAM,8,16,10,2023,hop,10 nodes,0,tps_positive_commit,range_abs,9.8,5000,8.4,3.0,9.8,1.200000000000001,9.8
Ethereum,torus,GAFAM,8,16,10,2023,hop,10 nodes,0,tps_positive_commit,wcd_abs,6.486666666666666,5000,5.894444444444444,1.5888888888888886,6.622222222222222,0.6333333333333329,6.844444444444445
Ethereum,torus,GAFAM,8,16,10,2023,hop,10 nodes,0,tps_positive_commit,wcd_pct,66.10054347826086,5000,56.64713488219357,16.88311688311688,68.42709529276692,6.834532374100713,72.38542890716803
Ethereum,torus,GAFAM,8,16,10,2023,hop,40 nodes,0,tps_positive_commit,n_metric,13.0,5000,9.0,9.0,9.0,9.0,9.0
Ethereum,torus,GAFAM,8,16,10,2023,hop,40 nodes,0,tps_positive_commit,mean,8.223076923076924,5000,8.227777777777778,7.855555555555556,8.566666666666668,7.688888888888889,8.711111111111112
Ethereum,torus,GAFAM,8,16,10,2023,hop,40 nodes,0,tps_positive_commit,iqr_pct,15.809167446211397,5000,16.02739726027396,9.768674159036284,25.437415881561247,9.599999999999996,25.890410958904116
Ethereum,torus,GAFAM,8,16,10,2023,hop,40 nodes,0,tps_positive_commit,sample_std_pct,12.33351146471254,5000,12.354419029841832,9.292513540189189,14.52444609577789,7.5949367088607564,15.004221586461934
Ethereum,torus,GAFAM,8,16,10,2023,hop,40 nodes,0,tps_positive_commit,delta_min_pct,-17.30589335827878,5000,-16.031537450722738,-19.79030144167759,-12.104539202200806,-21.032258064516142,-10.126582278481012
Ethereum,torus,GAFAM,8,16,10,2023,hop,40 nodes,0,tps_positive_commit,delta_max_pct,21.60898035547239,5000,19.917582417582416,15.130674002751043,25.0,10.126582278480987,27.29844413012732
Ethereum,torus,GAFAM,8,16,10,2023,hop,40 nodes,0,tps_positive_commit,range_abs,3.2,5000,2.9000000000000004,2.200000000000001,3.2,1.5999999999999996,3.2
Ethereum,torus,GAFAM,8,16,10,2023,hop,40 nodes,0,tps_positive_commit,wcd_abs,1.776923076923076,5000,1.6666666666666643,1.2555555555555564,2.0,0.7999999999999998,2.1444444444444457
Ethereum,torus,GAFAM,8,16,10,2023,hop,40 nodes,0,tps_positive_commit,wcd_pct,21.60898035547239,5000,20.04126547455295,15.17150395778363,25.0,10.126582278481012,27.29844413012732
Ethereum,torus,Gaming,8,16,10,2023,hop,10 nodes,0,tps_positive_commit,n_metric,14.0,5000,8.0,8.0,9.0,8.0,9.0
Ethereum,torus,Gaming,8,16,10,2023,hop,10 nodes,0,tps_positive_commit,mean,0.6428571428571429,5000,0.6444444444444444,0.5333333333333333,0.7555555555555555,0.46249999999999997,0.8375
Ethereum,torus,Gaming,8,16,10,2023,hop,10 nodes,0,tps_positive_commit,iqr_pct,62.222222222222214,5000,63.15789473684211,20.338983050847474,80.35714285714286,13.235294117647069,91.6666666666667
Ethereum,torus,Gaming,8,16,10,2023,hop,10 nodes,0,tps_positive_commit,sample_std_pct,40.799232810320476,5000,41.35278600110167,26.488678088847767,52.61081221500013,14.181909721378156,57.073279126890135
Ethereum,torus,Gaming,8,16,10,2023,hop,10 nodes,0,tps_positive_commit,delta_min_pct,-68.8888888888889,5000,-64.70588235294119,-71.87499999999999,-39.62264150943397,-74.19354838709677,-16.4179104477612
Ethereum,torus,Gaming,8,16,10,2023,hop,10 nodes,0,tps_positive_commit,delta_max_pct,55.55555555555554,5000,52.83018867924525,31.147540983606564,80.0,19.402985074626862,100.00000000000001
Ethereum,torus,Gaming,8,16,10,2023,hop,10 nodes,0,tps_positive_commit,range_abs,0.8,5000,0.7,0.6,0.8,0.30000000000000004,0.8
Ethereum,torus,Gaming,8,16,10,2023,hop,10 nodes,0,tps_positive_commit,wcd_abs,0.4428571428571429,5000,0.4111111111111111,0.30000000000000004,0.5111111111111111,0.16249999999999998,0.575
Ethereum,torus,Gaming,8,16,10,2023,hop,10 nodes,0,tps_positive_commit,wcd_pct,68.8888888888889,5000,66.66666666666667,42.85714285714287,80.0,19.402985074626862,100.00000000000001
Ethereum,torus,Gaming,8,16,10,2023,hop,40 nodes,0,tps_positive_commit,n_metric,13.0,5000,9.0,9.0,9.0,9.0,9.0
Ethereum,torus,Gaming,8,16,10,2023,hop,40 nodes,0,tps_positive_commit,mean,0.8692307692307693,5000,0.8666666666666667,0.8,0.9444444444444444,0.7777777777777778,0.9666666666666668
Ethereum,torus,Gaming,8,16,10,2023,hop,40 nodes,0,tps_positive_commit,iqr_pct,23.00884955752212,5000,23.376623376623375,11.999999999999998,35.064935064935064,11.538461538461537,36.0
Ethereum,torus,Gaming,8,16,10,2023,hop,40 nodes,0,tps_positive_commit,sample_std_pct,23.66326010109901,5000,24.8710623405267,13.122266479195599,28.35414782861028,12.422599874998829,28.77498913987632
Ethereum,torus,Gaming,8,16,10,2023,hop,40 nodes,0,tps_positive_commit,delta_min_pct,-53.98230088495575,5000,-52.0,-55.555555555555564,-14.285714285714283,-56.626506024096386,-11.111111111111097
Ethereum,torus,Gaming,8,16,10,2023,hop,40 nodes,0,tps_positive_commit,delta_max_pct,26.54867256637169,5000,26.92307692307693,16.47058823529413,35.616438356164394,13.793103448275858,39.43661971830987
Ethereum,torus,Gaming,8,16,10,2023,hop,40 nodes,0,tps_positive_commit,range_abs,0.7000000000000001,5000,0.7000000000000001,0.30000000000000004,0.7000000000000001,0.30000000000000004,0.7000000000000001
Ethereum,torus,Gaming,8,16,10,2023,hop,40 nodes,0,tps_positive_commit,wcd_abs,0.46923076923076923,5000,0.43333333333333335,0.16666666666666674,0.5000000000000001,0.15555555555555545,0.5222222222222223
Ethereum,torus,Gaming,8,16,10,2023,hop,40 nodes,0,tps_positive_commit,wcd_pct,53.98230088495575,5000,52.0,17.241379310344833,55.555555555555564,16.27906976744185,56.626506024096386
Ethereum,torus,PayPal,8,16,10,2023,hop,10 nodes,0,tps_positive_commit,n_metric,15.0,5000,9.0,9.0,9.0,9.0,9.0
Ethereum,torus,PayPal,8,16,10,2023,hop,10 nodes,0,tps_positive_commit,mean,11.8,5000,11.777777777777779,11.322222222222223,12.322222222222221,11.08888888888889,12.566666666666668
Ethereum,torus,PayPal,8,16,10,2023,hop,10 nodes,0,tps_positive_commit,iqr_pct,15.254237288135597,5000,12.150433944069434,5.727272727272722,18.05157593123209,4.1512915129151295,18.367346938775512
Ethereum,torus,PayPal,8,16,10,2023,hop,10 nodes,0,tps_positive_commit,sample_std_pct,10.923424971871214,5000,12.533358718769893,5.8748824646713915,13.68742748451559,3.980070744416276,14.223785185429167
Ethereum,torus,PayPal,8,16,10,2023,hop,10 nodes,0,tps_positive_commit,delta_min_pct,-30.508474576271194,5000,-28.279883381924208,-31.220876048462273,-7.627118644067785,-32.54113345521025,-4.203935599284436
Ethereum,torus,PayPal,8,16,10,2023,hop,10 nodes,0,tps_positive_commit,delta_max_pct,11.864406779661005,5000,11.340206185566998,6.654512306289887,15.45189504373177,4.651162790697672,17.740336967294333
Ethereum,torus,PayPal,8,16,10,2023,hop,10 nodes,0,tps_positive_commit,range_abs,5.0,5000,4.800000000000001,2.0999999999999996,5.0,1.0999999999999996,5.0
Ethereum,torus,PayPal,8,16,10,2023,hop,10 nodes,0,tps_positive_commit,wcd_abs,3.6000000000000014,5000,3.2333333333333343,1.0777777777777757,3.722222222222225,0.5777777777777775,3.9555555555555575
Ethereum,torus,PayPal,8,16,10,2023,hop,10 nodes,0,tps_positive_commit,wcd_pct,30.508474576271194,5000,28.279883381924208,8.998144712430424,31.220876048462273,4.651162790697672,32.54113345521025
Ethereum,torus,PayPal,8,16,10,2023,hop,40 nodes,0,tps_positive_commit,n_metric,13.0,5000,9.0,9.0,9.0,9.0,9.0
Ethereum,torus,PayPal,8,16,10,2023,hop,40 nodes,0,tps_positive_commit,mean,8.238461538461538,5000,8.244444444444444,8.144444444444444,8.322222222222221,8.1,8.344444444444443
Ethereum,torus,PayPal,8,16,10,2023,hop,40 nodes,0,tps_positive_commit,iqr_pct,3.641456582633062,5000,3.6486486486486576,2.4193548387096904,7.2580645161290285,2.416107382550348,7.287449392712547
Ethereum,torus,PayPal,8,16,10,2023,hop,40 nodes,0,tps_positive_commit,sample_std_pct,3.036102931405464,5000,3.0936995896807837,2.2814984065694777,3.53729787374197,1.38028887499987,3.693985342286366
Ethereum,torus,PayPal,8,16,10,2023,hop,40 nodes,0,tps_positive_commit,delta_min_pct,-2.8944911297852376,5000,-2.9649595687331436,-3.871829105473952,-1.7735334242837593,-4.0000000000000275,-1.2345679012345636
Ethereum,torus,PayPal,8,16,10,2023,hop,40 nodes,0,tps_positive_commit,delta_max_pct,5.602240896358546,5000,5.241935483870948,4.172274562584126,6.385869565217391,2.049180327868867,6.821282401091427
Ethereum,torus,PayPal,8,16,10,2023,hop,40 nodes,0,tps_positive_commit,range_abs,0.6999999999999993,5000,0.6999999999999993,0.5999999999999996,0.6999999999999993,0.3000000000000007,0.6999999999999993
Ethereum,torus,PayPal,8,16,10,2023,hop,40 nodes,0,tps_positive_commit,wcd_abs,0.4615384615384617,5000,0.4333333333333318,0.344444444444445,0.5222222222222221,0.16666666666666785,0.5555555555555571
Ethereum,torus,PayPal,8,16,10,2023,hop,40 nodes,0,tps_positive_commit,wcd_pct,5.602240896358546,5000,5.241935483870948,4.172274562584126,6.385869565217391,2.049180327868867,6.821282401091427
Ethereum,torus,VISA,8,16,10,2023,hop,10 nodes,0,tps_positive_commit,n_metric,15.0,5000,9.0,9.0,9.0,9.0,9.0
Ethereum,torus,VISA,8,16,10,2023,hop,10 nodes,0,tps_positive_commit,mean,13.706666666666669,5000,13.700000000000001,13.0,14.34472222222222,12.711111111111112,14.600000000000001
Ethereum,torus,VISA,8,16,10,2023,hop,10 nodes,0,tps_positive_commit,iqr_pct,16.050583657587556,5000,14.705882352941178,6.9112627986348025,18.64541832669322,5.9016393442622865,19.80440097799511
Ethereum,torus,VISA,8,16,10,2023,hop,10 nodes,0,tps_positive_commit,sample_std_pct,12.287129310618138,5000,12.493758317457848,7.255235999234653,14.893146672598167,4.89451722114909,15.808505180136166
Ethereum,torus,VISA,8,16,10,2023,hop,10 nodes,0,tps_positive_commit,delta_min_pct,-13.18093385214009,5000,-12.53918495297805,-16.40866873065015,-8.147512864493995,-18.056618209640384,-6.265876375952574
Ethereum,torus,VISA,8,16,10,2023,hop,10 nodes,0,tps_positive_commit,delta_max_pct,27.675097276264573,5000,24.086378737541537,11.7549668874172,30.705394190871367,7.812500000000014,34.15672913117547
Ethereum,torus,VISA,8,16,10,2023,hop,10 nodes,0,tps_positive_commit,range_abs,5.6,5000,5.5,2.8000000000000007,5.6,1.9000000000000004,5.6
Ethereum,torus,VISA,8,16,10,2023,hop,10 nodes,0,tps_positive_commit,wcd_abs,3.7933333333333312,5000,3.3555555555555543,1.5777777777777775,4.111111111111111,1.0000000000000018,4.455555555555556
Ethereum,torus,VISA,8,16,10,2023,hop,10 nodes,0,tps_positive_commit,wcd_pct,27.675097276264573,5000,24.086378737541537,11.779242174629323,30.705394190871367,7.812500000000014,34.15672913117547
Ethereum,torus,VISA,8,16,10,2023,hop,40 nodes,0,tps_positive_commit,n_metric,13.0,5000,9.0,9.0,9.0,9.0,9.0
Ethereum,torus,VISA,8,16,10,2023,hop,40 nodes,0,tps_positive_commit,mean,9.215384615384616,5000,9.222222222222221,9.088888888888889,9.344444444444443,9.033333333333335,9.388888888888891
Ethereum,torus,VISA,8,16,10,2023,hop,40 nodes,0,tps_positive_commit,iqr_pct,6.510851419031715,5000,6.4825930372148814,4.270462633451961,7.599517490952948,3.2967032967032845,7.654921020656129
Ethereum,torus,VISA,8,16,10,2023,hop,40 nodes,0,tps_positive_commit,sample_std_pct,3.883488084959305,5000,3.9140375748819967,3.1689955950246174,4.432501501013962,2.8223355241288473,4.631370738139192
Ethereum,torus,VISA,8,16,10,2023,hop,40 nodes,0,tps_positive_commit,delta_min_pct,-5.592654424040085,5000,-5.205811138014529,-6.563245823389018,-3.8083538083538144,-7.117437722419941,-3.3775633293124128
Ethereum,torus,VISA,8,16,10,2023,hop,40 nodes,0,tps_positive_commit,delta_max_pct,6.343906510851415,5000,5.755395683453235,3.96799500138849,7.299270072992714,3.3492822966507054,7.955936352509212
Ethereum,torus,VISA,8,16,10,2023,hop,40 nodes,0,tps_positive_commit,range_abs,1.1000000000000014,5000,1.0,0.7999999999999989,1.1000000000000014,0.6999999999999993,1.1000000000000014
Ethereum,torus,VISA,8,16,10,2023,hop,40 nodes,0,tps_positive_commit,wcd_abs,0.5846153846153843,5000,0.5555555555555554,0.40000000000000036,0.6666666666666679,0.3555555555555525,0.722222222222225
Ethereum,torus,VISA,8,16,10,2023,hop,40 nodes,0,tps_positive_commit,wcd_pct,6.343906510851415,5000,6.0096153846153815,4.347826086956526,7.299270072992714,3.8415366146458267,7.955936352509212
Quorum,fat-tree,DDoS,8,16,10,2023,hop,10 nodes,0,tps_positive_commit,n_metric,0.0,5000,0.0,0.0,0.0,0.0,0.0
Quorum,fat-tree,DDoS,8,16,10,2023,hop,10 nodes,0,tps_positive_commit,mean,,0,,,,,
Quorum,fat-tree,DDoS,8,16,10,2023,hop,10 nodes,0,tps_positive_commit,iqr_pct,,0,,,,,
Quorum,fat-tree,DDoS,8,16,10,2023,hop,10 nodes,0,tps_positive_commit,sample_std_pct,,0,,,,,
Quorum,fat-tree,DDoS,8,16,10,2023,hop,10 nodes,0,tps_positive_commit,delta_min_pct,,0,,,,,
Quorum,fat-tree,DDoS,8,16,10,2023,hop,10 nodes,0,tps_positive_commit,delta_max_pct,,0,,,,,
Quorum,fat-tree,DDoS,8,16,10,2023,hop,10 nodes,0,tps_positive_commit,range_abs,,0,,,,,
Quorum,fat-tree,DDoS,8,16,10,2023,hop,10 nodes,0,tps_positive_commit,wcd_abs,,0,,,,,
Quorum,fat-tree,DDoS,8,16,10,2023,hop,10 nodes,0,tps_positive_commit,wcd_pct,,0,,,,,
Quorum,fat-tree,DDoS,8,16,10,2023,hop,40 nodes,0,tps_positive_commit,n_metric,0.0,5000,0.0,0.0,0.0,0.0,0.0
Quorum,fat-tree,DDoS,8,16,10,2023,hop,40 nodes,0,tps_positive_commit,mean,,0,,,,,
Quorum,fat-tree,DDoS,8,16,10,2023,hop,40 nodes,0,tps_positive_commit,iqr_pct,,0,,,,,
Quorum,fat-tree,DDoS,8,16,10,2023,hop,40 nodes,0,tps_positive_commit,sample_std_pct,,0,,,,,
Quorum,fat-tree,DDoS,8,16,10,2023,hop,40 nodes,0,tps_positive_commit,delta_min_pct,,0,,,,,
Quorum,fat-tree,DDoS,8,16,10,2023,hop,40 nodes,0,tps_positive_commit,delta_max_pct,,0,,,,,
Quorum,fat-tree,DDoS,8,16,10,2023,hop,40 nodes,0,tps_positive_commit,range_abs,,0,,,,,
Quorum,fat-tree,DDoS,8,16,10,2023,hop,40 nodes,0,tps_positive_commit,wcd_abs,,0,,,,,
Quorum,fat-tree,DDoS,8,16,10,2023,hop,40 nodes,0,tps_positive_commit,wcd_pct,,0,,,,,
Quorum,fat-tree,FIFA,8,16,10,2023,hop,10 nodes,0,tps_positive_commit,n_metric,0.0,5000,0.0,0.0,0.0,0.0,0.0
Quorum,fat-tree,FIFA,8,16,10,2023,hop,10 nodes,0,tps_positive_commit,mean,,0,,,,,
Quorum,fat-tree,FIFA,8,16,10,2023,hop,10 nodes,0,tps_positive_commit,iqr_pct,,0,,,,,
Quorum,fat-tree,FIFA,8,16,10,2023,hop,10 nodes,0,tps_positive_commit,sample_std_pct,,0,,,,,
Quorum,fat-tree,FIFA,8,16,10,2023,hop,10 nodes,0,tps_positive_commit,delta_min_pct,,0,,,,,
Quorum,fat-tree,FIFA,8,16,10,2023,hop,10 nodes,0,tps_positive_commit,delta_max_pct,,0,,,,,
Quorum,fat-tree,FIFA,8,16,10,2023,hop,10 nodes,0,tps_positive_commit,range_abs,,0,,,,,
Quorum,fat-tree,FIFA,8,16,10,2023,hop,10 nodes,0,tps_positive_commit,wcd_abs,,0,,,,,
Quorum,fat-tree,FIFA,8,16,10,2023,hop,10 nodes,0,tps_positive_commit,wcd_pct,,0,,,,,
Quorum,fat-tree,FIFA,8,16,10,2023,hop,40 nodes,0,tps_positive_commit,n_metric,0.0,5000,0.0,0.0,0.0,0.0,0.0
Quorum,fat-tree,FIFA,8,16,10,2023,hop,40 nodes,0,tps_positive_commit,mean,,0,,,,,
Quorum,fat-tree,FIFA,8,16,10,2023,hop,40 nodes,0,tps_positive_commit,iqr_pct,,0,,,,,
Quorum,fat-tree,FIFA,8,16,10,2023,hop,40 nodes,0,tps_positive_commit,sample_std_pct,,0,,,,,
Quorum,fat-tree,FIFA,8,16,10,2023,hop,40 nodes,0,tps_positive_commit,delta_min_pct,,0,,,,,
Quorum,fat-tree,FIFA,8,16,10,2023,hop,40 nodes,0,tps_positive_commit,delta_max_pct,,0,,,,,
Quorum,fat-tree,FIFA,8,16,10,2023,hop,40 nodes,0,tps_positive_commit,range_abs,,0,,,,,
Quorum,fat-tree,FIFA,8,16,10,2023,hop,40 nodes,0,tps_positive_commit,wcd_abs,,0,,,,,
Quorum,fat-tree,FIFA,8,16,10,2023,hop,40 nodes,0,tps_positive_commit,wcd_pct,,0,,,,,
Quorum,fat-tree,GAFAM,8,16,10,2023,hop,10 nodes,0,tps_positive_commit,n_metric,10.0,5000,6.0,4.0,8.0,4.0,9.0
Quorum,fat-tree,GAFAM,8,16,10,2023,hop,10 nodes,0,tps_positive_commit,mean,95.02000000000001,5000,95.31666666666666,70.48333333333333,119.28333333333332,50.55,139.75
Quorum,fat-tree,GAFAM,8,16,10,2023,hop,10 nodes,0,tps_positive_commit,iqr_pct,61.67122711008209,5000,61.68414462357176,23.773852704620722,101.49910233393179,6.2704002748668595,122.077101327154
Quorum,fat-tree,GAFAM,8,16,10,2023,hop,10 nodes,0,tps_positive_commit,sample_std_pct,48.74759976395539,5000,48.6430091339367,33.27349751595417,63.05120530619839,14.114010325813,77.9606958628578
Quorum,fat-tree,GAFAM,8,16,10,2023,hop,10 nodes,0,tps_positive_commit,delta_min_pct,-59.271732266891185,5000,-53.84877387886719,-64.42469741075533,-35.831622176591374,-68.12191103789125,-14.417485462201721
Quorum,fat-tree,GAFAM,8,16,10,2023,hop,10 nodes,0,tps_positive_commit,delta_max_pct,75.7524731635445,5000,68.8086642599278,33.957219251336895,107.36754966887416,9.853047458443742,126.1646803900325
Quorum,fat-tree,GAFAM,8,16,10,2023,hop,10 nodes,0,tps_positive_commit,range_abs,128.3,5000,117.0,64.0,128.3,21.699999999999996,128.3
Quorum,fat-tree,GAFAM,8,16,10,2023,hop,10 nodes,0,tps_positive_commit,wcd_abs,71.97999999999999,5000,68.88333333333333,35.35000000000001,86.31428571428572,11.849999999999994,93.16
Quorum,fat-tree,GAFAM,8,16,10,2023,hop,10 nodes,0,tps_positive_commit,wcd_pct,75.7524731635445,5000,68.8086642599278,39.72758229284904,107.36754966887416,19.78533094812165,126.1646803900325
Quorum,fat-tree,GAFAM,8,16,10,2023,hop,40 nodes,0,tps_positive_commit,n_metric,8.0,5000,4.0,3.0,6.0,1.0,8.0
Quorum,fat-tree,GAFAM,8,16,10,2023,hop,40 nodes,0,tps_positive_commit,mean,10.950000000000001,5000,13.433333333333335,2.04,24.16666666666667,1.3,36.1
Quorum,fat-tree,GAFAM,8,16,10,2023,hop,40 nodes,0,tps_positive_commit,iqr_pct,34.01826484018264,5000,47.54098360655737,7.738095238095236,133.72739916550765,0.0,140.36496350364968
Quorum,fat-tree,GAFAM,8,16,10,2023,hop,40 nodes,0,tps_positive_commit,sample_std_pct,201.67087181788006,4995,155.11391524903362,26.186146828319085,195.87494717386744,3.8221988172245758,206.04480625601778
Quorum,fat-tree,GAFAM,8,16,10,2023,hop,40 nodes,0,tps_positive_commit,delta_min_pct,-88.12785388127853,5000,-87.88694481830417,-93.13257526700684,-24.999999999999996,-96.10194902548727,0.0
Quorum,fat-tree,GAFAM,8,16,10,2023,hop,40 nodes,0,tps_positive_commit,delta_max_pct,497.2602739726027,5000,225.3731343283582,34.328358208955216,404.3701799485861,0.0,497.26027397260276
Quorum,fat-tree,GAFAM,8,16,10,2023,hop,40 nodes,0,tps_positive_commit,range_abs,64.10000000000001,5000,63.50000000000001,1.2,64.10000000000001,0.0,64.10000000000001
Quorum,fat-tree,GAFAM,8,16,10,2023,hop,40 nodes,0,tps_positive_commit,wcd_abs,54.45,5000,45.300000000000004,0.7666666666666666,52.43333333333334,0.0,54.45
Quorum,fat-tree,GAFAM,8,16,10,2023,hop,40 nodes,0,tps_positive_commit,wcd_pct,497.2602739726027,5000,225.3731343283582,34.328358208955216,404.3701799485861,0.0,497.26027397260276
Quorum,fat-tree,Gaming,8,16,10,2023,hop,10 nodes,0,tps_positive_commit,n_metric,0.0,5000,0.0,0.0,0.0,0.0,0.0
Quorum,fat-tree,Gaming,8,16,10,2023,hop,10 nodes,0,tps_positive_commit,mean,,0,,,,,
Quorum,fat-tree,Gaming,8,16,10,2023,hop,10 nodes,0,tps_positive_commit,iqr_pct,,0,,,,,
Quorum,fat-tree,Gaming,8,16,10,2023,hop,10 nodes,0,tps_positive_commit,sample_std_pct,,0,,,,,
Quorum,fat-tree,Gaming,8,16,10,2023,hop,10 nodes,0,tps_positive_commit,delta_min_pct,,0,,,,,
Quorum,fat-tree,Gaming,8,16,10,2023,hop,10 nodes,0,tps_positive_commit,delta_max_pct,,0,,,,,
Quorum,fat-tree,Gaming,8,16,10,2023,hop,10 nodes,0,tps_positive_commit,range_abs,,0,,,,,
Quorum,fat-tree,Gaming,8,16,10,2023,hop,10 nodes,0,tps_positive_commit,wcd_abs,,0,,,,,
Quorum,fat-tree,Gaming,8,16,10,2023,hop,10 nodes,0,tps_positive_commit,wcd_pct,,0,,,,,
Quorum,fat-tree,Gaming,8,16,10,2023,hop,40 nodes,0,tps_positive_commit,n_metric,0.0,5000,0.0,0.0,0.0,0.0,0.0
Quorum,fat-tree,Gaming,8,16,10,2023,hop,40 nodes,0,tps_positive_commit,mean,,0,,,,,
Quorum,fat-tree,Gaming,8,16,10,2023,hop,40 nodes,0,tps_positive_commit,iqr_pct,,0,,,,,
Quorum,fat-tree,Gaming,8,16,10,2023,hop,40 nodes,0,tps_positive_commit,sample_std_pct,,0,,,,,
Quorum,fat-tree,Gaming,8,16,10,2023,hop,40 nodes,0,tps_positive_commit,delta_min_pct,,0,,,,,
Quorum,fat-tree,Gaming,8,16,10,2023,hop,40 nodes,0,tps_positive_commit,delta_max_pct,,0,,,,,
Quorum,fat-tree,Gaming,8,16,10,2023,hop,40 nodes,0,tps_positive_commit,range_abs,,0,,,,,
Quorum,fat-tree,Gaming,8,16,10,2023,hop,40 nodes,0,tps_positive_commit,wcd_abs,,0,,,,,
Quorum,fat-tree,Gaming,8,16,10,2023,hop,40 nodes,0,tps_positive_commit,wcd_pct,,0,,,,,
Quorum,fat-tree,PayPal,8,16,10,2023,hop,10 nodes,0,tps_positive_commit,n_metric,14.0,5000,9.0,9.0,9.0,9.0,9.0
Quorum,fat-tree,PayPal,8,16,10,2023,hop,10 nodes,0,tps_positive_commit,mean,155.90000000000003,5000,151.86666666666667,133.83333333333334,182.7,133.76666666666668,195.5777777777778
Quorum,fat-tree,PayPal,8,16,10,2023,hop,10 nodes,0,tps_positive_commit,iqr_pct,55.612572161642056,5000,75.93852908891327,0.12040939193258102,96.39923670455488,0.10948239158201432,96.4819117158978
Quorum,fat-tree,PayPal,8,16,10,2023,hop,10 nodes,0,tps_positive_commit,sample_std_pct,42.20315311750428,5000,43.50170518488412,21.044973570138225,55.442198190881754,0.11148079139490329,55.46107801499972
Quorum,fat-tree,PayPal,8,16,10,2023,hop,10 nodes,0,tps_positive_commit,delta_min_pct,-78.38357921744709,5000,-77.01750397817685,-79.55372792234056,-56.11891300383002,-81.02714875516077,-0.14202931485058193
Quorum,fat-tree,PayPal,8,16,10,2023,hop,10 nodes,0,tps_positive_commit,delta_max_pct,25.65747273893519,5000,28.96662763466043,7.218438336171252,46.32566636220209,0.15345268542198615,46.38824310860183
Quorum,fat-tree,PayPal,8,16,10,2023,hop,10 nodes,0,tps_positive_commit,range_abs,162.2,5000,162.10000000000002,115.7,162.2,0.5999999999999943,162.2
Quorum,fat-tree,PayPal,8,16,10,2023,hop,10 nodes,0,tps_positive_commit,wcd_abs,122.20000000000003,5000,114.5111111111111,100.12222222222222,132.35583333333332,0.30000000000001137,143.92222222222222
Quorum,fat-tree,PayPal,8,16,10,2023,hop,10 nodes,0,tps_positive_commit,wcd_pct,78.38357921744709,5000,77.01750397817685,56.11891300383002,79.55372792234056,0.1534526854220007,81.02714875516077
Quorum,fat-tree,PayPal,8,16,10,2023,hop,40 nodes,0,tps_positive_commit,n_metric,13.0,5000,9.0,9.0,9.0,9.0,9.0
Quorum,fat-tree,PayPal,8,16,10,2023,hop,40 nodes,0,tps_positive_commit,mean,195.43846153846152,5000,195.44444444444446,195.04444444444445,195.82222222222222,194.98888888888888,195.86666666666667
Quorum,fat-tree,PayPal,8,16,10,2023,hop,40 nodes,0,tps_positive_commit,iqr_pct,0.1535010036604144,5000,0.15360109227443974,0.10222045544891235,0.3069751577511343,0.10214504596526487,0.30702751876280443
Quorum,fat-tree,PayPal,8,16,10,2023,hop,40 nodes,0,tps_positive_commit,sample_std_pct,0.5489190157731453,5000,0.5598502552293537,0.32419015422629804,0.6705566454893129,0.09724587124857827,0.671971194118452
Quorum,fat-tree,PayPal,8,16,10,2023,hop,40 nodes,0,tps_positive_commit,delta_min_pct,-0.9918526390364789,5000,-0.916021847974512,-1.0904753791105772,-0.28946024178444985,-1.1073253833049357,-0.1080343435492112
Quorum,fat-tree,PayPal,8,16,10,2023,hop,40 nodes,0,tps_positive_commit,delta_max_pct,1.3106624158696494,5000,1.2154947177098654,0.2959590210586252,1.3824884792626668,0.14798793329159443,1.399795151928994
Quorum,fat-tree,PayPal,8,16,10,2023,hop,40 nodes,0,tps_positive_commit,range_abs,4.5,5000,4.0,2.0,4.5,0.6000000000000227,4.5
Quorum,fat-tree,PayPal,8,16,10,2023,hop,40 nodes,0,tps_positive_commit,wcd_abs,2.5615384615384755,5000,2.3777777777777658,1.3222222222222229,2.6999999999999886,0.38888888888888573,2.7333333333333485
Quorum,fat-tree,PayPal,8,16,10,2023,hop,40 nodes,0,tps_positive_commit,wcd_pct,1.3106624158696494,5000,1.2154947177098654,0.6769440810057458,1.3824884792626668,0.19901063285381085,1.399795151928994
Quorum,fat-tree,VISA,8,16,10,2023,hop,10 nodes,0,tps_positive_commit,n_metric,3.0,5000,2.0,1.0,3.0,0.0,3.0
Quorum,fat-tree,VISA,8,16,10,2023,hop,10 nodes,0,tps_positive_commit,mean,6.566666666666666,4935,6.566666666666666,4.7,9.2,4.7,9.2
Quorum,fat-tree,VISA,8,16,10,2023,hop,10 nodes,0,tps_positive_commit,iqr_pct,34.263959390862944,4935,22.66666666666667,0.0,34.263959390862944,0.0,34.263959390862944
Quorum,fat-tree,VISA,8,16,10,2023,hop,10 nodes,0,tps_positive_commit,sample_std_pct,35.724646314543975,4044,35.724646314543975,14.81557065343242,45.78389230704264,14.81557065343242,45.78389230704264
Quorum,fat-tree,VISA,8,16,10,2023,hop,10 nodes,0,tps_positive_commit,delta_min_pct,-28.42639593908629,4935,-22.66666666666667,-32.374100719424455,0.0,-32.374100719424455,0.0
Quorum,fat-tree,VISA,8,16,10,2023,hop,10 nodes,0,tps_positive_commit,delta_max_pct,40.10152284263958,4935,22.66666666666666,0.0,40.10152284263958,0.0,40.10152284263958
Quorum,fat-tree,VISA,8,16,10,2023,hop,10 nodes,0,tps_positive_commit,range_abs,4.499999999999999,4935,3.3999999999999995,0.0,4.499999999999999,0.0,4.499999999999999
Quorum,fat-tree,VISA,8,16,10,2023,hop,10 nodes,0,tps_positive_commit,wcd_abs,2.633333333333333,4935,1.7000000000000002,0.0,2.633333333333333,0.0,2.633333333333333
Quorum,fat-tree,VISA,8,16,10,2023,hop,10 nodes,0,tps_positive_commit,wcd_pct,40.10152284263958,4935,22.66666666666667,0.0,40.10152284263958,0.0,40.10152284263958
Quorum,fat-tree,VISA,8,16,10,2023,hop,40 nodes,0,tps_positive_commit,n_metric,14.0,5000,9.0,9.0,9.0,9.0,9.0
Quorum,fat-tree,VISA,8,16,10,2023,hop,40 nodes,0,tps_positive_commit,mean,6.542857142857143,5000,6.533333333333334,5.288888888888889,7.722222222222222,4.622222222222222,8.244444444444445
Quorum,fat-tree,VISA,8,16,10,2023,hop,40 nodes,0,tps_positive_commit,iqr_pct,64.19213973799124,5000,60.65217391304347,35.56701030927835,113.7973018360949,26.70623145400592,124.6891651865009
Quorum,fat-tree,VISA,8,16,10,2023,hop,40 nodes,0,tps_positive_commit,sample_std_pct,47.979936145008665,5000,48.06153372125482,36.53252507352553,57.543828765098155,30.0508570717308,62.8147548545162
Quorum,fat-tree,VISA,8,16,10,2023,hop,40 nodes,0,tps_positive_commit,delta_min_pct,-55.6768558951965,5000,-54.68749999999999,-61.561119293078065,-44.111349036402565,-64.0,-37.25961538461539
Quorum,fat-tree,VISA,8,16,10,2023,hop,40 nodes,0,tps_positive_commit,delta_max_pct,78.82096069868994,5000,76.08695652173911,49.78662873399718,107.69230769230765,41.913746630727736,126.45161290322578
Quorum,fat-tree,VISA,8,16,10,2023,hop,40 nodes,0,tps_positive_commit,range_abs,8.799999999999999,5000,8.799999999999999,5.299999999999999,8.799999999999999,3.9,8.799999999999999
Quorum,fat-tree,VISA,8,16,10,2023,hop,40 nodes,0,tps_positive_commit,wcd_abs,5.157142857142857,5000,4.988888888888888,3.253611111111111,6.011111111111112,2.177777777777778,6.533333333333332
Quorum,fat-tree,VISA,8,16,10,2023,hop,40 nodes,0,tps_positive_commit,wcd_pct,78.82096069868994,5000,76.08695652173911,54.39882697947212,107.69230769230765,43.30097087378639,126.45161290322578
Quorum,full mesh,DDoS,8,16,10,2023,hop,10 nodes,0,tps_positive_commit,n_metric,0.0,5000,0.0,0.0,0.0,0.0,0.0
Quorum,full mesh,DDoS,8,16,10,2023,hop,10 nodes,0,tps_positive_commit,mean,,0,,,,,
Quorum,full mesh,DDoS,8,16,10,2023,hop,10 nodes,0,tps_positive_commit,iqr_pct,,0,,,,,
Quorum,full mesh,DDoS,8,16,10,2023,hop,10 nodes,0,tps_positive_commit,sample_std_pct,,0,,,,,
Quorum,full mesh,DDoS,8,16,10,2023,hop,10 nodes,0,tps_positive_commit,delta_min_pct,,0,,,,,
Quorum,full mesh,DDoS,8,16,10,2023,hop,10 nodes,0,tps_positive_commit,delta_max_pct,,0,,,,,
Quorum,full mesh,DDoS,8,16,10,2023,hop,10 nodes,0,tps_positive_commit,range_abs,,0,,,,,
Quorum,full mesh,DDoS,8,16,10,2023,hop,10 nodes,0,tps_positive_commit,wcd_abs,,0,,,,,
Quorum,full mesh,DDoS,8,16,10,2023,hop,10 nodes,0,tps_positive_commit,wcd_pct,,0,,,,,
Quorum,full mesh,DDoS,8,16,10,2023,hop,40 nodes,0,tps_positive_commit,n_metric,0.0,5000,0.0,0.0,0.0,0.0,0.0
Quorum,full mesh,DDoS,8,16,10,2023,hop,40 nodes,0,tps_positive_commit,mean,,0,,,,,
Quorum,full mesh,DDoS,8,16,10,2023,hop,40 nodes,0,tps_positive_commit,iqr_pct,,0,,,,,
Quorum,full mesh,DDoS,8,16,10,2023,hop,40 nodes,0,tps_positive_commit,sample_std_pct,,0,,,,,
Quorum,full mesh,DDoS,8,16,10,2023,hop,40 nodes,0,tps_positive_commit,delta_min_pct,,0,,,,,
Quorum,full mesh,DDoS,8,16,10,2023,hop,40 nodes,0,tps_positive_commit,delta_max_pct,,0,,,,,
Quorum,full mesh,DDoS,8,16,10,2023,hop,40 nodes,0,tps_positive_commit,range_abs,,0,,,,,
Quorum,full mesh,DDoS,8,16,10,2023,hop,40 nodes,0,tps_positive_commit,wcd_abs,,0,,,,,
Quorum,full mesh,DDoS,8,16,10,2023,hop,40 nodes,0,tps_positive_commit,wcd_pct,,0,,,,,
Quorum,full mesh,FIFA,8,16,10,2023,hop,10 nodes,0,tps_positive_commit,n_metric,0.0,5000,0.0,0.0,0.0,0.0,0.0
Quorum,full mesh,FIFA,8,16,10,2023,hop,10 nodes,0,tps_positive_commit,mean,,0,,,,,
Quorum,full mesh,FIFA,8,16,10,2023,hop,10 nodes,0,tps_positive_commit,iqr_pct,,0,,,,,
Quorum,full mesh,FIFA,8,16,10,2023,hop,10 nodes,0,tps_positive_commit,sample_std_pct,,0,,,,,
Quorum,full mesh,FIFA,8,16,10,2023,hop,10 nodes,0,tps_positive_commit,delta_min_pct,,0,,,,,
Quorum,full mesh,FIFA,8,16,10,2023,hop,10 nodes,0,tps_positive_commit,delta_max_pct,,0,,,,,
Quorum,full mesh,FIFA,8,16,10,2023,hop,10 nodes,0,tps_positive_commit,range_abs,,0,,,,,
Quorum,full mesh,FIFA,8,16,10,2023,hop,10 nodes,0,tps_positive_commit,wcd_abs,,0,,,,,
Quorum,full mesh,FIFA,8,16,10,2023,hop,10 nodes,0,tps_positive_commit,wcd_pct,,0,,,,,
Quorum,full mesh,FIFA,8,16,10,2023,hop,40 nodes,0,tps_positive_commit,n_metric,0.0,5000,0.0,0.0,0.0,0.0,0.0
Quorum,full mesh,FIFA,8,16,10,2023,hop,40 nodes,0,tps_positive_commit,mean,,0,,,,,
Quorum,full mesh,FIFA,8,16,10,2023,hop,40 nodes,0,tps_positive_commit,iqr_pct,,0,,,,,
Quorum,full mesh,FIFA,8,16,10,2023,hop,40 nodes,0,tps_positive_commit,sample_std_pct,,0,,,,,
Quorum,full mesh,FIFA,8,16,10,2023,hop,40 nodes,0,tps_positive_commit,delta_min_pct,,0,,,,,
Quorum,full mesh,FIFA,8,16,10,2023,hop,40 nodes,0,tps_positive_commit,delta_max_pct,,0,,,,,
Quorum,full mesh,FIFA,8,16,10,2023,hop,40 nodes,0,tps_positive_commit,range_abs,,0,,,,,
Quorum,full mesh,FIFA,8,16,10,2023,hop,40 nodes,0,tps_positive_commit,wcd_abs,,0,,,,,
Quorum,full mesh,FIFA,8,16,10,2023,hop,40 nodes,0,tps_positive_commit,wcd_pct,,0,,,,,
Quorum,full mesh,GAFAM,8,16,10,2023,hop,10 nodes,0,tps_positive_commit,n_metric,10.0,5000,7.0,6.0,8.0,6.0,9.0
Quorum,full mesh,GAFAM,8,16,10,2023,hop,10 nodes,0,tps_positive_commit,mean,84.09,5000,84.77142857142857,67.68333333333334,99.81428571428572,60.583333333333336,105.80000000000001
Quorum,full mesh,GAFAM,8,16,10,2023,hop,10 nodes,0,tps_positive_commit,iqr_pct,44.68426685693898,5000,42.616313309776196,25.201414816270372,63.71005094951365,21.249252839211003,69.22201138519925
Quorum,full mesh,GAFAM,8,16,10,2023,hop,10 nodes,0,tps_positive_commit,sample_std_pct,46.233727524078404,5000,45.42589167902991,27.456736811836283,58.934926302431414,20.237128115499182,64.90551274091104
Quorum,full mesh,GAFAM,8,16,10,2023,hop,10 nodes,0,tps_positive_commit,delta_min_pct,-66.34558211440124,5000,-62.930389221556894,-69.23536430449889,-32.12443095599393,-71.29817444219067,-20.76875387476751
Quorum,full mesh,GAFAM,8,16,10,2023,hop,10 nodes,0,tps_positive_commit,delta_max_pct,98.23998097276724,5000,82.29964068114357,37.71477663230241,112.62755102040818,27.110275099929442,125.11816340310601
Quorum,full mesh,GAFAM,8,16,10,2023,hop,10 nodes,0,tps_positive_commit,range_abs,138.39999999999998,5000,119.19999999999999,58.599999999999994,138.39999999999998,42.199999999999996,138.39999999999998
Quorum,full mesh,GAFAM,8,16,10,2023,hop,10 nodes,0,tps_positive_commit,wcd_abs,82.60999999999999,5000,75.25714285714285,32.28333333333333,88.3,23.383333333333326,92.64999999999999
Quorum,full mesh,GAFAM,8,16,10,2023,hop,10 nodes,0,tps_positive_commit,wcd_pct,98.23998097276724,5000,82.29964068114357,39.76289047798269,112.62755102040818,28.531337698783915,125.11816340310601
Quorum,full mesh,GAFAM,8,16,10,2023,hop,40 nodes,0,tps_positive_commit,n_metric,2.0,5000,1.0,0.0,2.0,0.0,2.0
Quorum,full mesh,GAFAM,8,16,10,2023,hop,40 nodes,0,tps_positive_commit,mean,12.4,4439,12.4,7.2,17.6,7.2,17.6
Quorum,full mesh,GAFAM,8,16,10,2023,hop,40 nodes,0,tps_positive_commit,iqr_pct,41.93548387096773,4439,0.0,0.0,41.93548387096773,0.0,41.93548387096773
Quorum,full mesh,GAFAM,8,16,10,2023,hop,40 nodes,0,tps_positive_commit,sample_std_pct,59.305730035000764,1975,59.305730035000764,59.305730035000764,59.305730035000764,59.305730035000764,59.305730035000764
Quorum,full mesh,GAFAM,8,16,10,2023,hop,40 nodes,0,tps_positive_commit,delta_min_pct,-41.935483870967744,4439,0.0,-41.935483870967744,0.0,-41.935483870967744,0.0
Quorum,full mesh,GAFAM,8,16,10,2023,hop,40 nodes,0,tps_positive_commit,delta_max_pct,41.93548387096775,4439,0.0,0.0,41.93548387096775,0.0,41.93548387096775
Quorum,full mesh,GAFAM,8,16,10,2023,hop,40 nodes,0,tps_positive_commit,range_abs,10.400000000000002,4439,0.0,0.0,10.400000000000002,0.0,10.400000000000002
Quorum,full mesh,GAFAM,8,16,10,2023,hop,40 nodes,0,tps_positive_commit,wcd_abs,5.200000000000001,4439,0.0,0.0,5.200000000000001,0.0,5.200000000000001
Quorum,full mesh,GAFAM,8,16,10,2023,hop,40 nodes,0,tps_positive_commit,wcd_pct,41.93548387096775,4439,0.0,0.0,41.93548387096775,0.0,41.93548387096775
Quorum,full mesh,Gaming,8,16,10,2023,hop,10 nodes,0,tps_positive_commit,n_metric,0.0,5000,0.0,0.0,0.0,0.0,0.0
Quorum,full mesh,Gaming,8,16,10,2023,hop,10 nodes,0,tps_positive_commit,mean,,0,,,,,
Quorum,full mesh,Gaming,8,16,10,2023,hop,10 nodes,0,tps_positive_commit,iqr_pct,,0,,,,,
Quorum,full mesh,Gaming,8,16,10,2023,hop,10 nodes,0,tps_positive_commit,sample_std_pct,,0,,,,,
Quorum,full mesh,Gaming,8,16,10,2023,hop,10 nodes,0,tps_positive_commit,delta_min_pct,,0,,,,,
Quorum,full mesh,Gaming,8,16,10,2023,hop,10 nodes,0,tps_positive_commit,delta_max_pct,,0,,,,,
Quorum,full mesh,Gaming,8,16,10,2023,hop,10 nodes,0,tps_positive_commit,range_abs,,0,,,,,
Quorum,full mesh,Gaming,8,16,10,2023,hop,10 nodes,0,tps_positive_commit,wcd_abs,,0,,,,,
Quorum,full mesh,Gaming,8,16,10,2023,hop,10 nodes,0,tps_positive_commit,wcd_pct,,0,,,,,
Quorum,full mesh,Gaming,8,16,10,2023,hop,40 nodes,0,tps_positive_commit,n_metric,0.0,5000,0.0,0.0,0.0,0.0,0.0
Quorum,full mesh,Gaming,8,16,10,2023,hop,40 nodes,0,tps_positive_commit,mean,,0,,,,,
Quorum,full mesh,Gaming,8,16,10,2023,hop,40 nodes,0,tps_positive_commit,iqr_pct,,0,,,,,
Quorum,full mesh,Gaming,8,16,10,2023,hop,40 nodes,0,tps_positive_commit,sample_std_pct,,0,,,,,
Quorum,full mesh,Gaming,8,16,10,2023,hop,40 nodes,0,tps_positive_commit,delta_min_pct,,0,,,,,
Quorum,full mesh,Gaming,8,16,10,2023,hop,40 nodes,0,tps_positive_commit,delta_max_pct,,0,,,,,
Quorum,full mesh,Gaming,8,16,10,2023,hop,40 nodes,0,tps_positive_commit,range_abs,,0,,,,,
Quorum,full mesh,Gaming,8,16,10,2023,hop,40 nodes,0,tps_positive_commit,wcd_abs,,0,,,,,
Quorum,full mesh,Gaming,8,16,10,2023,hop,40 nodes,0,tps_positive_commit,wcd_pct,,0,,,,,
Quorum,full mesh,PayPal,8,16,10,2023,hop,10 nodes,0,tps_positive_commit,n_metric,13.0,5000,9.0,9.0,9.0,9.0,9.0
Quorum,full mesh,PayPal,8,16,10,2023,hop,10 nodes,0,tps_positive_commit,mean,161.79999999999998,5000,163.25555555555556,145.98888888888888,186.8222222222222,145.7,196.86666666666667
Quorum,full mesh,PayPal,8,16,10,2023,hop,10 nodes,0,tps_positive_commit,iqr_pct,26.452410383189132,5000,26.156039926665315,1.4280483339436074,61.54079927062758,1.2698950220115137,61.68224299065421
Quorum,full mesh,PayPal,8,16,10,2023,hop,10 nodes,0,tps_positive_commit,sample_std_pct,38.529582245191506,5000,36.67718615758673,15.914016833851353,48.13649263684561,0.6857433118862171,48.20519966858968
Quorum,full mesh,PayPal,8,16,10,2023,hop,10 nodes,0,tps_positive_commit,delta_min_pct,-83.74536464771322,5000,-82.52749686277404,-84.82886809383412,-40.80898053810017,-85.23393636930754,-0.8973924822214621
Quorum,full mesh,PayPal,8,16,10,2023,hop,10 nodes,0,tps_positive_commit,delta_max_pct,22.496909765142156,5000,21.37170851194122,6.083853702051728,35.70938999314601,0.6772773450727977,35.98109467906691
Quorum,full mesh,PayPal,8,16,10,2023,hop,10 nodes,0,tps_positive_commit,range_abs,171.89999999999998,5000,171.79999999999998,90.39999999999999,171.89999999999998,3.0999999999999943,171.89999999999998
Quorum,full mesh,PayPal,8,16,10,2023,hop,10 nodes,0,tps_positive_commit,wcd_abs,135.49999999999997,5000,127.04444444444444,74.32222222222221,147.05555555555554,1.7666666666666515,151.81111111111113
Quorum,full mesh,PayPal,8,16,10,2023,hop,10 nodes,0,tps_positive_commit,wcd_pct,83.74536464771322,5000,82.52749686277404,40.80898053810017,84.82886809383412,0.8973924822214621,85.23393636930754
Quorum,full mesh,PayPal,8,16,10,2023,hop,40 nodes,0,tps_positive_commit,n_metric,13.0,5000,9.0,9.0,9.0,9.0,9.0
Quorum,full mesh,PayPal,8,16,10,2023,hop,40 nodes,0,tps_positive_commit,mean,197.8384615384615,5000,197.83333333333334,197.75555555555556,197.9333333333333,197.7222222222222,197.9666666666667
Quorum,full mesh,PayPal,8,16,10,2023,hop,40 nodes,0,tps_positive_commit,iqr_pct,0.15163886620786768,5000,0.1516598326124868,0.10105546822366368,0.2527379949452401,0.10102710894089338,0.25279478680972983
Quorum,full mesh,PayPal,8,16,10,2023,hop,40 nodes,0,tps_positive_commit,sample_std_pct,0.12810345277448906,5000,0.1331747007202112,0.0891676002156255,0.15118253014709712,0.07764044849505626,0.15395653332441467
Quorum,full mesh,PayPal,8,16,10,2023,hop,40 nodes,0,tps_positive_commit,delta_min_pct,-0.2721723239628048,5000,-0.2527805864509462,-0.29198719748442054,-0.1179443976411197,-0.3143771402908049,-0.10111223458037849
Quorum,full mesh,PayPal,8,16,10,2023,hop,40 nodes,0,tps_positive_commit,delta_max_pct,0.18274427466076948,5000,0.1684636118598287,0.11772590562683366,0.21348314606741317,0.09544127554455209,0.23037590605159264
Quorum,full mesh,PayPal,8,16,10,2023,hop,40 nodes,0,tps_positive_commit,range_abs,0.8999999999999773,5000,0.799999999999983,0.5,0.8999999999999773,0.4000000000000057,0.8999999999999773
Quorum,full mesh,PayPal,8,16,10,2023,hop,40 nodes,0,tps_positive_commit,wcd_abs,0.5384615384614904,5000,0.4999999999999716,0.25555555555556,0.5777777777777828,0.20000000000001705,0.6222222222222342
Quorum,full mesh,PayPal,8,16,10,2023,hop,40 nodes,0,tps_positive_commit,wcd_pct,0.2721723239628048,5000,0.2527805864509462,0.12916994271594068,0.29198719748442054,0.10111223458039284,0.3143771402908049
Quorum,full mesh,VISA,8,16,10,2023,hop,10 nodes,0,tps_positive_commit,n_metric,8.0,5000,5.0,3.0,7.0,3.0,8.0
Quorum,full mesh,VISA,8,16,10,2023,hop,10 nodes,0,tps_positive_commit,mean,4.7875,5000,4.9399999999999995,2.275,7.1,1.0666666666666667,9.4
Quorum,full mesh,VISA,8,16,10,2023,hop,10 nodes,0,tps_positive_commit,iqr_pct,119.06005221932114,5000,111.32075471698116,9.900990099009897,158.04597701149427,5.376344086021504,165.69767441860466
Quorum,full mesh,VISA,8,16,10,2023,hop,10 nodes,0,tps_positive_commit,sample_std_pct,97.91764246047451,5000,93.31980773771292,66.56705978385605,130.93173193335923,10.188534162169862,157.5094489234644
Quorum,full mesh,VISA,8,16,10,2023,hop,10 nodes,0,tps_positive_commit,delta_min_pct,-79.11227154046996,5000,-79.39914163090128,-85.67335243553009,-55.0561797752809,-86.66666666666667,-6.249999999999999
Quorum,full mesh,VISA,8,16,10,2023,hop,10 nodes,0,tps_positive_commit,delta_max_pct,196.6057441253264,5000,139.86486486486484,65.15837104072398,236.75889328063238,5.882352941176449,281.7204301075269
Quorum,full mesh,VISA,8,16,10,2023,hop,10 nodes,0,tps_positive_commit,range_abs,13.2,5000,13.2,4.7,13.2,0.19999999999999996,13.2
Quorum,full mesh,VISA,8,16,10,2023,hop,10 nodes,0,tps_positive_commit,wcd_abs,9.4125,5000,8.183333333333334,3.066666666666667,9.983333333333333,0.10000000000000009,10.48
Quorum,full mesh,VISA,8,16,10,2023,hop,10 nodes,0,tps_positive_commit,wcd_pct,196.6057441253264,5000,139.86486486486484,76.95852534562212,236.75889328063238,9.090909090909099,281.7204301075269
Quorum,full mesh,VISA,8,16,10,2023,hop,40 nodes,0,tps_positive_commit,n_metric,18.0,5000,9.0,9.0,9.0,9.0,9.0
Quorum,full mesh,VISA,8,16,10,2023,hop,40 nodes,0,tps_positive_commit,mean,8.972222222222221,5000,8.977777777777778,6.666666666666667,11.233333333333333,5.333333333333333,12.422222222222222
Quorum,full mesh,VISA,8,16,10,2023,hop,40 nodes,0,tps_positive_commit,iqr_pct,62.69349845201238,5000,56.76299376299376,27.51592356687898,104.51177087304607,17.14285714285715,138.04511278195486
Quorum,full mesh,VISA,8,16,10,2023,hop,40 nodes,0,tps_positive_commit,sample_std_pct,56.99142296409814,5000,56.276122070260904,34.139483123969036,77.96280082267342,22.813887549921834,88.13017747285276
Quorum,full mesh,VISA,8,16,10,2023,hop,40 nodes,0,tps_positive_commit,delta_min_pct,-94.42724458204334,5000,-86.32218844984803,-95.12987012987013,-43.99563318777293,-95.72243346007605,-27.893175074183972
Quorum,full mesh,VISA,8,16,10,2023,hop,40 nodes,0,tps_positive_commit,delta_max_pct,131.8266253869969,5000,97.05263157894738,50.36393783633047,158.20689655172416,31.61004431314624,204.88599348534203
Quorum,full mesh,VISA,8,16,10,2023,hop,40 nodes,0,tps_positive_commit,range_abs,20.3,5000,15.8,9.4,20.3,5.6,20.3
Quorum,full mesh,VISA,8,16,10,2023,hop,40 nodes,0,tps_positive_commit,wcd_abs,11.82777777777778,5000,9.216666666666667,5.233055555555555,12.744444444444445,2.822222222222223,13.977777777777778
Quorum,full mesh,VISA,8,16,10,2023,hop,40 nodes,0,tps_positive_commit,wcd_pct,131.8266253869969,5000,97.05263157894738,59.45652173913046,158.20689655172416,34.950385887541344,204.88599348534203
Quorum,hypercube,DDoS,8,16,10,2023,hop,10 nodes,0,tps_positive_commit,n_metric,0.0,5000,0.0,0.0,0.0,0.0,0.0
Quorum,hypercube,DDoS,8,16,10,2023,hop,10 nodes,0,tps_positive_commit,mean,,0,,,,,
Quorum,hypercube,DDoS,8,16,10,2023,hop,10 nodes,0,tps_positive_commit,iqr_pct,,0,,,,,
Quorum,hypercube,DDoS,8,16,10,2023,hop,10 nodes,0,tps_positive_commit,sample_std_pct,,0,,,,,
Quorum,hypercube,DDoS,8,16,10,2023,hop,10 nodes,0,tps_positive_commit,delta_min_pct,,0,,,,,
Quorum,hypercube,DDoS,8,16,10,2023,hop,10 nodes,0,tps_positive_commit,delta_max_pct,,0,,,,,
Quorum,hypercube,DDoS,8,16,10,2023,hop,10 nodes,0,tps_positive_commit,range_abs,,0,,,,,
Quorum,hypercube,DDoS,8,16,10,2023,hop,10 nodes,0,tps_positive_commit,wcd_abs,,0,,,,,
Quorum,hypercube,DDoS,8,16,10,2023,hop,10 nodes,0,tps_positive_commit,wcd_pct,,0,,,,,
Quorum,hypercube,DDoS,8,16,10,2023,hop,40 nodes,0,tps_positive_commit,n_metric,1.0,5000,1.0,0.0,1.0,0.0,1.0
Quorum,hypercube,DDoS,8,16,10,2023,hop,40 nodes,0,tps_positive_commit,mean,4.2,3413,4.2,4.2,4.2,4.2,4.2
Quorum,hypercube,DDoS,8,16,10,2023,hop,40 nodes,0,tps_positive_commit,iqr_pct,0.0,3413,0.0,0.0,0.0,0.0,0.0
Quorum,hypercube,DDoS,8,16,10,2023,hop,40 nodes,0,tps_positive_commit,sample_std_pct,,0,,,,,
Quorum,hypercube,DDoS,8,16,10,2023,hop,40 nodes,0,tps_positive_commit,delta_min_pct,0.0,3413,0.0,0.0,0.0,0.0,0.0
Quorum,hypercube,DDoS,8,16,10,2023,hop,40 nodes,0,tps_positive_commit,delta_max_pct,0.0,3413,0.0,0.0,0.0,0.0,0.0
Quorum,hypercube,DDoS,8,16,10,2023,hop,40 nodes,0,tps_positive_commit,range_abs,0.0,3413,0.0,0.0,0.0,0.0,0.0
Quorum,hypercube,DDoS,8,16,10,2023,hop,40 nodes,0,tps_positive_commit,wcd_abs,0.0,3413,0.0,0.0,0.0,0.0,0.0
Quorum,hypercube,DDoS,8,16,10,2023,hop,40 nodes,0,tps_positive_commit,wcd_pct,0.0,3413,0.0,0.0,0.0,0.0,0.0
Quorum,hypercube,FIFA,8,16,10,2023,hop,10 nodes,0,tps_positive_commit,n_metric,0.0,5000,0.0,0.0,0.0,0.0,0.0
Quorum,hypercube,FIFA,8,16,10,2023,hop,10 nodes,0,tps_positive_commit,mean,,0,,,,,
Quorum,hypercube,FIFA,8,16,10,2023,hop,10 nodes,0,tps_positive_commit,iqr_pct,,0,,,,,
Quorum,hypercube,FIFA,8,16,10,2023,hop,10 nodes,0,tps_positive_commit,sample_std_pct,,0,,,,,
Quorum,hypercube,FIFA,8,16,10,2023,hop,10 nodes,0,tps_positive_commit,delta_min_pct,,0,,,,,
Quorum,hypercube,FIFA,8,16,10,2023,hop,10 nodes,0,tps_positive_commit,delta_max_pct,,0,,,,,
Quorum,hypercube,FIFA,8,16,10,2023,hop,10 nodes,0,tps_positive_commit,range_abs,,0,,,,,
Quorum,hypercube,FIFA,8,16,10,2023,hop,10 nodes,0,tps_positive_commit,wcd_abs,,0,,,,,
Quorum,hypercube,FIFA,8,16,10,2023,hop,10 nodes,0,tps_positive_commit,wcd_pct,,0,,,,,
Quorum,hypercube,FIFA,8,16,10,2023,hop,40 nodes,0,tps_positive_commit,n_metric,0.0,5000,0.0,0.0,0.0,0.0,0.0
Quorum,hypercube,FIFA,8,16,10,2023,hop,40 nodes,0,tps_positive_commit,mean,,0,,,,,
Quorum,hypercube,FIFA,8,16,10,2023,hop,40 nodes,0,tps_positive_commit,iqr_pct,,0,,,,,
Quorum,hypercube,FIFA,8,16,10,2023,hop,40 nodes,0,tps_positive_commit,sample_std_pct,,0,,,,,
Quorum,hypercube,FIFA,8,16,10,2023,hop,40 nodes,0,tps_positive_commit,delta_min_pct,,0,,,,,
Quorum,hypercube,FIFA,8,16,10,2023,hop,40 nodes,0,tps_positive_commit,delta_max_pct,,0,,,,,
Quorum,hypercube,FIFA,8,16,10,2023,hop,40 nodes,0,tps_positive_commit,range_abs,,0,,,,,
Quorum,hypercube,FIFA,8,16,10,2023,hop,40 nodes,0,tps_positive_commit,wcd_abs,,0,,,,,
Quorum,hypercube,FIFA,8,16,10,2023,hop,40 nodes,0,tps_positive_commit,wcd_pct,,0,,,,,
Quorum,hypercube,GAFAM,8,16,10,2023,hop,10 nodes,0,tps_positive_commit,n_metric,13.0,5000,9.0,9.0,9.0,9.0,9.0
Quorum,hypercube,GAFAM,8,16,10,2023,hop,10 nodes,0,tps_positive_commit,mean,82.96153846153848,5000,83.07777777777778,65.79666666666667,98.9,57.166666666666664,104.0888888888889
Quorum,hypercube,GAFAM,8,16,10,2023,hop,10 nodes,0,tps_positive_commit,iqr_pct,71.59944367176634,5000,67.28719411499775,39.34501142421936,103.59381192475756,35.974930362117,111.35298980435381
Quorum,hypercube,GAFAM,8,16,10,2023,hop,10 nodes,0,tps_positive_commit,sample_std_pct,56.20063757327156,5000,56.08719628186398,42.64762623702777,67.14946137644561,37.15691628049716,70.81435395914079
Quorum,hypercube,GAFAM,8,16,10,2023,hop,10 nodes,0,tps_positive_commit,delta_min_pct,-72.51738525730183,5000,-71.14329911404866,-76.09784507862551,-49.47839046199702,-77.22783264898457,-42.623413258110006
Quorum,hypercube,GAFAM,8,16,10,2023,hop,10 nodes,0,tps_positive_commit,delta_max_pct,100.81594807603146,5000,93.87121799844843,67.9247396124986,132.0886814469078,60.05550811272414,155.82665074219423
Quorum,hypercube,GAFAM,8,16,10,2023,hop,10 nodes,0,tps_positive_commit,range_abs,143.79999999999998,5000,141.2,109.49999999999999,143.79999999999998,72.2,143.79999999999998
Quorum,hypercube,GAFAM,8,16,10,2023,hop,10 nodes,0,tps_positive_commit,wcd_abs,83.63846153846151,5000,78.36666666666667,61.099999999999994,94.18666666666654,37.833333333333336,101.47777777777779
Quorum,hypercube,GAFAM,8,16,10,2023,hop,10 nodes,0,tps_positive_commit,wcd_pct,100.81594807603146,5000,93.87121799844843,68.85135135135134,132.0886814469078,60.05550811272414,155.82665074219423
Quorum,hypercube,GAFAM,8,16,10,2023,hop,40 nodes,0,tps_positive_commit,n_metric,5.0,5000,3.0,2.0,5.0,1.0,5.0
Quorum,hypercube,GAFAM,8,16,10,2023,hop,40 nodes,0,tps_positive_commit,mean,8.6,5000,10.275,1.0,16.85,0.1,31.8
Quorum,hypercube,GAFAM,8,16,10,2023,hop,40 nodes,0,tps_positive_commit,iqr_pct,72.09302325581396,5000,110.85365853658537,60.41666666666667,142.36526946107782,0.0,142.36526946107784
Quorum,hypercube,GAFAM,8,16,10,2023,hop,40 nodes,0,tps_positive_commit,sample_std_pct,154.54621373413366,4962,133.63916436073163,81.01398216433043,173.78012199042203,16.637806616154055,173.78012199042203
Quorum,hypercube,GAFAM,8,16,10,2023,hop,40 nodes,0,tps_positive_commit,delta_min_pct,-98.83720930232559,5000,-96.90721649484534,-99.24242424242425,-59.45945945945945,-99.3730407523511,0.0
Quorum,hypercube,GAFAM,8,16,10,2023,hop,40 nodes,0,tps_positive_commit,delta_max_pct,269.76744186046517,5000,175.00000000000003,60.41666666666668,269.76744186046517,0.0,269.7674418604652
Quorum,hypercube,GAFAM,8,16,10,2023,hop,40 nodes,0,tps_positive_commit,range_abs,31.7,5000,30.3,1.4,31.7,0.0,31.7
Quorum,hypercube,GAFAM,8,16,10,2023,hop,40 nodes,0,tps_positive_commit,wcd_abs,23.200000000000003,5000,20.066666666666666,0.7000000000000001,23.200000000000003,0.0,23.200000000000003
Quorum,hypercube,GAFAM,8,16,10,2023,hop,40 nodes,0,tps_positive_commit,wcd_pct,269.76744186046517,5000,175.00000000000003,60.41666666666668,269.76744186046517,0.0,269.7674418604652
Quorum,hypercube,Gaming,8,16,10,2023,hop,10 nodes,0,tps_positive_commit,n_metric,0.0,5000,0.0,0.0,0.0,0.0,0.0
Quorum,hypercube,Gaming,8,16,10,2023,hop,10 nodes,0,tps_positive_commit,mean,,0,,,,,
Quorum,hypercube,Gaming,8,16,10,2023,hop,10 nodes,0,tps_positive_commit,iqr_pct,,0,,,,,
Quorum,hypercube,Gaming,8,16,10,2023,hop,10 nodes,0,tps_positive_commit,sample_std_pct,,0,,,,,
Quorum,hypercube,Gaming,8,16,10,2023,hop,10 nodes,0,tps_positive_commit,delta_min_pct,,0,,,,,
Quorum,hypercube,Gaming,8,16,10,2023,hop,10 nodes,0,tps_positive_commit,delta_max_pct,,0,,,,,
Quorum,hypercube,Gaming,8,16,10,2023,hop,10 nodes,0,tps_positive_commit,range_abs,,0,,,,,
Quorum,hypercube,Gaming,8,16,10,2023,hop,10 nodes,0,tps_positive_commit,wcd_abs,,0,,,,,
Quorum,hypercube,Gaming,8,16,10,2023,hop,10 nodes,0,tps_positive_commit,wcd_pct,,0,,,,,
Quorum,hypercube,Gaming,8,16,10,2023,hop,40 nodes,0,tps_positive_commit,n_metric,0.0,5000,0.0,0.0,0.0,0.0,0.0
Quorum,hypercube,Gaming,8,16,10,2023,hop,40 nodes,0,tps_positive_commit,mean,,0,,,,,
Quorum,hypercube,Gaming,8,16,10,2023,hop,40 nodes,0,tps_positive_commit,iqr_pct,,0,,,,,
Quorum,hypercube,Gaming,8,16,10,2023,hop,40 nodes,0,tps_positive_commit,sample_std_pct,,0,,,,,
Quorum,hypercube,Gaming,8,16,10,2023,hop,40 nodes,0,tps_positive_commit,delta_min_pct,,0,,,,,
Quorum,hypercube,Gaming,8,16,10,2023,hop,40 nodes,0,tps_positive_commit,delta_max_pct,,0,,,,,
Quorum,hypercube,Gaming,8,16,10,2023,hop,40 nodes,0,tps_positive_commit,range_abs,,0,,,,,
Quorum,hypercube,Gaming,8,16,10,2023,hop,40 nodes,0,tps_positive_commit,wcd_abs,,0,,,,,
Quorum,hypercube,Gaming,8,16,10,2023,hop,40 nodes,0,tps_positive_commit,wcd_pct,,0,,,,,
Quorum,hypercube,PayPal,8,16,10,2023,hop,10 nodes,0,tps_positive_commit,n_metric,17.0,5000,9.0,9.0,9.0,9.0,9.0
Quorum,hypercube,PayPal,8,16,10,2023,hop,10 nodes,0,tps_positive_commit,mean,182.66470588235296,5000,183.1,169.93333333333334,196.89999999999998,169.46666666666667,197.38888888888889
Quorum,hypercube,PayPal,8,16,10,2023,hop,10 nodes,0,tps_positive_commit,iqr_pct,1.3686278298393069,5000,1.2546595156536395,0.6570522085104782,29.508341293741182,0.3837719298245708,29.745264532984972
Quorum,hypercube,PayPal,8,16,10,2023,hop,10 nodes,0,tps_positive_commit,sample_std_pct,18.40245133155983,5000,21.00027250758159,0.5668653875426874,25.552048549705418,0.4454891950342689,25.67564449039486
Quorum,hypercube,PayPal,8,16,10,2023,hop,10 nodes,0,tps_positive_commit,delta_min_pct,-55.711203426400026,5000,-52.41487484478138,-56.061794701587104,-0.7401548110062824,-56.16759978327614,-0.48150456013144327
Quorum,hypercube,PayPal,8,16,10,2023,hop,10 nodes,0,tps_positive_commit,delta_max_pct,8.50481434966024,5000,8.21851289833081,0.6488743440726708,16.56750572082379,0.4109203490008402,16.80199057097956
Quorum,hypercube,PayPal,8,16,10,2023,hop,10 nodes,0,tps_positive_commit,range_abs,117.29999999999998,5000,117.19999999999999,2.9000000000000057,117.29999999999998,2.299999999999983,117.29999999999998
Quorum,hypercube,PayPal,8,16,10,2023,hop,10 nodes,0,tps_positive_commit,wcd_abs,101.76470588235296,5000,89.1111111111111,1.577499999999978,103.2222222222222,1.24444444444444,103.66666666666666
Quorum,hypercube,PayPal,8,16,10,2023,hop,10 nodes,0,tps_positive_commit,wcd_pct,55.711203426400026,5000,52.41487484478138,0.8008967255533836,56.061794701587104,0.6315552046915507,56.16759978327614
Quorum,hypercube,PayPal,8,16,10,2023,hop,40 nodes,0,tps_positive_commit,n_metric,13.0,5000,9.0,9.0,9.0,9.0,9.0
Quorum,hypercube,PayPal,8,16,10,2023,hop,40 nodes,0,tps_positive_commit,mean,197.64615384615385,5000,197.6,197.5111111111111,197.86666666666667,197.48888888888888,197.91111111111115
Quorum,hypercube,PayPal,8,16,10,2023,hop,40 nodes,0,tps_positive_commit,iqr_pct,0.20238187903791055,5000,0.20245191766955636,0.05054476019319044,0.2530648970869419,0.05052773411183183,0.2531218359770503
Quorum,hypercube,PayPal,8,16,10,2023,hop,40 nodes,0,tps_positive_commit,sample_std_pct,0.31299435067286036,5000,0.3659900781240268,0.09111062859157669,0.37821907210759825,0.058949023130473725,0.3803837282131663
Quorum,hypercube,PayPal,8,16,10,2023,hop,40 nodes,0,tps_positive_commit,delta_min_pct,-0.9846656807036744,5000,-0.9364717009507664,-0.9838093096469593,-0.12922800314643754,-1.0060701438849162,-0.10666966090277526
Quorum,hypercube,PayPal,8,16,10,2023,hop,40 nodes,0,tps_positive_commit,delta_max_pct,0.22962559352377457,5000,0.23612750885478254,0.10111223458037848,0.28687141410732175,0.07862518252273587,0.29815481548156963
Quorum,hypercube,PayPal,8,16,10,2023,hop,40 nodes,0,tps_positive_commit,range_abs,2.4000000000000057,5000,2.3000000000000114,0.5,2.4000000000000057,0.4000000000000057,2.4000000000000057
Quorum,hypercube,PayPal,8,16,10,2023,hop,40 nodes,0,tps_positive_commit,wcd_abs,1.9461538461538623,5000,1.8500000000000085,0.2555555555555884,1.944444444444457,0.211111111111137,1.988888888888937
Quorum,hypercube,PayPal,8,16,10,2023,hop,40 nodes,0,tps_positive_commit,wcd_pct,0.9846656807036744,5000,0.9364717009507664,0.12923526437041613,0.9838093096469593,0.10666966090277526,1.0060701438849162
Quorum,hypercube,VISA,8,16,10,2023,hop,10 nodes,0,tps_positive_commit,n_metric,4.0,5000,3.0,1.0,4.0,0.0,4.0
Quorum,hypercube,VISA,8,16,10,2023,hop,10 nodes,0,tps_positive_commit,mean,8.025,4992,8.025,1.2999999999999998,14.75,0.3,16.0
Quorum,hypercube,VISA,8,16,10,2023,hop,10 nodes,0,tps_positive_commit,iqr_pct,153.58255451713396,4992,95.65217391304347,0.0,153.58255451713396,0.0,153.58255451713396
Quorum,hypercube,VISA,8,16,10,2023,hop,10 nodes,0,tps_positive_commit,sample_std_pct,98.12573129487377,4730,100.24804999100421,11.984860698077076,137.83482551920798,11.984860698077076,137.83482551920798
Quorum,hypercube,VISA,8,16,10,2023,hop,10 nodes,0,tps_positive_commit,delta_min_pct,-96.26168224299064,4992,-95.16129032258064,-96.97986577181207,0.0,-96.97986577181207,0.0
Quorum,hypercube,VISA,8,16,10,2023,hop,10 nodes,0,tps_positive_commit,delta_max_pct,99.37694704049844,4992,95.65217391304347,0.0,158.06451612903228,0.0,158.06451612903228
Quorum,hypercube,VISA,8,16,10,2023,hop,10 nodes,0,tps_positive_commit,range_abs,15.7,4992,13.7,0.0,15.7,0.0,15.7
Quorum,hypercube,VISA,8,16,10,2023,hop,10 nodes,0,tps_positive_commit,wcd_abs,7.975,4992,7.975,0.0,9.8,0.0,9.8
Quorum,hypercube,VISA,8,16,10,2023,hop,10 nodes,0,tps_positive_commit,wcd_pct,99.37694704049844,4992,96.97986577181207,0.0,158.06451612903228,0.0,158.06451612903228
Quorum,hypercube,VISA,8,16,10,2023,hop,40 nodes,0,tps_positive_commit,n_metric,14.0,5000,8.0,8.0,9.0,8.0,9.0
Quorum,hypercube,VISA,8,16,10,2023,hop,40 nodes,0,tps_positive_commit,mean,7.885714285714286,5000,7.8999999999999995,5.610833333333334,10.100000000000001,4.175000000000001,11.1875
Quorum,hypercube,VISA,8,16,10,2023,hop,40 nodes,0,tps_positive_commit,iqr_pct,96.37681159420289,5000,85.41226215644821,40.41916167664671,147.26051267059518,26.039783001808317,162.29508196721312
Quorum,hypercube,VISA,8,16,10,2023,hop,40 nodes,0,tps_positive_commit,sample_std_pct,65.1642992739079,5000,65.54545140974483,47.31863820371177,83.39416651756902,37.19809894047407,91.44336602139167
Quorum,hypercube,VISA,8,16,10,2023,hop,40 nodes,0,tps_positive_commit,delta_min_pct,-78.44202898550724,5000,-77.43362831858406,-81.96992882562277,-54.23381494859688,-84.01880141010577,-37.02623906705539
Quorum,hypercube,VISA,8,16,10,2023,hop,40 nodes,0,tps_positive_commit,delta_max_pct,116.84782608695653,5000,103.87481371087932,66.21991627937165,161.57965682716502,52.84916201117319,210.20408163265313
Quorum,hypercube,VISA,8,16,10,2023,hop,40 nodes,0,tps_positive_commit,range_abs,15.400000000000002,5000,15.200000000000001,11.2,15.400000000000002,4.7,15.400000000000002
Quorum,hypercube,VISA,8,16,10,2023,hop,40 nodes,0,tps_positive_commit,wcd_abs,9.214285714285715,5000,8.205555555555556,6.175,10.4875,2.4750000000000005,11.587500000000002
Quorum,hypercube,VISA,8,16,10,2023,hop,40 nodes,0,tps_positive_commit,wcd_pct,116.84782608695653,5000,103.87481371087932,71.36667066299005,161.57965682716502,52.84916201117319,210.20408163265313
Quorum,scale-free,DDoS,8,16,10,2023,hop,10 nodes,0,tps_positive_commit,n_metric,0.0,5000,0.0,0.0,0.0,0.0,0.0
Quorum,scale-free,DDoS,8,16,10,2023,hop,10 nodes,0,tps_positive_commit,mean,,0,,,,,
Quorum,scale-free,DDoS,8,16,10,2023,hop,10 nodes,0,tps_positive_commit,iqr_pct,,0,,,,,
Quorum,scale-free,DDoS,8,16,10,2023,hop,10 nodes,0,tps_positive_commit,sample_std_pct,,0,,,,,
Quorum,scale-free,DDoS,8,16,10,2023,hop,10 nodes,0,tps_positive_commit,delta_min_pct,,0,,,,,
Quorum,scale-free,DDoS,8,16,10,2023,hop,10 nodes,0,tps_positive_commit,delta_max_pct,,0,,,,,
Quorum,scale-free,DDoS,8,16,10,2023,hop,10 nodes,0,tps_positive_commit,range_abs,,0,,,,,
Quorum,scale-free,DDoS,8,16,10,2023,hop,10 nodes,0,tps_positive_commit,wcd_abs,,0,,,,,
Quorum,scale-free,DDoS,8,16,10,2023,hop,10 nodes,0,tps_positive_commit,wcd_pct,,0,,,,,
Quorum,scale-free,DDoS,8,16,10,2023,hop,40 nodes,0,tps_positive_commit,n_metric,0.0,5000,0.0,0.0,0.0,0.0,0.0
Quorum,scale-free,DDoS,8,16,10,2023,hop,40 nodes,0,tps_positive_commit,mean,,0,,,,,
Quorum,scale-free,DDoS,8,16,10,2023,hop,40 nodes,0,tps_positive_commit,iqr_pct,,0,,,,,
Quorum,scale-free,DDoS,8,16,10,2023,hop,40 nodes,0,tps_positive_commit,sample_std_pct,,0,,,,,
Quorum,scale-free,DDoS,8,16,10,2023,hop,40 nodes,0,tps_positive_commit,delta_min_pct,,0,,,,,
Quorum,scale-free,DDoS,8,16,10,2023,hop,40 nodes,0,tps_positive_commit,delta_max_pct,,0,,,,,
Quorum,scale-free,DDoS,8,16,10,2023,hop,40 nodes,0,tps_positive_commit,range_abs,,0,,,,,
Quorum,scale-free,DDoS,8,16,10,2023,hop,40 nodes,0,tps_positive_commit,wcd_abs,,0,,,,,
Quorum,scale-free,DDoS,8,16,10,2023,hop,40 nodes,0,tps_positive_commit,wcd_pct,,0,,,,,
Quorum,scale-free,FIFA,8,16,10,2023,hop,10 nodes,0,tps_positive_commit,n_metric,0.0,5000,0.0,0.0,0.0,0.0,0.0
Quorum,scale-free,FIFA,8,16,10,2023,hop,10 nodes,0,tps_positive_commit,mean,,0,,,,,
Quorum,scale-free,FIFA,8,16,10,2023,hop,10 nodes,0,tps_positive_commit,iqr_pct,,0,,,,,
Quorum,scale-free,FIFA,8,16,10,2023,hop,10 nodes,0,tps_positive_commit,sample_std_pct,,0,,,,,
Quorum,scale-free,FIFA,8,16,10,2023,hop,10 nodes,0,tps_positive_commit,delta_min_pct,,0,,,,,
Quorum,scale-free,FIFA,8,16,10,2023,hop,10 nodes,0,tps_positive_commit,delta_max_pct,,0,,,,,
Quorum,scale-free,FIFA,8,16,10,2023,hop,10 nodes,0,tps_positive_commit,range_abs,,0,,,,,
Quorum,scale-free,FIFA,8,16,10,2023,hop,10 nodes,0,tps_positive_commit,wcd_abs,,0,,,,,
Quorum,scale-free,FIFA,8,16,10,2023,hop,10 nodes,0,tps_positive_commit,wcd_pct,,0,,,,,
Quorum,scale-free,FIFA,8,16,10,2023,hop,40 nodes,0,tps_positive_commit,n_metric,0.0,5000,0.0,0.0,0.0,0.0,0.0
Quorum,scale-free,FIFA,8,16,10,2023,hop,40 nodes,0,tps_positive_commit,mean,,0,,,,,
Quorum,scale-free,FIFA,8,16,10,2023,hop,40 nodes,0,tps_positive_commit,iqr_pct,,0,,,,,
Quorum,scale-free,FIFA,8,16,10,2023,hop,40 nodes,0,tps_positive_commit,sample_std_pct,,0,,,,,
Quorum,scale-free,FIFA,8,16,10,2023,hop,40 nodes,0,tps_positive_commit,delta_min_pct,,0,,,,,
Quorum,scale-free,FIFA,8,16,10,2023,hop,40 nodes,0,tps_positive_commit,delta_max_pct,,0,,,,,
Quorum,scale-free,FIFA,8,16,10,2023,hop,40 nodes,0,tps_positive_commit,range_abs,,0,,,,,
Quorum,scale-free,FIFA,8,16,10,2023,hop,40 nodes,0,tps_positive_commit,wcd_abs,,0,,,,,
Quorum,scale-free,FIFA,8,16,10,2023,hop,40 nodes,0,tps_positive_commit,wcd_pct,,0,,,,,
Quorum,scale-free,GAFAM,8,16,10,2023,hop,10 nodes,0,tps_positive_commit,n_metric,12.0,5000,9.0,9.0,9.0,9.0,9.0
Quorum,scale-free,GAFAM,8,16,10,2023,hop,10 nodes,0,tps_positive_commit,mean,70.59166666666665,5000,70.63888888888889,62.75555555555555,78.92222222222222,59.67777777777777,81.00000000000001
Quorum,scale-free,GAFAM,8,16,10,2023,hop,10 nodes,0,tps_positive_commit,iqr_pct,62.046983827175076,5000,58.70996050899518,25.52151238591916,66.78923616914592,25.209272376046346,67.71021144074743
Quorum,scale-free,GAFAM,8,16,10,2023,hop,10 nodes,0,tps_positive_commit,sample_std_pct,37.077116079860886,5000,37.120945016461604,28.3654289364008,42.70198581435124,25.438091107534866,43.227316359962174
Quorum,scale-free,GAFAM,8,16,10,2023,hop,10 nodes,0,tps_positive_commit,delta_min_pct,-54.952189824105766,5000,-53.614262560777966,-58.53375833091858,-34.285312324141806,-59.55342001130583,-30.283582089552226
Quorum,scale-free,GAFAM,8,16,10,2023,hop,10 nodes,0,tps_positive_commit,delta_max_pct,57.10069649392047,5000,53.45940959409598,39.724137931034505,72.02688728024823,36.07462686567165,80.91353996737361
Quorum,scale-free,GAFAM,8,16,10,2023,hop,10 nodes,0,tps_positive_commit,range_abs,79.10000000000001,5000,79.10000000000001,59.00000000000001,79.10000000000001,49.4,79.10000000000001
Quorum,scale-free,GAFAM,8,16,10,2023,hop,10 nodes,0,tps_positive_commit,wcd_abs,40.30833333333335,5000,40.92222222222223,31.92222222222223,46.522222222222226,26.855555555555554,49.600000000000016
Quorum,scale-free,GAFAM,8,16,10,2023,hop,10 nodes,0,tps_positive_commit,wcd_pct,57.10069649392047,5000,56.425091352009744,40.41924592009005,72.02688728024823,36.07462686567165,80.91353996737361
Quorum,scale-free,GAFAM,8,16,10,2023,hop,40 nodes,0,tps_positive_commit,n_metric,7.0,5000,4.0,2.0,6.0,0.0,7.0
Quorum,scale-free,GAFAM,8,16,10,2023,hop,40 nodes,0,tps_positive_commit,mean,12.957142857142857,4999,13.066666666666668,6.433333333333333,19.4,5.5,25.6
Quorum,scale-free,GAFAM,8,16,10,2023,hop,40 nodes,0,tps_positive_commit,iqr_pct,100.71664829106946,4999,63.57827476038338,10.088647859414925,120.99999999999999,0.0,130.59701492537314
Quorum,scale-free,GAFAM,8,16,10,2023,hop,40 nodes,0,tps_positive_commit,sample_std_pct,66.02302723485121,4940,64.56129417099122,16.97056274847714,89.39981599031037,2.5253813613805294,94.13672599219343
Quorum,scale-free,GAFAM,8,16,10,2023,hop,40 nodes,0,tps_positive_commit,delta_min_pct,-57.552370452039696,4999,-54.032258064516135,-68.52646638054364,-9.237864784222023,-69.61325966850828,0.0
Quorum,scale-free,GAFAM,8,16,10,2023,hop,40 nodes,0,tps_positive_commit,delta_max_pct,97.57442116868799,4999,72.37569060773478,10.088647859414937,133.78995433789956,0.0,146.62813102119463
Quorum,scale-free,GAFAM,8,16,10,2023,hop,40 nodes,0,tps_positive_commit,range_abs,20.1,4999,17.7,1.5,20.1,0.0,20.1
Quorum,scale-free,GAFAM,8,16,10,2023,hop,40 nodes,0,tps_positive_commit,wcd_abs,12.642857142857144,4999,10.433333333333334,0.75,14.375,0.0,15.220000000000002
Quorum,scale-free,GAFAM,8,16,10,2023,hop,40 nodes,0,tps_positive_commit,wcd_pct,97.57442116868799,4999,72.37569060773478,10.088647859414937,133.78995433789956,0.0,146.62813102119463
Quorum,scale-free,Gaming,8,16,10,2023,hop,10 nodes,0,tps_positive_commit,n_metric,0.0,5000,0.0,0.0,0.0,0.0,0.0
Quorum,scale-free,Gaming,8,16,10,2023,hop,10 nodes,0,tps_positive_commit,mean,,0,,,,,
Quorum,scale-free,Gaming,8,16,10,2023,hop,10 nodes,0,tps_positive_commit,iqr_pct,,0,,,,,
Quorum,scale-free,Gaming,8,16,10,2023,hop,10 nodes,0,tps_positive_commit,sample_std_pct,,0,,,,,
Quorum,scale-free,Gaming,8,16,10,2023,hop,10 nodes,0,tps_positive_commit,delta_min_pct,,0,,,,,
Quorum,scale-free,Gaming,8,16,10,2023,hop,10 nodes,0,tps_positive_commit,delta_max_pct,,0,,,,,
Quorum,scale-free,Gaming,8,16,10,2023,hop,10 nodes,0,tps_positive_commit,range_abs,,0,,,,,
Quorum,scale-free,Gaming,8,16,10,2023,hop,10 nodes,0,tps_positive_commit,wcd_abs,,0,,,,,
Quorum,scale-free,Gaming,8,16,10,2023,hop,10 nodes,0,tps_positive_commit,wcd_pct,,0,,,,,
Quorum,scale-free,Gaming,8,16,10,2023,hop,40 nodes,0,tps_positive_commit,n_metric,0.0,5000,0.0,0.0,0.0,0.0,0.0
Quorum,scale-free,Gaming,8,16,10,2023,hop,40 nodes,0,tps_positive_commit,mean,,0,,,,,
Quorum,scale-free,Gaming,8,16,10,2023,hop,40 nodes,0,tps_positive_commit,iqr_pct,,0,,,,,
Quorum,scale-free,Gaming,8,16,10,2023,hop,40 nodes,0,tps_positive_commit,sample_std_pct,,0,,,,,
Quorum,scale-free,Gaming,8,16,10,2023,hop,40 nodes,0,tps_positive_commit,delta_min_pct,,0,,,,,
Quorum,scale-free,Gaming,8,16,10,2023,hop,40 nodes,0,tps_positive_commit,delta_max_pct,,0,,,,,
Quorum,scale-free,Gaming,8,16,10,2023,hop,40 nodes,0,tps_positive_commit,range_abs,,0,,,,,
Quorum,scale-free,Gaming,8,16,10,2023,hop,40 nodes,0,tps_positive_commit,wcd_abs,,0,,,,,
Quorum,scale-free,Gaming,8,16,10,2023,hop,40 nodes,0,tps_positive_commit,wcd_pct,,0,,,,,
Quorum,scale-free,PayPal,8,16,10,2023,hop,10 nodes,0,tps_positive_commit,n_metric,15.0,5000,9.0,9.0,9.0,9.0,9.0
Quorum,scale-free,PayPal,8,16,10,2023,hop,10 nodes,0,tps_positive_commit,mean,147.88000000000002,5000,146.84444444444443,116.51111111111112,178.3111111111111,116.34444444444443,195.02222222222224
Quorum,scale-free,PayPal,8,16,10,2023,hop,10 nodes,0,tps_positive_commit,iqr_pct,81.24830944008654,5000,81.5170859932407,0.28285875919290965,128.2648096918821,0.15382862351867857,128.448851177424
Quorum,scale-free,PayPal,8,16,10,2023,hop,10 nodes,0,tps_positive_commit,sample_std_pct,47.17136807145719,5000,49.79418395504925,27.9363587788147,65.06164321559555,0.1467829652232037,65.12013494248711
Quorum,scale-free,PayPal,8,16,10,2023,hop,10 nodes,0,tps_positive_commit,delta_min_pct,-79.30754665945362,5000,-76.43737166324436,-81.2742231590399,-58.440366972477065,-82.69339533714573,-0.262227796146396
Quorum,scale-free,PayPal,8,16,10,2023,hop,10 nodes,0,tps_positive_commit,delta_max_pct,32.134162834730844,5000,33.02571860816945,9.57674999985442,67.60761830962701,0.1937101185050075,67.86941580756016
Quorum,scale-free,PayPal,8,16,10,2023,hop,10 nodes,0,tps_positive_commit,range_abs,164.8,5000,164.70000000000002,121.0,164.8,0.9000000000000057,164.8
Quorum,scale-free,PayPal,8,16,10,2023,hop,10 nodes,0,tps_positive_commit,wcd_abs,117.28000000000003,5000,108.81111111111113,85.9111111111111,132.9,0.51111111111112,146.2111111111111
Quorum,scale-free,PayPal,8,16,10,2023,hop,10 nodes,0,tps_positive_commit,wcd_pct,79.30754665945362,5000,76.43737166324436,58.440366972477065,81.2742231590399,0.262227796146396,82.69339533714573
Quorum,scale-free,PayPal,8,16,10,2023,hop,40 nodes,0,tps_positive_commit,n_metric,16.0,5000,9.0,9.0,9.0,9.0,9.0
Quorum,scale-free,PayPal,8,16,10,2023,hop,40 nodes,0,tps_positive_commit,mean,194.53125,5000,194.53333333333333,194.38888888888889,194.67777777777778,194.31111111111107,194.77777777777777
Quorum,scale-free,PayPal,8,16,10,2023,hop,40 nodes,0,tps_positive_commit,iqr_pct,0.23132530120481343,5000,0.20578484051675153,0.10274559050174972,0.35979440319818123,0.051366931111235026,0.36002057260415765
Quorum,scale-free,PayPal,8,16,10,2023,hop,40 nodes,0,tps_positive_commit,sample_std_pct,0.17071904488097006,5000,0.17244740186373644,0.12173245934635821,0.20846966183756127,0.08026952241569135,0.2218152269003347
Quorum,scale-free,PayPal,8,16,10,2023,hop,40 nodes,0,tps_positive_commit,delta_min_pct,-0.32449799196786855,5000,-0.2743013886507791,-0.36540108478446914,-0.1713502398903407,-0.4108885464817581,-0.09127210496292039
Quorum,scale-free,PayPal,8,16,10,2023,hop,40 nodes,0,tps_positive_commit,delta_max_pct,0.24096385542168675,5000,0.22844089091948108,0.15416238437821755,0.2971768202080264,0.09710956243572592,0.33731633411469275
Quorum,scale-free,PayPal,8,16,10,2023,hop,40 nodes,0,tps_positive_commit,range_abs,1.0999999999999943,5000,1.0,0.6999999999999886,1.0999999999999943,0.4000000000000057,1.0999999999999943
Quorum,scale-free,PayPal,8,16,10,2023,hop,40 nodes,0,tps_positive_commit,wcd_abs,0.6312499999999943,5000,0.5555555555555429,0.3666666666666458,0.7111111111111086,0.22222222222222854,0.799999999999983
Quorum,scale-free,PayPal,8,16,10,2023,hop,40 nodes,0,tps_positive_commit,wcd_pct,0.32449799196786855,5000,0.2856979601165583,0.18838842267511952,0.36540108478446914,0.11409013120365413,0.4108885464817581
Quorum,scale-free,VISA,8,16,10,2023,hop,10 nodes,0,tps_positive_commit,n_metric,5.0,5000,3.0,2.0,5.0,1.0,5.0
Quorum,scale-free,VISA,8,16,10,2023,hop,10 nodes,0,tps_positive_commit,mean,7.6,5000,7.6,4.633333333333333,11.80624999999991,2.7,15.2
Quorum,scale-free,VISA,8,16,10,2023,hop,10 nodes,0,tps_positive_commit,iqr_pct,80.26315789473685,5000,68.88888888888889,1.8181818181818117,104.05405405405403,0.0,104.05405405405405
Quorum,scale-free,VISA,8,16,10,2023,hop,10 nodes,0,tps_positive_commit,sample_std_pct,68.09766694804831,4889,69.14797930903624,4.087322434604321,104.17659057957651,2.571297386132891,104.17659057957651
Quorum,scale-free,VISA,8,16,10,2023,hop,10 nodes,0,tps_positive_commit,delta_min_pct,-64.47368421052632,5000,-62.88659793814433,-69.77611940298507,-1.8181818181818117,-69.83240223463686,0.0
Quorum,scale-free,VISA,8,16,10,2023,hop,10 nodes,0,tps_positive_commit,delta_max_pct,100.0,5000,72.23796033994334,1.8181818181818117,120.2898550724638,0.0,120.2898550724638
Quorum,scale-free,VISA,8,16,10,2023,hop,10 nodes,0,tps_positive_commit,range_abs,12.5,5000,12.399999999999999,0.09999999999999964,12.5,0.0,12.5
Quorum,scale-free,VISA,8,16,10,2023,hop,10 nodes,0,tps_positive_commit,wcd_abs,7.6,5000,6.25,0.04999999999999982,8.3,0.0,8.3
Quorum,scale-free,VISA,8,16,10,2023,hop,10 nodes,0,tps_positive_commit,wcd_pct,100.0,5000,72.23796033994334,1.8181818181818117,120.2898550724638,0.0,120.2898550724638
Quorum,scale-free,VISA,8,16,10,2023,hop,40 nodes,0,tps_positive_commit,n_metric,12.0,5000,6.0,5.0,8.0,4.0,9.0
Quorum,scale-free,VISA,8,16,10,2023,hop,40 nodes,0,tps_positive_commit,mean,2.9499999999999997,5000,2.9000000000000004,1.1400000000000001,4.82074999999999,0.74,6.525
Quorum,scale-free,VISA,8,16,10,2023,hop,40 nodes,0,tps_positive_commit,iqr_pct,65.25423728813561,5000,81.54362416107382,27.546407242572943,177.04918032786884,5.4945054945055,216.98113207547166
Quorum,scale-free,VISA,8,16,10,2023,hop,40 nodes,0,tps_positive_commit,sample_std_pct,120.35742821811188,5000,113.0965031578016,56.823002292579645,158.0045762959115,26.594190624058744,187.23077557335307
Quorum,scale-free,VISA,8,16,10,2023,hop,40 nodes,0,tps_positive_commit,delta_min_pct,-96.61016949152541,5000,-92.94117647058822,-97.63779527559056,-69.83240223463687,-98.22222222222223,-18.69918699186992
Quorum,scale-free,VISA,8,16,10,2023,hop,40 nodes,0,tps_positive_commit,delta_max_pct,269.4915254237289,5000,201.65870269676498,65.13761467889908,331.0920647149458,23.71134020618555,389.88764044943827
Quorum,scale-free,VISA,8,16,10,2023,hop,40 nodes,0,tps_positive_commit,range_abs,10.8,5000,10.0,2.1,10.8,1.3000000000000003,10.8
Quorum,scale-free,VISA,8,16,10,2023,hop,40 nodes,0,tps_positive_commit,wcd_abs,7.950000000000001,5000,6.7857142857142865,1.1498214285714285,8.333333333333334,0.675,8.675
Quorum,scale-free,VISA,8,16,10,2023,hop,40 nodes,0,tps_positive_commit,wcd_pct,269.4915254237289,5000,201.65870269676498,80.25657894736841,331.0920647149458,44.26229508196721,389.88764044943827
Quorum,torus,DDoS,8,16,10,2023,hop,10 nodes,0,tps_positive_commit,n_metric,0.0,5000,0.0,0.0,0.0,0.0,0.0
Quorum,torus,DDoS,8,16,10,2023,hop,10 nodes,0,tps_positive_commit,mean,,0,,,,,
Quorum,torus,DDoS,8,16,10,2023,hop,10 nodes,0,tps_positive_commit,iqr_pct,,0,,,,,
Quorum,torus,DDoS,8,16,10,2023,hop,10 nodes,0,tps_positive_commit,sample_std_pct,,0,,,,,
Quorum,torus,DDoS,8,16,10,2023,hop,10 nodes,0,tps_positive_commit,delta_min_pct,,0,,,,,
Quorum,torus,DDoS,8,16,10,2023,hop,10 nodes,0,tps_positive_commit,delta_max_pct,,0,,,,,
Quorum,torus,DDoS,8,16,10,2023,hop,10 nodes,0,tps_positive_commit,range_abs,,0,,,,,
Quorum,torus,DDoS,8,16,10,2023,hop,10 nodes,0,tps_positive_commit,wcd_abs,,0,,,,,
Quorum,torus,DDoS,8,16,10,2023,hop,10 nodes,0,tps_positive_commit,wcd_pct,,0,,,,,
Quorum,torus,DDoS,8,16,10,2023,hop,40 nodes,0,tps_positive_commit,n_metric,0.0,5000,0.0,0.0,0.0,0.0,0.0
Quorum,torus,DDoS,8,16,10,2023,hop,40 nodes,0,tps_positive_commit,mean,,0,,,,,
Quorum,torus,DDoS,8,16,10,2023,hop,40 nodes,0,tps_positive_commit,iqr_pct,,0,,,,,
Quorum,torus,DDoS,8,16,10,2023,hop,40 nodes,0,tps_positive_commit,sample_std_pct,,0,,,,,
Quorum,torus,DDoS,8,16,10,2023,hop,40 nodes,0,tps_positive_commit,delta_min_pct,,0,,,,,
Quorum,torus,DDoS,8,16,10,2023,hop,40 nodes,0,tps_positive_commit,delta_max_pct,,0,,,,,
Quorum,torus,DDoS,8,16,10,2023,hop,40 nodes,0,tps_positive_commit,range_abs,,0,,,,,
Quorum,torus,DDoS,8,16,10,2023,hop,40 nodes,0,tps_positive_commit,wcd_abs,,0,,,,,
Quorum,torus,DDoS,8,16,10,2023,hop,40 nodes,0,tps_positive_commit,wcd_pct,,0,,,,,
Quorum,torus,FIFA,8,16,10,2023,hop,10 nodes,0,tps_positive_commit,n_metric,0.0,5000,0.0,0.0,0.0,0.0,0.0
Quorum,torus,FIFA,8,16,10,2023,hop,10 nodes,0,tps_positive_commit,mean,,0,,,,,
Quorum,torus,FIFA,8,16,10,2023,hop,10 nodes,0,tps_positive_commit,iqr_pct,,0,,,,,
Quorum,torus,FIFA,8,16,10,2023,hop,10 nodes,0,tps_positive_commit,sample_std_pct,,0,,,,,
Quorum,torus,FIFA,8,16,10,2023,hop,10 nodes,0,tps_positive_commit,delta_min_pct,,0,,,,,
Quorum,torus,FIFA,8,16,10,2023,hop,10 nodes,0,tps_positive_commit,delta_max_pct,,0,,,,,
Quorum,torus,FIFA,8,16,10,2023,hop,10 nodes,0,tps_positive_commit,range_abs,,0,,,,,
Quorum,torus,FIFA,8,16,10,2023,hop,10 nodes,0,tps_positive_commit,wcd_abs,,0,,,,,
Quorum,torus,FIFA,8,16,10,2023,hop,10 nodes,0,tps_positive_commit,wcd_pct,,0,,,,,
Quorum,torus,FIFA,8,16,10,2023,hop,40 nodes,0,tps_positive_commit,n_metric,0.0,5000,0.0,0.0,0.0,0.0,0.0
Quorum,torus,FIFA,8,16,10,2023,hop,40 nodes,0,tps_positive_commit,mean,,0,,,,,
Quorum,torus,FIFA,8,16,10,2023,hop,40 nodes,0,tps_positive_commit,iqr_pct,,0,,,,,
Quorum,torus,FIFA,8,16,10,2023,hop,40 nodes,0,tps_positive_commit,sample_std_pct,,0,,,,,
Quorum,torus,FIFA,8,16,10,2023,hop,40 nodes,0,tps_positive_commit,delta_min_pct,,0,,,,,
Quorum,torus,FIFA,8,16,10,2023,hop,40 nodes,0,tps_positive_commit,delta_max_pct,,0,,,,,
Quorum,torus,FIFA,8,16,10,2023,hop,40 nodes,0,tps_positive_commit,range_abs,,0,,,,,
Quorum,torus,FIFA,8,16,10,2023,hop,40 nodes,0,tps_positive_commit,wcd_abs,,0,,,,,
Quorum,torus,FIFA,8,16,10,2023,hop,40 nodes,0,tps_positive_commit,wcd_pct,,0,,,,,
Quorum,torus,GAFAM,8,16,10,2023,hop,10 nodes,0,tps_positive_commit,n_metric,10.0,5000,9.0,9.0,9.0,9.0,9.0
Quorum,torus,GAFAM,8,16,10,2023,hop,10 nodes,0,tps_positive_commit,mean,85.24,5000,86.2111111111111,76.18888888888888,90.4,76.18888888888888,90.40000000000002
Quorum,torus,GAFAM,8,16,10,2023,hop,10 nodes,0,tps_positive_commit,iqr_pct,35.8986391365556,5000,35.01901140684409,30.12701772955809,39.12531098598926,30.12701772955808,39.125310985989266
Quorum,torus,GAFAM,8,16,10,2023,hop,10 nodes,0,tps_positive_commit,sample_std_pct,42.08756314891245,5000,42.754631198829365,30.110950986206706,45.030245581751394,30.110950986206692,45.03024558175141
Quorum,torus,GAFAM,8,16,10,2023,hop,10 nodes,0,tps_positive_commit,delta_min_pct,-54.481464101360864,5000,-54.364871928907476,-56.207674943566595,-39.159292035398224,-56.207674943566595,-39.159292035398224
Quorum,torus,GAFAM,8,16,10,2023,hop,10 nodes,0,tps_positive_commit,delta_max_pct,95.56546222430784,5000,90.75651621106168,49.103106314714864,103.07255008121275,49.103106314714836,103.0725500812128
Quorum,torus,GAFAM,8,16,10,2023,hop,10 nodes,0,tps_positive_commit,range_abs,127.89999999999999,5000,127.89999999999999,74.8,127.89999999999999,74.8,127.89999999999999
Quorum,torus,GAFAM,8,16,10,2023,hop,10 nodes,0,tps_positive_commit,wcd_abs,81.46,5000,79.31111111111112,37.4111111111111,84.6111111111111,37.41111111111108,84.61111111111111
Quorum,torus,GAFAM,8,16,10,2023,hop,10 nodes,0,tps_positive_commit,wcd_pct,95.56546222430784,5000,90.75651621106168,49.103106314714864,103.07255008121275,49.103106314714836,103.0725500812128
Quorum,torus,GAFAM,8,16,10,2023,hop,40 nodes,0,tps_positive_commit,n_metric,6.0,5000,4.0,2.0,6.0,1.0,6.0
Quorum,torus,GAFAM,8,16,10,2023,hop,40 nodes,0,tps_positive_commit,mean,7.816666666666666,5000,7.816666666666666,0.55,14.299999999999999,0.1,25.7
Quorum,torus,GAFAM,8,16,10,2023,hop,40 nodes,0,tps_positive_commit,iqr_pct,163.43283582089552,5000,122.77227722772275,57.18954248366013,186.3425925925926,0.0,186.34259259259264
Quorum,torus,GAFAM,8,16,10,2023,hop,40 nodes,0,tps_positive_commit,sample_std_pct,137.08751230269505,4985,137.08751230269505,87.55512853644497,188.17852189233304,31.651446395969266,188.17852189233307
Quorum,torus,GAFAM,8,16,10,2023,hop,40 nodes,0,tps_positive_commit,delta_min_pct,-98.72068230277185,5000,-98.14385150812066,-99.12663755458516,-74.82993197278913,-99.2874109263658,0.0
Quorum,torus,GAFAM,8,16,10,2023,hop,40 nodes,0,tps_positive_commit,delta_max_pct,228.78464818763325,5000,179.34782608695653,68.7089715536105,319.9346405228758,0.0,319.93464052287584
Quorum,torus,GAFAM,8,16,10,2023,hop,40 nodes,0,tps_positive_commit,range_abs,25.599999999999998,5000,25.5,0.8,25.599999999999998,0.0,25.599999999999998
Quorum,torus,GAFAM,8,16,10,2023,hop,40 nodes,0,tps_positive_commit,wcd_abs,17.883333333333333,5000,14.25,0.5,19.58,0.0,19.58
Quorum,torus,GAFAM,8,16,10,2023,hop,40 nodes,0,tps_positive_commit,wcd_pct,228.78464818763325,5000,179.34782608695653,74.82993197278913,319.9346405228758,0.0,319.93464052287584
Quorum,torus,Gaming,8,16,10,2023,hop,10 nodes,0,tps_positive_commit,n_metric,0.0,5000,0.0,0.0,0.0,0.0,0.0
Quorum,torus,Gaming,8,16,10,2023,hop,10 nodes,0,tps_positive_commit,mean,,0,,,,,
Quorum,torus,Gaming,8,16,10,2023,hop,10 nodes,0,tps_positive_commit,iqr_pct,,0,,,,,
Quorum,torus,Gaming,8,16,10,2023,hop,10 nodes,0,tps_positive_commit,sample_std_pct,,0,,,,,
Quorum,torus,Gaming,8,16,10,2023,hop,10 nodes,0,tps_positive_commit,delta_min_pct,,0,,,,,
Quorum,torus,Gaming,8,16,10,2023,hop,10 nodes,0,tps_positive_commit,delta_max_pct,,0,,,,,
Quorum,torus,Gaming,8,16,10,2023,hop,10 nodes,0,tps_positive_commit,range_abs,,0,,,,,
Quorum,torus,Gaming,8,16,10,2023,hop,10 nodes,0,tps_positive_commit,wcd_abs,,0,,,,,
Quorum,torus,Gaming,8,16,10,2023,hop,10 nodes,0,tps_positive_commit,wcd_pct,,0,,,,,
Quorum,torus,Gaming,8,16,10,2023,hop,40 nodes,0,tps_positive_commit,n_metric,0.0,5000,0.0,0.0,0.0,0.0,0.0
Quorum,torus,Gaming,8,16,10,2023,hop,40 nodes,0,tps_positive_commit,mean,,0,,,,,
Quorum,torus,Gaming,8,16,10,2023,hop,40 nodes,0,tps_positive_commit,iqr_pct,,0,,,,,
Quorum,torus,Gaming,8,16,10,2023,hop,40 nodes,0,tps_positive_commit,sample_std_pct,,0,,,,,
Quorum,torus,Gaming,8,16,10,2023,hop,40 nodes,0,tps_positive_commit,delta_min_pct,,0,,,,,
Quorum,torus,Gaming,8,16,10,2023,hop,40 nodes,0,tps_positive_commit,delta_max_pct,,0,,,,,
Quorum,torus,Gaming,8,16,10,2023,hop,40 nodes,0,tps_positive_commit,range_abs,,0,,,,,
Quorum,torus,Gaming,8,16,10,2023,hop,40 nodes,0,tps_positive_commit,wcd_abs,,0,,,,,
Quorum,torus,Gaming,8,16,10,2023,hop,40 nodes,0,tps_positive_commit,wcd_pct,,0,,,,,
Quorum,torus,PayPal,8,16,10,2023,hop,10 nodes,0,tps_positive_commit,n_metric,11.0,5000,9.0,9.0,9.0,9.0,9.0
Quorum,torus,PayPal,8,16,10,2023,hop,10 nodes,0,tps_positive_commit,mean,188.88181818181818,5000,187.33333333333337,186.87777777777777,192.26666666666668,186.85555555555553,196.44444444444446
Quorum,torus,PayPal,8,16,10,2023,hop,10 nodes,0,tps_positive_commit,iqr_pct,0.9265052702507581,5000,1.1708144796380147,0.4167872648335804,1.4414521295527438,0.4167390171904904,1.4419653453596106
Quorum,torus,PayPal,8,16,10,2023,hop,10 nodes,0,tps_positive_commit,sample_std_pct,8.947513365283204,5000,9.808782849590111,6.750369201801798,9.900319099819761,0.5985996306231678,9.900319099819763
Quorum,torus,PayPal,8,16,10,2023,hop,10 nodes,0,tps_positive_commit,delta_min_pct,-19.420513067334078,5000,-18.686928647750214,-20.577491737693517,-17.94500723589002,-20.595907483624156,-0.6843891402714881
Quorum,torus,PayPal,8,16,10,2023,hop,10 nodes,0,tps_positive_commit,delta_max_pct,4.827453434085771,5000,5.693950177935922,2.9819694868238487,5.951602354480043,0.791855203619903,5.95160235448006
Quorum,torus,PayPal,8,16,10,2023,hop,10 nodes,0,tps_positive_commit,range_abs,45.80000000000001,5000,45.80000000000001,40.5,45.80000000000001,2.9000000000000057,45.80000000000001
Quorum,torus,PayPal,8,16,10,2023,hop,10 nodes,0,tps_positive_commit,wcd_abs,36.68181818181819,5000,34.97777777777779,34.44444444444446,39.43333333333334,1.555555555555543,39.47777777777782
Quorum,torus,PayPal,8,16,10,2023,hop,10 nodes,0,tps_positive_commit,wcd_pct,19.420513067334078,5000,18.686928647750214,17.94500723589002,20.577491737693517,0.791855203619903,20.595907483624156
Quorum,torus,PayPal,8,16,10,2023,hop,40 nodes,0,tps_positive_commit,n_metric,13.0,5000,9.0,9.0,9.0,9.0,9.0
Quorum,torus,PayPal,8,16,10,2023,hop,40 nodes,0,tps_positive_commit,mean,197.30769230769232,5000,197.29999999999998,196.96666666666667,197.72222222222223,196.9222222222222,197.93333333333334
Quorum,torus,PayPal,8,16,10,2023,hop,40 nodes,0,tps_positive_commit,iqr_pct,0.7602339181286549,5000,0.7603063753097544,0.3034048769524637,0.9635431340508139,0.20208824520039267,0.9644126106818451
Quorum,torus,PayPal,8,16,10,2023,hop,40 nodes,0,tps_positive_commit,sample_std_pct,0.5377503108304582,5000,0.5392319955674331,0.3136924581898563,0.6242967682309242,0.15571945106859672,0.6391039134778748
Quorum,torus,PayPal,8,16,10,2023,hop,40 nodes,0,tps_positive_commit,delta_min_pct,-1.0682261208577122,5000,-0.9974640743871666,-1.1756764358440828,-0.6355455568053873,-1.2589928057554056,-0.2694509936005236
Quorum,torus,PayPal,8,16,10,2023,hop,40 nodes,0,tps_positive_commit,delta_max_pct,0.4522417153995977,5000,0.4561581348200739,0.24164091036807198,0.6204873646209419,0.1347254968002618,0.6431956668923562
Quorum,torus,PayPal,8,16,10,2023,hop,40 nodes,0,tps_positive_commit,range_abs,3.0,5000,3.0,1.8999999999999773,3.0,0.799999999999983,3.0
Quorum,torus,PayPal,8,16,10,2023,hop,40 nodes,0,tps_positive_commit,wcd_abs,2.107692307692332,5000,1.966666666666697,1.2555555555555316,2.3222222222222513,0.533333333333303,2.4888888888889085
Quorum,torus,PayPal,8,16,10,2023,hop,40 nodes,0,tps_positive_commit,wcd_pct,1.0682261208577122,5000,0.9974640743871666,0.6355455568053873,1.1756764358440828,0.2694509936005236,1.2589928057554056
Quorum,torus,VISA,8,16,10,2023,hop,10 nodes,0,tps_positive_commit,n_metric,2.0,5000,2.0,1.0,2.0,0.0,2.0
Quorum,torus,VISA,8,16,10,2023,hop,10 nodes,0,tps_positive_commit,mean,4.3,4912,4.3,0.1,8.5,0.1,8.5
Quorum,torus,VISA,8,16,10,2023,hop,10 nodes,0,tps_positive_commit,iqr_pct,97.67441860465117,4912,97.67441860465117,0.0,97.67441860465117,0.0,97.67441860465117
Quorum,torus,VISA,8,16,10,2023,hop,10 nodes,0,tps_positive_commit,sample_std_pct,138.13248748760464,3263,138.13248748760464,138.13248748760464,138.13248748760464,138.13248748760464,138.13248748760464
Quorum,torus,VISA,8,16,10,2023,hop,10 nodes,0,tps_positive_commit,delta_min_pct,-97.67441860465117,4912,-97.67441860465117,-97.67441860465117,0.0,-97.67441860465117,0.0
Quorum,torus,VISA,8,16,10,2023,hop,10 nodes,0,tps_positive_commit,delta_max_pct,97.67441860465117,4912,97.67441860465117,0.0,97.67441860465117,0.0,97.67441860465117
Quorum,torus,VISA,8,16,10,2023,hop,10 nodes,0,tps_positive_commit,range_abs,8.4,4912,8.4,0.0,8.4,0.0,8.4
Quorum,torus,VISA,8,16,10,2023,hop,10 nodes,0,tps_positive_commit,wcd_abs,4.2,4912,4.2,0.0,4.2,0.0,4.2
Quorum,torus,VISA,8,16,10,2023,hop,10 nodes,0,tps_positive_commit,wcd_pct,97.67441860465117,4912,97.67441860465117,0.0,97.67441860465117,0.0,97.67441860465117
Quorum,torus,VISA,8,16,10,2023,hop,40 nodes,0,tps_positive_commit,n_metric,18.0,5000,9.0,9.0,9.0,9.0,9.0
Quorum,torus,VISA,8,16,10,2023,hop,40 nodes,0,tps_positive_commit,mean,7.3999999999999995,5000,7.388888888888888,5.566666666666666,9.233333333333333,4.5,10.333333333333334
Quorum,torus,VISA,8,16,10,2023,hop,40 nodes,0,tps_positive_commit,iqr_pct,70.94594594594594,5000,68.07858957119379,6.626664406428291,108.48318699881199,3.2569360675512553,132.15613382899627
Quorum,torus,VISA,8,16,10,2023,hop,40 nodes,0,tps_positive_commit,sample_std_pct,52.34582196439371,5000,53.13231668648079,30.218549984199306,72.90264592026692,16.09113182256133,84.44488602343073
Quorum,torus,VISA,8,16,10,2023,hop,40 nodes,0,tps_positive_commit,delta_min_pct,-91.8918918918919,5000,-86.87727825030376,-92.79038718291055,-53.63276089828269,-93.63207547169812,-15.133876600698489
Quorum,torus,VISA,8,16,10,2023,hop,40 nodes,0,tps_positive_commit,delta_max_pct,89.1891891891892,5000,75.41106495932362,43.38235294117648,121.17202268431001,26.677577741407525,161.95426195426197
Quorum,torus,VISA,8,16,10,2023,hop,40 nodes,0,tps_positive_commit,range_abs,13.4,5000,11.8,7.8999999999999995,13.4,4.8,13.4
Quorum,torus,VISA,8,16,10,2023,hop,40 nodes,0,tps_positive_commit,wcd_abs,6.8,5000,6.477777777777777,4.333333333333333,7.944444444444442,2.522222222222222,8.822222222222223
Quorum,torus,VISA,8,16,10,2023,hop,40 nodes,0,tps_positive_commit,wcd_pct,91.8918918918919,5000,90.57591623036649,55.19765739385067,121.17202268431001,28.094059405940595,161.95426195426197
Solana,fat-tree,DDoS,8,16,10,2023,hop,10 nodes,0,tps_positive_commit,n_metric,11.0,5000,8.0,7.0,9.0,7.0,9.0
Solana,fat-tree,DDoS,8,16,10,2023,hop,10 nodes,0,tps_positive_commit,mean,174.63636363636365,5000,174.825,158.03749999999997,190.8714285714286,148.04285714285714,198.0714285714286
Solana,fat-tree,DDoS,8,16,10,2023,hop,10 nodes,0,tps_positive_commit,iqr_pct,35.50234252993234,5000,30.062676553672308,13.639733135656058,52.365621500559925,10.690077582686802,55.15375854214124
Solana,fat-tree,DDoS,8,16,10,2023,hop,10 nodes,0,tps_positive_commit,sample_std_pct,24.19273584383478,5000,24.171964253374753,17.514406392962083,28.735975093493572,13.68991251781207,30.700183922706266
Solana,fat-tree,DDoS,8,16,10,2023,hop,10 nodes,0,tps_positive_commit,delta_min_pct,-33.461738677772,5000,-31.53630873471792,-37.58979523329977,-23.300330033003284,-39.15775301069639,-16.137444393311856
Solana,fat-tree,DDoS,8,16,10,2023,hop,10 nodes,0,tps_positive_commit,delta_max_pct,36.798542425819875,5000,34.667418263810596,24.18300653594772,46.28492625619174,14.426324423429513,51.22987882076327
Solana,fat-tree,DDoS,8,16,10,2023,hop,10 nodes,0,tps_positive_commit,range_abs,122.7,5000,114.4,82.70000000000002,122.7,53.2,122.7
Solana,fat-tree,DDoS,8,16,10,2023,hop,10 nodes,0,tps_positive_commit,wcd_abs,64.26363636363635,5000,63.214285714285694,45.8857142857143,75.58857142857138,31.84285714285714,80.92857142857144
Solana,fat-tree,DDoS,8,16,10,2023,hop,10 nodes,0,tps_positive_commit,wcd_pct,36.798542425819875,5000,35.918377684923,25.47169811320754,46.28492625619174,20.613054453660276,51.22987882076327
Solana,fat-tree,DDoS,8,16,10,2023,hop,40 nodes,0,tps_positive_commit,n_metric,0.0,5000,0.0,0.0,0.0,0.0,0.0
Solana,fat-tree,DDoS,8,16,10,2023,hop,40 nodes,0,tps_positive_commit,mean,,0,,,,,
Solana,fat-tree,DDoS,8,16,10,2023,hop,40 nodes,0,tps_positive_commit,iqr_pct,,0,,,,,
Solana,fat-tree,DDoS,8,16,10,2023,hop,40 nodes,0,tps_positive_commit,sample_std_pct,,0,,,,,
Solana,fat-tree,DDoS,8,16,10,2023,hop,40 nodes,0,tps_positive_commit,delta_min_pct,,0,,,,,
Solana,fat-tree,DDoS,8,16,10,2023,hop,40 nodes,0,tps_positive_commit,delta_max_pct,,0,,,,,
Solana,fat-tree,DDoS,8,16,10,2023,hop,40 nodes,0,tps_positive_commit,range_abs,,0,,,,,
Solana,fat-tree,DDoS,8,16,10,2023,hop,40 nodes,0,tps_positive_commit,wcd_abs,,0,,,,,
Solana,fat-tree,DDoS,8,16,10,2023,hop,40 nodes,0,tps_positive_commit,wcd_pct,,0,,,,,
Solana,fat-tree,FIFA,8,16,10,2023,hop,10 nodes,0,tps_positive_commit,n_metric,9.0,5000,6.0,4.0,8.0,4.0,8.0
Solana,fat-tree,FIFA,8,16,10,2023,hop,10 nodes,0,tps_positive_commit,mean,26.533333333333335,5000,26.885714285714283,15.033333333333333,37.28,7.875,47.7
Solana,fat-tree,FIFA,8,16,10,2023,hop,10 nodes,0,tps_positive_commit,iqr_pct,125.87939698492464,5000,103.14313346228238,40.98163432127413,138.0521361332368,21.052631578947363,163.28413284132844
Solana,fat-tree,FIFA,8,16,10,2023,hop,10 nodes,0,tps_positive_commit,sample_std_pct,87.43840429752431,5000,84.87111482884764,58.93410917340342,117.30759332702182,35.272874776084606,142.16054882344181
Solana,fat-tree,FIFA,8,16,10,2023,hop,10 nodes,0,tps_positive_commit,delta_min_pct,-82.28643216080403,5000,-78.87261429205503,-86.19727544020567,-61.512027491408936,-88.66103739445114,-37.1824480369515
Solana,fat-tree,FIFA,8,16,10,2023,hop,10 nodes,0,tps_positive_commit,delta_max_pct,175.12562814070353,5000,135.73735199138858,71.65295437546747,213.9784946236559,36.70886075949365,261.98347107438025
Solana,fat-tree,FIFA,8,16,10,2023,hop,10 nodes,0,tps_positive_commit,range_abs,68.3,5000,66.2,33.400000000000006,68.3,6.499999999999999,68.3
Solana,fat-tree,FIFA,8,16,10,2023,hop,10 nodes,0,tps_positive_commit,wcd_abs,46.46666666666667,5000,40.4,17.900000000000002,49.75,3.3249999999999993,52.833333333333336
Solana,fat-tree,FIFA,8,16,10,2023,hop,10 nodes,0,tps_positive_commit,wcd_pct,175.12562814070353,5000,135.73735199138858,75.90361445783132,213.9784946236559,42.222222222222214,261.98347107438025
Solana,fat-tree,FIFA,8,16,10,2023,hop,40 nodes,0,tps_positive_commit,n_metric,0.0,5000,0.0,0.0,0.0,0.0,0.0
Solana,fat-tree,FIFA,8,16,10,2023,hop,40 nodes,0,tps_positive_commit,mean,,0,,,,,
Solana,fat-tree,FIFA,8,16,10,2023,hop,40 nodes,0,tps_positive_commit,iqr_pct,,0,,,,,
Solana,fat-tree,FIFA,8,16,10,2023,hop,40 nodes,0,tps_positive_commit,sample_std_pct,,0,,,,,
Solana,fat-tree,FIFA,8,16,10,2023,hop,40 nodes,0,tps_positive_commit,delta_min_pct,,0,,,,,
Solana,fat-tree,FIFA,8,16,10,2023,hop,40 nodes,0,tps_positive_commit,delta_max_pct,,0,,,,,
Solana,fat-tree,FIFA,8,16,10,2023,hop,40 nodes,0,tps_positive_commit,range_abs,,0,,,,,
Solana,fat-tree,FIFA,8,16,10,2023,hop,40 nodes,0,tps_positive_commit,wcd_abs,,0,,,,,
Solana,fat-tree,FIFA,8,16,10,2023,hop,40 nodes,0,tps_positive_commit,wcd_pct,,0,,,,,
Solana,fat-tree,GAFAM,8,16,10,2023,hop,10 nodes,0,tps_positive_commit,n_metric,12.0,5000,8.0,8.0,9.0,8.0,9.0
Solana,fat-tree,GAFAM,8,16,10,2023,hop,10 nodes,0,tps_positive_commit,mean,22.658333333333335,5000,22.5375,18.499999999999996,27.5375,17.1125,30.0625
Solana,fat-tree,GAFAM,8,16,10,2023,hop,10 nodes,0,tps_positive_commit,iqr_pct,77.6756160353071,5000,76.28749292586306,34.94313919134247,124.62046204620462,15.051975051975049,129.69151670951157
Solana,fat-tree,GAFAM,8,16,10,2023,hop,10 nodes,0,tps_positive_commit,sample_std_pct,53.77371080055194,5000,54.036952723399956,32.97598513212405,69.55855614319326,17.65541641427768,70.92720220251638
Solana,fat-tree,GAFAM,8,16,10,2023,hop,10 nodes,0,tps_positive_commit,delta_min_pct,-88.52519308569326,5000,-87.44719372359685,-89.87889273356402,-62.874251497005986,-90.62640829202343,-29.480249480249476
Solana,fat-tree,GAFAM,8,16,10,2023,hop,10 nodes,0,tps_positive_commit,delta_max_pct,56.67524825303419,5000,55.9582646897309,28.915115751248294,87.11078928312816,18.08731808731809,100.9907997169144
Solana,fat-tree,GAFAM,8,16,10,2023,hop,10 nodes,0,tps_positive_commit,range_abs,32.9,5000,32.6,26.2,32.9,14.3,32.9
Solana,fat-tree,GAFAM,8,16,10,2023,hop,10 nodes,0,tps_positive_commit,wcd_abs,20.058333333333334,5000,19.362499999999997,15.512500000000003,23.374999999999996,8.862499999999997,25.1375
Solana,fat-tree,GAFAM,8,16,10,2023,hop,10 nodes,0,tps_positive_commit,wcd_pct,88.52519308569326,5000,87.54491017964071,62.874251497005986,90.1468498342018,29.480249480249476,100.9907997169144
Solana,fat-tree,GAFAM,8,16,10,2023,hop,40 nodes,0,tps_positive_commit,n_metric,13.0,5000,9.0,9.0,9.0,9.0,9.0
Solana,fat-tree,GAFAM,8,16,10,2023,hop,40 nodes,0,tps_positive_commit,mean,4.253846153846154,5000,4.244444444444444,3.955555555555555,4.622222222222223,3.8666666666666663,4.711111111111112
Solana,fat-tree,GAFAM,8,16,10,2023,hop,40 nodes,0,tps_positive_commit,iqr_pct,16.455696202531648,5000,15.82914572864322,9.045226130653255,23.809523809523817,8.65384615384614,24.25876010781672
Solana,fat-tree,GAFAM,8,16,10,2023,hop,40 nodes,0,tps_positive_commit,sample_std_pct,22.002733067271425,5000,22.934045848571397,10.838863069282842,26.886427802889695,7.4516346867068215,27.20588171701112
Solana,fat-tree,GAFAM,8,16,10,2023,hop,40 nodes,0,tps_positive_commit,delta_min_pct,-50.63291139240506,5000,-48.641304347826086,-52.39294710327455,-13.118811881188138,-53.21782178217823,-9.779951100244503
Solana,fat-tree,GAFAM,8,16,10,2023,hop,40 nodes,0,tps_positive_commit,delta_max_pct,31.64556962025316,5000,28.244274809160284,16.666666666666696,38.082191780821915,11.363636363636363,40.38997214484679
Solana,fat-tree,GAFAM,8,16,10,2023,hop,40 nodes,0,tps_positive_commit,range_abs,3.4999999999999996,5000,3.1,1.6950000000000014,3.4999999999999996,1.0000000000000004,3.4999999999999996
Solana,fat-tree,GAFAM,8,16,10,2023,hop,40 nodes,0,tps_positive_commit,wcd_abs,2.1538461538461537,5000,1.9888888888888885,0.9444444444444446,2.3111111111111104,0.5000000000000004,2.3888888888888897
Solana,fat-tree,GAFAM,8,16,10,2023,hop,40 nodes,0,tps_positive_commit,wcd_pct,50.63291139240506,5000,48.641304347826086,20.286396181384255,52.39294710327455,11.363636363636372,53.21782178217823
Solana,fat-tree,Gaming,8,16,10,2023,hop,10 nodes,0,tps_positive_commit,n_metric,9.0,5000,7.0,6.0,8.0,6.0,9.0
Solana,fat-tree,Gaming,8,16,10,2023,hop,10 nodes,0,tps_positive_commit,mean,23.333333333333332,5000,23.5,14.614285714285716,30.733333333333334,10.549999999999999,32.800000000000004
Solana,fat-tree,Gaming,8,16,10,2023,hop,10 nodes,0,tps_positive_commit,iqr_pct,139.2857142857143,5000,111.95707715891672,59.20303605313093,148.77140729709606,51.063829787234035,150.66358915175996
Solana,fat-tree,Gaming,8,16,10,2023,hop,10 nodes,0,tps_positive_commit,sample_std_pct,88.63453972720264,5000,88.92503105557928,67.85473627909822,112.33522185459874,57.68595619333462,124.55556839419789
Solana,fat-tree,Gaming,8,16,10,2023,hop,10 nodes,0,tps_positive_commit,delta_min_pct,-96.14285714285715,5000,-95.67307692307693,-96.8586387434555,-72.80643000669792,-97.06999457406403,-59.14634146341463
Solana,fat-tree,Gaming,8,16,10,2023,hop,10 nodes,0,tps_positive_commit,delta_max_pct,156.2857142857143,5000,143.33672431332653,94.15584415584414,240.0487408610885,79.1469194312796,244.337811900192
Solana,fat-tree,Gaming,8,16,10,2023,hop,10 nodes,0,tps_positive_commit,range_abs,58.9,5000,58.9,38.1,58.9,18.0,58.9
Solana,fat-tree,Gaming,8,16,10,2023,hop,10 nodes,0,tps_positive_commit,wcd_abs,36.46666666666667,5000,33.42857142857143,24.099999999999998,42.21428571428571,9.649999999999999,42.43333333333334
Solana,fat-tree,Gaming,8,16,10,2023,hop,10 nodes,0,tps_positive_commit,wcd_pct,156.2857142857143,5000,143.33672431332653,94.15584415584414,240.0487408610885,82.31707317073167,244.337811900192
Solana,fat-tree,Gaming,8,16,10,2023,hop,40 nodes,0,tps_positive_commit,n_metric,0.0,5000,0.0,0.0,0.0,0.0,0.0
Solana,fat-tree,Gaming,8,16,10,2023,hop,40 nodes,0,tps_positive_commit,mean,,0,,,,,
Solana,fat-tree,Gaming,8,16,10,2023,hop,40 nodes,0,tps_positive_commit,iqr_pct,,0,,,,,
Solana,fat-tree,Gaming,8,16,10,2023,hop,40 nodes,0,tps_positive_commit,sample_std_pct,,0,,,,,
Solana,fat-tree,Gaming,8,16,10,2023,hop,40 nodes,0,tps_positive_commit,delta_min_pct,,0,,,,,
Solana,fat-tree,Gaming,8,16,10,2023,hop,40 nodes,0,tps_positive_commit,delta_max_pct,,0,,,,,
Solana,fat-tree,Gaming,8,16,10,2023,hop,40 nodes,0,tps_positive_commit,range_abs,,0,,,,,
Solana,fat-tree,Gaming,8,16,10,2023,hop,40 nodes,0,tps_positive_commit,wcd_abs,,0,,,,,
Solana,fat-tree,Gaming,8,16,10,2023,hop,40 nodes,0,tps_positive_commit,wcd_pct,,0,,,,,
Solana,fat-tree,PayPal,8,16,10,2023,hop,10 nodes,0,tps_positive_commit,n_metric,7.0,5000,5.0,3.0,6.0,3.0,7.0
Solana,fat-tree,PayPal,8,16,10,2023,hop,10 nodes,0,tps_positive_commit,mean,115.32857142857142,5000,115.2,90.8,142.4,70.46666666666667,151.1
Solana,fat-tree,PayPal,8,16,10,2023,hop,10 nodes,0,tps_positive_commit,iqr_pct,48.29679177505265,5000,48.29679177505265,6.460674157303383,86.57098923628908,1.0258107213765795,91.4872308462694
Solana,fat-tree,PayPal,8,16,10,2023,hop,10 nodes,0,tps_positive_commit,sample_std_pct,43.478314981646434,5000,47.62191756706654,10.675196763403553,63.960197383536475,1.1014769673787803,79.62515983664441
Solana,fat-tree,PayPal,8,16,10,2023,hop,10 nodes,0,tps_positive_commit,delta_min_pct,-81.09748544531153,5000,-78.74829401442777,-82.17497955846281,-17.026978738609966,-82.35389347579732,-1.2574454003970919
Solana,fat-tree,PayPal,8,16,10,2023,hop,10 nodes,0,tps_positive_commit,delta_max_pct,32.05747553573642,5000,32.20486111111112,6.95224719101124,65.50194120909596,0.7941760423560669,84.53150242326332
Solana,fat-tree,PayPal,8,16,10,2023,hop,10 nodes,0,tps_positive_commit,range_abs,130.5,5000,130.0,35.70000000000002,130.5,3.1000000000000227,130.5
Solana,fat-tree,PayPal,8,16,10,2023,hop,10 nodes,0,tps_positive_commit,wcd_abs,93.52857142857142,5000,80.78,23.82499999999999,100.50000000000001,1.9000000000000057,101.74000000000001
Solana,fat-tree,PayPal,8,16,10,2023,hop,10 nodes,0,tps_positive_commit,wcd_pct,81.09748544531153,5000,78.74829401442777,17.026978738609966,82.3538934757973,1.2574454003970919,84.53150242326332
Solana,fat-tree,PayPal,8,16,10,2023,hop,40 nodes,0,tps_positive_commit,n_metric,2.0,5000,1.0,0.0,2.0,0.0,2.0
Solana,fat-tree,PayPal,8,16,10,2023,hop,40 nodes,0,tps_positive_commit,mean,96.65,4614,96.65,40.9,152.4,40.9,152.4
Solana,fat-tree,PayPal,8,16,10,2023,hop,40 nodes,0,tps_positive_commit,iqr_pct,57.682359027418514,4614,0.0,0.0,57.682359027418514,0.0,57.682359027418514
Solana,fat-tree,PayPal,8,16,10,2023,hop,40 nodes,0,tps_positive_commit,sample_std_pct,81.57517444624942,2297,81.57517444624942,81.57517444624942,81.57517444624942,81.57517444624942,81.57517444624942
Solana,fat-tree,PayPal,8,16,10,2023,hop,40 nodes,0,tps_positive_commit,delta_min_pct,-57.68235902741853,4614,0.0,-57.68235902741853,0.0,-57.68235902741853,0.0
Solana,fat-tree,PayPal,8,16,10,2023,hop,40 nodes,0,tps_positive_commit,delta_max_pct,57.682359027418514,4614,0.0,0.0,57.682359027418514,0.0,57.682359027418514
Solana,fat-tree,PayPal,8,16,10,2023,hop,40 nodes,0,tps_positive_commit,range_abs,111.5,4614,0.0,0.0,111.5,0.0,111.5
Solana,fat-tree,PayPal,8,16,10,2023,hop,40 nodes,0,tps_positive_commit,wcd_abs,55.75000000000001,4614,0.0,0.0,55.75000000000001,0.0,55.75000000000001
Solana,fat-tree,PayPal,8,16,10,2023,hop,40 nodes,0,tps_positive_commit,wcd_pct,57.68235902741853,4614,0.0,0.0,57.68235902741853,0.0,57.68235902741853
Solana,fat-tree,VISA,8,16,10,2023,hop,10 nodes,0,tps_positive_commit,n_metric,10.0,5000,7.0,6.0,8.0,6.0,9.0
Solana,fat-tree,VISA,8,16,10,2023,hop,10 nodes,0,tps_positive_commit,mean,212.16,5000,210.85714285714286,139.1142857142857,274.3666666666666,110.43333333333332,305.90000000000003
Solana,fat-tree,VISA,8,16,10,2023,hop,10 nodes,0,tps_positive_commit,iqr_pct,82.43778280542985,5000,86.11541440743612,32.38309577394349,143.5945945945946,21.87312086590499,169.42202131094606
Solana,fat-tree,VISA,8,16,10,2023,hop,10 nodes,0,tps_positive_commit,sample_std_pct,76.94825470583771,5000,77.13926363078117,57.19461050398703,102.59060408871557,39.23537894894349,110.16782432662697
Solana,fat-tree,VISA,8,16,10,2023,hop,10 nodes,0,tps_positive_commit,delta_min_pct,-95.28657616892912,5000,-94.5149663062216,-96.16942103535077,-75.0704852351981,-96.39466410287226,-30.464355788096803
Solana,fat-tree,VISA,8,16,10,2023,hop,10 nodes,0,tps_positive_commit,delta_max_pct,127.94117647058827,5000,117.11133914828117,68.20033787141014,183.55501813784767,44.73118279569891,205.11041009463725
Solana,fat-tree,VISA,8,16,10,2023,hop,10 nodes,0,tps_positive_commit,range_abs,473.6,5000,459.0,259.2,473.6,185.2,473.6
Solana,fat-tree,VISA,8,16,10,2023,hop,10 nodes,0,tps_positive_commit,wcd_abs,271.44000000000005,5000,260.4,130.63333333333333,311.28571428571433,100.43333333333332,325.1
Solana,fat-tree,VISA,8,16,10,2023,hop,10 nodes,0,tps_positive_commit,wcd_pct,127.94117647058827,5000,117.11133914828117,79.27461139896373,183.55501813784767,58.0908793723439,205.11041009463725
Solana,fat-tree,VISA,8,16,10,2023,hop,40 nodes,0,tps_positive_commit,n_metric,0.0,5000,0.0,0.0,0.0,0.0,0.0
Solana,fat-tree,VISA,8,16,10,2023,hop,40 nodes,0,tps_positive_commit,mean,,0,,,,,
Solana,fat-tree,VISA,8,16,10,2023,hop,40 nodes,0,tps_positive_commit,iqr_pct,,0,,,,,
Solana,fat-tree,VISA,8,16,10,2023,hop,40 nodes,0,tps_positive_commit,sample_std_pct,,0,,,,,
Solana,fat-tree,VISA,8,16,10,2023,hop,40 nodes,0,tps_positive_commit,delta_min_pct,,0,,,,,
Solana,fat-tree,VISA,8,16,10,2023,hop,40 nodes,0,tps_positive_commit,delta_max_pct,,0,,,,,
Solana,fat-tree,VISA,8,16,10,2023,hop,40 nodes,0,tps_positive_commit,range_abs,,0,,,,,
Solana,fat-tree,VISA,8,16,10,2023,hop,40 nodes,0,tps_positive_commit,wcd_abs,,0,,,,,
Solana,fat-tree,VISA,8,16,10,2023,hop,40 nodes,0,tps_positive_commit,wcd_pct,,0,,,,,
Solana,full mesh,DDoS,8,16,10,2023,hop,10 nodes,0,tps_positive_commit,n_metric,12.0,5000,8.0,7.0,9.0,7.0,9.0
Solana,full mesh,DDoS,8,16,10,2023,hop,10 nodes,0,tps_positive_commit,mean,304.7,5000,303.9111111111111,278.8360714285714,333.5625,266.49999999999994,346.1714285714285
Solana,full mesh,DDoS,8,16,10,2023,hop,10 nodes,0,tps_positive_commit,iqr_pct,19.609451919921234,5000,18.547884377511167,10.421494468978185,28.613885505481132,7.82323081516872,33.81544691929418
Solana,full mesh,DDoS,8,16,10,2023,hop,10 nodes,0,tps_positive_commit,sample_std_pct,22.210079469804164,5000,24.115846532237843,10.390663451573873,29.236812667860146,7.4580745122202865,30.190602287819935
Solana,full mesh,DDoS,8,16,10,2023,hop,10 nodes,0,tps_positive_commit,delta_min_pct,-51.65736790285526,5000,-49.05538022567117,-53.08977858810238,-13.198638899235469,-54.30331501506824,-8.69565217391305
Solana,full mesh,DDoS,8,16,10,2023,hop,10 nodes,0,tps_positive_commit,delta_max_pct,35.83852970134558,5000,30.006172295212068,14.440951741926817,42.437158765417706,10.003269042170631,47.730981032021226
Solana,full mesh,DDoS,8,16,10,2023,hop,10 nodes,0,tps_positive_commit,range_abs,266.59999999999997,5000,221.3,89.30000000000001,266.59999999999997,57.19999999999999,266.59999999999997
Solana,full mesh,DDoS,8,16,10,2023,hop,10 nodes,0,tps_positive_commit,wcd_abs,157.39999999999998,5000,141.83749999999998,53.82857142857142,166.70406249999994,30.599999999999966,175.04285714285714
Solana,full mesh,DDoS,8,16,10,2023,hop,10 nodes,0,tps_positive_commit,wcd_pct,51.65736790285526,5000,49.05538022567117,17.100844149950074,53.08977858810237,10.003269042170631,54.30331501506824
Solana,full mesh,DDoS,8,16,10,2023,hop,40 nodes,0,tps_positive_commit,n_metric,0.0,5000,0.0,0.0,0.0,0.0,0.0
Solana,full mesh,DDoS,8,16,10,2023,hop,40 nodes,0,tps_positive_commit,mean,,0,,,,,
Solana,full mesh,DDoS,8,16,10,2023,hop,40 nodes,0,tps_positive_commit,iqr_pct,,0,,,,,
Solana,full mesh,DDoS,8,16,10,2023,hop,40 nodes,0,tps_positive_commit,sample_std_pct,,0,,,,,
Solana,full mesh,DDoS,8,16,10,2023,hop,40 nodes,0,tps_positive_commit,delta_min_pct,,0,,,,,
Solana,full mesh,DDoS,8,16,10,2023,hop,40 nodes,0,tps_positive_commit,delta_max_pct,,0,,,,,
Solana,full mesh,DDoS,8,16,10,2023,hop,40 nodes,0,tps_positive_commit,range_abs,,0,,,,,
Solana,full mesh,DDoS,8,16,10,2023,hop,40 nodes,0,tps_positive_commit,wcd_abs,,0,,,,,
Solana,full mesh,DDoS,8,16,10,2023,hop,40 nodes,0,tps_positive_commit,wcd_pct,,0,,,,,
Solana,full mesh,FIFA,8,16,10,2023,hop,10 nodes,0,tps_positive_commit,n_metric,13.0,5000,9.0,9.0,9.0,9.0,9.0
Solana,full mesh,FIFA,8,16,10,2023,hop,10 nodes,0,tps_positive_commit,mean,43.00769230769231,5000,43.13333333333334,37.13333333333333,49.07222222222215,34.84444444444444,51.922222222222224
Solana,full mesh,FIFA,8,16,10,2023,hop,10 nodes,0,tps_positive_commit,iqr_pct,59.75675192273295,5000,54.06192114315955,28.614030030987468,74.43419949706622,24.652257650331702,77.65098803228501
Solana,full mesh,FIFA,8,16,10,2023,hop,10 nodes,0,tps_positive_commit,sample_std_pct,39.134966077470615,5000,40.06765990500254,27.09280251232114,47.426075945035144,20.361202232502492,48.726224410870365
Solana,full mesh,FIFA,8,16,10,2023,hop,10 nodes,0,tps_positive_commit,delta_min_pct,-70.7029153997496,5000,-68.60465116279069,-73.01927194860814,-41.47588894301023,-74.47095902746511,-31.24331264712175
Solana,full mesh,FIFA,8,16,10,2023,hop,10 nodes,0,tps_positive_commit,delta_max_pct,59.04131640135933,5000,53.97698849424714,36.91009754811497,75.18497438816163,31.735501818959985,87.28323699421969
Solana,full mesh,FIFA,8,16,10,2023,hop,10 nodes,0,tps_positive_commit,range_abs,55.800000000000004,5000,50.5,36.400000000000006,55.800000000000004,31.000000000000004,55.800000000000004
Solana,full mesh,FIFA,8,16,10,2023,hop,10 nodes,0,tps_positive_commit,wcd_abs,30.407692307692308,5000,28.24444444444444,19.488888888888887,34.1,16.47777777777778,36.75555555555556
Solana,full mesh,FIFA,8,16,10,2023,hop,10 nodes,0,tps_positive_commit,wcd_pct,70.7029153997496,5000,69.31818181818181,42.01050262565641,75.18497438816163,31.735501818959985,87.28323699421969
Solana,full mesh,FIFA,8,16,10,2023,hop,40 nodes,0,tps_positive_commit,n_metric,0.0,5000,0.0,0.0,0.0,0.0,0.0
Solana,full mesh,FIFA,8,16,10,2023,hop,40 nodes,0,tps_positive_commit,mean,,0,,,,,
Solana,full mesh,FIFA,8,16,10,2023,hop,40 nodes,0,tps_positive_commit,iqr_pct,,0,,,,,
Solana,full mesh,FIFA,8,16,10,2023,hop,40 nodes,0,tps_positive_commit,sample_std_pct,,0,,,,,
Solana,full mesh,FIFA,8,16,10,2023,hop,40 nodes,0,tps_positive_commit,delta_min_pct,,0,,,,,
Solana,full mesh,FIFA,8,16,10,2023,hop,40 nodes,0,tps_positive_commit,delta_max_pct,,0,,,,,
Solana,full mesh,FIFA,8,16,10,2023,hop,40 nodes,0,tps_positive_commit,range_abs,,0,,,,,
Solana,full mesh,FIFA,8,16,10,2023,hop,40 nodes,0,tps_positive_commit,wcd_abs,,0,,,,,
Solana,full mesh,FIFA,8,16,10,2023,hop,40 nodes,0,tps_positive_commit,wcd_pct,,0,,,,,
Solana,full mesh,GAFAM,8,16,10,2023,hop,10 nodes,0,tps_positive_commit,n_metric,13.0,5000,9.0,9.0,9.0,9.0,9.0
Solana,full mesh,GAFAM,8,16,10,2023,hop,10 nodes,0,tps_positive_commit,mean,54.66153846153845,5000,54.666666666666664,53.34444444444445,55.900000000000006,52.722222222222214,56.1888888888889
Solana,full mesh,GAFAM,8,16,10,2023,hop,10 nodes,0,tps_positive_commit,iqr_pct,7.317759639741066,5000,7.23763570566948,2.413366336633671,10.766423357664232,2.375634517766505,10.816866979018128
Solana,full mesh,GAFAM,8,16,10,2023,hop,10 nodes,0,tps_positive_commit,sample_std_pct,6.5283661922994956,5000,6.48931505003554,4.49072346634096,7.766090514733575,2.8559602649006615,7.913487686319507
Solana,full mesh,GAFAM,8,16,10,2023,hop,10 nodes,0,tps_positive_commit,delta_min_pct,-12.003940332113682,5000,-11.072308956450273,-13.176895306859201,-4.942575881870384,-13.575563984827312,-3.5911038563558333
Solana,full mesh,GAFAM,8,16,10,2023,hop,10 nodes,0,tps_positive_commit,delta_max_pct,12.144666479031825,5000,11.028375930770764,7.949285570537339,13.68401636993589,3.9409905163329784,14.698544698544712
Solana,full mesh,GAFAM,8,16,10,2023,hop,10 nodes,0,tps_positive_commit,range_abs,13.199999999999996,5000,11.5,8.100000000000001,13.199999999999996,5.299999999999997,13.199999999999996
Solana,full mesh,GAFAM,8,16,10,2023,hop,10 nodes,0,tps_positive_commit,wcd_abs,6.638461538461549,5000,6.488888888888887,4.611111111111114,7.444444444444443,3.111111111111107,7.855555555555561
Solana,full mesh,GAFAM,8,16,10,2023,hop,10 nodes,0,tps_positive_commit,wcd_pct,12.144666479031825,5000,11.86131386861314,8.415841584158413,13.68401636993589,5.79470198675496,14.698544698544712
Solana,full mesh,GAFAM,8,16,10,2023,hop,40 nodes,0,tps_positive_commit,n_metric,13.0,5000,9.0,9.0,9.0,9.0,9.0
Solana,full mesh,GAFAM,8,16,10,2023,hop,40 nodes,0,tps_positive_commit,mean,3.6230769230769226,5000,3.622222222222222,3.1555555555555554,4.077777777777778,2.988888888888889,4.300000000000001
Solana,full mesh,GAFAM,8,16,10,2023,hop,40 nodes,0,tps_positive_commit,iqr_pct,41.40127388535034,5000,40.29850746268658,19.14893617021276,69.65944272445819,18.155619596541776,72.34726688102893
Solana,full mesh,GAFAM,8,16,10,2023,hop,40 nodes,0,tps_positive_commit,sample_std_pct,36.04269780398646,5000,36.486381555275855,24.69684713850955,44.33099523600532,17.9258826288056,44.85789848329166
Solana,full mesh,GAFAM,8,16,10,2023,hop,40 nodes,0,tps_positive_commit,delta_min_pct,-58.59872611464968,5000,-55.88235294117647,-61.86440677966102,-44.11764705882353,-63.31521739130436,-20.930232558139533
Solana,full mesh,GAFAM,8,16,10,2023,hop,40 nodes,0,tps_positive_commit,delta_max_pct,65.6050955414013,5000,57.89473684210529,36.18421052631578,79.99999999999999,27.384615384615373,87.50000000000001
Solana,full mesh,GAFAM,8,16,10,2023,hop,40 nodes,0,tps_positive_commit,range_abs,4.5,5000,4.1,2.9000000000000004,4.5,2.3000000000000003,4.5
Solana,full mesh,GAFAM,8,16,10,2023,hop,40 nodes,0,tps_positive_commit,wcd_abs,2.3769230769230774,5000,2.2666666666666666,1.6,2.6666666666666665,1.2444444444444445,2.8000000000000003
Solana,full mesh,GAFAM,8,16,10,2023,hop,40 nodes,0,tps_positive_commit,wcd_pct,65.6050955414013,5000,60.526315789473685,44.736842105263165,79.99999999999999,31.46067415730337,87.50000000000001
Solana,full mesh,Gaming,8,16,10,2023,hop,10 nodes,0,tps_positive_commit,n_metric,15.0,5000,8.0,8.0,9.0,8.0,9.0
Solana,full mesh,Gaming,8,16,10,2023,hop,10 nodes,0,tps_positive_commit,mean,38.43333333333333,5000,38.355555555555554,29.174687499999997,47.0,25.3125,51.112500000000004
Solana,full mesh,Gaming,8,16,10,2023,hop,10 nodes,0,tps_positive_commit,iqr_pct,50.21682567215958,5000,48.48484848484847,19.613495767493976,75.25514820195222,8.780487804878048,88.0461165048544
Solana,full mesh,Gaming,8,16,10,2023,hop,10 nodes,0,tps_positive_commit,sample_std_pct,54.10330423075792,5000,53.405421476857846,30.017885928559366,67.69115613753651,18.629991144261076,74.1224261922576
Solana,fu×ûçnÊ×¬¢h­µçK›Ù\Ë[™\™ŞWÜÜÚ]]™WØÛÛ[Z]ØÙÜİKÌMÌÍÌMMLÍÎLLŒËŒÌMŒNÌŒMÌŒMÌMMÌLŒÍŒKKŒNMÌŒŒLŒLŒ‹LŒNNÍLÍNLNMÌMKÌKMÎLÍMLÌNÌÍB[ÛÜ˜[™ØØ[KYœ™YKØ[Z[™ËM‹LŒŒËÜL›Ù\Ë[™\™ŞWÜÜÚ]]™WØÛÛ[Z]—ÛY]šXËL‹ŒLKŒKŒKŒKŒKŒ[ÛÜ˜[™ØØ[KYœ™YKØ[Z[™ËM‹LŒŒËÜL›Ù\Ë[™\™ŞWÜÜÚ]]™WØÛÛ[Z]YX[‹ŒKŒŒÍŒŒMÌ‹LŒKŒŒLŒLMÍÍÍMÍKŒŒÎMÎNMLLÎ‹Œ‹ŒÍLÎNLÎLËŒŒŒLLÍMÌMËŒ‹NMNMŒÍLÍMÂ[ÛÜ˜[™ØØ[KYœ™YKØ[Z[™ËM‹LŒŒËÜL›Ù\Ë[™\™ŞWÜÜÚ]]™WØÛÛ[Z]\\—ÜİL‹ÍLŒMŒŒÍÍÌLLËŒŒŒÍNŒMŒLË‹MŒÎMMŒÍÍÎKŒLNÌNLÌÎÍ‹‹ÎMLÍŒLËŒKŒÌÎMÎŒL‚[ÛÜ˜[™ØØ[KYœ™YKØ[Z[™ËM‹LŒŒËÜL›Ù\Ë[™\™ŞWÜÜÚ]]™WØÛÛ[Z]Ø[\WÜİÜİLËŒŒÎMMÍLÌÍËLMŒÌNÌÌ‹ŒMÌÎLLËM‹ŒMMLŒÍLŒÍMMMËËŒLMÌÍLMM‹ŒŒÌÍNMŒLÎL‚[ÛÜ˜[™ØØ[KYœ™YKØ[Z[™ËM‹LŒŒËÜL›Ù\Ë[™\™ŞWÜÜÚ]]™WØÛÛ[Z][WÛZ[—ÜİLÌKŒNNLMÌÌLLLNLLÌŒMÌMLÎLM‹LÌ‹ÎLŒLÍLLŒÍKLMŒLMÍÍÌMMÎLÌËŒÍŒÌLMNMËNLÌMŒLÌÌLÂ[ÛÜ˜[™ØØ[KYœ™YKØ[Z[™ËM‹LŒŒËÜL›Ù\Ë[™\™ŞWÜÜÚ]]™WØÛÛ[Z][WÛX^ÜİŒÍÌLMNMÍLŒÍLNNMNMLÎNNŒŒL‹NNMÍÌŒLLKŒNLÍÎŒ‹LŒNŒÍŒÍŒÌ‹KŒLÎLLM[ÛÜ˜[™ØØ[KYœ™YKØ[Z[™ËM‹LŒŒËÜL›Ù\Ë[™\™ŞWÜÜÚ]]™WØÛÛ[Z]˜[™ÙWØXœËLKŒÍÌÎŒLNNMMÌKLLKŒÍÌÎŒLNNMMÌKKMŒÍÌMNLLÎNKLKŒÍÌÎŒLNNMMÌKKŒLLNMŒLLMLMML‹LKŒÍÌÎŒLNNMMÌB[ÛÜ˜[™ØØ[KYœ™YKØ[Z[™ËM‹LŒŒËÜL›Ù\Ë[™\™ŞWÜÜÚ]]™WØÛÛ[Z]ØÙØXœË‹ŒMÍÎNLÍÎLÍ‹L‹ŒÌLMMLÌÌMKËŒLMÌLËŒLÍLMÎLML‹‹LŒNMMMLËŒÌLNMÌÍÌMÍŒ‚[ÛÜ˜[™ØØ[KYœ™YKØ[Z[™ËM‹LŒŒËÜL›Ù\Ë[™\™ŞWÜÜÚ]]™WØÛÛ[Z]ØÙÜİÌKŒNNLMÌÌLLLNLÌŒMÌMLÎLM‹MMÍMNMŒ‹Ì‹ÎLŒLÍLLŒÍKL‹LMŒŒÍÌÌËŒÍŒÌLMNMÂ[ÛÜ˜[™ØØ[KYœ™YKØ[Z[™ËM‹LŒŒËÜ›Ù\Ë[™\™ŞWÜÜÚ]]™WØÛÛ[Z]—ÛY]šXËLËŒLKŒKŒKŒKŒKŒ[ÛÜ˜[™ØØ[KYœ™YKØ[Z[™ËM‹LŒŒËÜ›Ù\Ë[™\™ŞWÜÜÚ]]™WØÛÛ[Z]YX[‹ŒKŒŒÍŒŒMŒLŒKŒŒÎŒLÍMŒŒ‹ŒŒÌMLMNMMÍNLLŒ‹Œ‹ŒŒŒÌLÍÌËNKÌMLÍLLKŒ‹MLLMÌÎMÂ[ÛÜ˜[™ØØ[KYœ™YKØ[Z[™ËM‹LŒŒËÜ›Ù\Ë[™\™ŞWÜÜÚ]]™WØÛÛ[Z]\\—ÜİNNÎMŒLMKLM‹LLÎLÎŒNLLMÌÌÌÌÍÍKŒ‹MLÌŒÍMÍLNÎKŒÌŒÌLLLÍÍKŒ‹LÎMNLNLMÍ[ÛÜ˜[™ØØ[KYœ™YKØ[Z[™ËM‹LŒŒËÜ›Ù\Ë[™\™ŞWÜÜÚ]]™WØÛÛ[Z]Ø[\WÜİÜİL‹ÍNNNLMMÌLL‹ŒLNNMLÌËKÌMÌÍMÍÍNMËMLLMMMŒNŒÎMŒÎNMÌMMŒÍKMKŒLMÍMŒÌMÌÎLB[ÛÜ˜[™ØØ[KYœ™YKØ[Z[™ËM‹LŒŒËÜ›Ù\Ë[™\™ŞWÜÜÚ]]™WØÛÛ[Z][WÛZ[—ÜİLNMÍŒÌÍÌLLMËLLNŒLMLÌÌÎÍŒMËLŒKŒÌÌMNŒNLMŒM‹LL‹ŒÍÌÌLŒÌŒÍLŒ‹ŒŒLÌLÎNNÎÍLËLLÎMŒLÎÍ‚[ÛÜ˜[™ØØ[KYœ™YKØ[Z[™ËM‹LŒŒËÜ›Ù\Ë[™\™ŞWÜÜÚ]]™WØÛÛ[Z][WÛX^ÜİŒ‹LMÎMMKLŒLŒÍÌÍÌNLËŒLÌLÎMNMŒM‹ŒÌÎLNŒÌ‹LKŒŒMLŒŒMŒŒÌKKŒÌÌŒÌÍÌŒŒÂ[ÛÜ˜[™ØØ[KYœ™YKØ[Z[™ËM‹LŒŒËÜ›Ù\Ë[™\™ŞWÜÜÚ]]™WØÛÛ[Z]˜[™ÙWØXœËMÌÌLLÍÎLÌLŒÌÍÌK‹ŒMMNMÍÍLÎKMÌÌLLÍÎÍMÌÌNNLÎMÌÌLLÍÎ[ÛÜ˜[™ØØ[KYœ™YKØ[Z[™ËM‹LŒŒËÜ›Ù\Ë[™\™ŞWÜÜÚ]]™WØÛÛ[Z]ØÙØXœËNNLMNMNMKLLÌÌNMŒMLÌ‹ËŒMLMMÍÌLMMLËKÍLMM‹ŒNNLŒLŒÌLŒ‹KÌÌŒLŒNŒLNB[ÛÜ˜[™ØØ[KYœ™YKØ[Z[™ËM‹LŒŒËÜ›Ù\Ë[™\™ŞWÜÜÚ]]™WØÛÛ[Z]ØÙÜİŒ‹LMÎMMKLŒLNMÌLÍMKÌNŒÍË‹ŒÌÎLNŒÌ‹LKŒŒMLŒŒMŒŒÌKKŒÌÌŒÌÍÌŒŒÂ[ÛÜ˜[™ØØ[KYœ™YK^T[M‹LŒŒËÜL›Ù\Ë[™\™ŞWÜÜÚ]]™WØÛÛ[Z]—ÛY]šXËLËŒLKŒKŒKŒKŒKŒ[ÛÜ˜[™ØØ[KYœ™YK^T[M‹LŒŒËÜL›Ù\Ë[™\™ŞWÜÜÚ]]™WØÛÛ[Z]YX[‹ŒKŒŒÎLÎMŒÍLÎLŒKŒNLÍMÌÍMLËŒŒNMLLŒŒLŒMNÌ‹Œ‹ŒÍŒÌÍÌMŒÍ‹NKÍMNNÍMMKŒ‹ŒŒÌÌMÌÌLLŒÂ[ÛÜ˜[™ØØ[KYœ™YK^T[M‹LŒŒËÜL›Ù\Ë[™\™ŞWÜÜÚ]]™WØÛÛ[Z]\\—ÜİLKŒÍÌÎÎMËLLKŒMÌNLLŒMŒÌËKÍLÌÌNNMËMËŒÌŒMLÍÍLKŒLLLLNMÍÌKMËŒŒÍÌMÍÍÍMÍÌÍB[ÛÜ˜[™ØØ[KYœ™YK^T[M‹LŒŒËÜL›Ù\Ë[™\™ŞWÜÜÚ]]™WØÛÛ[Z]Ø[\WÜİÜİL‹ŒNÌLNLLKLL‹ÎLLLŒL‹ËŒMNLÌŒLÎNKMÌÌÌŒMLÌMŒÌMÌMÍMLMÌMMËMÍMNLLÌÎÌLL‚[ÛÜ˜[™ØØ[KYœ™YK^T[M‹LŒŒËÜL›Ù\Ë[™\™ŞWÜÜÚ]]™WØÛÛ[Z][WÛZ[—ÜİLMKÍÌŒÍŒLKLLMŒÎÍLÍÌÍŒNLLÍLNŒŒÍLMÍLÌÍÌÌËMËŒLÌÍLÌÌÍL‹LNÍÍÍÍŒNLKMNLÌLMNMÌN[ÛÜ˜[™ØØ[KYœ™YK^T[M‹LŒŒËÜL›Ù\Ë[™\™ŞWÜÜÚ]]™WØÛÛ[Z][WÛX^ÜİKMÌLŒŒÌÌMŒKL‹LNMÌŒŒËL‹LMÍMMMMÌÌL‹Ì‹ŒÌÌÎLÌÌMË‹ÍMMÍÍÌLKÌËÍMLLÌÌÍ‚[ÛÜ˜[™ØØ[KYœ™YK^T[M‹LŒŒËÜL›Ù\Ë[™\™ŞWÜÜÚ]]™WØÛÛ[Z]˜[™ÙWØXœËKMLÍNNNMLKLŒMÎLÍMLMÌ‹KŒŒÎÍÍMŒŒKKMLÍNNNMLK‹MÌÍÎNMÎMNNKMLÍNNNMLB[ÛÜ˜[™ØØ[KYœ™YK^T[M‹LŒŒËÜL›Ù\Ë[™\™ŞWÜÜÚ]]™WØÛÛ[Z]ØÙØXœË‹ŒMMLÌMŒËLKŒÌLÍNMLË‹MLNÍŒŒNK‹MLMÌËKŒÎMMÍMMNMM‹MLÍŒMŒÂ[ÛÜ˜[™ØØ[KYœ™YK^T[M‹LŒŒËÜL›Ù\Ë[™\™ŞWÜÜÚ]]™WØÛÛ[Z]ØÙÜİKMÌLŒŒÌÌMŒKL‹LNMÌŒŒËL‹MŒNLÌÌLÌMNNNÌ‹ŒÌÌÎLÌÌMËŒŒMÎLMŒÎMÌËÍMLLÌÌÍ‚[ÛÜ˜[™ØØ[KYœ™YK^T[M‹LŒŒËÜ›Ù\Ë[™\™ŞWÜÜÚ]]™WØÛÛ[Z]—ÛY]šXËLËŒLKŒKŒKŒKŒKŒ[ÛÜ˜[™ØØ[KYœ™YK^T[M‹LŒŒËÜ›Ù\Ë[™\™ŞWÜÜÚ]]™WØÛÛ[Z]YX[‹Œ‹ŒÍÌLŒÌËLŒ‹ŒÍÍÌŒÌŒËŒMÎÍLÎLŒËŒMMÌÌLŒÍÌNŒŒÍLMMÍÍŒÌÌÍŒËÌÍŒÍÌÎLŒÍMB[ÛÜ˜[™ØØ[KYœ™YK^T[M‹LŒŒËÜ›Ù\Ë[™\™ŞWÜÜÚ]]™WØÛÛ[Z]\\—ÜİŒLMNÍÍŒLLLNŒŒŒMŒÍÍŒLÍLŒŒÍMLLLËLMLÍÌŒLÎLË‹ŒLMŒÎMÌMËKÍÍŒÎÍMŒÍ[ÛÜ˜[™ØØ[KYœ™YK^T[M‹LŒŒËÜ›Ù\Ë[™\™ŞWÜÜÚ]]™WØÛÛ[Z]Ø[\WÜİÜİMKMÌMŒÌÌMŒŒÍL‹LMKLÎÍMÍÌŒNKLÍMLÌÍLNLÍÌÌËNŒNLŒLLŒLŒLMÎËMMÎMNLÌËNÍÎŒLNMÎLÌÎ[ÛÜ˜[™ØØ[KYœ™YK^T[M‹LŒŒËÜ›Ù\Ë[™\™ŞWÜÜÚ]]™WØÛÛ[Z][WÛZ[—ÜİLŒŒŒMÌLŒŒL‹LLŒ‹LMÎLÌŒLŒÌŒL‹LËŒÎNNŒÎMLËLLKŒŒŒŒŒÍŒÍMËLŒNMMLMŒÍLÍMNÍÍÎMMMÌ‚[ÛÜ˜[™ØØ[KYœ™YK^T[M‹LŒŒËÜ›Ù\Ë[™\™ŞWÜÜÚ]]™WØÛÛ[Z][WÛX^ÜİÌŒÌÎŒÍŒÎMMNML‹LËMMLMÍÎÌÌËNŒLLLÍMËÍNÍMLŒMŒÍMËLËŒÌLÍŒÌLÍKÎŒÎŒMÍMÍLŒNB[ÛÜ˜[™ØØ[KYœ™YK^T[M‹LŒŒËÜ›Ù\Ë[™\™ŞWÜÜÚ]]™WØÛÛ[Z]˜[™ÙWØXœËL‹ŒÍŒÍÎLÌÍLLLKLLLLNLLMŒÎKËNÌNMÌŒMËL‹ŒÍŒÍÎLÌÍLLLKKŒNÌMŒÌNNMKL‹ŒÍŒÍÎLÌÍLLLB[ÛÜ˜[™ØØ[KYœ™YK^T[M‹LŒŒËÜ›Ù\Ë[™\™ŞWÜÜÚ]]™WØÛÛ[Z]ØÙØXœË‹ÌŒÌÍÍNMŒ‹L‹ŒNMLÌMÌÎKŒLÌŒÎLÍÌL‹ËMŒŒNLÎLKËŒÎMŒNLÍÎLŒŒ‹ŒÌŒÌŒŒLŒÍÂ[ÛÜ˜[™ØØ[KYœ™YK^T[M‹LŒŒËÜ›Ù\Ë[™\™ŞWÜÜÚ]]™WØÛÛ[Z]ØÙÜİÌŒÌÎŒÍŒÎMMNML‹LËÌNÌLMMËNKÎLÌŒMMMNÍNÍMLŒMŒÍMËMKNLÌNLÍÌKÎŒÎŒMÍMÍLŒNB[ÛÜ˜[™ØØ[KYœ™YK’TĞKM‹LŒŒËÜL›Ù\Ë[™\™ŞWÜÜÚ]]™WØÛÛ[Z]—ÛY]šXËLËŒLKŒKŒKŒKŒKŒ[ÛÜ˜[™ØØ[KYœ™YK’TĞKM‹LŒŒËÜL›Ù\Ë[™\™ŞWÜÜÚ]]™WØÛÛ[Z]YX[‹ŒËŒMŒŒMŒLÍMMLÌÍ‹LŒËŒNÌNMMMMÎMKŒ‹MŒÌLLÍÍLÎËŒŒŒMÌMÍLËŒ‹ŒNÍÍLÌÍMÎÌ‹NLLNLÌÍ[ÛÜ˜[™ØØ[KYœ™YK’TĞKM‹LŒŒËÜL›Ù\Ë[™\™ŞWÜÜÚ]]™WØÛÛ[Z]\\—ÜİLLÍÌMÌM‹LKLLMNMLË‹ŒMÎNNMMMLKM‹ŒMLÍLLK‹ŒMLLÌŒKM‹MLÌLÌÍLÍM‚[ÛÜ˜[™ØØ[KYœ™YK’TĞKM‹LŒŒËÜL›Ù\Ë[™\™ŞWÜÜÚ]]™WØÛÛ[Z]Ø[\WÜİÜİLKŒŒMÍMLLÍLL‹ŒÎMÌÌÍÍŒÍLL‹ŒÎÍÎNËLËLMLŒÌNŒËLÌMLŒÌËLËÌŒÍNMÌÌÍÎMNMMÂ[ÛÜ˜[™ØØ[KYœ™YK’TĞKM‹LŒŒËÜL›Ù\Ë[™\™ŞWÜÜÚ]]™WØÛÛ[Z][WÛZ[—ÜİLNMLÍLLÎMŒLÌÎLLËŒŒÍÌŒÌNŒLŒMËLKLŒÍŒÌLMÎMLŒËM‹NLÍLLÌLLÍŒNKLÌŒÍLMMÍKMKŒÍNNMNMMŒL[ÛÜ˜[™ØØ[KYœ™YK’TĞKM‹LŒŒËÜL›Ù\Ë[™\™ŞWÜÜÚ]]™WØÛÛ[Z][WÛX^ÜİMÌMLÌÍLÌÍÍ‹LMNŒMLN‹LŒNMNÎŒŒÍ‹MËMÌNNMNMMM‹ÍMLNLMŒÍÍM‹NKŒÎMÍÍÍLN‚[ÛÜ˜[™ØØ[KYœ™YK’TĞKM‹LŒŒËÜL›Ù\Ë[™\™ŞWÜÜÚ]]™WØÛÛ[Z]˜[™ÙWØXœËLŒLÍNLŒŒMKLKLLÍMNKMÌMÌŒLMMMKLŒLÍNLŒŒMK‹ÌMÍÎÍŒ‹LŒLÍNLŒŒMB[ÛÜ˜[™ØØ[KYœ™YK’TĞKM‹LŒŒËÜL›Ù\Ë[™\™ŞWÜÜÚ]]™WØÛÛ[Z]ØÙØXœË‹LNMLÌÌÍÌMKL‹ŒŒMŒLNÍMMLN‹MNMLŒLM‹MMMLLNMNLÌ‹KMLŒMLŒÍÌŒÌËËŒŒLŒMÌLÍMMB[ÛÜ˜[™ØØ[KYœ™YK’TĞKM‹LŒŒËÜL›Ù\Ë[™\™ŞWÜÜÚ]]™WØÛÛ[Z]ØÙÜİNMLÍLLÎMŒLÌÎLËŒŒÍÌŒÌNŒLŒMËLŒMÍÎLN‹KLŒÍŒÌLMÎMLŒË‹ÍMLNLMŒÍÍM‹ÌŒÍLMMÍB[ÛÜ˜[™ØØ[KYœ™YK’TĞKM‹LŒŒËÜ›Ù\Ë[™\™ŞWÜÜÚ]]™WØÛÛ[Z]—ÛY]šXËLËŒLKŒKŒKŒKŒKŒ[ÛÜ˜[™ØØ[KYœ™YK’TĞKM‹LŒŒËÜ›Ù\Ë[™\™ŞWÜÜÚ]]™WØÛÛ[Z]YX[‹Œ‹ŒNMLÍMMÎMLŒ‹ŒÌÍÍŒÍMLÎŒKÌŒMÍÍÍŒMÌÍÍKŒ‹LÌÌLÌÍMŒKNLŒNMŒÍMLÌ‹Œ‹NLŒL‚[ÛÜ˜[™ØØ[KYœ™YK’TĞKM‹LŒŒËÜ›Ù\Ë[™\™ŞWÜÜÚ]]™WØÛÛ[Z]\\—ÜİÎŒÌMÍŒÌNLÎÍLLÌËMLŒÎMÌÍNMLËŒÎLLLÎÍÍMŒËËLLÌNMÌÍLËÍÌÎ‚[ÛÜ˜[™ØØ[KYœ™YK’TĞKM‹LŒŒËÜ›Ù\Ë[™\™ŞWÜÜÚ]]™WØÛÛ[Z]Ø[\WÜİÜİ‹ÌÌŒŒÌMŒNKL‹LMLŒŒNÍËNMÍÎMNŒMÎÍKËÍŒÌŒLMLÍŒÍŒNÌŒÍŒ‚[ÛÜ˜[™ØØ[KYœ™YK’TĞKM‹LŒŒËÜ›Ù\Ë[™\™ŞWÜÜÚ]]™WØÛÛ[Z][WÛZ[—ÜİNLNLLÎMÌLËLNŒŒMLLKLLŒÌÍÍNNMÌÍ‹M‹ŒLŒŒÌÌLMÎN‹LLLMÌÌŒNLÍËMKŒÍÌLNMŒŒÍB[ÛÜ˜[™ØØ[KYœ™YK’TĞKM‹LŒŒËÜ›Ù\Ë[™\™ŞWÜÜÚ]]™WØÛÛ[Z][WÛX^ÜİL‹ŒÍLŒNÍ‹LLKMMÌMÍMÌËËÍÍŒNLÌÌLKMMNNMMŒË‹ŒÌMÍÎNÍ‹MKŒŒŒÌLÍÎLMÍŒÍÂ[ÛÜ˜[™ØØ[KYœ™YK’TĞKM‹LŒŒËÜ›Ù\Ë[™\™ŞWÜÜÚ]]™WØÛÛ[Z]˜[™ÙWØXœËÍŒÌÎMŒŒLNMŒLLÌŒÌLÍŒK‹NLÎLNLÌLÍKÍŒÌÎMŒŒ‹LLNLŒLNLKÍŒÌÎMŒŒ[ÛÜ˜[™ØØ[KYœ™YK’TĞKM‹LŒŒËÜ›Ù\Ë[™\™ŞWÜÜÚ]]™WØÛÛ[Z]ØÙØXœË‹MÌÍLÎMÍLMÍKL‹ÌMÌLMMLËKŒÍÌÌNLÌŒMKËŒMNŒÌÍÌŒNMËKŒÌLMÎÌMNMËËŒÌNÌŒŒÍLLÍM[ÛÜ˜[™ØØ[KYœ™YK’TĞKM‹LŒŒËÜ›Ù\Ë[™\™ŞWÜÜÚ]]™WØÛÛ[Z]ØÙÜİL‹ŒÍLŒNÍ‹LLKMMÌMÍMÌËËÍÍÎMÌÌMÍLÌKMMNNMMŒË‹ŒÌMÍÎNÍ‹MKŒŒŒÌLÍÎLMÍŒÍÂ[ÛÜ˜[™Ü\ËÔËM‹LŒŒËÜL›Ù\Ë[™\™ŞWÜÜÚ]]™WØÛÛ[Z]—ÛY]šXËLËŒLKŒKŒKŒKŒKŒ[ÛÜ˜[™Ü\ËÔËM‹LŒŒËÜL›Ù\Ë[™\™ŞWÜÜÚ]]™WØÛÛ[Z]YX[‹LŒÍŒÌMŒLLËLLŒÎÍÌŒÌNMÌ‹KLŒLŒLLÌLÌŒKLŒLLŒÎLMKKŒÌŒNLŒŒMÌÌKLÍÍŒNLÎÎMLB[ÛÜ˜[™Ü\ËÔËM‹LŒŒËÜL›Ù\Ë[™\™ŞWÜÜÚ]]™WØÛÛ[Z]\\—ÜİL‹LLÌMNNMÎËLL‹ÍÍLÍŒMMK‹ŒŒŒNMÍÍLÍÌŒ‹KLÎMÎNNLNLLÌÌËKMŒÍÍNNMÌLMK‹ŒÌÍÍŒLÎLÎLÂ[ÛÜ˜[™Ü\ËÔËM‹LŒŒËÜL›Ù\Ë[™\™ŞWÜÜÚ]]™WØÛÛ[Z]Ø[\WÜİÜİMKŒMÎMŒMLLMLMKŒNÍMÍLKLŒÍMÎÍËNŒNŒLNÌÍŒKËŒÍMÎLÌÌLËNMMMÍÌŒLÍB[ÛÜ˜[™Ü\ËÔËM‹LŒŒËÜL›Ù\Ë[™\™ŞWÜÜÚ]]™WØÛÛ[Z][WÛZ[—ÜİLËŒÌÌMMNMKLLKLLÍÌMŒÍËLKŒLLŒŒŒÎLLËŒNLMÌLÌŒNLÌKLÌLNLMŒMMLNNKŒŒÌÌŒÌÌNMMLB[ÛÜ˜[™Ü\ËÔËM‹LŒŒËÜL›Ù\Ë[™\™ŞWÜÜÚ]]™WØÛÛ[Z][WÛX^ÜİÍÍÌŒLMÍÍŒÍLKŒLŒNÌMLÎMÍM‹ÎÍMNNMLŒŒËÌ‹LŒŒMÍ‹LÌLÌLMŒŒÍMLLÍÌÎLMLM[ÛÜ˜[™Ü\ËÔËM‹LŒŒËÜL›Ù\Ë[™\™ŞWÜÜÚ]]™WØÛÛ[Z]˜[™ÙWØXœËKŒNLÎLÌLŒMŒÌLŒMLMŒŒÎKËŒÌÎNLÎMLÌLMËKŒNLÎLÌLŒMŒÌ‹ŒÎMÍLL‹KŒNLÎLÌLŒMŒÌ[ÛÜ˜[™Ü\ËÔËM‹LŒŒËÜL›Ù\Ë[™\™ŞWÜÜÚ]]™WØÛÛ[Z]ØÙØXœË‹ŒÌNNLÎLÎMŒÎL‹ÍŒŒÌLNLÍÌÌÌËKMNNLŒÌÎÍLMŒËËŒNMÍMŒÎLKŒÍÌÍŒMÎLMLËËŒÍLŒNMLŒLÌLÂ[ÛÜ˜[™Ü\ËÔËM‹LŒŒËÜL›Ù\Ë[™\™ŞWÜÜÚ]]™WØÛÛ[Z]ØÙÜİÍÍÌŒLMÍÍŒÍLËŒÍŒLLÌÍÎLMKNKŒNLÌNMŒLMÍŒ‹Ì‹LŒŒMÍ‹L‹NÎMŒÍMÎMÍMÍMLLÍÌÎLMLM[ÛÜ˜[™Ü\ËÔËM‹LŒŒËÜ›Ù\Ë[™\™ŞWÜÜÚ]]™WØÛÛ[Z]—ÛY]šXËLËŒLKŒKŒKŒKŒKŒ[ÛÜ˜[™Ü\ËÔËM‹LŒŒËÜ›Ù\Ë[™\™ŞWÜÜÚ]]™WØÛÛ[Z]YX[‹LLÌÎLÌMLLÎLÌLMLŒÌLŒMŒ‹KMÌŒÍMŒÍNMLNMMÍÎNLËKÌNLNMÍÍÌŒÍLKŒLLÌLNMMMLÌB[ÛÜ˜[™Ü\ËÔËM‹LŒŒËÜ›Ù\Ë[™\™ŞWÜÜÚ]]™WØÛÛ[Z]\\—ÜİŒ‹ŒÌŒLMMKLŒKŒÍLÍÍMMKLËŒÍNMŒÌŒ‹ŒËŒNMÍŒNM‹KŒMŒÌÍMNMÌÌÍÎKŒËLLMMÌNÍ[ÛÜ˜[™Ü\ËÔËM‹LŒŒËÜ›Ù\Ë[™\™ŞWÜÜÚ]]™WØÛÛ[Z]Ø[\WÜİÜİLËLMMMÍŒLŒKLMMLMMLLÍÍ‹KÍMLÍŒÍÍÍÎLLKM‹ŒLÎLÍÎNMM‹MŒNMNLLLÎKM‹ŒMÎLÍLÌMÂ[ÛÜ˜[™Ü\ËÔËM‹LŒŒËÜ›Ù\Ë[™\™ŞWÜÜÚ]]™WØÛÛ[Z][WÛZ[—ÜİLÌŒÍŒÌÍMŒÌMNM‹LLÌÍMNMKLÌKLÌMÌÌMÌŒÌËNKŒMŒLNNLMÍLŒKLÌ‹MŒLÍMËŒLÌÎÎLLÍŒÂ[ÛÜ˜[™Ü\ËÔËM‹LŒŒËÜ›Ù\Ë[™\™ŞWÜÜÚ]]™WØÛÛ[Z][WÛX^ÜİNKŒÍŒLÎMÌÌ‹LMËMLLÎLÍMËL‹ÌLŒNLŒÌKŒËMÌNMŒKL‹ŒNLMÎMNNL‹KNMÌŒÌÌMŒÌÌÂ[ÛÜ˜[™Ü\ËÔËM‹LŒŒËÜ›Ù\Ë[™\™ŞWÜÜÚ]]™WØÛÛ[Z]˜[™ÙWØXœËKŒLÌÎMÌÎŒNLÎNNNLLMŒŒÌ‹‹NNMMÌŒŒŒLËKŒLÌÎMÌÎŒN‹ŒÎLLMLKŒLÌÎMÌÎŒN[ÛÜ˜[™Ü\ËÔËM‹LŒŒËÜ›Ù\Ë[™\™ŞWÜÜÚ]]™WØÛÛ[Z]ØÙØXœËËŒLÎMÎMÎMMLMKL‹LNMNLLL‹KÌÌMMŒNËŒÎLÌÌÍÌŒÌMËKŒÌLMÌLMÎËMLÎLÎÎLŒŒÌ[ÛÜ˜[™Ü\ËÔËM‹LŒŒËÜ›Ù\Ë[™\™ŞWÜÜÚ]]™WØÛÛ[Z]ØÙÜİÌŒÍŒÌÍMŒÌMNM‹LÌÍMNMKLËÌÎLŒŒËÌKLÌMÌÌMÌŒÌËL‹ŒÌÌNMŒLMŒLÌ‹MŒLÍ[ÛÜ˜[™Ü\Ë’QKM‹LŒŒËÜL›Ù\Ë[™\™ŞWÜÜÚ]]™WØÛÛ[Z]—ÛY]šXËLËŒLKŒKŒKŒKŒKŒ[ÛÜ˜[™Ü\Ë’QKM‹LŒŒËÜL›Ù\Ë[™\™ŞWÜÜÚ]]™WØÛÛ[Z]YX[‹NLÌÌÌÌÍLËLNMÍŒÌÍÎMŒŒKLÍLŒMLKKÍMÌLÎÌÍKŒÍŒMŒKKLŒLLMLM[ÛÜ˜[™Ü\Ë’QKM‹LŒŒËÜL›Ù\Ë[™\™ŞWÜÜÚ]]™WØÛÛ[Z]\\—ÜİL‹ÎLNNMLNNÌKLLËŒÍÌÍLÌ‹‹MMÍMÌÌMKKNÌÌŒŒŒLË‹ŒŒŒMÌÍMNKMÎNÌÎMÌÂ[ÛÜ˜[™Ü\Ë’QKM‹LŒŒËÜL›Ù\Ë[™\™ŞWÜÜÚ]]™WØÛÛ[Z]Ø[\WÜİÜİMŒÌLÎLÎLKLMÎNÎLŒÍLNLËKMŒŒÌÌMŒNMËLŒLŒMÍLM‹ËŒÍLNLMLŒÍŒÌ‹MËMLMNNLŒÂ[ÛÜ˜[™Ü\Ë’QKM‹LŒŒËÜL›Ù\Ë[™\™ŞWÜÜÚ]]™WØÛÛ[Z][WÛZ[—ÜİL‹ŒMLÍÍNÎLMËLLŒÎLŒLLÎÍÍ‹LMÌLNÍÍ‹LLËÍÎLÍÍËLKÍNLÌLÍNMNÌMÍL‚[ÛÜ˜[™Ü\Ë’QKM‹LŒŒËÜL›Ù\Ë[™\™ŞWÜÜÚ]]™WØÛÛ[Z][WÛX^ÜİKŒÌMNMŒMŒKLŒËŒMÌLŒLLKMKMÎLÌNŒÎNMNKŒLÎMŒŒŒ‹KÎMMÎMMÍMÎNLÌKŒMMMŒÎÍLÂ[ÛÜ˜[™Ü\Ë’QKM‹LŒŒËÜL›Ù\Ë[™\™ŞWÜÜÚ]]™WØÛÛ[Z]˜[™ÙWØXœËŒŒMÌNMŒŒMKLŒMÌÌMMÍŒMMLÎMK‹ÌMÌŒÍÍNËŒŒMÌNMŒŒMK‹ŒÌNLLNŒLŒ‹ŒŒMÌNMŒŒMB[ÛÜ˜[™Ü\Ë’QKM‹LŒŒËÜL›Ù\Ë[™\™ŞWÜÜÚ]]™WØÛÛ[Z]ØÙØXœË‹ŒÍLMŒNNLKL‹ŒÌMLŒMÌÍÌŒŒËKLLÎLŒÌŒ‹NLÌÌLMLŒËKŒŒMŒLMÌŒM‹‹ÍMLÍMNÍB[ÛÜ˜[™Ü\Ë’QKM‹LŒŒËÜL›Ù\Ë[™\™ŞWÜÜÚ]]™WØÛÛ[Z]ØÙÜİ‹ŒMLÍÍNÎLMËLKNMLŒLÍKMËNMŒMÍML‹KÍNLÌLÍLËÌLMŒLLMÍŒ‹ÌKŒMMMŒÎÍLÂ[ÛÜ˜[™Ü\Ë’QKM‹LŒŒËÜ›Ù\Ë[™\™ŞWÜÜÚ]]™WØÛÛ[Z]—ÛY]šXËLËŒLKŒKŒKŒKŒKŒ[ÛÜ˜[™Ü\Ë’QKM‹LŒŒËÜ›Ù\Ë[™\™ŞWÜÜÚ]]™WØÛÛ[Z]YX[‹KŒMLNÍÌÍNLÌMKLKŒLÎMÌŒÎÎKÌŒMLLËKNLÍNMÍÌKNLÍÎÌÌMÌŒ‹KÍMMMÌLÍLLM[ÛÜ˜[™Ü\Ë’QKM‹LŒŒËÜ›Ù\Ë[™\™ŞWÜÜÚ]]™WØÛÛ[Z]\\—ÜİMËMMÍÌMMŒNMLËLM‹LLLNNÌMËLKÌÌÍMÍKŒKŒLŒŒMÌÍLÍËKŒÍMLMÍËŒKŒÌMŒMÌMÌLÂ[ÛÜ˜[™Ü\Ë’QKM‹LŒŒËÜ›Ù\Ë[™\™ŞWÜÜÚ]]™WØÛÛ[Z]Ø[\WÜİÜİLËLŒÌÍÍNLNMËLMŒLŒÌŒŒËÍNÎÎNMËM‹ŒMLÍÎMÎMMKŒLÍÌÍLML‹M‹LLMÌÍÍ[ÛÜ˜[™Ü\Ë’QKM‹LŒŒËÜ›Ù\Ë[™\™ŞWÜÜÚ]]™WØÛÛ[Z][WÛZ[—ÜİLÌÎMNÍLLKLLKŒLLŒNNÌNNLÌ‹ŒÎMÌLŒÍMMKLLŒMMŒŒÍÍŒLKLÌËÍMŒÍÍNŒŒNMNMÌÌMLL‚[ÛÜ˜[™Ü\Ë’QKM‹LŒŒËÜ›Ù\Ë[™\™ŞWÜÜÚ]]™WØÛÛ[Z][WÛX^ÜİŒKŒŒMÍÍÍNNNLNLMŒÍLLLÌKLKŒŒÍÍÌŒLŒLÌËKŒLLÍMÍÍLËKŒMMÌÎMMŒ‹ËŒÍÎÌLLÍNMÍ‚[ÛÜ˜[™Ü\Ë’QKM‹LŒŒËÜ›Ù\Ë[™\™ŞWÜÜÚ]]™WØÛÛ[Z]˜[™ÙWØXœËÎMMMLLMMLNKLËNŒNMÍNLLL‹ŒLLŒNNÍÎLËÎMMMLLMMLNKKÍMŒÌMLŒ‹ÎMMMLLMMLNB[ÛÜ˜[™Ü\Ë’QKM‹LŒŒËÜ›Ù\Ë[™\™ŞWÜÜÚ]]™WØÛÛ[Z]ØÙØXœË‹MÌÍŒÎLNMML‹ŒMLMNŒÌŒÍM‹KŒÎLŒÎLM‹ËŒNLÎLNLŒËNÌÌÌŒŒŒÌKËŒNNMMÌNMMÎB[ÛÜ˜[™Ü\Ë’QKM‹LŒŒËÜ›Ù\Ë[™\™ŞWÜÜÚ]]™WØÛÛ[Z]ØÙÜİÌÎMNÍLLKLKŒLLŒNNÌNNLKŒÌÌNÍMNMMNMÍKÌ‹ŒÎMÌLŒÍMMKLMÍŒÍNMMMÍËÌËÍMŒÍÍ[ÛÜ˜[™Ü\ËĞQSKM‹LŒŒËÜL›Ù\Ë[™\™ŞWÜÜÚ]]™WØÛÛ[Z]—ÛY]šXËLËŒLKŒKŒKŒKŒKŒ[ÛÜ˜[™Ü\ËĞQSKM‹LŒŒËÜL›Ù\Ë[™\™ŞWÜÜÚ]]™WØÛÛ[Z]YX[‹MŒÌÍÎLŒŒÍLMËLMŒÍÍŒŒLÎMŒËLËLÌŒMNMÍ‹MKŒLÌŒÍÍLÍLÎLËŒNLMLLMŒ‹MKMÍLÍÌÂ[ÛÜ˜[™Ü\ËĞQSKM‹LŒŒËÜL›Ù\Ë[™\™ŞWÜÜÚ]]™WØÛÛ[Z]\\—ÜİMŒÍÍMÎŒŒ‹LM‹ŒÌŒÍŒÍNL‹‹ŒŒMÎNÍÍKŒLLMLMÍË‹ŒŒÍÌŒÌŒNÍKŒÌLÌLÎÎM‚[ÛÜ˜[™Ü\ËĞQSKM‹LŒŒËÜL›Ù\Ë[™\™ŞWÜÜÚ]]™WØÛÛ[Z]Ø[\WÜİÜİM‹ŒŒÎMÍÌNŒËLM‹ŒÌÍÎLŒÎLÌLKÎÍLLÌMMÎNKŒÎMŒMMÍLŒMŒÌŒŒËÌÍÌLLÎMNNKÍMÎMÌÎLÍ[ÛÜ˜[™Ü\ËĞQSKM‹LŒŒËÜL›Ù\Ë[™\™ŞWÜÜÚ]]™WØÛÛ[Z][WÛZ[—ÜİLŒËŒŒÌÍLÌMNLŒLLŒKÎÌŒÌÍLÌÎËL‹ŒLMMÎMŒLMLÌÍKLM‹ŒMMMNLŒMŒMMÌLËŒMÎÎLŒLËLLKÎÍÌLŒŒÍB[ÛÜ˜[™Ü\ËĞQSKM‹LŒŒËÜL›Ù\Ë[™\™ŞWÜÜÚ]]™WØÛÛ[Z][WÛX^ÜİÌKŒÎÌŒÌ‹LŒMÎŒMMMMKNKLÍLÌÎMÍËÍ‹ŒLLÌÍL‹LŒŒLLLŒ‹ÎŒÍNMÍÌÍNLMÂ[ÛÜ˜[™Ü\ËĞQSKM‹LŒŒËÜL›Ù\Ë[™\™ŞWÜÜÚ]]™WØÛÛ[Z]˜[™ÙWØXœËËÌMÍMMÎLËŒÍMNÎNMLNLŒKKŒŒÍŒŒÎMLM‹ËÌMÍMMÎËMŒLMÎMÍMËÌMÍMMÎ[ÛÜ˜[™Ü\ËĞQSKM‹LŒŒËÜL›Ù\Ë[™\™ŞWÜÜÚ]]™WØÛÛ[Z]ØÙØXœËLÎŒNŒMŒ‹LŒLNNLMŒŒK‹LÎMÎÍÌMÎMŒM‹NLMNLNŒÍÌMÍ‹KNÎNLŒNNNÌMM‹KŒLMLÌLB[ÛÜ˜[™Ü\ËĞQSKM‹LŒŒËÜL›Ù\Ë[™\™ŞWÜÜÚ]]™WØÛÛ[Z]ØÙÜİÌKŒÎÌŒÌ‹LŒMÎŒMMMMKŒŒŒMÌÌMŒŒNÍ‹ŒLLÌÍL‹MÌMÌLLNML‹ÎŒÍNMÍÌÍNLMÂ[ÛÜ˜[™Ü\ËĞQSKM‹LŒŒËÜ›Ù\Ë[™\™ŞWÜÜÚ]]™WØÛÛ[Z]—ÛY]šXËLËŒLKŒKŒKŒKŒKŒ[ÛÜ˜[™Ü\ËĞQSKM‹LŒŒËÜ›Ù\Ë[™\™ŞWÜÜÚ]]™WØÛÛ[Z]YX[‹MÍLÌÍÌMML‹LMÍÌNNMMKMŒMLŒMÌNMÌMMKŒÍŒNŒÍLŒLÍ‹LËÌÌMLMŒMŒNMËMKŒMMÌMŒÎLŒB[ÛÜ˜[™Ü\ËĞQSKM‹LŒŒËÜ›Ù\Ë[™\™ŞWÜÜÚ]]™WØÛÛ[Z]\\—ÜİMËŒLÌÌNÍÍŒÍLMŒMÍÍŒNÍ‹ËNMLLÌLNMÎLKŒKLLNLÌÎNMMMËLÍMÎÌŒŒMMKŒ‹ŒLMLÍMÍÌÂ[ÛÜ˜[™Ü\ËĞQSKM‹LŒŒËÜ›Ù\Ë[™\™ŞWÜÜÚ]]™WØÛÛ[Z]Ø[\WÜİÜİL‹ŒLŒNMNMÍMKLL‹ŒMMÎÍÍŒËÌNNLNMLËMŒLLÍMMÎMŒ‹ËNŒÍÍLŒÎMKMMMÍLLMMŒÂ[ÛÜ˜[™Ü\ËĞQSKM‹LŒŒËÜ›Ù\Ë[™\™ŞWÜÜÚ]]™WØÛÛ[Z][WÛZ[—ÜİLŒ‹MMÎÍÎMÍKLLŒMLŒÍLLLÌÌKLŒÎÌLŒÍÎ‹LLŒLŒNÌMËLKLLÍÍNLNM‹NLŒÍÎNMLLMB[ÛÜ˜[™Ü\ËĞQSKM‹LŒŒËÜ›Ù\Ë[™\™ŞWÜÜÚ]]™WØÛÛ[Z][WÛX^ÜİNKLÌÍŒMŒÍMËLMËÌÍŒNMÌLL‹MNLLÎLŒKŒ‹ÍMLŒM‹LLLMLŒÌNM‹ÌLMŒMN[ÛÜ˜[™Ü\ËĞQSKM‹LŒŒËÜ›Ù\Ë[™\™ŞWÜÜÚ]]™WØÛÛ[Z]˜[™ÙWØXœË‹ŒNMÌLLÌKLKÍNÎÌ‹ËŒŒÎNMLÍMNLK‹ŒNMÌLLÌK‹ÎMÍÍLÌŒNMK‹ŒNMÌLLÌB[ÛÜ˜[™Ü\ËĞQSKM‹LŒŒËÜ›Ù\Ë[™\™ŞWÜÜÚ]]™WØÛÛ[Z]ØÙØXœËËŒÌMÌÌÎNMŒNMÍLËŒLÌÍÍŒLÌÌNMËKMÍÌÍMLLŒÎËÌLÍÌNNLMÎËKMMMLŒŒ‹ËLMÌMÌŒÍNMB[ÛÜ˜[™Ü\ËĞQSKM‹LŒŒËÜ›Ù\Ë[™\™ŞWÜÜÚ]]™WØÛÛ[Z]ØÙÜİŒ‹MMÎÍÎMÍKLŒKLMÍŒLÎÌÌ‹LËŒLLMMLŒNMNKÍNÌMÌ‹LLLMLŒÌNM‹KLLÍÍNLNM‚[ÛÜ˜[™Ü\ËØ[Z[™ËM‹LŒŒËÜL›Ù\Ë[™\™ŞWÜÜÚ]]™WØÛÛ[Z]—ÛY]šXËLËŒLKŒKŒKŒKŒKŒ[ÛÜ˜[™Ü\ËØ[Z[™ËM‹LŒŒËÜL›Ù\Ë[™\™ŞWÜÜÚ]]™WØÛÛ[Z]YX[‹ŒKÌMMNLNMLŒKÌLÌÌËŒÌNÍŒÌÍŒ‹ÌŒLMMLLÌ‹ŒŒLLLMÍNLMÍ‹ŒËŒLLMŒMÍÌLLM[ÛÜ˜[™Ü\ËØ[Z[™ËM‹LŒŒËÜL›Ù\Ë[™\™ŞWÜÜÚ]]™WØÛÛ[Z]\\—ÜİM‹ŒÍNLÌŒÌÎMLN‹LM‹MNMŒŒÍNNLMKL‹ŒŒMLLŒKLLÌMÍÎKŒÎLÎŒMLMÌKŒ‹ŒŒMLÎÌÎN[ÛÜ˜[™Ü\ËØ[Z[™ËM‹LŒŒËÜL›Ù\Ë[™\™ŞWÜÜÚ]]™WØÛÛ[Z]Ø[\WÜİÜİLËLLŒŒÍŒLÌLÌÌKLLËLÎLLLM‹LŒLLŒMŒLMŒÌMËMKŒÎLŒËŒŒLNKM‹ŒNLLŒŒLNLŒÂ[ÛÜ˜[™Ü\ËØ[Z[™ËM‹LŒŒËÜL›Ù\Ë[™\™ŞWÜÜÚ]]™WØÛÛ[Z][WÛZ[—ÜİLŒ‹LLÌŒÍMŒŒŒKLLŒMÌLLMM‹LŒÍÍLLŒŒMÌÎLLKLÎNMÌMNLÍKLKŒÌLMLMÎKNKMÌLMŒÌÌMŒÌ‚[ÛÜ˜[™Ü\ËØ[Z[™ËM‹LŒŒËÜL›Ù\Ë[™\™ŞWÜÜÚ]]™WØÛÛ[Z][WÛX^ÜİKŒÌÌNKLŒ‹LMMMÍLMÎMLML‹LMÍŒÌMMÎ‹LÍÌŒLÎÌŒKLŒÎÎÌŒÍLÌKNMNÌÌMÎÍLB[ÛÜ˜[™Ü\ËØ[Z[™ËM‹LŒŒËÜL›Ù\Ë[™\™ŞWÜÜÚ]]™WØÛÛ[Z]˜[™ÙWØXœËLŒÎÍŒÍŒLÌÌ‹LKŒÌŒÍŒMMLMLÍŒŒLÍK‹LLÌÍMNÌMŒKLŒÎÍŒÍŒLÌÌ‹LNMLLMÎLÌMÍËLŒÎÍŒÍŒLÌÌ‚[ÛÜ˜[™Ü\ËØ[Z[™ËM‹LŒŒËÜL›Ù\Ë[™\™ŞWÜÜÚ]]™WØÛÛ[Z]ØÙØXœËKMMLMLÍNLMÍÍKLKŒŒÍÌŒLÍMMMËËŒÎÍMÌÎMŒLŒ‹‹ŒNNÌÍMLÌÌK‹ŒÌMNÎMMK‹LÌMÌMÍNMLÂ[ÛÜ˜[™Ü\ËØ[Z[™ËM‹LŒŒËÜL›Ù\Ë[™\™ŞWÜÜÚ]]™WØÛÛ[Z]ØÙÜİKŒÌÌNKLŒËÌÌŒÌMŒLËMKMLMÌLŒLËLÍÌŒLÎÌŒKLŒÎÎÌŒÍLÌKNMNÌÌMÎÍLB[ÛÜ˜[™Ü\ËØ[Z[™ËM‹LŒŒËÜ›Ù\Ë[™\™ŞWÜÜÚ]]™WØÛÛ[Z]—ÛY]šXËLËŒLKŒKŒKŒKŒKŒ[ÛÜ˜[™Ü\ËØ[Z[™ËM‹LŒŒËÜ›Ù\Ë[™\™ŞWÜÜÚ]]™WØÛÛ[Z]YX[‹ŒKMNMLMÍLŒÍ‹LŒKMLÍŒÌÎLNNKŒLNMÌLÌMMÎ‹ŒËŒLÌŒNLÌNŒŒŒLŒŒNMNKŒËÌLNNÌLMMB[ÛÜ˜[™Ü\ËØ[Z[™ËM‹LŒŒËÜ›Ù\Ë[™\™ŞWÜÜÚ]]™WØÛÛ[Z]\\—ÜİŒÌMÌMÍÌŒÎÌ‹LŒÎMLÌÍÍÍŒÌLÍËLËŒMMNLNÌÌLLÌKKŒMMNLŒÍMËKŒÌMNMŒËKÌŒŒNMÍŒŒ‚[ÛÜ˜[™Ü\ËØ[Z[™ËM‹LŒŒËÜ›Ù\Ë[™\™ŞWÜÜÚ]]™WØÛÛ[Z]Ø[\WÜİÜİMKMLLLÌÍMÎÍLM‹ŒŒLNLÍMNLMÌLKŒÍMLŒLMÎLÍKNKŒÌMÎLÌ‹KŒNNNLŒMÌÎNKLÌLLÍLÍB[ÛÜ˜[™Ü\ËØ[Z[™ËM‹LŒŒËÜ›Ù\Ë[™\™ŞWÜÜÚ]]™WØÛÛ[Z][WÛZ[—ÜİLŒLMÍŒÎÎÍ‹LL‹ŒÌŒLŒLŒÌLŒÎLÌLÍLÍÎMŒÎMM‹LM‹ŒÍMLLMLMMÌ‹LÌ‹ŒÍÍÌÍŒÍŒMLLËŒÌMÌÍŒŒNLMMB[ÛÜ˜[™Ü\ËØ[Z[™ËM‹LŒŒËÜ›Ù\Ë[™\™ŞWÜÜÚ]]™WØÛÛ[Z][WÛX^ÜİŒËMLÌÍÍNLËLŒ‹ÍNLÌŒŒLMLÎLMLÍÌÎKŒLÌMÎÍKLKŒLLMMMMÍKÌKLMMLLNM[ÛÜ˜[™Ü\ËØ[Z[™ËM‹LŒŒËÜ›Ù\Ë[™\™ŞWÜÜÚ]]™WØÛÛ[Z]˜[™ÙWØXœËLKÍÌMÍÎLLKŒMÌÌÌMÍLLŒKËÌLÎŒLKÍÌMÍÎKŒÎLÌMÍLNMÍËLKÍÌMÍÎ[ÛÜ˜[™Ü\ËØ[Z[™ËM‹LŒŒËÜ›Ù\Ë[™\™ŞWÜÜÚ]]™WØÛÛ[Z]ØÙØXœË‹ŒŒÌNLŒLÍLKNŒÌÌÌLÎÎKŒLNMŒŒÍÍÌÌLÎM‹ËŒMMÍÍNÌMÍÍŒÍM‹MMÌMÍNMM‹ËLMŒÌLÍNLNLÎB[ÛÜ˜[™Ü\ËØ[Z[™ËM‹LŒŒËÜ›Ù\Ë[™\™ŞWÜÜÚ]]™WØÛÛ[Z]ØÙÜİŒLMÍŒÎÎÍ‹LËŒÌÌMÍÍŒÎKNŒLMLŒLÌMMÍŒKÌKŒMÍÎLÌMNLËLÌNNLŒMÌ‹ŒÍÍÌÍŒÍŒM[ÛÜ˜[™Ü\Ë^T[M‹LŒŒËÜL›Ù\Ë[™\™ŞWÜÜÚ]]™WØÛÛ[Z]—ÛY]šXËLËŒLKŒKŒKŒKŒKŒ[ÛÜ˜[™Ü\Ë^T[M‹LŒŒËÜL›Ù\Ë[™\™ŞWÜÜÚ]]™WØÛÛ[Z]YX[‹Œ‹ŒŒŒÌÌÍLÌMLÍKLŒ‹ŒNNLNLMÌÌÌMËŒKŒŒMNLÎLŒÌËŒ‹NMÍNMÌŒËŒLNÎLŒŒLLMKŒËŒÌÍMŒŒLŒŒÌB[ÛÜ˜[™Ü\Ë^T[M‹LŒŒËÜL›Ù\Ë[™\™ŞWÜÜÚ]]™WØÛÛ[Z]\\—ÜİŒÎMLMMÍËLLKLÎŒŒÍMLKKŒNÍLNMMMÌËŒKÍÌMLÍMMN‹NMŒŒMLÎLKŒKNLÍÌÍNLMÍ[ÛÜ˜[™Ü\Ë^T[M‹LŒŒËÜL›Ù\Ë[™\™ŞWÜÜÚ]]™WØÛÛ[Z]Ø[\WÜİÜİLKMLMÌÍŒŒËLL‹ŒLÍÎLNMLÎËŒLNNMLLŒÍL‹LËMMÌLŒNNÌKLLLÎÌÌŒÍ‹MŒÌLLÎLÌÍLÂ[ÛÜ˜[™Ü\Ë^T[M‹LŒŒËÜL›Ù\Ë[™\™ŞWÜÜÚ]]™WØÛÛ[Z][WÛZ[—ÜİLKÎLNLŒÌL‹LLŒËMÌÎMLÍMÍ‹L‹ŒNLÍNÍÎL‹LLKŒÌŒÌŒÍMÍÍÍÌ‹LËÍÌMÎMÍLMÍÌ‹MËŒNLÌNMMMÍÌMB[ÛÜ˜[™Ü\Ë^T[M‹LŒŒËÜL›Ù\Ë[™\™ŞWÜÜÚ]]™WØÛÛ[Z][WÛX^ÜİMKÎLŒLÌŒÌLŒÍLMKŒNLŒÍÎMNKLÌÎŒMLÌ‹NKŒLLŒMÌÌÎNÍ‹MÍLËŒLMÌŒÌÍÎB[ÛÜ˜[™Ü\Ë^T[M‹LŒŒËÜL›Ù\Ë[™\™ŞWÜÜÚ]]™WØÛÛ[Z]˜[™ÙWØXœËKŒLLÍŒÍËLÌMŒÌÍLŒÌLËKŒMMÎLÌÍLÍÍKKŒLLÍŒÍËËLÍMÌÍLLËKŒLLÍŒÍÂ[ÛÜ˜[™Ü\Ë^T[M‹LŒŒËÜL›Ù\Ë[™\™ŞWÜÜÚ]]™WØÛÛ[Z]ØÙØXœËKŒŒLMMÌÍÌLMLKŒNŒLŒŒLLK‹MNÍÎMÍÌLŒŒË‹ŒMÍÍÌÍŒNMNLÍK‹ŒŒLMÌÌÍÌ‹‹ŒÌŒMMÎNŒŒÎÂ[ÛÜ˜[™Ü\Ë^T[M‹LŒŒËÜL›Ù\Ë[™\™ŞWÜÜÚ]]™WØÛÛ[Z]ØÙÜİKÎLNLŒÌL‹LŒËMÌÎMLÍMÍ‹LKÎMMŒŒÌÎ‹ŒNLÍNÍÎL‹KÍNÍLMLÎËÍÌMÎMÍLMÍÌ‚[ÛÜ˜[™Ü\Ë^T[M‹LŒŒËÜ›Ù\Ë[™\™ŞWÜÜÚ]]™WØÛÛ[Z]—ÛY]šXËLËŒLKŒKŒKŒKŒKŒ[ÛÜ˜[™Ü\Ë^T[M‹LŒŒËÜ›Ù\Ë[™\™ŞWÜÜÚ]]™WØÛÛ[Z]YX[‹ŒËŒŒLÌÌÌÌLÌMKLŒËŒŒÎNMÍMŒMŒKŒÌÌÍMÌŒÎÍLŒŒMÍÍLËŒKÍLNÍŒÌÌNLŒÌÌŒMÂ[ÛÜ˜[™Ü\Ë^T[M‹LŒŒËÜ›Ù\Ë[™\™ŞWÜÜÚ]]™WØÛÛ[Z]\\—ÜİMŒNLLKLMLÍLŒŒÎMNÍLŒMÍLÎLÍ‹NÌŒÌÌLÍM‹‹NÌŒMÌÍL‹NÍÌMMNLŒ‚[ÛÜ˜[™Ü\Ë^T[M‹LŒŒËÜ›Ù\Ë[™\™ŞWÜÜÚ]]™WØÛÛ[Z]Ø[\WÜİÜİMKLNLÍMÎLMKMŒLÎMŒŒÌŒÎKLŒŒÌMÍÌÌMÌLÍËNMŒMŒLNNNËŒMÍÍÎLLËNLLŒÎŒÍL‚[ÛÜ˜[™Ü\Ë^T[M‹LŒŒËÜ›Ù\Ë[™\™ŞWÜÜÚ]]™WØÛÛ[Z][WÛZ[—ÜİLKÌMMLÍMÎLLŒËLÎÍŒŒLÎLŒLŒÌÍŒŒŒÎËLLKLÍÎLMÎLLŒŒÍLNKLKŒŒMNÍÌLLKNKŒMŒÍÍŒÍNMMB[ÛÜ˜[™Ü\Ë^T[M‹LŒŒËÜ›Ù\Ë[™\™ŞWÜÜÚ]]™WØÛÛ[Z][WÛX^ÜİÌËMÎMMMÎKLÌŒLÍÍŒÌËL‹MŒMNLLŒNÌ‹ÍËŒÍLŒLMÌÍMKKÌMÍÍÍNMMLLNMŒËÎKÌŒÌLŒMÌÎÍLŒ‚[ÛÜ˜[™Ü\Ë^T[M‹LŒŒËÜ›Ù\Ë[™\™ŞWÜÜÚ]]™WØÛÛ[Z]˜[™ÙWØXœËLËÍLŒÍŒÍMMÌLÍKLLKŒMMÍÌÍËNMLÌÌNNNLËÍLŒÍŒÍMMÌLÍKŒÌLNMLŒÍÍËLËÍLŒÍŒÍMMÌLÍB[ÛÜ˜[™Ü\Ë^T[M‹LŒŒËÜ›Ù\Ë[™\™ŞWÜÜÚ]]™WØÛÛ[Z]ØÙØXœËËÍLÌÎŒÌŒÍNNNLËŒMÌLLLLÌÍMÎLÍ‹LLÌÍMKŒÌMMMÌÍÌMK‹ŒŒNLŒÍÌÌÍÎŒMKÍLMMMLŒÂ[ÛÜ˜[™Ü\Ë^T[M‹LŒŒËÜ›Ù\Ë[™\™ŞWÜÜÚ]]™WØÛÛ[Z]ØÙÜİÌËMÎMMMÎKLÌŒLÍÍŒÌËŒŒŒŒMMLMNÍËŒÍLŒLMÌÍMKKÌMÍÍÍNMMLLNMŒËÎKÌŒÌLŒMÌÎÍLŒ‚[ÛÜ˜[™Ü\Ë’TĞKM‹LŒŒËÜL›Ù\Ë[™\™ŞWÜÜÚ]]™WØÛÛ[Z]—ÛY]šXËLËŒLKŒKŒKŒKŒKŒ[ÛÜ˜[™Ü\Ë’TĞKM‹LŒŒËÜL›Ù\Ë[™\™ŞWÜÜÚ]]™WØÛÛ[Z]YX[‹Œ‹LÎLÌÍŒM‹LŒ‹MLLÌMMÎMLÎKŒKÍNNMÍMLŒNÍ‹ŒËŒÎÍÌLÌÌMŒŒËŒKŒÎLÍLMÎNNLŒŒÎŒËŒÎÍÌMÍÍŒŒM[ÛÜ˜[™Ü\Ë’TĞKM‹LŒŒËÜL›Ù\Ë[™\™ŞWÜÜÚ]]™WØÛÛ[Z]\\—ÜİMMMÍMÎLKLMNLLÍMÌMÎM‹KŒMLÍLŒŒL‹ŒKLÎLMŒÍLM‹KLMÍNÍLŒŒKLLMÍLŒLMÍŒÂ[ÛÜ˜[™Ü\Ë’TĞKM‹LŒŒËÜL›Ù\Ë[™\™ŞWÜÜÚ]]™WØÛÛ[Z]Ø[\WÜİÜİLŒÌNLNLNKLLŒÍÌÍŒÎMNNŒŒMŒÌMMÎËLKLLÎMÌK‹ÎÍŒŒLÌNLÎKLKÍLLLÎB[ÛÜ˜[™Ü\Ë’TĞKM‹LŒŒËÜL›Ù\Ë[™\™ŞWÜÜÚ]]™WØÛÛ[Z][WÛZ[—ÜİLM‹ŒLLÎLÎMM‹LLMÍMÌÌNNNLÌMKLNŒLÎMMÌNNËNKLLŒÌLKLNKŒLŒÎÌML‹MËMMLÌŒÌLMB[ÛÜ˜[™Ü\Ë’TĞKM‹LŒŒËÜL›Ù\Ë[™\™ŞWÜÜÚ]]™WØÛÛ[Z][WÛX^ÜİLËÌNŒÍÌÎNLËLLËLMÎŒMLÌÍŒKKMÌNMLÎMÌÌMÌËMËŒMÍMNMÍKLLÍÌŒŒŒLKNÍNL‚[ÛÜ˜[™Ü\Ë’TĞKM‹LŒŒËÜL›Ù\Ë[™\™ŞWÜÜÚ]]™WØÛÛ[Z]˜[™ÙWØXœË‹ÌMÌNŒÌMMLÍMMKL‹ÌÍLLNNŒÍŒÎLN‹ÌMÌNŒÌMMLÍMMKËŒNMMLÍË‹ÌMÌNŒÌMMLÍMMB[ÛÜ˜[™Ü\Ë’TĞKM‹LŒŒËÜL›Ù\Ë[™\™ŞWÜÜÚ]]™WØÛÛ[Z]ØÙØXœËËŒMMMMŒÌLÍ‹LËÍLÌMÌÌÌË‹ŒÎLÍŒÎLÌÍN‹ŒMÎLŒLÎÌÌLKKLLÎMŒLNŒÌŒËŒLÌÌNNLLM[ÛÜ˜[™Ü\Ë’TĞKM‹LŒŒËÜL›Ù\Ë[™\™ŞWÜÜÚ]]™WØÛÛ[Z]ØÙÜİM‹ŒLLÎLÎMM‹LMKMÌÍÌÎŒŒMLKŒÍŒLLÍŒLÌMËNŒÍLÌLMLÌÌÌŒŒÌÍMLMLËNKŒLŒÎÌML‚[ÛÜ˜[™Ü\Ë’TĞKM‹LŒŒËÜ›Ù\Ë[™\™ŞWÜÜÚ]]™WØÛÛ[Z]—ÛY]šXËLËŒLKŒKŒKŒKŒKŒ[ÛÜ˜[™Ü\Ë’TĞKM‹LŒŒËÜ›Ù\Ë[™\™ŞWÜÜÚ]]™WØÛÛ[Z]YX[‹ŒKÌMMÌÌNMËLŒKÌÍŒNNNMÍŒËŒMŒÍŒÌMLŒËŒ‹ÎLÌMÍMNLMÍËŒŒMÍLÌMLÌŒËŒNMÌLMLMMŒLM[ÛÜ˜[™Ü\Ë’TĞKM‹LŒŒËÜ›Ù\Ë[™\™ŞWÜÜÚ]]™WØÛÛ[Z]\\—ÜİM‹ÍMLLMLËLM‹ŒLÍMMLÎLÍ‹KŒLMLNLÌÍÌŒKKŒÍÍMŒMÍKMLLŒNNÍKKŒŒŒÍLÌMB[ÛÜ˜[™Ü\Ë’TĞKM‹LŒŒËÜ›Ù\Ë[™\™ŞWÜÜÚ]]™WØÛÛ[Z]Ø[\WÜİÜİMLMMLÎŒMÌÍËLMKŒÎÌÌŒLLŒÌÎKLÍÌÎNMÍMÎLNMËMNÍŒNLL‹ËÌŒÌMŒÍMMNMÌ‹NŒŒŒÌMÌNMNÌÂ[ÛÜ˜[™Ü\Ë’TĞKM‹LŒŒËÜ›Ù\Ë[™\™ŞWÜÜÚ]]™WØÛÛ[Z][WÛZ[—ÜİLMËLÎMÌÍNMMÎLËLLMËLÌŒŒÍMMMMMM‹LŒÌMÌÍÌLÍLL‹MÌÌLÎNM‹LŒ‹ŒMLÌÌÎMŒÍ‹NKMŒLÎLÌŒÌNL‚[ÛÜ˜[™Ü\Ë’TĞKM‹LŒŒËÜ›Ù\Ë[™\™ŞWÜÜÚ]]™WØÛÛ[Z][WÛX^ÜİÌËŒÌMÌLNMLLÌÍKLÌŒŒŒÎMÍLËM‹LŒNNMÍ‹Í‹MLÍÌNŒLÌŒËKŒÌÍŒLÌLÍLÎKŒNLMNŒÎŒ[ÛÜ˜[™Ü\Ë’TĞKM‹LŒŒËÜ›Ù\Ë[™\™ŞWÜÜÚ]]™WØÛÛ[Z]˜[™ÙWØXœËLKŒLÍLNMMÍLÌÌÌËLLÎMNNM‹‹ÌLÍMNNNŒÍKLKŒLÍLNMMÍLÌÌÌËŒMMNLMLMM‹LKŒLÍLNMMÍLÌÌÌÂ[ÛÜ˜[™Ü\Ë’TĞKM‹LŒŒËÜ›Ù\Ë[™\™ŞWÜÜÚ]]™WØÛÛ[Z]ØÙØXœËËŒŒÌMNÍNLÍL‹ÌMÌLNNL‹ËMÎNNÌNÎËËÍÍLŒŒÍŒMÎN‹‹ŒŒLÌLÌÍM‹ŒMNLLMÂ[ÛÜ˜[™Ü\Ë’TĞKM‹LŒŒËÜ›Ù\Ë[™\™ŞWÜÜÚ]]™WØÛÛ[Z]ØÙÜİÌËŒÌMÌLNMLLÌÍKLÌŒŒŒÎMÍLËM‹MLŒKÍ‹MLÍÌNŒLÌŒËLKŒÌÌÍLNLŒLKÎKŒNLMNŒÎŒ‘Y[K˜]]™YKÔËM‹LŒŒËÜL›Ù\Ë[™\™ŞWÜÜÚ]]™WØÛÛ[Z]—ÛY]šXËLËŒLKŒKŒKŒKŒKŒ‘Y[K˜]]™YKÔËM‹LŒŒËÜL›Ù\Ë[™\™ŞWÜÜÚ]]™WØÛÛ[Z]YX[‹LŒÌMÍŒNMÍKLLŒMÍLLÌŒÍ‹LŒŒMMML‹LKŒLLÌÎÍÍŒÍÎLŒNLMŒMÎÌŒŒ‹LKŒNMMLL‘Y[K˜]]™YKÔËM‹LŒŒËÜL›Ù\Ë[™\™ŞWÜÜÚ]]™WØÛÛ[Z]\\—ÜİMÌÎLMNÌÍŒLNLMMŒLŒÍMMÍÍK‹LÍÍMÍMLÍNLËŒLÍNNMNLÍÍ‹KÎMLMMLÎNKŒÌÎLÌÍÎŒLÍŒÍÂ‘Y[K˜]]™YKÔËM‹LŒŒËÜL›Ù\Ë[™\™ŞWÜÜÚ]]™WØÛÛ[Z]Ø[\WÜİÜİKŒÍÍÎNMŒMŒÌKLKÌÎLÍLÌ‹ËŒNLLLŒŒLKLÌÌNLLLÍÌŒLLŒÎLŒÌLKŒMÎMLLÍNNMLM‚‘Y[K˜]]™YKÔËM‹LŒŒËÜL›Ù\Ë[™\™ŞWÜÜÚ]]™WØÛÛ[Z][WÛZ[—ÜİLMÌÍÍMNNÎMMNKLLMŒNMŒÍÌÎŒLÍMLM‹ŒŒMLM‹LLKLLNÍLMNÍÍ‹LNŒŒÍŒŒLÍNKMLMŒLŒÌÍNLÌÍ‚‘Y[K˜]]™YKÔËM‹LŒŒËÜL›Ù\Ë[™\™ŞWÜÜÚ]]™WØÛÛ[Z][WÛX^ÜİLKLÌÎÌLŒ‹LLMMŒÍNMÎ‹ËŒÌMÎNÍNL‹MMMŒÌMMËKMÌMŒMÍMÌËMKNLŒMŒÌÂ‘Y[K˜]]™YKÔËM‹LŒŒËÜL›Ù\Ë[™\™ŞWÜÜÚ]]™WØÛÛ[Z]˜[™ÙWØXœË‹ÎŒMÍLÌMMÍ‹L‹ÌŒÍÌLÍŒNMË‹ŒŒÌÍÎLMÍŒ‹ÎŒMÍLÌMMÍ‹KLŒMLMMÌÍŒË‹ÎŒMÍLÌMMÍ‚‘Y[K˜]]™YKÔËM‹LŒŒËÜL›Ù\Ë[™\™ŞWÜÜÚ]]™WØÛÛ[Z]ØÙØXœËKMÍÌNLÌMLŒN‹LKLŒÍLNLMÎM‹KŒŒÌMLÌMÌÌÍŒŒÍÎM‹KÍMMÎLÌLÍÌ‹KŒÍÍŒLMMÌ‹ŒNMMŒŒÍÍÌÌ‘Y[K˜]]™YKÔËM‹LŒŒËÜL›Ù\Ë[™\™ŞWÜÜÚ]]™WØÛÛ[Z]ØÙÜİMÌÍÍMNNÎMMNKLMŒÍÌMÌLÎËLKMMÍÎMNMLKM‹ŒŒMLM‹KMLMŒLŒÌÍNLÌÍ‹NŒŒÍŒŒLÍ‘Y[K˜]]™YKÔËM‹LŒŒËÜ›Ù\Ë[™\™ŞWÜÜÚ]]™WØÛÛ[Z]—ÛY]šXËŒŒLKŒKŒKŒKŒKŒ‘Y[K˜]]™YKÔËM‹LŒŒËÜ›Ù\Ë[™\™ŞWÜÜÚ]]™WØÛÛ[Z]YX[‹KLLLNÌNLËLKLLMLÍÎÍKKŒÍLNLÎ‹LÌMŒÍŒLËLMMNMŒLÌNKLKŒÍMÎNMNLNMM‘Y[K˜]]™YKÔËM‹LŒŒËÜ›Ù\Ë[™\™ŞWÜÜÚ]]™WØÛÛ[Z]\\—ÜİŒKMŒÌLÍŒLLÍ‹LŒŒLMÎNÌLÎËKŒŒÍÍÌŒÌLËÍ‹ÌNLÍLÌÍÍÍLMÌLÌMLÎŒÎËŒNMÍNLMŒŒ‚‘Y[K˜]]™YKÔËM‹LŒŒËÜ›Ù\Ë[™\™ŞWÜÜÚ]]™WØÛÛ[Z]Ø[\WÜİÜİM‹LÎLMÌLMLKLM‹NMLÌMÍŒÌLÌ‹LLÌÍMMÌËŒKŒÎÌLMÎLÍLÌMKMŒLÍÌLÌNMM‹ŒËŒMNLÌMÎM‚‘Y[K˜]]™YKÔËM‹LŒŒËÜ›Ù\Ë[™\™ŞWÜÜÚ]]™WØÛÛ[Z][WÛZ[—ÜİLKŒŒMÎŒÍMMLLLŒ‹NÌMLÍMŒÌM‹LÌ‹ŒMŒÌÍÍKLLËÍNMLMÌÎMKLÍKLÍMLLŒÍÍMŒËM‹LMÎLLÌŒLMB‘Y[K˜]]™YKÔËM‹LŒŒËÜ›Ù\Ë[™\™ŞWÜÜÚ]]™WØÛÛ[Z][WÛX^ÜİÌKLÎMÌMNMÎLËŒÍMNMMÌLËMKŒÍLŒLÌÎŒÎKÍËŒLLLMLŒLÌÎLMMMMMÌL‹‹ŒÍMNMMMNMÍ‚‘Y[K˜]]™YKÔËM‹LŒŒËÜ›Ù\Ë[™\™ŞWÜÜÚ]]™WØÛÛ[Z]˜[™ÙWØXœË‹ŒMLÍMLÎNLKŒÌMÎMLLÍÎLLK‹LLNMLÌÌMË‹ŒMLÍMLÎNKMLMÍNÎMÍ‹‹ŒMLÍMLÎN‘Y[K˜]]™YKÔËM‹LŒŒËÜ›Ù\Ë[™\™ŞWÜÜÚ]]™WØÛÛ[Z]ØÙØXœËËŒLŒÌMMÎËL‹LMMÌÍÍŒLM‹KŒLÍLNLÍŒLÌMÍËMŒMÍLÎLÍÌMLMËMMLLŒKŒLLMŒLLŒMB‘Y[K˜]]™YKÔËM‹LŒŒËÜ›Ù\Ë[™\™ŞWÜÜÚ]]™WØÛÛ[Z]ØÙÜİÌKLÎMÌMNMÎLNÍÌÌÍÌÎM‹M‹MÌNŒLMLŒM‹ÍËŒLLLMLŒLÌÎLMMMMMÌL‹‹ŒÍMNMMMNMÍ‚‘Y[K˜]]™YK’QKM‹LŒŒËÜL›Ù\Ë[™\™ŞWÜÜÚ]]™WØÛÛ[Z]—ÛY]šXËLËŒLKŒKŒKŒKŒKŒ‘Y[K˜]]™YK’QKM‹LŒŒËÜL›Ù\Ë[™\™ŞWÜÜÚ]]™WØÛÛ[Z]YX[‹KŒMÎLKŒÍÍÌMNMŒKMLLŒÌMNKKMMÌŒMLM‹ŒŒMÍNLMKÍLMÎNNÎ‘Y[K˜]]™YK’QKM‹LŒŒËÜL›Ù\Ë[™\™ŞWÜÜÚ]]™WØÛÛ[Z]\\—ÜİËŒMNÌÌÌL‹MÍLÎMŒŒËL‹ŒMMMLÍMLÍÍËÌÎLÍŒNËKLMLÍÍÍMŒLMËÌKŒÍMÌÌMÎM‚‘Y[K˜]]™YK’QKM‹LŒŒËÜL›Ù\Ë[™\™ŞWÜÜÚ]]™WØÛÛ[Z]Ø[\WÜİÜİNŒNLNLÌÍLMËLNŒMLLÍÌËLËNLNNÍŒKŒMLMMŒLMÌ‹L‹ŒÍLÌÌLMNL‹ŒKŒLÌLÎÌÂ‘Y[K˜]]™YK’QKM‹LŒŒËÜL›Ù\Ë[™\™ŞWÜÜÚ]]™WØÛÛ[Z][WÛZ[—ÜİLÌ‹ŒÌŒÌLŒMNLLL‹LLÌŒÍŒNLMÍLÍKŒLŒMÌLŒŒLM‹LM‹ŒNMMLLÍÍKLÍ‹ŒÌÍLLŒÍÌÎN‹LLËNÍMNLŒMLÂ‘Y[K˜]]™YK’QKM‹LŒŒËÜL›Ù\Ë[™\™ŞWÜÜÚ]]™WØÛÛ[Z][WÛX^ÜİËÌÍÎÌÌÎNKLKŒÍMLÌÍŒÎËMËŒMMŒÍËÍŒMÌŒÍŒNMKŒMÌÍMÎL‹ÎMŒÌŒÌMÌÍÌM‘Y[K˜]]™YK’QKM‹LŒŒËÜL›Ù\Ë[™\™ŞWÜÜÚ]]™WØÛÛ[Z]˜[™ÙWØXœËKNLŒÌŒMÌLÌKLÍMÌNMÍLNLËËŒŒÌÍNMÍNLËKNLŒÌŒMÌLÌK‹ÌLLLŒLÌLNLÍÍKKNLŒÌŒMÌLÌB‘Y[K˜]]™YK’QKM‹LŒŒËÜL›Ù\Ë[™\™ŞWÜÜÚ]]™WØÛÛ[Z]ØÙØXœË‹LNÌLÌŒËL‹ÍMMMKKŒÌMLÎMLÍËËŒÌMLMÌMÌÍLËKNMLMLÍMËËMLMÍNŒÎB‘Y[K˜]]™YK’QKM‹LŒŒËÜL›Ù\Ë[™\™ŞWÜÜÚ]]™WØÛÛ[Z]ØÙÜİÌ‹ŒÌŒÌLŒMNLLL‹LÌKŒNÌÎNLNLŒÍKNKŒMÌÌÌMÌŒLLMKÍKŒÌÍLŒŒŒMÍŒMLMÌMKŒMÌÍMÎL‹ÎMŒÌŒÌMÌÍÌM‘Y[K˜]]™YK’QKM‹LŒŒËÜ›Ù\Ë[™\™ŞWÜÜÚ]]™WØÛÛ[Z]—ÛY]šXËŒKŒLKŒKŒKŒKŒKŒ‘Y[K˜]]™YK’QKM‹LŒŒËÜ›Ù\Ë[™\™ŞWÜÜÚ]]™WØÛÛ[Z]YX[‹KŒÍNLÌÌMÍLKLKŒNLÌMŒÌÍÍMÎÌKMÎMŒÌÍÌKLŒNLÍÍŒMÎÌÎKŒLŒŒŒŒÌLÌNÍÌŒMÂ‘Y[K˜]]™YK’QKM‹LŒŒËÜ›Ù\Ë[™\™ŞWÜÜÚ]]™WØÛÛ[Z]\\—ÜİKLŒLMLLMLLŒËŒLLMÎÍNLËLKŒMŒLÌLLML‹ÍËLNLNMM‹LLMŒÍÌÎMKKŒNMNMLÍÍÌÌ‚‘Y[K˜]]™YK’QKM‹LŒŒËÜ›Ù\Ë[™\™ŞWÜÜÚ]]™WØÛÛ[Z]Ø[\WÜİÜİM‹ŒLÌMÍÍÌŒÍÍMLM‹ŒLLÍMMMNLKŒMÍNLÎŒŒŒLËNKÌÌLMÌM‹ŒÎMÌŒLMLNNMKŒKLÌÌNMLMNL‚‘Y[K˜]]™YK’QKM‹LŒŒËÜ›Ù\Ë[™\™ŞWÜÜÚ]]™WØÛÛ[Z][WÛZ[—ÜİLNKMÍÎNLLËLLNŒMŒLÌŒÎLŒËÎMLŒMŒËLLKÎÌLÍMÍMÍÍÎLËNMMÌNMKM‹NÌŒLÎÎB‘Y[K˜]]™YK’QKM‹LŒŒËÜ›Ù\Ë[™\™ŞWÜÜÚ]]™WØÛÛ[Z][WÛX^ÜİÌKNLÌLKLKÌŒLÌÌÌÎLŒŒ‹M‹ŒÍÍÌLÌNLKÍ‹LÍLLÌÍ‹LÍÍÌÎLNMNËÎÍÌNNŒLB‘Y[K˜]]™YK’QKM‹LŒŒËÜ›Ù\Ë[™\™ŞWÜÜÚ]]™WØÛÛ[Z]˜[™ÙWØXœËÍMÍÌÍNNLŒŒÎLËNMÌÌNLŒLMË‹NMMNNÍÌËÍMÍÌÍNNLŒŒÎKLÍMMMNLÎLÍMÍÌÍNNLŒŒÎ‘Y[K˜]]™YK’QKM‹LŒŒËÜ›Ù\Ë[™\™ŞWÜÜÚ]]™WØÛÛ[Z]ØÙØXœË‹LMŒLMLML‹L‹ŒMNNMLŒÍÌLMÍËKLÍÌÌÌÍMÎÍKËŒŒÌNLÎMLLÎMLËMMÍÌŒMMÌŒMKËÌMÌŒNLMMM‘Y[K˜]]™YK’QKM‹LŒŒËÜ›Ù\Ë[™\™ŞWÜÜÚ]]™WØÛÛ[Z]ØÙÜİÌKNLÌLKLKÍŒŒÌLÎLÍM‹MËŒÍÌÌÌÍÌÌMŒNKÍ‹LÍLLÌÍ‹LKŒÌŒÌÌMÍÌÌÎNKËÎÍÌNNŒLB‘Y[K˜]]™YKĞQSKM‹LŒŒËÜL›Ù\Ë[™\™ŞWÜÜÚ]]™WØÛÛ[Z]—ÛY]šXËLËŒLKŒKŒKŒKŒKŒ‘Y[K˜]]™YKĞQSKM‹LŒŒËÜL›Ù\Ë[™\™ŞWÜÜÚ]]™WØÛÛ[Z]YX[‹MÌMNLMLMLMN‹MŒMMÌMLÌÎLLKMKŒLMÍÍÎMÎNM‹LËLMLMÌNNMMMKMKŒÍNLÍLÎ‘Y[K˜]]™YKĞQSKM‹LŒŒËÜL›Ù\Ë[™\™ŞWÜÜÚ]]™WØÛÛ[Z]\\—ÜİLËLÍÌÌŒÎÌMLL‹ŒNNLÍÍLÍŒÌŒÎNLŒŒŒL‹NŒMŒŒMMLLNNNKÍŒŒÌÌÌÎNŒÎMŒÌLLÍ‘Y[K˜]]™YKĞQSKM‹LŒŒËÜL›Ù\Ë[™\™ŞWÜÜÚ]]™WØÛÛ[Z]Ø[\WÜİÜİKŒNLÌLÌËLKŒÍŒŒÌÌ‹‹ÍÌÌÍÍÌMMÌÍŒNKLLÍNÌMMLM‹ÌÌMMLÍNMÎN‹LKŒNLÎMÌÌMŒLÌNÂ‘Y[K˜]]™YKĞQSKM‹LŒŒËÜL›Ù\Ë[™\™ŞWÜÜÚ]]™WØÛÛ[Z][WÛZ[—ÜİNKMLÌŒNKLNKLMÍŒNÍLLKNLÎNLÌÍÌŒŒMM‹NMÍMKLL‹ÍÍMLNLLMNNKMÍLMÍÌNLML‘Y[K˜]]™YKĞQSKM‹LŒŒËÜL›Ù\Ë[™\™ŞWÜÜÚ]]™WØÛÛ[Z][WÛX^ÜİMËŒÍÌÌNLLMÎMŒKLMKMMÍLNLÌ‹LKMŒLLÌÌL‹NKÎLÌNNNLMËLLLLŒMÎKŒKÌÍÎNMŒÎMÂ‘Y[K˜]]™YKĞQSKM‹LŒŒËÜL›Ù\Ë[™\™ŞWÜÜÚ]]™WØÛÛ[Z]˜[™ÙWØXœËËMLÍLLLLÍLËLLMÎNMÍŒÌŒË‹MMÍÎLÌÌÌKËMLÍLLLLÍKLÍLÌLŒLMNNËMLÍLLLLÍ‘Y[K˜]]™YKĞQSKM‹LŒŒËÜL›Ù\Ë[™\™ŞWÜÜÚ]]™WØÛÛ[Z]ØÙØXœË‹MLÌL‹L‹ŒÍMLLÌÍÌKKÌÍÍŒÌŒŒNK‹ÎMÌMŒŒN‹KŒŒLLLŒNMLKËŒÍMÌNM‚‘Y[K˜]]™YKĞQSKM‹LŒŒËÜL›Ù\Ë[™\™ŞWÜÜÚ]]™WØÛÛ[Z]ØÙÜİMËŒÍÌÌNLLMÎMŒKLMKMMÍLNLÌ‹LKMŒLLÌÌL‹NKÎLÌNNNLMËLLLLŒMÎKŒKÌÍÎNMŒÎMÂ‘Y[K˜]]™YKĞQSKM‹LŒŒËÜ›Ù\Ë[™\™ŞWÜÜÚ]]™WØÛÛ[Z]—ÛY]šXËNKŒLKŒKŒKŒKŒKŒ‘Y[K˜]]™YKĞQSKM‹LŒŒËÜ›Ù\Ë[™\™ŞWÜÜÚ]]™WØÛÛ[Z]YX[‹MKŒLÎMÌMLNNMËLMKŒLMLLÎMLMÌMMLËÎŒŒÎMŒKM‹ŒMNMMŒÎLËLËŒNMÌMLËMËŒNŒŒŒLÌÍ‘Y[K˜]]™YKĞQSKM‹LŒŒËÜ›Ù\Ë[™\™ŞWÜÜÚ]]™WØÛÛ[Z]\\—ÜİŒŒLÍMÌÍÌËLŒLNLÎLŒËLKMMMÌŒÍÍ‹LÍNMÌÍMMKKMNLMÎMLLLNKKŒNŒMÍMÍL‘Y[K˜]]™YKĞQSKM‹LŒŒËÜ›Ù\Ë[™\™ŞWÜÜÚ]]™WØÛÛ[Z]Ø[\WÜİÜİMËŒÎMÌËLMËÎLŒŒÎMÍLŒÍËL‹ŒNLMÍLMNMÍL‹ŒKŒÍLÍMKLMLŒÌLNMKŒËMÎLÎNLNNLÍB‘Y[K˜]]™YKĞQSKM‹LŒŒËÜ›Ù\Ë[™\™ŞWÜÜÚ]]™WØÛÛ[Z][WÛZ[—ÜİLŒÌŒÍŒMLLNKŒÌŒÍLMÌÌÍŒLËLKŒLMÍŒLNLMMÌŒÎLL‹LÍMŒNLŒÌÍ‹LÌŒLNLLLMËMËÎNŒÍÌÍŒÎLÂ‘Y[K˜]]™YKĞQSKM‹LŒŒËÜ›Ù\Ë[™\™ŞWÜÜÚ]]™WØÛÛ[Z][WÛX^ÜİÍ‹LMÌMMML‹LÌŒŒŒLÎÌŒÌL‹NKŒMLMMÍLŒM‹‹ŒÎLMÍÌMÍL‹L‹ÌÍNŒÍNÍËLKNMÍLÎN‘Y[K˜]]™YKĞQSKM‹LŒŒËÜ›Ù\Ë[™\™ŞWÜÜÚ]]™WØÛÛ[Z]˜[™ÙWØXœËÌMÎLÍÍLŒÎLÌLËLMNNMMÌLËNLNMÌLNŒNÌMÎLÍÍLŒÎLÌËLMÌMÌÍLÌMÎLÍÍLŒÎLÌ‘Y[K˜]]™YKĞQSKM‹LŒŒËÜ›Ù\Ë[™\™ŞWÜÜÚ]]™WØÛÛ[Z]ØÙØXœËKNÌLÌNÌLŒŒŒLMÌLÌLÍM‹ŒMMÎÌÍM‹‹ŒMMÌLLÌNMKÍLÍNKËŒLŒNLÍÍ‘Y[K˜]]™YKĞQSKM‹LŒŒËÜ›Ù\Ë[™\™ŞWÜÜÚ]]™WØÛÛ[Z]ØÙÜİÍ‹LMÌMMML‹LÌŒŒŒLÎÌŒÌL‹NKÌÍŒÌNMŒN‹ŒÎLMÍÌMÍL‹L‹ÌÍNŒÍNÍËLKNMÍLÎN‘Y[K˜]]™YKØ[Z[™ËM‹LŒŒËÜL›Ù\Ë[™\™ŞWÜÜÚ]]™WØÛÛ[Z]—ÛY]šXËLËŒLKŒKŒKŒKŒKŒ‘Y[K˜]]™YKØ[Z[™ËM‹LŒŒËÜL›Ù\Ë[™\™ŞWÜÜÚ]]™WØÛÛ[Z]YX[‹ŒKŒÌMÎMÍLÍNMËLŒKŒMLÎNMNNLL‹NKÍMÌMÍLÍNKŒËŒNNÍMÎŒNÌÌËNKŒÎLMLÌLLM‹ŒLŒÌLLNLM‚‘Y[K˜]]™YKØ[Z[™ËM‹LŒŒËÜL›Ù\Ë[™\™ŞWÜÜÚ]]™WØÛÛ[Z]\\—ÜİKŒŒÌŒÌÎMÌLÍM‹LKŒÍÌMLÍÎL‹LÍLÌMNNÎL‹KŒLÌMŒLÍÍŒLLLKLŒÌLÍLÌÎLLŒK‹ŒÍNLŒMNÌÍNB‘Y[K˜]]™YKØ[Z[™ËM‹LŒŒËÜL›Ù\Ë[™\™ŞWÜÜÚ]]™WØÛÛ[Z]Ø[\WÜİÜİŒËŒNLLÎLLLNÌMÍŒÎL‹NMÌLŒLÌÎLŒÌËŒNMLMÍŒËËLÍÎMÌNLKÎNNMNÎLÂ‘Y[K˜]]™YKØ[Z[™ËM‹LŒŒËÜL›Ù\Ë[™\™ŞWÜÜÚ]]™WØÛÛ[Z][WÛZ[—ÜİMMŒÌMLNLLÎÍÎKLML‹ÎLÌMËMM‹ŒLŒMÎMLÎNNKLLMÌMNLÌŒÌMMMËMMÌŒÎÍÍMËLMÍÍÌNMÍÌŒMNL‚‘Y[K˜]]™YKØ[Z[™ËM‹LŒŒËÜL›Ù\Ë[™\™ŞWÜÜÚ]]™WØÛÛ[Z][WÛX^ÜİŒËNMNLNŒLKLŒËŒMNMLÍLËŒÍÌLŒMŒLMÍÌKLMŒMMŒŒÌKŒLŒÌÍNLLLKÍLŒÎNNB‘Y[K˜]]™YKØ[Z[™ËM‹LŒŒËÜL›Ù\Ë[™\™ŞWÜÜÚ]]™WØÛÛ[Z]˜[™ÙWØXœËM‹LMMŒLM‹ŒLMÍÎÌNŒMMËLŒÍNLŒÍM‹LMMŒKLÌMMLÍLLNM‹LMMŒ‘Y[K˜]]™YKØ[Z[™ËM‹LŒŒËÜL›Ù\Ë[™\™ŞWÜÜÚ]]™WØÛÛ[Z]ØÙØXœËLKMÍÍLÍŒLLLŒËLLÌMÌMÍÍÍLLÌËKLLLÍNLÍÌÍÌŒKL‹LLLŒÍËMLÎLMNLÍLNËLËŒLŒNŒÍMÎMÍÌÍB‘Y[K˜]]™YKØ[Z[™ËM‹LŒŒËÜL›Ù\Ë[™\™ŞWÜÜÚ]]™WØÛÛ[Z]ØÙÜİMŒÌMLNLLÎÍÎKLL‹ÎLÌMËLMÌMNLÌŒÌM‹ŒLŒMÎMLÎNNKMÍÍÌNMÍÌŒMNL‹MËMMÌŒÎÍÍMÂ‘Y[K˜]]™YKØ[Z[™ËM‹LŒŒËÜ›Ù\Ë[™\™ŞWÜÜÚ]]™WØÛÛ[Z]—ÛY]šXËKŒLKŒKŒKŒKŒKŒ‘Y[K˜]]™YKØ[Z[™ËM‹LŒŒËÜ›Ù\Ë[™\™ŞWÜÜÚ]]™WØÛÛ[Z]YX[‹ŒÎLMMÍÌŒËLŒÍÍŒMÎMNÌMŒLÌ‹NKŒÍŒŒMNÎL‹Œ‹MŒÍNMŒÌÍKMËLMŒŒNLÍKŒËŒMMŒÍŒNLM‘Y[K˜]]™YKØ[Z[™ËM‹LŒŒËÜ›Ù\Ë[™\™ŞWÜÜÚ]]™WØÛÛ[Z]\\—ÜİKŒLŒLŒÌÍÎMKLNLLÌML‹ËŒÍLÌÌÍMÌLÍLMÌŒLÍÌÌMLŒNMËLLÎMÍLŒLËÎKLNŒŒMMÍŒMM‚‘Y[K˜]]™YKØ[Z[™ËM‹LŒŒËÜ›Ù\Ë[™\™ŞWÜÜÚ]]™WØÛÛ[Z]Ø[\WÜİÜİMKÍÎNMŒÍÌŒKLMKŒMÍMŒÎLNKKMLLÌLMÌMMNLÍŒËŒŒŒLŒÍŒÌMŒNKKŒÎMŒLNLKŒ‹ÍNLÍŒÂ‘Y[K˜]]™YKØ[Z[™ËM‹LŒŒËÜ›Ù\Ë[™\™ŞWÜÜÚ]]™WØÛÛ[Z][WÛZ[—ÜİL‹ŒLMMNÌÍÌMLLŒ‹ŒÌŒMMLŒÍÍŒLLM‹LKŒMLMÌNMMLMŒLÌŒÍŒŒÎMÍNËLÌ‹LMLÌŒÍNLNËM‹MLNNMMÌMÍŒB‘Y[K˜]]™YKØ[Z[™ËM‹LŒŒËÜ›Ù\Ë[™\™ŞWÜÜÚ]]™WØÛÛ[Z][WÛX^ÜİKNÍLŒÍMŒNL‹LŒLŒLŒLÍLMÌËL‹LLLÍMNËÍKŒŒŒÍNNÎNMLË‹LLÌÎÎMNLNËŒÌÍLÍMÌÍŒM‚‘Y[K˜]]™YKØ[Z[™ËM‹LŒŒËÜ›Ù\Ë[™\™ŞWÜÜÚ]]™WØÛÛ[Z]˜[™ÙWØXœËLKMMÌLLŒÎLKMÌLÍÍËKNÍLÍÎLLMLËLKMMÌLLŒÎËMÍÍÌÌŒËLKMMÌLLŒÎ‘Y[K˜]]™YKØ[Z[™ËM‹LŒŒËÜ›Ù\Ë[™\™ŞWÜÜÚ]]™WØÛÛ[Z]ØÙØXœË‹ŒNMŒÎMMLLMKLKÌMŒÍNMÍMËËŒÌNMMLÍÌ‹ËŒÌMLMÍMNKKLNMMLŒÌ‹ŒMMŒÍÍÌŒŒM‚‘Y[K˜]]™YKØ[Z[™ËM‹LŒŒËÜ›Ù\Ë[™\™ŞWÜÜÚ]]™WØÛÛ[Z]ØÙÜİKNÍLŒÍMŒNL‹LKLŒÌNÌÍ‹M‹ŒLÍMMLÎMKÍKŒŒŒÍNNÎNMLËMÌNMLŒMÌÍ‹ËŒÌÍLÍMÌÍŒM‚‘Y[K˜]]™YK^T[M‹LŒŒËÜL›Ù\Ë[™\™ŞWÜÜÚ]]™WØÛÛ[Z]—ÛY]šXËLËŒLKŒKŒKŒKŒKŒ‘Y[K˜]]™YK^T[M‹LŒŒËÜL›Ù\Ë[™\™ŞWÜÜÚ]]™WØÛÛ[Z]YX[‹ŒKNLMÌŒÎLÍKLŒKŒMŒŒÍÎÌNŒLŒLŒÌŒÌMŒ‹ŒŒLÌÍMLÌÌNŒŒÌÍŒŒNŒŒ‹Œ‹ŒÍLÌNLLMÍÂ‘Y[K˜]]™YK^T[M‹LŒŒËÜL›Ù\Ë[™\™ŞWÜÜÚ]]™WØÛÛ[Z]\\—ÜİËLŒŒMËLËÌÌÌLMLŒËËŒÌÍLŒËL‹MÌÍMMÍMËŒÎÌÍMÎÍNMËL‹NLÍLLLLMLM‘Y[K˜]]™YK^T[M‹LŒŒËÜL›Ù\Ë[™\™ŞWÜÜÚ]]™WØÛÛ[Z]Ø[\WÜİÜİLLLÌMLLMLMMKLLMMÎLLŒLÍ‹KŒLÌMÌÍLÍKLŒMÍLLÌNLLMÌ‹ËMÎLÍÌÌŒÌÍLËLŒÍLMÌMLÌB‘Y[K˜]]™YK^T[M‹LŒŒËÜL›Ù\Ë[™\™ŞWÜÜÚ]]™WØÛÛ[Z][WÛZ[—ÜİLMŒLÌÎLŒLKLLLËNÎŒÌMNKLM‹ŒLÎLÌMNLMÎM‹ŒNÎNLLËLM‹MLŒMÌLÌÎNL‹MŒMNMLŒLÍMÍM‘Y[K˜]]™YK^T[M‹LŒŒËÜL›Ù\Ë[™\™ŞWÜÜÚ]]™WØÛÛ[Z][WÛX^ÜİNKŒMÌŒÍMLNMM‹LMËÌŒŒMŒÍÎLLŒÍŒŒLMŒÍÍM‹ŒÍŒMÍNMŒL‹KŒMŒÌMÍÎMLËŒ‹ŒLLMLMM‘Y[K˜]]™YK^T[M‹LŒŒËÜL›Ù\Ë[™\™ŞWÜÜÚ]]™WØÛÛ[Z]˜[™ÙWØXœËËŒMÌNMŒÌKL‹ŒŒLÍNÌLÌÌKËŒŒMÍÌLŒŒÎŒÎMKËŒMÌNMŒÌK‹MMLÍÌNNËŒMÌNMŒÌB‘Y[K˜]]™YK^T[M‹LŒŒËÜL›Ù\Ë[™\™ŞWÜÜÚ]]™WØÛÛ[Z]ØÙØXœËŒLÎMŒÍÎÍLMLËLËÌMÍÍLLŒMÎËKLÌMNLL‹ÎNLLLLMN‹KŒÍÎLÍLÍÍÍŒÍŒLÍLMÍ‘Y[K˜]]™YK^T[M‹LŒŒËÜL›Ù\Ë[™\™ŞWÜÜÚ]]™WØÛÛ[Z]ØÙÜİNKŒMÌŒÍMLNMM‹LMËÌŒŒMŒÍÎLLÌŒMMLMŒÎKŒÍŒMÍNMŒL‹‹MMLLLLMŒ‹ŒLLMLMM‘Y[K˜]]™YK^T[M‹LŒŒËÜ›Ù\Ë[™\™ŞWÜÜÚ]]™WØÛÛ[Z]—ÛY]šXËŒËŒLKŒKŒKŒKŒKŒ‘Y[K˜]]™YK^T[M‹LŒŒËÜ›Ù\Ë[™\™ŞWÜÜÚ]]™WØÛÛ[Z]YX[‹ŒKNNMMMŒÎLÍL‹LŒKÍÎÌŒLMMNKNNÎLÍÍÌNŒËNMÍÍŒLÎLÍŒLÎMËÌMÌÌŒLÌNMÍMÍMÍMLMMÍ‘Y[K˜]]™YK^T[M‹LŒŒËÜ›Ù\Ë[™\™ŞWÜÜÚ]]™WØÛÛ[Z]\\—ÜİŒ‹LÎNLÌLÎMÌÌLŒŒLÍÍLŒNMNLÌKNLÍLMÍÎMNLNLËÎKÍMLÍNMË‹ŒÌMÍLNLÍÌŒËKLLÌMLÍB‘Y[K˜]]™YK^T[M‹LŒŒËÜ›Ù\Ë[™\™ŞWÜÜÚ]]™WØÛÛ[Z]Ø[\WÜİÜİNŒŒŒÌNÍLÍKLNŒŒNŒMMÌÍ‹KLLLMÍÌÍŒËŒÌÍMNNMMLL‹ÍÌÍMLNNLLŒÍÍLKËMLÍLNÌÎÂ‘Y[K˜]]™YK^T[M‹LŒŒËÜ›Ù\Ë[™\™ŞWÜÜÚ]]™WØÛÛ[Z][WÛZ[—ÜİLÎKŒŒÎNLLÌLÌÌL‹LLÌKŒLŒLLNMËMKŒŒLLÌŒËLM‹ŒMÎLŒËMÍLŒLÎNNLMKM‹ŒLMNNLÎLM‘Y[K˜]]™YK^T[M‹LŒŒËÜ›Ù\Ë[™\™ŞWÜÜÚ]]™WØÛÛ[Z][WÛX^ÜİKŒÍLLÍÍLNLMÍÍKLŒKŒÌNLNMLÍ‹L‹ŒŒÎŒÍMNNN‹ÌËLLNLÍÍMÌML‹‹ŒÌŒMMMLÎÌ‹ËŒÌÎMLÍÌM‘Y[K˜]]™YK^T[M‹LŒŒËÜ›Ù\Ë[™\™ŞWÜÜÚ]]™WØÛÛ[Z]˜[™ÙWØXœËLËMLNNLŒÎŒ‹LLKMÎMŒLÌŒMŒMMN‹MÌÍNLLMM‹LËMLNNLŒÎŒ‹ËÌÌMMŒŒŒŒMKLËMLNNLŒÎŒ‚‘Y[K˜]]™YK^T[M‹LŒŒËÜ›Ù\Ë[™\™ŞWÜÜÚ]]™WØÛÛ[Z]ØÙØXœËÍLMMLÍL‹L‹ŒMÎÍLÌÍÌLŒ‹ËÍŒÌŒMŒLŒLMKKŒŒLŒNNMÌŒÌM‹‹ŒLLMNNLLM‹LLLŒLÍÍMÍLÍ‚‘Y[K˜]]™YK^T[M‹LŒŒËÜ›Ù\Ë[™\™ŞWÜÜÚ]]™WØÛÛ[Z]ØÙÜİÎKŒŒÎNLLÌLÌÌL‹LÌKÌÎÍLMMŒÌLMËM‹ŒÍMŒŒLNLLLËKŒNLÍMŒÎKKŒMNLLÍLNMMLMŒ‹ÍLŒLÎNNLMB‘Y[K˜]]™YK’TĞKM‹LŒŒËÜL›Ù\Ë[™\™ŞWÜÜÚ]]™WØÛÛ[Z]—ÛY]šXËLKŒLKŒKŒKŒKŒKŒ‘Y[K˜]]™YK’TĞKM‹LŒŒËÜL›Ù\Ë[™\™ŞWÜÜÚ]]™WØÛÛ[Z]YX[‹ŒËŒÎLMŒMMMLKLŒ‹MLŒMLLËŒ‹ÌLŒLŒÍLL‹ŒËÍŒMLÌNMÍŒ‹ŒÍŒÍLÍMŒLKŒËLLŒLLLNM‚‘Y[K˜]]™YK’TĞKM‹LŒŒËÜL›Ù\Ë[™\™ŞWÜÜÚ]]™WØÛÛ[Z]\\—ÜİÍNŒÌLM‹LLŒMÍŒÎÌ‹KŒŒMLŒŒŒNKLKŒÌÌÎNÌÌKKŒŒŒÌÎLMŒLLLÎKLKŒÍÎÌŒM‘Y[K˜]]™YK’TĞKM‹LŒŒËÜL›Ù\Ë[™\™ŞWÜÜÚ]]™WØÛÛ[Z]Ø[\WÜİÜİLNLMLÌNMÍLNKLLKŒÍÌÌŒÍK‹ÎÍÎMMMLKLŒÎMÌÍK‹ŒŒNLLMËLKMŒÌŒNLŒÎLB‘Y[K˜]]™YK’TĞKM‹LŒŒËÜL›Ù\Ë[™\™ŞWÜÜÚ]]™WØÛÛ[Z][WÛZ[—ÜİLŒËLMÍMLLÌKLLŒ‹ÌLÍÍŒÍLÍMMŒÌÍMÎLËLL‹ÌÍŒLÍLÍLÌNLNÌNÍËM‹ŒNÎMLLÌLMB‘Y[K˜]]™YK’TĞKM‹LŒŒËÜL›Ù\Ë[™\™ŞWÜÜÚ]]™WØÛÛ[Z][WÛX^ÜİLËLŒŒŒMMNMMÍLLËÍMÍLÌNMÍŒŒËLÌŒLLNŒŒM‹M‹ŒMÍŒŒLÎNNKŒÍMMLNMŒ‹M‹ŒLMŒÍLŒÂ‘Y[K˜]]™YK’TĞKM‹LŒŒËÜL›Ù\Ë[™\™ŞWÜÜÚ]]™WØÛÛ[Z]˜[™ÙWØXœËŒLÎŒNÍM‹LŒLÎŒNÍM‹KÎLNMNML‹ŒLÎŒNÍM‹ËÍÍLÌŒLÌÍËŒLÎŒNÍM‚‘Y[K˜]]™YK’TĞKM‹LŒŒËÜL›Ù\Ë[™\™ŞWÜÜÚ]]™WØÛÛ[Z]ØÙØXœËKLMLŒMŒNÍÍKLKŒMÍMÍÍMMÌÍÌM‹MŒMLLÎMMËKÍNLŒË‹ŒÌNÌMÍÍMÎLKKÍÍÎMLÌÍŒŒÂ‘Y[K˜]]™YK’TĞKM‹LŒŒËÜL›Ù\Ë[™\™ŞWÜÜÚ]]™WØÛÛ[Z]ØÙÜİŒËLMÍMLLÌKLŒ‹ÌLÍÍŒÍL‹ÌÍŒLÍLÍÍMMŒÌÍMÎLËKŒÍMMLNMŒ‹ÌNLNÌNÍÂ‘Y[K˜]]™YK’TĞKM‹LŒŒËÜ›Ù\Ë[™\™ŞWÜÜÚ]]™WØÛÛ[Z]—ÛY]šXËŒËŒLKŒKŒKŒKŒKŒ‘Y[K˜]]™YK’TĞKM‹LŒŒËÜ›Ù\Ë[™\™ŞWÜÜÚ]]™WØÛÛ[Z]YX[‹ŒËŒMMÌÍŒŒÌMŒËLŒËŒÌÎMLMÌÍËŒKŒÌMŒLÍLŒËÍŒÌŒÌLLMKŒŒMLÍÍLËKLŒŒÌMLÌŒÂ‘Y[K˜]]™YK’TĞKM‹LŒŒËÜ›Ù\Ë[™\™ŞWÜÜÚ]]™WØÛÛ[Z]\\—ÜİNÌLÌÍMMŒ‹LMKŒLNMMMË‹NÎLÍÍLÍÍŒÍKÌLNÌÍŒNMMÎÌMŒLÍŒMKËLLÌÌŒÍŒÂ‘Y[K˜]]™YK’TĞKM‹LŒŒËÜ›Ù\Ë[™\™ŞWÜÜÚ]]™WØÛÛ[Z]Ø[\WÜİÜİMKŒÍLÎNŒÎŒLMLLŒNMLÍÍMÍKNKÎLÌMÎMMNMKÍÍÎLÌMÍ‹Œ‹ŒMŒÌLNLÌÍ‚‘Y[K˜]]™YK’TĞKM‹LŒŒËÜ›Ù\Ë[™\™ŞWÜÜÚ]]™WØÛÛ[Z][WÛZ[—ÜİLKŒÎMÌNMÍNMÎKLLŒMLÎMMÌŒMMMŒËLÌKLÌÍÌÎMLLKNNLŒMMMMNLÎKLÍKŒMLMMÌÍMÌKM‹ŒÎNLMLŒNÎ‘Y[K˜]]™YK’TĞKM‹LŒŒËÜ›Ù\Ë[™\™ŞWÜÜÚ]]™WØÛÛ[Z][WÛX^ÜİËŒLMÍÌÎNMKLŒ‹MMLLMÌÌËLKMLMMMŒLÎNLËÌ‹ŒŒŒÎŒNM‹‹ŒŒÎÍÎMÌMMKÎKŒÍNLNMÌÌÍÌŒB‘Y[K˜]]™YK’TĞKM‹LŒŒËÜ›Ù\Ë[™\™ŞWÜÜÚ]]™WØÛÛ[Z]˜[™ÙWØXœËLËŒMŒNLLŒŒ‹LLKŒMŒLÌMLNLÍMK‹ÌNŒLŒMÌÌNKLËŒMŒNLLŒŒ‹ËŒŒÌLÌÍÌNLŒËLËŒMŒNLLŒŒ‚‘Y[K˜]]™YK’TĞKM‹LŒŒËÜ›Ù\Ë[™\™ŞWÜÜÚ]]™WØÛÛ[Z]ØÙØXœË‹ÍLNÌMÍÍÌÍ‹LKLÍLMŒŒNLLMËËŒMLLŒÍLÍÌÍÎMËËŒLÎNLLŒNNKMNLÌLÌŒËNLÎMÎÌNB‘Y[K˜]]™YK’TĞKM‹LŒŒËÜ›Ù\Ë[™\™ŞWÜÜÚ]]™WØÛÛ[Z]ØÙÜİKŒÎMÌNMÍNMÎKLKÍNÍÌÎLËMKLLNŒÌËÌËŒLÍLŒŒÎŒËŒÌNNMÌMŒÎÎKŒÍNLNMÌÌÍÌŒB‘Y[K[Y\ÚÔËM‹LŒŒËÜL›Ù\Ë[™\™ŞWÜÜÚ]]™WØÛÛ[Z]—ÛY]šXËLËŒLKŒKŒKŒKŒKŒ‘Y[K[Y\ÚÔËM‹LŒŒËÜL›Ù\Ë[™\™ŞWÜÜÚ]]™WØÛÛ[Z]YX[‹LŒMÍLNNLÎMLÍŒKLLŒMÌMÌŒMMÌKKŒMLÍÌŒMÌLÌMMŒÌÍKŒÍÌÌÍLMŒÍËLMÌÌMMŒNB‘Y[K[Y\ÚÔËM‹LŒŒËÜL›Ù\Ë[™\™ŞWÜÜÚ]]™WØÛÛ[Z]\\—ÜİNLMLÍMLÌÌMËLNŒŒÍÍÌLNLNMKŒÎÍÍMÌÍÌNLKÌËŒNÍŒLM‹ŒŒŒLÍLÌÎKÍŒMÎLŒMÎL‚‘Y[K[Y\ÚÔËM‹LŒŒËÜL›Ù\Ë[™\™ŞWÜÜÚ]]™WØÛÛ[Z]Ø[\WÜİÜİMKŒŒLÌŒŒMNMNMŒÌKLMKŒÌŒÎNLLLMÌKLKŒNNLLÍŒMNŒLŒMÍNLM‹KMMMMMNKNLŒŒMNM‘Y[K[Y\ÚÔËM‹LŒŒËÜL›Ù\Ë[™\™ŞWÜÜÚ]]™WØÛÛ[Z][WÛZ[—ÜİLŒËÌŒNLLLMËLLŒ‹ŒŒŒNLŒÎLMŒËL‹ŒŒNNÌMÍ‹LMËŒŒLLÍMÌL‹LËÍMÍŒÍLŒÌËNKÎLÌLMÍNÌŒ‚‘Y[K[Y\ÚÔËM‹LŒŒËÜL›Ù\Ë[™\™ŞWÜÜÚ]]™WØÛÛ[Z][WÛX^ÜİŒLŒÎLÍNNLŒËŒLNNLMNLËMËÍŒÌÎNLÍMÌ‹MLÌŒÎMÎLLÍLLNMNMLÍNLÌKÍLÌÌÍMŒLŒN‘Y[K[Y\ÚÔËM‹LŒŒËÜL›Ù\Ë[™\™ŞWÜÜÚ]]™WØÛÛ[Z]˜[™ÙWØXœËÌMMMŒÌLŒ‹LLÌLÌMLMMËËLŒÌMMLLNNLÍKÌMMMŒÌLŒ‹‹MMÍÍLÍMMÌLÌMÌKÌMMMŒÌLŒ‚‘Y[K[Y\ÚÔËM‹LŒŒËÜL›Ù\Ë[™\™ŞWÜÜÚ]]™WØÛÛ[Z]ØÙØXœË‹LŒÌMMÌÍMLËL‹MMÌŒÍMÍ‹KÎNMNMÍÍÍÍK‹ÎLLÍMÍŒMÍŒÎNKKMMÍMMÎËŒMMŒÍÌÎM‘Y[K[Y\ÚÔËM‹LŒŒËÜL›Ù\Ë[™\™ŞWÜÜÚ]]™WØÛÛ[Z]ØÙÜİŒLŒÎLÍNNLÍŒÍŒÍLMÍLŒKNNŒLÍÌMKMLÌŒÎMÎLLÍMKLÍLÌŒÌNMŒMÌNKÌKÍLÌÌÍMŒLŒN‘Y[K[Y\ÚÔËM‹LŒŒËÜ›Ù\Ë[™\™ŞWÜÜÚ]]™WØÛÛ[Z]—ÛY]šXËLKŒLKŒKŒKŒKŒKŒ‘Y[K[Y\ÚÔËM‹LŒŒËÜ›Ù\Ë[™\™ŞWÜÜÚ]]™WØÛÛ[Z]YX[‹LLMÌNLNLMÍÌNËLLLÌŒMŒMÌL‹LLŒÍŒLÌLŒÎMMKLKŒÎNŒÌMŒÌËLLÌLÌËLKŒÎMŒÌNNMÌÌÌ‚‘Y[K[Y\ÚÔËM‹LŒŒËÜ›Ù\Ë[™\™ŞWÜÜÚ]]™WØÛÛ[Z]\\—ÜİŒ‹ŒÍÍŒMŒÌ‹LNKMÎÌLNNNKMKLÌLÍLÌÌË‹ŒLMÌÍÍŒ‹MKŒÌLMMŒMÎ‹ŒNLMMÌL‘Y[K[Y\ÚÔËM‹LŒŒËÜ›Ù\Ë[™\™ŞWÜÜÚ]]™WØÛÛ[Z]Ø[\WÜİÜİMŒÌLLÍLNLËLMMMNMÍÎMŒLKŒLÍMÍÎLÍLÍÎMKÎMMÌNLMNLŒ‹LLÌLÌLŒMŒ‹MKLNNLMÌLÍÎ‘Y[K[Y\ÚÔËM‹LŒŒËÜ›Ù\Ë[™\™ŞWÜÜÚ]]™WØÛÛ[Z][WÛZ[—ÜİLKŒÍLLÍMÌLMMËLLŒÎNMŒŒNLÍNL‹LMŒŒMMLMKLMKÌÌŒÎÌMNLŒ‹LËŒNLŒNËLMLLMÎLÎNN‘Y[K[Y\ÚÔËM‹LŒŒËÜ›Ù\Ë[™\™ŞWÜÜÚ]]™WØÛÛ[Z][WÛX^ÜİŒŒŒLÌÍMŒMMÍÌËLNKŒMÍÌLÍÍNMÍMNN‹MKŒMNLŒNLÍŒŒËŒËMŒLŒMLKMŒÍLŒÍNNMÎKŒËMNLNMÌÍÎÂ‘Y[K[Y\ÚÔËM‹LŒŒËÜ›Ù\Ë[™\™ŞWÜÜÚ]]™WØÛÛ[Z]˜[™ÙWØXœËMÍÍÌLŒLÌÎLMÍÍÌLŒLÌÎËÍMŒLÌMNMMÍÍÌLŒLÌÎËŒŒLNNMŒÍM‹MÍÍÌLŒLÌÎ‘Y[K[Y\ÚÔËM‹LŒŒËÜ›Ù\Ë[™\™ŞWÜÜÚ]]™WØÛÛ[Z]ØÙØXœË‹ÌÍŒLÍNMÍËL‹LMLÎMMŒŒÍKLÎMÌLÍLMÍLË‹NMÍÎMMMKŒÍÍLÍMÎÍNËËŒÌŒLÍÌLÌMÍB‘Y[K[Y\ÚÔËM‹LŒŒËÜ›Ù\Ë[™\™ŞWÜÜÚ]]™WØÛÛ[Z]ØÙÜİKŒÍLLÍMÌLMMËLŒÎNMŒŒNLÍNM‹MÌÎMLMÍË‹LMŒŒMMLMKMLLMÎLÎNNËŒNLŒNÂ‘Y[K[Y\Ú’QKM‹LŒŒËÜL›Ù\Ë[™\™ŞWÜÜÚ]]™WØÛÛ[Z]—ÛY]šXËLËŒLKŒKŒKŒKŒKŒ‘Y[K[Y\Ú’QKM‹LŒŒËÜL›Ù\Ë[™\™ŞWÜÜÚ]]™WØÛÛ[Z]YX[‹KMMNMLLÌÌLKMLÍÌŒLMŒÍŒKKŒŒÎMMNMÌŒËKÍNÎMÎÎKKŒLÎMNLÎLÎMKLŒMLŒNNÎÂ‘Y[K[Y\Ú’QKM‹LŒŒËÜL›Ù\Ë[™\™ŞWÜÜÚ]]™WØÛÛ[Z]\\—ÜİMËŒLÍÌLÎNLÍÌÌ‹LMKŒMÎNNLÍÍÎLËŒŒŒÌMŒNMLŒMKNKŒŒMÍLKŒLŒÎLÌNÍMLM‹NKÍÍLÍLMŒŒÂ‘Y[K[Y\Ú’QKM‹LŒŒËÜL›Ù\Ë[™\™ŞWÜÜÚ]]™WØÛÛ[Z]Ø[\WÜİÜİKÎMÍLMNNLKÍÌLÎŒLËËÎÌMŒÌŒÍLNMKLKŒÍŒMMÎLLÍÎMŒK‹ŒNLÍÎMÍÌKLKÍÌŒLŒÍŒŒÌM‘Y[K[Y\Ú’QKM‹LŒŒËÜL›Ù\Ë[™\™ŞWÜÜÚ]]™WØÛÛ[Z][WÛZ[—ÜİLMŒÌLŒMLLLNLLLLËLÌÎMÌÎLŒKLM‹LÍŒÎÎNMMÍŒÍLLKŒLLMŒÌŒÍMLMËÌŒNNLNLNNKMÌÌÎLŒNÂ‘Y[K[Y\Ú’QKM‹LŒŒËÜL›Ù\Ë[™\™ŞWÜÜÚ]]™WØÛÛ[Z][WÛX^ÜİLËNÍLÌMLMML‹LLËŒNŒMÍMML‹KÎLMLMMLÌÍMËŒÎLNNNMËŒÌLŒÌÌÎÍÌËNMÍLŒB‘Y[K[Y\Ú’QKM‹LŒŒËÜL›Ù\Ë[™\™ŞWÜÜÚ]]™WØÛÛ[Z]˜[™ÙWØXœË‹ÌMMLÎNLÌM‹L‹LÌÎÌMLMLLMË‹ŒMMÍLMÍLÌÎK‹ÌMMLÎNLÌM‹KŒMMÍMŒÌÍK‹ÌMMLÎNLÌM‚‘Y[K[Y\Ú’QKM‹LŒŒËÜL›Ù\Ë[™\™ŞWÜÜÚ]]™WØÛÛ[Z]ØÙØXœËKŒÍLLLŒÍŒLKNMŒÌMLKŒLÎÎMÌNMÌLÍLKÌÍŒÎMÌMMNNLŒNMŒLNËKÎLÍÎÌLNLMNB‘Y[K[Y\Ú’QKM‹LŒŒËÜL›Ù\Ë[™\™ŞWÜÜÚ]]™WØÛÛ[Z]ØÙÜİMŒÌLŒMLLLNLLMÌŒÌŒÍÍNLŒÍNKLKŒÎMÎNMŒÍËMËŒNLNÍLMÌËLŒMLMÎÎLËNMÍLŒB‘Y[K[Y\Ú’QKM‹LŒŒËÜ›Ù\Ë[™\™ŞWÜÜÚ]]™WØÛÛ[Z]—ÛY]šXËLKŒLKŒKŒKŒKŒKŒ‘Y[K[Y\Ú’QKM‹LŒŒËÜ›Ù\Ë[™\™ŞWÜÜÚ]]™WØÛÛ[Z]YX[‹MMÌŒLÎLLÍÌËLMNMLŒMÎÎMËŒŒŒLLŒÌÍLÌËÌÍNMÍŒŒŒNÌËŒŒLLŒLŒLLÌÍÍÌMNLLÌÌMB‘Y[K[Y\Ú’QKM‹LŒŒËÜ›Ù\Ë[™\™ŞWÜÜÚ]]™WØÛÛ[Z]\\—ÜİMKŒÌNMŒNMÌLÍÍKLMKŒŒÍÍNLLËLŒŒÍŒÌÌÌŒÌNLÎKM‹MLÍÍMÍKLŒLÌŒLLÌLÌMKM‹LMLÍÌLÎMMB‘Y[K[Y\Ú’QKM‹LŒŒËÜ›Ù\Ë[™\™ŞWÜÜÚ]]™WØÛÛ[Z]Ø[\WÜİÜİLËNŒÌÎÎL‹LLËÍÌÎNMÍLNNMËLKŒLNNMLŒMŒ‹MKŒLÌMNÍLÍËKŒÍMNMŒÍNKMKŒLMMŒŒMLLM‚‘Y[K[Y\Ú’QKM‹LŒŒËÜ›Ù\Ë[™\™ŞWÜÜÚ]]™WØÛÛ[Z][WÛZ[—ÜİLŒKŒÌÍLLMÍL‹LLŒKŒMMŒNKLŒËÍŒÌÍÍÎÎM‹LNŒLLŒÌÌÍMMLŒËÌÍÎLŒÍÌÍŒMKLLKÎÌMÍÍLŒMÌÌÎ‘Y[K[Y\Ú’QKM‹LŒŒËÜ›Ù\Ë[™\™ŞWÜÜÚ]]™WØÛÛ[Z][WÛX^ÜİŒŒLÎMÍÍÍLMMŒLNKLÌŒÎŒÌLËMÍLMNLMMLMÍL‹ŒËŒÎŒÎMNLKLËŒÍNLÎNMLÎMŒËMÍNÎMÍÍ‚‘Y[K[Y\Ú’QKM‹LŒŒËÜ›Ù\Ë[™\™ŞWÜÜÚ]]™WØÛÛ[Z]˜[™ÙWØXœËËMMÌMMÌLÌËLËMMÌMMÌLÌË‹NÍÌŒÌM‹ËMMÌMMÌLÌË‹ŒÍÍÍŒMÍÎMËËMMÌMMÌLÌÂ‘Y[K[Y\Ú’QKM‹LŒŒËÜ›Ù\Ë[™\™ŞWÜÜÚ]]™WØÛÛ[Z]ØÙØXœËKÌÌÌÌNMÎNLKLKNMÎŒMËKÌMMLÍNMK‹ŒMNNÍÎNNNMŒ‹KŒÌŒMNLÎNLÍMN‹‹ŒLLÍLÌŒL‚‘Y[K[Y\Ú’QKM‹LŒŒËÜ›Ù\Ë[™\™ŞWÜÜÚ]]™WØÛÛ[Z]ØÙÜİŒKŒÌÍLLMÍL‹LŒKŒMÍMÌÎNŒLËNŒLLŒÌÌÍMMŒËÍŒÌÍÍÎÎM‹MÍLMNLMMLMÍLËŒËÌÍÎLŒÍÌÍŒMB‘Y[K[Y\ÚĞQSKM‹LŒŒËÜL›Ù\Ë[™\™ŞWÜÜÚ]]™WØÛÛ[Z]—ÛY]šXËL‹ŒLKŒKŒKŒKŒKŒ‘Y[K[Y\ÚĞQSKM‹LŒŒËÜL›Ù\Ë[™\™ŞWÜÜÚ]]™WØÛÛ[Z]YX[‹MNMŒÌŒMÍNÍKLMNÍLLÍMMŒÍMŒMMÍMËMKŒÍMMŒNNKMŒŒLLÍÍŒÍNÌKMKÎMŒMMÌŒM‚‘Y[K[Y\ÚĞQSKM‹LŒŒËÜL›Ù\Ë[™\™ŞWÜÜÚ]]™WØÛÛ[Z]\\—ÜİLŒNNMÌÎMÍLLŒËLKŒÌMÍNŒÍÌÍ‹ÌLÎLÌLKL‹ŒNMÌLÌÌLMNLMK‹LÍÌMÌMŒŒKL‹ŒÌNMÌÍNM‚‘Y[K[Y\ÚĞQSKM‹LŒŒËÜL›Ù\Ë[™\™ŞWÜÜÚ]]™WØÛÛ[Z]Ø[\WÜİÜİLËŒLLÎLŒÍMÎÍŒLËLLËÍÎLLŒÍNKKŒÌMŒMŒŒÎMKŒÌLÍMÎLÍÍÎK‹LLLLŒÌÌMÎNKMKŒÍNMLLNŒMÎÂ‘Y[K[Y\ÚĞQSKM‹LŒŒËÜL›Ù\Ë[™\™ŞWÜÜÚ]]™WØÛÛ[Z][WÛZ[—ÜİLKŒÌÎLMNMÍÌÌLLŒÌMÍÌMNMËL‹NÍNMÎMMNNKÎÌLÌÌÌÍMÎKLËLNNLMLŒËMËMLLNÌL‚‘Y[K[Y\ÚĞQSKM‹LŒŒËÜL›Ù\Ë[™\™ŞWÜÜÚ]]™WØÛÛ[Z][WÛX^ÜİŒËMMMŒŒMLMŒŒÌËLŒKÍLÍLŒLŒLËLLŒLLMŒÌMË‹ÌÍNLMMMÍMKŒLLÎNÍŒŒM‹ËLLÌMMÍŒŒÎÎ‘Y[K[Y\ÚĞQSKM‹LŒŒËÜL›Ù\Ë[™\™ŞWÜÜÚ]]™WØÛÛ[Z]˜[™ÙWØXœËËŒÌÌŒÍNNLÎNŒMKLËŒÌÌŒÍNNLÎNŒMKMLLLÍŒLLÌ‹ËŒÌÌŒÍNNLÎNŒMKËŒÌŒŒLLÍÍÎLM‹ËŒÌÌŒÍNNLÎNŒMB‘Y[K[Y\ÚĞQSKM‹LŒŒËÜL›Ù\Ë[™\™ŞWÜÜÚ]]™WØÛÛ[Z]ØÙØXœËËÎNNLMLMŒLMLËÌÎNŒNÌLÌLË‹LÍÍÌLŒÌÌŒÌ‹ŒLÍÍÌMÌMLÍÌMÌK‹ŒLLNMLŒËŒŒMŒŒÍB‘Y[K[Y\ÚĞQSKM‹LŒŒËÜL›Ù\Ë[™\™ŞWÜÜÚ]]™WØÛÛ[Z]ØÙÜİKŒÌÎLMNMÍÌÌLÌŒLÍÍLMLËM‹ÌÍLMMMÌÍÌ‹ËŒŒÎMMŒLÍMÌŒKMŒMLMLÌÎNMKËLNNLMLŒÂ‘Y[K[Y\ÚĞQSKM‹LŒŒËÜ›Ù\Ë[™\™ŞWÜÜÚ]]™WØÛÛ[Z]—ÛY]šXËLËŒLKŒKŒKŒKŒKŒ‘Y[K[Y\ÚĞQSKM‹LŒŒËÜ›Ù\Ë[™\™ŞWÜÜÚ]]™WØÛÛ[Z]YX[‹MKŒMÍLÍMÍÌŒNMLMKŒMÌÌLŒÌLÍŒÍËMÍMÌMÌÌMÍÌÍMKMÌÎLLÍNNMLNÎ‹MKÍLÍMMÌMÌNNB‘Y[K[Y\ÚĞQSKM‹LŒŒËÜ›Ù\Ë[™\™ŞWÜÜÚ]]™WØÛÛ[Z]\\—ÜİMMMLÍÍŒÎKLL‹ŒÌŒÍÍÎÌÌŒËËÌÍÌLMNMMÍÌÍKMKNNÌLÍÎLÍL‹‹LÌÎLÎMÍÌÍLÍÎMËMKLŒNMÌÌÌ‚‘Y[K[Y\ÚĞQSKM‹LŒŒËÜ›Ù\Ë[™\™ŞWÜÜÚ]]™WØÛÛ[Z]Ø[\WÜİÜİËLMÍLLÍÎKLËLÍŒMÌLKNLLMÍMKKŒLÌMLMŒNLÌKNMÌLKKŒÍÎMMLNMŒLM‚‘Y[K[Y\ÚĞQSKM‹LŒŒËÜ›Ù\Ë[™\™ŞWÜÜÚ]]™WØÛÛ[Z][WÛZ[—ÜİNKŒLMÌMŒLÎLKLNMMMÌÌMÌËLLKŒMNMNM‹ŒLLNLLKMMMLMÍÌÎNMMKŒÍLÌŒNLŒMMMMM‘Y[K[Y\ÚĞQSKM‹LŒŒËÜ›Ù\Ë[™\™ŞWÜÜÚ]]™WØÛÛ[Z][WÛX^ÜİL‹ŒÌMÍÍŒMÍËLLKNLMÍMNÌMÍÎËÎMLÌLÌ‹MLLÎLÌLÎMM‹ŒMÍMÍMÌNNL‹M‹ŒŒÍLÍMLŒLŒÌ‚‘Y[K[Y\ÚĞQSKM‹LŒŒËÜ›Ù\Ë[™\™ŞWÜÜÚ]]™WØÛÛ[Z]˜[™ÙWØXœËËŒÌMÌŒŒŒŒËLËŒŒLLNÍÎÎË‹MÌÌÎMLLËËŒÌMÌŒŒŒŒË‹ŒÍMNÍMŒLNKËŒÌMÌŒŒŒŒÂ‘Y[K[Y\ÚĞQSKM‹LŒŒËÜ›Ù\Ë[™\™ŞWÜÜÚ]]™WØÛÛ[Z]ØÙØXœËKLLÍÌ‹LKÎŒLNLLËKŒÍMŒÌÌŒÌLÎM‹‹ŒŒMÎNLŒLLËKŒŒÌMÍÎMÌÍLNMŒÍK‹ŒÍÎLÌLLMŒM‚‘Y[K[Y\ÚĞQSKM‹LŒŒËÜ›Ù\Ë[™\™ŞWÜÜÚ]]™WØÛÛ[Z]ØÙÜİL‹ŒÌMÍÍŒMÍËLLKNLMÍMNÌMÍÎËKŒÎÌÌÍÍÎËMLLÎLÌLÎMM‹ŒMÍMÍMÌNNL‹M‹ŒŒÍLÍMLŒLŒÌ‚‘Y[K[Y\ÚØ[Z[™ËM‹LŒŒËÜL›Ù\Ë[™\™ŞWÜÜÚ]]™WØÛÛ[Z]—ÛY]šXËLËŒLKŒKŒKŒKŒKŒ‘Y[K[Y\ÚØ[Z[™ËM‹LŒŒËÜL›Ù\Ë[™\™ŞWÜÜÚ]]™WØÛÛ[Z]YX[‹ŒŒÍMMMNÍÍŒÌŒ‹LŒŒÎMŒÌÍMÌLŒKNKNLÎMÌŒ‹ŒKŒLÌŒŒŒNKNKŒLÍMMMÍMŒMÌËŒKNLMMLÌ‘Y[K[Y\ÚØ[Z[™ËM‹LŒŒËÜL›Ù\Ë[™\™ŞWÜÜÚ]]™WØÛÛ[Z]\\—ÜİNKŒNNMÌËLMKÍÍÌÍNMËLLÌÌŒÌ‹ŒNÌNMÎLNÍLKLŒMÍÌŒÍŒÌM‹ŒŒŒŒÎŒL‚‘Y[K[Y\ÚØ[Z[™ËM‹LŒŒËÜL›Ù\Ë[™\™ŞWÜÜÚ]]™WØÛÛ[Z]Ø[\WÜİÜİLËŒŒÌMMŒÍLÍŒ‹LLËÎMÍŒLŒLŒNMŒÌMKM‹ŒŒÎLÍLÌLMMMKLNÌÍÎNLKM‹MÌLÍML‚‘Y[K[Y\ÚØ[Z[™ËM‹LŒŒËÜL›Ù\Ë[™\™ŞWÜÜÚ]]™WØÛÛ[Z][WÛZ[—ÜİLNKLLÍMŒNLŒNM‹LLNÍÍMÍÍŒÍLÍŒNM‹LŒ‹LNÍNMËLLËŒLŒLLŒLM‹LŒËÌŒÍÍÍÎŒËLLŒÍŒNMÌÌÌÎLM‘Y[K[Y\ÚØ[Z[™ËM‹LŒŒËÜL›Ù\Ë[™\™ŞWÜÜÚ]]™WØÛÛ[Z][WÛX^ÜİMNMLLLŒ‹LŒ‹ŒŒLNÍÎÌKMKMÍÌÌMMLÍLÎÌÌLLNLKL‹LÎNLÍLÌ‹ÌKŒLŒÌMÎLÍÍ‘Y[K[Y\ÚØ[Z[™ËM‹LŒŒËÜL›Ù\Ë[™\™ŞWÜÜÚ]]™WØÛÛ[Z]˜[™ÙWØXœËKŒMŒŒÍLÌNLMÌKLÍLLÌNMNK‹ŒMNMÌMLÌÎNNMKKŒMŒŒÍLÌNLMÌKMÌMÌLÌÍŒKKŒMŒŒÍLÌNLMÌB‘Y[K[Y\ÚØ[Z[™ËM‹LŒŒËÜL›Ù\Ë[™\™ŞWÜÜÚ]]™WØÛÛ[Z]ØÙØXœËKŒŒMLŒLÌNMÍLLÍNÍLŒKËŒÍLŒÎÌÍLLKKMMÍLNNLÍ‹‹NMŒMŒLN‹ŒLNÌLMŒMB‘Y[K[Y\ÚØ[Z[™ËM‹LŒŒËÜL›Ù\Ë[™\™ŞWÜÜÚ]]™WØÛÛ[Z]ØÙÜİMNMLLLŒ‹LŒ‹MÌÌŒÌMLMÌM‹MMŒMÌKÌÌLLNLKLËMÍÍÍÌÌMMÌLÌKŒLŒÌMÎLÍÍ‘Y[K[Y\ÚØ[Z[™ËM‹LŒŒËÜ›Ù\Ë[™\™ŞWÜÜÚ]]™WØÛÛ[Z]—ÛY]šXËL‹ŒLKŒKŒKŒKŒKŒ‘Y[K[Y\ÚØ[Z[™ËM‹LŒŒËÜ›Ù\Ë[™\™ŞWÜÜÚ]]™WØÛÛ[Z]YX[‹ŒLÌNMLM‹LŒŒNLNLÌ‹NKŒMŒMŒÍN‹ŒKÌMNNMM‹NKÌŒNNMÌKŒ‹ŒMÌLÌÍÍÌŒÂ‘Y[K[Y\ÚØ[Z[™ËM‹LŒŒËÜ›Ù\Ë[™\™ŞWÜÜÚ]]™WØÛÛ[Z]\\—ÜİM‹ŒMŒLÎÍŒÎÎKLMŒMŒMŒÌËËÌÍLÎMLMMNKŒ‹MMLNMMLÎKËÎŒÍNNMNŒ‹ÌMŒÍŒNNB‘Y[K[Y\ÚØ[Z[™ËM‹LŒŒËÜ›Ù\Ë[™\™ŞWÜÜÚ]]™WØÛÛ[Z]Ø[\WÜİÜİMKŒÌÌŒÎLÌMLNNKLMKŒŒÍÌÍÍNLKŒMÍMMLÍLÌMËLŒŒMÌÎNŒMŒŒŒŒLÌÍNŒÎLÍLÌM‘Y[K[Y\ÚØ[Z[™ËM‹LŒŒËÜ›Ù\Ë[™\™ŞWÜÜÚ]]™WØÛÛ[Z][WÛZ[—ÜİLKŒÌÍÌÍÎNLÌLMNKLLŒŒÌŒNLMÍLŒLLÌÌÌMŒÍÎLMKLMNMÍÍLÌLÍÎMËLLKNLMŒÌÍM‚‘Y[K[Y\ÚØ[Z[™ËM‹LŒŒËÜ›Ù\Ë[™\™ŞWÜÜÚ]]™WØÛÛ[Z][WÛX^ÜİKLŒÍLLÍÌLÍÍLËŒŒMÌÍÎÍ‹MMMÌŒÌŒÍÌÌÎKÌËŒŒNLMŒMMŒNKL‹ŒLŒŒMÍLLËÍNMMNM‚‘Y[K[Y\ÚØ[Z[™ËM‹LŒŒËÜ›Ù\Ë[™\™ŞWÜÜÚ]]™WØÛÛ[Z]˜[™ÙWØXœËLKLŒÌMKLLKLŒÌMKËLÍŒÍLÍŒËLKLŒÌMKKNLMMLMMËLKLŒÌMB‘Y[K[Y\ÚØ[Z[™ËM‹LŒŒËÜ›Ù\Ë[™\™ŞWÜÜÚ]]™WØÛÛ[Z]ØÙØXœË‹ŒLŒMÎMLMNKLKMŒÌÌÍNLÍËŒMMÌNNK‹ÍMŒLÌÍ‹‹ÍLMNLÌÍÍŒÌ‹‹ÎNLLLÂ‘Y[K[Y\ÚØ[Z[™ËM‹LŒŒËÜ›Ù\Ë[™\™ŞWÜÜÚ]]™WØÛÛ[Z]ØÙÜİKLŒÍLLÍÌLÍÍLËŒNMÌŒŒKŒLÌŒMŒÍŒLŒMŒËÌËŒŒNLMŒMMŒNKLËŒÌÍÌLÌÍŒŒÌMM‹ÍNMMNM‚‘Y[K[Y\Ú^T[M‹LŒŒËÜL›Ù\Ë[™\™ŞWÜÜÚ]]™WØÛÛ[Z]—ÛY]šXËLËŒLKŒKŒKŒKŒKŒ‘Y[K[Y\Ú^T[M‹LŒŒËÜL›Ù\Ë[™\™ŞWÜÜÚ]]™WØÛÛ[Z]YX[‹Œ‹ŒÌÌMÌÎMLÍ‹LŒ‹ŒÍMLNLLÍLŒKÎLŒLNMLN‹ŒËŒMMŒMNMËŒKŒŒLÌÌLMÍLMNKŒËŒÍMŒÍÂ‘Y[K[Y\Ú^T[M‹LŒŒËÜL›Ù\Ë[™\™ŞWÜÜÚ]]™WØÛÛ[Z]\\—ÜİLËMMÌMŒÎNMLËLL‹ŒÎLMÌLŒLNMËŒÎMŒMÍÎMÍLKM‹MŒŒÌŒLŒËŒNLÌLLMÌ‹M‹ÍÍNLÍNÎ‘Y[K[Y\Ú^T[M‹LŒŒËÜL›Ù\Ë[™\™ŞWÜÜÚ]]™WØÛÛ[Z]Ø[\WÜİÜİLŒMNMNLMËLLŒNŒŒMLÌMK‹ÍÎÍMLKL‹ŒLMLÌŒMŒËKŒŒMMÌÌÌ‹L‹ŒÍÌLLŒÍŒMLL‘Y[K[Y\Ú^T[M‹LŒŒËÜL›Ù\Ë[™\™ŞWÜÜÚ]]™WØÛÛ[Z][WÛZ[—ÜİLMLLMLŒMÎKLLLËŒLÌNÍNMMMËLM‹ÎÍŒMŒÌMŒ‹LLŒŒŒŒŒŒŒÍ‹LMËÎÍLNMŒLÍÍŒLM‹NŒÎMLNMÍÌMŒÎLÂ‘Y[K[Y\Ú^T[M‹LŒŒËÜL›Ù\Ë[™\™ŞWÜÜÚ]]™WØÛÛ[Z][WÛX^ÜİŒ‹ŒÍLÍMÍNÎN‹LŒŒLÌÌÎLLŒKÌÌNMŒNMMŒÌNÍN‹LÌÍÌMÌNNMÍŒLMK‹ŒLMMÌMÌÌB‘Y[K[Y\Ú^T[M‹LŒŒËÜL›Ù\Ë[™\™ŞWÜÜÚ]]™WØÛÛ[Z]˜[™ÙWØXœËŒNLLÌMÎÎLËMNLLMÌÍLLÌŒKÍÌMÌÌLLMKŒNLLÌMÎÎËMMÌÎLŒLÌÌ‹ŒNLLÌMÎÎ‘Y[K[Y\Ú^T[M‹LŒŒËÜL›Ù\Ë[™\™ŞWÜÜÚ]]™WØÛÛ[Z]ØÙØXœËNLLMMLÍËLŒLÌMNMŒNN‹ŒÍÍMŒLMÌMMËKŒÍÍMMÍLÌÎMKMLÍÎMŒMÍMËKNLŒÍLB‘Y[K[Y\Ú^T[M‹LŒŒËÜL›Ù\Ë[™\™ŞWÜÜÚ]]™WØÛÛ[Z]ØÙÜİŒ‹ŒÍLÍMÍNÎN‹LŒŒLÌÌÎLLŒKLLÎMÌÌÌMLÌËÌNÍNMÍÍŒLÌÌNLË‹ŒLMMÌMÌÌB‘Y[K[Y\Ú^T[M‹LŒŒËÜ›Ù\Ë[™\™ŞWÜÜÚ]]™WØÛÛ[Z]—ÛY]šXËLËŒLKŒKŒKŒKŒKŒ‘Y[K[Y\Ú^T[M‹LŒŒËÜ›Ù\Ë[™\™ŞWÜÜÚ]]™WØÛÛ[Z]YX[‹Œ‹MÍÌŒÌLŒ‹MÍŒNLLLÎÌÍ‹Œ‹ŒNMMLÍÌŒMÌŒËNLLŒLŒMÍKŒKÍNMMËŒNLÍÌMŒLÌMMÍ‚‘Y[K[Y\Ú^T[M‹LŒŒËÜ›Ù\Ë[™\™ŞWÜÜÚ]]™WØÛÛ[Z]\\—ÜİLLŒÍLNM‹LLŒÍÍÍŒMMMÎKŒLLLLŒÌÌKŒŒÎLÌŒKLLLÌÌŒNLMŒŒÌÌŒÌNMÌÌ‚‘Y[K[Y\Ú^T[M‹LŒŒËÜ›Ù\Ë[™\™ŞWÜÜÚ]]™WØÛÛ[Z]Ø[\WÜİÜİLÍLÎÌLLLLL‹LLLÌNMLÌLŒËËŒÌNLMMLÍŒMŒËL‹NMLMNLÎMÎKKÌLÎMÌLLÍMNLŒÍËLËŒLÍÎŒÍLMLÌM‘Y[K[Y\Ú^T[M‹LŒŒËÜ›Ù\Ë[™\™ŞWÜÜÚ]]™WØÛÛ[Z][WÛZ[—ÜİLŒŒÍÎMÌÌMŒÍÎLLNLŒÍÍMMÌ‹LŒ‹ŒLLLMNMLKLLKMMÌËLŒ‹MLÍÌMÍÍŒLËM‹ŒŒNNLÍN‘Y[K[Y\Ú^T[M‹LŒŒËÜ›Ù\Ë[™\™ŞWÜÜÚ]]™WØÛÛ[Z][WÛX^ÜİNMŒMÌÌMKLM‹LÍMMÌNÌLMNÌMNLMNŒKÍMÌŒÎMMNÍKKŒŒŒMŒÍMÎÌËŒËŒNMÍMLLLLÂ‘Y[K[Y\Ú^T[M‹LŒŒËÜ›Ù\Ë[™\™ŞWÜÜÚ]]™WØÛÛ[Z]˜[™ÙWØXœËKŒÌLŒMLÌLËLLLÎLLÌÌNMŒKKŒMÎLŒLŒLÍKKŒÌLŒMLÌËÍÌMMLLMŒËKŒÌLŒMLÌ‘Y[K[Y\Ú^T[M‹LŒŒËÜ›Ù\Ë[™\™ŞWÜÜÚ]]™WØÛÛ[Z]ØÙØXœËÍLMŒÌÌŒŒŒŒKLLŒŒNŒLÍŒ‹‹MŒNMNMLÌÍKŒNŒÌLÍMMK‹ŒŒLÌÍLÌÌŒËKMMLNMB‘Y[K[Y\Ú^T[M‹LŒŒËÜ›Ù\Ë[™\™ŞWÜÜÚ]]™WØÛÛ[Z]ØÙÜİŒŒÍÎMÌÌMŒÍÎLNKMLŒLLÍÎLÌLKL‹MLÍNŒL‹Œ‹ŒÎMÌLÍÍŒKŒÍŒLMŒÌŒMMŒÍKŒËŒNMÍMLLLLÂ‘Y[K[Y\Ú’TĞKM‹LŒŒËÜL›Ù\Ë[™\™ŞWÜÜÚ]]™WØÛÛ[Z]—ÛY]šXËLËŒLKŒKŒKŒKŒKŒ‘Y[K[Y\Ú’TĞKM‹LŒŒËÜL›Ù\Ë[™\™ŞWÜÜÚ]]™WØÛÛ[Z]YX[‹ŒKLMÌLMLÍÍLKLŒKMŒMÍÌ‹ŒKŒNÌÌÍNMNÎŒ‹ÍMLŒÌÍMŒNMNMŒÎLKŒËŒŒŒÌMÍÌŒNŒÂ‘Y[K[Y\Ú’TĞKM‹LŒŒËÜL›Ù\Ë[™\™ŞWÜÜÚ]]™WØÛÛ[Z]\\—ÜİŒKŒLNLMMMMMKLNMLŒMÍŒÍÌKLLLMÌ‹ÎLÍÍÎ‹KMÍÍLÍNLÍÌÍÍKKŒÍLÌÍŒMÌMÌ‚‘Y[K[Y\Ú’TĞKM‹LŒŒËÜL›Ù\Ë[™\™ŞWÜÜÚ]]™WØÛÛ[Z]Ø[\WÜİÜİLKLÍÍÍŒNNNKLLKÍÍŒMŒKŒÍŒÌMLLLNMËLËŒÌMÍŒMŒŒ‹ËÌLÍLMMLKMŒMÌMÍÌÎLŒÂ‘Y[K[Y\Ú’TĞKM‹LŒŒËÜL›Ù\Ë[™\™ŞWÜÜÚ]]™WØÛÛ[Z][WÛZ[—ÜİLMKLÍÍŒÍMÌMËLLMNMMLŒÍNNNKLMËNÍMNNMLLKÎNÍLNLLMMKLNKMŒÎÍÌŒÌÌMÍKLLŒNNLÌLM‚‘Y[K[Y\Ú’TĞKM‹LŒŒËÜL›Ù\Ë[™\™ŞWÜÜÚ]]™WØÛÛ[Z][WÛX^ÜİM‹MLÌMÌÌMÍLËLM‹ŒÍÌÌÌMÍM‹L‹ŒLÍÍMNLMÍŒMLÌLŒÍLLŒÍMMNMLÍÌÍËŒ‹ÌÍŒÍÍMÍMNM‚‘Y[K[Y\Ú’TĞKM‹LŒŒËÜL›Ù\Ë[™\™ŞWÜÜÚ]]™WØÛÛ[Z]˜[™ÙWØXœËËŒNMMÌLMÎNKL‹LÌNÍÍN‹KÍNLLÍNLMNKËŒNMMÌLMÎNKLŒÌÌLÌMKËŒNMMÌLMÎNB‘Y[K[Y\Ú’TĞKM‹LŒŒËÜL›Ù\Ë[™\™ŞWÜÜÚ]]™WØÛÛ[Z]ØÙØXœËËÌNMŒŒMÎNŒËLËÌLŒÌNLŒLÎKËŒÍLÎLÌÌŒÌÍŒÍÌLLŒLŒMŒK‹NNMLŒÍKÍMŒÌÌMÌÍŒÌN‘Y[K[Y\Ú’TĞKM‹LŒŒËÜL›Ù\Ë[™\™ŞWÜÜÚ]]™WØÛÛ[Z]ØÙÜİM‹MLÌMÌÌMÍLËLM‹MÍÍŒMÍLËLËNLÎÌÍM‹ŒMLÌLŒÍLLKŒLÎÌŒÎŒ‹ÌÍŒÍÍMÍMNM‚‘Y[K[Y\Ú’TĞKM‹LŒŒËÜ›Ù\Ë[™\™ŞWÜÜÚ]]™WØÛÛ[Z]—ÛY]šXËL‹ŒLKŒKŒKŒKŒKŒ‘Y[K[Y\Ú’TĞKM‹LŒŒËÜ›Ù\Ë[™\™ŞWÜÜÚ]]™WØÛÛ[Z]YX[‹Œ‹ŒLÌMMÎÎLŒ‹ŒMÎLÌMŒÌL‹ŒKNMÌÍLÍŒÍMŒ‹MÎMMŒÌLLËŒKŒÎÌNLŒMÎKŒ‹MÎLMÌL‘Y[K[Y\Ú’TĞKM‹LŒŒËÜ›Ù\Ë[™\™ŞWÜÜÚ]]™WØÛÛ[Z]\\—ÜİKNÍŒÎLLÎNL‹ŒLMÍÌLŒ‹ËŒÌÍLÍNKLÌLMÌM‹ËŒÌÎLLLÍLKLÍŒMLŒÍŒLŒ‚‘Y[K[Y\Ú’TĞKM‹LŒŒËÜ›Ù\Ë[™\™ŞWÜÜÚ]]™WØÛÛ[Z]Ø[\WÜİÜİLÎÎLŒMNLÌKLKÌŒÎMÎLÍLÎËKLMMÌÎLÌLLKLMNMÍŒÍMÌ‹ËÎMLŒÌÍLMMKLÍMÌÎMŒÍ‘Y[K[Y\Ú’TĞKM‹LŒŒËÜ›Ù\Ë[™\™ŞWÜÜÚ]]™WØÛÛ[Z][WÛZ[—ÜİLLËŒÍÎÍÎMLLL‹ÍLNŒLMÎKLMLŒMÌKMËÎLÌŒÌMÍKLMKŒÌÌŒNNKM‹ŒMÎÎNLMB‘Y[K[Y\Ú’TĞKM‹LŒŒËÜ›Ù\Ë[™\™ŞWÜÜÚ]]™WØÛÛ[Z][WÛX^ÜİŒÌLLŒÎMŒËLNKŒÌŒLÍÍÌLL‹‹ÍŒLNMÎMŒLKŒ‹ŒMLÌŒLLÍ‹LLMLLÍKŒ‹ÌMÌÍLMÂ‘Y[K[Y\Ú’TĞKM‹LŒŒËÜ›Ù\Ë[™\™ŞWÜÜÚ]]™WØÛÛ[Z]˜[™ÙWØXœËËMNLLMÎŒŒLKLËMNLLMÎŒŒLKËNNLMŒÍÎËËMNLLMÎŒŒLK‹MŒMLKËMNLLMÎŒŒLB‘Y[K[Y\Ú’TĞKM‹LŒŒËÜ›Ù\Ë[™\™ŞWÜÜÚ]]™WØÛÛ[Z]ØÙØXœËMÎŒMM‹LŒÍÍÍMK‹ŒŒNLŒLMËLÍÍÎNMÍM‹KLMÍNNÍŒMÎKMŒLLÍŒÍLÎB‘Y[K[Y\Ú’TĞKM‹LŒŒËÜ›Ù\Ë[™\™ŞWÜÜÚ]]™WØÛÛ[Z]ØÙÜİŒÌLLŒÎMŒËLNKŒÌŒLÍÍÌLL‹LŒÍÍLÍŒL‹Œ‹ŒMLÌŒLLÍ‹‹NMŒMÌLLL‹Œ‹ÌMÌÍLMÂ‘Y[K\\˜İX™KÔËM‹LŒŒËÜL›Ù\Ë[™\™ŞWÜÜÚ]]™WØÛÛ[Z]—ÛY]šXËLËŒLKŒKŒKŒKŒKŒ‘Y[K\\˜İX™KÔËM‹LŒŒËÜL›Ù\Ë[™\™ŞWÜÜÚ]]™WØÛÛ[Z]YX[‹LKŒÎMÌLLÌÎ‹LLKŒLLMMÌÌNÎLŒMLÌÍÍÍÍLKŒNNMMŒ‹LLÍÌÎŒNKLKLLLŒLÎNMB‘Y[K\\˜İX™KÔËM‹LŒŒËÜL›Ù\Ë[™\™ŞWÜÜÚ]]™WØÛÛ[Z]\\—ÜİLŒŒNMNLÎNMÎLKŒŒÎMLÎNLM‹‹ŒLÌÌŒMŒLMNŒLËLËLLÍNMMMŒLMLŒŒ‹LËNÍLLMÌMÌ‚‘Y[K\\˜İX™KÔËM‹LŒŒËÜL›Ù\Ë[™\™ŞWÜÜÚ]]™WØÛÛ[Z]Ø[\WÜİÜİLŒNNLNLNËLLMNÌŒMMMNKŒÍNÌÍ‹L‹ŒNLÌÌLÍÍÎ‹ŒLLŒÍÍÎML‹MMLŒÂ‘Y[K\\˜İX™KÔËM‹LŒŒËÜL›Ù\Ë[™\™ŞWÜÜÚ]]™WØÛÛ[Z][WÛZ[—ÜİLM‹LŒŒŒLLLLMKŒÍŒLÍLÌÍLNŒMÌÌŒÌMNLŒÍM‹MŒÍMÎMMKLNŒLÌÌNMMKÍŒÍŒÍMMNLNMÂ‘Y[K\\˜İX™KÔËM‹LŒŒËÜL›Ù\Ë[™\™ŞWÜÜÚ]]™WØÛÛ[Z][WÛX^ÜİKÌÌMÎMÌÌÍËLŒËŒÍÍÍÎMŒMLMNÌMËËŒÍLÍÌŒÍMLË‹ÌŒNÍÌMLÎNMÎLMNMLÎŒB‘Y[K\\˜İX™KÔËM‹LŒŒËÜL›Ù\Ë[™\™ŞWÜÜÚ]]™WØÛÛ[Z]˜[™ÙWØXœËŒÍÌMŒMMLËLËÌÌLÍŒMMÍLËKMŒMMŒÍMLÍKŒÍÌMŒMMLËKŒÍMMMŒÍMMNKŒÍÌMŒMMLÂ‘Y[K\\˜İX™KÔËM‹LŒŒËÜL›Ù\Ë[™\™ŞWÜÜÚ]]™WØÛÛ[Z]ØÙØXœË‹LŒLMÌÍÍ‹L‹ŒMÍÎMÍLÌŒMKMŒÎNÍÍMK‹MLLLLLŒÎÌÌŒLÍÎLMËŒÍNLMLLÍMLB‘Y[K\\˜İX™KÔËM‹LŒŒËÜL›Ù\Ë[™\™ŞWÜÜÚ]]™WØÛÛ[Z]ØÙÜİKÌÌMÎMÌÌÍËLŒËŒÍÍÍÎMÌNNÌÌÌÎÌÎKËŒÍLÍÌŒÍMLË‹ÌŒNÍÌMLÎNMÎLMNMLÎŒB‘Y[K\\˜İX™KÔËM‹LŒŒËÜ›Ù\Ë[™\™ŞWÜÜÚ]]™WØÛÛ[Z]—ÛY]šXËL‹ŒLKŒKŒKŒKŒKŒ‘Y[K\\˜İX™KÔËM‹LŒŒËÜ›Ù\Ë[™\™ŞWÜÜÚ]]™WØÛÛ[Z]YX[‹LŒLŒNÍÍMLKLLŒLLŒÎMMLËLŒLNLMLMMËLMÍÍÍLMÍÍLŒMMŒLÍÍÍLKŒMÍMŒÌMÍMÍÌÂ‘Y[K\\˜İX™KÔËM‹LŒŒËÜ›Ù\Ë[™\™ŞWÜÜÚ]]™WØÛÛ[Z]\\—ÜİLKŒMLÍLLÌÌÍŒLLMÌŒMMLŒLMÎŒNNLÎLÎNLLÍ‹MKŒÍMÎNŒNMMLŒËŒNLMŒMÎMLŒËMKŒÌŒLÌÍB‘Y[K\\˜İX™KÔËM‹LŒŒËÜ›Ù\Ë[™\™ŞWÜÜÚ]]™WØÛÛ[Z]Ø[\WÜİÜİLÌMNLLÌŒÎNLLLLLMLŒÍÎLM‹ËÌMŒÍLÌÍKL‹MÌLLLÍMÌK‹ŒÎNMNÌNÌ‹L‹LÌÍÌÌM‚‘Y[K\\˜İX™KÔËM‹LŒŒËÜ›Ù\Ë[™\™ŞWÜÜÚ]]™WØÛÛ[Z][WÛZ[—ÜİLŒŒLŒMŒLŒMÌÍLËLLNKŒMNLMLMÌËLŒKÌMLNŒNMMMKNNMÎLŒÌÍLÌNNLLËLŒ‹ŒÌÌÌŒMŒÌËMËMLÌLMLLŒÌÂ‘Y[K\\˜İX™KÔËM‹LŒŒËÜ›Ù\Ë[™\™ŞWÜÜÚ]]™WØÛÛ[Z][WÛX^ÜİM‹ÌLÎMÌŒLLMËLMKMMÌÍMNNLMKLKÍÍMÎMÌNLÌKNKŒLÍŒÌŒÍÍMŒËKŒLŒÍÍÍLÎM‹ŒŒÍMÍÌÌÍŒLÍL‚‘Y[K\\˜İX™KÔËM‹LŒŒËÜ›Ù\Ë[™\™ŞWÜÜÚ]]™WØÛÛ[Z]˜[™ÙWØXœËËLMÍÍMÍÌËLËLMÍÍMÍÌË‹ÌNLÌÎMNMËËLMÍÍMÍÌËKNMÎMLMŒËËLMÍÍMÍÌÂ‘Y[K\\˜İX™KÔËM‹LŒŒËÜ›Ù\Ë[™\™ŞWÜÜÚ]]™WØÛÛ[Z]ØÙØXœË‹ŒLÍLÍMMLÌLLKL‹ŒMŒLÍŒŒMÎNKKŒÎŒLNNÎNË‹ŒÍŒÍMÍŒŒŒŒÌLKŒMLÍMMNNLLÍË‹ÌÌÌŒLLLLÌ‘Y[K\\˜İX™KÔËM‹LŒŒËÜ›Ù\Ë[™\™ŞWÜÜÚ]]™WØÛÛ[Z]ØÙÜİŒŒLŒMŒLŒMÌÍLËLNKŒMMŒLLÌMLÌËL‹ŒLNMNM‹ŒKÌMLNŒNMMMKLNLÍNNLÌLÌ‹Œ‹ŒÌÌÌŒMŒÌÂ‘Y[K\\˜İX™K’QKM‹LŒŒËÜL›Ù\Ë[™\™ŞWÜÜÚ]]™WØÛÛ[Z]—ÛY]šXËLËŒLKŒKŒKŒKŒKŒ‘Y[K\\˜İX™K’QKM‹LŒŒËÜL›Ù\Ë[™\™ŞWÜÜÚ]]™WØÛÛ[Z]YX[‹LÎLÌLÍLÍŒŒMËLMŒÌMNNLNNLÍÍŒNÎLŒMÍ‹KŒÌÍÎÍÎLÌKŒÌÍMÍLMÍÍKKÍÌÌÍLÍLÌÂ‘Y[K\\˜İX™K’QKM‹LŒŒËÜL›Ù\Ë[™\™ŞWÜÜÚ]]™WØÛÛ[Z]\\—ÜİLËŒÌMNNÎM‹LMKMŒNLMËŒÌMÍŒÎMMMN‹‹ŒŒNMNMLÍKËŒMÍMÍÍLÍMLMK‹MŒÌNÂ‘Y[K\\˜İX™K’QKM‹LŒŒËÜL›Ù\Ë[™\™ŞWÜÜÚ]]™WØÛÛ[Z]Ø[\WÜİÜİL‹ÎMMLM‹LL‹LLÎL‹KÍÎNLÍÎLËMKŒMLÍŒLËËŒNÌÌÍÍ‹MKLLNNŒŒÎLB‘Y[K\\˜İX™K’QKM‹LŒŒËÜL›Ù\Ë[™\™ŞWÜÜÚ]]™WØÛÛ[Z][WÛZ[—ÜİLNŒMMŒÍLLÌMÍÍKLLMËŒÎMÍMLLMLLLŒÍŒÍŒŒËLLËŒNMÎÌMÌMÍM‹LŒKÍÌNNMMŒLËNKŒÍÎÌLÍŒÌŒÂ‘Y[K\\˜İX™K’QKM‹LŒŒËÜL›Ù\Ë[™\™ŞWÜÜÚ]]™WØÛÛ[Z][WÛX^ÜİŒËLÎMŒNLÍËLŒKLÌNLNLMKMKŒÌŒŒMÍMMMËËŒÌLŒÍÎMLŒLÍÎM‹LŒÌLÎLMÌÍÍKŒMŒLŒLÌ‚‘Y[K\\˜İX™K’QKM‹LŒŒËÜL›Ù\Ë[™\™ŞWÜÜÚ]]™WØÛÛ[Z]˜[™ÙWØXœËËÍMÌMÌMÎŒNLÍKLËNMNLÍŒLÍÍLÌË‹LÌLÍÍMLMÎMŒMËËÍMÌMÌMÎŒNLÍKKÍMMŒÍŒLMËÍMÌMÌMÎŒNLÍB‘Y[K\\˜İX™K’QKM‹LŒŒËÜL›Ù\Ë[™\™ŞWÜÜÚ]]™WØÛÛ[Z]ØÙØXœË‹ŒLÎMÍNMŒÌÍÌÌÍËLKMŒLMÍLLÍNKŒÎLNMLÌŒÎMÌÎM‹ŒÍÍŒÌMŒŒNKŒMŒNÍÎMLË‹LÌŒNMÍÍMLLMB‘Y[K\\˜İX™K’QKM‹LŒŒËÜL›Ù\Ë[™\™ŞWÜÜÚ]]™WØÛÛ[Z]ØÙÜİŒËLÎMŒNLÍËLŒKMÌŒÍŒÌNKMKÍMLÌŒLNŒ‹ËŒÌLŒÍÎMLŒLÍÎM‹L‹ŒNÌÍŒÎKŒMŒLŒLÌ‚‘Y[K\\˜İX™K’QKM‹LŒŒËÜ›Ù\Ë[™\™ŞWÜÜÚ]]™WØÛÛ[Z]—ÛY]šXËKŒLKŒKŒKŒKŒKŒ‘Y[K\\˜İX™K’QKM‹LŒŒËÜ›Ù\Ë[™\™ŞWÜÜÚ]]™WØÛÛ[Z]YX[‹KŒMLNLŒLËLKŒMLNLŒLKKŒMLNLŒLËKŒMLNLŒLKKŒMLNLŒLËKŒMLNLŒLLB‘Y[K\\˜İX™K’QKM‹LŒŒËÜ›Ù\Ë[™\™ŞWÜÜÚ]]™WØÛÛ[Z]\\—ÜİÍËŒÎŒLÍŒÎLÍËŒÎŒLÍŒÎËÍËŒÎŒLÍŒÎËÍËŒÎŒLÍŒÎÍËŒÎŒLÍŒÎ‹ÍËŒÎŒLÍŒÎ‘Y[K\\˜İX™K’QKM‹LŒŒËÜ›Ù\Ë[™\™ŞWÜÜÚ]]™WØÛÛ[Z]Ø[\WÜİÜİŒËŒÍŒŒÍLLÍLŒËŒÍŒŒÍLLËŒËŒÍŒŒÍLLËŒËŒÍŒŒÍLLÍŒËŒÍŒŒÍLLŒËŒÍŒŒÍLLÍ‘Y[K\\˜İX™K’QKM‹LŒŒËÜ›Ù\Ë[™\™ŞWÜÜÚ]]™WØÛÛ[Z][WÛZ[—ÜİLÌËÌŒMNMMŒÍŒÎL‹LLÌËÌŒMNMMŒÍŒÎLKLÌËÌŒMNMMŒÍŒÎLKLÌËÌŒMNMMŒÍŒÎL‹LÌËÌŒMNMMŒÍŒÎMLÌËÌŒMNMMŒÍŒÎL‚‘Y[K\\˜İX™K’QKM‹LŒŒËÜ›Ù\Ë[™\™ŞWÜÜÚ]]™WØÛÛ[Z][WÛX^ÜİÌ‹ŒÌMÍÍLÌ‹LÌ‹ŒÌMÍÍLËÌ‹ŒÌMÍÍLËÌ‹ŒÌMÍÍLÌ‹Ì‹ŒÌMÍÍLËÌ‹ŒÌMÍÍLÌ‚‘Y[K\\˜İX™K’QKM‹LŒŒËÜ›Ù\Ë[™\™ŞWÜÜÚ]]™WØÛÛ[Z]˜[™ÙWØXœË‹ŒLMLMÍNMËL‹ŒLMLMÍNMË‹ŒLMLMÍNMË‹ŒLMLMÍNMË‹ŒLMLMÍNMË‹ŒLMLMÍNMÂ‘Y[K\\˜İX™K’QKM‹LŒŒËÜ›Ù\Ë[™\™ŞWÜÜÚ]]™WØÛÛ[Z]ØÙØXœËËŒÍŒNLŒÍŒÍÎLMKLËŒÍŒNLŒÍŒÍÎLÌËËŒÍŒNLŒÍŒÍÎLMKËŒÍŒNLŒÍŒÍÎLÌËËŒÍŒNLŒÍŒÍÎLMKËŒÍŒNLŒÍŒÍÎMB‘Y[K\\˜İX™K’QKM‹LŒŒËÜ›Ù\Ë[™\™ŞWÜÜÚ]]™WØÛÛ[Z]ØÙÜİÌËÌŒMNMMŒÍŒÎL‹LÌËÌŒMNMMŒÍŒÎLKÌËÌŒMNMMŒÍŒÎL‹ÌËÌŒMNMMŒÍŒÎLKÌËÌŒMNMMŒÍŒÎL‹ÌËÌŒMNMMŒÍŒÎM‘Y[K\\˜İX™KĞQSKM‹LŒŒËÜL›Ù\Ë[™\™ŞWÜÜÚ]]™WØÛÛ[Z]—ÛY]šXËLËŒLKŒKŒKŒKŒKŒ‘Y[K\\˜İX™KĞQSKM‹LŒŒËÜL›Ù\Ë[™\™ŞWÜÜÚ]]™WØÛÛ[Z]YX[‹MŒMLLÎMŒŒÍLŒŒM‹LMŒŒÎŒMMMLËLËÍNLÌŒÎLMÍËMÍÍÌÌÌŒÎËLËMMÍLÍMŒÌËMMÍNMÍMN‘Y[K\\˜İX™KĞQSKM‹LŒŒËÜL›Ù\Ë[™\™ŞWÜÜÚ]]™WØÛÛ[Z]\\—ÜİLÍMLMŒKLKLÍNÌÍÍÌKKLÍMŒÎNLÌLM‹L‹ŒŒNMMKKLÎNMMŒKL‹NLÌŒÎMMÍLB‘Y[K\\˜İX™KĞQSKM‹LŒŒËÜL›Ù\Ë[™\™ŞWÜÜÚ]]™WØÛÛ[Z]Ø[\WÜİÜİËLMNMÍÍLÍMLËMMÎNLNLÍKNMÎNÌMÎMKKŒÎÌŒÍLÌÍMKËLLÍÍLŒÍLÍÎMÍKŒLÍMÍÍÌÎMMŒB‘Y[K\\˜İX™KĞQSKM‹LŒŒËÜL›Ù\Ë[™\™ŞWÜÜÚ]]™WØÛÛ[Z][WÛZ[—ÜİLMKŒNNLŒLŒNÍÍÎLLMŒLMÍMMŒLŒLL‹LM‹LŒMMLÍ‹MËŒÎMÌŒMÌÌÍLÌËLMËMMÍÌÌMÎMKMKÎLÌMÍMÎM‚‘Y[K\\˜İX™KĞQSKM‹LŒŒËÜL›Ù\Ë[™\™ŞWÜÜÚ]]™WØÛÛ[Z][WÛX^ÜİKMLMÌŒŒÌÎLÌ‹LKŒÍŒNŒLÍ‹‹ŒÍLMŒÌLÌLÌL‹ŒŒŒLŒÌKKŒNNLÍÎMÎŒKL‹NNNMÎLLL‚‘Y[K\\˜İX™KĞQSKM‹LŒŒËÜL›Ù\Ë[™\™ŞWÜÜÚ]]™WØÛÛ[Z]˜[™ÙWØXœËËÎLLMÌŒÎŒ‹LËÎÌÌÌÌLM‹‹ŒLLNMŒÎËËÎLLMÌŒÎŒ‹KNLÌÌNMKËÎLLMÌŒÎŒ‚‘Y[K\\˜İX™KĞQSKM‹LŒŒËÜL›Ù\Ë[™\™ŞWÜÜÚ]]™WØÛÛ[Z]ØÙØXœË‹ŒLÍLŒMŒM‹LKNNMLLÍÌŒŒÍËKŒMLLÌLŒÌL‹ŒÎMŒMÌŒŒÍ‹ÍÍÎNÌMŒË‹LÍŒLŒŒLŒLÌÂ‘Y[K\\˜İX™KĞQSKM‹LŒŒËÜL›Ù\Ë[™\™ŞWÜÜÚ]]™WØÛÛ[Z]ØÙÜİMKŒNNLŒLŒNÍÍÎLMŒLMÍMMŒLŒLL‹ËŒÍŒÍMÎNMMM‹LŒMMLÍ‹KÎLÌMÍMÎM‹MËMMÍÌÌMÎMB‘Y[K\\˜İX™KĞQSKM‹LŒŒËÜ›Ù\Ë[™\™ŞWÜÜÚ]]™WØÛÛ[Z]—ÛY]šXËLŒLKŒKŒKŒKŒKŒ‘Y[K\\˜İX™KĞQSKM‹LŒŒËÜ›Ù\Ë[™\™ŞWÜÜÚ]]™WØÛÛ[Z]YX[‹MKŒNMLLŒMÌÍLMKŒLÍNMÌÌÎLËMŒMÌÌMÎLMKÌLÍNMÍMMËMŒMÌÌMÎLMKÌLÍNMÍMMB‘Y[K\\˜İX™KĞQSKM‹LŒŒËÜ›Ù\Ë[™\™ŞWÜÜÚ]]™WØÛÛ[Z]\\—ÜİNLMMMNLÌÍ‹LNKŒÌLLÎLLÍËLKMMMMLÎŒ‹ŒÎŒÍÍKLKMMMMLÎŒ‹ŒÎŒÍÍB‘Y[K\\˜İX™KĞQSKM‹LŒŒËÜ›Ù\Ë[™\™ŞWÜÜÚ]]™WØÛÛ[Z]Ø[\WÜİÜİM‹LŒMÌLŒLŒKLM‹ÎNÌLŒ‹MŒLÍÌŒÍÍÍÌŒLÌ‹MËLÍÌÌMLÍLÍKMŒLÍÌŒÍÍÍÌŒLKMËLÍÌÌMLÍL‘Y[K\\˜İX™KĞQSKM‹LŒŒËÜ›Ù\Ë[™\™ŞWÜÜÚ]]™WØÛÛ[Z][WÛZ[—ÜİL‹ÍÍLÌŒMŒËLL‹ŒŒMÍŒÌÎŒMMKLMŒÌŒÍMLNMŒMLMÍŒLLŒÎLMŒÌŒÍMLNMŒLKLMÍŒLLŒÎ‘Y[K\\˜İX™KĞQSKM‹LŒŒËÜ›Ù\Ë[™\™ŞWÜÜÚ]]™WØÛÛ[Z][WÛX^ÜİŒËMLÌLLÍMÍM‹LŒËŒÌÍMÍMLÍÌ‹NKLÌÍÍÌMNÌË‹ŒLLŒÍÎLŒ‹NKLÌÍÍÌMNÌË‹ŒLLŒÍÎLB‘Y[K\\˜İX™KĞQSKM‹LŒŒËÜ›Ù\Ë[™\™ŞWÜÜÚ]]™WØÛÛ[Z]˜[™ÙWØXœËËNMNMMÌMLLKLËNMNMMÌMLLK‹ŒMÎMMMÍKËNMNMMÌMLLK‹ŒMÎMMMÍKËNMNMMÌMLLB‘Y[K\\˜İX™KĞQSKM‹LŒŒËÜ›Ù\Ë[™\™ŞWÜÜÚ]]™WØÛÛ[Z]ØÙØXœËŒMLMLNM‹LËNLÍÍŒÍNNMŒ‹ËŒLLMÍLNLŒNLËŒLLMÍLNLŒNLÂ‘Y[K\\˜İX™KĞQSKM‹LŒŒËÜ›Ù\Ë[™\™ŞWÜÜÚ]]™WØÛÛ[Z]ØÙÜİ‹ÍÍLÌŒMŒËL‹ŒŒMÍŒÌÎŒMMKMÍŒLLŒÎMŒÌŒÍMLNMŒMMÍŒLLŒÎMŒÌŒÍMLNMŒLB‘Y[K\\˜İX™KØ[Z[™ËM‹LŒŒËÜL›Ù\Ë[™\™ŞWÜÜÚ]]™WØÛÛ[Z]—ÛY]šXËLËŒLKŒKŒKŒKŒKŒ‘Y[K\\˜İX™KØ[Z[™ËM‹LŒŒËÜL›Ù\Ë[™\™ŞWÜÜÚ]]™WØÛÛ[Z]YX[‹ŒŒÌLLÎMLŒMŒÍKLŒŒÌLMÌÌMLÎÌMKNKŒMŒÍMŒNÌKŒKŒLŒMŒLMËNKŒÌŒLÍMKŒKŒÍNLMÌÍMÂ‘Y[K\\˜İX™KØ[Z[™ËM‹LŒŒËÜL›Ù\Ë[™\™ŞWÜÜÚ]]™WØÛÛ[Z]\\—ÜİLËÌLLÎLLËŒÌLŒNÍÍNMÍ‹ËNLÎMŒLÍMLÍKŒËŒLMÌLÍMËËMÎÍÌÌÍÍËŒËLŒŒÍNÂ‘Y[K\\˜İX™KØ[Z[™ËM‹LŒŒËÜL›Ù\Ë[™\™ŞWÜÜÚ]]™WØÛÛ[Z]Ø[\WÜİÜİLKLŒLÌLÍNŒLLKŒNNLLÎÎÍÌÍLÌÍMLLËMÎÌÍŒÌŒÌÌËKMÎLLMNÌML‹MŒÍÍÍLNNLMÌLB‘Y[K\\˜İX™KØ[Z[™ËM‹LŒŒËÜL›Ù\Ë[™\™ŞWÜÜÚ]]™WØÛÛ[Z][WÛZ[—ÜİLMËMÌÎLKLLM‹LÍÍMŒLŒÎMÍMMLŒŒLMŒLMMLKNKNÌNMŒM‹LŒKŒÍNMMNŒKMËŒÌMÌÎÌMÌMM‘Y[K\\˜İX™KØ[Z[™ËM‹LŒŒËÜL›Ù\Ë[™\™ŞWÜÜÚ]]™WØÛÛ[Z][WÛX^ÜİNKŒÍMMÍÍŒNLËLNÌÍLÍŒMNMMLËMŒÎLÌÌÌÍŒLÎMKŒËŒMÍÌŒNÌLÍÌÌ‹ÌÍÌLÍŒÍMÍKÍÎŒÍM‚‘Y[K\\˜İX™KØ[Z[™ËM‹LŒŒËÜL›Ù\Ë[™\™ŞWÜÜÚ]]™WØÛÛ[Z]˜[™ÙWØXœËËNMMMLLNMNNÌËLËÌMNLÌNKKŒNLÍLŒÌÍÍLËËNMMMLLNMNNÌËËŒMÌMŒÍLÍÌŒ‹ËNMMMLLNMNNÌÂ‘Y[K\\˜İX™KØ[Z[™ËM‹LŒŒËÜL›Ù\Ë[™\™ŞWÜÜÚ]]™WØÛÛ[Z]ØÙØXœËËLÌLŒÌÎŒLÌLËLËLMNÌLÌŒÍLËËŒMŒÎMLMÌŒŒÍËMŒMMÍMÍNLÍÍÍ‹KÍÌÌÎLÎLÎLNLLNMÌŒ‚‘Y[K\\˜İX™KØ[Z[™ËM‹LŒŒËÜL›Ù\Ë[™\™ŞWÜÜÚ]]™WØÛÛ[Z]ØÙÜİNKŒÍMMÍÍŒNLËLNKŒLŒNMÌÌÌÎŒ‹MMMMŒŒŒŒÍLËŒËŒMÍÌŒNÌLÍÌÌ‹LMÍÎÌLËÍÎŒÍM‚‘Y[K\\˜İX™KØ[Z[™ËM‹LŒŒËÜ›Ù\Ë[™\™ŞWÜÜÚ]]™WØÛÛ[Z]—ÛY]šXËLŒLKŒKŒKŒKŒKŒ‘Y[K\\˜İX™KØ[Z[™ËM‹LŒŒËÜ›Ù\Ë[™\™ŞWÜÜÚ]]™WØÛÛ[Z]YX[‹ŒKŒÎÍMÎLÌŒMKLŒKŒMŒÌMÍLŒKŒÌÌŒŒÍÌÍÎ‹Œ‹ŒÌMÍÌLNNËŒÌÌŒŒÍÌÍÎËŒ‹ŒÌMÍÌLNNÌÂ‘Y[K\\˜İX™KØ[Z[™ËM‹LŒŒËÜ›Ù\Ë[™\™ŞWÜÜÚ]]™WØÛÛ[Z]\\—ÜİŒKÍLLÍMŒŒÌMËLŒËLÌNMMMÍNLLÍKŒÍŒŒÌÌNNËËŒÌÌÍMÌLMÌLËKŒÍŒŒÌÌNNKËŒÌÌÍMÌLMÌLÂ‘Y[K\\˜İX™KØ[Z[™ËM‹LŒŒËÜ›Ù\Ë[™\™ŞWÜÜÚ]]™WØÛÛ[Z]Ø[\WÜİÜİŒŒÌNLÍ‹LŒMÍÍÍÌÌŒŒÌÍÍM‹ŒŒLÍMLÌËŒKÍÍÍÌŒŒLŒM‹ŒŒLÍMLÌKŒKÍÍÍÌŒŒLŒÂ‘Y[K\\˜İX™KØ[Z[™ËM‹LŒŒËÜ›Ù\Ë[™\™ŞWÜÜÚ]]™WØÛÛ[Z][WÛZ[—ÜİLÍËŒMMMNÌÌÍ‹LLÍ‹ŒNMÎÌLLKLÎLÎLLNÍÌËLKŒŒLMÍŒÎNLNL‹LÎLÎLLNÍÌËLKŒŒLMÍŒÎNLNL‘Y[K\\˜İX™KØ[Z[™ËM‹LŒŒËÜ›Ù\Ë[™\™ŞWÜÜÚ]]™WØÛÛ[Z][WÛX^ÜİMLLŒÍÍÍÌMMËLKŒMLNMÌÌLÌMÍŒËŒÍÌMŒMÍÌKÍLNNMŒËŒÍÌMŒMÍÎNÌKÍLNNM‘Y[K\\˜İX™KØ[Z[™ËM‹LŒŒËÜ›Ù\Ë[™\™ŞWÜÜÚ]]™WØÛÛ[Z]˜[™ÙWØXœËMŒLÎLŒÍÍÌÌNMÌÌ‹LMŒLÎLŒÍÍÌÌNMÌÌ‹LKNÍLLLÎËMŒLÎLŒÍÍÌÌNMÌÌ‹LKNÍLLLÎËMŒLÎLŒÍÍÌÌNMÌÌ‚‘Y[K\\˜İX™KØ[Z[™ËM‹LŒŒËÜ›Ù\Ë[™\™ŞWÜÜÚ]]™WØÛÛ[Z]ØÙØXœËËMMLNLÍ‹LËÎMMMLMÎÍ‹LMMMÌMŒLMËMÌŒŒLNLÌN‹LMMMÌMŒLM‹MÌŒŒLNLÌN‘Y[K\\˜İX™KØ[Z[™ËM‹LŒŒËÜ›Ù\Ë[™\™ŞWÜÜÚ]]™WØÛÛ[Z]ØÙÜİÍËŒMMMNÌÌÍ‹LÍ‹ŒNMÎÌLLKKŒŒLMÍŒÎNLNL‹ÎLÎLLNÍÌËKŒŒLMÍŒÎNLNLÎLÎLLNÍÌÂ‘Y[K\\˜İX™K^T[M‹LŒŒËÜL›Ù\Ë[™\™ŞWÜÜÚ]]™WØÛÛ[Z]—ÛY]šXËLËŒLKŒKŒKŒKŒKŒ‘Y[K\\˜İX™K^T[M‹LŒŒËÜL›Ù\Ë[™\™ŞWÜÜÚ]]™WØÛÛ[Z]YX[‹Œ‹ŒŒŒÍNLÌLLËLŒ‹ŒŒŒÌMMLÍ‹ŒKŒLLÍLÎLLLLÍËŒËŒÍÌLNÍÎNŒÎNL‹ŒMLNMÍNNM‹ŒLLÌÌLMMÍÌÎB‘Y[K\\˜İX™K^T[M‹LŒŒËÜL›Ù\Ë[™\™ŞWÜÜÚ]]™WØÛÛ[Z]\\—ÜİNKLÌÍMÌŒÍËLNKŒMLÌNLLŒL‹L‹ŒÍÌÍÍÍMÎNNLKÌ‹ÌLŒÌÌK‹ŒNLÍŒMÌÎMŒNÌËŒÍLÌÍŒMŒLLÎ‚‘Y[K\\˜İX™K^T[M‹LŒŒËÜL›Ù\Ë[™\™ŞWÜÜÚ]]™WØÛÛ[Z]Ø[\WÜİÜİMÌLÌMLŒÍËLMKŒÌLÌÎMËLÎMÍŒNÌLÌ‹MËŒÍÌŒNÎLÌLM‹MÌŒNLMÍ‹MËŒÌLÍM‘Y[K\\˜İX™K^T[M‹LŒŒËÜL›Ù\Ë[™\™ŞWÜÜÚ]]™WØÛÛ[Z][WÛZ[—ÜİL‹LÍMMLLMŒLËLLMNLÌŒLŒKLNNLNMÍÎMLŒMÌÍÌLŒÍNLÌMËLÌMNLÌÍÌÍŒNËLLKLLŒLN‚‘Y[K\\˜İX™K^T[M‹LŒŒËÜL›Ù\Ë[™\™ŞWÜÜÚ]]™WØÛÛ[Z][WÛX^ÜİM‹MMÍNLËLM‹ŒÌNÎMÎMLŒÌLNNNNNMŒKMŒLMÌÍLÎMKËLLÌMNÌÍÌŒÎNMKŒËMMMMNMNŒ‚‘Y[K\\˜İX™K^T[M‹LŒŒËÜL›Ù\Ë[™\™ŞWÜÜÚ]]™WØÛÛ[Z]˜[™ÙWØXœËKMÌÍŒÌÎLÍÌL‹LNMMÌMLÌLKËÍLÍMÌKKMÌÍŒÌÎLÍÌL‹ŒÌŒLÍÌMÌ‹KMÌÍŒÌÎLÍÌL‚‘Y[K\\˜İX™K^T[M‹LŒŒËÜL›Ù\Ë[™\™ŞWÜÜÚ]]™WØÛÛ[Z]ØÙØXœËKMŒÍŒÌLÌLNËLKLMÍMMÌMŒKNMÍNMMŒÌÌ‹‹NÌÌÎM‹‹ÎŒNMLMËŒNŒLÍNNMŒÂ‘Y[K\\˜İX™K^T[M‹LŒŒËÜL›Ù\Ë[™\™ŞWÜÜÚ]]™WØÛÛ[Z]ØÙÜİ‹LÍMMLLMŒLËLMNLÌŒLŒKŒMÌÍÌLŒÍNLÌMNNLNMÍÎMLKLLŒLN‹ÌMNLÌÍÌÍŒNÂ‘Y[K\\˜İX™K^T[M‹LŒŒËÜ›Ù\Ë[™\™ŞWÜÜÚ]]™WØÛÛ[Z]—ÛY]šXËLKŒLKŒKŒKŒKŒKŒ‘Y[K\\˜İX™K^T[M‹LŒŒËÜ›Ù\Ë[™\™ŞWÜÜÚ]]™WØÛÛ[Z]YX[‹Œ‹ÍMMÌLLŒLËLŒ‹LMÍÍLNNÎL‹Œ‹ŒŒÎÍÍÌKŒËNÍNMÍÌÍKŒKLÎMŒLÎŒËÌMÌNŒMLÂ‘Y[K\\˜İX™K^T[M‹LŒŒËÜ›Ù\Ë[™\™ŞWÜÜÚ]]™WØÛÛ[Z]\\—ÜİMMMŒÎNLLLLMLMŒLNNLLÎMŒŒÎMŒNŒMÍÌŒLÍÎÌMÍMËLÌLÌMLŒMLM‹NŒÎNÎMÌÌ‚‘Y[K\\˜İX™K^T[M‹LŒŒËÜ›Ù\Ë[™\™ŞWÜÜÚ]]™WØÛÛ[Z]Ø[\WÜİÜİL‹ÌNÌNMŒL‹LLËŒÍÌNÌŒML‹KŒÍÌLMÌÍMMM‹MŒMÎMÍÍMŒÎLMKÍNMMÍNLÍÍŒNNMŒNMÍLŒÍLNÎMÂ‘Y[K\\˜İX™K^T[M‹LŒŒËÜ›Ù\Ë[™\™ŞWÜÜÚ]]™WØÛÛ[Z][WÛZ[—ÜİLKŒÍÌMÌMÎMŒLLMLLÎMNMLŒNL‹LMMŒÎLLÎKLLËŒÎLMNMÍM‹LËŒNMŒMŒKLLKLLŒLMNLL‘Y[K\\˜İX™K^T[M‹LŒŒËÜ›Ù\Ë[™\™ŞWÜÜÚ]]™WØÛÛ[Z][WÛX^ÜİMËŒÍLLÌLLMËLM‹MÍÍŒÌÍÍŒMLËŒNNLÍNLÍMÍŒŒÌLÌÌLÎMÍL‹ŒMLŒŒÍLÌMKŒNÍNLŒÎNÍB‘Y[K\\˜İX™K^T[M‹LŒŒËÜ›Ù\Ë[™\™ŞWÜÜÚ]]™WØÛÛ[Z]˜[™ÙWØXœËKÌŒMŒNLLMNNLKÌŒMŒNLLMNN‹ŒMÌÌMÍŒNMMŒKKÌŒMŒNLLMNNKÌŒNMŒMLNMKKÌŒMŒNLLMNN‘Y[K\\˜İX™K^T[M‹LŒŒËÜ›Ù\Ë[™\™ŞWÜÜÚ]]™WØÛÛ[Z]ØÙØXœËKÍÌLŒÌÍÍŒLÍMMLËLKNMÍMŒŒÎMÍ‹ËŒNMÍÍNMÍMŒLMK‹ŒNMMŒMŒŒNMË‹NLNMŒŒNLÍÎLM‹‹ŒMLÌÎÍNM‚‘Y[K\\˜İX™K^T[M‹LŒŒËÜ›Ù\Ë[™\™ŞWÜÜÚ]]™WØÛÛ[Z]ØÙÜİKŒÍÌMÌMÎMŒLLMLÎMNMLŒNLËLÎNMÌÍLMN‹LMMŒÎLLÎKL‹ŒMLŒŒÍLÌMKËŒNMŒMŒB‘Y[K\\˜İX™K’TĞKM‹LŒŒËÜL›Ù\Ë[™\™ŞWÜÜÚ]]™WØÛÛ[Z]—ÛY]šXËL‹ŒLKŒKŒKŒKŒKŒ‘Y[K\\˜İX™K’TĞKM‹LŒŒËÜL›Ù\Ë[™\™ŞWÜÜÚ]]™WØÛÛ[Z]YX[‹Œ‹MŒÍMLÌŒÍLKLŒ‹NÍÎÎMŒÎŒ‹ŒÎLMMMÍËŒËŒÎÌÎLËŒ‹ŒMÌŒÍËŒËÍNMMÎNŒÍ‘Y[K\\˜İX™K’TĞKM‹LŒŒËÜL›Ù\Ë[™\™ŞWÜÜÚ]]™WØÛÛ[Z]\\—ÜİL‹ŒNNLLNMLLNLLKŒŒÌÎNMNLŒLÌLMŒLMŒŒLNNMMÎMM‹MKŒÎLÎLÍŒŒÌLÌÍKMKŒMMÍÌÌÍMLÍÍMÂ‘Y[K\\˜İX™K’TĞKM‹LŒŒËÜL›Ù\Ë[™\™ŞWÜÜÚ]]™WØÛÛ[Z]Ø[\WÜİÜİKŒMÍLŒŒÍMMNNËLKŒŒLÌÍMÍLLË‹LLMÍMÎLËLŒÌNMÎNNNMŒÎÌ‹‹ŒMNNLÍÌÎNLKLNÎMÍŒLÂ‘Y[K\\˜İX™K’TĞKM‹LŒŒËÜL›Ù\Ë[™\™ŞWÜÜÚ]]™WØÛÛ[Z][WÛZ[—ÜİLLKLLLLNMÌNKLLLKŒÍŒLÌÌÍNÌËLLËMŒŒMLMMNÍLÎLLÍKLLËLMLÌMMËÍŒLÍŒMMB‘Y[K\\˜İX™K’TĞKM‹LŒŒËÜL›Ù\Ë[™\™ŞWÜÜÚ]]™WØÛÛ[Z][WÛX^ÜİMÌÎLMNLLŒMÍMLMÌŒLNLÎKKÎMÌÍMLŒÍÍÍŒËMËÍLÍNMÌÍŒÌÍŒMŒMÌNŒŒÍÎLŒÌŒÌÌÍÌ‘Y[K\\˜İX™K’TĞKM‹LŒŒËÜL›Ù\Ë[™\™ŞWÜÜÚ]]™WØÛÛ[Z]˜[™ÙWØXœË‹ŒŒÌÌŒÍŒÌŒNNËL‹ŒŒÌÌŒÍŒÌŒNNËŒMŒLLŒMË‹ŒŒÌÌŒÍŒÌŒNNËËMLLÌÍM‹‹ŒŒÌÌŒÍŒÌŒNNÂ‘Y[K\\˜İX™K’TĞKM‹LŒŒËÜL›Ù\Ë[™\™ŞWÜÜÚ]]™WØÛÛ[Z]ØÙØXœËËŒÎŒMLLÎMMKLËŒÌNLŒÍŒNÌ‹ŒNÍŒÎNNMMÍËLMÍÍË‹ŒLLŒŒÍLMŒM‹ŒŒÍÍLLLŒMÍÎ‘Y[K\\˜İX™K’TĞKM‹LŒŒËÜL›Ù\Ë[™\™ŞWÜÜÚ]]™WØÛÛ[Z]ØÙÜİMÌÎLMNLLŒMÍMLMÌŒLNLÎKKÎMÌÍMLŒÍÍÍŒËMËÍLÍNMÌKMMŒLÍÍNNŒŒÍÎLŒÌŒÌÌÍÌ‘Y[K\\˜İX™K’TĞKM‹LŒŒËÜ›Ù\Ë[™\™ŞWÜÜÚ]]™WØÛÛ[Z]—ÛY]šXËKŒLKŒKŒKŒKŒKŒ‘Y[K\\˜İX™K’TĞKM‹LŒŒËÜ›Ù\Ë[™\™ŞWÜÜÚ]]™WØÛÛ[Z]YX[‹Œ‹ŒMLMÍÍÌLÌ‹LŒ‹ŒMLMÍÍÌLÍ‹Œ‹ŒMLMÍÍÌLÌ‹Œ‹ŒMLMÍÍÌLÍ‹Œ‹ŒMLMÍÍÌLÌ‹Œ‹ŒMLMÍÍÌL‘Y[K\\˜İX™K’TĞKM‹LŒŒËÜ›Ù\Ë[™\™ŞWÜÜÚ]]™WØÛÛ[Z]\\—ÜİLMÌÌÎNÌÍNLLLMÌÌÎNÌÍNL‹LMÌÌÎNÌÍNL‹LMÌÌÎNÌÍNLLMÌÌÎNÌÍNLLMÌÌÎNÌÍNL‘Y[K\\˜İX™K’TĞKM‹LŒŒËÜ›Ù\Ë[™\™ŞWÜÜÚ]]™WØÛÛ[Z]Ø[\WÜİÜİÌÌÍLŒNÍÌÍŒÌŒKLÌÌÍLŒNÍÌÍŒÌ‹ÌÌÍLŒNÍÌÍŒÌ‹ÌÌÍLŒNÍÌÍŒÌŒKÌÌÍLŒNÍÌÍŒÌNÌÌÍLŒNÍÌÍŒÌŒÂ‘Y[K\\˜İX™K’TĞKM‹LŒŒËÜ›Ù\Ë[™\™ŞWÜÜÚ]]™WØÛÛ[Z][WÛZ[—ÜİLMMMÌLMÌLÎLLMMMÌLMÌLÎLËLMMMÌLMÌLÎLËLMMMÌLMÌLÎLMMMÌLMÌMKLMMMÌLMÌLÎ‘Y[K\\˜İX™K’TĞKM‹LŒŒËÜ›Ù\Ë[™\™ŞWÜÜÚ]]™WØÛÛ[Z][WÛX^ÜİL‹ŒLMNMŒLLKLL‹ŒLMNMŒLËL‹ŒLMNMŒLËL‹ŒLMNMŒLLKL‹ŒLMNMŒÍ‹L‹ŒLMNMŒLLB‘Y[K\\˜İX™K’TĞKM‹LŒŒËÜ›Ù\Ë[™\™ŞWÜÜÚ]]™WØÛÛ[Z]˜[™ÙWØXœË‹ŒŒMÎLLÍKL‹ŒŒMÎLLÍK‹ŒŒMÎLLÍK‹ŒŒMÎLLÍK‹ŒŒMÎLLÍK‹ŒŒMÎLLÍB‘Y[K\\˜İX™K’TĞKM‹LŒŒËÜ›Ù\Ë[™\™ŞWÜÜÚ]]™WØÛÛ[Z]ØÙØXœËËŒŒŒÎNÎLÎÌÍ‹LËŒŒŒÎNÎLÎÍËËŒŒŒÎNÎLÎÌÍ‹ËŒŒŒÎNÎLÎÍËËŒŒŒÎNÎLÎÌÍ‹ËŒŒŒÎNÎLÎÂ‘Y[K\\˜İX™K’TĞKM‹LŒŒËÜ›Ù\Ë[™\™ŞWÜÜÚ]]™WØÛÛ[Z]ØÙÜİMMMÌLMÌLÎLMMMÌLMÌLÎLËMMMÌLMÌLÎMMMÌLMÌLÎLËMMMÌLMÌLÎMMMÌLMÌMB‘Y[KØØ[KYœ™YKÔËM‹LŒŒËÜL›Ù\Ë[™\™ŞWÜÜÚ]]™WØÛÛ[Z]—ÛY]šXËLËŒLKŒKŒKŒKŒKŒ‘Y[KØØ[KYœ™YKÔËM‹LŒŒËÜL›Ù\Ë[™\™ŞWÜÜÚ]]™WØÛÛ[Z]YX[‹LŒLLLŒŒMÍŒÌNLLŒLŒÌNMMŒËKLNLŒÍMÌÌÍKLÍLLMŒLKŒNLLŒLÍLLLÎL‹LMMÍLLŒŒÍ‚‘Y[KØØ[KYœ™YKÔËM‹LŒŒËÜL›Ù\Ë[™\™ŞWÜÜÚ]]™WØÛÛ[Z]\\—ÜİLËŒLŒÍÍÍLMLKLMKÌNLŒM‹LŒÍLMÌNLMMÎÌËŒMLMŒNLÍÎNÌÌÍLNÍÌŒ‹LÌNLŒÍNNB‘Y[KØØ[KYœ™YKÔËM‹LŒŒËÜL›Ù\Ë[™\™ŞWÜÜÚ]]™WØÛÛ[Z]Ø[\WÜİÜİNÍÌMŒÌNÌ‹LNMLMÍLML‹LMÍMMÌMŒÍMMÍËŒ‹ÌMNÎÌÍÍNKŒŒLÍLMMÍÍÍKŒËŒŒMŒŒNLMÎ‘Y[KØØ[KYœ™YKÔËM‹LŒŒËÜL›Ù\Ë[™\™ŞWÜÜÚ]]™WØÛÛ[Z][WÛZ[—ÜİLÌKŒNÌLŒMÍÍÍKLLKŒNLÌLNËLÌËLÍNLLLLÎMKLMKÌÍŒLMÌ‹LÍŒÎMÍMLŒÎLL‹NKŒÍLÌNNMMŒÌB‘Y[KØØ[KYœ™YKÔËM‹LŒŒËÜL›Ù\Ë[™\™ŞWÜÜÚ]]™WØÛÛ[Z][WÛX^ÜİËLÌÌŒŒŒÍÎLÎKŒÌLŒMÍKM‹NMÌLÌMÍÌLÍÎŒLMÌÍŒÎMÌLÍKLKŒÍLŒÍLÍNÎNLŒÌŒÌÎMÎMÌL‘Y[KØØ[KYœ™YKÔËM‹LŒŒËÜL›Ù\Ë[™\™ŞWÜÜÚ]]™WØÛÛ[Z]˜[™ÙWØXœËËNŒÍŒLÌÌŒÍÌËL‹MNMŒNLŒLËŒÍŒÌLÍÎMÎÌLÌM‹ËNŒÍŒLÌÌŒÍÌË‹LŒMMLÍŒÍÍMŒËËNŒÍŒLÌÌŒÍÌÂ‘Y[KØØ[KYœ™YKÔËM‹LŒŒËÜL›Ù\Ë[™\™ŞWÜÜÚ]]™WØÛÛ[Z]ØÙØXœËMMÎŒÌNNMËLŒLÌŒŒÌŒLKLÎLÎMLÌÌMÌŒMÍMÌNL‹KLMÌLÌMLMKÍŒÍÍÌM‚‘Y[KØØ[KYœ™YKÔËM‹LŒŒËÜL›Ù\Ë[™\™ŞWÜÜÚ]]™WØÛÛ[Z]ØÙÜİËLÌÌŒŒŒÍÎLÎKŒÌLŒMÍKNKÍÌÌŒLLLMN‹ŒLMÌÍŒÎMÌLÍKMMNLÎÍLLÌLKLŒÌŒÌÎMÎMÌL‘Y[KØØ[KYœ™YKÔËM‹LŒŒËÜ›Ù\Ë[™\™ŞWÜÜÚ]]™WØÛÛ[Z]—ÛY]šXËNŒLKŒŒKŒŒKŒ‘Y[KØØ[KYœ™YKÔËM‹LŒŒËÜ›Ù\Ë[™\™ŞWÜÜÚ]]™WØÛÛ[Z]YX[‹LÍÌLMŒNMMÌÍKLLÍÍMŒÌÌLŒÌNÍÍNMËLKÎLLNMM‹KNLÌÌÍM‹LKNNLMMMŒLÍ‘Y[KØØ[KYœ™YKÔËM‹LŒŒËÜ›Ù\Ë[™\™ŞWÜÜÚ]]™WØÛÛ[Z]\\—ÜİŒKŒLŒŒÌÎŒLÌLÍËLNKŒLMMÍMNLÎËKŒÌNÎŒNŒKKŒMÎÍŒÍÌŒŒ‹ËŒMŒMLÎLÌËËŒLÌÌLŒŒLŒÍB‘Y[KØØ[KYœ™YKÔËM‹LŒŒËÜ›Ù\Ë[™\™ŞWÜÜÚ]]™WØÛÛ[Z]Ø[\WÜİÜİLËŒÎMMLŒ‹LLËŒNLLMÌLÎŒLÌ‹ÎNLÍLÍNNËMËŒÌŒŒMÌK‹ÍLLNÎLÎLËNŒLNNLŒÍMB‘Y[KØØ[KYœ™YKÔËM‹LŒŒËÜ›Ù\Ë[™\™ŞWÜÜÚ]]™WØÛÛ[Z][WÛZ[—ÜİLKLÌLÍÍ‹LLNKŒÎMÌMÌLKLÌKŒŒÍLLLÌMŒ‹LL‹ŒÌÎLLÌËLÍŒNÌÍŒLMNKLËŒÎLLÌÍB‘Y[KØØ[KYœ™YKÔËM‹LŒŒËÜ›Ù\Ë[™\™ŞWÜÜÚ]]™WØÛÛ[Z][WÛX^ÜİNKÌLÍÍMŒÌŒLM‹MÌÍNLLÍ‹KLNMNLLŒLLËÌÍÍLŒÌMKMÍÌÎMŒÌÍ‹ÌŒŒŒMŒÌMMLL‘Y[KØØ[KYœ™YKÔËM‹LŒŒËÜ›Ù\Ë[™\™ŞWÜÜÚ]]™WØÛÛ[Z]˜[™ÙWØXœËKŒÌNLŒLMŒÎMÌNLËMŒMMÍÌŒÍÍÌK‹ŒŒLŒLLLÍÎKŒÌNLŒLMŒÎMÌNKŒÌMÍLLŒŒLËKŒÌNLŒLMŒÎMÌN‘Y[KØØ[KYœ™YKÔËM‹LŒŒËÜ›Ù\Ë[™\™ŞWÜÜÚ]]™WØÛÛ[Z]ØÙØXœËËŒMÍŒÍÌŒLÍËL‹ŒŒÍÌLÌŒNLL‹KLŒÌŒÍÎÍÌËLÌNMÍŒŒKŒMLMLMÌMËËLŒÎNLMÍÂ‘Y[KØØ[KYœ™YKÔËM‹LŒŒËÜ›Ù\Ë[™\™ŞWÜÜÚ]]™WØÛÛ[Z]ØÙÜİKLÌLÍÍ‹LŒLÎNLÌLÌÍÍ‹LËŒŒLÌMLNNÌKŒŒÍLLLÌMŒËKMLMMŒLŒÍŒNÌÍŒLMNB‘Y[KØØ[KYœ™YK’QKM‹LŒŒËÜL›Ù\Ë[™\™ŞWÜÜÚ]]™WØÛÛ[Z]—ÛY]šXËL‹ŒLKŒKŒKŒKŒKŒ‘Y[KØØ[KYœ™YK’QKM‹LŒŒËÜL›Ù\Ë[™\™ŞWÜÜÚ]]™WØÛÛ[Z]YX[‹KLMÍMÍMMÍÍKLKŒŒŒÍÍŒŒNL‹MMNMÍLÍŒLKKMÍLLŒLMLLKÍŒÍÍÍL‹LŒLMÍÌLMB‘Y[KØØ[KYœ™YK’QKM‹LŒŒËÜL›Ù\Ë[™\™ŞWÜÜÚ]]™WØÛÛ[Z]\\—ÜİŒÎLÍŒŒMLLNLKLNKLŒNNMMMLËŒLŒMLŒN‹ÍÎNLÍMÎLKL‹ŒÌLŒÌÌÌKŒŒÍNMÎLÌÍÌ‘Y[KØØ[KYœ™YK’QKM‹LŒŒËÜL›Ù\Ë[™\™ŞWÜÜÚ]]™WØÛÛ[Z]Ø[\WÜİÜİMËŒÌNLÍÌÍMNLŒŒLMËŒMÍÎLNÌNÎËLËŒMLLÌÌMÍNLNMKNKLÍŒMNMLMÍLÍLKŒÌMMLÍŒÎNMŒŒŒMMNNNLLÂ‘Y[KØØ[KYœ™YK’QKM‹LŒŒËÜL›Ù\Ë[™\™ŞWÜÜÚ]]™WØÛÛ[Z][WÛZ[—ÜİLËŒÍLÌÎLMŒNLLKLLÌMLÌÍŒÌÎLÍ‹LÌŒÌÌÎLLŒÍNL‹LMKMŒNÌMMÌLÌÌÍLMÍŒNLL‹ÍLMLÌLM‚‘Y[KØØ[KYœ™YK’QKM‹LŒŒËÜL›Ù\Ë[™\™ŞWÜÜÚ]]™WØÛÛ[Z][WÛX^ÜİÌŒMÎLŒÍLLŒŒŒŒÌÍLLÌLKNKLÌLÎNÍLÍŒMLÎMNÎMMKMËŒNLLMLÎN‹ÍËMÍÌLÌŒŒM‚‘Y[KØØ[KYœ™YK’QKM‹LŒŒËÜL›Ù\Ë[™\™ŞWÜÜÚ]]™WØÛÛ[Z]˜[™ÙWØXœËKÍŒMMÎMMNNMËLKÍŒMMÎMMNNMËËLLMNLËKÍŒMMÎMMNNMËËŒMÍNMÌÌMÎKKÍŒMMÎMMNNMÂ‘Y[KØØ[KYœ™YK’QKM‹LŒŒËÜL›Ù\Ë[™\™ŞWÜÜÚ]]™WØÛÛ[Z]ØÙØXœË‹ÌÎNMMŒMMËL‹ÎLÌÍNMM‹ŒMÎÍNMŒLËËŒNNŒÌÌŒÍŒÍËKÍŒNMNMŒMKËŒÍLŒNMÌÌÌLL‚‘Y[KØØ[KYœ™YK’QKM‹LŒŒËÜL›Ù\Ë[™\™ŞWÜÜÚ]]™WØÛÛ[Z]ØÙÜİÌŒMÎLŒÍLLKŒÌÍŒMKŒ‹ŒÌMŒŒNLÌNMÌËÍLÍŒMLÎMNÎMMKNKMÍLLÍÌÎMÌMÍËÍËMÍÌLÌŒŒM‚‘Y[KØØ[KYœ™YK’QKM‹LŒŒËÜ›Ù\Ë[™\™ŞWÜÜÚ]]™WØÛÛ[Z]—ÛY]šXËNŒLKŒKŒKŒKŒKŒ‘Y[KØØ[KYœ™YK’QKM‹LŒŒËÜ›Ù\Ë[™\™ŞWÜÜÚ]]™WØÛÛ[Z]YX[‹KŒLŒŒMÍLÎNN‹LKŒLMMÎNŒÌÌŒŒŒÍŒNMKŒÌÌMNNN‹NMŒÍLÍÍNMMËKŒLLLŒM‚‘Y[KØØ[KYœ™YK’QKM‹LŒŒËÜ›Ù\Ë[™\™ŞWÜÜÚ]]™WØÛÛ[Z]\\—ÜİL‹ÍÌLLNLÌÍLÍLLKŒLMNLNLÍM‹‹ŒÎŒNMNMËNÎÌMLŒÎÎ‹ËÍLNMŒMLLÍŒÌLÎ‚‘Y[KØØ[KYœ™YK’QKM‹LŒŒËÜ›Ù\Ë[™\™ŞWÜÜÚ]]™WØÛÛ[Z]Ø[\WÜİÜİKLLÍÌÍLLÌÌ‹LKÍNÍÎLLMK‹MMÍLLLŒÍKL‹ŒNNŒÌMÌÌËÌŒÍÍŒÎMÍNÎMËLËŒÍMÌNB‘Y[KØØ[KYœ™YK’QKM‹LŒŒËÜ›Ù\Ë[™\™ŞWÜÜÚ]]™WØÛÛ[Z][WÛZ[—ÜİLM‹ŒÎMÌËLLMŒMÎMÍÍÍÌŒLÌLÍLNŒLNMÌŒÌËMËNMMÍLNŒNLŒNKLŒÌÍLŒÍÍMMKÍÌNLLB‘Y[KØØ[KYœ™YK’QKM‹LŒŒËÜ›Ù\Ë[™\™ŞWÜÜÚ]]™WØÛÛ[Z][WÛX^ÜİMËŒŒÌLŒÌÍÍNLŒLMKŒÌLNLMLÌMKÌÍŒÎÍŒÎNNLLKŒŒÍLNNÍŒÌÌ‹‹ŒLNNNÌKŒËMMÌLÌLMLŒÍM‚‘Y[KØØ[KYœ™YK’QKM‹LŒŒËÜ›Ù\Ë[™\™ŞWÜÜÚ]]™WØÛÛ[Z]˜[™ÙWØXœËËŒLLÌNMMÎNMËL‹MŒÌNLLLËKMMLMËŒLLÌNMMÎNMËKŒMMÍMÍÍMÎNNLËËŒLLÌNMMÎNMÂ‘Y[KØØ[KYœ™YK’QKM‹LŒŒËÜ›Ù\Ë[™\™ŞWÜÜÚ]]™WØÛÛ[Z]ØÙØXœËKNLÍLŒÌNMMŒMLLKLNNLNŒLÎNLÍNLNNÌËKLÍNNMNLËMÎMÎÌŒÌÎK‹ŒÍÎNMB‘Y[KØØ[KYœ™YK’QKM‹LŒŒËÜ›Ù\Ë[™\™ŞWÜÜÚ]]™WØÛÛ[Z]ØÙÜİMËŒŒÌLŒÌÍÍNLŒLM‹ŒÍÎNNÌŒNMLÎLMMÌMŒÍ‹ŒŒÍÌÎNNMŒÎMËŒMÌÌÎLÍÍÍÍKŒËMMÌLÌLMLŒÍM‚‘Y[KØØ[KYœ™YKĞQSKM‹LŒŒËÜL›Ù\Ë[™\™ŞWÜÜÚ]]™WØÛÛ[Z]—ÛY]šXËMŒLKŒKŒKŒKŒKŒ‘Y[KØØ[KYœ™YKĞQSKM‹LŒŒËÜL›Ù\Ë[™\™ŞWÜÜÚ]]™WØÛÛ[Z]YX[‹MKŒNMÌÍLMÌŒLMKŒÍÎLMÍMMÎLËMŒMÎŒNNLLÌŒNNKM‹ŒÌŒÍLŒLŒL‹LËMÎMÍŒÍKM‹ÌÎÌÌÍB‘Y[KØØ[KYœ™YKĞQSKM‹LŒŒËÜL›Ù\Ë[™\™ŞWÜÜÚ]]™WØÛÛ[Z]\\—ÜİNŒLÎMMLÌLKLM‹LÌÌÍLLMÍ‹‹ÍLÌÍLÌMŒ‹MÎMMMMÌNK‹ÍLLŒÌÌMŒLKŒËŒNMLMÌLŒB‘Y[KØØ[KYœ™YKĞQSKM‹LŒŒËÜL›Ù\Ë[™\™ŞWÜÜÚ]]™WØÛÛ[Z]Ø[\WÜİÜİM‹ŒNŒŒÌÍLŒËLM‹ŒŒÌMLNLŒËKÍŒMLLŒLÌKŒŒLÍŒŒÎLLÍË‹MNLÌLMŒLŒŒ‹ŒÌMMÍMÌŒLM‘Y[KØØ[KYœ™YKĞQSKM‹LŒŒËÜL›Ù\Ë[™\™ŞWÜÜÚ]]™WØÛÛ[Z][WÛZ[—ÜİLÌ‹LÌŒÌÍÌÍÌÌ‹LLÌMLÍÎMNÌÍËLÍKŒLLMLÌKLLËŒÌŒŒNNŒÍËLÍ‹LÍÍÍÌNNKŒŒMÍMÎMMNMÍN‚‘Y[KØØ[KYœ™YKĞQSKM‹LŒŒËÜL›Ù\Ë[™\™ŞWÜÜÚ]]™WØÛÛ[Z][WÛX^ÜİÌ‹ŒMÌLLÎKLËÎMÍŒLÌŒLÎLŒ‹LËŒÍNMMNMŒÍ‹ÌŒMMÌŒMKŒŒNLMÌMŒÌÎKŒLÍMÌÂ‘Y[KØØ[KYœ™YKĞQSKM‹LŒŒËÜL›Ù\Ë[™\™ŞWÜÜÚ]]™WØÛÛ[Z]˜[™ÙWØXœËKÎNMÌLÎÍÌMÌÎKLŒÍÍŒMÍLNLKŒŒŒŒLLMMÌËKÎNMÌLÎÍÌMÌÎKËŒMNMÎLMÌÍÎM‹KÎNMÌLÎÍÌMÌÎB‘Y[KØØ[KYœ™YKĞQSKM‹LŒŒËÜL›Ù\Ë[™\™ŞWÜÜÚ]]™WØÛÛ[Z]ØÙØXœËMLMÍNNMKLŒÍMÍLÌLM‹ŒÍLÍMŒÌKÌLÍÍNMLÍMËKŒMÍNNMMMŒÍKMLMÍMÍŒÌÂ‘Y[KØØ[KYœ™YKĞQSKM‹LŒŒËÜL›Ù\Ë[™\™ŞWÜÜÚ]]™WØÛÛ[Z]ØÙÜİÌ‹LÌŒÌÍÌÍÌÌ‹LÌKŒMMÌMNMÍMMÍÍËMKŒŒÌMÍÍŒÌŒLËÍ‹ÌŒMMÌŒMLÌMNLÌÍŒÎÎKŒLÍMÌÂ‘Y[KØØ[KYœ™YKĞQSKM‹LŒŒËÜ›Ù\Ë[™\™ŞWÜÜÚ]]™WØÛÛ[Z]—ÛY]šXËM‹ŒLKŒKŒKŒKŒKŒ‘Y[KØØ[KYœ™YKĞQSKM‹LŒŒËÜ›Ù\Ë[™\™ŞWÜÜÚ]]™WØÛÛ[Z]YX[‹MŒÌÍNNN‹LMŒÌLÍŒŒLKLËŒÍLÎNLÎŒKMKŒMMLÍÌÌËL‹ÌLÍMMÌKMKÎMŒNLŒLMB‘Y[KØØ[KYœ™YKĞQSKM‹LŒŒËÜ›Ù\Ë[™\™ŞWÜÜÚ]]™WØÛÛ[Z]\\—ÜİNŒŒNÌLÌÍËLMËŒLÎLMLÎËKŒÌÌŒMÍLŒNNL‹ŒËLÌÎÍŒÌŒNMŒŒÎNÎNNMMLŒMKËLLNÍÍLÍ‚‘Y[KØØ[KYœ™YKĞQSKM‹LŒŒËÜ›Ù\Ë[™\™ŞWÜÜÚ]]™WØÛÛ[Z]Ø[\WÜİÜİMKLMŒLÍLMÎËLM‹ŒMNMMÎL‹KÌLŒŒŒMLŒŒÍÌNÌÎÍLŒÌÍKËÍÌMLMŒŒKŒMÌÌŒŒÎNL‘Y[KØØ[KYœ™YKĞQSKM‹LŒŒËÜ›Ù\Ë[™\™ŞWÜÜÚ]]™WØÛÛ[Z][WÛZ[—ÜİLÌKLNNLÍLËLLŒMLMMMKLÍŒŒÎNMÎÌÍKLL‹ŒMMÎMLËLÍ‹ŒÌNLŒÍÎLMLKNLMMMLÎLÍÍMÍ‚‘Y[KØØ[KYœ™YKĞQSKM‹LŒŒËÜ›Ù\Ë[™\™ŞWÜÜÚ]]™WØÛÛ[Z][WÛX^ÜİKLÌÌNŒŒMŒMKLŒËLLMÌMÌNMËLKMNLŒŒÌÍÍÍMÍÌÌÌŒÍLŒMŒËMÌMÌMNMLÎKLMMÍL‚‘Y[KØØ[KYœ™YKĞQSKM‹LŒŒËÜ›Ù\Ë[™\™ŞWÜÜÚ]]™WØÛÛ[Z]˜[™ÙWØXœËNLÌNLKL‹MLMNÎM‹ËÍÌMÍLLMŒM‹NLÌNLK‹ŒŒÎMLÍÍŒLÍ‹NLÌNLB‘Y[KØØ[KYœ™YKĞQSKM‹LŒŒËÜ›Ù\Ë[™\™ŞWÜÜÚ]]™WØÛÛ[Z]ØÙØXœËMÌNÎLLËLŒMŒŒŒÎK‹ŒLNNMÍÌÍMLŒ‹KŒLLMÎMMMLMÍ‹KLÌŒLŒM‹KMŒMÌÍM‘Y[KØØ[KYœ™YKĞQSKM‹LŒŒËÜ›Ù\Ë[™\™ŞWÜÜÚ]]™WØÛÛ[Z]ØÙÜİÌKLNNLÍLËLKŒLLÌLLŒŒÍÌÍÍÍËLËÍNMLLMÎMÌÌ‹ÍKŒÌMLÎLŒNKMLÎLÍÌNMŒKÎKLMMÍL‚‘Y[KØØ[KYœ™YKØ[Z[™ËM‹LŒŒËÜL›Ù\Ë[™\™ŞWÜÜÚ]]™WØÛÛ[Z]—ÛY]šXËLËŒLKŒKŒKŒKŒKŒ‘Y[KØØ[KYœ™YKØ[Z[™ËM‹LŒŒËÜL›Ù\Ë[™\™ŞWÜÜÚ]]™WØÛÛ[Z]YX[‹ŒŒÍLMNNMËLŒŒÍÌŒLÍÌMMLKNKLŒMŒ‹ŒKŒLÍŒNLÌÌLÌLÍÌËNKŒLŒMMÍÌŒM‹ŒKNNMÍ‚‘Y[KØØ[KYœ™YKØ[Z[™ËM‹LŒŒËÜL›Ù\Ë[™\™ŞWÜÜÚ]]™WØÛÛ[Z]\\—ÜİLËNÎLMNLMŒ‹LLËÍŒMLMMM‹LNMÍÌŒNLKŒ‹ÍLÎMLM‹ÎLŒMŒŒMÍKŒËŒLÌMLÍLÂ‘Y[KØØ[KYœ™YKØ[Z[™ËM‹LŒŒËÜL›Ù\Ë[™\™ŞWÜÜÚ]]™WØÛÛ[Z]Ø[\WÜİÜİLKÍMMÌLÌNMÌ‹LLKLÌLÌÍÌMNL‹ŒÌNÎLÍÍÌÌKLËLÌŒÌŒÍÍMKKLŒMÎLŒÍNŒŒKMÌLMMÌNMMÎ‘Y[KØØ[KYœ™YKØ[Z[™ËM‹LŒŒËÜL›Ù\Ë[™\™ŞWÜÜÚ]]™WØÛÛ[Z][WÛZ[—ÜİLLËLÌŒÌŒÌŒËLLLËÌMÍÌÍMNMÍËLM‹LLMMNLÍMŒ‹NKŒLMLÌŒŒÎLŒKLMËŒMLÎNMÍMŒÌËMËLÎMÍLÌÍB‘Y[KØØ[KYœ™YKØ[Z[™ËM‹LŒŒËÜL›Ù\Ë[™\™ŞWÜÜÚ]]™WØÛÛ[Z][WÛX^ÜİŒËŒNNLÍŒÌÍLLLŒKŒNMNÍÍÎMÍM‹ŒÍMŒÍLÌLLL‹ÎLÍŒŒÍÍ‹LMŒŒMLLNMMŒ‹ŒŒÍNNNMMÌÍB‘Y[KØØ[KYœ™YKØ[Z[™ËM‹LŒŒËÜL›Ù\Ë[™\™ŞWÜÜÚ]]™WØÛÛ[Z]˜[™ÙWØXœËËLNLÌLLŒ‹LËÌMLŒLMMMKKNLLÌLŒLLÌLKËLNLÌLLŒ‹‹ÍÍLÍÍÌÌMÌËËLNLÌLLŒ‚‘Y[KØØ[KYœ™YKØ[Z[™ËM‹LŒŒËÜL›Ù\Ë[™\™ŞWÜÜÚ]]™WØÛÛ[Z]ØÙØXœËLÌŒLŒÍLÍMKLŒÍMNLLÍÌÍÎ‹ËŒŒÎMLŒNNÌ‹KŒÍÌLL‹KŒŒŒÍŒNNÌKKLMŒŒÍŒÎMÎÂ‘Y[KØØ[KYœ™YKØ[Z[™ËM‹LŒŒËÜL›Ù\Ë[™\™ŞWÜÜÚ]]™WØÛÛ[Z]ØÙÜİŒËŒNNLÍŒÌÍLLLŒKŒNMNÍÍÎMÍM‹ŒÍMŒÍLÌLLL‹ÎLÍŒŒÍÍËLÎMÍLÌÍKŒŒÍNNNMMÌÍB‘Y[KØØ[KYœ™YKØ[Z[™ËM‹LŒŒËÜ›Ù\Ë[™\™ŞWÜÜÚ]]™WØÛÛ[Z]—ÛY]šXËMËŒLKŒKŒKŒKŒKŒ‘Y[KØØ[KYœ™YKØ[Z[™ËM‹LŒŒËÜ›Ù\Ë[™\™ŞWÜÜÚ]]™WØÛÛ[Z]YX[‹ŒKMÎLÎMÍLÌÍÌÌMLŒKMNMLLLŒŒLMÌNLMÌËŒËŒNMÍMMLÌÎNŒŒLŒÍŒŒNMŒŒ‹ŒËMÌÌMŒMŒLM‚‘Y[KØØ[KYœ™YKØ[Z[™ËM‹LŒŒËÜ›Ù\Ë[™\™ŞWÜÜÚ]]™WØÛÛ[Z]\\—ÜİM‹MÌÌŒNL‹LMKŒLMMÍML‹‹MÎNMLÌÌÍ‹Œ‹ŒŒMÍNŒËËLNMÍÍMÌŒŒMÍ‹ŒMÍÍLÍM‚‘Y[KØØ[KYœ™YKØ[Z[™ËM‹LŒŒËÜ›Ù\Ë[™\™ŞWÜÜÚ]]™WØÛÛ[Z]Ø[\WÜİÜİL‹LÌÎLÌMNKLL‹ÍLÎLNMMNNLŒËLLŒŒLÍÌŒŒLNKM‹ŒÍŒÌLÍMLŒ‹KŒÍŒÌÎÌLÍ‹MËŒLLÍMLÍL‚‘Y[KØØ[KYœ™YKØ[Z[™ËM‹LŒŒËÜ›Ù\Ë[™\™ŞWÜÜÚ]]™WØÛÛ[Z][WÛZ[—ÜİLÎÍÎLLLŒMŒÌMÎLMÍL‹NLMLNLKLLLLŒLÌNMÍLKNMÌNÍÌ‹M‹MLMLÌLLÍŒ‘Y[KØØ[KYœ™YKØ[Z[™ËM‹LŒŒËÜ›Ù\Ë[™\™ŞWÜÜÚ]]™WØÛÛ[Z][WÛX^ÜİŒ‹ÌÍMÌLÍÍLŒËLNKMŒMÌKL‹ÌMNMÎLMÍMÎŒK‹NÎNÌÌMLMKŒŒÌNLÍMLMKÌKMNMLÎLÍŒŒŒŒ‚‘Y[KØØ[KYœ™YKØ[Z[™ËM‹LŒŒËÜ›Ù\Ë[™\™ŞWÜÜÚ]]™WØÛÛ[Z]˜[™ÙWØXœËLŒÍŒNMLÍÍŒÌKLLÍÌŒÍ‹KÌÍŒLÌÌÍÌÌŒÍ‹LŒÍŒNMLÍÍŒÌKËÌLŒNNÌÍÍÎNËLŒÍŒNMLÍÍŒÌB‘Y[KØØ[KYœ™YKØ[Z[™ËM‹LŒŒËÜ›Ù\Ë[™\™ŞWÜÜÚ]]™WØÛÛ[Z]ØÙØXœËKÍÍÎNMMÍÌÌ‹LÎMLMLŒËŒLÌNÎMŒMLLMÍÍK‹ŒÎLŒÍÎLLK‹ŒMÌLMLŒK‹MŒÌLÎNMLÎB‘Y[KØØ[KYœ™YKØ[Z[™ËM‹LŒŒËÜ›Ù\Ë[™\™ŞWÜÜÚ]]™WØÛÛ[Z]ØÙÜİÎÍÎLLŒ‹ŒÌÌMLLÍÌNLËMNÎMMLNLËËLNÍMMÎMNL‹KŒÎLLNMLŒÍËÌKMNMLÎLÍŒŒŒŒ‚‘Y[KØØ[KYœ™YK^T[M‹LŒŒËÜL›Ù\Ë[™\™ŞWÜÜÚ]]™WØÛÛ[Z]—ÛY]šXËLËŒLKŒKŒKŒKŒKŒ‘Y[KØØ[KYœ™YK^T[M‹LŒŒËÜL›Ù\Ë[™\™ŞWÜÜÚ]]™WØÛÛ[Z]YX[‹Œ‹NNMLÎMŒ‹LŒ‹NNMLÍËŒKÎNÌŒÌMŒËŒMMLMLÍŒKŒKŒÌÎLLŒLÍÎËŒËÍMMLLMNNB‘Y[KØØ[KYœ™YK^T[M‹LŒŒËÜL›Ù\Ë[™\™ŞWÜÜÚ]]™WØÛÛ[Z]\\—ÜİMLÌMÍMLNMLMLŒLMMŒLLÌŒL‹M‹ŒÍÌNNLKŒMMNLÎMŒMŒËM‹ŒLŒŒMLŒMÍMM‘Y[KØØ[KYœ™YK^T[M‹LŒŒËÜL›Ù\Ë[™\™ŞWÜÜÚ]]™WØÛÛ[Z]Ø[\WÜİÜİKLMLŒMMÍŒMMËLKÌÌNLÍŒË‹ÌÌÎMÍMÍKLKMLNÌLLÍKËÌLÌLÌŒÌMKL‹ŒÍLMMÎLŒLÂ‘Y[KØØ[KYœ™YK^T[M‹LŒŒËÜL›Ù\Ë[™\™ŞWÜÜÚ]]™WØÛÛ[Z][WÛZ[—ÜİLNKÎLÎMMLLMŒM‹LLNÍLÍLMÍŒKLŒKŒÌÍMŒLMŒ‹LLÌLŒÌMLŒ‹ŒÌMŒŒNLMM‹MKLÍŒLÍMNLMN‘Y[KØØ[KYœ™YK^T[M‹LŒŒËÜL›Ù\Ë[™\™ŞWÜÜÚ]]™WØÛÛ[Z][WÛX^ÜİNŒLÍMLMŒÍËLM‹ŒŒMLŒŒÍMŒ‹‹LÎMMNMÍŒMKŒŒÍMMMLMŒÎMŒM‹LÌÌMMMŒÎŒKŒÌNÌNMŒ‚‘Y[KØØ[KYœ™YK^T[M‹LŒŒËÜL›Ù\Ë[™\™ŞWÜÜÚ]]™WØÛÛ[Z]˜[™ÙWØXœËMNLMNLMÍÌM‹LËŒNŒÌÍMÌÌËLÌLLMÍLÎMNLMNLMÍÌM‹‹LŒLŒŒÍÌMKMNLMNLMÍÌM‚‘Y[KØØ[KYœ™YK^T[M‹LŒŒËÜL›Ù\Ë[™\™ŞWÜÜÚ]]™WØÛÛ[Z]ØÙØXœËÌÎŒÌÌMMMŒÍËLŒNLÌŒÌÍ‹‹MLMÌÌLÌLMÎÍÎMÎMÎLKKŒÍÍÍLLMLÌKŒNMŒÌÌLÍÍ‚‘Y[KØØ[KYœ™YK^T[M‹LŒŒËÜL›Ù\Ë[™\™ŞWÜÜÚ]]™WØÛÛ[Z]ØÙÜİNKÎLÎMMLLMŒM‹LNMÎMŒŒMŒÌÎMNLËŒMNNÌŒÌÍNMÍKŒKŒÌÍMŒLMŒ‹KLÍŒLÍMNLMNŒ‹ŒÌMŒŒNLMM‚‘Y[KØØ[KYœ™YK^T[M‹LŒŒËÜ›Ù\Ë[™\™ŞWÜÜÚ]]™WØÛÛ[Z]—ÛY]šXËNKŒLKŒKŒKŒKŒKŒ‘Y[KØØ[KYœ™YK^T[M‹LŒŒËÜ›Ù\Ë[™\™ŞWÜÜÚ]]™WØÛÛ[Z]YX[‹ŒËŒMŒÎÌÍNLLŒËŒMŒMMKŒKLMNLÌLËÎLÌŒLŒKŒŒÎÍÍLÌŒËKLLÌLÌNN‘Y[KØØ[KYœ™YK^T[M‹LŒŒËÜ›Ù\Ë[™\™ŞWÜÜÚ]]™WØÛÛ[Z]\\—ÜİNKLNLMÌMÎLNÎÌMÌKŒLLNMMLÌLÎKKLÍMN‹ËŒNNMMMÍŒÍ‹ÍŒŒŒÍMMMÌM‚‘Y[KØØ[KYœ™YK^T[M‹LŒŒËÜ›Ù\Ë[™\™ŞWÜÜÚ]]™WØÛÛ[Z]Ø[\WÜİÜİMÎLLMLMÌMÎLMLÎMÍMÌMÎLŒÌÍNMŒLNLÍËNÎNMNŒÌLLLÍ‹KLŒMŒLM‹ŒKLŒŒNMMÂ‘Y[KØØ[KYœ™YK^T[M‹LŒŒËÜ›Ù\Ë[™\™ŞWÜÜÚ]]™WØÛÛ[Z][WÛZ[—ÜİLŒ‹ŒŒLMÍÌÌ‹LLŒLMŒLÎLÌÌLLËLKNLÌÍLŒLÌLËLMKŒLLNLÌÎÍÌKLKŒŒLÌNMŒ‹M‹MŒÌÍLMÌÎB‘Y[KØØ[KYœ™YK^T[M‹LŒŒËÜ›Ù\Ë[™\™ŞWÜÜÚ]]™WØÛÛ[Z][WÛX^ÜİËŒÎLMÎMŒL‹LŒËMÌLLLLNLËLKNŒLÎÍNÌ‹LÌÍÍNLÎNMK‹ÎŒÍNMÍÍMŒÎÍËNLÌNNLÂ‘Y[KØØ[KYœ™YK^T[M‹LŒŒËÜ›Ù\Ë[™\™ŞWÜÜÚ]]™WØÛÛ[Z]˜[™ÙWØXœËLKŒMMŒŒLÌNMLLLŒÍŒLLÎML‹‹ŒNLLMNÌÍLNLŒ‹LKŒMMŒŒLÌNMŒŒŒMNMLMLKŒMMŒŒLÌNM‘Y[KØØ[KYœ™YK^T[M‹LŒŒËÜ›Ù\Ë[™\™ŞWÜÜÚ]]™WØÛÛ[Z]ØÙØXœË‹ŒÍŒMMLÌÌMÌËLKMÌŒMMNMLËÌLLÍLÎMÌMŒL‹ËŒÌŒMMÌÌMÌK‹ŒLÌÎMMÌMŒÍLÍÍŒLÌMMLLMNMÍ‚‘Y[KØØ[KYœ™YK^T[M‹LŒŒËÜ›Ù\Ë[™\™ŞWÜÜÚ]]™WØÛÛ[Z]ØÙÜİËŒÎLMÎMŒL‹LÍLLLÍŒŒM‹MŒÌÌMLÌMÌ‹Ì‹LÌÍÍNLÎNMKKÌÎMMMLŒËÍËNLÌNNLÂ‘Y[KØØ[KYœ™YK’TĞKM‹LŒŒËÜL›Ù\Ë[™\™ŞWÜÜÚ]]™WØÛÛ[Z]—ÛY]šXËL‹ŒLKŒKŒKŒKŒKŒ‘Y[KØØ[KYœ™YK’TĞKM‹LŒŒËÜL›Ù\Ë[™\™ŞWÜÜÚ]]™WØÛÛ[Z]YX[‹Œ‹ÎNLLÍMML‹LŒ‹LLLÍŒMNMŒKÌLÎÎMÌÍLLLÍŒËŒŒŒNMŒŒÎŒŒ‹ŒKÍÍÌÌLLŒKŒËŒÍNLÌLÍÌ‚‘Y[KØØ[KYœ™YK’TĞKM‹LŒŒËÜL›Ù\Ë[™\™ŞWÜÜÚ]]™WØÛÛ[Z]\\—ÜİËŒLÌŒÎL‹NMÍMLŒMÌLLKŒNLLŒÌNÌŒLŒKL‹ŒÎMMŒŒN‹ŒLMNMÌŒLÍËL‹MŒŒ‘Y[KØØ[KYœ™YK’TĞKM‹LŒŒËÜL›Ù\Ë[™\™ŞWÜÜÚ]]™WØÛÛ[Z]Ø[\WÜİÜİLŒŒNMMÍÍÍLMÍLLŒŒMLLŒ‹NLÍLŒŒMKLKLÌMÌLMÎKŒMLÍLŒÍÌLLM‹LKMÍLÌŒÌMLÂ‘Y[KØØ[KYœ™YK’TĞKM‹LŒŒËÜL›Ù\Ë[™\™ŞWÜÜÚ]]™WØÛÛ[Z][WÛZ[—ÜİLNKŒMÌÌLNLLMÌËLLNŒMŒMÎLNÍÌ‹LŒÌÎLÍLLMMNL‹MËŒLMÌÍÍŒM‹LŒNNLLMMMLÍÍËMKÍMLLMÌMÌŒB‘Y[KØØ[KYœ™YK’TĞKM‹LŒŒËÜL›Ù\Ë[™\™ŞWÜÜÚ]]™WØÛÛ[Z][WÛX^ÜİNLÌŒMMMLMML‹LMËŒÍÌŒLÌÌLŒ‹LNMÍŒLMMŒŒÍËŒŒŒLLÌMŒ‹ËŒLNNMÍŒMMKŒKLÍLŒÍÍŒLŒÎ‘Y[KØØ[KYœ™YK’TĞKM‹LŒŒËÜL›Ù\Ë[™\™ŞWÜÜÚ]]™WØÛÛ[Z]˜[™ÙWØXœËŒŒÌÌLÍMËLŒŒÌÌLÍMËKŒÍÍÎMÍÍLÌKŒŒÌÌLÍMËËŒÍÌMŒÌÌLÌŒLMÍËŒŒÌÌLÍMÂ‘Y[KØØ[KYœ™YK’TĞKM‹LŒŒËÜL›Ù\Ë[™\™ŞWÜÜÚ]]™WØÛÛ[Z]ØÙØXœËŒÌMÎLMÍLLËLŒÎMLŒMÍËËŒMMÍLÍLÌLËÍŒNMMMÍÌMÌŒ‹‹ŒLÌŒLMÍŒÎNL‹ŒLŒÎLÎÍB‘Y[KØØ[KYœ™YK’TĞKM‹LŒŒËÜL›Ù\Ë[™\™ŞWÜÜÚ]]™WØÛÛ[Z]ØÙÜİNKŒMÌÌLNLLMÌËLNKŒLMÍNLLLLLÌ‹LËMMÌÌNMÍÎÍMËŒMLLÍMÍÎMNNKŒÍNNŒMÎLŒKŒKLÍLŒÍÍŒLŒÎ‘Y[KØØ[KYœ™YK’TĞKM‹LŒŒËÜ›Ù\Ë[™\™ŞWÜÜÚ]]™WØÛÛ[Z]—ÛY]šXËNKŒLKŒKŒKŒKŒKŒ‘Y[KØØ[KYœ™YK’TĞKM‹LŒŒËÜ›Ù\Ë[™\™ŞWÜÜÚ]]™WØÛÛ[Z]YX[‹ŒKÍŒMNKLŒKÍLMLÌÍÌNNÌËŒŒÌŒŒLLÌMŒËŒŒNNMÌLÎN‹NKŒÍMŒŒŒŒNNLKŒNLLLLMÂ‘Y[KØØ[KYœ™YK’TĞKM‹LŒŒËÜ›Ù\Ë[™\™ŞWÜÜÚ]]™WØÛÛ[Z]\\—ÜİŒMMŒÌLŒMÌM‹LM‹ŒÍLÎÎNÍÌ‹KŒLÌNÎLÍÌLÎNMLLŒŒÍÌ‹ËŒÌŒMÍÎNŒËÌÍŒÍÌÌÍÍÌÍÍ‚‘Y[KØØ[KYœ™YK’TĞKM‹LŒŒËÜ›Ù\Ë[™\™ŞWÜÜÚ]]™WØÛÛ[Z]Ø[\WÜİÜİMŒÍŒLMLŒÎËLMMÌÌML‹KŒNŒÌÍMLÎ‹NŒÌMŒMLŒÍM‹‹ŒLÌMŒNLLËNKMMŒÌMÌÌÍB‘Y[KØØ[KYœ™YK’TĞKM‹LŒŒËÜ›Ù\Ë[™\™ŞWÜÜÚ]]™WØÛÛ[Z][WÛZ[—ÜİL‹ŒŒŒMŒLLMÍNLLŒËMMMMLLÎLLMŒÍŒLÍMLMŒLNÍMLŒÎMŒM‹LÌ‹ŒÌÌNÍÍLMËM‹ÎMNMÍÍŒMB‘Y[KØØ[KYœ™YK’TĞKM‹LŒŒËÜ›Ù\Ë[™\™ŞWÜÜÚ]]™WØÛÛ[Z][WÛX^ÜİŒNMLMLÌNËLNKÎMLŒMLÍÍKLÎLMÎMMNLKKŒLÍÌÍË‹MLÍMŒLŒM‹Í‹ŒMÍÌÎB‘Y[KØØ[KYœ™YK’TĞKM‹LŒŒËÜ›Ù\Ë[™\™ŞWÜÜÚ]]™WØÛÛ[Z]˜[™ÙWØXœËLNMÎLÌLÎLKŒLLLLÌÍŒK‹ŒŒŒÎLÌŒLLNMÎLÌLÎËŒÍLÍÍLÌMKLNMÎLÌLÎ‘Y[KØØ[KYœ™YK’TĞKM‹LŒŒËÜ›Ù\Ë[™\™ŞWÜÜÚ]]™WØÛÛ[Z]ØÙØXœËKÌMŒNLÌMŒMŒËLKŒŒŒMNLŒLÎNÍËŒÍMMLÌMNÌÎ‹‹MÎNLÌÍÍŒLKKÍÌLÍMÎMŒMÌÍËLMÎÎLLNN‘Y[KØØ[KYœ™YK’TĞKM‹LŒŒËÜ›Ù\Ë[™\™ŞWÜÜÚ]]™WØÛÛ[Z]ØÙÜİ‹ŒŒŒMŒLLMÍNLŒÌLMMMÌLŒMKŒÍÌNÎLNÍËKŒŒLLLÌL‹ËMMLMMMÎLÎ‹Í‹ŒMÍÌÎB‘Y[KÜ\ËÔËM‹LŒŒËÜL›Ù\Ë[™\™ŞWÜÜÚ]]™WØÛÛ[Z]—ÛY]šXËLËŒLKŒKŒKŒKŒKŒ‘Y[KÜ\ËÔËM‹LŒŒËÜL›Ù\Ë[™\™ŞWÜÜÚ]]™WØÛÛ[Z]YX[‹LLLÍÍLŒŒÎLÌKLLLMÍÍLÍŒLMKKÍLÌŒNLNMLNLKLKŒÌLMÎMÍŒLMMLKKNMÎLŒNÍMÌŒ‹LKÌŒMÎMŒÎÌMMMÌB‘Y[KÜ\ËÔËM‹LŒŒËÜL›Ù\Ë[™\™ŞWÜÜÚ]]™WØÛÛ[Z]\\—ÜİNÌLŒLLÌËLŒNMÍÍMLÎÍŒL‹LÎMÍŒÍÍMLŒŒLÌÍŒÎLM‹ŒÌMLLÌÍŒŒÎM‹ŒNLÎLÍÍLÍ‚‘Y[KÜ\ËÔËM‹LŒŒËÜL›Ù\Ë[™\™ŞWÜÜÚ]]™WØÛÛ[Z]Ø[\WÜİÜİŒKÌÌMÍŒM‹LŒ‹ŒMÎLËMKNMŒÌLÎNLË‹ŒLLŒÌÍMMLËLMMÎMÍLŒK‹LÌMNNÌÎL‚‘Y[KÜ\ËÔËM‹LŒŒËÜL›Ù\Ë[™\™ŞWÜÜÚ]]™WØÛÛ[Z][WÛZ[—ÜİLÍËŒÍLŒŒMÌMŒL‹LLÍKLÌLŒLŒÌŒÌÌMMÌNÍMLÍÌLÌÎNLNMLÎËMKÎMLMÍMÎLËLLKŒŒMÍLMŒLÂ‘Y[KÜ\ËÔËM‹LŒŒËÜL›Ù\Ë[™\™ŞWÜÜÚ]]™WØÛÛ[Z][WÛX^ÜİŒÌMÎMÍÍLËMÌÌMMŒÌLMKNKLÌMÌNLÌÌÍ‹ŒÎNMMMÍÌËMKŒÍLNLÍÍŒŒËÎKŒŒÍLÌÍLMŒÍ‘Y[KÜ\ËÔËM‹LŒŒËÜL›Ù\Ë[™\™ŞWÜÜÚ]]™WØÛÛ[Z]˜[™ÙWØXœË‹LÍNLLŒÎM‹L‹ŒÎLLLNKKÌÌÎNLŒMK‹LÍNLLŒÎM‹ËŒMÍÍŒMÌŒŒÍ‹‹LÍNLLŒÎM‚‘Y[KÜ\ËÔËM‹LŒŒËÜL›Ù\Ë[™\™ŞWÜÜÚ]]™WØÛÛ[Z]ØÙØXœËËLÌMŒŒNMMÎÌLËLËÌLŒÍÌNMŒMËËŒŒMÌLMKLŒÌŒÎMÍKKÎNMLMLLÌÎÌNÌB‘Y[KÜ\ËÔËM‹LŒŒËÜL›Ù\Ë[™\™ŞWÜÜÚ]]™WØÛÛ[Z]ØÙÜİÍËŒÍLŒŒMÌMŒL‹LÍKMÍÍMLMÍÌMÌLÌÎLÌÍŒ‹ÌNÍMLÍÌMKŒÍLNLÍÍŒŒËKÎMLMÍMÎLÂ‘Y[KÜ\ËÔËM‹LŒŒËÜ›Ù\Ë[™\™ŞWÜÜÚ]]™WØÛÛ[Z]—ÛY]šXËLŒLKŒKŒKŒKŒKŒ‘Y[KÜ\ËÔËM‹LŒŒËÜ›Ù\Ë[™\™ŞWÜÜÚ]]™WØÛÛ[Z]YX[‹LMLMÍŒŒŒËLLÌLLMNŒÍKLŒLLNMLÌÎMLËLÌNÌNLÌLNLŒLLNMLÌÎMLLÌNÌNLÌLN‘Y[KÜ\ËÔËM‹LŒŒËÜ›Ù\Ë[™\™ŞWÜÜÚ]]™WØÛÛ[Z]\\—ÜİMËLÍÎMNMÌÌMKLNÍÎŒMLŒMÍËKNMÍÌŒKMÍMŒMNÍËKNMÍÌÎKŒKMÍMŒMNÍÂ‘Y[KÜ\ËÔËM‹LŒŒËÜ›Ù\Ë[™\™ŞWÜÜÚ]]™WØÛÛ[Z]Ø[\WÜİÜİMKMÍMÌÌLÌLMÎLMKLNNMÌÎ‹L‹ŒÌNÍMÍNLÍMËM‹LÎMŒÍN‹L‹ŒÌNÍMÍNLÍM‹M‹LÎMŒÍN‚‘Y[KÜ\ËÔËM‹LŒŒËÜ›Ù\Ë[™\™ŞWÜÜÚ]]™WØÛÛ[Z][WÛZ[—ÜİLŒ‹LLNLLŒLKLLŒ‹MŒÌŒÍNMÍLLÌ‹LŒËLMMLÍLÍNL‹LLËMŒNMÌNLMÌ‹LŒËLMMLÍLÍNLMËLLËMŒNMÌNLMÌ‚‘Y[KÜ\ËÔËM‹LŒŒËÜ›Ù\Ë[™\™ŞWÜÜÚ]]™WØÛÛ[Z][WÛX^ÜİKLLŒÍÍÍKLKŒMNLŒÍÌÎLŒËŒ‹ŒNLMMÌMMMŒLËÌ‹LŒNMŒLL‹Œ‹ŒNLMMÌMMMNKÌ‹LŒNMŒLL‘Y[KÜ\ËÔËM‹LŒŒËÜ›Ù\Ë[™\™ŞWÜÜÚ]]™WØÛÛ[Z]˜[™ÙWØXœËKÍMMÍLÌŒNKLKÍMMÍLÌŒNKŒLÌŒNŒÍÍKÍMMÍLÌŒNKŒLÌŒNŒÍÍKÍMMÍLÌŒNB‘Y[KÜ\ËÔËM‹LŒŒËÜ›Ù\Ë[™\™ŞWÜÜÚ]]™WØÛÛ[Z]ØÙØXœËËŒLŒMLŒŒMÍÌLŒKLËŒMÎM‹ŒÍLMMMËËŒÌÌŒŒLLLLŒÌÌ‹‹ŒÍLMMMKËŒÌÌŒŒLLLLŒÌÌ‘Y[KÜ\ËÔËM‹LŒŒËÜ›Ù\Ë[™\™ŞWÜÜÚ]]™WØÛÛ[Z]ØÙÜİKLLŒÍÍÍKLKŒMNLŒÍÌÎLŒËŒ‹ŒNLMMÌMMMŒLËÌ‹LŒNMŒLL‹Œ‹ŒNLMMÌMMMNKÌ‹LŒNMŒLL‘Y[KÜ\Ë’QKM‹LŒŒËÜL›Ù\Ë[™\™ŞWÜÜÚ]]™WØÛÛ[Z]—ÛY]šXËLËŒLKŒKŒKŒKŒKŒ‘Y[KÜ\Ë’QKM‹LŒŒËÜL›Ù\Ë[™\™ŞWÜÜÚ]]™WØÛÛ[Z]YX[‹KŒNLÍÍNLÍŒMKLKŒÌŒLÌŒMÌÎNŒNMÍŒÎNKMLMÌŒËÌÌLÍMÌÍNKÌÎNLNLLÎLÌÍ‘Y[KÜ\Ë’QKM‹LŒŒËÜL›Ù\Ë[™\™ŞWÜÜÚ]]™WØÛÛ[Z]\\—ÜİLKÌÎMNMÍŒM‹LLËLÍNLLLÍŒŒÍŒKLÍMŒNNMLÍŒÌŒÌÎKMÎMMNLÍŒLMÌÎLNMÍMË‹NŒLMLÌ‚‘Y[KÜ\Ë’QKM‹LŒŒËÜL›Ù\Ë[™\™ŞWÜÜÚ]]™WØÛÛ[Z]Ø[\WÜİÜİMLMLŒŒMKLMKŒŒMŒÍŒNNMŒÍKŒŒÌÎLÌMMLLLŒLKMËLNMÍŒÌÍÍ‹‹MMNLÌLÌÎNKMËLNNMÍLLÍŒN‘Y[KÜ\Ë’QKM‹LŒŒËÜL›Ù\Ë[™\™ŞWÜÜÚ]]™WØÛÛ[Z][WÛZ[—ÜİLÌKŒÍÎLÍNMÍMÌÎLLKMÎLNNLÎLÌËŒNMNÍNŒM‹LLÌÍLÍÎLLLKLÌËMMMLŒMÌNNŒÍNMŒLÎMŒŒÍ‚‘Y[KÜ\Ë’QKM‹LŒŒËÜL›Ù\Ë[™\™ŞWÜÜÚ]]™WØÛÛ[Z][WÛX^ÜİKLÍÌŒÎMMKLŒ‹ÍÍLLÌLLËLËLNLMMÍŒNÍŒŒËKÍNLNMÌŒÌÍKËLŒÍMLLÌMËÌKÍŒMÌŒŒŒÍB‘Y[KÜ\Ë’QKM‹LŒŒËÜL›Ù\Ë[™\™ŞWÜÜÚ]]™WØÛÛ[Z]˜[™ÙWØXœËKŒMÌÌÌNLLËLŒÍNNŒÌÍN‹‹MNŒÌLLÍËKŒMÌÌÌNLLËKLÍNLNMÎLNKŒMÌÌÌNLLÂ‘Y[KÜ\Ë’QKM‹LŒŒËÜL›Ù\Ë[™\™ŞWÜÜÚ]]™WØÛÛ[Z]ØÙØXœË‹LÎLÌLNLËL‹ŒŒŒMLLÌËKŒÍÍMÍMLMÍLÌŒŒNËŒÍÌÍÌÍLMÍŒMÌÎMMÌNMLËËŒŒLÎLMLNMB‘Y[KÜ\Ë’QKM‹LŒŒËÜL›Ù\Ë[™\™ŞWÜÜÚ]]™WØÛÛ[Z]ØÙÜİÌKŒÍÎLÍNMÍMÌÎLKÍÌLMÎMLÎLÎMLŒMÍMÍLÌËŒNMNÍNŒM‹ŒÍNMŒLÎMŒŒÍ‹ÌËMMMLŒMÌN‘Y[KÜ\Ë’QKM‹LŒŒËÜ›Ù\Ë[™\™ŞWÜÜÚ]]™WØÛÛ[Z]—ÛY]šXËKŒLKŒKŒKŒKŒKŒ‘Y[KÜ\Ë’QKM‹LŒŒËÜ›Ù\Ë[™\™ŞWÜÜÚ]]™WØÛÛ[Z]YX[‹KŒMÍMÌÌLÍMLKŒMÍMÌÌLÍL‹KŒMÍMÌÌLÍL‹KŒMÍMÌÌLÍMKŒMÍMÌÌLÍL‹KŒMÍMÌÌLÍM‘Y[KÜ\Ë’QKM‹LŒŒËÜ›Ù\Ë[™\™ŞWÜÜÚ]]™WØÛÛ[Z]\\—ÜİLËŒMMMŒÌŒËLLËŒMMMŒÌKLËŒMMMŒÌŒËLËŒMMMŒÌKLËŒMMMŒÌŒËLËŒMMMŒÌB‘Y[KÜ\Ë’QKM‹LŒŒËÜ›Ù\Ë[™\™ŞWÜÜÚ]]™WØÛÛ[Z]Ø[\WÜİÜİL‹NLLÎLŒÍÍNLNLL‹NLLÎLŒÍÍNL‹L‹NLLÎLŒÍÍNLNL‹NLLÎLŒÍÍNLŒ‹L‹NLLÎLŒÍÍNLNL‹NLLÎLŒÍÍNLŒ‚‘Y[KÜ\Ë’QKM‹LŒŒËÜ›Ù\Ë[™\™ŞWÜÜÚ]]™WØÛÛ[Z][WÛZ[—ÜİLNKŒÌÎMÌMMÎNMLLNKŒÌÎMÌMMÎNMŒ‹LNKŒÌÎMÌMMÎNMLNKŒÌÎMÌMMÎNMŒ‹LNKŒÌÎMÌMMÎNMLNKŒÌÎMÌMMÎNMŒ‚‘Y[KÜ\Ë’QKM‹LŒŒËÜ›Ù\Ë[™\™ŞWÜÜÚ]]™WØÛÛ[Z][WÛX^ÜİŒŒÌLNÌÍÍÍM‹LŒŒÌLNÌÍÍÎŒŒÌLNÌÍÍÍM‹ŒŒÌLNÌÍÍÎŒŒÌLNÌÍÍÍM‹ŒŒÌLNÌÍÍÎ‘Y[KÜ\Ë’QKM‹LŒŒËÜ›Ù\Ë[™\™ŞWÜÜÚ]]™WØÛÛ[Z]˜[™ÙWØXœËËNLMMÍMÎLËLËNLMMÍMÎLËËNLMMÍMÎLËËNLMMÍMÎLËËNLMMÍMÎLËËNLMMÍMÎLÂ‘Y[KÜ\Ë’QKM‹LŒŒËÜ›Ù\Ë[™\™ŞWÜÜÚ]]™WØÛÛ[Z]ØÙØXœËKÎNLŒÎLÌÎËLKÎNLŒÎLÌÎKÎNLŒÎLÌÎËKÎNLŒÎLÌÎKÎNLŒÎLÌÎËKÎNLŒÎLÌÎ‘Y[KÜ\Ë’QKM‹LŒŒËÜ›Ù\Ë[™\™ŞWÜÜÚ]]™WØÛÛ[Z]ØÙÜİŒŒÌLNÌÍÍÍM‹LŒŒÌLNÌÍÍÎŒŒÌLNÌÍÍÍM‹ŒŒÌLNÌÍÍÎŒŒÌLNÌÍÍÍM‹ŒŒÌLNÌÍÍÎ‘Y[KÜ\ËĞQSKM‹LŒŒËÜL›Ù\Ë[™\™ŞWÜÜÚ]]™WØÛÛ[Z]—ÛY]šXËLËŒLKŒKŒKŒKŒKŒ‘Y[KÜ\ËĞQSKM‹LŒŒËÜL›Ù\Ë[™\™ŞWÜÜÚ]]™WØÛÛ[Z]YX[‹MNMMLŒÎMÍKLMŒŒLÍLËMMLÍÎLLŒMM‹ŒÍÍLŒÎLN‹LËŒÍMNLLM‹ŒMŒŒŒÍMÌB‘Y[KÜ\ËĞQSKM‹LŒŒËÜL›Ù\Ë[™\™ŞWÜÜÚ]]™WØÛÛ[Z]\\—ÜİÌ‹ŒŒNŒNMLÌKLNMÌMŒÌNNMKNKMMÍLMÍL‹KLMLÎMŒŒÌ‹KMMÌLŒLÌÍŒÌM‹‹MLNLMMŒNLB‘Y[KÜ\ËĞQSKM‹LŒŒËÜL›Ù\Ë[™\™ŞWÜÜÚ]]™WØÛÛ[Z]Ø[\WÜİÜİÍÌMLNLNLNMŒMÍÍMKNMŒŒÌÍÍÍÎËKŒLMÍLÌMNKMÎŒMŒŒMÍÍÌŒËÌŒÎMÌÍŒÍMÍ‚‘Y[KÜ\ËĞQSKM‹LŒŒËÜL›Ù\Ë[™\™ŞWÜÜÚ]]™WØÛÛ[Z][WÛZ[—ÜİLÌKŒÍŒÎMŒŒLMLLÌNÎMÌLÍŒÌÍÎLÍKÌMNMLLMLŒMKLŒËÍNNNLÌLÍŒÍM‹LÍËÎLLÌNMNÍÍËLŒKŒÌLNNMMLŒÌÍB‘Y[KÜ\ËĞQSKM‹LŒŒËÜL›Ù\Ë[™\™ŞWÜÜÚ]]™WØÛÛ[Z][WÛX^ÜİLKÌÌÌNMMLÍ‹LKÌŒÌLÌNLKŒ‹ŒÌMÌÎNMLÍLÌLMMËNKŒÎMLMMÌŒÍMËLÍÎNNMŒÍÍÍËŒNNNMŒÌMB‘Y[KÜ\ËĞQSKM‹LŒŒËÜL›Ù\Ë[™\™ŞWÜÜÚ]]™WØÛÛ[Z]˜[™ÙWØXœËL‹ŒÌÌMLÎLËLL‹ŒŒNLŒNNLLÌK‹ÌMMŒÎLKL‹ŒÌÌMLÎLË‹ŒÌMÎNNMÎÌËL‹ŒÌÌMLÎLÂ‘Y[KÜ\ËĞQSKM‹LŒŒËÜL›Ù\Ë[™\™ŞWÜÜÚ]]™WØÛÛ[Z]ØÙØXœËËÌÌÌLÎÎMML‹LËŒNLLLÌÎLÍMKËŒÍLÌŒÍMÌÍŒNNKŒÍLŒMÌÎÌÍLMMËŒMŒŒNÌ‹ÎÌLMÍMMÎM‚‘Y[KÜ\ËĞQSKM‹LŒŒËÜL›Ù\Ë[™\™ŞWÜÜÚ]]™WØÛÛ[Z]ØÙÜİLKÌÌÌNMMLÍ‹LKÌŒÌLÌNLK‹ŒMNMËNKŒÎMLMMÌŒÍŒKŒÌLNNMMLŒÌÍKŒNNNMŒÌMB‘Y[KÜ\ËĞQSKM‹LŒŒËÜ›Ù\Ë[™\™ŞWÜÜÚ]]™WØÛÛ[Z]—ÛY]šXËLËŒLKŒKŒKŒKŒKŒ‘Y[KÜ\ËĞQSKM‹LŒŒËÜ›Ù\Ë[™\™ŞWÜÜÚ]]™WØÛÛ[Z]YX[‹MKŒÌÌLŒMŒÍŒËLMKŒÌÌMLŒÍÍM‹MLŒLLLLËM‹ŒNLÎÌÎLKMŒMMNNÍLLLNNNM‹LÍÌÎÍÌÎ‚‘Y[KÜ\ËĞQSKM‹LŒŒËÜ›Ù\Ë[™\™ŞWÜÜÚ]]™WØÛÛ[Z]\\—ÜİNKŒNŒNLMÍLNŒÎÍÍNML‹KŒÎLÎÌKÌ‹ŒŒŒÌÍNNÍKÍŒÌMLÌMÌLLKÌ‹NÍNÍM‘Y[KÜ\ËĞQSKM‹LŒŒËÜ›Ù\Ë[™\™ŞWÜÜÚ]]™WØÛÛ[Z]Ø[\WÜİÜİMKŒMMLLLŒÍNÎLMKŒÍÌÍŒNLŒÌÍKLKŒÍLLMLŒNÎNKNŒMŒMÌÌÌMMMKLLŒLÍÌÎMKNLMŒÍMMLÎM‘Y[KÜ\ËĞQSKM‹LŒŒËÜ›Ù\Ë[™\™ŞWÜÜÚ]]™WØÛÛ[Z][WÛZ[—ÜİLŒËŒLÎLŒËLLŒ‹ÍŒNLMŒÎLËL‹MÍÍMLÍÎMÌËLNÍLMŒMŒLÍÎLËLLLMLNLLŒŒÍLÍÌÎÌNN‘Y[KÜ\ËĞQSKM‹LŒŒËÜ›Ù\Ë[™\™ŞWÜÜÚ]]™WØÛÛ[Z][WÛX^ÜİŒKŒMŒMÎLNËLŒŒÎLÍÍŒÌŒM‹MLÌNLMMÍM‹ÌÌÌÌÍŒ‹L‹ŒLŒÎLNMMNLMMÎN‚‘Y[KÜ\ËĞQSKM‹LŒŒËÜ›Ù\Ë[™\™ŞWÜÜÚ]]™WØÛÛ[Z]˜[™ÙWØXœË‹MÍÎNNMÌÌLLM‹L‹ÎMMÌŒMŒMÌNKMNLNMÌNŒË‹MÍÎNNMÌÌLLM‹ËÎLNMÌÌMNLÍ‹MÍÎNNMÌÌLLM‚‘Y[KÜ\ËĞQSKM‹LŒŒËÜ›Ù\Ë[™\™ŞWÜÜÚ]]™WØÛÛ[Z]ØÙØXœËËNLÎNLMŒŒMLM‹LËŒÎMLŒÎLMNK‹LMMÍMMNNŒMÌNLŒMÍÎK‹ŒÌMNMÎNMÎMÍLLÌÍÌLL‚‘Y[KÜ\ËĞQSKM‹LŒŒËÜ›Ù\Ë[™\™ŞWÜÜÚ]]™WØÛÛ[Z]ØÙÜİŒËŒLÎLŒËLŒËŒMËNKMÍÌÍÍÌMËŒÍÍNNMMLŒËL‹ŒLŒÎLNMMNLMMÎN‚‘Y[KÜ\ËØ[Z[™ËM‹LŒŒËÜL›Ù\Ë[™\™ŞWÜÜÚ]]™WØÛÛ[Z]—ÛY]šXËL‹ŒLKŒKŒKŒKŒKŒ‘Y[KÜ\ËØ[Z[™ËM‹LŒŒËÜL›Ù\Ë[™\™ŞWÜÜÚ]]™WØÛÛ[Z]YX[‹ŒŒMNMÍNÍÍÍKLŒŒÍMŒŒMMMNKÌLLNÍÌÎMÌ‹ŒÍLÍNÌMMNKNKŒÍMÌÍÍŒKŒNLMÍÌÌÌÍL‘Y[KÜ\ËØ[Z[™ËM‹LŒŒËÜL›Ù\Ë[™\™ŞWÜÜÚ]]™WØÛÛ[Z]\\—ÜİLËŒLÌÌŒMÍÎL‹LLKLMÍMMÍŒMŒLŒÍŒÌMÌMŒŒŒÎL‹M‹ŒÌMLLMNKŒÌÌMLŒŒŒŒÌ‹M‹ÍÌÎNMÌÎMÍÌÂ‘Y[KÜ\ËØ[Z[™ËM‹LŒŒËÜL›Ù\Ë[™\™ŞWÜÜÚ]]™WØÛÛ[Z]Ø[\WÜİÜİKNLÌMMÍÍLLLLÍ‹LLŒÌÍÍÎLÍ‹‹ŒÌMŒÌÍŒLLLŒNKLKLMLŒÌ‹KŒŒÌÌÌÍŒÎMÌKLKÌÎÍŒL‘Y[KÜ\ËØ[Z[™ËM‹LŒŒËÜL›Ù\Ë[™\™ŞWÜÜÚ]]™WØÛÛ[Z][WÛZ[—ÜİLŒŒÎLÍÌKLLNKŒÌLÍMŒŒÍMŒÌMËLŒKÎLMNMMMÍLŒKLLŒÌMLÍMKLŒ‹MMMŒÎNÍKNÍŒÍMŒLNMM‘Y[KÜ\ËØ[Z[™ËM‹LŒŒËÜL›Ù\Ë[™\™ŞWÜÜÚ]]™WØÛÛ[Z][WÛX^ÜİLKŒÌNÍÍÌM‹LLLLŒÌÍÎMLLÍ‹ËŒÌLLÍŒÌMKLËNMŒLÎÍŒË‹ŒLÍÌÌÎMÍŒKMLMMÌÌLŒNÍM‘Y[KÜ\ËØ[Z[™ËM‹LŒŒËÜL›Ù\Ë[™\™ŞWÜÜÚ]]™WØÛÛ[Z]˜[™ÙWØXœË‹ŒMNMNNMÍÍMËL‹ŒMNMNNMÍÍMËËNMÎŒÎMK‹ŒMNMNNMÍÍMËËŒLMLMÍÌLLM‹ŒMNMNNMÍÍMÂ‘Y[KÜ\ËØ[Z[™ËM‹LŒŒËÜL›Ù\Ë[™\™ŞWÜÜÚ]]™WØÛÛ[Z]ØÙØXœËŒLMÍŒNNLÍÍ‹LËŒNÍLNNÍMLLË‹ŒLŒÎLMŒÌ‹LÌÍNMÌM‹KÍÌŒLLMÎLÎNLÌLMB‘Y[KÜ\ËØ[Z[™ËM‹LŒŒËÜL›Ù\Ë[™\™ŞWÜÜÚ]]™WØÛÛ[Z]ØÙÜİŒŒÎLÍÌKLNKŒÌLÍMŒŒÍMŒÌMËLŒÌMLÍMKŒKÎLMNMMMÍLŒKÍŒÍMŒLNMMŒ‹MMMŒÎNÍB‘Y[KÜ\ËØ[Z[™ËM‹LŒŒËÜ›Ù\Ë[™\™ŞWÜÜÚ]]™WØÛÛ[Z]—ÛY]šXËLKŒLKŒKŒKŒKŒKŒ‘Y[KÜ\ËØ[Z[™ËM‹LŒŒËÜ›Ù\Ë[™\™ŞWÜÜÚ]]™WØÛÛ[Z]YX[‹ŒMÌNÎLLËLŒMŒMLÍÍKNKÍMLLŒMŒŒKŒNMÎNÌMÌMMKNKŒÎMÌLŒÎMÍMNËŒKŒLÌLNMŒÎMÌŒN‘Y[KÜ\ËØ[Z[™ËM‹LŒŒËÜ›Ù\Ë[™\™ŞWÜÜÚ]]™WØÛÛ[Z]\\—ÜİNÌÌMLÎLŒLÌËLLËNŒNÍÌŒŒŒÍKLÍÍNMLLŒŒÍËÌLMMÌMÍMÍLÌŒ‹LLNMMÍÎNMÍLKÍMŒLÍLMMB‘Y[KÜ\ËØ[Z[™ËM‹LŒŒËÜ›Ù\Ë[™\™ŞWÜÜÚ]]™WØÛÛ[Z]Ø[\WÜİÜİMKMMÍMLÌÌ‹LM‹ŒÌMLÍMÌËLKÌŒÌÍÌLŒÎMËMËŒNLÌLÍLLÍMKLKÌNLÍŒLÍÍ‹MËŒÎLÍMÍÎMÌL‚‘Y[KÜ\ËØ[Z[™ËM‹LŒŒËÜ›Ù\Ë[™\™ŞWÜÜÚ]]™WØÛÛ[Z][WÛZ[—ÜİLŒKÎMLMNÍNMËLLŒNÎMNÍÍ‹LŒËŒNMŒÍŒÍÌL‹LLËÎMMLÌÍÍÌLŒËŒLLMMMNÍKLL‹ÌMŒMLÍMLB‘Y[KÜ\ËØ[Z[™ËM‹LŒŒËÜ›Ù\Ë[™\™ŞWÜÜÚ]]™WØÛÛ[Z][WÛX^ÜİKÍŒLŒŒMŒŒMM‹LŒNMLLMÌMÍ‹ŒÍMÍÍ‹Ì‹ÍLNLÌÎMŒNKNMÌŒÍÎÍKÍKŒLLÍLŒMŒÌ‚‘Y[KÜ\ËØ[Z[™ËM‹LŒŒËÜ›Ù\Ë[™\™ŞWÜÜÚ]]™WØÛÛ[Z]˜[™ÙWØXœËLLMŒNMNNMËLLLMŒNMNNMËËÎMNLLLÌŒÍLLMŒNMNNMË‹MNÍÌŒÌÎ‹LLMŒNMNNMÂ‘Y[KÜ\ËØ[Z[™ËM‹LŒŒËÜ›Ù\Ë[™\™ŞWÜÜÚ]]™WØÛÛ[Z]ØÙØXœË‹ŒLMLMLMÍŒÎËLKŒÌMMÌÍLMLLKŒMNMLÌÌNLÌÍMÎK‹MNÌÌÎLM‹ËMÎLNLN‹‹LLÍLLÍÌMM‘Y[KÜ\ËØ[Z[™ËM‹LŒŒËÜ›Ù\Ë[™\™ŞWÜÜÚ]]™WØÛÛ[Z]ØÙÜİKÍŒLŒŒMŒŒMM‹LŒNMLLMÌMÍ‹ŒÍMÍÍ‹Ì‹ÍLNLÌÎMŒNKNMÌŒÍÎÍKÍKŒLLÍLŒMŒÌ‚‘Y[KÜ\Ë^T[M‹LŒŒËÜL›Ù\Ë[™\™ŞWÜÜÚ]]™WØÛÛ[Z]—ÛY]šXËL‹ŒLKŒKŒKŒKŒKŒ‘Y[KÜ\Ë^T[M‹LŒŒËÜL›Ù\Ë[™\™ŞWÜÜÚ]]™WØÛÛ[Z]YX[‹ŒKŒMÍNMLLLŒKÌMŒMMÌŒ‹ŒŒÌÍMMŒÍÌLŒL‹Œ‹MÌÌŒÌŒMLËŒŒLÌÍÌMÍÍÎMÌŒ‹Œ‹LŒLŒÍÍB‘Y[KÜ\Ë^T[M‹LŒŒËÜL›Ù\Ë[™\™ŞWÜÜÚ]]™WØÛÛ[Z]\\—ÜİKÍLLÍŒLÌL‹LŒÌMÎLNÌÎMÍKMMMNMMLLNËKŒMMMŒÍÎMÍM‹MLÌŒNŒMNÍÌM‹KLMÍMŒLNM‚‘Y[KÜ\Ë^T[M‹LŒŒËÜL›Ù\Ë[™\™ŞWÜÜÚ]]™WØÛÛ[Z]Ø[\WÜİÜİM‹NMÎLLÌLLMËMÌLÍÎ‹LKÌNNLŒÎM‹NÎMMÌŒŒÍKLKŒNNLMÌÎMLÌÍMËNKŒÌÍÍLŒNLŒLÂ‘Y[KÜ\Ë^T[M‹LŒŒËÜL›Ù\Ë[™\™ŞWÜÜÚ]]™WØÛÛ[Z][WÛZ[—ÜİLÌËNÍMŒMMMŒKLLÌ‹MÌLÌÌÌLËLÍKÌNLÍŒMÎMNLKLLËŒNMNLÍLÌKLÍ‹ŒÎÍŒÌÌKLL‹ŒLLÍÂ‘Y[KÜ\Ë^T[M‹LŒŒËÜL›Ù\Ë[™\™ŞWÜÜÚ]]™WØÛÛ[Z][WÛX^ÜİŒËŒÍMÍÍLŒŒMM‹LŒKŒŒŒLÍMÌLËMKŒLLNLMMMÌLËËMÎŒNMÍÌŒLÌMKLËŒÌÎNMLLŒŒËÌŒŒÍMLM‚‘Y[KÜ\Ë^T[M‹LŒŒËÜL›Ù\Ë[™\™ŞWÜÜÚ]]™WØÛÛ[Z]˜[™ÙWØXœËL‹ŒŒÍMÌÍMÎNŒ‹LL‹ŒŒÍMÌÍMÎNŒ‹‹ŒÎLÎNMÍÎÍLËL‹ŒŒÍMÌÍMÎNŒ‹‹ŒNNLMLÌÌÎMKL‹ŒŒÍMÌÍMÎNŒ‚‘Y[KÜ\Ë^T[M‹LŒŒËÜL›Ù\Ë[™\™ŞWÜÜÚ]]™WØÛÛ[Z]ØÙØXœËËŒÍLLNNLÍLÍLMÍKL‹MMLNÌËËÌLÍÌÌÎÎLÍKËÌMŒNLNMMËËŒŒÎŒNLÎMÍËŒLLŒMŒNMNB‘Y[KÜ\Ë^T[M‹LŒŒËÜL›Ù\Ë[™\™ŞWÜÜÚ]]™WØÛÛ[Z]ØÙÜİÌËNÍMŒMMMŒKLÌ‹MÌLÌÌÌLËMKMLŒÌNLKÍKÌNLÍŒMÎMNLKMÌNŒLŒŒ‹Í‹ŒÎÍŒÌÌB‘Y[KÜ\Ë^T[M‹LŒŒËÜ›Ù\Ë[™\™ŞWÜÜÚ]]™WØÛÛ[Z]—ÛY]šXËL‹ŒLKŒKŒKŒKŒKŒ‘Y[KÜ\Ë^T[M‹LŒŒËÜ›Ù\Ë[™\™ŞWÜÜÚ]]™WØÛÛ[Z]YX[‹ŒËŒMŒÌLLŒÎKLŒËŒLÎÌNÎLÍŒ‹ŒLŒMÍLMÌNLÍÍËŒËLŒMLŒLÎMÌÍŒKNLMMŒLÍ‹ŒNMLLLÍŒÍM‚‘Y[KÜ\Ë^T[M‹LŒŒËÜ›Ù\Ë[™\™ŞWÜÜÚ]]™WØÛÛ[Z]\\—ÜİNKŒÍLÌMNÍÍÎLNÍŒMMMŒLÌNKLKMÌNŒNLLÎNÌÍËŒKÎMLMLNMËLKÌLMLÍŒNËŒ‹ŒŒLÍŒŒÎM‘Y[KÜ\Ë^T[M‹LŒŒËÜ›Ù\Ë[™\™ŞWÜÜÚ]]™WØÛÛ[Z]Ø[\WÜİÜİLKÍÍÍÍÍŒMKLLKÍÍŒLÍML‹KNLNLÌLKL‹LŒMMÌMNËÌMLŒÌÎŒMËLËŒŒÍÍÍMNLÌN‘Y[KÜ\Ë^T[M‹LŒŒËÜ›Ù\Ë[™\™ŞWÜÜÚ]]™WØÛÛ[Z][WÛZ[—ÜİLMKMLMÍÍ‹LLMŒÌLÌŒÍMËLNŒNNNLÌÍÌÌŒ‹LLLÌMŒMÌLËLNÎMÎLÍMNKÎLÍŒÌÎÍÎB‘Y[KÜ\Ë^T[M‹LŒŒËÜ›Ù\Ë[™\™ŞWÜÜÚ]]™WØÛÛ[Z][WÛX^ÜİMËNMLÍLLLÎËLM‹ÌÌÍŒL‹L‹LÎNŒNLŒŒ‹ŒLÌÍÌŒÍÌŒMŒËL‹ŒŒNMŒLÍÎMÍL‹Œ‹ŒŒÍÎÌMNMÌ‘Y[KÜ\Ë^T[M‹LŒŒËÜ›Ù\Ë[™\™ŞWÜÜÚ]]™WØÛÛ[Z]˜[™ÙWØXœËËÌLŒÌLËÌLŒÌ‹ŒLŒÎLMŒÍÌNÌÍKËÌLŒÌNMÌÍÎŒNN‹ËÌLŒÌ‘Y[KÜ\Ë^T[M‹LŒŒËÜ›Ù\Ë[™\™ŞWÜÜÚ]]™WØÛÛ[Z]ØÙØXœËŒŒÌÍLÍLMKLŒMMÍLMNMËËŒLÌLÍMMMŒŒKÌŒMÌÍMMNK‹ÍLNMNMÌLMÍÌKLÍÍÎMLÍLMÌÍB‘Y[KÜ\Ë^T[M‹LŒŒËÜ›Ù\Ë[™\™ŞWÜÜÚ]]™WØÛÛ[Z]ØÙÜİMËNMLÍLLLÎËLMËŒMNMMLÍMËLËLŒŒÍM‹ŒLÌÍÌŒÍÌŒMŒËL‹ŒŒNMŒLÍÎMÍL‹Œ‹ŒŒÍÎÌMNMÌ‘Y[KÜ\Ë’TĞKM‹LŒŒËÜL›Ù\Ë[™\™ŞWÜÜÚ]]™WØÛÛ[Z]—ÛY]šXËLËŒLKŒKŒKŒKŒKŒ‘Y[KÜ\Ë’TĞKM‹LŒŒËÜL›Ù\Ë[™\™ŞWÜÜÚ]]™WØÛÛ[Z]YX[‹ŒËŒNMMŒŒÌ‹LŒËŒŒLÍMNMÍMÎ‹Œ‹ŒÍMMÍNËMÎLLMLÍŒŒKLLLLMNLÌMÎKKŒMLŒNNÍÂ‘Y[KÜ\Ë’TĞKM‹LŒŒËÜL›Ù\Ë[™\™ŞWÜÜÚ]]™WØÛÛ[Z]\\—ÜİMËŒNÌÎÌŒŒÌÍËLMËŒŒLLLÌÍMÍMNKLŒMMLLNMLËÌKMÎMLMNMMËLŒÍÌLMÍŒÍLMLÌ‹Ì‹NLÍÌÎÍMÍB‘Y[KÜ\Ë’TĞKM‹LŒŒËÜL›Ù\Ë[™\™ŞWÜÜÚ]]™WØÛÛ[Z]Ø[\WÜİÜİMŒÌŒMMNM‹LMŒLNNNLŒLŒÍÍÌŒLÍËMËŒÍNMÎLMÍÍÍ‹ËŒÎNLŒMËMËÍLLMÌLNNM‘Y[KÜ\Ë’TĞKM‹LŒŒËÜL›Ù\Ë[™\™ŞWÜÜÚ]]™WØÛÛ[Z][WÛZ[—ÜİLKMLÌÌMLÍNLLŒËLÌLÍLL‹LËLÍÍÍÌLLÌÌMËLMËLMLÎLKLKÍÍŒÌŒŒM‹LLKŒLÌÌNLMB‘Y[KÜ\Ë’TĞKM‹LŒŒËÜL›Ù\Ë[™\™ŞWÜÜÚ]]™WØÛÛ[Z][WÛX^ÜİŒËÎMMMLŒNLŒNMLMLËLKMŒŒLÌKËÍŒŒLÍLLMKŒLŒÍÍNLÎLNÍKKNMŒ‘Y[KÜ\Ë’TĞKM‹LŒŒËÜL›Ù\Ë[™\™ŞWÜÜÚ]]™WØÛÛ[Z]˜[™ÙWØXœËLKŒÍŒÍLŒŒŒÌŒLÍŒËLKÍŒLŒLŒÍLÎËŒÍŒÌLŒLLKŒÍŒÍLŒŒŒÌŒLÍŒËÍŒLŒMLMŒÌÍLKLKŒÍŒÍLŒŒŒÌŒLÍŒÂ‘Y[KÜ\Ë’TĞKM‹LŒŒËÜL›Ù\Ë[™\™ŞWÜÜÚ]]™WØÛÛ[Z]ØÙØXœËKLŒMMÍÍÌLÍLKÌMŒÍÍËŒLÍŒÌNLÎMÍMË‹MMLLŒMŒL‹ÎMÌÍŒMÍÍ‹ËŒŒÌÍLÍÍÍN‚‘Y[KÜ\Ë’TĞKM‹LŒŒËÜL›Ù\Ë[™\™ŞWÜÜÚ]]™WØÛÛ[Z]ØÙÜİKMLÌÌMLÍNLŒLÍÌÌÍLMÍŒ‹MËLMLÎLKŒŒMÍÎNLÍNLNLKMLLÍÌLLŒËKNMŒ‘Y[KÜ\Ë’TĞKM‹LŒŒËÜ›Ù\Ë[™\™ŞWÜÜÚ]]™WØÛÛ[Z]—ÛY]šXËLËŒLKŒKŒKŒKŒKŒ‘Y[KÜ\Ë’TĞKM‹LŒŒËÜ›Ù\Ë[™\™ŞWÜÜÚ]]™WØÛÛ[Z]YX[‹Œ‹LLÌŒMNMNKLŒ‹LMÌÍLÎL‹Œ‹ŒÌÌÎLÌÍÍŒËÍŒÎMÌLÎKŒKLÍŒŒMŒÍKŒLLLÍMŒLB‘Y[KÜ\Ë’TĞKM‹LŒŒËÜ›Ù\Ë[™\™ŞWÜÜÚ]]™WØÛÛ[Z]\\—ÜİMŒÎLLMÍLNLLËŒŒL‹‹ŒÍÍÎÍŒKŒÍLÍNÌÎMLÍÌÌŒË‹ŒMLLÍMŒKŒLÍNŒÎLLÂ‘Y[KÜ\Ë’TĞKM‹LŒŒËÜ›Ù\Ë[™\™ŞWÜÜÚ]]™WØÛÛ[Z]Ø[\WÜİÜİLLNLÌLM‹LLÎMŒNMŒNLLÌKËÎÍMLÍÌL‹ŒNŒÍL‹ÎŒÌLLMMËL‹ÍŒLÌÌMMÌL‘Y[KÜ\Ë’TĞKM‹LŒŒËÜ›Ù\Ë[™\™ŞWÜÜÚ]]™WØÛÛ[Z][WÛZ[—ÜİLM‹MÌÍNLMŒMLMËLLMKŒŒMNMŒŒËLNMÎNŒMLMNKLLKŒŒMŒÍLÌÌÍÍËLNKŒÌNLMŒÌMÍKNŒÌLLÎÂ‘Y[KÜ\Ë’TĞKM‹LŒŒËÜ›Ù\Ë[™\™ŞWÜÜÚ]]™WØÛÛ[Z][WÛX^ÜİNŒÌNLMNLNMÌMLM‹MÍÍLŒŒÎLKÍÍMMŒLŒKŒLÎLÌÎÍÍŒËMMMLÌMÌKŒ‹LÍMÌLMŒ‘Y[KÜ\Ë’TĞKM‹LŒŒËÜ›Ù\Ë[™\™ŞWÜÜÚ]]™WØÛÛ[Z]˜[™ÙWØXœËËNNMÌŒÎNLËŒÎLMNMÌŒMKKNMÍÍNMMLËËNNMÌŒÎNMMMÎÍMNŒL‹ËNNMÌŒÎN‘Y[KÜ\Ë’TĞKM‹LŒŒËÜ›Ù\Ë[™\™ŞWÜÜÚ]]™WØÛÛ[Z]ØÙØXœËŒNMŒŒLÍËLŒLNŒÍÍK‹LÌMÌÌÎÍŒLÍÎKÌÍŒÍLLŒŒÎË‹ÍLLLMNLMËKŒMNNMÍÌLMB‘Y[KÜ\Ë’TĞKM‹LŒŒËÜ›Ù\Ë[™\™ŞWÜÜÚ]]™WØÛÛ[Z]ØÙÜİNŒÌNLMNLNMÌMLMËŒÎÌÎÍLNML‹NŒMÍMËŒKŒLÎLÌÎÍÍŒËLLMÌLNËŒ‹LÍMÌLMŒ‘]\™][K˜]]™YKÔËM‹LŒŒËÜL›Ù\Ë[™\™ŞWÜÜÚ]]™WØÛÛ[Z]—ÛY]šXËLËŒLKŒKŒKŒKŒKŒ‘]\™][K˜]]™YKÔËM‹LŒŒËÜL›Ù\Ë[™\™ŞWÜÜÚ]]™WØÛÛ[Z]YX[‹KÍNMLLNLÎLKŒŒÎNMMMÌÌMKKMÌÍLÍKLŒÍLMMMÍLMKŒMMMNNÍKLLMŒÌMÍÌM‘]\™][K˜]]™YKÔËM‹LŒŒËÜL›Ù\Ë[™\™ŞWÜÜÚ]]™WØÛÛ[Z]\\—ÜİM‹ÌÍMMMKLM‹ŒLLLÍÌMÌLÌLŒÎLKLŒÍŒÍMLKŒKŒMŒÌMÍÌŒÌŒM‹KŒÎMÍÎNMŒÍ‹ŒKŒLÌLÎNMMÌÂ‘]\™][K˜]]™YKÔËM‹LŒŒËÜL›Ù\Ë[™\™ŞWÜÜÚ]]™WØÛÛ[Z]Ø[\WÜİÜİLËŒNÍÌNLMLMŒÍLÌNMÎÌÍ‹NLLÍNLÍMMKMÌNÌLÎËŒŒŒŒMNLÌÌ‹MKÍÍÌLÎŒLNB‘]\™][K˜]]™YKÔËM‹LŒŒËÜL›Ù\Ë[™\™ŞWÜÜÚ]]™WØÛÛ[Z][WÛZ[—ÜİLÌŒMÌÌ‹LLLLÌMÍMKLÌKNÌMŒKLLKŒNÎÎMNLÌÎËLÌ‹MÎÎMÎLÌKLLŒLNMÍÍMÎM‘]\™][K˜]]™YKÔËM‹LŒŒËÜL›Ù\Ë[™\™ŞWÜÜÚ]]™WØÛÛ[Z][WÛX^ÜİM‹NŒÍÍÍLMŒNLMKMMÍNMMŒÌL‹LLMÌNMMMÌŒ‹ŒMÌLŒÍÍËKÌŒÍŒÌÌËŒ‹MÍMMŒÍMLM‚‘]\™][K˜]]™YKÔËM‹LŒŒËÜL›Ù\Ë[™\™ŞWÜÜÚ]]™WØÛÛ[Z]˜[™ÙWØXœËŒMÎMMÌNNLËLMŒÍÎÍMK‹ŒMNLÌÍÍËŒMÎMMÌNNLË‹ŒÍÍŒLÍÎŒ‹ŒMÎMMÌNNLÂ‘]\™][K˜]]™YKÔËM‹LŒŒËÜL›Ù\Ë[™\™ŞWÜÜÚ]]™WØÛÛ[Z]ØÙØXœË‹MÌNMMMÍŒL‹ÍLMMLÍÌÍKKŒŒÍÍMLÍÌÍMMMKËŒMÌÌMLLÍŒÍKŒLLŒMŒÍÍLÌÌËËŒÍÌLÎNÌ‚‘]\™][K˜]]™YKÔËM‹LŒŒËÜL›Ù\Ë[™\™ŞWÜÜÚ]]™WØÛÛ[Z]ØÙÜİÌŒMÌÌ‹LLLÌMÍMKL‹ŒNŒÌNMÍNL‹ÌKNÌMŒKLKŒÍLMŒÌLLŒMLËÌ‹MÎÎMÎLÌB‘]\™][K˜]]™YKÔËM‹LŒŒËÜ›Ù\Ë[™\™ŞWÜÜÚ]]™WØÛÛ[Z]—ÛY]šXËLËŒLKŒKŒKŒKŒKŒ‘]\™][K˜]]™YKÔËM‹LŒŒËÜ›Ù\Ë[™\™ŞWÜÜÚ]]™WØÛÛ[Z]YX[‹KLÍÍNMMNLKMMNNNMËKŒNNMÌÌLŒÍLËLŒLÍLŒMÍÎÍKÍÍLÎMMNMŒŒLMMMŒLNMMÂ‘]\™][K˜]]™YKÔËM‹LŒŒËÜ›Ù\Ë[™\™ŞWÜÜÚ]]™WØÛÛ[Z]\\—ÜİŒÎMÌÌLLLMLŒMŒÎMÍŒÌËLËŒŒLNMÎMÌÍËÎKMMMŒL‹ÌŒMLÍŒŒÎNÌËMNLÍÍLLMB‘]\™][K˜]]™YKÔËM‹LŒŒËÜ›Ù\Ë[™\™ŞWÜÜÚ]]™WØÛÛ[Z]Ø[\WÜİÜİNKMÌMŒŒŒÍKLŒŒŒÌÍLŒÌÍÌËMÌLŒMMNLÌMÍËŒËLŒÍLLÌMŒKL‹ŒMŒÌŒL‹ŒNMMLMŒÎÌÍÌÂ‘]\™][K˜]]™YKÔËM‹LŒŒËÜ›Ù\Ë[™\™ŞWÜÜÚ]]™WØÛÛ[Z][WÛZ[—ÜİLÎLÎLMÎNÌ‹LL‹ŒÍMÍÍNLËLÌ‹ŒMŒÌMMÍLÌMKLNKŒÍMÍLÌËMÍŒÍÍÌMŒMÎLMKŒÎMÍÎLŒLN‘]\™][K˜]]™YKÔËM‹LŒŒËÜ›Ù\Ë[™\™ŞWÜÜÚ]]™WØÛÛ[Z][WÛX^ÜİÎMÎMÎŒÌMÍÍ‹LÍMLNLŒËŒËŒNLÍNLŒMLÌL‹ÌÍŒÌÌMÍLÎÍNNÍÌÍÎMÌLKKÍLMLMMLLÍŒÌÂ‘]\™][K˜]]™YKÔËM‹LŒŒËÜ›Ù\Ë[™\™ŞWÜÜÚ]]™WØÛÛ[Z]˜[™ÙWØXœË‹ÌÍÎMÌNLÎNL‹ŒŒMMNŒÍÍKŒMÌNNLÎNL‹‹ÌÍÎMÌNLÎNËŒÍÍLLÍÍÌNLMK‹ÌÍÎMÌNLÎN‘]\™][K˜]]™YKÔËM‹LŒŒËÜ›Ù\Ë[™\™ŞWÜÜÚ]]™WØÛÛ[Z]ØÙØXœËËÌÍMMÌÍŒLÌ‹LËMLNÍMMM‹‹ŒMÌÌLNŒÌŒÌMŒLÌŒMÍKKÍÌMÌÌNLŒLËNÎNÎN‚‘]\™][K˜]]™YKÔËM‹LŒŒËÜ›Ù\Ë[™\™ŞWÜÜÚ]]™WØÛÛ[Z]ØÙÜİÎMÎMÎŒÌMÍÍ‹LÍMLNLŒËŒËÍÌŒNLŒMLKÌÍŒÌÌMÍLÎÍNNÍÌÍÎMÌLKKÍLMLMMLLÍŒÌÂ‘]\™][K˜]]™YK’QKM‹LŒŒËÜL›Ù\Ë[™\™ŞWÜÜÚ]]™WØÛÛ[Z]—ÛY]šXËMŒLKŒKŒKŒKŒKŒ‘]\™][K˜]]™YK’QKM‹LŒŒËÜL›Ù\Ë[™\™ŞWÜÜÚ]]™WØÛÛ[Z]YX[‹KŒÌMÌÌNÍÌÍŒMLKŒÌLŒÍÌNMÍKMŒÍMLÎNLLÌÌÎKKÍMNNNLLÍŒM‹ÌMLÍÎKKMÎÍLLNNLÍÍÍÂ‘]\™][K˜]]™YK’QKM‹LŒŒËÜL›Ù\Ë[™\™ŞWÜÜÚ]]™WØÛÛ[Z]\\—ÜİMKNMLŒLLŒKLMKŒŒLMÍÎMLNLÎKÍÌMMÌÍÍLÍ‹Œ‹NLŒNMLL‹LÍMMŒMN‹ŒËŒŒLMŒLÍNÌÍLÂ‘]\™][K˜]]™YK’QKM‹LŒŒËÜL›Ù\Ë[™\™ŞWÜÜÚ]]™WØÛÛ[Z]Ø[\WÜİÜİL‹ŒÎMÌÌÌŒLÍMÌMKLL‹ŒNMŒÍMÍKËNÍÌÌÌÍL‹MŒMLMLŒÌLLÌÍ‹ŒMMÎML‹MKŒLLŒLMMÍÌMLMÂ‘]\™][K˜]]™YK’QKM‹LŒŒËÜL›Ù\Ë[™\™ŞWÜÜÚ]]™WØÛÛ[Z][WÛZ[—ÜİLŒËÍÍMÌÍNLÌÌËLLŒKMŒMÌÍÍNLKŒLLLÍÍŒLÌLLLŒÎLNLŒMŒNNNKLËŒÌMLŒŒLÌNLÍMÌÍÍ‚‘]\™][K˜]]™YK’QKM‹LŒŒËÜL›Ù\Ë[™\™ŞWÜÜÚ]]™WØÛÛ[Z][WÛX^ÜİMŒNMMMLŒMMLMŒMŒMŒÌÍÎKLÌŒŒÎMŒNNÍÌÌMLŒŒK‹ŒMNLÍÎLÌÎMKŒKŒÍÍÌŒLLÂ‘]\™][K˜]]™YK’QKM‹LŒŒËÜL›Ù\Ë[™\™ŞWÜÜÚ]]™WØÛÛ[Z]˜[™ÙWØXœËËLÍMMLÎLÌNLËLŒÍMÌÍÌÍMKKLŒMLMMËËLÍMMLÎLÌNKÌÌÎLMMKËLÍMMLÎLÌN‘]\™][K˜]]™YK’QKM‹LŒŒËÜL›Ù\Ë[™\™ŞWÜÜÚ]]™WØÛÛ[Z]ØÙØXœË‹ŒŒMLMÌÌŒÍÌKL‹ŒÌÌLNNLLŒMËKŒÌÍÍÌÌÍMŒÌÍNL‹‹LÌÍLÍŒNLMLÍŒÌMMÍ‹MMLÍ‚‘]\™][K˜]]™YK’QKM‹LŒŒËÜL›Ù\Ë[™\™ŞWÜÜÚ]]™WØÛÛ[Z]ØÙÜİŒËÍÍMÌÍNLÌÌËLŒKMŒMÌÍÍNLKŒLŒÌÌLMNŒËKŒLLLÍÍŒLÌLÍËKŒÍLLMNMLÎMMËŒÌMLŒŒLÌ‘]\™][K˜]]™YK’QKM‹LŒŒËÜ›Ù\Ë[™\™ŞWÜÜÚ]]™WØÛÛ[Z]—ÛY]šXËLËŒLKŒKŒKŒKŒKŒ‘]\™][K˜]]™YK’QKM‹LŒŒËÜ›Ù\Ë[™\™ŞWÜÜÚ]]™WØÛÛ[Z]YX[‹KŒLLŒÌMŒÎMLËLKŒLMŒŒÍLMLÌNÌŒÌÍÎŒŒÍKMÌÍÌNKMÌÎMŒŒMŒŒL‹KŒÌÌNLB‘]\™][K˜]]™YK’QKM‹LŒŒËÜ›Ù\Ë[™\™ŞWÜÜÚ]]™WØÛÛ[Z]\\—ÜİMKŒNÎLŒÎLËLLËÍŒŒŒÍÌLNLËÌMÎŒÌÌKŒŒÎMMMNÎMKŒÍLLLNNLÍÎËŒÍÌŒMŒÎŒMŒÂ‘]\™][K˜]]™YK’QKM‹LŒŒËÜ›Ù\Ë[™\™ŞWÜÜÚ]]™WØÛÛ[Z]Ø[\WÜİÜİLKNÍLÌŒKLL‹ŒÍMÌMLËËMÍMLNLÍÌÍKMŒMNÌÌK‹ŒÍMÎNÎÍËMŒLMMMÌLÌÂ‘]\™][K˜]]™YK’QKM‹LŒŒËÜ›Ù\Ë[™\™ŞWÜÜÚ]]™WØÛÛ[Z][WÛZ[—ÜİLNKÎNMMÌNNNNMŒ‹LLNŒŒŒLÍMŒŒŒŒÍÌËLŒKÍLNMËLLKLLMÎLMÎËLŒËŒÌMÍLÌËLLŒLLÌŒMŒÍÍÂ‘]\™][K˜]]™YK’QKM‹LŒŒËÜ›Ù\Ë[™\™ŞWÜÜÚ]]™WØÛÛ[Z][WÛX^ÜİKÌŒÍŒÍNÎLŒNLŒËŒÍÍŒŒNMÌNLÎLŒNLÍÌŒKLŒLŒÌLNMLŒŒLŒÌMÎMÌÌËÌŒŒLÍLÌÎMÌNLÍŒM‘]\™][K˜]]™YK’QKM‹LŒŒËÜ›Ù\Ë[™\™ŞWÜÜÚ]]™WØÛÛ[Z]˜[™ÙWØXœËŒMNLLÍÎLKLËNMLLÎM‹‹ŒMÌMMNMŒLMŒÍÍ‹ŒMNLLÍÎLKKLÌÌMKŒMNLLÍÎLB‘]\™][K˜]]™YK’QKM‹LŒŒËÜ›Ù\Ë[™\™ŞWÜÜÚ]]™WØÛÛ[Z]ØÙØXœË‹ŒÍŒNMŒŒMÍMKL‹ŒMMMÌLËKŒLÎMŒNMÌL‹MÍÎLNÍÎMMKLÍÌÍMMÌÍM‹‹MŒMMLÎLÍNÌÂ‘]\™][K˜]]™YK’QKM‹LŒŒËÜ›Ù\Ë[™\™ŞWÜÜÚ]]™WØÛÛ[Z]ØÙÜİKÌŒÍŒÍNÎLŒNLŒËŒÍÍŒŒNMÌNLÎL‹ŒÍLŒÍÍLMÍLŒLŒÌLNMLŒLŒLLÌŒMŒÍÍËÌŒŒLÍLÌÎMÌNLÍŒM‘]\™][K˜]]™YKĞQSKM‹LŒŒËÜL›Ù\Ë[™\™ŞWÜÜÚ]]™WØÛÛ[Z]—ÛY]šXËLËŒLKŒKŒKŒKŒKŒ‘]\™][K˜]]™YKĞQSKM‹LŒŒËÜL›Ù\Ë[™\™ŞWÜÜÚ]]™WØÛÛ[Z]YX[‹MŒMÌÍŒŒÌÍŒLÌŒŒ‹LMŒŒÍÍMMÎ‹LËŒLŒLŒÍMLM‹MŒÎNMLŒL‹L‹ÍÌÍÍÍMKŒLÍMŒÌÌMÌLMB‘]\™][K˜]]™YKĞQSKM‹LŒŒËÜL›Ù\Ë[™\™ŞWÜÜÚ]]™WØÛÛ[Z]\\—ÜİM‹LÎMMÌÌKLMËŒÍÍÎËÌLŒMŒMŒNÌKŒÍÌMÌMŒMNNNM‹LNMMÍLÎMÎNÌ‹ŒMÎÍŒNMÍÍB‘]\™][K˜]]™YKĞQSKM‹LŒŒËÜL›Ù\Ë[™\™ŞWÜÜÚ]]™WØÛÛ[Z]Ø[\WÜİÜİMËŒŒMLNŒÍËLMËŒÌÎÌÎLLËL‹MNMNMLLŒÍMŒMÍÌNŒLMMM‹LŒMÌŒÍLM‹ŒMŒŒŒÌÎB‘]\™][K˜]]™YKĞQSKM‹LŒŒËÜL›Ù\Ë[™\™ŞWÜÜÚ]]™WØÛÛ[Z][WÛZ[—ÜİLKMŒÌLLŒÍÍNM‹LLŒÍNMNMMN‹LLMŒÍÍLËLMËLNÌÍLŒÍÌŒŒ‹LKÍÎMMŒÌÎKLLKŒŒŒMMÍÍM‚‘]\™][K˜]]™YKĞQSKM‹LŒŒËÜL›Ù\Ë[™\™ŞWÜÜÚ]]™WØÛÛ[Z][WÛX^ÜİÌKŒLÍLNLÌMŒÍLŒLÌLŒŒÎMNKLŒÎMŒŒŒÍ‹ŒMÎÍLÌMMMÍÌÎÍŒMÎMËÎKMÌÍÍÎLMÌM‘]\™][K˜]]™YKĞQSKM‹LŒŒËÜL›Ù\Ë[™\™ŞWÜÜÚ]]™WØÛÛ[Z]˜[™ÙWØXœËËLÌMÌŒMMLŒ‹LËLÌLÍMNMMÍKÌLÍMÌŒËËLÌMÌŒMMLŒ‹ŒMÌNLŒÎNËLÌMÌŒMMLŒ‚‘]\™][K˜]]™YKĞQSKM‹LŒŒËÜL›Ù\Ë[™\™ŞWÜÜÚ]]™WØÛÛ[Z]ØÙØXœËŒÍMÌŒÌMÌŒËLŒÌMNLMÍÎMŒ‹‹MMÎMÌÌKÎÍÍLLNŒ‹ŒÌLÍLŒMŒNMŒ‹KŒMMLMNLÍÍB‘]\™][K˜]]™YKĞQSKM‹LŒŒËÜL›Ù\Ë[™\™ŞWÜÜÚ]]™WØÛÛ[Z]ØÙÜİÌKŒLÍLNLÌMŒÍLÍÌÎMÎLMÍÍŒKŒNNLLÍÎNLÍ‹ŒMÎÍLÌMMËŒLMLÎÎLÌLKÎKMÌÍÍÎLMÌM‘]\™][K˜]]™YKĞQSKM‹LŒŒËÜ›Ù\Ë[™\™ŞWÜÜÚ]]™WØÛÛ[Z]—ÛY]šXËLËŒLKŒKŒKŒKŒKŒ‘]\™][K˜]]™YKĞQSKM‹LŒŒËÜ›Ù\Ë[™\™ŞWÜÜÚ]]™WØÛÛ[Z]YX[‹MŒÎLNMÍLÎŒNLMŒÍÌŒÌÍMŒLÌL‹LËŒMÍÍÍKMKŒŒMMÍMNLŒLËŒÎLLÌÌÍMKMKLÍÍLMÍNL‘]\™][K˜]]™YKĞQSKM‹LŒŒËÜ›Ù\Ë[™\™ŞWÜÜÚ]]™WØÛÛ[Z]\\—ÜİNKŒÌNŒLÍLMKLNKŒÌLLMÍMNMKL‹ŒÎÌÍÌÌLNMËËLÍÌÌÍLÍM‹LKŒMŒÎÎMLÍKŒLLLLÍÎ‚‘]\™][K˜]]™YKĞQSKM‹LŒŒËÜ›Ù\Ë[™\™ŞWÜÜÚ]]™WØÛÛ[Z]Ø[\WÜİÜİMKLÌÍÎÍÎLLÎKLMKMLNLLÎLÌMÌKLÌMLÌÍLŒLÍÎ‹NŒÍÎNMÌNLMÌŒËLMÎMŒÌŒNM‹NŒMMMÍŒMÌŒŒMB‘]\™][K˜]]™YKĞQSKM‹LŒŒËÜ›Ù\Ë[™\™ŞWÜÜÚ]]™WØÛÛ[Z][WÛZ[—ÜİLÌLNMÌLŒÌ‹LLKŒMLMMÎLÌÍ‹LÌ‹MÌLŒÎMÌNMÎLMKLÌMÎMÍÍ‹LÍŒÌÌÍLLNLMNŒ‹LL‹ÍLLÌŒLŒÌLNMÂ‘]\™][K˜]]™YKĞQSKM‹LŒŒËÜ›Ù\Ë[™\™ŞWÜÜÚ]]™WØÛÛ[Z][WÛX^ÜİÍMLÌÌNMÌÎLËLŒKLNMÎÌLMKL‹NÍÎNMLÍÌ‹KŒLŒNMŒLÎKKÍLMMÎMLÌÎÌKÍÍÌÌÌMŒÍÂ‘]\™][K˜]]™YKĞQSKM‹LŒŒËÜ›Ù\Ë[™\™ŞWÜÜÚ]]™WØÛÛ[Z]˜[™ÙWØXœËËNMÍMNNŒÌŒML‹MMÍÌŒÎLLÎMKLÌŒLLÎNMÍKËNMÍMNNŒÌŒMËŒÍÌNMÍŒLÍMÎËNMÍMNNŒÌŒM‘]\™][K˜]]™YKĞQSKM‹LŒŒËÜ›Ù\Ë[™\™ŞWÜÜÚ]]™WØÛÛ[Z]ØÙØXœËÍŒMŒŒLMÎMKLŒLNLÍMMMM‹‹ŒÍNMMLŒLMMKNLLNNÎLËKLLNÌÎLÎMNNLŒ‹KŒŒLMÍ‚‘]\™][K˜]]™YKĞQSKM‹LŒŒËÜ›Ù\Ë[™\™ŞWÜÜÚ]]™WØÛÛ[Z]ØÙÜİÌLNMÌLŒÌ‹LKŒLMMÌËM‹ŒÍLŒMLLÌŒŒÍËÌ‹MÌLŒÎMÌNMÎL‹ÍLLÌŒLŒÌLNMËÍŒÌÌÍLLNLMNŒ‚‘]\™][K˜]]™YKØ[Z[™ËM‹LŒŒËÜL›Ù\Ë[™\™ŞWÜÜÚ]]™WØÛÛ[Z]—ÛY]šXËLËŒLKŒKŒKŒKŒKŒ‘]\™][K˜]]™YKØ[Z[™ËM‹LŒŒËÜL›Ù\Ë[™\™ŞWÜÜÚ]]™WØÛÛ[Z]YX[‹ŒKŒÍŒMLÍÌLÍÌËLŒKŒÍMÌÌŒNNMKŒŒÌLLÌMÎŒÎL‹Œ‹ŒÌÌŒNLNKMMLMÎÎÍLÌ‹Œ‹MMÌŒÍÎNMB‘]\™][K˜]]™YKØ[Z[™ËM‹LŒŒËÜL›Ù\Ë[™\™ŞWÜÜÚ]]™WØÛÛ[Z]\\—ÜİNÍŒMÎMŒÌÌÍÎKLNŒÌMÌÌÍÍÍÍÍËLŒŒNMNÌMML‹ŒŒMÍÌŒÌÌMŒNKËNMMLŒLLÍKŒÎMMNMMÍÌNN‘]\™][K˜]]™YKØ[Z[™ËM‹LŒŒËÜL›Ù\Ë[™\™ŞWÜÜÚ]]™WØÛÛ[Z]Ø[\WÜİÜİLËŒLMÌLL‹LLËMÎNMÌÍÌÌÍŒKÍLLÍMŒNLÍÎKMKÌNLÎLÍŒÍËŒÌÌÌÌŒ‹MKMÌŒLLNNNLÌÍB‘]\™][K˜]]™YKØ[Z[™ËM‹LŒŒËÜL›Ù\Ë[™\™ŞWÜÜÚ]]™WØÛÛ[Z][WÛZ[—ÜİLMÌÍÌÍMMNŒM‹LLMÎŒLŒLLÍ‹LMËÎNNMÌÎÌŒ‹LLŒŒÍNMLLKLNLÌÌMŒLMMÌ‹NÎLLŒŒLŒMMÂ‘]\™][K˜]]™YKØ[Z[™ËM‹LŒŒËÜL›Ù\Ë[™\™ŞWÜÜÚ]]™WØÛÛ[Z][WÛX^ÜİÌMLLŒÎÍLKLÎLÌÍŒMÍKLMNÌNMLÍÍÍLÍÌÌ‹ŒMŒNLLNÌÌËKŒŒÌMÍMŒNMŒŒÍÌŒKÌËMÌŒLÍN‘]\™][K˜]]™YKØ[Z[™ËM‹LŒŒËÜL›Ù\Ë[™\™ŞWÜÜÚ]]™WØÛÛ[Z]˜[™ÙWØXœËKŒÍŒMLÍÌËLKŒLLMÌÌLÌÌLKLLMÌÌÍÌŒLKKŒÍŒMLÍÌËŒMÎÌNMLËKŒÍŒMLÍÌÂ‘]\™][K˜]]™YKØ[Z[™ËM‹LŒŒËÜL›Ù\Ë[™\™ŞWÜÜÚ]]™WØÛÛ[Z]ØÙØXœË‹ŒLÍŒMMÍÎLŒÍKLKŒÍMLÍÌMÌK‹ŒÎNŒÎMÌML‹ÍÍLÎNLK‹ŒLLNMLLÍŒŒLK‹MMNMÍÌMB‘]\™][K˜]]™YKØ[Z[™ËM‹LŒŒËÜL›Ù\Ë[™\™ŞWÜÜÚ]]™WØÛÛ[Z]ØÙÜİÌMLLŒÎÍLKLÎLÌÍŒMÍKLKÍŒŒŒÌLMÌ‹ŒMŒNLLNÌÌËLŒÌMŒÌÍÍÎKÌËMÌŒLÍN‘]\™][K˜]]™YKØ[Z[™ËM‹LŒŒËÜ›Ù\Ë[™\™ŞWÜÜÚ]]™WØÛÛ[Z]—ÛY]šXËLËŒLKŒKŒKŒKŒKŒ‘]\™][K˜]]™YKØ[Z[™ËM‹LŒŒËÜ›Ù\Ë[™\™ŞWÜÜÚ]]™WØÛÛ[Z]YX[‹ŒKŒÌÎŒÌNLMNNÌKLŒKŒÌŒMŒMŒŒÍMMNKLLLŒŒLLLKŒ‹ÎMMLÍLÍÌ‹NKŒŒŒMLN‹ŒËMMŒLÍNÍÌM‘]\™][K˜]]™YKØ[Z[™ËM‹LŒŒËÜ›Ù\Ë[™\™ŞWÜÜÚ]]™WØÛÛ[Z]\\—Üİ‹ŒNMŒÍLMËLKÌLŒŒŒMÎÍLËLËŒŒNÌMLÌËÎŒLÍŒNLÎMÍM‹L‹MMLLÎNKÎKŒLMÌÍÍÍÍB‘]\™][K˜]]™YKØ[Z[™ËM‹LŒŒËÜ›Ù\Ë[™\™ŞWÜÜÚ]]™WØÛÛ[Z]Ø[\WÜİÜİNKLÌMMMLÍLNKÍŒMNLËMŒMÎNMÍM‹ŒËNŒÌLÍŒÍMKLKMÍŒLMNLÎMMÌŒB‘]\™][K˜]]™YKØ[Z[™ËM‹LŒŒËÜ›Ù\Ë[™\™ŞWÜÜÚ]]™WØÛÛ[Z][WÛZ[—ÜİLÌKÍÎÍŒMNMÌ‹LLÌKŒMÍLNMÍLÌNLÍKLÍKŒŒNNÎMMNNËLŒNLMÍÍÍŒLÍÎL‹LÍ‹ÌÍÌÎNKLMKNÌŒÎLB‘]\™][K˜]]™YKØ[Z[™ËM‹LŒŒËÜ›Ù\Ë[™\™ŞWÜÜÚ]]™WØÛÛ[Z][WÛX^ÜİKMÎMLLÌLMËLËNLŒÍLÌLŒLÌNLLL‹Í‹MŒNLÌÍL‹MËÍMÍÌÌNNNËŒMÍMÎMÌNNŒ‚‘]\™][K˜]]™YKØ[Z[™ËM‹LŒŒËÜ›Ù\Ë[™\™ŞWÜÜÚ]]™WØÛÛ[Z]˜[™ÙWØXœËLËŒNÎMÌMNNNLLËŒMMMÍLÌL‹KŒLLÍLÌËLËŒNÎMÌMNNNËNLMÌLËŒNÎMÌMNNN‘]\™][K˜]]™YKØ[Z[™ËM‹LŒŒËÜ›Ù\Ë[™\™ŞWÜÜÚ]]™WØÛÛ[Z]ØÙØXœË‹ÎLÍÍÍÌLÎËL‹MMLÍÌŒLÌÍŒMKLÎMLNMMLMÌKËMLNLÌ‹ŒMŒÍLLÍÍMMKŒMLŒÌÌMMÎ‘]\™][K˜]]™YKØ[Z[™ËM‹LŒŒËÜ›Ù\Ë[™\™ŞWÜÜÚ]]™WØÛÛ[Z]ØÙÜİÌKÍÎÍŒMNMÌ‹LÌ‹ŒLNMÍLMÌMÍ‹Œ‹ŒÎMÍMÍMKÍ‹ÍÎLÍMMLŒÌ‹MËÍMÍÌÌNNNËŒMÍMÎMÌNNŒ‚‘]\™][K˜]]™YK^T[M‹LŒŒËÜL›Ù\Ë[™\™ŞWÜÜÚ]]™WØÛÛ[Z]—ÛY]šXËMŒLKŒKŒKŒKŒKŒ‘]\™][K˜]]™YK^T[M‹LŒŒËÜL›Ù\Ë[™\™ŞWÜÜÚ]]™WØÛÛ[Z]YX[‹ŒËŒLMŒMÍMÌMKLŒËŒMLNNÌLÌ‹ŒKŒMMŒÎÌÍÍÌÍMLMŒMŒÎLŒNLÍŒŒMÍNLÎNLÌMËKMMLŒLÌŒŒM‘]\™][K˜]]™YK^T[M‹LŒŒËÜL›Ù\Ë[™\™ŞWÜÜÚ]]™WØÛÛ[Z]\\—ÜİÌKŒŒÍÍÌÍÌÍÌMLÌŒNMÌÎKMËMÌNMÌÍLŒŒÌKŒLÌÍLLÍÌNÍM‹ÍNLLŒÌLÍK‹ÌMÎÌÍL‚‘]\™][K˜]]™YK^T[M‹LŒŒËÜL›Ù\Ë[™\™ŞWÜÜÚ]]™WØÛÛ[Z]Ø[\WÜİÜİŒKLŒLŒNŒNLLNKLŒKMMMÌMÍÎM‹ŒŒÎNLÍÌKKŒNÎMNLLÌÌËLËLNLNNL‹ËŒNLÌÌLÌÂ‘]\™][K˜]]™YK^T[M‹LŒŒËÜL›Ù\Ë[™\™ŞWÜÜÚ]]™WØÛÛ[Z][WÛZ[—ÜİLÍNNLÍMLLÌKLMŒ‹LÎŒŒMMNÍŒNKLNKLMLŒLÍMMLMNMNMÍNMLMKÌLÌÍÌÌÌ‚‘]\™][K˜]]™YK^T[M‹LŒŒËÜL›Ù\Ë[™\™ŞWÜÜÚ]]™WØÛÛ[Z][WÛX^ÜİÎŒÌLLMÎMNMLÌËŒLÎMLÍLŒËŒÌLMMMËKŒÍLLLMŒMM‹NŒMLNMÌLMMNMÍËL‹ÎMLÍÎNNMÌM‚‘]\™][K˜]]™YK^T[M‹LŒŒËÜL›Ù\Ë[™\™ŞWÜÜÚ]]™WØÛÛ[Z]˜[™ÙWØXœËM‹ÌÍŒŒM‹LMŒÌLÌÍLŒÎËLLLÍÍÍÍÌÍÍLÌËM‹ÌÍŒŒM‹ËLLÌLMŒNM‹M‹ÌÍŒŒM‚‘]\™][K˜]]™YK^T[M‹LŒŒËÜL›Ù\Ë[™\™ŞWÜÜÚ]]™WØÛÛ[Z]ØÙØXœËÎLÎŒLLÌNLNKLŒŒÌŒŒŒÌLÌKKÌÎŒŒÌLÍMKLŒÌMŒÍMMÌÎMÍKŒŒÍLNÌNNLÍ‹LKŒMŒŒMÌNLŒÌÍÂ‘]\™][K˜]]™YK^T[M‹LŒŒËÜL›Ù\Ë[™\™ŞWÜÜÚ]]™WØÛÛ[Z]ØÙÜİÎŒÌLLMÎMNMLÍKNŒLNNNLÌKŒÍNÍÍMŒM‹KŒÍLLLMŒMM‹NŒMLNMÌLMMNMÍËL‹ÎMLÍÎNNMÌM‚‘]\™][K˜]]™YK^T[M‹LŒŒËÜ›Ù\Ë[™\™ŞWÜÜÚ]]™WØÛÛ[Z]—ÛY]šXËLËŒLKŒKŒKŒKŒKŒ‘]\™][K˜]]™YK^T[M‹LŒŒËÜ›Ù\Ë[™\™ŞWÜÜÚ]]™WØÛÛ[Z]YX[‹Œ‹ŒÍŒŒÌLLÎNNMKLŒ‹ŒÍMÎÎNLŒÌŒKÌMÍMLÌŒ‹ŒËŒÌÌLLLÍMŒÍÌ‹ŒKŒÍÌLÍMNLŒËŒÌNLLŒ‚‘]\™][K˜]]™YK^T[M‹LŒŒËÜ›Ù\Ë[™\™ŞWÜÜÚ]]™WØÛÛ[Z]\\—ÜİL‹ŒMÌLŒÎÌŒNNMLLKNÍLNM‹ÌLÍÍLÎNLM‹ŒÍMMÍÍÌÌN‹ŒLÌMŒËM‹MMMÎLMÍLNLMŒLÂ‘]\™][K˜]]™YK^T[M‹LŒŒËÜ›Ù\Ë[™\™ŞWÜÜÚ]]™WØÛÛ[Z]Ø[\WÜİÜİŒLNÍÍLÌŒËLÌÌMLÍMÍLNLMŒË‹LŒÎŒÎLŒMNMÍMMËKŒÎÌÌÍÌÌMÌKLLMMÌÌÎMÎ‘]\™][K˜]]™YK^T[M‹LŒŒËÜ›Ù\Ë[™\™ŞWÜÜÚ]]™WØÛÛ[Z][WÛZ[—ÜİLMKŒÌÌÎMNLÌÎÍŒKLLMŒMNŒÍLÍMNMKLM‹NMMMMLÍMMKNMLMÎMÍLLL‹LMËŒÌÎLÌÌÌMËŒMMNÎÌŒLÎB‘]\™][K˜]]™YK^T[M‹LŒŒËÜ›Ù\Ë[™\™ŞWÜÜÚ]]™WØÛÛ[Z][WÛX^ÜİLËŒŒÌMMÌÎ‹LL‹ÌMÍÍML‹KLÌŒÌŒNNMMMÍ‹MKÎÎLÍMŒÎËLŒNÍNMËŒÎLŒLÍMÍLMMLLÍÂ‘]\™][K˜]]™YK^T[M‹LŒŒËÜ›Ù\Ë[™\™ŞWÜÜÚ]]™WØÛÛ[Z]˜[™ÙWØXœË‹ŒMLLÎNLÎL‹ŒLÌLMLNNM‹ÍÌLÌLLLK‹ŒMLLÎNLÎËŒNMMMÍNMÌ‹ŒMLLÎNLÎ‘]\™][K˜]]™YK^T[M‹LŒŒËÜ›Ù\Ë[™\™ŞWÜÜÚ]]™WØÛÛ[Z]ØÙØXœËËMNLÎMLLËŒMLÎÌLÍNLM‹‹ŒÌÎLMMLLÍÎËÌÍŒMNNMKŒÌÌMÍMÌLËŒLMLŒMÍŒLNMB‘]\™][K˜]]™YK^T[M‹LŒŒËÜ›Ù\Ë[™\™ŞWÜÜÚ]]™WØÛÛ[Z]ØÙÜİMKŒÌÌÎMNLÌÎÍŒKLMÌLMLMÍKLŒLLŒMLÎM‹MËŒÍMŒNLÌNL‹ËLŒNÍNMËŒÌÎLÌÌÌ‘]\™][K˜]]™YK’TĞKM‹LŒŒËÜL›Ù\Ë[™\™ŞWÜÜÚ]]™WØÛÛ[Z]—ÛY]šXËLËŒLKŒKŒKŒKŒKŒ‘]\™][K˜]]™YK’TĞKM‹LŒŒËÜL›Ù\Ë[™\™ŞWÜÜÚ]]™WØÛÛ[Z]YX[‹ŒKÎNÍNLÎŒÍÌLŒKNLŒLMÍŒŒMNNKMŒMÍÍÍMLLÌKŒËMÍNLLÍNKŒMŒŒÍLNLŒÌÌÍKŒLLÌMŒMÍB‘]\™][K˜]]™YK’TĞKM‹LŒŒËÜL›Ù\Ë[™\™ŞWÜÜÚ]]™WØÛÛ[Z]\\—ÜİËŒÍLŒLMMLËMÍŒŒLÌŒLMNKNÎÌÎÌËKŒÎLMÎÌLLMËMLNMŒMÎM‹ÍLÎLÌLNLÂ‘]\™][K˜]]™YK’TĞKM‹LŒŒËÜL›Ù\Ë[™\™ŞWÜÜÚ]]™WØÛÛ[Z]Ø[\WÜİÜİŒ‹NMMÎÍLŒŒ‹LŒËŒÌLLNLLM‹LNLŒŒMÍËËŒLMÌÍŒMÎLŒLKMŒŒÎMÍMŒMÌŒÎLËËMÍÍMMNLN‘]\™][K˜]]™YK’TĞKM‹LŒŒËÜL›Ù\Ë[™\™ŞWÜÜÚ]]™WØÛÛ[Z][WÛZ[—ÜİLÌ‹ÌMMNMÌLŒKLLÌŒÌLLÌNLÍ‹ŒNMÌLLLLŒNLŒLŒŒŒÍÎLËLÍËÍLÍÍÌËLMËMNMLÌŒŒNÎLÂ‘]\™][K˜]]™YK’TĞKM‹LŒŒËÜL›Ù\Ë[™\™ŞWÜÜÚ]]™WØÛÛ[Z][WÛX^ÜİŒMLNÎNLÎKLÌMLÌÍMÍK‹ŒÎMMÍLMLŒÌM‹LKNÌMÌLŒŒLLÎMÌLÎÍ‹MËŒMLMÌÌ‚‘]\™][K˜]]™YK’TĞKM‹LŒŒËÜL›Ù\Ë[™\™ŞWÜÜÚ]]™WØÛÛ[Z]˜[™ÙWØXœËM‹ÍMÍÎMLMMLMŒLLÌËKÍNMŒŒŒŒNMNMM‹M‹ÍMÍÎMLMMËÌÎÎLÌLLÍMÍ‹M‹ÍMÍÎMLMM‘]\™][K˜]]™YK’TĞKM‹LŒŒËÜL›Ù\Ë[™\™ŞWÜÜÚ]]™WØÛÛ[Z]ØÙØXœËKŒÍŒMMLLMMMLÌÍŒNLLÍÎKKÌMMNNNLÌMKLLÌÌÍÌÌÌŒLNLLÌÎNMÌLKLKŒÌNN‚‘]\™][K˜]]™YK’TĞKM‹LŒŒËÜL›Ù\Ë[™\™ŞWÜÜÚ]]™WØÛÛ[Z]ØÙÜİŒMLNÎNLÎKLÌMLÌÍMÍKËŒÎÍŒNLNMNŒMLKNÌMÌLŒŒLLÎMÌLÎÍ‹MËŒMLMÌÌ‚‘]\™][K˜]]™YK’TĞKM‹LŒŒËÜ›Ù\Ë[™\™ŞWÜÜÚ]]™WØÛÛ[Z]—ÛY]šXËLËŒLKŒKŒKŒKŒKŒ‘]\™][K˜]]™YK’TĞKM‹LŒŒËÜ›Ù\Ë[™\™ŞWÜÜÚ]]™WØÛÛ[Z]YX[‹ŒËŒÌÌMÍMÎM‹LŒËŒÍMMŒMÎNMÌNKŒKLMÎLM‹ÍNMÍÍÍŒKŒMMÍŒÌŒLŒÌ‹KŒLÍÌÎNLNÍ‚‘]\™][K˜]]™YK’TĞKM‹LŒŒËÜ›Ù\Ë[™\™ŞWÜÜÚ]]™WØÛÛ[Z]\\—Üİ‹MÎLLLÍLNŒNËLKLŒLŒLÌLNM‹MLÌKÎŒMMŒŒNMMMLÍŒMŒMŒÌÌNÎKŒŒÎMÎLÍB‘]\™][K˜]]™YK’TĞKM‹LŒŒËÜ›Ù\Ë[™\™ŞWÜÜÚ]]™WØÛÛ[Z]Ø[\WÜİÜİMËŒŒÌÌÎLÍÍÌNËLMËŒMMÌLÍMÌ‹LËÎLÎMLŒÎKNKŒÌÍÎLLËLKÍLMÌŒÌŒÌŒÍKŒMLÎMÎMMÌMÂ‘]\™][K˜]]™YK’TĞKM‹LŒŒËÜ›Ù\Ë[™\™ŞWÜÜÚ]]™WØÛÛ[Z][WÛZ[—ÜİLŒKLÍLÌÍLÍMŒMNLLŒKLMÌMÌNLMKLKMÌÌLLNLÌŒŒÌËLM‹ŒÌÍŒNML‹MÍLŒÎLNŒÍLLËÍÌNLMŒÂ‘]\™][K˜]]™YK’TĞKM‹LŒŒËÜ›Ù\Ë[™\™ŞWÜÜÚ]]™WØÛÛ[Z][WÛX^ÜİËŒMLÌÍÌLNÌËLKŒLÍÍMŒÌLËNKŒLÍMÎLNËÌ‹ÌMÌÍÎLNMKMËMMÎÌÎLÍ‹ÌLÍMÌÎŒ‚‘]\™][K˜]]™YK’TĞKM‹LŒŒËÜ›Ù\Ë[™\™ŞWÜÜÚ]]™WØÛÛ[Z]˜[™ÙWØXœËLKMÌŒMLÍLLKŒÌMÍÍÍËKŒÍŒMËLKMÌŒMLÍ‹ÌÌLŒÎMLLŒLÎKLKMÌŒMLÍ‘]\™][K˜]]™YK’TĞKM‹LŒŒËÜ›Ù\Ë[™\™ŞWÜÜÚ]]™WØÛÛ[Z]ØÙØXœË‹ŒÌÍMÎNMÍŒMÎLKL‹ŒÍLÍÌLKMLŒNLÍLÌKËŒÌLÌNLLÎNLMÍKËÎMŒŒÌÍLÍËNNLŒMÌÍB‘]\™][K˜]]™YK’TĞKM‹LŒŒËÜ›Ù\Ë[™\™ŞWÜÜÚ]]™WØÛÛ[Z]ØÙÜİËŒMLÌÍÌLNÌËLKMMMÌÌŒŒÌMKŒKŒMMMÍNÌLÍ‹Ì‹ÌMÌÍÎLNMKMËMMÎÌÎLÍ‹ÌLÍMÌÎŒ‚‘]\™][K[Y\ÚÔËM‹LŒŒËÜL›Ù\Ë[™\™ŞWÜÜÚ]]™WØÛÛ[Z]—ÛY]šXËLKŒLKŒKŒKŒKŒKŒ‘]\™][K[Y\ÚÔËM‹LŒŒËÜL›Ù\Ë[™\™ŞWÜÜÚ]]™WØÛÛ[Z]YX[‹LŒÌLÍNMLLLLMÌLMÍMNÍËKÌMÍMŒLÌLMKLNMNÌÌÌLÍÍÍKKŒNLÌÎMÌËLLÎLÌŒÎ‘]\™][K[Y\ÚÔËM‹LŒŒËÜL›Ù\Ë[™\™ŞWÜÜÚ]]™WØÛÛ[Z]\\—ÜİËÍLÎÍÍÎNËL‹NNNLŒMMLËLKŒMMÎLÎNÌ‹ŒÌLLÎNÌ‹LNMÎNMÌÌËÌ‹LÌMŒLÍÌMÌ‚‘]\™][K[Y\ÚÔËM‹LŒŒËÜL›Ù\Ë[™\™ŞWÜÜÚ]]™WØÛÛ[Z]Ø[\WÜİÜİMËMÌÍŒÌMLÌÌ‹LNŒŒÌLÎŒLLLMŒÌÌÍÌÎLÌŒKNKNLÌŒMLŒLÌML‹MŒŒLÌMMÌŒËNKŒMÌMNMÎB‘]\™][K[Y\ÚÔËM‹LŒŒËÜL›Ù\Ë[™\™ŞWÜÜÚ]]™WØÛÛ[Z][WÛZ[—ÜİLŒLLLÌLLMKLLŒËŒŒŒÌMNNMLL‹L‹ŒÎMŒÎLÌLÌÍ‹LM‹ŒMÌŒMÌÍÌÎ‹L‹ŒÎMÌŒÎMÌLMNÍÍLNMB‘]\™][K[Y\ÚÔËM‹LŒŒËÜL›Ù\Ë[™\™ŞWÜÜÚ]]™WØÛÛ[Z][WÛX^ÜİÌ‹ŒŒLŒÌËLKNMNNLÍLÌËŒ‹ŒLNŒŒMLŒÍ‹ÌLNLMÍKŒMMNMÎMNMKÎŒŒLNNÌÍLÍÌM‚‘]\™][K[Y\ÚÔËM‹LŒŒËÜL›Ù\Ë[™\™ŞWÜÜÚ]]™WØÛÛ[Z]˜[™ÙWØXœËKÍÌÎŒŒLÍNLÍ‹LKÍÌÎŒŒLÍNLÍ‹LŒŒÍŒŒÎMKÍÌÎŒŒLÍNLÍ‹ËÌMÌMLLÍÌŒËKÍÌÎŒŒLÍNLÍ‚‘]\™][K[Y\ÚÔËM‹LŒŒËÜL›Ù\Ë[™\™ŞWÜÜÚ]]™WØÛÛ[Z]ØÙØXœËËŒÍMÎÍLMÍLÌNLËŒNLLMŒÍMÌŒŒMË‹ŒÌÍMMNNMMÍMËËÌLLMŒÍMNÌMË‹ŒMÌÌÌLŒMŒLŒ‹ËÌMLŒÌLMÂ‘]\™][K[Y\ÚÔËM‹LŒŒËÜL›Ù\Ë[™\™ŞWÜÜÚ]]™WØÛÛ[Z]ØÙÜİÌ‹ŒŒLŒÌËLKNMNNLÍLÌËŒ‹LÎLÌÍLLMŒËÍ‹ÌLNLMÍKŒMMNMÎMNMKÎŒŒLNNÌÍLÍÌM‚‘]\™][K[Y\ÚÔËM‹LŒŒËÜ›Ù\Ë[™\™ŞWÜÜÚ]]™WØÛÛ[Z]—ÛY]šXËLËŒLKŒKŒKŒKŒKŒ‘]\™][K[Y\ÚÔËM‹LŒŒËÜ›Ù\Ë[™\™ŞWÜÜÚ]]™WØÛÛ[Z]YX[‹LMLÎMÌŒŒŒKLLMÍMÎÌŒÌMLËKMLLLÌL‹LKŒÍÍMŒLŒŒKKŒÍLÍÍNLKLKŒÍÍÌLŒŒMMM‚‘]\™][K[Y\ÚÔËM‹LŒŒËÜ›Ù\Ë[™\™ŞWÜÜÚ]]™WØÛÛ[Z]\\—ÜİMËŒMÎLLÎMÍÎLMËNŒÍÍNLŒËKLÍÌÍÍŒÌÍ‹Ì‹ŒŒÌLKKÍLLŒÎÎLÌ‹ÍLÎÎNMMNM‚‘]\™][K[Y\ÚÔËM‹LŒŒËÜ›Ù\Ë[™\™ŞWÜÜÚ]]™WØÛÛ[Z]Ø[\WÜİÜİM‹ŒÌÌMMŒLÌÍÍKLM‹MÌÌÌŒÍÎNLKŒLMÍÌÌŒÌÌKNKŒMŒMNLŒÍ‹ŒÎNMMMLÎKŒŒMÍŒÍLNÌÎÂ‘]\™][K[Y\ÚÔËM‹LŒŒËÜ›Ù\Ë[™\™ŞWÜÜÚ]]™WØÛÛ[Z][WÛZ[—ÜİLŒÍÌŒMÍŒMÌÍÍLLŒËÎLML‹LËŒŒLMÍŒ‹LNÌMLÎNMÍKLÍLŒÌMNÍKLL‹ŒMÍÍŒMLÍÂ‘]\™][K[Y\ÚÔËM‹LŒŒËÜ›Ù\Ë[™\™ŞWÜÜÚ]]™WØÛÛ[Z][WÛX^ÜİÌŒÌMÌÎMŒÍŒÌMËL‹ÌNNÍÌLM‹ŒÍÌÎMÎNNÍÍÌÌÌÌÌLŒÌËLKMŒMŒŒÌÌMNM‹ÍËMLMLMŒNÍM‚‘]\™][K[Y\ÚÔËM‹LŒŒËÜ›Ù\Ë[™\™ŞWÜÜÚ]]™WØÛÛ[Z]˜[™ÙWØXœËKÌÌŒŒŒÍLMÍÍÌÎLKNMÎNLŒNLMËMÎLLŒÍ‹KÌÌŒŒŒÍLMÍÍÌÎËŒÍLÍŒÌŒL‹KÌÌŒŒŒÍLMÍÍÌÎ‘]\™][K[Y\ÚÔËM‹LŒŒËÜ›Ù\Ë[™\™ŞWÜÜÚ]]™WØÛÛ[Z]ØÙØXœËËŒMÍÌLÎLMLŒÎL‹MMMMÎLMK‹ŒLLÌNLŒÌNËLÍNMLMÌÍLMKMMMNŒŒÌËËÌNMŒŒŒNLŒÍÍŒÍB‘]\™][K[Y\ÚÔËM‹LŒŒËÜ›Ù\Ë[™\™ŞWÜÜÚ]]™WØÛÛ[Z]ØÙÜİÌŒÌMÌÎMŒÍŒÌMËLËŒÍÍLMÌÍËŒŒŒLLÍNÍÍÌÌÌÌÌLŒÌËMŒÍŒLMLÎLMÎN‹ÍËMLMLMŒNÍM‚‘]\™][K[Y\Ú’QKM‹LŒŒËÜL›Ù\Ë[™\™ŞWÜÜÚ]]™WØÛÛ[Z]—ÛY]šXËLËŒLKŒKŒKŒKŒKŒ‘]\™][K[Y\Ú’QKM‹LŒŒËÜL›Ù\Ë[™\™ŞWÜÜÚ]]™WØÛÛ[Z]YX[‹MŒÍMÍLMKLMLMÌNMKŒLÍMLNLÍÌÍŒËKMÍŒLNLLÍLŒLŒÍMŒŒŒL‹KMÎLÍLÌÌÂ‘]\™][K[Y\Ú’QKM‹LŒŒËÜL›Ù\Ë[™\™ŞWÜÜÚ]]™WØÛÛ[Z]\\—ÜİŒËŒMŒLÎMÎKLŒ‹ŒMÍŒLLÌLMËLKNNNLMÌÍNNKLLÍMÍÎŒŒMKLKÌLMÍŒMNKŒNMMÍŒŒŒ‚‘]\™][K[Y\Ú’QKM‹LŒŒËÜL›Ù\Ë[™\™ŞWÜÜÚ]]™WØÛÛ[Z]Ø[\WÜİÜİMNLLLÍLÍÌLÎ‹LMÍÍLNMNMLKŒMLÎLKM‹LMNLÌMÌLÍKKMLÎÌNMMMNMËÍLÎMÎLMÎLLM‚‘]\™][K[Y\Ú’QKM‹LŒŒËÜL›Ù\Ë[™\™ŞWÜÜÚ]]™WØÛÛ[Z][WÛZ[—ÜİLMËÍŒMÎNNNLÎLÌ‹LLMËŒÌŒLŒŒNMLMKLŒÌÍŒÍŒMKLL‹ÍÌÎMMÍÎMLŒÍËLŒ‹MŒMLLŒLMŒLËLLÌLMÍM‘]\™][K[Y\Ú’QKM‹LŒŒËÜL›Ù\Ë[™\™ŞWÜÜÚ]]™WØÛÛ[Z][WÛX^ÜİËŒÎNLŒŒÌMÍŒËLÍÌMÌMÍNMÍÍÎN‹M‹ŒMŒÌLNLMÌKŒÍÎMŒLLÌÍMKMMŒMMMKÍNNLÍÌŒÎMÎÂ‘]\™][K[Y\Ú’QKM‹LŒŒËÜL›Ù\Ë[™\™ŞWÜÜÚ]]™WØÛÛ[Z]˜[™ÙWØXœËŒŒLÌMLŒÍKLËÌŒÌMLŒË‹ŒŒMMŒLŒMKŒŒLÌMLŒÍK‹ŒNÍMNŒÌLLÍŒŒLÌMLŒÍB‘]\™][K[Y\Ú’QKM‹LŒŒËÜL›Ù\Ë[™\™ŞWÜÜÚ]]™WØÛÛ[Z]ØÙØXœË‹ÌÌLÍÎLŒKL‹ŒÍMMLŒ‹KLÍNLNLŒŒMË‹ÍLMÍLMKKŒLŒÍMMÌMK‹MŒLNLŒNNLLMMB‘]\™][K[Y\Ú’QKM‹LŒŒËÜL›Ù\Ë[™\™ŞWÜÜÚ]]™WØÛÛ[Z]ØÙÜİËŒÎNLŒŒÌMÍŒËLÍÌMÌMÍNMÍÍÎN‹M‹MÍÌLÍÎMÍNLMÌKŒÍÎMŒLLÌÍMKMMŒMMMKÍNNLÍÌŒÎMÎÂ‘]\™][K[Y\Ú’QKM‹LŒŒËÜ›Ù\Ë[™\™ŞWÜÜÚ]]™WØÛÛ[Z]—ÛY]šXËLËŒLKŒKŒKŒKŒKŒ‘]\™][K[Y\Ú’QKM‹LŒŒËÜ›Ù\Ë[™\™ŞWÜÜÚ]]™WØÛÛ[Z]YX[‹KŒŒMŒMLLÌÌÌLNLKŒŒÌŒLÌLÍMÌN‹ÌLMLLÌMËKÎLŒÍLMŒËNLLMMNMÎNÌLŒMNÎÍMÍMMÂ‘]\™][K[Y\Ú’QKM‹LŒŒËÜ›Ù\Ë[™\™ŞWÜÜÚ]]™WØÛÛ[Z]\\—ÜİMËNÌMMÍŒNKLMËMÍMMŒŒŒÍKKŒÎLÌMÍNMNKÌ‹MÍMÌÍMÍ‹ÍÌLŒŒNLLÌÍËÌËÍŒÍMMÌŒÌB‘]\™][K[Y\Ú’QKM‹LŒŒËÜ›Ù\Ë[™\™ŞWÜÜÚ]]™WØÛÛ[Z]Ø[\WÜİÜİM‹MMÎMŒLNN‹LMËŒŒMÌMNMLÌÌËLLŒŒNLÍL‹NKÍNMLÌÎÎLLÍKËŒMMMMŒÌLMŒKŒŒNMLÌÂ‘]\™][K[Y\Ú’QKM‹LŒŒËÜ›Ù\Ë[™\™ŞWÜÜÚ]]™WØÛÛ[Z][WÛZ[—ÜİLÌËŒÌLÌLËLLÌKMLMÎMËLÍKNMMNNMËLŒKŒNMNÌLNÌËLÍËŒNMLLŒŒŒNLL‹ŒMÌMMNMÍMÂ‘]\™][K[Y\Ú’QKM‹LŒŒËÜ›Ù\Ë[™\™ŞWÜÜÚ]]™WØÛÛ[Z][WÛX^ÜİŒKŒÌÎMLŒÍÌNNLÍËLNKŒLLMNLŒÌ‹L‹ŒÎMÍMÌL‹MÎNÌÌÌÌM‹MÍÌÌLMMËLÍMŒÍLLÂ‘]\™][K[Y\Ú’QKM‹LŒŒËÜ›Ù\Ë[™\™ŞWÜÜÚ]]™WØÛÛ[Z]˜[™ÙWØXœËKŒLŒŒNMKLMLÍLLÌLŒNKËŒMÍŒŒÎŒÎNMKŒLŒŒNMK‹ŒNLMMLÍŒËKŒLŒŒNMB‘]\™][K[Y\Ú’QKM‹LŒŒËÜ›Ù\Ë[™\™ŞWÜÜÚ]]™WØÛÛ[Z]ØÙØXœËËŒNLLŒLNLÌNL‹NŒÍLMLŒNLËKNLÍŒLÌŒÌLKËLÎNÌMÍÍŒMKKŒMÌÎŒÍÍÍLÌKËŒÎLMŒÍÌÍB‘]\™][K[Y\Ú’QKM‹LŒŒËÜ›Ù\Ë[™\™ŞWÜÜÚ]]™WØÛÛ[Z]ØÙÜİÌËŒÌLÌLËLÌKMLMÎMËŒKŒNMNÌLNŒËÍKNMMNNMËL‹ŒMÌMMNMÍMËÍËŒNMLLŒŒŒN‘]\™][K[Y\ÚĞQSKM‹LŒŒËÜL›Ù\Ë[™\™ŞWÜÜÚ]]™WØÛÛ[Z]—ÛY]šXËLËŒLKŒKŒKŒKŒKŒ‘]\™][K[Y\ÚĞQSKM‹LŒŒËÜL›Ù\Ë[™\™ŞWÜÜÚ]]™WØÛÛ[Z]YX[‹MNNŒÎLLMNMMŒŒLMLŒMŒNMMMLNLÌMÍËMKÌÍÎŒLÌËLËLÌLÌÌÌNMÌŒËMKÌMMLNÌÍMLB‘]\™][K[Y\ÚĞQSKM‹LŒŒËÜL›Ù\Ë[™\™ŞWÜÜÚ]]™WØÛÛ[Z]\\—ÜİMNMÍMÍÍÎLMŒLÍMKËÍÎŒLŒŒŒÌÎMLŒÍ‹ËÌÎLLŒÌÎMÍËŒKŒLMÌLÍLŒÎÂ‘]\™][K[Y\ÚĞQSKM‹LŒŒËÜL›Ù\Ë[™\™ŞWÜÜÚ]]™WØÛÛ[Z]Ø[\WÜİÜİL‹ŒMMMMŒNLÍËLL‹ŒÌMNMÌMŒLÌLŒÍŒMŒÍÌMŒÍŒÍKËŒNLNMNNNNL‹MLMÌML‚‘]\™][K[Y\ÚĞQSKM‹LŒŒËÜL›Ù\Ë[™\™ŞWÜÜÚ]]™WØÛÛ[Z][WÛZ[—ÜİLŒ‹NÍÍNLÌÍÌŒËLLŒKŒÌÍÍLÌLËLMLLLÎÎLLNNLŒŒÍMÍŒÌËL‹ŒLMÌNMLKNKŒÍÍNÍMŒÂ‘]\™][K[Y\ÚĞQSKM‹LŒŒËÜL›Ù\Ë[™\™ŞWÜÜÚ]]™WØÛÛ[Z][WÛX^ÜİMËNLLÌÌÌMŒMNÌËLM‹LÍLŒŒÌŒÎKL‹ŒŒLLLŒŒMŒÌKŒKMLŒŒŒMLLMMÌLÌŒMËŒËNLLŒNMLÂ‘]\™][K[Y\ÚĞQSKM‹LŒŒËÜL›Ù\Ë[™\™ŞWÜÜÚ]]™WØÛÛ[Z]˜[™ÙWØXœË‹ŒLNŒÎÍMŒLÌKLKŒLÍLŒÌËËÎMMÌÎLÌMK‹ŒLNŒÎÍMŒLÌKËŒMÌMNMÌË‹ŒLNŒÎÍMŒLÌB‘]\™][K[Y\ÚĞQSKM‹LŒŒËÜL›Ù\Ë[™\™ŞWÜÜÚ]]™WØÛÛ[Z]ØÙØXœËËLÌMÍLŒÍËLËŒLMÌMMÍŒÌÌÌ‹ŒLNÎÍÎMNMM‹ËÎMNMÎNKKŒÍMLÍNKŒLMÍÌŒLLÍŒLLMÂ‘]\™][K[Y\ÚĞQSKM‹LŒŒËÜL›Ù\Ë[™\™ŞWÜÜÚ]]™WØÛÛ[Z]ØÙÜİŒ‹NÍÍNLÌÍÌŒËLŒKLMLÌNMNLÍLËLËŒÌŒÌÎÌLÍMLLLÎÎLNNLŒŒÍMÍŒÌË‹ŒLMÌNMLB‘]\™][K[Y\ÚĞQSKM‹LŒŒËÜ›Ù\Ë[™\™ŞWÜÜÚ]]™WØÛÛ[Z]—ÛY]šXËLËŒLKŒKŒKŒKŒKŒ‘]\™][K[Y\ÚĞQSKM‹LŒŒËÜ›Ù\Ë[™\™ŞWÜÜÚ]]™WØÛÛ[Z]YX[‹MKŒÌÍŒÌMÎMÎLMKŒŒMÎÌÎLLËMŒÍLLLÎMŒÎLMKÌÍŒŒŒÌÍN‹MŒÎLMÍMÍÍLÍM‹M‹ŒMÌÍŒMMMŒÍÂ‘]\™][K[Y\ÚĞQSKM‹LŒŒËÜ›Ù\Ë[™\™ŞWÜÜÚ]]™WØÛÛ[Z]\\—ÜİŒLÍÍŒMLŒËLMËŒLNNLÌMMŒMMM‹KŒLÍMMÍÎLŒÌL‹ŒÌŒÍNLÌŒÌLÍÍKKŒMÍÌLMMLËMNNŒNLM‘]\™][K[Y\ÚĞQSKM‹LŒŒËÜ›Ù\Ë[™\™ŞWÜÜÚ]]™WØÛÛ[Z]Ø[\WÜİÜİL‹LÎMLNLŒÌÎLLËŒMÎLÎLÍÌÍËKMNÍÍLÎLMËMKŒMŒÍÍLMÍNËŒLLMÎMŒMÌKMKLÍLÎÎÍN‚‘]\™][K[Y\ÚĞQSKM‹LŒŒËÜ›Ù\Ë[™\™ŞWÜÜÚ]]™WØÛÛ[Z][WÛZ[—ÜİLŒKMNMŒÌÍMÍ‹LLŒŒŒŒÍÌMÌLMÌ‹LŒMLÍÍÎNLŒ‹LMKŒŒNLÌMNMŒÍÍ‹LKŒÌÎLÌMNLMLÍÍLÍNÂ‘]\™][K[Y\ÚĞQSKM‹LŒŒËÜ›Ù\Ë[™\™ŞWÜÜÚ]]™WØÛÛ[Z][WÛX^ÜİNŒLNMŒÌLËLM‹LÍLNLL‹L‹ŒÌLÍŒŒLÍŒ‹Œ‹ŒMÌÌÎMÌLMNMMLŒLÎMMNNMÌËŒÍÎLNÍB‘]\™][K[Y\ÚĞQSKM‹LŒŒËÜ›Ù\Ë[™\™ŞWÜÜÚ]]™WØÛÛ[Z]˜[™ÙWØXœË‹ŒNNMLÎLÎMLÎLKMLLLLMNMŒÎÌLK‹ŒNNMLÎLÎMLÎËŒÌÌMLÍÍLÌÌÍ‹ŒNNMLÎLÎMLÎ‘]\™][K[Y\ÚĞQSKM‹LŒŒËÜ›Ù\Ë[™\™ŞWÜÜÚ]]™WØÛÛ[Z]ØÙØXœËËŒNÍLLŒÍŒLKLËŒÍŒLMLLÍNŒŒM‹‹ŒÎMMLLÎLÎMMKËÍMLÌÎMLÌLM‹KMMLŒLŒÌËŒÍÍŒÌMÌNŒB‘]\™][K[Y\ÚĞQSKM‹LŒŒËÜ›Ù\Ë[™\™ŞWÜÜÚ]]™WØÛÛ[Z]ØÙÜİŒKMNMŒÌÍMÍ‹LŒÍMÌŒÍLÌÍMKÍLŒMMLŒMMMËŒŒNLÍÌÍMÌLKLŒLÎMMNNMÌËKŒÌÎLÌM‘]\™][K[Y\ÚØ[Z[™ËM‹LŒŒËÜL›Ù\Ë[™\™ŞWÜÜÚ]]™WØÛÛ[Z]—ÛY]šXËLËŒLKŒKŒKŒKŒKŒ‘]\™][K[Y\ÚØ[Z[™ËM‹LŒŒËÜL›Ù\Ë[™\™ŞWÜÜÚ]]™WØÛÛ[Z]YX[‹ŒKLÎLMŒNÌÎMËLŒKLNNLËŒÍŒMLNNNMŒËŒLÌMÌLNÍŒŒŒMLÌÌÍMLËŒËLÌNÌÌB‘]\™][K[Y\ÚØ[Z[™ËM‹LŒŒËÜL›Ù\Ë[™\™ŞWÜÜÚ]]™WØÛÛ[Z]\\—ÜİNKŒÌLLLŒLLNÍŒLMÍÎMËL‹ÌMMMLÍNLÎLMKŒ‹ŒMLÍMÌÍŒÍÌŒ‹ŒLLÌÌMLMMMKŒ‹ÌLÍLLÍLÍÂ‘]\™][K[Y\ÚØ[Z[™ËM‹LŒŒËÜL›Ù\Ë[™\™ŞWÜÜÚ]]™WØÛÛ[Z]Ø[\WÜİÜİM‹MÌLNNMÍÌMŒ‹LM‹ŒÍŒÌMÌLMLLÍLÍŒNMLMËNKMŒŒLŒLMLL‹LÌÌÌŒÌÍMŒMŒ‹NKMMÌŒŒÌÍÍÍLŒ‘]\™][K[Y\ÚØ[Z[™ËM‹LŒŒËÜL›Ù\Ë[™\™ŞWÜÜÚ]]™WØÛÛ[Z][WÛZ[—ÜİLLNLÍLÌMLLL‹MLŒÌMŒM‹LÌŒŒLMÌLÍÎLMŒLMÎNLËLÌ‹ŒÍMLÎLŒMÍMMÍKLLKŒŒNLŒMMNÍÍÍ‚‘]\™][K[Y\ÚØ[Z[™ËM‹LŒŒËÜL›Ù\Ë[™\™ŞWÜÜÚ]]™WØÛÛ[Z][WÛX^ÜİÍKŒÎŒLÌÍÌÎLÎLÌKÎÍÌNÍÍLMKLKŒMNMMMÎÌNÎKÎNLŒNLLÍ‹LÌNÍLÍNKŒŒLLLMNMNÍ‚‘]\™][K[Y\ÚØ[Z[™ËM‹LŒŒËÜL›Ù\Ë[™\™ŞWÜÜÚ]]™WØÛÛ[Z]˜[™ÙWØXœËLËLNMÍŒŒLLMÎKLL‹ŒŒNÌŒÌMÍ‹ÍÎLLMŒÍŒÍ‹LËLNMÍŒŒLLMÎKÌMÎMŒL‹LËLNMÍŒŒLLMÎB‘]\™][K[Y\ÚØ[Z[™ËM‹LŒŒËÜL›Ù\Ë[™\™ŞWÜÜÚ]]™WØÛÛ[Z]ØÙØXœËËÌMLŒÎLMLL‹LËŒMÌŒLLLÍÌNKËÍNMŒÌŒMÌLNNMŒÌÎMÎMK‹LÌNMLËŒŒMLÌÍÍÌMŒÂ‘]\™][K[Y\ÚØ[Z[™ËM‹LŒŒËÜL›Ù\Ë[™\™ŞWÜÜÚ]]™WØÛÛ[Z]ØÙÜİÍKŒÎŒLÌÍÌÎLÎLÌKLÌÍMÌLMŒMÎMMËÌMŒLMÍŒ‹ÎNLŒNLLÍ‹LKŒŒNLŒMMNÍÍÍ‹KŒŒLLLMNMNÍ‚‘]\™][K[Y\ÚØ[Z[™ËM‹LŒŒËÜ›Ù\Ë[™\™ŞWÜÜÚ]]™WØÛÛ[Z]—ÛY]šXËLËŒLKŒKŒKŒKŒKŒ‘]\™][K[Y\ÚØ[Z[™ËM‹LŒŒËÜ›Ù\Ë[™\™ŞWÜÜÚ]]™WØÛÛ[Z]YX[‹ŒNMÎMÌMŒMŒMËLŒMÌMLNÎNËNKŒÌLŒLLÎÍŒMLL‹ŒKŒÎNÎNLL‹NMÎLÍÍLÌŒKÍMLÍL‚‘]\™][K[Y\ÚØ[Z[™ËM‹LŒŒËÜ›Ù\Ë[™\™ŞWÜÜÚ]]™WØÛÛ[Z]\\—ÜİM‹ŒŒÌŒMÌÍMÎLMKÎLÍLÍÎMËÍMÍÍMÍKNKÎNNNLÎŒÎMMËÌMMÌÍŒŒMKŒŒMÌŒÌÍMLŒN‚‘]\™][K[Y\ÚØ[Z[™ËM‹LŒŒËÜ›Ù\Ë[™\™ŞWÜÜÚ]]™WØÛÛ[Z]Ø[\WÜİÜİMKŒMÍMLÌMMÎLMNLÍŒMMLÌMŒÌ‹LŒÍÌLMLLLŒKNŒÌNNÍLÎÌMKËLÌMLMNMMÎLNŒÍMÎLÌL‚‘]\™][K[Y\ÚØ[Z[™ËM‹LŒŒËÜ›Ù\Ë[™\™ŞWÜÜÚ]]™WØÛÛ[Z][WÛZ[—ÜİLMÌKLLŒ‹ÌŒÍŒÍÍL‹MÌLÍMŒMŒMŒLLËLÎLÍÍLNMÎLMŒËLŒLNNLMŒLLLÍÎLNMÌŒLLÍ‘]\™][K[Y\ÚØ[Z[™ËM‹LŒŒËÜ›Ù\Ë[™\™ŞWÜÜÚ]]™WØÛÛ[Z][WÛX^ÜİÌKLÎLLMÍMÌKLNMŒÍNLÌŒMMNL‹ÌÌLÌÍŒ‹ÍKÍMMLLM‹KŒLŒŒLMÍMÍL‹ÍËÌMLÍLÌLMMB‘]\™][K[Y\ÚØ[Z[™ËM‹LŒŒËÜ›Ù\Ë[™\™ŞWÜÜÚ]]™WØÛÛ[Z]˜[™ÙWØXœËLKLŒŒŒÍNLŒLLMLÍÍÌMÌ‹KÌÍMÎŒMŒŒLKLKLŒŒŒÍNLŒŒMLÍŒÌŒÍMMLŒ‹LKLŒŒŒÍNLŒ‘]\™][K[Y\ÚØ[Z[™ËM‹LŒŒËÜ›Ù\Ë[™\™ŞWÜÜÚ]]™WØÛÛ[Z]ØÙØXœË‹LŒLMMÍNŒKLKNMÍÌNMÎMÍM‹ËNLŒMLMLÍËËŒMMMŒMLMÌÍ‹‹ŒNLLNŒÍMÌÍÍÍ‹ËŒÍÌMMŒLNLŒÌÍ‘]\™][K[Y\ÚØ[Z[™ËM‹LŒŒËÜ›Ù\Ë[™\™ŞWÜÜÚ]]™WØÛÛ[Z]ØÙÜİÌKLÎLLMÍMÌKLNMŒÍNLÌŒMMNNŒLNNÍÌMLMŒ‹ÍKÍMMLLM‹LÍÎLNMÌŒLLÍÍËÌMLÍLÌLMMB‘]\™][K[Y\Ú^T[M‹LŒŒËÜL›Ù\Ë[™\™ŞWÜÜÚ]]™WØÛÛ[Z]—ÛY]šXËLËŒLKŒKŒKŒKŒKŒ‘]\™][K[Y\Ú^T[M‹LŒŒËÜL›Ù\Ë[™\™ŞWÜÜÚ]]™WØÛÛ[Z]YX[‹ŒKÌÌMÍÍÎ‹LŒKNMÍŒÍÌŒŒÌLÌËŒÌNÌLMKŒ‹ÍLŒNÌÌMMŒNMŒLÌÍÌŒÍËŒËŒMÌNMMŒNNMŒ‚‘]\™][K[Y\Ú^T[M‹LŒŒËÜL›Ù\Ë[™\™ŞWÜÜÚ]]™WØÛÛ[Z]\\—ÜİLËŒLNMMÎËLLËŒLŒMLÌÎKLLÍMÍNMÌËŒŒLLMMLŒÌLÎLMŒ‹KŒÎÍÌŒMKŒŒÎMŒLLÍŒÌMÌ‚‘]\™][K[Y\Ú^T[M‹LŒŒËÜL›Ù\Ë[™\™ŞWÜÜÚ]]™WØÛÛ[Z]Ø[\WÜİÜİL‹ŒÌÎMLLMLKLL‹ŒŒMLÍMŒNÍËŒMÍÎLMMÌŒÎNMŒLŒÍÍL‹KÌÌÍLÌLÎÍNMMMŒÌŒMŒÌ‚‘]\™][K[Y\Ú^T[M‹LŒŒËÜL›Ù\Ë[™\™ŞWÜÜÚ]]™WØÛÛ[Z][WÛZ[—ÜİLŒËŒÌÍLÌŒMÍŒ‹LLŒ‹MÎMÍMNÌKLKŒÍLMŒÌLÌLKLLKŒMÎLLÍNML‹MMÌÍMÌŒŒÌMÍËNKŒNMLMÌÌM‘]\™][K[Y\Ú^T[M‹LŒŒËÜL›Ù\Ë[™\™ŞWÜÜÚ]]™WØÛÛ[Z][WÛX^ÜİMKMÌMMMNNLMÌLÌMLÌNLLMŒKKÍŒLÎÎLŒNMËNKMŒÌÌŒNŒMËËŒŒLMLLMÍŒLŒÌÌŒŒLÂ‘]\™][K[Y\Ú^T[M‹LŒŒËÜL›Ù\Ë[™\™ŞWÜÜÚ]]™WØÛÛ[Z]˜[™ÙWØXœËLÍÍLÍMNMMËLŒNLÎMŒŒMÎËLLŒÌÍŒMKLÍÍLÍMNMMËËÍŒNMÌLMLÍÍLÍMNMMÂ‘]\™][K[Y\Ú^T[M‹LŒŒËÜL›Ù\Ë[™\™ŞWÜÜÚ]]™WØÛÛ[Z]ØÙØXœËKŒNLNM‹LLMÍÎMŒÌLŒK‹ÎNLÌŒÌËKÌŒÍŒMÍŒÍK‹ŒLÎŒNM‹‹ŒŒÌÍŒŒMŒLŒMB‘]\™][K[Y\Ú^T[M‹LŒŒËÜL›Ù\Ë[™\™ŞWÜÜÚ]]™WØÛÛ[Z]ØÙÜİŒËŒÌÍLÌŒMÍŒ‹LŒ‹MÎMÍMNÌKLKLŒŒÌNMŒNÌ‹KŒÍLMŒÌLÌLKKŒNMLMÌÌM‹MMÌÍMÌŒŒÌMÍÂ‘]\™][K[Y\Ú^T[M‹LŒŒËÜ›Ù\Ë[™\™ŞWÜÜÚ]]™WØÛÛ[Z]—ÛY]šXËLËŒLKŒKŒKŒKŒKŒ‘]\™][K[Y\Ú^T[M‹LŒŒËÜ›Ù\Ë[™\™ŞWÜÜÚ]]™WØÛÛ[Z]YX[‹Œ‹ŒŒÍÌŒÍLŒ‹ŒÍNLMŒMÍÎMŒËŒKŒÌŒMMLÍŒËŒNLŒLŒÌŒŒÌMLËŒŒNNLL‹ŒËLMŒÍMLÍÎMÎ‘]\™][K[Y\Ú^T[M‹LŒŒËÜ›Ù\Ë[™\™ŞWÜÜÚ]]™WØÛÛ[Z]\\—ÜİLKMLLMLMMLŒM‹LL‹ÌNŒŒNNÎKKŒMÌÌLŒÍNÍŒNLŒŒŒLMÍKKŒNÎLMÌÌÌ‹KŒLMŒLNÍ‚‘]\™][K[Y\Ú^T[M‹LŒŒËÜ›Ù\Ë[™\™ŞWÜÜÚ]]™WØÛÛ[Z]Ø[\WÜİÜİL‹ŒLLLÎLLMÎLMKLL‹ŒLNMÌLŒN‹MÍLŒÌMÍŒNMN‹ÍÍÍMÌÌËMNMNNLMŒMNM‚‘]\™][K[Y\Ú^T[M‹LŒŒËÜ›Ù\Ë[™\™ŞWÜÜÚ]]™WØÛÛ[Z][WÛZ[—ÜİLNKÌŒMLŒLŒÎËLLNŒŒÎMMÍMMŒÍMMËLŒ‹ŒLÎNÌÎMÌÌNMËLLKŒMÎMLŒLLLŒËŒMMMLMLMNKŒÍNNMÎMMÎŒŒ‘]\™][K[Y\Ú^T[M‹LŒŒËÜ›Ù\Ë[™\™ŞWÜÜÚ]]™WØÛÛ[Z][WÛX^ÜİŒKLLÎLMLÍÌ‹LNKMLNMÌÎKMKŒLLLLÌN‹KŒMÎLŒŒKËÌLÍLMÎNLNË‹NLŒNMLÎÎL‚‘]\™][K[Y\Ú^T[M‹LŒŒËÜ›Ù\Ë[™\™ŞWÜÜÚ]]™WØÛÛ[Z]˜[™ÙWØXœËKŒŒÌŒNMMÍÍLŒÍLŒLÌŒÌLÌNMŒKKÎÍMŒÌMÌKKŒŒÌŒNMMÍÍLŒÍËMŒŒÌLŒÍLÍKKŒŒÌŒNMMÍÍLŒÍ‘]\™][K[Y\Ú^T[M‹LŒŒËÜ›Ù\Ë[™\™ŞWÜÜÚ]]™WØÛÛ[Z]ØÙØXœËŒÍÍÌLNLŒŒLÍÌŒNÌŒÍKËŒÎLLNÎÌŒÍÌ‹KLŒMÎNMÌNLË‹ŒMLMNNÍLM‹KÍLMLÌÌŒLŒM‘]\™][K[Y\Ú^T[M‹LŒŒËÜ›Ù\Ë[™\™ŞWÜÜÚ]]™WØÛÛ[Z]ØÙÜİŒKLLÎLMLÍÌ‹LŒÌNNNÍNMÎKMKŒNŒŒÍÍÎKKŒMÎLŒŒKKŒÍNNMÎMMÎŒŒ‹NLŒNMLÎÎL‚‘]\™][K[Y\Ú’TĞKM‹LŒŒËÜL›Ù\Ë[™\™ŞWÜÜÚ]]™WØÛÛ[Z]—ÛY]šXËLËŒLKŒKŒKŒKŒKŒ‘]\™][K[Y\Ú’TĞKM‹LŒŒËÜL›Ù\Ë[™\™ŞWÜÜÚ]]™WØÛÛ[Z]YX[‹Œ‹LLLŒNLMÍ‹LŒ‹LLMMÍËŒKMŒLLÌÍÍMLMLÌ‹ŒËŒLNLŒKŒMMMŒLLMÍKŒËÍŒÌMMNMŒLÎB‘]\™][K[Y\Ú’TĞKM‹LŒŒËÜL›Ù\Ë[™\™ŞWÜÜÚ]]™WØÛÛ[Z]\\—ÜİMŒÍÌNLLLËÌÍÌLLÍËŒÎMLMMNM‹Œ‹ŒÍÎLÌMÍLÍMÍËŒÌÌLNLMLŒ‹Œ‹ŒÍÎLLÍŒÌÌMÂ‘]\™][K[Y\Ú’TĞKM‹LŒŒËÜL›Ù\Ë[™\™ŞWÜÜÚ]]™WØÛÛ[Z]Ø[\WÜİÜİLKŒLLŒMNKLLKMLMNŒŒÎŒÍLŒŒÍMŒÌÍÌŒMKLËÍMLMÌMLLÌË‹ÌÍMNNN‹LËNLŒMNÎNÌÍB‘]\™][K[Y\Ú’TĞKM‹LŒŒËÜL›Ù\Ë[™\™ŞWÜÜÚ]]™WØÛÛ[Z][WÛZ[—ÜİLŒŒMŒÌÍMÍŒŒÍÎMŒ‹LLNŒÌŒLËLŒ‹ŒLNLMÍMÌMLL‹ŒÌÌNÌNLLMÌ‹LŒËŒLŒŒLÍÍLÌM‹MËŒÌMMŒÌÎL‚‘]\™][K[Y\Ú’TĞKM‹LŒŒËÜL›Ù\Ë[™\™ŞWÜÜÚ]]™WØÛÛ[Z][WÛX^ÜİŒMŒLÌLÍLNNLÌLLLKLKÌÍŒÌŒMMMÎŒËÍÌÌÎLLŒŒÌÎKŒÎLÌLÌMMMMMÍ‹ŒŒMNLNMMÂ‘]\™][K[Y\Ú’TĞKM‹LŒŒËÜL›Ù\Ë[™\™ŞWÜÜÚ]]™WØÛÛ[Z]˜[™ÙWØXœËKŒNŒÍLMLÎMM‹LËÌŒŒŒNKŒLLÍMMŒNKKŒNŒÍLMLÎMM‹ËLÌNNMKKŒNŒÍLMLÎMM‚‘]\™][K[Y\Ú’TĞKM‹LŒŒËÜL›Ù\Ë[™\™ŞWÜÜÚ]]™WØÛÛ[Z]ØÙØXœËŒÍÍÌMŒLML‹LMMMMLNMŒÎLŒËËŒMÌMÌLŒŒŒËKŒÌLMŒMK‹ŒMÌÍÎLŒÌËKŒLLLÎÍNÌN‘]\™][K[Y\Ú’TĞKM‹LŒŒËÜL›Ù\Ë[™\™ŞWÜÜÚ]]™WØÛÛ[Z]ØÙÜİŒMŒLÌLÍLŒŒNLLNÍLËLÍŒŒNMÎÌMËŒËÍÌÌÎLLŒŒÌÎKŒÎLÌLÌMMMMMÍ‹ŒŒMNLNMMÂ‘]\™][K[Y\Ú’TĞKM‹LŒŒËÜ›Ù\Ë[™\™ŞWÜÜÚ]]™WØÛÛ[Z]—ÛY]šXËLËŒLKŒKŒKŒKŒKŒ‘]\™][K[Y\Ú’TĞKM‹LŒŒËÜ›Ù\Ë[™\™ŞWÜÜÚ]]™WØÛÛ[Z]YX[‹Œ‹LLLŒLÎÌLÍÍ‹LŒ‹LLMŒNÌLMËŒKŒÍLLŒÎÌÍÎŒËNLNNMMÌKŒLLMÍMNMMÎ‹ŒNLÎÌÎŒÂ‘]\™][K[Y\Ú’TĞKM‹LŒŒËÜ›Ù\Ë[™\™ŞWÜÜÚ]]™WØÛÛ[Z]\\—ÜİŒŒÌÍMNLMMÎ‹LŒ‹ÌMÎMËLLŒÌŒLMŒM‹ŒÌMLLÌÎÎMKLŒNNLŒMŒLŒ‹ËŒÌŒÌŒÍMMLÂ‘]\™][K[Y\Ú’TĞKM‹LŒŒËÜ›Ù\Ë[™\™ŞWÜÜÚ]]™WØÛÛ[Z]Ø[\WÜİÜİMŒNNÌÍMÌMÎNKLMŒMÎNNMÍMÌMŒKLKŒLMMÌÍNMÌËM‹ÎMÌÌÎNNËKŒMŒNLÍÌKMËŒLŒÍÍÍŒÌ‚‘]\™][K[Y\Ú’TĞKM‹LŒŒËÜ›Ù\Ë[™\™ŞWÜÜÚ]]™WØÛÛ[Z][WÛZ[—ÜİLŒMLLÌÎMLLNKŒÌŒLLÍNÎLŒËŒÎMÌMNMLMNLMKÍMÌLÌ‹LMÌLLMÍŒMMKLLËŒLLLMMÎLÂ‘]\™][K[Y\Ú’TĞKM‹LŒŒËÜ›Ù\Ë[™\™ŞWÜÜÚ]]™WØÛÛ[Z][WÛX^ÜİŒÍMMÌÌÍŒÍ‹LŒ‹ŒLLÎMÌÍMML‹MÌNNMÎÎMNLÌÌ‹ÌMÍMÎMNMML‹ŒLŒLÍŒLŒLLŒËÌKNNMMLLLNMÎ‚‘]\™][K[Y\Ú’TĞKM‹LŒŒËÜ›Ù\Ë[™\™ŞWÜÜÚ]]™WØÛÛ[Z]˜[™ÙWØXœËLŒMMÌÌÎMNLMLKNMÌÍŒLÌMÎLN‹LŒÍLLMÍKLŒMMÌÌÎMNLMKMMŒÍÎNLLËLŒMMÌÌÎMNLM‘]\™][K[Y\Ú’TĞKM‹LŒŒËÜ›Ù\Ë[™\™ŞWÜÜÚ]]™WØÛÛ[Z]ØÙØXœËKLÎMLÎLÎLKŒMÍNLMMÎKËÌNLNË‹ŒMMŒÌLMÌKËŒLŒÎMLŒNLK‹ÌÍMNŒÍÍB‘]\™][K[Y\Ú’TĞKM‹LŒŒËÜ›Ù\Ë[™\™ŞWÜÜÚ]]™WØÛÛ[Z]ØÙÜİŒÍMMÌÌÍŒÍ‹LŒ‹ŒÍMŒÍÌŒLMŒËM‹ÍNNÍÎMÎLÍÌMÍMÎMNMMMÍÌNLŒMÎLÍMËÌKNNMMLLLNMÎ‚‘]\™][K\\˜İX™KÔËM‹LŒŒËÜL›Ù\Ë[™\™ŞWÜÜÚ]]™WØÛÛ[Z]—ÛY]šXËLËŒLKŒKŒKŒKŒKŒ‘]\™][K\\˜İX™KÔËM‹LŒŒËÜL›Ù\Ë[™\™ŞWÜÜÚ]]™WØÛÛ[Z]YX[‹LŒÌLŒÌMMÎLKLLŒÌMÌLÌMMLËKŒÌMMÌMLLÍLMËKLLLŒÍÌËLMŒÍÌMÌŒMÍ‚‘]\™][K\\˜İX™KÔËM‹LŒŒËÜL›Ù\Ë[™\™ŞWÜÜÚ]]™WØÛÛ[Z]\\—ÜİMKMŒÌMÌŒÌL‹LM‹ŒÌÍMMÌKŒLÌŒNMÍÌÌLÍKŒ‹LÌÎMÍMŒKKŒÎNLNMKŒ‹ÍÍMMM‘]\™][K\\˜İX™KÔËM‹LŒŒËÜL›Ù\Ë[™\™ŞWÜÜÚ]]™WØÛÛ[Z]Ø[\WÜİÜİL‹LMÍŒŒŒÍMKLL‹MLLŒMKŒŒŒÌŒÍÌŒMMLÎMÌLNMËŒLŒÌLÌNMKŒÌMÍMŒLÌ‚‘]\™][K\\˜İX™KÔËM‹LŒŒËÜL›Ù\Ë[™\™ŞWÜÜÚ]]™WØÛÛ[Z][WÛZ[—ÜİLMËŒLÎNLŒMKLLM‹ŒÍMŒÍLMÍ‹LNKMËLL‹LÌÌŒM‹LŒKŒÌMŒMÎMŒNKLLÍÍLNMMMMM‚‘]\™][K\\˜İX™KÔËM‹LŒŒËÜL›Ù\Ë[™\™ŞWÜÜÚ]]™WØÛÛ[Z][WÛX^ÜİŒKŒÎLÍNÍŒLËLŒMÍÌÍMLÎMMŒL‹ŒMNNMMÌŒÍÎMMKŒÍÍÌMÌLLÌKŒNMŒŒNMÌÍÍÎKËŒÌLŒLÍÂ‘]\™][K\\˜İX™KÔËM‹LŒŒËÜL›Ù\Ë[™\™ŞWÜÜÚ]]™WØÛÛ[Z]˜[™ÙWØXœËËNÌLMÌMÎLLËLËÎÌNLÎLLLÌË‹ÌNLŒMMÍÌÍÍÎLKËNÌLMÌMÎLLËKMÌLNMMÌMLËËNÌLMÌMÎLLÂ‘]\™][K\\˜İX™KÔËM‹LŒŒËÜL›Ù\Ë[™\™ŞWÜÜÚ]]™WØÛÛ[Z]ØÙØXœË‹ŒŒLÍÌNNMMKL‹ŒMÎLLÎLÌLËKŒÍLLÍÌMÌLÌÍMK‹LŒLLÌLLLN‹KŒNLMÎN‹‹ŒMLÌÎNÌÂ‘]\™][K\\˜İX™KÔËM‹LŒŒËÜL›Ù\Ë[™\™ŞWÜÜÚ]]™WØÛÛ[Z]ØÙÜİŒKŒÎLÍNÍŒLËLŒNMÎMLŒŒLÌŒÍÌËLËŒLÍÎLËKŒÍÍÌMÌLLÌLÍÍLNMMMMM‹ËŒÌLŒLÍÂ‘]\™][K\\˜İX™KÔËM‹LŒŒËÜ›Ù\Ë[™\™ŞWÜÜÚ]]™WØÛÛ[Z]—ÛY]šXËLËŒLKŒKŒKŒKŒKŒ‘]\™][K\\˜İX™KÔËM‹LŒŒËÜ›Ù\Ë[™\™ŞWÜÜÚ]]™WØÛÛ[Z]YX[‹LÍMÌNMÍMKLLÍNNNÍŒÍ‹LŒŒÌÍÌÎLÍÎLLKŒLÌNNMNMLNKLŒŒŒMŒÍMNLKŒÎLLÍŒLÎMB‘]\™][K\\˜İX™KÔËM‹LŒŒËÜ›Ù\Ë[™\™ŞWÜÜÚ]]™WØÛÛ[Z]\\—ÜİM‹ŒÌMŒÌÎLÌÌŒMLM‹ÌMÌMMMLMËŒŒŒLÎMMMÍNMËÍÌŒÌŒËËŒMMÎLŒMÍÌÎËKŒÎNNLŒÌŒÌÍB‘]\™][K\\˜İX™KÔËM‹LŒŒËÜ›Ù\Ë[™\™ŞWÜÜÚ]]™WØÛÛ[Z]Ø[\WÜİÜİLËŒÍLÌÌÌÍÍMÌÌÌKLLËŒÎNÍLLMMKÍŒŒMÌÌLËMKLŒÌÎMLÎŒ‹ÌÍLÎMŒÎMÌ‹M‹ŒÎLLÎNNM‚‘]\™][K\\˜İX™KÔËM‹LŒŒËÜ›Ù\Ë[™\™ŞWÜÜÚ]]™WØÛÛ[Z][WÛZ[—ÜİLM‹ÎLÍÌÎLŒM‹LLM‹MÍÌÍŒÌËLNKÎMÌMÌLLŒLLËLL‹LÌÍMŒÍMËLŒKŒŒÍŒŒÎLL‹LLNMÍMŒÍMŒÌB‘]\™][K\\˜İX™KÔËM‹LŒŒËÜ›Ù\Ë[™\™ŞWÜÜÚ]]™WØÛÛ[Z][WÛX^Üİ‹LNÌÍŒLMÍÍ‹LŒËÎMÎÌŒŒML‹MNMÌMNNKÍÍÌÎLÌLÌÍLÎLÎMÍMMM‹Ì‹ŒŒNLMŒMM‘]\™][K\\˜İX™KÔËM‹LŒŒËÜ›Ù\Ë[™\™ŞWÜÜÚ]]™WØÛÛ[Z]˜[™ÙWØXœËLŒLLNLÎLMLNMNNMÍË‹ÌÎLLÌÍLLÌMËLŒLLNLÎ‹ŒÍMMÍLLŒLLNLÎ‘]\™][K\\˜İX™KÔËM‹LŒŒËÜ›Ù\Ë[™\™ŞWÜÜÚ]]™WØÛÛ[Z]ØÙØXœË‹LÌÎMMMMNMM‹L‹ŒLÌŒMŒMŒLLÌLKLŒÍÎLLÍÍ‹ËŒLÌMLMNLMLKKŒLÌŒÌLLÍŒËËŒÌMNÌMÌMLLLN‘]\™][K\\˜İX™KÔËM‹LŒŒËÜ›Ù\Ë[™\™ŞWÜÜÚ]]™WØÛÛ[Z]ØÙÜİ‹LNÌÍŒLMÍÍ‹LŒËÎMÎÌŒŒMLËNLLÎÍÍÍËKÍÍÌÎLÌLÌÍL‹ŒÍŒMÌ‹Ì‹ŒŒNLMŒMM‘]\™][K\\˜İX™K’QKM‹LŒŒËÜL›Ù\Ë[™\™ŞWÜÜÚ]]™WØÛÛ[Z]—ÛY]šXËL‹ŒLKŒKŒKŒKŒKŒ‘]\™][K\\˜İX™K’QKM‹LŒŒËÜL›Ù\Ë[™\™ŞWÜÜÚ]]™WØÛÛ[Z]YX[‹KLŒLÎLÍMLL‹LKÎMNLLÍŒMŒMKŒÍMÎŒMÌËLŒLÌÎLLLMÌŒÌKKŒŒŒÌNMMÌ‹LŒÍŒÍMLLÌÂ‘]\™][K\\˜İX™K’QKM‹LŒŒËÜL›Ù\Ë[™\™ŞWÜÜÚ]]™WØÛÛ[Z]\\—ÜİŒ‹ŒNMLNLÌŒËLŒKŒNMÌŒÍLÎLËLÌNMÌŒNLKŒ‹MLMÍLÌM‹LËÍNMLŒNL‹ŒËŒMNMMMÌN‘]\™][K\\˜İX™K’QKM‹LŒŒËÜL›Ù\Ë[™\™ŞWÜÜÚ]]™WØÛÛ[Z]Ø[\WÜİÜİLËLNNLÎMÌNM‹LMŒŒLÌLMMŒÌÌLMËLMÌÌŒLÍ‹MKÎLMLLLMKKÍLNMLMLÍÎM‹ŒÎLLŒÍLÍMB‘]\™][K\\˜İX™K’QKM‹LŒŒËÜL›Ù\Ë[™\™ŞWÜÜÚ]]™WØÛÛ[Z][WÛZ[—ÜİLŒËLÌNLMNLMÍLLŒ‹ŒÌLMMMMNLKMÌLMÍNMŒÍMLËLMŒMNNMMLÍÌL‹ÌMÌMÍNÌŒÌ‹LL‹NLŒLÂ‘]\™][K\\˜İX™K’QKM‹LŒŒËÜL›Ù\Ë[™\™ŞWÜÜÚ]]™WØÛÛ[Z][WÛX^ÜİNMNNLÎNMKLMËÎÍÌMMŒËLËŒMŒÎÍLLKŒ‹ŒŒÍMLLLLMŒÌÌËLKNLÍŒÎÌÌÌŒËNNŒÍÎMLN‚‘]\™][K\\˜İX™K’QKM‹LŒŒËÜL›Ù\Ë[™\™ŞWÜÜÚ]]™WØÛÛ[Z]˜[™ÙWØXœËŒLMNMLÌMÌËLŒLMNMLÌMÌË‹ÎLŒMLÍMŒLMNMLÌMÌË‹ÍMŒÎMKŒLMNMLÌMÌÂ‘]\™][K\\˜İX™K’QKM‹LŒŒËÜL›Ù\Ë[™\™ŞWÜÜÚ]]™WØÛÛ[Z]ØÙØXœË‹ŒÌÌMÍÍÌÎMŒ‹L‹ŒMÌÍLÌLLÍLLÍ‹KLÎŒÌLŒÌÍ‹ŒLÍÍMMKMMŒLŒÌŒMLŒ‹‹ÌÌÎŒÍÍMMLMÂ‘]\™][K\\˜İX™K’QKM‹LŒŒËÜL›Ù\Ë[™\™ŞWÜÜÚ]]™WØÛÛ[Z]ØÙÜİŒËLÌNLMNLMÍLŒ‹LŒÍÌLŒMÍŒËMMŒÍLÍÍLÌKKMÌLMÍNMŒÍMLËMŒMNNMMLÍM‹ÌMÌMÍNÌŒÌ‚‘]\™][K\\˜İX™K’QKM‹LŒŒËÜ›Ù\Ë[™\™ŞWÜÜÚ]]™WØÛÛ[Z]—ÛY]šXËLËŒLKŒKŒKŒKŒKŒ‘]\™][K\\˜İX™K’QKM‹LŒŒËÜ›Ù\Ë[™\™ŞWÜÜÚ]]™WØÛÛ[Z]YX[‹KŒLŒLÍLMÌMKLKŒŒLLŒŒÍÎKŒŒŒLÌMKNLÌÌMNL‹ÎNLŒÌLÍ‹KÎLŒÌÎMLÂ‘]\™][K\\˜İX™K’QKM‹LŒŒËÜ›Ù\Ë[™\™ŞWÜÜÚ]]™WØÛÛ[Z]\\—ÜİMKŒLÌMNÌÎMŒÌÌ‹LŒLMML‹LËŒŒÍMÌMNMÌÌ‹ÌKÍNŒÌÍÍÍËLMÎÌMŒŒNMKÌ‹ŒÍNÌMŒÌN‘]\™][K\\˜İX™K’QKM‹LŒŒËÜ›Ù\Ë[™\™ŞWÜÜÚ]]™WØÛÛ[Z]Ø[\WÜİÜİMLÌLLKLMMLMMMŒÌŒLLÌLŒÍLLŒËMËÌÌLŒMÍÎLËMÌLÍÍLÌÌÍKMËÎLMNÎMNÂ‘]\™][K\\˜İX™K’QKM‹LŒŒËÜ›Ù\Ë[™\™ŞWÜÜÚ]]™WØÛÛ[Z][WÛZ[—ÜİL‹ŒMLNMËLLÌMLÍÎLMLMMÍÎLÍÍŒLM‹LÎNLÍÌÎ‹LÌŒNLNLÌÍMÍNM‹LLMÍMÍMLMLMMM‚‘]\™][K\\˜İX™K’QKM‹LŒŒËÜ›Ù\Ë[™\™ŞWÜÜÚ]]™WØÛÛ[Z][WÛX^ÜİNŒÎNLNLNÌMLËLMËMÌŒLŒÍLŒÎNLKNMÍŒŒÌÍMËŒËÌNLLLŒLMÍËKLLÌÍLMŒLËKŒŒNMÎLÌÎNB‘]\™][K\\˜İX™K’QKM‹LŒŒËÜ›Ù\Ë[™\™ŞWÜÜÚ]]™WØÛÛ[Z]˜[™ÙWØXœËŒMŒLÍÌÍMÍNKLËLÍŒŒLÍMMK‹NMÍNMËŒMŒLÍÌÍMÍNK‹ŒLMÌMMÍLLŒÍËŒMŒLÍÌÍMÍNB‘]\™][K\\˜İX™K’QKM‹LŒŒËÜ›Ù\Ë[™\™ŞWÜÜÚ]]™WØÛÛ[Z]ØÙØXœË‹ŒÍÍÌÎLLMÍKL‹ŒŒÌÎLŒŒŒKKLÎMÎMÍÍŒŒ‹‹ÎMŒMNLNÎMËKŒMNNMÌ‹‹ÍMLLNN‘]\™][K\\˜İX™K’QKM‹LŒŒËÜ›Ù\Ë[™\™ŞWÜÜÚ]]™WØÛÛ[Z]ØÙÜİ‹ŒMLNMËLÍÎLLŒMŒM‹LÎNLÍÌÎ‹MMÍÎLÍÍŒLKLNŒÍLNŒ‹ÌŒNLNLÌÍMÍNM‚‘]\™][K\\˜İX™KĞQSKM‹LŒŒËÜL›Ù\Ë[™\™ŞWÜÜÚ]]™WØÛÛ[Z]—ÛY]šXËLËŒLKŒKŒKŒKŒKŒ‘]\™][K\\˜İX™KĞQSKM‹LŒŒËÜL›Ù\Ë[™\™ŞWÜÜÚ]]™WØÛÛ[Z]YX[‹MLNNMLÍLLÍNKLMMMLLNMÌLÍÍKLËÍLÍÍLÎLÍÌÌLÌËMKŒÎLMNŒËLËŒÍMÎMÎMÎMŒÍMMKNMÎNMMLŒL‚‘]\™][K\\˜İX™KĞQSKM‹LŒŒËÜL›Ù\Ë[™\™ŞWÜÜÚ]]™WØÛÛ[Z]\\—ÜİMÌMMÍŒÎMMŒ‹LNKMÌÎMÍÌK‹ŒÍNNÍLMÍL‹ÎÌMLÍÌÍÌË‹LŒÌÌLÍÌÎÌKÎKŒNMÌMÌÌMB‘]\™][K\\˜İX™KĞQSKM‹LŒŒËÜL›Ù\Ë[™\™ŞWÜÜÚ]]™WØÛÛ[Z]Ø[\WÜİÜİMKŒLŒÍLŒMŒŒ‹LMKŒMÍMNNMÌLËLKŒŒÌÍLMÍLÌMKNŒMMÌÎÌŒLÍÎKŒÎMÎLMŒŒLNNKNŒÎNÍÍÍMÎ‘]\™][K\\˜İX™KĞQSKM‹LŒŒËÜL›Ù\Ë[™\™ŞWÜÜÚ]]™WØÛÛ[Z][WÛZ[—ÜİLŒKŒŒÍÌMÎLKLLŒLÌMÌŒ‹LŒÌLÎLLLÎMËLMKLÍÍÍÎMŒMMËLKŒŒNMLLÌŒMËNKMŒNLÌŒNMÌB‘]\™][K\\˜İX™KĞQSKM‹LŒŒËÜL›Ù\Ë[™\™ŞWÜÜÚ]]™WØÛÛ[Z][WÛX^ÜİŒMNÌLMMŒKLŒ‹LÍLŒNMÎM‹MMLŒNMLŒÍËÍŒŒÍÍLLMLMÍ‹LKŒÎMÌNÍŒLÌÍMËÌKLMMÍLMÍMN‘]\™][K\\˜İX™KĞQSKM‹LŒŒËÜL›Ù\Ë[™\™ŞWÜÜÚ]]™WØÛÛ[Z]˜[™ÙWØXœË‹MŒŒLMNMÌŒÌLËL‹ÍÍÎMÌÌŒŒÍNNMÍMÎMLŒN‹MŒŒLMNMÌŒÌLËËNLÍÌÍŒLLŒË‹MŒŒLMNMÌŒÌLÂ‘]\™][K\\˜İX™KĞQSKM‹LŒŒËÜL›Ù\Ë[™\™ŞWÜÜÚ]]™WØÛÛ[Z]ØÙØXœËËLÍÍÌÌŒÌÍŒMÍLËMLMÌŒLÍLË‹MÌÍÌNNNLMKŒLLÍMÌÌÌLËKMÌÎŒLÍ‹ŒÌŒMŒ‘]\™][K\\˜İX™KĞQSKM‹LŒŒËÜL›Ù\Ë[™\™ŞWÜÜÚ]]™WØÛÛ[Z]ØÙÜİŒMNÌLMMŒKLŒËŒŒMÌËMËŒÍŒÌÌÍLÎÌÌLËÍŒŒÍÍLLMLMÍ‹MŒNMÌMŒMNKÌKLMMÍLMÍMN‘]\™][K\\˜İX™KĞQSKM‹LŒŒËÜ›Ù\Ë[™\™ŞWÜÜÚ]]™WØÛÛ[Z]—ÛY]šXËLËŒLKŒKŒKŒKŒKŒ‘]\™][K\\˜İX™KĞQSKM‹LŒŒËÜ›Ù\Ë[™\™ŞWÜÜÚ]]™WØÛÛ[Z]YX[‹MŒÌMMŒÌNŒÎKLMŒLLNNMNLÎKLËLŒÍMNLËMKŒŒLŒÌL‹LËLÍŒLÌŒÌMKMKŒŒÍŒLŒÍÌLŒB‘]\™][K\\˜İX™KĞQSKM‹LŒŒËÜ›Ù\Ë[™\™ŞWÜÜÚ]]™WØÛÛ[Z]\\—ÜİËLÍÍŒŒMŒÌÌKLËNŒÌLŒMŒK‹ŒÍNÌMÌ‹LËŒÍŒÎÍÌÍLÎMËKMÎLŒÌLLMNLËLËŒMÌLLÍÎLÎÍÎ‘]\™][K\\˜İX™KĞQSKM‹LŒŒËÜ›Ù\Ë[™\™ŞWÜÜÚ]]™WØÛÛ[Z]Ø[\WÜİÜİLËMLŒMŒËLLËŒŒLNLLŒNŒÌ‹ŒÌÍÌNLÌŒMLŒ‹M‹MÎMNMÎMÌLÌ‹ŒŒLÎŒÍLÎLKM‹ÍNLMLÌLÎMB‘]\™][K\\˜İX™KĞQSKM‹LŒŒËÜ›Ù\Ë[™\™ŞWÜÜÚ]]™WØÛÛ[Z][WÛZ[—ÜİLËMLLÎLÍKLL‹ŒÌÌŒLMMNLKLÍŒÎNNLLŒNÍ‹NKŒÎMLLMŒÍÌËLÌÍLŒÌŒÎNMKNMMMŒNB‘]\™][K\\˜İX™KĞQSKM‹LŒŒËÜ›Ù\Ë[™\™ŞWÜÜÚ]]™WØÛÛ[Z][WÛX^ÜİŒNÌŒMLMÍMÎLKŒMMMÍLÌÌNËŒMLŒÌLÍÌŒÌŒLŒÎKŒÍLMNŒŒNÌKÌÍÌLNMÂ‘]\™][K\\˜İX™KĞQSKM‹LŒŒËÜ›Ù\Ë[™\™ŞWÜÜÚ]]™WØÛÛ[Z]˜[™ÙWØXœËŒÎMŒÌÎMÎMÍL‹MMLÍÎMLL‹ËMÌMMŒMÍÌŒÎMŒÌÎMÎMÍKLÌŒÌÍLŒŒÎÎMŒÎMŒÌÎMÎMÍ‘]\™][K\\˜İX™KĞQSKM‹LŒŒËÜ›Ù\Ë[™\™ŞWÜÜÚ]]™WØÛÛ[Z]ØÙØXœËŒÍŒMNLMNKLËLLÍÍLMŒÍLÎLK‹ÌÍNLNŒLŒÍËŒÎMMÍÍLNKŒÎLLÎMMÌŒMÍËLMNÍÍÌŒÌÍ‚‘]\™][K\\˜İX™KĞQSKM‹LŒŒËÜ›Ù\Ë[™\™ŞWÜÜÚ]]™WØÛÛ[Z]ØÙÜİŒNÌŒMLMÍMÎL‹ŒLLLMNNKŒÌÍÌÌÍÌLMËÌŒLŒÎ‹ÎMMNLŒŒÎMËÌKÌÍÌLNMÂ‘]\™][K\\˜İX™KØ[Z[™ËM‹LŒŒËÜL›Ù\Ë[™\™ŞWÜÜÚ]]™WØÛÛ[Z]—ÛY]šXËLËŒLKŒKŒKŒKŒKŒ‘]\™][K\\˜İX™KØ[Z[™ËM‹LŒŒËÜL›Ù\Ë[™\™ŞWÜÜÚ]]™WØÛÛ[Z]YX[‹ŒŒÍMÌÌÌÍŒÌËLŒŒÌÎÌNNMŒÍŒÍNKŒŒŒNMMKŒKŒÌMÍŒÌMLŒ‹NMMÍLMÍÎMMÌËŒ‹ŒMŒMŒŒŒÌÎ‘]\™][K\\˜İX™KØ[Z[™ËM‹LŒŒËÜL›Ù\Ë[™\™ŞWÜÜÚ]]™WØÛÛ[Z]\\—ÜİŒŒMMMNMÍÍLLÍ‹LNKŒÌMLŒÌLLËKÍLÌLLÌŒËMÌÌMMNËŒŒLÌLÍÌMÍLMÌËŒLMMÍMM‘]\™][K\\˜İX™KØ[Z[™ËM‹LŒŒËÜL›Ù\Ë[™\™ŞWÜÜÚ]]™WØÛÛ[Z]Ø[\WÜİÜİMËLÍMLŒÍÍÌLËLNŒLLMLMÍŒMM‹L‹ŒÌMMÌÍKŒKŒÌNMÎLÍLMNKKŒÎNÍŒÍLMLÌKŒKMMNLŒÍŒÌLÌLÂ‘]\™][K\\˜İX™KØ[Z[™ËM‹LŒŒËÜL›Ù\Ë[™\™ŞWÜÜÚ]]™WØÛÛ[Z][WÛZ[—ÜİLÍKŒLNLMŒNMKLLÌËŒLLMMÌLÎLLÍKLÍËŒLMÌÌLMM‹LLËÎLLÌÍMÌNMLÎŒŒŒMMÌÎÎLLŒÍÍMMNNNN‘]\™][K\\˜İX™KØ[Z[™ËM‹LŒŒËÜL›Ù\Ë[™\™ŞWÜÜÚ]]™WØÛÛ[Z][WÛX^ÜİÌËLÍMÌÌŒÍËLKMŒÍMŒÌÍÍNMMËÌMÌŒMÌMŒNMÎLLÌŒÍÍLKLËŒMMLMMLŒŒM‹ŒÍŒÌB‘]\™][K\\˜İX™KØ[Z[™ËM‹LŒŒËÜL›Ù\Ë[™\™ŞWÜÜÚ]]™WØÛÛ[Z]˜[™ÙWØXœËLËMŒMÌÌÍÍÎMÌMÌËLLKMMÎMLMMÍËŒLŒNÍLŒŒÌÎ‹LËMŒMÌÌÍÍÎMÌMÌËMNÍMÎNÌLKLËMŒMÌÌÍÍÎMÌMÌÂ‘]\™][K\\˜İX™KØ[Z[™ËM‹LŒŒËÜL›Ù\Ë[™\™ŞWÜÜÚ]]™WØÛÛ[Z]ØÙØXœËËŒMLÌŒÌÌLËL‹LMMÍLŒÌLÌNKŒMLÍÍÍLÍÍÎM‹ËÍÎLŒNMLMË‹MLŒŒÍMŒËŒMÌÌLÌNÎÂ‘]\™][K\\˜İX™KØ[Z[™ËM‹LŒŒËÜL›Ù\Ë[™\™ŞWÜÜÚ]]™WØÛÛ[Z]ØÙÜİÍKŒLNLMŒNMKLÍŒŒMMLÌNKLŒMŒMŒÍNÌMËÎLLÌŒÍÍLKLËŒMMLMMLŒŒM‹ŒÍŒÌB‘]\™][K\\˜İX™KØ[Z[™ËM‹LŒŒËÜ›Ù\Ë[™\™ŞWÜÜÚ]]™WØÛÛ[Z]—ÛY]šXËLËŒLKŒKŒKŒKŒKŒ‘]\™][K\\˜İX™KØ[Z[™ËM‹LŒŒËÜ›Ù\Ë[™\™ŞWÜÜÚ]]™WØÛÛ[Z]YX[‹ŒÌÎMLŒŒNŒM‹LŒÎNMÌMNLLLÌKNKŒÌMNLLÎMËŒKLLMLMŒÍKNKMÍÌMLÍÌNMÌLËŒKÎMMÌMÌÌÌÌ‚‘]\™][K\\˜İX™KØ[Z[™ËM‹LŒŒËÜ›Ù\Ë[™\™ŞWÜÜÚ]]™WØÛÛ[Z]\\—ÜİLËNLŒLLMM‹LLËŒÍÍLNNN‹MMLMŒ‹MKŒMÌÌŒÌMMLËËŒLNMNMÌNNLŒÎËMKMÍÌMLÍMÌ‚‘]\™][K\\˜İX™KØ[Z[™ËM‹LŒŒËÜ›Ù\Ë[™\™ŞWÜÜÚ]]™WØÛÛ[Z]Ø[\WÜİÜİLKÎLÌNLÌMÍŒÎKLL‹MŒMÎNÍÌŒÌNKËŒÌŒÍÌÎLÌÌËLËNLMLNNNLÍ‹ŒŒÍÌŒMÌLMMŒËMÌÍÌÌÍB‘]\™][K\\˜İX™KØ[Z[™ËM‹LŒŒËÜ›Ù\Ë[™\™ŞWÜÜÚ]]™WØÛÛ[Z][WÛZ[—ÜİLMKŒMÎLÌŒMMMMKLLLËÍLMÍŒLÌNKLMËMMŒLLMŒÌŒÎMKNÌÌLÍÍNLMLNÍÍŒMŒMŒÎŒ‹MËŒLÍLŒÌLMÍ‘]\™][K\\˜İX™KØ[Z[™ËM‹LŒŒËÜ›Ù\Ë[™\™ŞWÜÜÚ]]™WØÛÛ[Z][WÛX^ÜİKŒÍMMŒÍNMNMNL‹LŒÌLNNMMLMËÍLMLLMLŒÌKŒLMNMŒÌÌNË‹MLMŒLŒMLLKÌ‹ŒNLNMÍŒLLM‚‘]\™][K\\˜İX™KØ[Z[™ËM‹LŒŒËÜ›Ù\Ë[™\™ŞWÜÜÚ]]™WØÛÛ[Z]˜[™ÙWØXœËKŒMMNÌŒŒLMÍL‹LŒMÍMŒŒŒMŒÎLLKŒNLÍÎLLÌ‹KŒMMNÌŒŒLMÍL‹ËŒÌLMÌNMKŒMMNÌŒŒLMÍL‚‘]\™][K\\˜İX™KØ[Z[™ËM‹LŒŒËÜ›Ù\Ë[™\™ŞWÜÜÚ]]™WØÛÛ[Z]ØÙØXœË‹ŒŒMŒLMÌMLNNMKLKŒÎMŒÎLŒÌL‹‹ŒLÌÍLÍÌ‹ŒÍLNLÌNŒLLMËKŒÌLŒÍÌMMK‹NŒMÌÌMŒ‚‘]\™][K\\˜İX™KØ[Z[™ËM‹LŒŒËÜ›Ù\Ë[™\™ŞWÜÜÚ]]™WØÛÛ[Z]ØÙÜİKŒÍMMŒÍNMNMNL‹LŒÌLNNMMLMËLLÌŒMÌÌKŒLMNMŒÌÌNËËLNLÍNMMÍŒKÌ‹ŒNLNMÍŒLLM‚‘]\™][K\\˜İX™K^T[M‹LŒŒËÜL›Ù\Ë[™\™ŞWÜÜÚ]]™WØÛÛ[Z]—ÛY]šXËMŒLKŒKŒKŒKŒKŒ‘]\™][K\\˜İX™K^T[M‹LŒŒËÜL›Ù\Ë[™\™ŞWÜÜÚ]]™WØÛÛ[Z]YX[‹Œ‹LLÌM‹LŒ‹MŒŒÍÌÎŒKLŒÌMMMŒŒLÌNŒËMÍŒÍLLNLMÎËŒŒÍŒMŒÍLKMNMŒMÌM‚‘]\™][K\\˜İX™K^T[M‹LŒŒËÜL›Ù\Ë[™\™ŞWÜÜÚ]]™WØÛÛ[Z]\\—ÜİNÎLLÌÎÌŒLNLŒÌLNLMÍ‹ŒMŒÎLLNÌMKŒÌÌŒÍLÍMMÌÌL‹KŒMÍÍŒŒMLÌÌË‹ÌÌÌÎMLŒM‘]\™][K\\˜İX™K^T[M‹LŒŒËÜL›Ù\Ë[™\™ŞWÜÜÚ]]™WØÛÛ[Z]Ø[\WÜİÜİMLŒÍŒÎMÍNLMLÌLMNMMÌÌËLŒLŒLNÍŒKMËŒŒNŒLNNLÍ‹ËÎLŒLMKNŒŒÍŒÎLÎLÍ‚‘]\™][K\\˜İX™K^T[M‹LŒŒËÜL›Ù\Ë[™\™ŞWÜÜÚ]]™WØÛÛ[Z][WÛZ[—ÜİL‹MLNMÍLLLLŒMÍÌMMŒËLLÍÍÍÎNNLLËLÌMNLÍÌÍMÍNËLÌŒÍŒÎMŒMMŒLLKÌMMMÍMMB‘]\™][K\\˜İX™K^T[M‹LŒŒËÜL›Ù\Ë[™\™ŞWÜÜÚ]]™WØÛÛ[Z][WÛX^ÜİÍŒMÍLNÍLMMËLKŒŒLÍNLLL‹NŒŒÌÍŒÌMÍŒMÌ‹ŒMŒÌŒÍNLMMËKÍÎLMLŒ‹Í‹ŒŒŒÌÍÍÂ‘]\™][K\\˜İX™K^T[M‹LŒŒËÜL›Ù\Ë[™\™ŞWÜÜÚ]]™WØÛÛ[Z]˜[™ÙWØXœËL‹MÍÌÌŒMËLLŒŒNLÍLLŒNLK‹ŒLÍŒMNLÎLKL‹MÍÌÌŒMËKŒNMÎŒŒMÎNKL‹MÍÌÌŒMÂ‘]\™][K\\˜İX™K^T[M‹LŒŒËÜL›Ù\Ë[™\™ŞWÜÜÚ]]™WØÛÛ[Z]ØÙØXœË‹MLMÌÍLLÌÎNLÍËL‹ŒLLÍÍLŒMLËÍÌÍLŒÌŒKËŒŒÍMÌÍÎNMK‹MÌMNMÎLLËËÍŒÌMÍÍ‘]\™][K\\˜İX™K^T[M‹LŒŒËÜL›Ù\Ë[™\™ŞWÜÜÚ]]™WØÛÛ[Z]ØÙÜİÍŒMÍLNÍLMMËL‹MŒNŒNÍËMKŒÍŒÍŒLÎÌ‹ŒMŒÌŒÍNLMMËLKÎŒLŒNLKÍ‹ŒŒŒÌÍÍÂ‘]\™][K\\˜İX™K^T[M‹LŒŒËÜ›Ù\Ë[™\™ŞWÜÜÚ]]™WØÛÛ[Z]—ÛY]šXËLËŒLKŒKŒKŒKŒKŒ‘]\™][K\\˜İX™K^T[M‹LŒŒËÜ›Ù\Ë[™\™ŞWÜÜÚ]]™WØÛÛ[Z]YX[‹Œ‹ŒMÎLŒŒLŒ‹ŒMÌLNNËŒKŒNNLÌNMÍMMÍËŒ‹MMNÌMÌŒMMMMŒNŒMMŒÎMÍ‹ŒËŒÌÍMÌŒÂ‘]\™][K\\˜İX™K^T[M‹LŒŒËÜ›Ù\Ë[™\™ŞWÜÜÚ]]™WØÛÛ[Z]\\—ÜİL‹NLMLÌÍNNMÌ‹LL‹LÌMLÌNML‹ËŒNMLÎMŒMŒMËMÌŒMLMMŒM‹ËMLNNLÍŒMŒÍ‹MMLÍŒÍN‘]\™][K\\˜İX™K^T[M‹LŒŒËÜ›Ù\Ë[™\™ŞWÜÜÚ]]™WØÛÛ[Z]Ø[\WÜİÜİLŒŒMLÎÍÍKLLÌMLŒMLNÍKËÎŒMLÌŒÍÌÎL‹MŒLÍŒNÎLMLË‹LMLLÍÍ‹L‹LŒMLÌNMM‚‘]\™][K\\˜İX™K^T[M‹LŒŒËÜ›Ù\Ë[™\™ŞWÜÜÚ]]™WØÛÛ[Z][WÛZ[—ÜİLNLMLÌMMŒÎLMKLLMËŒÎLLÍLÌŒÍËLŒLLLLÍLNMËLLKŒÎÍŒÍNM‹LŒKLÌMŒÍLLŒÍËLLŒMNNÌÎLLÍÂ‘]\™][K\\˜İX™K^T[M‹LŒŒËÜ›Ù\Ë[™\™ŞWÜÜÚ]]™WØÛÛ[Z][WÛX^ÜİMKŒLŒNLŒÌLŒŒ‹LMŒMÌLÌMLLÍŒŒ‹LŒÌŒÌNÍŒMMÌÍKNŒŒLŒÍLM‹ŒNÍLÍKNKÌÌMÎNMÍLÍÍM‘]\™][K\\˜İX™K^T[M‹LŒŒËÜ›Ù\Ë[™\™ŞWÜÜÚ]]™WØÛÛ[Z]˜[™ÙWØXœËËNMLŒKL‹ÌMMMLMÍÍKKŒÌLÍÌÌÎLËNMLŒKËMNLÎËNMLŒB‘]\™][K\\˜İX™K^T[M‹LŒŒËÜ›Ù\Ë[™\™ŞWÜÜÚ]]™WØÛÛ[Z]ØÙØXœËŒMÎLŒÎNLËÎNLMLLLÍNK‹ÎLNÌÎLL‹ŒLMLŒÎN‹ŒŒÍÌMÍŒMMËKŒÍNMÌÍB‘]\™][K\\˜İX™K^T[M‹LŒŒËÜ›Ù\Ë[™\™ŞWÜÜÚ]]™WØÛÛ[Z]ØÙÜİNLMLÌMMŒÎLMKLMËŒÍÌÍMŒMÍÍNKL‹ŒÍMMÍÍLÍLKŒLLLLÍLNMËLŒMNNÌÎLLÍËŒKLÌMŒÍLLŒÍÂ‘]\™][K\\˜İX™K’TĞKM‹LŒŒËÜL›Ù\Ë[™\™ŞWÜÜÚ]]™WØÛÛ[Z]—ÛY]šXËLËŒLKŒKŒKŒKŒKŒ‘]\™][K\\˜İX™K’TĞKM‹LŒŒËÜL›Ù\Ë[™\™ŞWÜÜÚ]]™WØÛÛ[Z]YX[‹ŒKÍNLMLMÌŒLŒKMŒŒMÌÎŒMŒNMŒMLMÎMŒ‹NŒLNLNM‹ŒŒLLÍLMÍÍÌÍÌËŒËŒŒŒLNNLLMLÌÍMŒÍÂ‘]\™][K\\˜İX™K’TĞKM‹LŒŒËÜL›Ù\Ë[™\™ŞWÜÜÚ]]™WØÛÛ[Z]\\—ÜİKMNÍÌMNMLKMÍÍÌNLÌŒŒ‹ËLMMMÍŒMLLÌLÎ‹LËŒÎÍLÍLÎMLKËÍŒÎMLÌÌÌÍÌÌËLËÎNMŒŒNM‘]\™][K\\˜İX™K’TĞKM‹LŒŒËÜL›Ù\Ë[™\™ŞWÜÜÚ]]™WØÛÛ[Z]Ø[\WÜİÜİM‹MLÌLŒÌMMŒLKLMKŒÍÍLMNNMŒËKNÌÎNLÍLKŒŒMÍLLŒLÎËÍNLÌÍÎLÌÎLŒKŒŒÌMŒNMNMLMB‘]\™][K\\˜İX™K’TĞKM‹LŒŒËÜL›Ù\Ë[™\™ŞWÜÜÚ]]™WØÛÛ[Z][WÛZ[—ÜİLÍ‹ŒÌÎNMÍNNLLÍLÍKLÎŒÎNLMÎLKNKŒŒÎNLŒMKLÎÌMÌÍMLLÍÍNKM‹ŒMÌÍÌMLÍ‘]\™][K\\˜İX™K’TĞKM‹LŒŒËÜL›Ù\Ë[™\™ŞWÜÜÚ]]™WØÛÛ[Z][WÛX^ÜİNŒLÎÌLLÍÌMNLËLMKNLÌÍMMLÍ‹NLLLÎMÌÌKŒ‹ŒÎLMMŒLÌÎNMÍËŒMŒŒÍKŒËŒÌÌMŒŒÎNLŒÂ‘]\™][K\\˜İX™K’TĞKM‹LŒŒËÜL›Ù\Ë[™\™ŞWÜÜÚ]]™WØÛÛ[Z]˜[™ÙWØXœËLKÌÌÌML‹LLKŒLMÎLNLLÍLKÎÌNLŒLKÌÌÌML‹‹ÎLLÌLÌLŒÌNKLKÌÌÌML‚‘]\™][K\\˜İX™K’TĞKM‹LŒŒËÜL›Ù\Ë[™\™ŞWÜÜÚ]]™WØÛÛ[Z]ØÙØXœËËÎŒLÍÎNLLËNMMNNÌŒK‹ŒÎMŒÌMLÎMMKŒÎLMÌÍNKKMŒÎŒŒMLÍMÍÍLËÍÎÍÌÎLŒŒŒÂ‘]\™][K\\˜İX™K’TĞKM‹LŒŒËÜL›Ù\Ë[™\™ŞWÜÜÚ]]™WØÛÛ[Z]ØÙÜİÍ‹ŒÌÎNMÍNNLÍLÍKLLÍLÌNLÍKÎŒÎNLMÎLK‹MNLMNÍKÎÌMÌÍMLLÍÍNB‘]\™][K\\˜İX™K’TĞKM‹LŒŒËÜ›Ù\Ë[™\™ŞWÜÜÚ]]™WØÛÛ[Z]—ÛY]šXËLËŒLKŒKŒKŒKŒKŒ‘]\™][K\\˜İX™K’TĞKM‹LŒŒËÜ›Ù\Ë[™\™ŞWÜÜÚ]]™WØÛÛ[Z]YX[‹Œ‹ÎMNNLMLÌËLŒ‹LÍLŒÌÌLM‹ŒKŒÍNŒLŒËMÍLÎŒÍNŒÌÌLÌÌMŒÍMKŒËŒŒLÌNNMMÎMMÂ‘]\™][K\\˜İX™K’TĞKM‹LŒŒËÜ›Ù\Ë[™\™ŞWÜÜÚ]]™WØÛÛ[Z]\\—ÜİŒMLMÌÍMŒNN‹LŒÍÌLMÍNNÎMÍLËÎLÌŒLÍÌNK‹ŒMLMLMŒÌËKÌLÌÎLŒÍMŒË‹MŒŒLLÌNB‘]\™][K\\˜İX™K’TĞKM‹LŒŒËÜ›Ù\Ë[™\™ŞWÜÜÚ]]™WØÛÛ[Z]Ø[\WÜİÜİMŒÎÎMMÌÎMÍMŒLMLNLLMMÍÍNLÌËLKŒÍÍLÎÌLÌN‹M‹LÍŒLMLMÌÎKKMLMÎMÍMLÌ‹M‹LNNŒLLLÍŒLÂ‘]\™][K\\˜İX™K’TĞKM‹LŒŒËÜ›Ù\Ë[™\™ŞWÜÜÚ]]™WØÛÛ[Z][WÛZ[—ÜİLMËÎNMÍÌÍÎLËLLMËŒLMMŒÎNNMÎËLŒKŒLNLÌLÎLKLL‹ŒŒÌŒÍML‹LŒKÎMŒLÎÍMÍKLLŒÎÍMMÌLB‘]\™][K\\˜İX™K’TĞKM‹LŒŒËÜ›Ù\Ë[™\™ŞWÜÜÚ]]™WØÛÛ[Z][WÛX^Üİ‹MMÌÍÌNÍLŒLLLÌÍÌŒMÍLMKLŒLMËÌKŒÎMÌÍNLLMMLŒLÍÍNMKÍMÍLNMŒÍNB‘]\™][K\\˜İX™K’TĞKM‹LŒŒËÜ›Ù\Ë[™\™ŞWÜÜÚ]]™WØÛÛ[Z]˜[™ÙWØXœËKMŒNÍÌÍLËLKMÌNNÌL‹‹ÌLÌMŒMŒNMM‹KMŒNÍÌÍLËKÍŒÎÌLNM‹KMŒNÍÌÍLÂ‘]\™][K\\˜İX™K’TĞKM‹LŒŒËÜ›Ù\Ë[™\™ŞWÜÜÚ]]™WØÛÛ[Z]ØÙØXœË‹ŒLŒLŒNMLLKLŒŒNLLMÌMËŒÎLÌLÌŒÍMÌË‹ÍLMÍÌLŒMËŒÌLŒÎLŒLŒËŒÌÌNLLLN‘]\™][K\\˜İX™K’TĞKM‹LŒŒËÜ›Ù\Ë[™\™ŞWÜÜÚ]]™WØÛÛ[Z]ØÙÜİ‹MMÌÍÌNÍLŒLLLÌÍÌŒMÍLM‹LÎLNNLKÌKŒÎMÌÍNLLMMLŒLÍÍNMKÍMÍLNMŒÍNB‘]\™][KØØ[KYœ™YKÔËM‹LŒŒËÜL›Ù\Ë[™\™ŞWÜÜÚ]]™WØÛÛ[Z]—ÛY]šXËMŒLKŒKŒKŒKŒKŒ‘]\™][KØØ[KYœ™YKÔËM‹LŒŒËÜL›Ù\Ë[™\™ŞWÜÜÚ]]™WØÛÛ[Z]YX[‹LMÍNMÍLL‹LLMÌLŒÌMNMŒÍKLŒMMLÎNMMNNLM‹LMLMMŒÎMŒŒÎMÍLKKMLNLŒÌÌÍÎL‹LKŒNMÌÍLÎLÂ‘]\™][KØØ[KYœ™YKÔËM‹LŒŒËÜL›Ù\Ë[™\™ŞWÜÜÚ]]™WØÛÛ[Z]\\—ÜİL‹ŒŒLLNLMŒMKLLKŒLÍŒMŒÎLMÍËKÎMMMŒÌÎM‹ŒNMÎMLLÍMMMNNËÍÌÍŒŒNMÌÎMÍM‹MNMMÎMÎLNB‘]\™][KØØ[KYœ™YKÔËM‹LŒŒËÜL›Ù\Ë[™\™ŞWÜÜÚ]]™WØÛÛ[Z]Ø[\WÜİÜİKMLÌNMMÌÎLKNMMLNLÌMNM‹MÍÍŒÌŒLNNLLKNNNMMNM‹ŒLŒÍNNLNLNMMMKL‹ŒÍÌLÌÍŒNLÍ‘]\™][KØØ[KYœ™YKÔËM‹LŒŒËÜL›Ù\Ë[™\™ŞWÜÜÚ]]™WØÛÛ[Z][WÛZ[—ÜİLMŒNÍMÍMLÍŒÌ‹LLL‹LMÍÍÌÍNLMËLM‹ŒÍMŒÍMŒŒMMËÎMÎNNLMËLMÍLLMÌÌÍLM‹MKÌŒLŒÌÍÍÂ‘]\™][KØØ[KYœ™YKÔËM‹LŒŒËÜL›Ù\Ë[™\™ŞWÜÜÚ]]™WØÛÛ[Z][WÛX^ÜİŒŒMŒMÌÌMNLNŒÌÍNMŒŒLÌÍËLNLÌÍŒMMKŒ‹MLÎÌ‹MÎÎÍLNKLMMŒNLNMMŒB‘]\™][KØØ[KYœ™YKÔËM‹LŒŒËÜL›Ù\Ë[™\™ŞWÜÜÚ]]™WØÛÛ[Z]˜[™ÙWØXœËËŒÌÌÍLŒLÍÌLÍLËŒŒMLÍŒÎNNKLNŒÌŒMMMÍMËËŒÌÌÍLŒLÍÌLÍKŒNNÎMÍŒÍÍËŒÌÌÍLŒLÍÌLÍ‘]\™][KØØ[KYœ™YKÔËM‹LŒŒËÜL›Ù\Ë[™\™ŞWÜÜÚ]]™WØÛÛ[Z]ØÙØXœË‹ŒLNMÌÍÌÌËLKMÌÌMMLLLÍ‹KŒLÍLŒÎŒÍÌMÍ‹ŒÍMŒŒÍLNLËÌMÍMNLÍŒÌŒÌ‹‹LÌMÌÎNMÎÌŒ‚‘]\™][KØØ[KYœ™YKÔËM‹LŒŒËÜL›Ù\Ë[™\™ŞWÜÜÚ]]™WØÛÛ[Z]ØÙÜİŒŒMŒMÌÌMNLNŒÌÍNMŒŒLÌÍËLKŒLÍÎMÌMÍËŒ‹MLÎÌ‹MÎÎÍLNKLMMŒNLNMMŒB‘]\™][KØØ[KYœ™YKÔËM‹LŒŒËÜ›Ù\Ë[™\™ŞWÜÜÚ]]™WØÛÛ[Z]—ÛY]šXËLËŒLKŒKŒKŒKŒKŒ‘]\™][KØØ[KYœ™YKÔËM‹LŒŒËÜ›Ù\Ë[™\™ŞWÜÜÚ]]™WØÛÛ[Z]YX[‹KMLMNMÎMLKMNLMÍÌÍÌMMKKŒÍMŒÌNLÍÍLLMLMMŒÍÍMMÎLËKŒLMMÍÍLMKLMÎÍÎMLMB‘]\™][KØØ[KYœ™YKÔËM‹LŒŒËÜ›Ù\Ë[™\™ŞWÜÜÚ]]™WØÛÛ[Z]\\—ÜİKŒÍLÎNMÎNLKŒŒŒÌÍLMMËL‹ÎLŒÍÌŒÌNMËÍËÌMÌMŒÌMKL‹ŒLÎNMŒMÍÌKÎMŒLLMB‘]\™][KØØ[KYœ™YKÔËM‹LŒŒËÜ›Ù\Ë[™\™ŞWÜÜÚ]]™WØÛÛ[Z]Ø[\WÜİÜİMËŒNMŒŒMMËLMËŒŒÎMÍMLLŒÍKLËÌŒŒÍÌLMÎM‹ŒLÍÌMÍKMÍÌÌMŒMM‹ŒLÍÌÎNLMŒÍÍB‘]\™][KØØ[KYœ™YKÔËM‹LŒŒËÜ›Ù\Ë[™\™ŞWÜÜÚ]]™WØÛÛ[Z][WÛZ[—ÜİLŒLLÍ‹LLŒNLŒŒNÍMNKLŒLMMLMŒÌMÌNLNKŒÌÍŒLNMŒLKLKŒMLLÌ‹LL‹LLLŒŒLÍMŒÎL‚‘]\™][KØØ[KYœ™YKÔËM‹LŒŒËÜ›Ù\Ë[™\™ŞWÜÜÚ]]™WØÛÛ[Z][WÛX^ÜİNŒÍMNÍNLŒËNLŒŒÌLÍÎMŒNM‹ÍÎMMMÌÌÍ‹ÌKŒLNLŒLÌ‹MŒŒŒLMLNKÌËLŒMÍMÌŒŒÍB‘]\™][KØØ[KYœ™YKÔËM‹LŒŒËÜ›Ù\Ë[™\™ŞWÜÜÚ]]™WØÛÛ[Z]˜[™ÙWØXœËMMÌMŒÍÍÌMMKLÌNNŒÌÍŒNËLMMLÍŒÍKMMÌMŒÍÍÌMMK‹LMÎMMLÍÎLŒKMMÌMŒÍÍÌMMB‘]\™][KØØ[KYœ™YKÔËM‹LŒŒËÜ›Ù\Ë[™\™ŞWÜÜÚ]]™WØÛÛ[Z]ØÙØXœË‹ÌÌLNMMMMŒËL‹NLÌMÌŒŒÌÎNMÌ‹‹ŒŒŒNLŒMÍ‹ËŒŒMLÌŒÌMÌMKMÍÎŒLÍŒ‹ËŒNMŒNMÌŒÌŒN‘]\™][KØØ[KYœ™YKÔËM‹LŒŒËÜ›Ù\Ë[™\™ŞWÜÜÚ]]™WØÛÛ[Z]ØÙÜİNŒÍMNÍNLKLŒMÍŒŒŒLÎŒMŒÌLLÍÍMÍÍËÌKŒLNLŒLÌ‹MŒŒŒLMLNKÌËLŒMÍMÌŒŒÍB‘]\™][KØØ[KYœ™YK’QKM‹LŒŒËÜL›Ù\Ë[™\™ŞWÜÜÚ]]™WØÛÛ[Z]—ÛY]šXËLËŒLKŒKŒKŒKŒKŒ‘]\™][KØØ[KYœ™YK’QKM‹LŒŒËÜL›Ù\Ë[™\™ŞWÜÜÚ]]™WØÛÛ[Z]YX[‹KŒNÍÍÌNM‹LKŒNLNNMÎLŒÎÌÎLŒNMŒMKŒÎLLMÌÍM‹LÍMÌÍLNN‹KÍLLÎÌM‘]\™][KØØ[KYœ™YK’QKM‹LŒŒËÜL›Ù\Ë[™\™ŞWÜÜÚ]]™WØÛÛ[Z]\\—ÜİŒLŒMÍÌÍŒLKLNNÍLÌÎLKŒŒÌNÌŒLËŒËŒLLNÌMNKLŒŒÍÌÌŒŒÌÌ‹ŒËLLÍÍÌMMÍB‘]\™][KØØ[KYœ™YK’QKM‹LŒŒËÜL›Ù\Ë[™\™ŞWÜÜÚ]]™WØÛÛ[Z]Ø[\WÜİÜİL‹NMÍÌŒŒŒŒLËLLËŒÌLLMŒLŒŒÌËLŒMÌÍÌLKMKŒLÎLŒLÌMÌLŒËŒNMÌMMMNMMËMKŒMMÌLLÌÍLB‘]\™][KØØ[KYœ™YK’QKM‹LŒŒËÜL›Ù\Ë[™\™ŞWÜÜÚ]]™WØÛÛ[Z][WÛZ[—ÜİLNKŒÌÌÌŒÌ‹LLMËÎÍMLÌLÌÌKLŒKLMŒLÌLŒÍÍŒÍLL‹MMÎNÌMNLÍKLŒ‹MMÍNMMMLLŒŒÍNÎMNLL‘]\™][KØØ[KYœ™YK’QKM‹LŒŒËÜL›Ù\Ë[™\™ŞWÜÜÚ]]™WØÛÛ[Z][WÛX^ÜİŒËLMLLLMÌÍ‹LŒKŒLMÍŒÎ‹MNLÌÍMÍNK‹NNNMŒÍNLŒ‹LKNÍÌMŒÌKKÎMÍÎÎMMÌÂ‘]\™][KØØ[KYœ™YK’QKM‹LŒŒËÜL›Ù\Ë[™\™ŞWÜÜÚ]]™WØÛÛ[Z]˜[™ÙWØXœËËLÍŒÌÍMÍLÍËLËLŒŒLLÌË‹LÌLÍÌMLÌNMËËLÍŒÌÍMÍLÍË‹ŒLŒÌLŒLNMMNKËLÍŒÌÍMÍLÍÂ‘]\™][KØØ[KYœ™YK’QKM‹LŒŒËÜL›Ù\Ë[™\™ŞWÜÜÚ]]™WØÛÛ[Z]ØÙØXœË‹ŒMŒLŒMLKL‹ŒÌÎMNÍMKKMLÌNÌŒÌNÌË‹LNMÎMNMKŒLÍÎÍÌLÍ‹‹ŒMÎÎÌLLMB‘]\™][KØØ[KYœ™YK’QKM‹LŒŒËÜL›Ù\Ë[™\™ŞWÜÜÚ]]™WØÛÛ[Z]ØÙÜİŒËLMLLLMÌÍ‹LŒKMLMNNMNÌMŒÍKMKÌLMÌŒŒ‹‹NNNMŒÍNLŒ‹L‹NNLMÌÌŒÌMLËKÎMÍÎÎMMÌÂ‘]\™][KØØ[KYœ™YK’QKM‹LŒŒËÜ›Ù\Ë[™\™ŞWÜÜÚ]]™WØÛÛ[Z]—ÛY]šXËLËŒLKŒKŒKŒKŒKŒ‘]\™][KØØ[KYœ™YK’QKM‹LŒŒËÜ›Ù\Ë[™\™ŞWÜÜÚ]]™WØÛÛ[Z]YX[‹KŒÍÍÍMNŒKLKŒÎÌMLŒÌ‹ŒLÌMÌLÍMËKLNLÍMÎMÍMKŒÌMÌŒNŒMLMLŒNMLNŒŒMÍÂ‘]\™][KØØ[KYœ™YK’QKM‹LŒŒËÜ›Ù\Ë[™\™ŞWÜÜÚ]]™WØÛÛ[Z]\\—ÜİMËMMLŒÎKLMËŒÍMÌLMËKŒMMÌÌÎLÌNLËËÍMLNLÍÌÎL‹ÍNÌÍNŒŒÌNLÌLÂ‘]\™][KØØ[KYœ™YK’QKM‹LŒŒËÜ›Ù\Ë[™\™ŞWÜÜÚ]]™WØÛÛ[Z]Ø[\WÜİÜİMÌÍÍÎMLŒŒÍMLMÌMŒŒÍMŒ‹LKŒÍÌÍMMMËŒÍŒÍŒLÌLÍKMMMLŒLLLMMLNMËNLLNM‘]\™][KØØ[KYœ™YK’QKM‹LŒŒËÜ›Ù\Ë[™\™ŞWÜÜÚ]]™WØÛÛ[Z][WÛZ[—ÜİLŒKLNLNLËLLŒÍLÌÍÎLNLÌŒËLLNLÍÍËLMŒMLÍÎMMLMLËLKNLMŒŒÍMÎM‹LLKŒMŒÌMLÌLMM‚‘]\™][KØØ[KYœ™YK’QKM‹LŒŒËÜ›Ù\Ë[™\™ŞWÜÜÚ]]™WØÛÛ[Z][WÛX^ÜİKŒÎMMÍÍÌÍÌMÌËLŒËMÎLŒMŒÎLŒLLËNŒÌÎNMLLÎMMKÍÍLÍÌLMÌŒKLËLÌŒÍMÌ‹ÎMŒLÎLL‚‘]\™][KØØ[KYœ™YK’QKM‹LŒŒËÜ›Ù\Ë[™\™ŞWÜÜÚ]]™WØÛÛ[Z]˜[™ÙWØXœËÍŒÍÍÎLŒMMÍŒŒÌÌŒKËŒMÎNÎLÍMŒÌËÍŒÍÍÎ‹ŒMÌLNLÎNÍŒÍÍÎ‘]\™][KØØ[KYœ™YK’QKM‹LŒŒËÜ›Ù\Ë[™\™ŞWÜÜÚ]]™WØÛÛ[Z]ØÙØXœË‹ŒÎÎÍLŒÌÌLÌËL‹ŒÍNLÌLÎLÌM‹KÌÎMÎNLLÍMË‹MMMLŒŒNMMÎMKŒÌLŒÍÌÍŒÍLL‹LŒÌLMŒÂ‘]\™][KØØ[KYœ™YK’QKM‹LŒŒËÜ›Ù\Ë[™\™ŞWÜÜÚ]]™WØÛÛ[Z]ØÙÜİKŒÎMMÍÍÌÍÌMÌËLŒÍÌNLNLŒÌMËNŒÌÎNMLLÎMMKÍÍLÍÌLMÌŒKMKŒMNMŒÌÍLMËÌ‹ÎMŒLÎLL‚‘]\™][KØØ[KYœ™YKĞQSKM‹LŒŒËÜL›Ù\Ë[™\™ŞWÜÜÚ]]™WØÛÛ[Z]—ÛY]šXËLËŒLKŒKŒKŒKŒKŒ‘]\™][KØØ[KYœ™YKĞQSKM‹LŒŒËÜL›Ù\Ë[™\™ŞWÜÜÚ]]™WØÛÛ[Z]YX[‹MŒLNMÍMMLMŒÌLÌÎNLÌÌLŒ‹LËŒÌŒLLÌMNMNÎLLLLMLÌ‹LËŒÌMŒÎMŒÎMÍLËMKŒMÎMÌÍŒŒN‘]\™][KØØ[KYœ™YKĞQSKM‹LŒŒËÜL›Ù\Ë[™\™ŞWÜÜÚ]]™WØÛÛ[Z]\\—ÜİËŒNLNMÍMŒËLŒ‹NMMMLÌŒŒŒŒ‹KNÍMÌÌLŒMÎNŒÌNKŒÌŒÎÌÍËŒÌMŒÌNB‘]\™][KØØ[KYœ™YKĞQSKM‹LŒŒËÜL›Ù\Ë[™\™ŞWÜÜÚ]]™WØÛÛ[Z]Ø[\WÜİÜİL‹MLMLÎLMÌÌËLL‹NLLÍŒNMLŒŒÍÎLŒÍNMKMŒLŒLŒMMŒÍKMŒMÌŒLËMÎNMMNLÎLŒÌB‘]\™][KØØ[KYœ™YKĞQSKM‹LŒŒËÜL›Ù\Ë[™\™ŞWÜÜÚ]]™WØÛÛ[Z][WÛZ[—ÜİLMKMÎLLMMNMÍLLMKŒÍLÌÌLMKLNŒNLLLMÎKLLKŒÎLÌÍMLMÍÍKLNKMNMMLMLN‹NKŒÌMMÌMÌNNNÂ‘]\™][KØØ[KYœ™YKĞQSKM‹LŒŒËÜL›Ù\Ë[™\™ŞWÜÜÚ]]™WØÛÛ[Z][WÛX^ÜİM‹ŒÍLÎLMKÌÍÍNMNLNLM‹LÌÍÍNLÌÎM‹ŒÍÍNLÍŒÍNÍKŒMÎMÍÌËŒËŒNLÂ‘]\™][KØØ[KYœ™YKĞQSKM‹LŒŒËÜL›Ù\Ë[™\™ŞWÜÜÚ]]™WØÛÛ[Z]˜[™ÙWØXœËLLMÎMLMÍËLÍÍÌÎLÌMŒMMÎLŒÌÌLLLŒÌ‹LLMÎMLMÍËËŒLÌÌÎMÍMÍLLMÎMLMÍÂ‘]\™][KØØ[KYœ™YKĞQSKM‹LŒŒËÜL›Ù\Ë[™\™ŞWÜÜÚ]]™WØÛÛ[Z]ØÙØXœË‹ŒMŒÎLŒLÌŒMŒ‹L‹ÎLLNNÍN‹‹ŒNLLNMLMÌMMK‹ÌLŒMLNNKŒŒNNŒÍMËŒMÍLÍLŒNLLÌ‚‘]\™][KØØ[KYœ™YKĞQSKM‹LŒŒËÜL›Ù\Ë[™\™ŞWÜÜÚ]]™WØÛÛ[Z]ØÙÜİM‹ŒÍLÎLM‹MMLŒÌŒÌLŒ‹MKŒŒLŒÌÍÌMŒÍÍNLÍŒÍNÍLMMŒÍÍŒNŒMMÍÍ‹ŒËŒNLÂ‘]\™][KØØ[KYœ™YKĞQSKM‹LŒŒËÜ›Ù\Ë[™\™ŞWÜÜÚ]]™WØÛÛ[Z]—ÛY]šXËLËŒLKŒKŒKŒKŒKŒ‘]\™][KØØ[KYœ™YKĞQSKM‹LŒŒËÜ›Ù\Ë[™\™ŞWÜÜÚ]]™WØÛÛ[Z]YX[‹MKŒÎŒÌŒÌÎLLMËLMKŒÎLÍŒÍŒÎKMÍÍÍMÍÎLÌŒ‹M‹ŒÍÍMŒÌMÌNLÌNÌLL‹M‹ŒMNLŒNMLLÌB‘]\™][KØØ[KYœ™YKĞQSKM‹LŒŒËÜ›Ù\Ë[™\™ŞWÜÜÚ]]™WØÛÛ[Z]\\—ÜİL‹ŒLÌMLMÌËLL‹ŒMMÍLÍÍŒLÍ‹MÌÌÌMMMMÍLÎNMÌŒLMÌMÌŒÍ‹‹ŒMÍÌÌLMÎMÌÍNMMÎLNŒŒÎÂ‘]\™][KØØ[KYœ™YKĞQSKM‹LŒŒËÜ›Ù\Ë[™\™ŞWÜÜÚ]]™WØÛÛ[Z]Ø[\WÜİÜİLKMLŒÌMÎLÎLLËLL‹ŒNLÍÌKŒÎÌNMŒÌLN‹MŒÍLÍMMÎ‹‹ŒLLMÍÍÍNMKMLÌŒNLL‚‘]\™][KØØ[KYœ™YKĞQSKM‹LŒŒËÜ›Ù\Ë[™\™ŞWÜÜÚ]]™WØÛÛ[Z][WÛZ[—ÜİLŒKLŒÎMÍMÍŒMLÍLLŒŒÌMLÌÍMMŒNLMLŒËMLÍÌÎLŒŒMKNKNÍNLŒLŒËLÎŒÍÌÍLLLÍ‹MËŒŒŒNNMLNMMLM‚‘]\™][KØØ[KYœ™YKĞQSKM‹LŒŒËÜ›Ù\Ë[™\™ŞWÜÜÚ]]™WØÛÛ[Z][WÛX^ÜİŒKŒÌÍLNLLÍMŒM‹LNKŒÍÎMNNÍLŒ‹L‹ÍMÌMÌÎLMMÌËLMÎŒLÌŒKKŒM‹NMLNMLÍLMŒÍ‘]\™][KØØ[KYœ™YKĞQSKM‹LŒŒËÜ›Ù\Ë[™\™ŞWÜÜÚ]]™WØÛÛ[Z]˜[™ÙWØXœË‹LÍMÍŒLÍÍÍKLKÌŒŒÌÎŒÌMÍL‹ŒŒNNLÌÎMÌ‹LÍMÍŒLÍÍÍK‹LMÌLMLLÌŒMË‹LÍMÍŒLÍÍÍB‘]\™][KØØ[KYœ™YKĞQSKM‹LŒŒËÜ›Ù\Ë[™\™ŞWÜÜÚ]]™WØÛÛ[Z]ØÙØXœËËŒÍÌNLŒÎLKLËŒŒLNMK‹ŒÌŒÌÌMÍNLKËÎLÍMNMLLÍKÌÎNMNÎLLLMÍKËMMŒNMŒÍMNLNMB‘]\™][KØØ[KYœ™YKĞQSKM‹LŒŒËÜ›Ù\Ë[™\™ŞWÜÜÚ]]™WØÛÛ[Z]ØÙÜİŒKLŒÎMÍMÍŒMLÍLŒKŒÎLŒÍMMMMŒM‹MKŒMMŒMMÌMŒLMÎŒLÌŒKLKŒŒMMÍÍÍÍÍM‹NMLNMLÍLMŒÍ‘]\™][KØØ[KYœ™YKØ[Z[™ËM‹LŒŒËÜL›Ù\Ë[™\™ŞWÜÜÚ]]™WØÛÛ[Z]—ÛY]šXËLËŒLKŒKŒKŒKŒKŒ‘]\™][KØØ[KYœ™YKØ[Z[™ËM‹LŒŒËÜL›Ù\Ë[™\™ŞWÜÜÚ]]™WØÛÛ[Z]YX[‹ŒKŒŒNLLNŒMMKLŒKŒNMLÎLMÌŒÌM‹ŒMMŒMÎNMÎLŒËŒKMŒÎMÍÌŒÎM‹ŒŒÌNLÌŒŒÍÍLLËŒ‹ŒÌŒLŒŒÍL‚‘]\™][KØØ[KYœ™YKØ[Z[™ËM‹LŒŒËÜL›Ù\Ë[™\™ŞWÜÜÚ]]™WØÛÛ[Z]\\—ÜİÌMÌŒÎNNMNLM‹LLMLMÍMŒËŒLÌÍÌÌLÌÌÍM‹MKNLÍÌLLËŒŒNLÍLÎMLLÎLKMKLŒÍNNMÍÎL‚‘]\™][KØØ[KYœ™YKØ[Z[™ËM‹LŒŒËÜL›Ù\Ë[™\™ŞWÜÜÚ]]™WØÛÛ[Z]Ø[\WÜİÜİKŒLLÌLLLLŒÌMÌÌLLŒMÌKKÌŒÍLMMLÍŒÌNKLKMÌMMNÌŒÌÍMÍLÍLKÌÍMŒÌÍNMB‘]\™][KØØ[KYœ™YKØ[Z[™ËM‹LŒŒËÜL›Ù\Ë[™\™ŞWÜÜÚ]]™WØÛÛ[Z][WÛZ[—ÜİLŒ‹ŒÎLLÍŒŒÌÌNMLLŒKŒMLÍŒM‹LŒËLÎMŒÌŒLÍÍMËNŒÌLÍÌŒLŒÌLÎÌÍLËMKLÍŒLÍLMM‚‘]\™][KØØ[KYœ™YKØ[Z[™ËM‹LŒŒËÜL›Ù\Ë[™\™ŞWÜÜÚ]]™WØÛÛ[Z][WÛX^ÜİMŒÍÍLÍMLŒLNKLL‹MÍÍLŒMLÌÎNKŒÌMÌLLLLLÌMLËM‹ÌŒŒMLÍNMËKNMÍMÍŒLËMËNMÌLMŒLÌÍB‘]\™][KØØ[KYœ™YKØ[Z[™ËM‹LŒŒËÜL›Ù\Ë[™\™ŞWÜÜÚ]]™WØÛÛ[Z]˜[™ÙWØXœËËÎNÎLŒÎLLËL‹ÌNLNŒKËNLÌMŒLÌMNLKËÎNÎLŒÎLLËËŒLNLLNËÎNÎLŒÎLLÂ‘]\™][KØØ[KYœ™YKØ[Z[™ËM‹LŒŒËÜL›Ù\Ë[™\™ŞWÜÜÚ]]™WØÛÛ[Z]ØÙØXœËÍLLŒNMLÍNLŒLNÌLNMŒL‹‹ŒMŒÌLÌŒNLMMÍKŒMÌÎÍÎNLÌKKMNLLLŒÍÍÍM‹KŒÍÎLÌLÎNÌLŒ‚‘]\™][KØØ[KYœ™YKØ[Z[™ËM‹LŒŒËÜL›Ù\Ë[™\™ŞWÜÜÚ]]™WØÛÛ[Z]ØÙÜİŒ‹ŒÎLLÍŒŒÌÌNMLŒKŒMLÍŒM‹LŒMMLŒLMÍNM‹ŒËLÎMŒÌŒLÍÍMËËŒÍÎMLMÌLÌËŒÌLÎÌÍLÂ‘]\™][KØØ[KYœ™YKØ[Z[™ËM‹LŒŒËÜ›Ù\Ë[™\™ŞWÜÜÚ]]™WØÛÛ[Z]—ÛY]šXËLËŒLKŒKŒKŒKŒKŒ‘]\™][KØØ[KYœ™YKØ[Z[™ËM‹LŒŒËÜ›Ù\Ë[™\™ŞWÜÜÚ]]™WØÛÛ[Z]YX[‹NKNŒÌÌMŒMÍÌMËLNKNNNNNNMÍMËNKŒÌMŒMLMLŒÎL‹ŒKŒÌŒŒÎLÌŒÌNŒŒMÍŒMÌ‹ŒKLMLNŒLÍÍMÂ‘]\™][KØØ[KYœ™YKØ[Z[™ËM‹LŒŒËÜ›Ù\Ë[™\™ŞWÜÜÚ]]™WØÛÛ[Z]\\—ÜİŒŒŒŒMÌKLMËMÍMÌŒÍÍMNLŒMMMÍÌÍÍNNŒÌÌÌÎŒŒÌÎÎL‹LŒLÍMÌÍÍŒÍLÌMŒMŒŒLLMÍÍM‘]\™][KØØ[KYœ™YKØ[Z[™ËM‹LŒŒËÜ›Ù\Ë[™\™ŞWÜÜÚ]]™WØÛÛ[Z]Ø[\WÜİÜİMŒMLLŒŒMŒÌNŒMKLMŒŒLÍMÍÌLMŒKMMMMÌÍL‹M‹ŒMMMMKËNÎMMLŒNKMËŒLNMŒŒŒÌŒLÌŒ‚‘]\™][KØØ[KYœ™YKØ[Z[™ËM‹LŒŒËÜ›Ù\Ë[™\™ŞWÜÜÚ]]™WØÛÛ[Z][WÛZ[—ÜİLŒLLÍLÎMÍL‹LLŒ‹LŒÍLNÌMŒLLKL‹LŒLLNMÌËLM‹ŒNLLLNŒMÎLŒMÌLÍÍ‹LLLŒLÎLÍÍŒÍÂ‘]\™][KØØ[KYœ™YKØ[Z[™ËM‹LŒŒËÜ›Ù\Ë[™\™ŞWÜÜÚ]]™WØÛÛ[Z][WÛX^ÜİŒNÍLŒMÍKLNÍÍLLÎMMÍMLËŒŒŒNMÌKNÍŒLLLNMËLKŒŒLMÌNMŒMÌÌMKËŒLÎÌM‘]\™][KØØ[KYœ™YKØ[Z[™ËM‹LŒŒËÜ›Ù\Ë[™\™ŞWÜÜÚ]]™WØÛÛ[Z]˜[™ÙWØXœËLÌÍÎMÍLÍMLŒÎLÌMÍMÍLM‹ŒMMNŒKLÌÍÎMÍLÍMLLÌÎÌNNKLÌÍÎMÍLÍM‘]\™][KØØ[KYœ™YKØ[Z[™ËM‹LŒŒËÜ›Ù\Ë[™\™ŞWÜÜÚ]]™WØÛÛ[Z]ØÙØXœËNLÌŒLŒMÎKLŒNMÍÌŒŒŒMÍMÍKËŒÎLÍÌÌN‹KŒŒÍŒMŒ‹MÌÍMMŒLÌŒMLÎKLMMÌNML‘]\™][KØØ[KYœ™YKØ[Z[™ËM‹LŒŒËÜ›Ù\Ë[™\™ŞWÜÜÚ]]™WØÛÛ[Z]ØÙÜİŒLLÍLÎMÍL‹LŒËŒÍMNLŒÌÌŒMM‹NLMMÌÎÍMK‹LÌNLÎÌŒNMLKMMLNMÍÌŒMŒŒMÌLÍÍ‚‘]\™][KØØ[KYœ™YK^T[M‹LŒŒËÜL›Ù\Ë[™\™ŞWÜÜÚ]]™WØÛÛ[Z]—ÛY]šXËLËŒLKŒKŒKŒKŒKŒ‘]\™][KØØ[KYœ™YK^T[M‹LŒŒËÜL›Ù\Ë[™\™ŞWÜÜÚ]]™WØÛÛ[Z]YX[‹Œ‹LÌMŒMÌMÌM‹LŒ‹LMÍÍLÍÌNNKŒ‹ŒLNMÍMNMMM‹ŒËLÍÌMLÌÍŒMÍKŒKÎMMLÍÍNMËŒÍLLÍNLLÍÎ‘]\™][KØØ[KYœ™YK^T[M‹LŒŒËÜL›Ù\Ë[™\™ŞWÜÜÚ]]™WØÛÛ[Z]\\—ÜİLLÍMMÌ‹LLŒÌÎMÎNËŒÌŒLÍŒÌŒLNKŒŒÌMÍMÌLLŒÍÎËŒNNLLNMKŒÍMÎMMMMÎ‘]\™][KØØ[KYœ™YK^T[M‹LŒŒËÜL›Ù\Ë[™\™ŞWÜÜÚ]]™WØÛÛ[Z]Ø[\WÜİÜİLKNNLŒMMÎL‹LL‹ŒNMLNLLÌŒÍË‹LLMÌÍÍLMKMŒÎLŒLŒMMÌÍKËMÍMMŒMNMÍÍKMLLLMŒŒLŒNB‘]\™][KØØ[KYœ™YK^T[M‹LŒŒËÜL›Ù\Ë[™\™ŞWÜÜÚ]]™WØÛÛ[Z][WÛZ[—ÜİLKÌMŒŒÍŒMÎLLŒŒÍÌLMÌ‹LËŒNLŒŒŒMMÌLKLLËÍÌÍLLLMËLŒLÌMÌÌNLÍNLKMKŒÌÍLMLNLÍÂ‘]\™][KØØ[KYœ™YK^T[M‹LŒŒËÜL›Ù\Ë[™\™ŞWÜÜÚ]]™WØÛÛ[Z][WÛX^ÜİŒŒNM‹LMËLÍÍŒÌMÌËËÌMŒLM‹ŒËŒÌŒÎÍÎKŒÍÍÌÌÌMŒMMŒËNMNMŒÎLMB‘]\™][KØØ[KYœ™YK^T[M‹LŒŒËÜL›Ù\Ë[™\™ŞWÜÜÚ]]™WØÛÛ[Z]˜[™ÙWØXœËLLLÌŒÍNNNMËLŒNNMNLŒMMËKŒÍÍMÌMMKLLLÌŒÍNNNMË‹MMÎLLÍLKLLLÌŒÍNNNMÂ‘]\™][KØØ[KYœ™YK^T[M‹LŒŒËÜL›Ù\Ë[™\™ŞWÜÜÚ]]™WØÛÛ[Z]ØÙØXœËKLŒNÎÍMLKÎMŒÌMÎËËŒLMÍLMLL‹‹ŒÎMLLŒMLMMMKÎMMÎMÍLLÌË‹ÎNLLLÍB‘]\™][KØØ[KYœ™YK^T[M‹LŒŒËÜL›Ù\Ë[™\™ŞWÜÜÚ]]™WØÛÛ[Z]ØÙÜİKÌMŒŒÍŒMÎLŒŒÍÌLMÌ‹MŒÍLLMÎLÌËËŒNLŒŒŒMMÌLKËŒÍMLNMÌLÌKŒLÌMÌÌNLÍNLB‘]\™][KØØ[KYœ™YK^T[M‹LŒŒËÜ›Ù\Ë[™\™ŞWÜÜÚ]]™WØÛÛ[Z]—ÛY]šXËLËŒLKŒKŒKŒKŒKŒ‘]\™][KØØ[KYœ™YK^T[M‹LŒŒËÜ›Ù\Ë[™\™ŞWÜÜÚ]]™WØÛÛ[Z]YX[‹ŒKŒLÎÍNMMLŒKŒÍÌLÌŒÎŒ‹ŒŒÍÌÌÍNLÍÎLM‹Œ‹ŒNMLŒÍLNMM‹ŒŒNLMÌMÌÌÍ‹Œ‹NLLÌÍŒÍ‘]\™][KØØ[KYœ™YK^T[M‹LŒŒËÜ›Ù\Ë[™\™ŞWÜÜÚ]]™WØÛÛ[Z]\\—ÜİMŒNLLNMÎŒÌLLËMŒLNNLÎLËŒŒÌÍÌÌMÍŒL‹MËŒMMMLMLKKLŒŒMÎNLÍÍMMËÍÌNÌÎŒÍB‘]\™][KØØ[KYœ™YK^T[M‹LŒŒËÜ›Ù\Ë[™\™ŞWÜÜÚ]]™WØÛÛ[Z]Ø[\WÜİÜİL‹NLMLLÍÍMÍLNLÍËLMŒMÌÌMNLÍŒLM‹ŒÌMNMKMKMÎLŒÍMMÎM‹ŒMÌLLÍÌMŒÌÌËMKNLMÎLÍÌÌM‘]\™][KØØ[KYœ™YK^T[M‹LŒŒËÜ›Ù\Ë[™\™ŞWÜÜÚ]]™WØÛÛ[Z][WÛZ[—ÜİLÌ‹ÌÍÌMMÌNLLLÌKŒMMMMŒLŒMŒËLÌËLMÌMMÍMÎMKLLKŒŒLMLŒÎŒLËLÍKŒLMLNML‹NŒNŒMÍÍLŒÂ‘]\™][KØØ[KYœ™YK^T[M‹LŒŒËÜ›Ù\Ë[™\™ŞWÜÜÚ]]™WØÛÛ[Z][WÛX^ÜİLKLLÍÍLŒŒ‹LLKMNLN‹‹ŒŒLÌÎKMKLÌMNMNNMMLMLNMÍŒŒKM‹LLNMMMÍLM‚‘]\™][KØØ[KYœ™YK^T[M‹LŒŒËÜ›Ù\Ë[™\™ŞWÜÜÚ]]™WØÛÛ[Z]˜[™ÙWØXœËKLMÎÌÌLÌÍLKŒÎMÌLÌÍLMŒMÌMLŒKKLMÎÌÌLÌÍ‹LŒŒŒMMMNNLËKLMÎÌÌLÌÍ‘]\™][KØØ[KYœ™YK^T[M‹LŒŒËÜ›Ù\Ë[™\™ŞWÜÜÚ]]™WØÛÛ[Z]ØÙØXœË‹LMMMÌÍÌNMKL‹ÌLLÎMMMÍ‹NŒÌMŒM‹ËŒLÌLLÌÍÎÌÎKÍÍÌNÍ‹ËNLÌLLŒMLÌMMB‘]\™][KØØ[KYœ™YK^T[M‹LŒŒËÜ›Ù\Ë[™\™ŞWÜÜÚ]]™WØÛÛ[Z]ØÙÜİÌ‹ÌÍÌMMÌNLLÌKŒMMMMŒLŒMŒËLKŒŒLMLŒÎŒLËÌËLMÌMMÍMÎMKŒNŒMÍÍLŒËÍKŒLMLNML‚‘]\™][KØØ[KYœ™YK’TĞKM‹LŒŒËÜL›Ù\Ë[™\™ŞWÜÜÚ]]™WØÛÛ[Z]—ÛY]šXËLËŒLKŒKŒKŒKŒKŒ‘]\™][KØØ[KYœ™YK’TĞKM‹LŒŒËÜL›Ù\Ë[™\™ŞWÜÜÚ]]™WØÛÛ[Z]YX[‹Œ‹ŒLMLŒÌÍKLŒ‹ŒÌLÎÌÌÍNKŒKŒÌÌŒŒLNŒËŒNÌÌLÌÌMÍŒËŒÎŒÌLÌLMLKŒËMLÎNÍŒÌÎB‘]\™][KØØ[KYœ™YK’TĞKM‹LŒŒËÜL›Ù\Ë[™\™ŞWÜÜÚ]]™WØÛÛ[Z]\\—ÜİLKNÍŒŒLLMMMNÌ‹LL‹ŒÌÎÍÌLÍÍÍMM‹‹ŒŒMŒÌÍLËNKŒLÍÎLMMŒÌLÎLË‹MÍMŒÍÍŒMËNKŒLÍMMLÍÍMÍ‚‘]\™][KØØ[KYœ™YK’TĞKM‹LŒŒËÜL›Ù\Ë[™\™ŞWÜÜÚ]]™WØÛÛ[Z]Ø[\WÜİÜİL‹ÌLLMLÍ‹LL‹ŒÍÌÌNMÍMÍÌËËŒÌLMÍNML‹MÍÎMLLMÌMKKMÌŒMLMMMËMKŒLMÍŒÍÌÎLMMM‘]\™][KØØ[KYœ™YK’TĞKM‹LŒŒËÜL›Ù\Ë[™\™ŞWÜÜÚ]]™WØÛÛ[Z][WÛZ[—ÜİLLËLŒMÍNÍŒMKLLLËLLLÌLÍÍÍLŒ‹LM‹NNŒÍL‹NKŒLŒŒŒKLMËŒÎŒŒÎLÍŒMÍÌ‹MËMMŒMMŒŒ‚‘]\™][KØØ[KYœ™YK’TĞKM‹LŒŒËÜL›Ù\Ë[™\™ŞWÜÜÚ]]™WØÛÛ[Z][WÛX^ÜİMMNMÍKLŒËMŒÌMMÍNL‹ŒLÍÍÌLLMŒNŒŒŒŒÌÍŒÌÌMLLŒŒÎNKÌŒŒMÌŒMLÍMM‘]\™][KØØ[KYœ™YK’TĞKM‹LŒŒËÜL›Ù\Ë[™\™ŞWÜÜÚ]]™WØÛÛ[Z]˜[™ÙWØXœËÍÍÌÎNKLLNLŒÍLÌMMKMÌMÎMLÎŒNMMÌËÍÍÌÎNKËŒÌŒŒŒÍLLŒLMŒÎLËÍÍÌÎNB‘]\™][KØØ[KYœ™YK’TĞKM‹LŒŒËÜL›Ù\Ë[™\™ŞWÜÜÚ]]™WØÛÛ[Z]ØÙØXœËKMLÎMÎMŒMËLKŒÌÌLLLMŒN‹ŒŒMÌÌNNLLK‹ŒLÎNÌMNLŒÌÍKKÌÌLŒLLMLÌN‹NŒLÍNMÌN‘]\™][KØØ[KYœ™YK’TĞKM‹LŒŒËÜL›Ù\Ë[™\™ŞWÜÜÚ]]™WØÛÛ[Z]ØÙÜİMMNMÍKLŒËMŒÌMMÍNL‹ŒLÍÍÌLLMŒNŒŒŒŒÌÍŒÌÌMLLŒŒÎNKÌŒŒMÌŒMLÍMM‘]\™][KØØ[KYœ™YK’TĞKM‹LŒŒËÜ›Ù\Ë[™\™ŞWÜÜÚ]]™WØÛÛ[Z]—ÛY]šXËLËŒLKŒKŒKŒKŒKŒ‘]\™][KØØ[KYœ™YK’TĞKM‹LŒŒËÜ›Ù\Ë[™\™ŞWÜÜÚ]]™WØÛÛ[Z]YX[‹ŒËLÍÍÍMMÌËLŒËLŒŒÍLŒÍLNŒ‹ŒÍŒŒŒNŒLËKMLÌŒÌÎMKŒKMŒMÍÎNMLÎLÎ‹ŒÍÍŒMÍLÌLÍ‘]\™][KØØ[KYœ™YK’TĞKM‹LŒŒËÜ›Ù\Ë[™\™ŞWÜÜÚ]]™WØÛÛ[Z]\\—ÜİKŒLLÌMMËLKŒLNÌÍKL‹ŒMMÍLÌŒNLËÌËŒŒÌLŒNNMŒÎKKŒŒLLÎLÍMMKÍŒLÍÍMÍLŒÌŒB‘]\™][KØØ[KYœ™YK’TĞKM‹LŒŒËÜ›Ù\Ë[™\™ŞWÜÜÚ]]™WØÛÛ[Z]Ø[\WÜİÜİNNNMÍNLMNLNŒÍŒLMMÌL‹ÎNMÌLLNLKŒ‹ŒŒMLNLÌMÍŒÍKŒLMMŒMŒNMËŒ‹NLÍÌŒLÌB‘]\™][KØØ[KYœ™YK’TĞKM‹LŒŒËÜ›Ù\Ë[™\™ŞWÜÜÚ]]™WØÛÛ[Z][WÛZ[—ÜİLÍMŒŒNLÌMNKLLÌ‹ŒÍÎLÍÌÍŒÍÎMKLÍ‹LÌÌÍMÌŒÎKLŒKŒÍLNLMLÎKLÎÌÎLNNNLMËLL‹ÍMÌÌÎNÎL‚‘]\™][KØØ[KYœ™YK’TĞKM‹LŒŒËÜ›Ù\Ë[™\™ŞWÜÜÚ]]™WØÛÛ[Z][WÛX^ÜİKŒMŒÌMÍMNËLKLÎMLÌÌÍŒÌÌËMÌÍLÌŒKÍKŒMÌLNMŒŒÍÎLÎLKÌMLÍMNMŒ‹ÍËLŒMLMÌÍ‘]\™][KØØ[KYœ™YK’TĞKM‹LŒŒËÜ›Ù\Ë[™\™ŞWÜÜÚ]]™WØÛÛ[Z]˜[™ÙWØXœËMKŒŒŒMÎMŒÎLŒËLL‹MNLLÎLÌŒÍŒM‹ÌŒÌÎLLÎLËMKŒŒŒMÎMŒÎLŒËËLÎMMNÌNŒÍKMKŒŒŒMÎMŒÎLŒÂ‘]\™][KØØ[KYœ™YK’TĞKM‹LŒŒËÜ›Ù\Ë[™\™ŞWÜÜÚ]]™WØÛÛ[Z]ØÙØXœËŒŒÌLŒÌŒÌLLËLËMÍMÌMŒ‹KŒŒŒÍŒÌLLŒMKKŒMMÍÌŒMÎMŒKLLÎLÍNNMLNKKLLÍŒÍÎB‘]\™][KØØ[KYœ™YK’TĞKM‹LŒŒËÜ›Ù\Ë[™\™ŞWÜÜÚ]]™WØÛÛ[Z]ØÙÜİÍMŒŒNLÌMNKLÌ‹MÍŒNLÌMÌÎÎKŒKMÍLÎLÍÌÎÎÍËŒŒMLÌÌMËMËŒLMÌLMÍÌLL‹ÎÌÎLNNNLMÂ‘]\™][KÜ\ËÔËM‹LŒŒËÜL›Ù\Ë[™\™ŞWÜÜÚ]]™WØÛÛ[Z]—ÛY]šXËMŒLKŒKŒKŒKŒKŒ‘]\™][KÜ\ËÔËM‹LŒŒËÜL›Ù\Ë[™\™ŞWÜÜÚ]]™WØÛÛ[Z]YX[‹LŒÍMMÎNNMLLŒÍŒLÍÎMŒÎÌÌKKÍÌŒÌŒMŒNŒ‹LÌÎLŒMŒLNLMËKNMÌÎNÌÌÎLKŒÎMÎMLÌMNM‘]\™][KÜ\ËÔËM‹LŒŒËÜL›Ù\Ë[™\™ŞWÜÜÚ]]™WØÛÛ[Z]\\—ÜİNKŒMŒNNLLÍNNLÍ‹LM‹ŒMŒLÎNMLÌ‹ŒLÌÌŒMŒLÍLÍ‹ŒÌÍMÍÎMMËŒŒÌÌÍÌŒŒLKKŒŒNMNMÍNLÂ‘]\™][KÜ\ËÔËM‹LŒŒËÜL›Ù\Ë[™\™ŞWÜÜÚ]]™WØÛÛ[Z]Ø[\WÜİÜİLKLŒMMŒÍMŒMËLLKNNLMNLŒÌËMNÌÍÌLNML‹LËMLNMMMŒÍMMLÌ‹‹LŒŒŒÎNÍ‹MÍNLŒLÎMÌÍÌÍÎ‘]\™][KÜ\ËÔËM‹LŒŒËÜL›Ù\Ë[™\™ŞWÜÜÚ]]™WØÛÛ[Z][WÛZ[—ÜİLMËŒŒŒÌLÎMLŒLËLLM‹ŒLMMNNÌLNKÍÍÍLŒ‹LLKÌÌÌÌLMKLŒKŒNNÍÌÎŒNLNMÍMÍŒÌÂ‘]\™][KÜ\ËÔËM‹LŒŒËÜL›Ù\Ë[™\™ŞWÜÜÚ]]™WØÛÛ[Z][WÛX^ÜİNMNÌŒMMÍÎLËLMËMLÌMLÎNMÌKLËLÍMÌÍÌÍMÍËŒ‹LLÎLNMMNËŒLNMÎLLKŒŒÌLÍLLÍ‚‘]\™][KÜ\ËÔËM‹LŒŒËÜL›Ù\Ë[™\™ŞWÜÜÚ]]™WØÛÛ[Z]˜[™ÙWØXœËËÍMLÎNLÎLÍLËŒLNLLŒÌLÍMË‹NMLÎÌÌMËÍMLÎNLÎLÍKMLŒÍNLŒÍKËÍMLÎNLÎLÍ‘]\™][KÜ\ËÔËM‹LŒŒËÜL›Ù\Ë[™\™ŞWÜÜÚ]]™WØÛÛ[Z]ØÙØXœËKMŒŒŒÍLÍM‹LKLÌMMMÎLMNLN‹KLLMLLÍÎ‹‹ŒMŒŒMÍÍÍMLMNŒMËKŒLÍÍÍÌŒÌŒŒË‹LLÌMÎNLLM‚‘]\™][KÜ\ËÔËM‹LŒŒËÜL›Ù\Ë[™\™ŞWÜÜÚ]]™WØÛÛ[Z]ØÙÜİNMNÌŒMMÍÎLËLNMÍÍÌMÌŒKMŒŒÍÎLÌNLŒ‹Œ‹LLÎLNMMNLMMNMMLKKŒŒÌLÍLLÍ‚‘]\™][KÜ\ËÔËM‹LŒŒËÜ›Ù\Ë[™\™ŞWÜÜÚ]]™WØÛÛ[Z]—ÛY]šXËLËŒLKŒKŒKŒKŒKŒ‘]\™][KÜ\ËÔËM‹LŒŒËÜ›Ù\Ë[™\™ŞWÜÜÚ]]™WØÛÛ[Z]YX[‹LŒÌLÍNÍÎLLŒÌLNŒNNMŒÍŒLËKÌLÌMLKLLLÌLÌÍLLŒ‹KŒLÎLÍNÍ‹LKŒMLŒÍNLÍMNÂ‘]\™][KÜ\ËÔËM‹LŒŒËÜ›Ù\Ë[™\™ŞWÜÜÚ]]™WØÛÛ[Z]\\—ÜİNŒNMÍŒÍÌL‹LNKÌŒÍMÎÍMÌËŒMÌMMMŒMKÍ‹LMLÌMM‹ŒÍŒLMÍNÌMŒ‹ÍËŒÍÍŒÍŒŒLMÍÍ‚‘]\™][KÜ\ËÔËM‹LŒŒËÜ›Ù\Ë[™\™ŞWÜÜÚ]]™WØÛÛ[Z]Ø[\WÜİÜİM‹ÍÍŒÍŒÌLM‹ŒÍŒŒLMÍÍ‹LKLŒLMMLNLNKŒÌŒÌNLÍŒLLËKLLLÌLËŒŒLNNMMÂ‘]\™][KÜ\ËÔËM‹LŒŒËÜ›Ù\Ë[™\™ŞWÜÜÚ]]™WØÛÛ[Z][WÛZ[—ÜİL‹MÎMÌNLÍÍLLNMMÌNÌ‹LKŒNÌŒŒMMNLLMËLNMLNMLÌŒÎÎMMLNMN‹LLŒŒLMMÍŒMLÍM‘]\™][KÜ\ËÔËM‹LŒŒËÜ›Ù\Ë[™\™ŞWÜÜÚ]]™WØÛÛ[Z][WÛX^ÜİKŒLNMÌNÍKL‹ŒLLŒLMÍŒNMLÍKNÍLÌŒŒÌËÍÌÌMNLLÌŒ‹LLMÌÎNNLML‹Í‹MMNNMŒLL‘]\™][KÜ\ËÔËM‹LŒŒËÜ›Ù\Ë[™\™ŞWÜÜÚ]]™WØÛÛ[Z]˜[™ÙWØXœËKÍMÎMMÎNÍ‹LKŒLÍŒÍMŒÍLËËÌŒMLŒÍÍÌÍÍÍLÍKÍMÎMMÎNÍ‹‹NÎÎÌŒËKÍMÎMMÎNÍ‚‘]\™][KÜ\ËÔËM‹LŒŒËÜ›Ù\Ë[™\™ŞWÜÜÚ]]™WØÛÛ[Z]ØÙØXœËËŒLMÎÌKL‹ÌMLÍÌÌLÍK‹ŒLMÎLMŒNËŒÍNNLLMÍMËKMÍÍMŒMŒL‹ËNLÌŒŒŒ‘]\™][KÜ\ËÔËM‹LŒŒËÜ›Ù\Ë[™\™ŞWÜÜÚ]]™WØÛÛ[Z]ØÙÜİKŒLNMÌNÍKLËMLMLLÍMLL‹ŒŒNÌŒÍNL‹ÌËÍÌÌMNLLÌŒ‹MKLMNLÌMLNÍ‹MMNNMŒLL‘]\™][KÜ\Ë’QKM‹LŒŒËÜL›Ù\Ë[™\™ŞWÜÜÚ]]™WØÛÛ[Z]—ÛY]šXËM‹ŒLKŒKŒKŒKŒKŒ‘]\™][KÜ\Ë’QKM‹LŒŒËÜL›Ù\Ë[™\™ŞWÜÜÚ]]™WØÛÛ[Z]YX[‹LMÌLÍŒÌÍLŒNNLLNÍMNÍNMMËLLMÌÍLÎMÌKKŒÌLLMÍLŒËŒÌMŒLÍŒŒŒÎKKMÎŒÎMMÎÎ‘]\™][KÜ\Ë’QKM‹LŒŒËÜL›Ù\Ë[™\™ŞWÜÜÚ]]™WØÛÛ[Z]\\—ÜİM‹ŒŒMÍÌÎÌŒÌLMKÌÍLÍÍNMNŒËŒŒÌLÎMKŒËŒÎNLLLÌLÍMÌKËNLNMMÍM‹ËLMLNŒŒMMÌÂ‘]\™][KÜ\Ë’QKM‹LŒŒËÜL›Ù\Ë[™\™ŞWÜÜÚ]]™WØÛÛ[Z]Ø[\WÜİÜİLMLNMÍLŒŒÌÎKLLÌNLLÎLNLÌMKËLÍÌLÍŒMLL‹NMÍÌÌÌKÎMÎNÎLÎKLËLMMÌÌÌLN‘]\™][KÜ\Ë’QKM‹LŒŒËÜL›Ù\Ë[™\™ŞWÜÜÚ]]™WØÛÛ[Z][WÛZ[—ÜİLM‹MLLLLŒLNËLLMKŒÌÌÎMMŒŒMLËLNKŒLMMŒMLLŒ‹LLÌNMÎNÍÍŒ‹LŒKŒNLLNLLLMÍ‹M‹ŒÍÌÌNŒ‘]\™][KÜ\Ë’QKM‹LŒŒËÜL›Ù\Ë[™\™ŞWÜÜÚ]]™WØÛÛ[Z][WÛX^ÜİMKŒŒÌMÍÍÌNËLMMLMÎLŒLÌÍËKMMÌŒÍÌNÌŒNM‹NKLLLNMMNNËŒMÌŒMÎMLÍÎNLMKŒKÍŒŒŒŒÍÍÌLÍB‘]\™][KÜ\Ë’QKM‹LŒŒËÜL›Ù\Ë[™\™ŞWÜÜÚ]]™WØÛÛ[Z]˜[™ÙWØXœË‹LLNŒMMÎLÌËL‹ÌNMÌÍÎMLK‹ŒÍLMÌÍÍŒÎŒ‹‹LLNŒMMÎLÌËKLMÌNLÌË‹LLNŒMMÎLÌÂ‘]\™][KÜ\Ë’QKM‹LŒŒËÜL›Ù\Ë[™\™ŞWÜÜÚ]]™WØÛÛ[Z]ØÙØXœËKLLMMLÌÌŒMMÍLKMÎNŒÎLËKŒNMLÍLÍNLÌËKÍMLÍNNKÍÌŒÎLMNLÌËKNLLLÍNÎMLÎB‘]\™][KÜ\Ë’QKM‹LŒŒËÜL›Ù\Ë[™\™ŞWÜÜÚ]]™WØÛÛ[Z]ØÙÜİM‹MLLLLŒLNËLM‹LMLMÌŒÍŒŒ‹L‹ŒLMMLŒÎNL‹NKÎMÌLNŒŒÍ‹ŒŒÌŒNLMÎNNKŒKÍŒŒŒŒÍÍÌLÍB‘]\™][KÜ\Ë’QKM‹LŒŒËÜ›Ù\Ë[™\™ŞWÜÜÚ]]™WØÛÛ[Z]—ÛY]šXËLËŒLKŒKŒKŒKŒKŒ‘]\™][KÜ\Ë’QKM‹LŒŒËÜ›Ù\Ë[™\™ŞWÜÜÚ]]™WØÛÛ[Z]YX[‹KŒÍŒLÍN‹LKŒÍŒŒMÌÎLŒNÍL‹LLÌLÍÎNNKKLŒMŒÌLMÍËÌLMÌÍNMLŒËLŒÍÎLÍML‚‘]\™][KÜ\Ë’QKM‹LŒŒËÜ›Ù\Ë[™\™ŞWÜÜÚ]]™WØÛÛ[Z]\\—ÜİNÎMŒNLÌÌ‹LŒ‹ŒLMMLÍLŒÌLÎËL‹ŒLMŒMNËÌLLÌÍLKL‹ŒMÍÌLÎLÍÌKNLMMŒB‘]\™][KÜ\Ë’QKM‹LŒŒËÜ›Ù\Ë[™\™ŞWÜÜÚ]]™WØÛÛ[Z]Ø[\WÜİÜİMŒNŒLÎNNLÎ‹LMŒLMÍŒLŒLMÍÍLKŒLMŒŒMÍLŒLËM‹MÍŒLLMMŒLŒLLŒÌŒM‹MËŒŒLÌÌMÌ‚‘]\™][KÜ\Ë’QKM‹LŒŒËÜ›Ù\Ë[™\™ŞWÜÜÚ]]™WØÛÛ[Z][WÛZ[—ÜİLŒKÍNLÍNLNLNKLLŒÍŒŒÌŒÌËLŒŒMMÍÎLŒŒËLM‹LMLÌŒÌÎLLÍKL‹ŒŒMÌLMÎŒKLMŒŒŒÌÌLNLÌÍ‘]\™][KÜ\Ë’QKM‹LŒŒËÜ›Ù\Ë[™\™ŞWÜÜÚ]]™WØÛÛ[Z][WÛX^ÜİNKŒMNLÌŒÍŒËLNŒMLÎNLÍŒÌML‹L‹LÎÌÎNMMMMLŒËŒËMÌÍMMÎMLMÍNL‹LNMNÍMNLŒÎK‹LÎÌLÍNŒŒB‘]\™][KÜ\Ë’QKM‹LŒŒËÜ›Ù\Ë[™\™ŞWÜÜÚ]]™WØÛÛ[Z]˜[™ÙWØXœËËMÍLNNÍŒ‹LËŒMMMMLŒLÍM‹ËŒÌŒŒÌŒMŒ‹ËMÍLNNÍŒ‹‹NÌÎLLLŒMKËMÍLNNÍŒ‚‘]\™][KÜ\Ë’QKM‹LŒŒËÜ›Ù\Ë[™\™ŞWÜÜÚ]]™WØÛÛ[Z]ØÙØXœË‹ŒÍÌLÌLÍLÌMÌÍNKLKNNMLÌMMKKLÌÎNMMÍ‹‹ŒÎLŒÌNMMMÍËKÌLŒÌLÌÌLË‹ŒLNLMÌÂ‘]\™][KÜ\Ë’QKM‹LŒŒËÜ›Ù\Ë[™\™ŞWÜÜÚ]]™WØÛÛ[Z]ØÙÜİŒKÍNLÍNLNLNKLŒKŒÎÌÍÎÌM‹MËŒÍŒÌÎLLLËÌMÌNLÎKMŒŒŒÌÌLNLÌÍ‹LÎÌLÍNŒŒB‘]\™][KÜ\ËĞQSKM‹LŒŒËÜL›Ù\Ë[™\™ŞWÜÜÚ]]™WØÛÛ[Z]—ÛY]šXËMKŒLKŒKŒKŒKŒKŒ‘]\™][KÜ\ËĞQSKM‹LŒŒËÜL›Ù\Ë[™\™ŞWÜÜÚ]]™WØÛÛ[Z]YX[‹LËÎÌLŒNÎMLL‹LLËLÍNÍÌŒM‹L‹ŒÌŒLÍLŒÍNÍËMKŒLMÍMÌÌMŒËLKÎÌÍMÌÎLMKMKÌÍŒLÎŒN‚‘]\™][KÜ\ËĞQSKM‹LŒŒËÜL›Ù\Ë[™\™ŞWÜÜÚ]]™WØÛÛ[Z]\\—ÜİÍKŒLÎMŒLŒŒM‹LÌ‹ŒÍŒÌLMŒNMKNMNMÍLKKŒÌMÍNLŒMÎMMKŒŒNLÌMÌL‹ÎLNÍÌŒM‚‘]\™][KÜ\ËĞQSKM‹LŒŒËÜL›Ù\Ë[™\™ŞWÜÜÚ]]™WØÛÛ[Z]Ø[\WÜİÜİŒKŒÎŒLÎMÌ‹LŒKLÌŒÍLÍÎLÎËMKLÌÍÍËKÌLMÍÍNMÌKL‹ŒLLMŒŒMÌMMLMKËŒMMLÎMÍÍŒŒ‚‘]\™][KÜ\ËĞQSKM‹LŒŒËÜL›Ù\Ë[™\™ŞWÜÜÚ]]™WØÛÛ[Z][WÛZ[—ÜİLÍËŒLÍNMÌLNLËLLÌËÌÍÍMMŒÌMÌMÌÍMNKLŒ‹ŒMÍŒÎLËMËNŒÍÎMMLMËÌMÌLŒLÎM‚‘]\™][KÜ\ËĞQSKM‹LŒŒËÜL›Ù\Ë[™\™ŞWÜÜÚ]]™WØÛÛ[Z][WÛX^ÜİKŒMÌNÌLÌLÍL‹ÌMÍÌÎÍŒŒ‹MËŒLŒMLKÍËÌÍLÎÌM‹L‹ŒLNLŒLÍË‹ŒÍLÌLÎMNMÎM‘]\™][KÜ\ËĞQSKM‹LŒŒËÜL›Ù\Ë[™\™ŞWÜÜÚ]]™WØÛÛ[Z]˜[™ÙWØXœËKŒNÍÎMLÎLÌÌŒŒ‹LŒÎMŒLÌMÌÌK‹ŒÎLLÍLLNMÌMÍMLMKKŒNÍÎMLÎLÌÌŒŒ‹MMLMLLNLMÍKKŒNÍÎMLÎLÌÌŒŒ‚‘]\™][KÜ\ËĞQSKM‹LŒŒËÜL›Ù\Ë[™\™ŞWÜÜÚ]]™WØÛÛ[Z]ØÙØXœËKŒMLÍMMMÍÍNMMKLÌÍNMÍÍLŒ‹ËŒÌŒMMMLÌMNKKŒLÌÎMŒÌMŒK‹MÌÌÍŒÍŒMMŒK‹ÌÍNLŒLLB‘]\™][KÜ\ËĞQSKM‹LŒŒËÜL›Ù\Ë[™\™ŞWÜÜÚ]]™WØÛÛ[Z]ØÙÜİÍËŒLÍNMÌLNLËLÍŒÌŒLMMMLNKŒËŒÍŒÌLÌNLÌMM‹NÍNNLŒÌŒ‹MËÌMÌLŒLÎM‹‹ŒÍLÌLÎMNMÎM‘]\™][KÜ\ËĞQSKM‹LŒŒËÜ›Ù\Ë[™\™ŞWÜÜÚ]]™WØÛÛ[Z]—ÛY]šXËLËŒLKŒKŒKŒKŒKŒ‘]\™][KÜ\ËĞQSKM‹LŒŒËÜ›Ù\Ë[™\™ŞWÜÜÚ]]™WØÛÛ[Z]YX[‹MKŒMŒÎÎLÍKLMKŒMÎÍÍMLÌŒKMLMNNNÌMÎŒ‹MKNMLÎÌLÎÍÎM‹MMÌÌÍÌÍÍMÌËMKÌŒÌLB‘]\™][KÜ\ËĞQSKM‹LŒŒËÜ›Ù\Ë[™\™ŞWÜÜÚ]]™WØÛÛ[Z]\\—ÜİMŒÌMŒNLÍÎŒ‹LMŒMMÍMÌÍM‹‹ŒÎMLÎNNLKMËMŒLÍÍMLL‹‹MŒNMÍMŒŒMMËLMŒMÌNMÂ‘]\™][KÜ\ËĞQSKM‹LŒŒËÜ›Ù\Ë[™\™ŞWÜÜÚ]]™WØÛÛ[Z]Ø[\WÜİÜİLÎŒŒÌ‹LLÌNLÌÎMÍÍÍLË‹ŒÍŒNLÍÌÎËLŒNLMMMÎKKŒNÎLÌÍŒÎMKLŒMÌŒÌŒÌMÌ‘]\™][KÜ\ËĞQSKM‹LŒŒËÜ›Ù\Ë[™\™ŞWÜÜÚ]]™WØÛÛ[Z][WÛZ[—ÜİLLKLMMLMMKLLLKÎÌMÎÌNLL‹LLËÎMLLMÎÎMMNMNÍÌÍMÌNN‹LMÎÍŒÍÌÎLMËŒŒÍLMNÎ‘]\™][KÜ\ËĞQSKM‹LŒŒËÜ›Ù\Ë[™\™ŞWÜÜÚ]]™WØÛÛ[Z][WÛX^ÜİMKŒŒMÌÎMMLMMLLËÍLÌÍK‹ÎMŒÌLŒŒÎKMËŒMÍLŒMLŒŒ‹KŒLMLLNMMÍ‹NÌLMMÍŒNNM‚‘]\™][KÜ\ËĞQSKM‹LŒŒËÜ›Ù\Ë[™\™ŞWÜÜÚ]]™WØÛÛ[Z]˜[™ÙWØXœËŒÍŒÌLŒMMLKLŒÌLLLNMÌK‹NÍNŒÍ‹ŒÍŒÌLŒMMLK‹ŒÌÍMÌNŒÌÍÌ‹ŒÍŒÌLŒMMLB‘]\™][KÜ\ËĞQSKM‹LŒŒËÜ›Ù\Ë[™\™ŞWÜÜÚ]]™WØÛÛ[Z]ØÙØXœË‹ŒÌÌÎLLŒLÍ‹L‹ŒLÍŒÍÌŒÍMÍÍKKŒLML‹‹NMÎÌÍMŒŒŒÌ‹KŒÍÎLŒÍMLMÎMK‹ÍLLMMÌŒÍLN‚‘]\™][KÜ\ËĞQSKM‹LŒŒËÜ›Ù\Ë[™\™ŞWÜÜÚ]]™WØÛÛ[Z]ØÙÜİMKŒŒMÌÎMMLMMLLËNŒÌMËKÍÍÎLMÌKMËŒMÍLŒMLŒŒ‹KŒÎMNNNÌLMMÍŒNNM‚‘]\™][KÜ\ËØ[Z[™ËM‹LŒŒËÜL›Ù\Ë[™\™ŞWÜÜÚ]]™WØÛÛ[Z]—ÛY]šXËMŒLŒŒKŒŒKŒ‘]\™][KÜ\ËØ[Z[™ËM‹LŒŒËÜL›Ù\Ë[™\™ŞWÜÜÚ]]™WØÛÛ[Z]YX[‹ŒMLMŒLLKLŒMŒÌÍMNËNKMÌÍÎŒÌLŒKNÌLLNMÎNÌÍÌÎLMÌÌLMKŒ‹ŒNLMÎLÎNLÌL‚‘]\™][KÜ\ËØ[Z[™ËM‹LŒŒËÜL›Ù\Ë[™\™ŞWÜÜÚ]]™WØÛÛ[Z]\\—ÜİŒŒŒLŒMLLŒKLMËLÌÌÌLÌŒLŒMMLKKMÌÍÎŒÍË‹ŒMMLMÌMKŒLÎMÎÎKNMÍÍÌMMM‚‘]\™][KÜ\ËØ[Z[™ËM‹LŒŒËÜL›Ù\Ë[™\™ŞWÜÜÚ]]™WØÛÛ[Z]Ø[\WÜİÜİLKÌÍLMMMMLLLKMLNMLÌNMMKNLNMNLLÍNKLËNÌNŒMË‹ŒÎNNLŒNÎKMKŒÎMÌŒÌÍMB‘]\™][KÜ\ËØ[Z[™ËM‹LŒŒËÜL›Ù\Ë[™\™ŞWÜÜÚ]]™WØÛÛ[Z][WÛZ[—ÜİLMKÍMÍLM‹LLMKŒŒÌÌLÍLŒÍÍÍŒ‹LNÎLÎMNMLMKLLKŒÎMÌNÌKLŒMŒŒÍÍŒŒŒÎM‹MËLMNLLŒÍÌÎB‘]\™][KÜ\ËØ[Z[™ËM‹LŒŒËÜL›Ù\Ë[™\™ŞWÜÜÚ]]™WØÛÛ[Z][WÛX^ÜİM‹MÌÎL‹LMKÌMÍNNKLMÍLÌÎMLÍÍLM‹ŒÎNÍMMËËÌÌÌMÍMKÎMNMÌŒLÌLÌŒÂ‘]\™][KÜ\ËØ[Z[™ËM‹LŒŒËÜL›Ù\Ë[™\™ŞWÜÜÚ]]™WØÛÛ[Z]˜[™ÙWØXœË‹NMÍÍLNLÍKL‹LÌÍÍÍKKŒŒMMÍŒMË‹NMÍÍLNLÍKËŒÌÌLÌŒLLÎL‹‹NMÍÍLNLÍB‘]\™][KÜ\ËØ[Z[™ËM‹LŒŒËÜL›Ù\Ë[™\™ŞWÜÜÚ]]™WØÛÛ[Z]ØÙØXœËËŒÎÍLÌÌLÍL‹LËÌÌŒÎMMÌNMË‹ÌŒLÎNMËŒLÍMLÍÌÍML‹KLLLNŒMÌËÌÍÍLÍNLÍL‚‘]\™][KÜ\ËØ[Z[™ËM‹LŒŒËÜL›Ù\Ë[™\™ŞWÜÜÚ]]™WØÛÛ[Z]ØÙÜİM‹MÌÎL‹LM‹NŒÌÌLMLËLËLNMÌŒŒŒMMMKŒNMLÍŒM‹KŒŒMMÌÌLNMÌMÎMNMÌŒLÌLÌŒÂ‘]\™][KÜ\ËØ[Z[™ËM‹LŒŒËÜ›Ù\Ë[™\™ŞWÜÜÚ]]™WØÛÛ[Z]—ÛY]šXËLËŒLKŒKŒKŒKŒKŒ‘]\™][KÜ\ËØ[Z[™ËM‹LŒŒËÜ›Ù\Ë[™\™ŞWÜÜÚ]]™WØÛÛ[Z]YX[‹ŒÌNLÍŒÎMŒKLŒÌNNLLLMLMËŒŒÌÌÌÌNMŒKŒÎMÎÍMNNKÍNNÍMMMŒKÌNMNLLÎ‘]\™][KÜ\ËØ[Z[™ËM‹LŒŒËÜ›Ù\Ë[™\™ŞWÜÜÚ]]™WØÛÛ[Z]\\—Üİ‹ŒÎLÍLKÌŒLLÌNLÎMKKMMŒMÎÍNÎMNMÎLLÌÌÍKLMNÍLŒÎLÍÍKNÎŒÌMNÌM‘]\™][KÜ\ËØ[Z[™ËM‹LŒŒËÜ›Ù\Ë[™\™ŞWÜÜÚ]]™WØÛÛ[Z]Ø[\WÜİÜİKŒÍÌŒMLÌÌ‹LKNÌÎLN‹ŒNLÍÌNNLÍÌLÍLKŒÌLÍNLÌÍKKŒMÎLŒLMŒŒLËLKŒNMLŒB‘]\™][KÜ\ËØ[Z[™ËM‹LŒŒËÜ›Ù\Ë[™\™ŞWÜÜÚ]]™WØÛÛ[Z][WÛZ[—ÜİLM‹ŒMMÍÍÌŒÍLŒÍLKLLMMMNLMNNMÎLKLMËLÌÍMÌÍLËLLŒNÍÍÌÍŒMËLNLMÌŒMÍÍMKŒŒMMÍML‚‘]\™][KÜ\ËØ[Z[™ËM‹LŒŒËÜ›Ù\Ë[™\™ŞWÜÜÚ]]™WØÛÛ[Z][WÛX^ÜİMKÍMŒLÍŒÌÌÍÍKLMÌÍNMŒÍMŒŒM‹LKŒŒŒÌNMMÌMMKNŒÍNÍLÌÍÍKŒLÌLLMÌKNKŒMMLÍÍLL‚‘]\™][KÜ\ËØ[Z[™ËM‹LŒŒËÜ›Ù\Ë[™\™ŞWÜÜÚ]]™WØÛÛ[Z]˜[™ÙWØXœË‹ŒMLÌÌŒÎLÎLNKL‹ŒMNNLÌÎMKŒŒMMNMÍŒŒ‹ŒMLÌÌŒÎLÎLNKËŒLŒMMÎMŒÌÎLM‹‹ŒMLÌÌŒÎLÎLNB‘]\™][KÜ\ËØ[Z[™ËM‹LŒŒËÜ›Ù\Ë[™\™ŞWÜÜÚ]]™WØÛÛ[Z]ØÙØXœËËŒÍÍÎÍNLÌLËŒÌMMMLMNMK‹LNMLŒŒ‹ËÌÍÍŒŒÍŒÍË‹ŒLMLLÎMŒËËMÍÍMNŒÍMÎLB‘]\™][KÜ\ËØ[Z[™ËM‹LŒŒËÜ›Ù\Ë[™\™ŞWÜÜÚ]]™WØÛÛ[Z]ØÙÜİM‹ŒMMÍÍÌŒÍLŒÍLKLM‹ŒÎNÌÎÌMLKLÌLŒÍŒLËNLMÍLMLÍLŒÌLÍL‹NKŒMMLÍÍLL‚‘]\™][KÜ\Ë^T[M‹LŒŒËÜL›Ù\Ë[™\™ŞWÜÜÚ]]™WØÛÛ[Z]—ÛY]šXËMKŒLKŒKŒKŒKŒKŒ‘]\™][KÜ\Ë^T[M‹LŒŒËÜL›Ù\Ë[™\™ŞWÜÜÚ]]™WØÛÛ[Z]YX[‹ŒËNÍLŒLMŒMÌ‹LŒËLŒŒŒŒŒŒKŒ‹ŒNLÌÍŒMÎLMÍMMKKŒMLMLÎMKŒKŒNNMÍÌÎMMÍË‹LNÍLÌÍŒÂ‘]\™][KÜ\Ë^T[M‹LŒŒËÜL›Ù\Ë[™\™ŞWÜÜÚ]]™WØÛÛ[Z]\\—ÜİNKMNLLÍLÌÍÎLNŒÍMMMLLÍ‹LŒŒÍMÍÎLÍŒKÌËMÎMŒÎÎMKŒÎLŒÌÎLÌÌM‹KŒLNŒÌMLN‚‘]\™][KÜ\Ë^T[M‹LŒŒËÜL›Ù\Ë[™\™ŞWÜÜÚ]]™WØÛÛ[Z]Ø[\WÜİÜİMËNŒLÍŒÍLMËNLLŒNM‹LKÎLŒÎMLÌLÍNŒ‹ŒLLÍNNNËÎÍLMÌÍÎL‹ŒËŒŒMÌŒÌLŒŒMB‘]\™][KÜ\Ë^T[M‹LŒŒËÜL›Ù\Ë[™\™ŞWÜÜÚ]]™WØÛÛ[Z][WÛZ[—ÜİLÌKÌÎÌŒÌŒÌŒKLLŒŒŒÍMÌÍ‹LÍŒÍMLŒÌÍŒ‹LMËŒÌNLLMLŒÍKLÍ‹NÍÌLMLLŒLŒLNLB‘]\™][KÜ\Ë^T[M‹LŒŒËÜL›Ù\Ë[™\™ŞWÜÜÚ]]™WØÛÛ[Z][WÛX^ÜİÍŒNÍNNMÍŒKLÍÍŒÍÍMLÍ‹M‹ŒÎŒLNMÍÍNLKÎKŒÌÍÎNML‹LKLNLŒŒMNMKËÎÌMMŒMB‘]\™][KÜ\Ë^T[M‹LŒŒËÜL›Ù\Ë[™\™ŞWÜÜÚ]]™WØÛÛ[Z]˜[™ÙWØXœËMKMLLMÍÍŒÌLLËŒLÌÎÎLLMMŒÌŒÌMLŒÍÌŒKMKMLLMÍÍŒÌKMÎLMMÍMNNL‹MKMLLMÍÍŒÌ‘]\™][KÜ\Ë^T[M‹LŒŒËÜL›Ù\Ë[™\™ŞWÜÜÚ]]™WØÛÛ[Z]ØÙØXœËŒLMMÎLNLŒŒÍŒËLËŒÌMMŒLÌNŒÌKÌMLMMKKŒŒLÍNLMÍÌMKËŒNŒNLLMÍMN‹KÍLŒMÌŒMÎNB‘]\™][KÜ\Ë^T[M‹LŒŒËÜL›Ù\Ë[™\™ŞWÜÜÚ]]™WØÛÛ[Z]ØÙÜİÍŒNÍNNMÍŒKLÌŒÍMMÌÎŒLŒ‹ŒŒÍÌÍMNLMÍLÎKŒÌÍÎNML‹LËŒMLÌLMNËÎÌMMŒMB‘]\™][KÜ\Ë^T[M‹LŒŒËÜ›Ù\Ë[™\™ŞWÜÜÚ]]™WØÛÛ[Z]—ÛY]šXËLËŒLKŒKŒKŒKŒKŒ‘]\™][KÜ\Ë^T[M‹LŒŒËÜ›Ù\Ë[™\™ŞWÜÜÚ]]™WØÛÛ[Z]YX[‹Œ‹ŒLÍMÍÍLÌKLŒ‹ŒLLMÍÎLËŒNMÍŒNNŒËŒÌMÍÌÌNLLŒÎ‹ŒMMŒŒÍÍNLMËŒËLNNLMÍ‘]\™][KÜ\Ë^T[M‹LŒŒËÜ›Ù\Ë[™\™ŞWÜÜÚ]]™WØÛÛ[Z]\\—ÜİŒ‹ŒÍŒMŒŒM‹LNKLÌŒÌÌLLÎ‹LKLLÍÍÌÌÍÌÍMÌKŒMŒÍŒÍNLLÌÌL‹LKŒNNMŒNMNLNKÍNÍM‘]\™][KÜ\Ë^T[M‹LŒŒËÜ›Ù\Ë[™\™ŞWÜÜÚ]]™WØÛÛ[Z]Ø[\WÜİÜİMLŒLMÌÍŒŒÌMNLMKÍNMNLMŒLŒÍ‹LŒLÍÌNKMËMÌŒÍMŒÍŒÍL‹ŒÍLÎLÎŒÌ‹NŒLÍMŒLŒÍMÂ‘]\™][KÜ\Ë^T[M‹LŒŒËÜ›Ù\Ë[™\™ŞWÜÜÚ]]™WØÛÛ[Z][WÛZ[—ÜİLÌKŒÌLMÎŒNNLLKŒÎNLÌÌÍÌLLËLÌËŒNLÍÌÍÌÍÍMKLMMNÍÎMKLÍLLÍLÌMMÍËLL‹LŒŒÌLÌNNLÍ‘]\™][KÜ\Ë^T[M‹LŒŒËÜ›Ù\Ë[™\™ŞWÜÜÚ]]™WØÛÛ[Z][WÛX^ÜİŒMMÍÍNMMŒNKLNÎNMÎLMLMËL‹ÎMŒÍÍMÍŒNNMÌŒNÍŒŒÌÍLŒMŒÍMÍŒMËLÎMLÌÌB‘]\™][KÜ\Ë^T[M‹LŒŒËÜ›Ù\Ë[™\™ŞWÜÜÚ]]™WØÛÛ[Z]˜[™ÙWØXœËLKLÍÎMLÌÍÌLNLËLLŒÌŒÍÍÍÍÍÍMÌŒË‹ŒÍÎMÌLMNKLKLÍÎMLÌÍÌLNLËKŒLŒŒNLMÍÍKLKLÍÎMLÌÍÌLNLÂ‘]\™][KÜ\Ë^T[M‹LŒŒËÜ›Ù\Ë[™\™ŞWÜÜÚ]]™WØÛÛ[Z]ØÙØXœË‹LÍÎMMLŒML‹ÎLŒŒMÍNMÍËËLÎNÌŒMLÍËËMLÌMLÎŒLÌK‹LMLLMÍLŒÍMŒLŒÌLLÌÍMŒB‘]\™][KÜ\Ë^T[M‹LŒŒËÜ›Ù\Ë[™\™ŞWÜÜÚ]]™WØÛÛ[Z]ØÙÜİÌKŒÌLMÎŒNNLKŒÎNLÌÌÍÌLLËMKMŒŒLÎÌËŒNLÍÌÍÌÍÍMKL‹LŒŒÌLÌNNLÍÍLLÍLÌMMÍÂ‘]\™][KÜ\Ë’TĞKM‹LŒŒËÜL›Ù\Ë[™\™ŞWÜÜÚ]]™WØÛÛ[Z]—ÛY]šXËMKŒLKŒKŒKŒKŒKŒ‘]\™][KÜ\Ë’TĞKM‹LŒŒËÜL›Ù\Ë[™\™ŞWÜÜÚ]]™WØÛÛ[Z]YX[‹ŒKLÎLMŒÌMŒLËLŒKLÍLLÍMŒÌ‹ŒMMŒŒLMMMÍËŒ‹ÍMLMÌMKŒŒNŒLÌNM‹ŒËŒLMMLMÂ‘]\™][KÜ\Ë’TĞKM‹LŒŒËÜL›Ù\Ë[™\™ŞWÜÜÚ]]™WØÛÛ[Z]\\—ÜİLŒÍLNLM‹LLŒÌŒŒMŒLÍŒKŒLÌÍNLŒÍLL‹ŒŒMLNÎ‹ËŒMMŒÌMMÎNMËŒÍMLLÌNMÂ‘]\™][KÜ\Ë’TĞKM‹LŒŒËÜL›Ù\Ë[™\™ŞWÜÜÚ]]™WØÛÛ[Z]Ø[\WÜİÜİLŒÎÌŒÍÍÍÌKLLNMŒÍLLÌML‹ÌNÍNÌÌÎ‹LËŒÍÍÎMÌÍÍÍ‹ËLŒÌNMLÌMLMËLËLNMMNB‘]\™][KÜ\Ë’TĞKM‹LŒŒËÜL›Ù\Ë[™\™ŞWÜÜÚ]]™WØÛÛ[Z][WÛZ[—ÜİLMKŒŒMMLMŒËLLLËLNMNML‹LMËŒMMÌŒŒMKNŒLŒMNMMLKLNŒMŒÌNLMŒMMŒËMŒÌÌMÌÎMÂ‘]\™][KÜ\Ë’TĞKM‹LŒŒËÜL›Ù\Ë[™\™ŞWÜÜÚ]]™WØÛÛ[Z][WÛX^ÜİŒÌMLMÎNNKLŒKŒLÌŒÌÍÎMÍŒÌMKKNLNMLMÍ‹ÌŒLÍÌŒMLÎMKLLLÍKKŒMŒÍLLNMNÍÎ‚‘]\™][KÜ\Ë’TĞKM‹LŒŒËÜL›Ù\Ë[™\™ŞWÜÜÚ]]™WØÛÛ[Z]˜[™ÙWØXœËÌMLÍŒLŒ‹LËMÌÎNLMLÍKŒÍŒLÍLŒMËÌMLÍŒLŒ‹‹ÍŒLŒŒÌËÌMLÍŒLŒ‚‘]\™][KÜ\Ë’TĞKM‹LŒŒËÜL›Ù\Ë[™\™ŞWÜÜÚ]]™WØÛÛ[Z]ØÙØXœËKŒÍÍÍŒMÎLMËLÍLÌÌMMÍŒÎLLK‹ŒÍŒMÌMÌÌÎÎLKÍŒNŒLÌLËKLLÌŒNMÌÌŒŒÌŒN‹ŒLÌLÍMÌÎMB‘]\™][KÜ\Ë’TĞKM‹LŒŒËÜL›Ù\Ë[™\™ŞWÜÜÚ]]™WØÛÛ[Z]ØÙÜİŒÌMLMÎNNKLŒKŒLÌŒÌÍÎMÍŒÌMKLÎLÌMLLŒÌLK‹ÌŒLÍÌŒMLÎMKËŒMNNNLMLŒÍKŒMŒÍLLNMNÍÎ‚‘]\™][KÜ\Ë’TĞKM‹LŒŒËÜ›Ù\Ë[™\™ŞWÜÜÚ]]™WØÛÛ[Z]—ÛY]šXËLËŒLKŒKŒKŒKŒKŒ‘]\™][KÜ\Ë’TĞKM‹LŒŒËÜ›Ù\Ë[™\™ŞWÜÜÚ]]™WØÛÛ[Z]YX[‹Œ‹LŒLÌLNKLŒ‹ŒÎMÌÍMÌŒMŒKŒÌMÎNMLMÌËŒËŒNMÍMŒLNLËŒMMNLNÌNKŒŒLÍŒLNB‘]\™][KÜ\Ë’TĞKM‹LŒŒËÜ›Ù\Ë[™\™ŞWÜÜÚ]]™WØÛÛ[Z]\\—ÜİŒ‹MLÍMŒÍËLNŒMLLÎMK‹ÌÎÍÍNÍNLŒÎMÎLÎŒLLË‹NLŒÍMÎLMM‹KMMMÌÌÍŒLMŒÂ‘]\™][KÜ\Ë’TĞKM‹LŒŒËÜ›Ù\Ë[™\™ŞWÜÜÚ]]™WØÛÛ[Z]Ø[\WÜİÜİMLŒMÌŒŒÍÎŒLMLNÍÌMMLMMLŒMLÌN‹MËŒÎMŒÍŒLÍÌ‹ËŒÍLÍÍŒÌÍMËÎŒMÌNMÍ‘]\™][KÜ\Ë’TĞKM‹LŒŒËÜ›Ù\Ë[™\™ŞWÜÜÚ]]™WØÛÛ[Z][WÛZ[—ÜİLŒNLMÎLMÍŒËLLŒËŒMÌÌŒÍLÍKL‹ÍÍNMÍLLNLÍLMKNMÎMMNKLŒNMŒŒLÍNŒMLLNÎLÌÌ‚‘]\™][KÜ\Ë’TĞKM‹LŒŒËÜ›Ù\Ë[™\™ŞWÜÜÚ]]™WØÛÛ[Z][WÛX^ÜİŒKŒÌMLMŒLÍÍËLŒŒŒMÌLÌÎLŒ‹LËLLLMMÌLËKMMÌLNMÎNMKLNLMLÎNNLMKËLMÌŒŒÍÍN‘]\™][KÜ\Ë’TĞKM‹LŒŒËÜ›Ù\Ë[™\™ŞWÜÜÚ]]™WØÛÛ[Z]˜[™ÙWØXœËLŒŒLÌLNMLLÍ‹LKÍÍŒMŒMMNNKËMÍLLÎMŒNLÍÎNLKLŒŒLÌLNMLLÍ‹KŒLLMŒLÍLNKLŒŒLÌLNMLLÍ‚‘]\™][KÜ\Ë’TĞKM‹LŒŒËÜ›Ù\Ë[™\™ŞWÜÜÚ]]™WØÛÛ[Z]ØÙØXœËKÍLLMKLKŒMLNŒÌMKËNMLMLÌLÎK‹ŒŒLÎMMLÎÌÍÍÌK‹MÍNMMŒÎMNMÍ‹‹ÍMNÎNM‘]\™][KÜ\Ë’TĞKM‹LŒŒËÜ›Ù\Ë[™\™ŞWÜÜÚ]]™WØÛÛ[Z]ØÙÜİŒNLMÎLMÍŒËLŒËÍNMÌÌÌNMLËM‹ÍLMŒŒÍM‹‹LLŒŒL‹ŒLNŒNNM‹ŒNMŒŒLÍ”][Ü[K˜]]™YKÔËM‹LŒŒËÜL›Ù\Ë[™\™ŞWÜÜÚ]]™WØÛÛ[Z]—ÛY]šXËŒLŒŒŒŒŒ”][Ü[K˜]]™YKÔËM‹LŒŒËÜL›Ù\Ë[™\™ŞWÜÜÚ]]™WØÛÛ[Z]YX[‹”][Ü[K˜]]™YKÔËM‹LŒŒËÜL›Ù\Ë[™\™ŞWÜÜÚ]]™WØÛÛ[Z]\\—Üİ”][Ü[K˜]]™YKÔËM‹LŒŒËÜL›Ù\Ë[™\™ŞWÜÜÚ]]™WØÛÛ[Z]Ø[\WÜİÜİ”][Ü[K˜]]™YKÔËM‹LŒŒËÜL›Ù\Ë[™\™ŞWÜÜÚ]]™WØÛÛ[Z][WÛZ[—Üİ”][Ü[K˜]]™YKÔËM‹LŒŒËÜL›Ù\Ë[™\™ŞWÜÜÚ]]™WØÛÛ[Z][WÛX^Üİ”][Ü[K˜]]™YKÔËM‹LŒŒËÜL›Ù\Ë[™\™ŞWÜÜÚ]]™WØÛÛ[Z]˜[™ÙWØXœË”][Ü[K˜]]™YKÔËM‹LŒŒËÜL›Ù\Ë[™\™ŞWÜÜÚ]]™WØÛÛ[Z]ØÙØXœË”][Ü[K˜]]™YKÔËM‹LŒŒËÜL›Ù\Ë[™\™ŞWÜÜÚ]]™WØÛÛ[Z]ØÙÜİ”][Ü[K˜]]™YKÔËM‹LŒŒËÜ›Ù\Ë[™\™ŞWÜÜÚ]]™WØÛÛ[Z]—ÛY]šXËŒLŒŒŒŒŒ”][Ü[K˜]]™YKÔËM‹LŒŒËÜ›Ù\Ë[™\™ŞWÜÜÚ]]™WØÛÛ[Z]YX[‹”][Ü[K˜]]™YKÔËM‹LŒŒËÜ›Ù\Ë[™\™ŞWÜÜÚ]]™WØÛÛ[Z]\\—Üİ”][Ü[K˜]]™YKÔËM‹LŒŒËÜ›Ù\Ë[™\™ŞWÜÜÚ]]™WØÛÛ[Z]Ø[\WÜİÜİ”][Ü[K˜]]™YKÔËM‹LŒŒËÜ›Ù\Ë[™\™ŞWÜÜÚ]]™WØÛÛ[Z][WÛZ[—Üİ”][Ü[K˜]]™YKÔËM‹LŒŒËÜ›Ù\Ë[™\™ŞWÜÜÚ]]™WØÛÛ[Z][WÛX^Üİ”][Ü[K˜]]™YKÔËM‹LŒŒËÜ›Ù\Ë[™\™ŞWÜÜÚ]]™WØÛÛ[Z]˜[™ÙWØXœË”][Ü[K˜]]™YKÔËM‹LŒŒËÜ›Ù\Ë[™\™ŞWÜÜÚ]]™WØÛÛ[Z]ØÙØXœË”][Ü[K˜]]™YKÔËM‹LŒŒËÜ›Ù\Ë[™\™ŞWÜÜÚ]]™WØÛÛ[Z]ØÙÜİ”][Ü[K˜]]™YK’QKM‹LŒŒËÜL›Ù\Ë[™\™ŞWÜÜÚ]]™WØÛÛ[Z]—ÛY]šXËŒLŒŒŒŒŒ”][Ü[K˜]]™YK’QKM‹LŒŒËÜL›Ù\Ë[™\™ŞWÜÜÚ]]™WØÛÛ[Z]YX[‹”][Ü[K˜]]™YK’QKM‹LŒŒËÜL›Ù\Ë[™\™ŞWÜÜÚ]]™WØÛÛ[Z]\\—Üİ”][Ü[K˜]]™YK’QKM‹LŒŒËÜL›Ù\Ë[™\™ŞWÜÜÚ]]™WØÛÛ[Z]Ø[\WÜİÜİ”][Ü[K˜]]™YK’QKM‹LŒŒËÜL›Ù\Ë[™\™ŞWÜÜÚ]]™WØÛÛ[Z][WÛZ[—Üİ”][Ü[K˜]]™YK’QKM‹LŒŒËÜL›Ù\Ë[™\™ŞWÜÜÚ]]™WØÛÛ[Z][WÛX^Üİ”][Ü[K˜]]™YK’QKM‹LŒŒËÜL›Ù\Ë[™\™ŞWÜÜÚ]]™WØÛÛ[Z]˜[™ÙWØXœË”][Ü[K˜]]™YK’QKM‹LŒŒËÜL›Ù\Ë[™\™ŞWÜÜÚ]]™WØÛÛ[Z]ØÙØXœË”][Ü[K˜]]™YK’QKM‹LŒŒËÜL›Ù\Ë[™\™ŞWÜÜÚ]]™WØÛÛ[Z]ØÙÜİ”][Ü[K˜]]™YK’QKM‹LŒŒËÜ›Ù\Ë[™\™ŞWÜÜÚ]]™WØÛÛ[Z]—ÛY]šXËŒLŒŒŒŒŒ”][Ü[K˜]]™YK’QKM‹LŒŒËÜ›Ù\Ë[™\™ŞWÜÜÚ]]™WØÛÛ[Z]YX[‹”][Ü[K˜]]™YK’QKM‹LŒŒËÜ›Ù\Ë[™\™ŞWÜÜÚ]]™WØÛÛ[Z]\\—Üİ”][Ü[K˜]]™YK’QKM‹LŒŒËÜ›Ù\Ë[™\™ŞWÜÜÚ]]™WØÛÛ[Z]Ø[\WÜİÜİ”][Ü[K˜]]™YK’QKM‹LŒŒËÜ›Ù\Ë[™\™ŞWÜÜÚ]]™WØÛÛ[Z][WÛZ[—Üİ”][Ü[K˜]]™YK’QKM‹LŒŒËÜ›Ù\Ë[™\™ŞWÜÜÚ]]™WØÛÛ[Z][WÛX^Üİ”][Ü[K˜]]™YK’QKM‹LŒŒËÜ›Ù\Ë[™\™ŞWÜÜÚ]]™WØÛÛ[Z]˜[™ÙWØXœË”][Ü[K˜]]™YK’QKM‹LŒŒËÜ›Ù\Ë[™\™ŞWÜÜÚ]]™WØÛÛ[Z]ØÙØXœË”][Ü[K˜]]™YK’QKM‹LŒŒËÜ›Ù\Ë[™\™ŞWÜÜÚ]]™WØÛÛ[Z]ØÙÜİ”][Ü[K˜]]™YKĞQSKM‹LŒŒËÜL›Ù\Ë[™\™ŞWÜÜÚ]]™WØÛÛ[Z]—ÛY]šXËLŒL‹ŒŒŒŒKŒ”][Ü[K˜]]™YKĞQSKM‹LŒŒËÜL›Ù\Ë[™\™ŞWÜÜÚ]]™WØÛÛ[Z]YX[‹LËMŒÌÌMÎMÎMËLLËLŒNNMLÌKL‹ŒMMMÍÍMLMÍËMLÍÎMŒÌÌNLÍL‹ŒLLÍÍMŒŒŒMŒKMKLÍLÍÍMLÍLMÍ”][Ü[K˜]]™YKĞQSKM‹LŒŒËÜL›Ù\Ë[™\™ŞWÜÜÚ]]™WØÛÛ[Z]\\—ÜİLÌNÍNNLÌÍÍ‹LŒŒLŒŒMNÌÌL‹ËÍMMÍLMMMNNK‹MÍMŒÎŒLNMË‹ŒÎNNLÎMLŒLŒLM‹ÌKMŒÍÍŒLLNB”][Ü[K˜]]™YKĞQSKM‹LŒŒËÜL›Ù\Ë[™\™ŞWÜÜÚ]]™WØÛÛ[Z]Ø[\WÜİÜİMÌLMLŒNNKLMÌLÎÍÎNŒNLŒLMŒÍÌÌÍNKNŒÌŒLÍLÍMNMKŒMLMNLMÌÍLMKŒKŒŒŒNMMŒMÍNLÂ”][Ü[K˜]]™YKĞQSKM‹LŒŒËÜL›Ù\Ë[™\™ŞWÜÜÚ]]™WØÛÛ[Z][WÛZ[—ÜİLŒ‹ŒMLŒLŒÌNLLNŒMLŒL‹LKŒŒÍÍMMÌÎ‹LLŒÌLMŒÎÌ‹LËÍÎMŒÍLMLËÍÌÌLLNMLLŒM‚”][Ü[K˜]]™YKĞQSKM‹LŒŒËÜL›Ù\Ë[™\™ŞWÜÜÚ]]™WØÛÛ[Z][WÛX^ÜİŒKÌÎLÎÎMLËLNŒŒÌŒÌÌNNŒMËLLMŒMŒNLÌŒ‹‹ÍÌŒÌLÎNLËÌÎÌÍËÌ‹ŒÍŒÍÎM”][Ü[K˜]]™YKĞQSKM‹LŒŒËÜL›Ù\Ë[™\™ŞWÜÜÚ]]™WØÛÛ[Z]˜[™ÙWØXœË‹ŒMLÎÍŒÌÍÎNËLLÎNMÎLNMKËŒÍÌÎÌÎLK‹ŒMLÎÍŒÌÍÎNËKNLLMMMÌÍŒNM‹‹ŒMLÎÍŒÌÍÎNÂ”][Ü[K˜]]™YKĞQSKM‹LŒŒËÜL›Ù\Ë[™\™ŞWÜÜÚ]]™WØÛÛ[Z]ØÙØXœËËŒŒMÌMÍŒNL‹L‹ÎLŒÍÍNMNL‹KNLLLÌL‹ËMÍNLNMŒÌËMÍŒŒÌNMLMKŒNMLÍÎÌMÌM”][Ü[K˜]]™YKĞQSKM‹LŒŒËÜL›Ù\Ë[™\™ŞWÜÜÚ]]™WØÛÛ[Z]ØÙÜİŒ‹ŒMLŒLŒÌNLŒŒÍŒÍÍÌÎMM‹LËLMNNLMMŒNËŒLNLÎMÌ‹ŒLLŒÌÌÍÍŒÍLKÌ‹ŒÍŒÍÎM”][Ü[K˜]]™YKĞQSKM‹LŒŒËÜ›Ù\Ë[™\™ŞWÜÜÚ]]™WØÛÛ[Z]—ÛY]šXËŒLŒËŒ‹ŒKŒŒ”][Ü[K˜]]™YKĞQSKM‹LŒŒËÜ›Ù\Ë[™\™ŞWÜÜÚ]]™WØÛÛ[Z]YX[‹MŒŒÌMÍÍŒNMÍ‹LMŒŒÍÌŒMMÍ‹LËŒÌNMŒÍŒÍÌMŒÎMKÌÌMLLLNL‹ŒÍMMÎNMÍÎKM‹MLMLÍMÍNL‚”][Ü[K˜]]™YKĞQSKM‹LŒŒËÜ›Ù\Ë[™\™ŞWÜÜÚ]]™WØÛÛ[Z]\\—ÜİŒÌÍŒŒMLËÌLÌLÍŒÍÍK‹ŒLMÍÍÍÎLËNKNLLŒNNLÎM‹ŒŒËÌLÌŒÎLÌL”][Ü[K˜]]™YKĞQSKM‹LŒŒËÜ›Ù\Ë[™\™ŞWÜÜÚ]]™WØÛÛ[Z]Ø[\WÜİÜİLËMÍMŒLLËNMKL‹NMÌLËËŒŒNLÍÌLÌŒŒŒNLŒÌŒMÍÌKŒÌLLÍNMÌÍÌMËÌ‹ŒÍMÎMMÎLB”][Ü[K˜]]™YKĞQSKM‹LŒŒËÜ›Ù\Ë[™\™ŞWÜÜÚ]]™WØÛÛ[Z][WÛZ[—ÜİLNKÍÌNMMÍLŒKLLLËMÍÍLNNÌÍLŒKÌÌÍ‹L‹ŒLÍMLÎMËLŒËŒLMLÎNMMŒ”][Ü[K˜]]™YKĞQSKM‹LŒŒËÜ›Ù\Ë[™\™ŞWÜÜÚ]]™WØÛÛ[Z][WÛX^ÜİËÌÍŒÍŒLÎMÌLÍÍKLNKŒLÌNÍLÍÍMK‹LLLÍMMŒLÎMŒÎLÌÌMŒKŒKŒŒÍÍMMNÌÎNL‚”][Ü[K˜]]™YKĞQSKM‹LŒŒËÜ›Ù\Ë[™\™ŞWÜÜÚ]]™WØÛÛ[Z]˜[™ÙWØXœË‹ÍÍMŒMMM‹LMŒÍÍMŒNMÍŒKÎMLŒÍÎÍK‹ÍÍMŒMMM‹Œ‹ÍÍMŒMMM‚”][Ü[K˜]]™YKĞQSKM‹LŒŒËÜ›Ù\Ë[™\™ŞWÜÜÚ]]™WØÛÛ[Z]ØÙØXœËËMŒLLÍLLLMŒÍËL‹NNMŒNLËLLMŒÍÌÍMÍLŒŒËŒLMŒLMŒNËŒŒLMMÌÌÌNMMÂ”][Ü[K˜]]™YKĞQSKM‹LŒŒËÜ›Ù\Ë[™\™ŞWÜÜÚ]]™WØÛÛ[Z]ØÙÜİËÌÍŒÍŒLÎMÌLÍÍKLNKŒLÌNÍLÍÍMKËMMÎNMÍNŒÎLÌÌMŒKŒKŒŒÍÍMMNÌÎNL‚”][Ü[K˜]]™YKØ[Z[™ËM‹LŒŒËÜL›Ù\Ë[™\™ŞWÜÜÚ]]™WØÛÛ[Z]—ÛY]šXËŒLŒŒŒŒŒ”][Ü[K˜]]™YKØ[Z[™ËM‹LŒŒËÜL›Ù\Ë[™\™ŞWÜÜÚ]]™WØÛÛ[Z]YX[‹”][Ü[K˜]]™YKØ[Z[™ËM‹LŒŒËÜL›Ù\Ë[™\™ŞWÜÜÚ]]™WØÛÛ[Z]\\—Üİ”][Ü[K˜]]™YKØ[Z[™ËM‹LŒŒËÜL›Ù\Ë[™\™ŞWÜÜÚ]]™WØÛÛ[Z]Ø[\WÜİÜİ”][Ü[K˜]]™YKØ[Z[™ËM‹LŒŒËÜL›Ù\Ë[™\™ŞWÜÜÚ]]™WØÛÛ[Z][WÛZ[—Üİ”][Ü[K˜]]™YKØ[Z[™ËM‹LŒŒËÜL›Ù\Ë[™\™ŞWÜÜÚ]]™WØÛÛ[Z][WÛX^Üİ”][Ü[K˜]]™YKØ[Z[™ËM‹LŒŒËÜL›Ù\Ë[™\™ŞWÜÜÚ]]™WØÛÛ[Z]˜[™ÙWØXœË”][Ü[K˜]]™YKØ[Z[™ËM‹LŒŒËÜL›Ù\Ë[™\™ŞWÜÜÚ]]™WØÛÛ[Z]ØÙØXœË”][Ü[K˜]]™YKØ[Z[™ËM‹LŒŒËÜL›Ù\Ë[™\™ŞWÜÜÚ]]™WØÛÛ[Z]ØÙÜİ”][Ü[K˜]]™YKØ[Z[™ËM‹LŒŒËÜ›Ù\Ë[™\™ŞWÜÜÚ]]™WØÛÛ[Z]—ÛY]šXËŒLŒŒŒŒŒ”][Ü[K˜]]™YKØ[Z[™ËM‹LŒŒËÜ›Ù\Ë[™\™ŞWÜÜÚ]]™WØÛÛ[Z]YX[‹”][Ü[K˜]]™YKØ[Z[™ËM‹LŒŒËÜ›Ù\Ë[™\™ŞWÜÜÚ]]™WØÛÛ[Z]\\—Üİ”][Ü[K˜]]™YKØ[Z[™ËM‹LŒŒËÜ›Ù\Ë[™\™ŞWÜÜÚ]]™WØÛÛ[Z]Ø[\WÜİÜİ”][Ü[K˜]]™YKØ[Z[™ËM‹LŒŒËÜ›Ù\Ë[™\™ŞWÜÜÚ]]™WØÛÛ[Z][WÛZ[—Üİ”][Ü[K˜]]™YKØ[Z[™ËM‹LŒŒËÜ›Ù\Ë[™\™ŞWÜÜÚ]]™WØÛÛ[Z][WÛX^Üİ”][Ü[K˜]]™YKØ[Z[™ËM‹LŒŒËÜ›Ù\Ë[™\™ŞWÜÜÚ]]™WØÛÛ[Z]˜[™ÙWØXœË”][Ü[K˜]]™YKØ[Z[™ËM‹LŒŒËÜ›Ù\Ë[™\™ŞWÜÜÚ]]™WØÛÛ[Z]ØÙØXœË”][Ü[K˜]]™YKØ[Z[™ËM‹LŒŒËÜ›Ù\Ë[™\™ŞWÜÜÚ]]™WØÛÛ[Z]ØÙÜİ”][Ü[K˜]]™YK^T[M‹LŒŒËÜL›Ù\Ë[™\™ŞWÜÜÚ]]™WØÛÛ[Z]—ÛY]šXËMŒLKŒKŒKŒKŒKŒ”][Ü[K˜]]™YK^T[M‹LŒŒËÜL›Ù\Ë[™\™ŞWÜÜÚ]]™WØÛÛ[Z]YX[‹Œ‹ŒÍMMŒÌÍÍËLŒ‹ŒÌÎMMMŒÌLLŒËŒKLÍŒNMÍËŒËÎNLŒÍÍÎMÍÌ‹ŒŒŒÍLŒÎLLËLMML‚”][Ü[K˜]]™YK^T[M‹LŒŒËÜL›Ù\Ë[™\™ŞWÜÜÚ]]™WØÛÛ[Z]\\—ÜİNŒMÌŒÍÌÌŒËLNŒÍLÍMÌMÌNMËKMMÍÌŒÍLL‹KLNMŒÌÍLMÎMM‹ÎMMMÌMŒÎÌKŒŒMÎLLÍÍŒMÌLÍÂ”][Ü[K˜]]™YK^T[M‹LŒŒËÜL›Ù\Ë[™\™ŞWÜÜÚ]]™WØÛÛ[Z]Ø[\WÜİÜİLËÌÌLŒÍÎLŒKLLËNMÌLNLÎÎLÌKLŒŒŒLÎMMÎNNM‹MLLLLÍÌÌKËMÌMÎLMÌÍL‹MËLMLŒÍNLÂ”][Ü[K˜]]™YK^T[M‹LŒŒËÜL›Ù\Ë[™\™ŞWÜÜÚ]]™WØÛÛ[Z][WÛZ[—ÜİLŒËŒÌÌLMMMÎNLLŒKŒŒÍÌÌMMLËLKÎŒLÌMMÌÍ‹LLËNLLLMMŒM‹LËÌŒÌMÍŒÍNKLŒŒMÎÂ”][Ü[K˜]]™YK^T[M‹LŒŒËÜL›Ù\Ë[™\™ŞWÜÜÚ]]™WØÛÛ[Z][WÛX^ÜİNKÌLNLMLNLÎLNKŒMMÌÌÍŒŒLËŒLŒNMMŒÌLKLÍNMÍNMM‹KÎÌÎNÍÌÍŒ‹ËMMMÍB”][Ü[K˜]]™YK^T[M‹LŒŒËÜL›Ù\Ë[™\™ŞWÜÜÚ]]™WØÛÛ[Z]˜[™ÙWØXœËKÌÌNLLMÍÎKLKNÌŒŒLLÍÌMÌK‹MMŒŒŒÍN‹KÌÌNLLMÍÎKNMLLLNNKKÌÌNLLMÍÎB”][Ü[K˜]]™YK^T[M‹LŒŒËÜL›Ù\Ë[™\™ŞWÜÜÚ]]™WØÛÛ[Z]ØÙØXœËKŒÍŒÍLLLŒÍLKŒŒÍÍÌLNLÌ‹ËLNMÎMMÍÎË‹ŒŒMŒÌN‹MÎLNÌNM‹LŒLLŒMN”][Ü[K˜]]™YK^T[M‹LŒŒËÜL›Ù\Ë[™\™ŞWÜÜÚ]]™WØÛÛ[Z]ØÙÜİŒËŒÌÌLMMMÎNLŒ‹ŒŒMMÍŒŒNMKMKMLMMÌÌMK‹ŒMÎLMÍMMËLŒLLLŒMLÎLLÎËMMMÍB”][Ü[K˜]]™YK^T[M‹LŒŒËÜ›Ù\Ë[™\™ŞWÜÜÚ]]™WØÛÛ[Z]—ÛY]šXËLËŒLKŒKŒKŒKŒKŒ”][Ü[K˜]]™YK^T[M‹LŒŒËÜ›Ù\Ë[™\™ŞWÜÜÚ]]™WØÛÛ[Z]YX[‹Œ‹ŒÌÌÌÌŒÎŒMLŒ‹ŒÎŒLMŒËŒLÍÎŒËŒËLŒÌNLÍMÌËŒŒÍÍÍLLÍLNŒŒÍÌÌLÍB”][Ü[K˜]]™YK^T[M‹LŒŒËÜ›Ù\Ë[™\™ŞWÜÜÚ]]™WØÛÛ[Z]\\—ÜİŒ‹LÌÍLÍÌÍLMËLŒËŒÎLNŒÌÎNNKLKMŒMLŒLÍ‹ÎLÎMLÍMŒËLKŒMNŒLMŒNÌËÎKÍMLNNÍLNLB”][Ü[K˜]]™YK^T[M‹LŒŒËÜ›Ù\Ë[™\™ŞWÜÜÚ]]™WØÛÛ[Z]Ø[\WÜİÜİM‹NLÍÍMÍ‹LM‹MÎMMLLŒËL‹MÌNLŒLNKLLÍLÎLÌŒLŒÎLKŒMMŒMLÍŒÂ”][Ü[K˜]]™YK^T[M‹LŒŒËÜ›Ù\Ë[™\™ŞWÜÜÚ]]™WØÛÛ[Z][WÛZ[—ÜİLËÌMMLÌMNM‹LLKNLŒMMÌŒ‹LÌMÌÌLÍNLÍÌLÎLËLNMÌNLÍML‹LÌ‹ŒMLÌNMMMËLLËLLÍLÍŒLŒÍB”][Ü[K˜]]™YK^T[M‹LŒŒËÜ›Ù\Ë[™\™ŞWÜÜÚ]]™WØÛÛ[Z][WÛX^ÜİŒLLNÎM‹LŒËNŒŒLÍÎKMËŒMMŒNMŒKÌÌMLÌMÍËMŒMLNNÍÌËŒÌMLNÍB”][Ü[K˜]]™YK^T[M‹LŒŒËÜ›Ù\Ë[™\™ŞWÜÜÚ]]™WØÛÛ[Z]˜[™ÙWØXœËLKNLŒLŒÌŒËLLLŒŒÎMÌÌMÎLLNŒŒÍLMMMŒŒ‹LKNLŒLŒÌŒË‹ŒMMŒMÎMÍLÌÍKLKNLŒLŒÌŒÂ”][Ü[K˜]]™YK^T[M‹LŒŒËÜ›Ù\Ë[™\™ŞWÜÜÚ]]™WØÛÛ[Z]ØÙØXœË‹ŒMÌLÍÍLŒ‹LKLŒLNMMNŒMLNMÌÍÎÍËËŒÎLŒMLM‹ËMÍÍÌÎŒMM‹ËNMÌMMÍÌMN‚”][Ü[K˜]]™YK^T[M‹LŒŒËÜ›Ù\Ë[™\™ŞWÜÜÚ]]™WØÛÛ[Z]ØÙÜİËÌMMLÌMNM‹LËŒMLÍÍÎMLMŒÍKŒŒÍŒNMLÎMNMÌŒLÌLÌMŒÍNLÌŒLKMÍLÌLLNM‹ÌËŒÌMLNÍB”][Ü[K˜]]™YK’TĞKM‹LŒŒËÜL›Ù\Ë[™\™ŞWÜÜÚ]]™WØÛÛ[Z]—ÛY]šXËËŒL‹ŒKŒËŒŒËŒ”][Ü[K˜]]™YK’TĞKM‹LŒŒËÜL›Ù\Ë[™\™ŞWÜÜÚ]]™WØÛÛ[Z]YX[‹ŒLÌŒMŒÌKLÍKŒLÌŒMŒÌKNŒMMLMLŒMŒL‹ËŒMÌLNLMÍÎLLKNŒMMLMLŒMŒL‹ËŒMÌLNLMÍÎLLB”][Ü[K˜]]™YK’TĞKM‹LŒŒËÜL›Ù\Ë[™\™ŞWÜÜÚ]]™WØÛÛ[Z]\\—ÜİNŒŒÎMŒŒLMMLÍKNŒŒÎMŒŒLMMŒNKŒÍÍLKŒNKŒÍÍLB”][Ü[K˜]]™YK’TĞKM‹LŒŒËÜL›Ù\Ë[™\™ŞWÜÜÚ]]™WØÛÛ[Z]Ø[\WÜİÜİŒKMNMÍŒŒMÎNŒKMNMÍŒŒMÎNŒLÌNMLNMMMŒŒLÎNLLÎNM‹ŒLÌNMLNMMMŒŒLÎNLLÎNM‚”][Ü[K˜]]™YK’TĞKM‹LŒŒËÜL›Ù\Ë[™\™ŞWÜÜÚ]]™WØÛÛ[Z][WÛZ[—ÜİLÍŒMMNMÎL‹LÍKLNKÍLÍŒMMLMLÎLËLÍŒMMNMÎL‹ŒLÍŒMMNMÎL‹Œ”][Ü[K˜]]™YK’TĞKM‹LŒŒËÜL›Ù\Ë[™\™ŞWÜÜÚ]]™WØÛÛ[Z][WÛX^ÜİL‹LÌLŒM‹LÍKL‹LÌLŒM‹ŒNKŒÍÍNM‹ŒNKŒÍÍNM‚”][Ü[K˜]]™YK’TĞKM‹LŒŒËÜL›Ù\Ë[™\™ŞWÜÜÚ]]™WØÛÛ[Z]˜[™ÙWØXœËNLÎLÌLÍÌLLLÍKLÎŒLMÍLÎMMËŒNLÎLÌLÍÌLLŒNLÎLÌLÍÌLL”][Ü[K˜]]™YK’TĞKM‹LŒŒËÜL›Ù\Ë[™\™ŞWÜÜÚ]]™WØÛÛ[Z]ØÙØXœËKMÍMLÍLMÎŒLÍKLLNÍNÍKŒKMÍMLÍLMÎŒŒKMÍMLÍLMÎŒ”][Ü[K˜]]™YK’TĞKM‹LŒŒËÜL›Ù\Ë[™\™ŞWÜÜÚ]]™WØÛÛ[Z]ØÙÜİÍŒMMNMÎL‹LÍKNKÍLÍŒMMLMLÎLËŒÍŒMMNMÎL‹ŒÍŒMMNMÎL‚”][Ü[K˜]]™YK’TĞKM‹LŒŒËÜ›Ù\Ë[™\™ŞWÜÜÚ]]™WØÛÛ[Z]—ÛY]šXËMŒLKŒKŒKŒKŒKŒ”][Ü[K˜]]™YK’TĞKM‹LŒŒËÜ›Ù\Ë[™\™ŞWÜÜÚ]]™WØÛÛ[Z]YX[‹ŒKMLÍLLŒKLŒKLÍNLÎMÍKŒÌMÍŒNLÍÌÌMKŒ‹LNMLÎMMMLLËŒŒMNLÌÎÍŒËŒ‹ÍNMÍÍLM”][Ü[K˜]]™YK’TĞKM‹LŒŒËÜ›Ù\Ë[™\™ŞWÜÜÚ]]™WØÛÛ[Z]\\—ÜİMKŒMŒLLM‹LL‹ŒMLLŒLÌÌÍÍ‹ËŒÎMLNÎNËMËMLÍÌÌMK‹LÍMÍNLÌÌNMNŒLMMÍLÎM‚”][Ü[K˜]]™YK’TĞKM‹LŒŒËÜ›Ù\Ë[™\™ŞWÜÜÚ]]™WØÛÛ[Z]Ø[\WÜİÜİLÌNNLÌÌNNMËLLKŒÌÌÎMÎNK‹ÍLÍÍÍKL‹NŒŒL‹KÍLMLL‹LËŒMMMŒMÍÍÂ”][Ü[K˜]]™YK’TĞKM‹LŒŒËÜ›Ù\Ë[™\™ŞWÜÜÚ]]™WØÛÛ[Z][WÛZ[—ÜİLŒËŒNŒLLÍMNMMLKLLŒKŒÎMÍŒÌÌŒÌÌLLŒÍLM‹NÌŒÌMÍLÍŒ‹LKLLLÌÌÌNËM‹NMMNLÎLÌ‚”][Ü[K˜]]™YK’TĞKM‹LŒŒËÜ›Ù\Ë[™\™ŞWÜÜÚ]]™WØÛÛ[Z][WÛX^ÜİMLMMMŒËLLËMÌÍÌÎMLLL‹KŒMLŒLÌLŒÍÌMËNŒÌMÍMMLÍKËMÍÍÍÎÍÌMKŒŒLÌŒÌÎL‚”][Ü[K˜]]™YK’TĞKM‹LŒŒËÜ›Ù\Ë[™\™ŞWÜÜÚ]]™WØÛÛ[Z]˜[™ÙWØXœËŒMMLNMMNKLŒLÍLÌÎMNËËÌMŒMLÍËŒMMLNMMNKËŒMÌŒNMLLMMÌËŒMMLNMMNB”][Ü[K˜]]™YK’TĞKM‹LŒŒËÜ›Ù\Ë[™\™ŞWÜÜÚ]]™WØÛÛ[Z]ØÙØXœËNLÍNÎNLMMLKLLÍÌLÍŒÌŒ‹‹ŒMÌŒMNLMMMMÎMKŒÍÌMLÌŒÌLMÌÍ‹KÎŒÎMLLLÌKKÍMLMNŒŒLÂ”][Ü[K˜]]™YK’TĞKM‹LŒŒËÜ›Ù\Ë[™\™ŞWÜÜÚ]]™WØÛÛ[Z]ØÙÜİŒËŒNŒLLÍMNMMLKLŒKŒÎMÍŒÌÌŒÌÌKÎÌLÍLÌÎMŒŒËLŒÍLM‹LLLÍLLNMËKLLLÌÌÌNÂ”][Ü[K[Y\ÚÔËM‹LŒŒËÜL›Ù\Ë[™\™ŞWÜÜÚ]]™WØÛÛ[Z]—ÛY]šXËŒLŒŒŒŒŒ”][Ü[K[Y\ÚÔËM‹LŒŒËÜL›Ù\Ë[™\™ŞWÜÜÚ]]™WØÛÛ[Z]YX[‹”][Ü[K[Y\ÚÔËM‹LŒŒËÜL›Ù\Ë[™\™ŞWÜÜÚ]]™WØÛÛ[Z]\\—Üİ”][Ü[K[Y\ÚÔËM‹LŒŒËÜL›Ù\Ë[™\™ŞWÜÜÚ]]™WØÛÛ[Z]Ø[\WÜİÜİ”][Ü[K[Y\ÚÔËM‹LŒŒËÜL›Ù\Ë[™\™ŞWÜÜÚ]]™WØÛÛ[Z][WÛZ[—Üİ”][Ü[K[Y\ÚÔËM‹LŒŒËÜL›Ù\Ë[™\™ŞWÜÜÚ]]™WØÛÛ[Z][WÛX^Üİ”][Ü[K[Y\ÚÔËM‹LŒŒËÜL›Ù\Ë[™\™ŞWÜÜÚ]]™WØÛÛ[Z]˜[™ÙWØXœË”][Ü[K[Y\ÚÔËM‹LŒŒËÜL›Ù\Ë[™\™ŞWÜÜÚ]]™WØÛÛ[Z]ØÙØXœË”][Ü[K[Y\ÚÔËM‹LŒŒËÜL›Ù\Ë[™\™ŞWÜÜÚ]]™WØÛÛ[Z]ØÙÜİ”][Ü[K[Y\ÚÔËM‹LŒŒËÜ›Ù\Ë[™\™ŞWÜÜÚ]]™WØÛÛ[Z]—ÛY]šXËŒLŒŒŒŒŒ”][Ü[K[Y\ÚÔËM‹LŒŒËÜ›Ù\Ë[™\™ŞWÜÜÚ]]™WØÛÛ[Z]YX[‹”][Ü[K[Y\ÚÔËM‹LŒŒËÜ›Ù\Ë[™\™ŞWÜÜÚ]]™WØÛÛ[Z]\\—Üİ”][Ü[K[Y\ÚÔËM‹LŒŒËÜ›Ù\Ë[™\™ŞWÜÜÚ]]™WØÛÛ[Z]Ø[\WÜİÜİ”][Ü[K[Y\ÚÔËM‹LŒŒËÜ›Ù\Ë[™\™ŞWÜÜÚ]]™WØÛÛ[Z][WÛZ[—Üİ”][Ü[K[Y\ÚÔËM‹LŒŒËÜ›Ù\Ë[™\™ŞWÜÜÚ]]™WØÛÛ[Z][WÛX^Üİ”][Ü[K[Y\ÚÔËM‹LŒŒËÜ›Ù\Ë[™\™ŞWÜÜÚ]]™WØÛÛ[Z]˜[™ÙWØXœË”][Ü[K[Y\ÚÔËM‹LŒŒËÜ›Ù\Ë[™\™ŞWÜÜÚ]]™WØÛÛ[Z]ØÙØXœË”][Ü[K[Y\ÚÔËM‹LŒŒËÜ›Ù\Ë[™\™ŞWÜÜÚ]]™WØÛÛ[Z]ØÙÜİ”][Ü[K[Y\Ú’QKM‹LŒŒËÜL›Ù\Ë[™\™ŞWÜÜÚ]]™WØÛÛ[Z]—ÛY]šXËŒLŒŒŒŒŒ”][Ü[K[Y\Ú’QKM‹LŒŒËÜL›Ù\Ë[™\™ŞWÜÜÚ]]™WØÛÛ[Z]YX[‹”][Ü[K[Y\Ú’QKM‹LŒŒËÜL›Ù\Ë[™\™ŞWÜÜÚ]]™WØÛÛ[Z]\\—Üİ”][Ü[K[Y\Ú’QKM‹LŒŒËÜL›Ù\Ë[™\™ŞWÜÜÚ]]™WØÛÛ[Z]Ø[\WÜİÜİ”][Ü[K[Y\Ú’QKM‹LŒŒËÜL›Ù\Ë[™\™ŞWÜÜÚ]]™WØÛÛ[Z][WÛZ[—Üİ”][Ü[K[Y\Ú’QKM‹LŒŒËÜL›Ù\Ë[™\™ŞWÜÜÚ]]™WØÛÛ[Z][WÛX^Üİ”][Ü[K[Y\Ú’QKM‹LŒŒËÜL›Ù\Ë[™\™ŞWÜÜÚ]]™WØÛÛ[Z]˜[™ÙWØXœË”][Ü[K[Y\Ú’QKM‹LŒŒËÜL›Ù\Ë[™\™ŞWÜÜÚ]]™WØÛÛ[Z]ØÙØXœË”][Ü[K[Y\Ú’QKM‹LŒŒËÜL›Ù\Ë[™\™ŞWÜÜÚ]]™WØÛÛ[Z]ØÙÜİ”][Ü[K[Y\Ú’QKM‹LŒŒËÜ›Ù\Ë[™\™ŞWÜÜÚ]]™WØÛÛ[Z]—ÛY]šXËŒLŒŒŒŒŒ”][Ü[K[Y\Ú’QKM‹LŒŒËÜ›Ù\Ë[™\™ŞWÜÜÚ]]™WØÛÛ[Z]YX[‹”][Ü[K[Y\Ú’QKM‹LŒŒËÜ›Ù\Ë[™\™ŞWÜÜÚ]]™WØÛÛ[Z]\\—Üİ”][Ü[K[Y\Ú’QKM‹LŒŒËÜ›Ù\Ë[™\™ŞWÜÜÚ]]™WØÛÛ[Z]Ø[\WÜİÜİ”][Ü[K[Y\Ú’QKM‹LŒŒËÜ›Ù\Ë[™\™ŞWÜÜÚ]]™WØÛÛ[Z][WÛZ[—Üİ”][Ü[K[Y\Ú’QKM‹LŒŒËÜ›Ù\Ë[™\™ŞWÜÜÚ]]™WØÛÛ[Z][WÛX^Üİ”][Ü[K[Y\Ú’QKM‹LŒŒËÜ›Ù\Ë[™\™ŞWÜÜÚ]]™WØÛÛ[Z]˜[™ÙWØXœË”][Ü[K[Y\Ú’QKM‹LŒŒËÜ›Ù\Ë[™\™ŞWÜÜÚ]]™WØÛÛ[Z]ØÙØXœË”][Ü[K[Y\Ú’QKM‹LŒŒËÜ›Ù\Ë[™\™ŞWÜÜÚ]]™WØÛÛ[Z]ØÙÜİ”][Ü[K[Y\ÚĞQSKM‹LŒŒËÜL›Ù\Ë[™\™ŞWÜÜÚ]]™WØÛÛ[Z]—ÛY]šXËLŒLËŒ‹ŒŒ‹ŒKŒ”][Ü[K[Y\ÚĞQSKM‹LŒŒËÜL›Ù\Ë[™\™ŞWÜÜÚ]]™WØÛÛ[Z]YX[‹MŒMLÎŒŒÌËLMNMÎNŒÍ‹LËMÎLÎMNÌLMËMKÍÍÍŒLŒLMÍ‹LËMÎMÌMNMÌN‹M‹ŒNLMMÍÎLÍÌ‚”][Ü[K[Y\ÚĞQSKM‹LŒŒËÜL›Ù\Ë[™\™ŞWÜÜÚ]]™WØÛÛ[Z]\\—ÜİŒŒLŒÍÍMŒŒM‹LNKŒÍÌMMMMLNMŒÌÍKKLLMMÍÍNLŒNKŒÌLÌÎMÍLN‹ŒÌŒÍÌÍLMŒK‹LÌÎŒNMÍÎMÍ‚”][Ü[K[Y\ÚĞQSKM‹LŒŒËÜL›Ù\Ë[™\™ŞWÜÜÚ]]™WØÛÛ[Z]Ø[\WÜİÜİMŒMLŒLNLMŒNLLŒMÍÎMLMÎML‹LŒŒNMLLMMÌŒKMËŒÌÌŒŒŒŒMMËŒÎÌÍLLÍMÎ‹MËLLLÌMLL‚”][Ü[K[Y\ÚĞQSKM‹LŒŒËÜL›Ù\Ë[™\™ŞWÜÜÚ]]™WØÛÛ[Z][WÛZ[—ÜİLNKŒNNMLÌNŒNLMKLLNŒÌÌMÎMML‹LŒ‹ÌÎNÌMMÌMÌLLLËŒÍÎMLLLÍLMËLLLLÍÍ‹LLKŒLNMÎM‚”][Ü[K[Y\ÚĞQSKM‹LŒŒËÜL›Ù\Ë[™\™ŞWÜÜÚ]]™WØÛÛ[Z][WÛX^ÜİŒËŒÍŒNLËLŒŒÎÍÍÎLMKLŒMLLŒŒLMMNKËÌÌNNL‹‹NLÍLÍKÌ‹ŒNNLLÌLÌÍM‚”][Ü[K[Y\ÚĞQSKM‹LŒŒËÜL›Ù\Ë[™\™ŞWÜÜÚ]]™WØÛÛ[Z]˜[™ÙWØXœË‹ŒÎLÎÌÎMŒMÍLÍKL‹ŒLMMLŒÎLLŒ‹ŒMMMÌÌLLÌŒLŒŒK‹ŒÎLÎÌÎMŒMÍLÍK‹ÍLMNMLŒÍK‹ŒÎLÎÌÎMŒMÍLÍB”][Ü[K[Y\ÚĞQSKM‹LŒŒËÜL›Ù\Ë[™\™ŞWÜÜÚ]]™WØÛÛ[Z]ØÙØXœËËLŒMŒŒÍÌMNÍÎ‹LËŒÍÍÎLÌÌ‹ŒNNMMMLÍÍÍKŒÌMMŒÌÌÌKKŒNÍÍÌŒŒLMÌÍMLŒN”][Ü[K[Y\ÚĞQSKM‹LŒŒËÜL›Ù\Ë[™\™ŞWÜÜÚ]]™WØÛÛ[Z]ØÙÜİŒËŒÍŒNLËLŒKŒÍMŒÍËMKŒMNLŒÍÍMÍMLKËÌÌNNL‹LKŒLNMÎM‹Ì‹ŒNNLLÌLÌÍM‚”][Ü[K[Y\ÚĞQSKM‹LŒŒËÜ›Ù\Ë[™\™ŞWÜÜÚ]]™WØÛÛ[Z]—ÛY]šXË‹ŒLKŒŒ‹ŒŒ‹Œ”][Ü[K[Y\ÚĞQSKM‹LŒŒËÜ›Ù\Ë[™\™ŞWÜÜÚ]]™WØÛÛ[Z]YX[‹MŒŒLŒÍÌMLÍËÎKMŒŒLŒÍÌMLÍËL‹ÍÌÎÍLMKÍMÌŒŒMMÍŒŒ‹L‹ÍÌÎÍLMKÍMÌŒŒMMÍŒŒ‚”][Ü[K[Y\ÚĞQSKM‹LŒŒËÜ›Ù\Ë[™\™ŞWÜÜÚ]]™WØÛÛ[Z]\\—ÜİLŒLMÍKÎKŒŒLŒLMÍKŒLŒLMÍB”][Ü[K[Y\ÚĞQSKM‹LŒŒËÜ›Ù\Ë[™\™ŞWÜÜÚ]]™WØÛÛ[Z]Ø[\WÜİÜİMKŒÍÌŒNLMMNNMÍKMKŒÍÌŒNLMMNMKŒÍÌŒNLMMNMKŒÍÌŒNLMMNMKŒÍÌŒNLMMNMKŒÍÌŒNLMMN”][Ü[K[Y\ÚĞQSKM‹LŒŒËÜ›Ù\Ë[™\™ŞWÜÜÚ]]™WØÛÛ[Z][WÛZ[—ÜİLLŒLMÍKÎKŒLLŒLMÍKŒLLŒLMÍKŒ”][Ü[K[Y\ÚĞQSKM‹LŒŒËÜ›Ù\Ë[™\™ŞWÜÜÚ]]™WØÛÛ[Z][WÛX^ÜİLŒLMÍKÎKŒŒLŒLMÍKŒLŒLMÍB”][Ü[K[Y\ÚĞQSKM‹LŒŒËÜ›Ù\Ë[™\™ŞWÜÜÚ]]™WØÛÛ[Z]˜[™ÙWØXœËËŒLÎÍÌLÍNÎKŒŒËŒLÎÍÌLÍNŒËŒLÎÍÌLÍN”][Ü[K[Y\ÚĞQSKM‹LŒŒËÜ›Ù\Ë[™\™ŞWÜÜÚ]]™WØÛÛ[Z]ØÙØXœËKMMLÎLÍKÎKŒŒKMMLÎLÍKŒKMMLÎLÍB”][Ü[K[Y\ÚĞQSKM‹LŒŒËÜ›Ù\Ë[™\™ŞWÜÜÚ]]™WØÛÛ[Z]ØÙÜİLŒLMÍKÎKŒŒLŒLMÍKŒLŒLMÍB”][Ü[K[Y\ÚØ[Z[™ËM‹LŒŒËÜL›Ù\Ë[™\™ŞWÜÜÚ]]™WØÛÛ[Z]—ÛY]šXËŒLŒŒŒŒŒ”][Ü[K[Y\ÚØ[Z[™ËM‹LŒŒËÜL›Ù\Ë[™\™ŞWÜÜÚ]]™WØÛÛ[Z]YX[‹”][Ü[K[Y\ÚØ[Z[™ËM‹LŒŒËÜL›Ù\Ë[™\™ŞWÜÜÚ]]™WØÛÛ[Z]\\—Üİ”][Ü[K[Y\ÚØ[Z[™ËM‹LŒŒËÜL›Ù\Ë[™\™ŞWÜÜÚ]]™WØÛÛ[Z]Ø[\WÜİÜİ”][Ü[K[Y\ÚØ[Z[™ËM‹LŒŒËÜL›Ù\Ë[™\™ŞWÜÜÚ]]™WØÛÛ[Z][WÛZ[—Üİ”][Ü[K[Y\ÚØ[Z[™ËM‹LŒŒËÜL›Ù\Ë[™\™ŞWÜÜÚ]]™WØÛÛ[Z][WÛX^Üİ”][Ü[K[Y\ÚØ[Z[™ËM‹LŒŒËÜL›Ù\Ë[™\™ŞWÜÜÚ]]™WØÛÛ[Z]˜[™ÙWØXœË”][Ü[K[Y\ÚØ[Z[™ËM‹LŒŒËÜL›Ù\Ë[™\™ŞWÜÜÚ]]™WØÛÛ[Z]ØÙØXœË”][Ü[K[Y\ÚØ[Z[™ËM‹LŒŒËÜL›Ù\Ë[™\™ŞWÜÜÚ]]™WØÛÛ[Z]ØÙÜİ”][Ü[K[Y\ÚØ[Z[™ËM‹LŒŒËÜ›Ù\Ë[™\™ŞWÜÜÚ]]™WØÛÛ[Z]—ÛY]šXËŒLŒŒŒŒŒ”][Ü[K[Y\ÚØ[Z[™ËM‹LŒŒËÜ›Ù\Ë[™\™ŞWÜÜÚ]]™WØÛÛ[Z]YX[‹”][Ü[K[Y\ÚØ[Z[™ËM‹LŒŒËÜ›Ù\Ë[™\™ŞWÜÜÚ]]™WØÛÛ[Z]\\—Üİ”][Ü[K[Y\ÚØ[Z[™ËM‹LŒŒËÜ›Ù\Ë[™\™ŞWÜÜÚ]]™WØÛÛ[Z]Ø[\WÜİÜİ”][Ü[K[Y\ÚØ[Z[™ËM‹LŒŒËÜ›Ù\Ë[™\™ŞWÜÜÚ]]™WØÛÛ[Z][WÛZ[—Üİ”][Ü[K[Y\ÚØ[Z[™ËM‹LŒŒËÜ›Ù\Ë[™\™ŞWÜÜÚ]]™WØÛÛ[Z][WÛX^Üİ”][Ü[K[Y\ÚØ[Z[™ËM‹LŒŒËÜ›Ù\Ë[™\™ŞWÜÜÚ]]™WØÛÛ[Z]˜[™ÙWØXœË”][Ü[K[Y\ÚØ[Z[™ËM‹LŒŒËÜ›Ù\Ë[™\™ŞWÜÜÚ]]™WØÛÛ[Z]ØÙØXœË”][Ü[K[Y\ÚØ[Z[™ËM‹LŒŒËÜ›Ù\Ë[™\™ŞWÜÜÚ]]™WØÛÛ[Z]ØÙÜİ”][Ü[K[Y\Ú^T[M‹LŒŒËÜL›Ù\Ë[™\™ŞWÜÜÚ]]™WØÛÛ[Z]—ÛY]šXËLËŒLKŒKŒKŒKŒKŒ”][Ü[K[Y\Ú^T[M‹LŒŒËÜL›Ù\Ë[™\™ŞWÜÜÚ]]™WØÛÛ[Z]YX[‹ŒKMNMŒÌÍ‹LŒKLMÌÍÍŒLLÌŒÍKŒÌLÍÌŒM‹ŒËŒLŒLLÍÍÌNŒŒLMMMLÍŒLMÍKŒËÌMÍÍŒMÌÍB”][Ü[K[Y\Ú^T[M‹LŒŒËÜL›Ù\Ë[™\™ŞWÜÜÚ]]™WØÛÛ[Z]\\—ÜİKMÍLLMLÍLMKLŒËŒMNŒÍLŒÍŒLÌŒŒÌMŒLLÌLËÍŒÌMMÍLNKŒÌÍLÎŒKÍMLÌMŒLNLNMÂ”][Ü[K[Y\Ú^T[M‹LŒŒËÜL›Ù\Ë[™\™ŞWÜÜÚ]]™WØÛÛ[Z]Ø[\WÜİÜİMKŒŒŒNLLÍKLMÌÌŒLMMMÍÍMLKŒNMŒMÍÎLÌ‹MËŒNLŒÌNÍKNMNMÌÍÎNLKNŒÍLMÎMÌLÍÌMÂ”][Ü[K[Y\Ú^T[M‹LŒŒËÜL›Ù\Ë[™\™ŞWÜÜÚ]]™WØÛÛ[Z][WÛZ[—ÜİLŒÍLMŒÍŒŒÍÌŒÍLLŒŒŒMLLMÌŒ‹LŒËÍÍNÍÌÎLÍËLM‹ŒMÍÌÎLNKLKŒÎLNLÌÍŒÎLLŒŒÍ‹NKÌNMLÎLMÍÂ”][Ü[K[Y\Ú^T[M‹LŒŒËÜL›Ù\Ë[™\™ŞWÜÜÚ]]™WØÛÛ[Z][WÛX^ÜİÎÍMMŒMNMM‹LŒ‹ŒNÌÌÌÍŒMLŒÎMKMKŒÌÍMÍÍNLLKKŒÍÌLÍLÎMNMMKL‹NLLÌÍŒMÍKÌKÌLLNLŒÌÍ”][Ü[K[Y\Ú^T[M‹LŒŒËÜL›Ù\Ë[™\™ŞWÜÜÚ]]™WØÛÛ[Z]˜[™ÙWØXœËKMÌLNÎLÍMÌKLKNLÍNMÎËNLNMÎKMÌLNÎLÍMÌKKMŒMÍŒÌÎMNNLKKMÌLNÎLÍMÌB”][Ü[K[Y\Ú^T[M‹LŒŒËÜL›Ù\Ë[™\™ŞWÜÜÚ]]™WØÛÛ[Z]ØÙØXœËKÍÍŒŒKLKŒLŒMMËNMMŒŒÌLÍË‹ŒŒMŒÍLË‹LÎLMÎMÌŒ‹‹NMLÍÌÍŒŒB”][Ü[K[Y\Ú^T[M‹LŒŒËÜL›Ù\Ë[™\™ŞWÜÜÚ]]™WØÛÛ[Z]ØÙÜİÎÍMMŒMNMM‹LŒ‹LŒMLÌŒLÍNMLÍÍÎNLKKŒÍÌLÍLÎMNMMKMLNNLÍMLMKÌKÌLLNLŒÌÍ”][Ü[K[Y\Ú^T[M‹LŒŒËÜ›Ù\Ë[™\™ŞWÜÜÚ]]™WØÛÛ[Z]—ÛY]šXËLËŒLKŒKŒKŒKŒKŒ”][Ü[K[Y\Ú^T[M‹LŒŒËÜ›Ù\Ë[™\™ŞWÜÜÚ]]™WØÛÛ[Z]YX[‹Œ‹ÍÍMMÌÌÍËLŒ‹ÍNMÍLNNMŒKŒ‹ŒNLNMŒMMM‹ŒËÎNNLŒMKŒKLÍNMLNMŒÌKŒËMÍÍMNNMÎ”][Ü[K[Y\Ú^T[M‹LŒŒËÜ›Ù\Ë[™\™ŞWÜÜÚ]]™WØÛÛ[Z]\\—Üİ‹ŒLŒMMŒÍËLKÌÌÍNLŒŒNMÌÌ‹‹LÍÎŒÎMËNKÍLÌÌÎLÍŒŒLMK‹ÌMMLŒÎNKLLŒLLLLL‚”][Ü[K[Y\Ú^T[M‹LŒŒËÜ›Ù\Ë[™\™ŞWÜÜÚ]]™WØÛÛ[Z]Ø[\WÜİÜİKŒLLÍÎNÍL‹LKŒMNÌMÌÌM‹‹MÌLŒÍÍÍÎ‹LMŒLÎMMLÌÍŒÌNKËŒLLLLMÎKLKŒLÌLŒÌŒ‚”][Ü[K[Y\Ú^T[M‹LŒŒËÜ›Ù\Ë[™\™ŞWÜÜÚ]]™WØÛÛ[Z][WÛZ[—ÜİLM‹ÌÌLLMMÌÍ‹LLMKÌÍMŒMÍMLLMKLNMLÎÍÌNL‹LLËNÎMNLÌŒŒNKLNKŒŒLŒÍÌMÍËLËÍLÌÍNN‚”][Ü[K[Y\Ú^T[M‹LŒŒËÜ›Ù\Ë[™\™ŞWÜÜÚ]]™WØÛÛ[Z][WÛX^ÜİLKŒÍÍMÍMÌMÍMÎLÌKLLŒÌNMMŒŒÎ‹MÎLÌŒÍMMÎLËMÍMMLMMÌ‹MLMÌÍÍÌÍMMLLÌŒÎNLLM‚”][Ü[K[Y\Ú^T[M‹LŒŒËÜ›Ù\Ë[™\™ŞWÜÜÚ]]™WØÛÛ[Z]˜[™ÙWØXœË‹ŒÎLŒÌÌŒMÌËL‹ŒMLÎMLŒMÍÍËMMŒÌŒMÎLLK‹ŒÎLŒÌÌŒMÌË‹ŒŒÌÌÌLÌLÎMN‹ŒÎLŒÌÌŒMÌÂ”][Ü[K[Y\Ú^T[M‹LŒŒËÜ›Ù\Ë[™\™ŞWÜÜÚ]]™WØÛÛ[Z]ØÙØXœËËLÌÎLMŒLŒMKLËNLNLŒMÎËŒÌÌŒLŒNŒÌÍŒÌMÍMŒNNMLŒM‹KNNŒMLMML‹LMÍÌÍMÌM‚”][Ü[K[Y\Ú^T[M‹LŒŒËÜ›Ù\Ë[™\™ŞWÜÜÚ]]™WØÛÛ[Z]ØÙÜİM‹ÌÌLLMMÌÍ‹LMKÌÍMŒMÍMLLMKLËNÎMNLÌŒŒNKNMLÎÍÌNL‹KNMŒNLŒÍËNKŒŒLŒÍÌMÍÂ”][Ü[K[Y\Ú’TĞKM‹LŒŒËÜL›Ù\Ë[™\™ŞWÜÜÚ]]™WØÛÛ[Z]—ÛY]šXËLŒL‹ŒKŒŒKŒKŒ”][Ü[K[Y\Ú’TĞKM‹LŒŒËÜL›Ù\Ë[™\™ŞWÜÜÚ]]™WØÛÛ[Z]YX[‹ŒKŒÌÍLÍLŒKŒÎNMÎMÍÍLMM‹ŒMLNLŒÌMŒ‹ÌMÍLLÎÎLËNKLMŒŒMÌÌML‹ŒËŒÍÍÍLLÌŒÎMLM‚”][Ü[K[Y\Ú’TĞKM‹LŒŒËÜL›Ù\Ë[™\™ŞWÜÜÚ]]™WØÛÛ[Z]\\—ÜİŒŒMLMMËLKŒÌMMÍŒÍMŒÍË‹ŒLLMLŒÎMNKLÌMŒÍÎLLÍMËKLÎMLMÍLMLMËŒMÎLŒMMB”][Ü[K[Y\Ú’TĞKM‹LŒŒËÜL›Ù\Ë[™\™ŞWÜÜÚ]]™WØÛÛ[Z]Ø[\WÜİÜİLKŒŒLLLÍŒÌÌNNLLKŒMMLÍLLMÍŒ‹NMÌÌMMÌÌMÍNKMMÍÍÌNMM‹‹ŒÌÌMÌMLÍKM‹ŒÎÎLMM‚”][Ü[K[Y\Ú’TĞKM‹LŒŒËÜL›Ù\Ë[™\™ŞWÜÜÚ]]™WØÛÛ[Z][WÛZ[—ÜİLŒŒŒÎŒÍÎMÌÍËLLMËMŒLLLÍLŒÎLŒKMNMÌLMÌNKM‹NÍÎMLÍŒÎMÍKLŒ‹ÍÎNMÎNLNËL‹ŒLÌLMMMÎLÌNÍÂ”][Ü[K[Y\Ú’TĞKM‹LŒŒËÜL›Ù\Ë[™\™ŞWÜÜÚ]]™WØÛÛ[Z][WÛX^ÜİNŒÌLMŒÎMÍÍLMKŒŒÍÎMLË‹ŒLÍÌŒŒLÌMMÎNŒKŒNLÌLLÌMK‹ÌÌLLLŒŒ‹ŒÍŒLÎNLŒÂ”][Ü[K[Y\Ú’TĞKM‹LŒŒËÜL›Ù\Ë[™\™ŞWÜÜÚ]]™WØÛÛ[Z]˜[™ÙWØXœËŒÍÍMÎÍÌMMLËŒMÎÎMMÍÍÌÍË‹LŒÌÍMŒÍÍMÎÍÌMMKŒÍŒLNLMŒÌÎL‹ŒÍÍMÎÍÌMM”][Ü[K[Y\Ú’TĞKM‹LŒŒËÜL›Ù\Ë[™\™ŞWÜÜÚ]]™WØÛÛ[Z]ØÙØXœËŒÎNÌŒLÌÍNMKLËMÌŒNMËKMMLÎNŒÎLL‹ŒMŒÎNL‹ÍÍLÎMLÌÌMLËKŒLÌŒÌÍMLMMLÂ”][Ü[K[Y\Ú’TĞKM‹LŒŒËÜL›Ù\Ë[™\™ŞWÜÜÚ]]™WØÛÛ[Z]ØÙÜİŒŒŒÎŒÍÎMÌÍËLNŒÍÌMLŒLŒMK‹NLÍŒMÎÍNŒ‹ŒMMMÌÍMMÍÎËŒŒŒÌLMŒM‹ŒÍŒLÎNLŒÂ”][Ü[K[Y\Ú’TĞKM‹LŒŒËÜ›Ù\Ë[™\™ŞWÜÜÚ]]™WØÛÛ[Z]—ÛY]šXËNŒLKŒKŒKŒKŒKŒ”][Ü[K[Y\Ú’TĞKM‹LŒŒËÜ›Ù\Ë[™\™ŞWÜÜÚ]]™WØÛÛ[Z]YX[‹Œ‹ŒÎNLŒNÍŒËLŒ‹ŒMÍÍÎMÍLNKŒŒÎLLMLÎMŒËLLNLMÎNKMLÌMMÎKŒMÌÍÌNÍÍMN”][Ü[K[Y\Ú’TĞKM‹LŒŒËÜ›Ù\Ë[™\™ŞWÜÜÚ]]™WØÛÛ[Z]\\—ÜİM‹ŒLMLÍÍŒÌLL‹LMËŒÍNLNLL‹ËÎLÎŒM‹ÌÎLLLÌLMÌLK‹ŒŒNÎNMÍŒÌKÎMÌLNNMŒLÎ”][Ü[K[Y\Ú’TĞKM‹LŒŒËÜ›Ù\Ë[™\™ŞWÜÜÚ]]™WØÛÛ[Z]Ø[\WÜİÜİMKLÍÎŒŒÌMNKLMKŒÌŒLŒLÌÎMKLŒŒŒLNËŒŒÌMŒÌMLLMÍÍËKMÎLÌÌMËŒ‹ŒÍLMÍŒŒŒÍÎM”][Ü[K[Y\Ú’TĞKM‹LŒŒËÜ›Ù\Ë[™\™ŞWÜÜÚ]]™WØÛÛ[Z][WÛZ[—ÜİLÌŒMMÌŒLŒÍÎMLLŒËÎLLMMLŒM‹LÌËŒŒLLŒÎNÎKLLËÎLMMŒNMLÍKNŒÌMKMËŒNLMÌLMMB”][Ü[K[Y\Ú’TĞKM‹LŒŒËÜ›Ù\Ë[™\™ŞWÜÜÚ]]™WØÛÛ[Z][WÛX^ÜİKŒÍMÎLMÍLLLKLNMMÌNMŒMŒÌ‹MKŒMLLMÍMLÎŒMNŒNËŒÍÌŒÎLÍLËÎKŒNŒÍÍB”][Ü[K[Y\Ú’TĞKM‹LŒŒËÜ›Ù\Ë[™\™ŞWÜÜÚ]]™WØÛÛ[Z]˜[™ÙWØXœËLËŒÌMNÍÍLŒËLLŒLÍŒÍÍÌŒËŒÍLŒÌÎMMŒNLËŒÌMNÍÍLŒËŒMŒŒNLÌNLŒ‹LËŒÌMNÍÍLŒÂ”][Ü[K[Y\Ú’TĞKM‹LŒŒËÜ›Ù\Ë[™\™ŞWÜÜÚ]]™WØÛÛ[Z]ØÙØXœË‹ÌLÎLÌŒMNKL‹ŒNŒÎLMÌNNNÌ‹ËÌNLÌLLMM‹ËÌÍÎŒLLÌÎNL‹‹ŒLÌMÍLÍMLÌËŒÎLLÍB”][Ü[K[Y\Ú’TĞKM‹LŒŒËÜ›Ù\Ë[™\™ŞWÜÜÚ]]™WØÛÛ[Z]ØÙÜİÌŒMMÌŒLŒÍÎMLŒNMMÎLMËM‹MÎŒÍŒŒÌÌNÍÍMMŒLŒMMÌKKŒMMLMÍŒÌKÎKŒNŒÍÍB”][Ü[K\\˜İX™KÔËM‹LŒŒËÜL›Ù\Ë[™\™ŞWÜÜÚ]]™WØÛÛ[Z]—ÛY]šXËŒLŒŒŒŒŒ”][Ü[K\\˜İX™KÔËM‹LŒŒËÜL›Ù\Ë[™\™ŞWÜÜÚ]]™WØÛÛ[Z]YX[‹”][Ü[K\\˜İX™KÔËM‹LŒŒËÜL›Ù\Ë[™\™ŞWÜÜÚ]]™WØÛÛ[Z]\\—Üİ”][Ü[K\\˜İX™KÔËM‹LŒŒËÜL›Ù\Ë[™\™ŞWÜÜÚ]]™WØÛÛ[Z]Ø[\WÜİÜİ”][Ü[K\\˜İX™KÔËM‹LŒŒËÜL›Ù\Ë[™\™ŞWÜÜÚ]]™WØÛÛ[Z][WÛZ[—Üİ”][Ü[K\\˜İX™KÔËM‹LŒŒËÜL›Ù\Ë[™\™ŞWÜÜÚ]]™WØÛÛ[Z][WÛX^Üİ”][Ü[K\\˜İX™KÔËM‹LŒŒËÜL›Ù\Ë[™\™ŞWÜÜÚ]]™WØÛÛ[Z]˜[™ÙWØXœË”][Ü[K\\˜İX™KÔËM‹LŒŒËÜL›Ù\Ë[™\™ŞWÜÜÚ]]™WØÛÛ[Z]ØÙØXœË”][Ü[K\\˜İX™KÔËM‹LŒŒËÜL›Ù\Ë[™\™ŞWÜÜÚ]]™WØÛÛ[Z]ØÙÜİ”][Ü[K\\˜İX™KÔËM‹LŒŒËÜ›Ù\Ë[™\™ŞWÜÜÚ]]™WØÛÛ[Z]—ÛY]šXËKŒLKŒŒKŒŒKŒ”][Ü[K\\˜İX™KÔËM‹LŒŒËÜ›Ù\Ë[™\™ŞWÜÜÚ]]™WØÛÛ[Z]YX[‹L‹MŒLÌLÍMLKÍLËL‹MŒLÌLÍMLKL‹MŒLÌLÍMLKL‹MŒLÌLÍMLKL‹MŒLÌLÍMLKL‹MŒLÌLÍMLB”][Ü[K\\˜İX™KÔËM‹LŒŒËÜ›Ù\Ë[™\™ŞWÜÜÚ]]™WØÛÛ[Z]\\—ÜİŒÍLËŒŒŒŒŒ”][Ü[K\\˜İX™KÔËM‹LŒŒËÜ›Ù\Ë[™\™ŞWÜÜÚ]]™WØÛÛ[Z]Ø[\WÜİÜİ”][Ü[K\\˜İX™KÔËM‹LŒŒËÜ›Ù\Ë[™\™ŞWÜÜÚ]]™WØÛÛ[Z][WÛZ[—ÜİŒÍLËŒŒŒŒŒ”][Ü[K\\˜İX™KÔËM‹LŒŒËÜ›Ù\Ë[™\™ŞWÜÜÚ]]™WØÛÛ[Z][WÛX^ÜİŒÍLËŒŒŒŒŒ”][Ü[K\\˜İX™KÔËM‹LŒŒËÜ›Ù\Ë[™\™ŞWÜÜÚ]]™WØÛÛ[Z]˜[™ÙWØXœËŒÍLËŒŒŒŒŒ”][Ü[K\\˜İX™KÔËM‹LŒŒËÜ›Ù\Ë[™\™ŞWÜÜÚ]]™WØÛÛ[Z]ØÙØXœËŒÍLËŒŒŒŒŒ”][Ü[K\\˜İX™KÔËM‹LŒŒËÜ›Ù\Ë[™\™ŞWÜÜÚ]]™WØÛÛ[Z]ØÙÜİŒÍLËŒŒŒŒŒ”][Ü[K\\˜İX™K’QKM‹LŒŒËÜL›Ù\Ë[™\™ŞWÜÜÚ]]™WØÛÛ[Z]—ÛY]šXËŒLŒŒŒŒŒ”][Ü[K\\˜İX™K’QKM‹LŒŒËÜL›Ù\Ë[™\™ŞWÜÜÚ]]™WØÛÛ[Z]YX[‹”][Ü[K\\˜İX™K’QKM‹LŒŒËÜL›Ù\Ë[™\™ŞWÜÜÚ]]™WØÛÛ[Z]\\—Üİ”][Ü[K\\˜İX™K’QKM‹LŒŒËÜL›Ù\Ë[™\™ŞWÜÜÚ]]™WØÛÛ[Z]Ø[\WÜİÜİ”][Ü[K\\˜İX™K’QKM‹LŒŒËÜL›Ù\Ë[™\™ŞWÜÜÚ]]™WØÛÛ[Z][WÛZ[—Üİ”][Ü[K\\˜İX™K’QKM‹LŒŒËÜL›Ù\Ë[™\™ŞWÜÜÚ]]™WØÛÛ[Z][WÛX^Üİ”][Ü[K\\˜İX™K’QKM‹LŒŒËÜL›Ù\Ë[™\™ŞWÜÜÚ]]™WØÛÛ[Z]˜[™ÙWØXœË”][Ü[K\\˜İX™K’QKM‹LŒŒËÜL›Ù\Ë[™\™ŞWÜÜÚ]]™WØÛÛ[Z]ØÙØXœË”][Ü[K\\˜İX™K’QKM‹LŒŒËÜL›Ù\Ë[™\™ŞWÜÜÚ]]™WØÛÛ[Z]ØÙÜİ”][Ü[K\\˜İX™K’QKM‹LŒŒËÜ›Ù\Ë[™\™ŞWÜÜÚ]]™WØÛÛ[Z]—ÛY]šXËŒLŒŒŒŒŒ”][Ü[K\\˜İX™K’QKM‹LŒŒËÜ›Ù\Ë[™\™ŞWÜÜÚ]]™WØÛÛ[Z]YX[‹”][Ü[K\\˜İX™K’QKM‹LŒŒËÜ›Ù\Ë[™\™ŞWÜÜÚ]]™WØÛÛ[Z]\\—Üİ”][Ü[K\\˜İX™K’QKM‹LŒŒËÜ›Ù\Ë[™\™ŞWÜÜÚ]]™WØÛÛ[Z]Ø[\WÜİÜİ”][Ü[K\\˜İX™K’QKM‹LŒŒËÜ›Ù\Ë[™\™ŞWÜÜÚ]]™WØÛÛ[Z][WÛZ[—Üİ”][Ü[K\\˜İX™K’QKM‹LŒŒËÜ›Ù\Ë[™\™ŞWÜÜÚ]]™WØÛÛ[Z][WÛX^Üİ”][Ü[K\\˜İX™K’QKM‹LŒŒËÜ›Ù\Ë[™\™ŞWÜÜÚ]]™WØÛÛ[Z]˜[™ÙWØXœË”][Ü[K\\˜İX™K’QKM‹LŒŒËÜ›Ù\Ë[™\™ŞWÜÜÚ]]™WØÛÛ[Z]ØÙØXœË”][Ü[K\\˜İX™K’QKM‹LŒŒËÜ›Ù\Ë[™\™ŞWÜÜÚ]]™WØÛÛ[Z]ØÙÜİ”][Ü[K\\˜İX™KĞQSKM‹LŒŒËÜL›Ù\Ë[™\™ŞWÜÜÚ]]™WØÛÛ[Z]—ÛY]šXËLËŒLKŒKŒKŒKŒKŒ”][Ü[K\\˜İX™KĞQSKM‹LŒŒËÜL›Ù\Ë[™\™ŞWÜÜÚ]]™WØÛÛ[Z]YX[‹MLLÍMÌNLŒÎM‹LMLNLLLL‹MŒŒÌÎMÍÍMÌMKMKMŒÎNMLMMÌËLËMMÎNMŒMMÌ‹MKMNMMNLÌMB”][Ü[K\\˜İX™KĞQSKM‹LŒŒËÜL›Ù\Ë[™\™ŞWÜÜÚ]]™WØÛÛ[Z]\\—ÜİNÌMÎLMNLNMMÌÍŒÌMŒËLËŒLLLMŒLLLÌŒËKLÌŒMMMÌÌÍM‹L‹ŒNÍŒÍÌMÌMMKÌŒÍNLMLÌMŒÍB”][Ü[K\\˜İX™KĞQSKM‹LŒŒËÜL›Ù\Ë[™\™ŞWÜÜÚ]]™WØÛÛ[Z]Ø[\WÜİÜİLËŒLMNÍMLLLL‹LLËÌÍMŒÍÌÍÍMÌÍ‹LŒÌŒMÍNÍKMKÍÍŒNNLŒÍŒÍÌKNMŒŒMNNNNËM‹ŒÎÍÌŒMÌLN”][Ü[K\\˜İX™KĞQSKM‹LŒŒËÜL›Ù\Ë[™\™ŞWÜÜÚ]]™WØÛÛ[Z][WÛZ[—ÜİLŒKŒŒNMMMKLLNKMLLLÍMÌÌMMÍËLŒËÍMLLLÌËLMKMLÌMŒM‹LKÌLNNLMÌMKLLKNLMMNLLB”][Ü[K\\˜İX™KĞQSKM‹LŒŒËÜL›Ù\Ë[™\™ŞWÜÜÚ]]™WØÛÛ[Z][WÛX^ÜİNKŒÍMŒNÌÌMÍ‹LMËŒNMMMÍ‹L‹LÌLLLÍNÌŒËŒËNNMÍÍLÌÎLÍLÎNNŒÌL‹KLÎMÍÍÍMŒM”][Ü[K\\˜İX™KĞQSKM‹LŒŒËÜL›Ù\Ë[™\™ŞWÜÜÚ]]™WØÛÛ[Z]˜[™ÙWØXœË‹ŒÎNMÍŒMŒŒMËLKÍÌŒLÌLLNLKŒÎNMMÍÍLÌN‹ŒÎNMÍŒMŒŒMËËNLÍLNMÌÌ‹‹ŒÎNMÍŒMŒŒMÂ”][Ü[K\\˜İX™KĞQSKM‹LŒŒËÜL›Ù\Ë[™\™ŞWÜÜÚ]]™WØÛÛ[Z]ØÙØXœËËŒMLMLÌÌÍKLËŒLLŒÍLMMMK‹ÌÎŒLŒMŒMÍ‹ËMÍNÎLMÎKKÌLLLÎMMÌ‹ŒMLŒÎNLŒÌ‚”][Ü[K\\˜İX™KĞQSKM‹LŒŒËÜL›Ù\Ë[™\™ŞWÜÜÚ]]™WØÛÛ[Z]ØÙÜİŒKŒŒNMMMKLŒÌÌÍLÌÍ‹M‹LÎÌLNNL‹ŒMNMÎLÍKLKNLMMNLLKKLÎMÍÍÍMŒM”][Ü[K\\˜İX™KĞQSKM‹LŒŒËÜ›Ù\Ë[™\™ŞWÜÜÚ]]™WØÛÛ[Z]—ÛY]šXË‹ŒLŒËŒ‹Œ‹Œ‹Œ”][Ü[K\\˜İX™KĞQSKM‹LŒŒËÜ›Ù\Ë[™\™ŞWÜÜÚ]]™WØÛÛ[Z]YX[‹LËLÌMMÌNMLL‹LLËLŒMŒMÍNMLËŒLÍÌÍÌMLÎËMMMNŒMŒNKL‹NLÍŒÍÎMKÍMMÌÍLÍM”][Ü[K\\˜İX™KĞQSKM‹LŒŒËÜ›Ù\Ë[™\™ŞWÜÜÚ]]™WØÛÛ[Z]\\—ÜİLŒÍLNÎÍËLKÎLŒNMÌ‹ËÍLÌNLLMÌ‹MËŒÌÍÌMÍÍŒN‹ŒMÌLMŒLLÍŒM‹MËŒÌÍÌMÍÍŒN‚”][Ü[K\\˜İX™KĞQSKM‹LŒŒËÜ›Ù\Ë[™\™ŞWÜÜÚ]]™WØÛÛ[Z]Ø[\WÜİÜİKNMLŒLŒNNÌ‹LKNMLŒLŒNNÌLÍNMŒŒÎLŒLMLÍKMŒÎMMLŒLŒÎŒÍNÎÌÍNNM‹ŒŒŒŒLÍLNNNMB”][Ü[K\\˜İX™KĞQSKM‹LŒŒËÜ›Ù\Ë[™\™ŞWÜÜÚ]]™WØÛÛ[Z][WÛZ[—ÜİLMLÍÌLÍÍÍËLLL‹ŒÌÍŒÌÌŒÌNKLMKLMÌÌÎŒÎÎMŒNKLËŒLMÍMMÌNLÌMÍLM‹LÌMMÎLNMNLÍ‹LŒMÌLMŒLLÍŒM‚”][Ü[K\\˜İX™KĞQSKM‹LŒŒËÜ›Ù\Ë[™\™ŞWÜÜÚ]]™WØÛÛ[Z][WÛX^ÜİMŒÎNÌNNKLLKLMÍLŒËKŒÍLÌNLŒLÎKM‹ŒLÎLÍÎMŒËŒMÌLMŒLLÍŒM‹M‹ŒÍNLŒMÌ‚”][Ü[K\\˜İX™KĞQSKM‹LŒŒËÜ›Ù\Ë[™\™ŞWÜÜÚ]]™WØÛÛ[Z]˜[™ÙWØXœËËMŒMÌNNÌÍKLËŒLÍLÌŒNLÎLKŒÌMLLLËËMŒMÌNNÌÍKŒÌMÌÍLLÎÎKËMŒMÌNNÌÍB”][Ü[K\\˜İX™KĞQSKM‹LŒŒËÜ›Ù\Ë[™\™ŞWÜÜÚ]]™WØÛÛ[Z]ØÙØXœË‹ŒLŒÍÌÍMKLKÌMMMŒÎLÌ‹ŒLÍŒÍŒNÎMÍLK‹ŒÌÌŒLLMMLŒËŒÌÍÍLLNLÎM‹‹ŒÍLMÍŒÍÌLŒÎLB”][Ü[K\\˜İX™KĞQSKM‹LŒŒËÜ›Ù\Ë[™\™ŞWÜÜÚ]]™WØÛÛ[Z]ØÙÜİMLÍÌLÍÍÍËLL‹ŒÍLNLŒMŒÌMÌ‹KLMLŒŒNÍNKM‹ŒLÎLÍÎMŒMÌLMŒLLÍŒM‹M‹LÌMMÎLNMNLÍ‚”][Ü[K\\˜İX™KØ[Z[™ËM‹LŒŒËÜL›Ù\Ë[™\™ŞWÜÜÚ]]™WØÛÛ[Z]—ÛY]šXËŒLŒŒŒŒŒ”][Ü[K\\˜İX™KØ[Z[™ËM‹LŒŒËÜL›Ù\Ë[™\™ŞWÜÜÚ]]™WØÛÛ[Z]YX[‹”][Ü[K\\˜İX™KØ[Z[™ËM‹LŒŒËÜL›Ù\Ë[™\™ŞWÜÜÚ]]™WØÛÛ[Z]\\—Üİ”][Ü[K\\˜İX™KØ[Z[™ËM‹LŒŒËÜL›Ù\Ë[™\™ŞWÜÜÚ]]™WØÛÛ[Z]Ø[\WÜİÜİ”][Ü[K\\˜İX™KØ[Z[™ËM‹LŒŒËÜL›Ù\Ë[™\™ŞWÜÜÚ]]™WØÛÛ[Z][WÛZ[—Üİ”][Ü[K\\˜İX™KØ[Z[™ËM‹LŒŒËÜL›Ù\Ë[™\™ŞWÜÜÚ]]™WØÛÛ[Z][WÛX^Üİ”][Ü[K\\˜İX™KØ[Z[™ËM‹LŒŒËÜL›Ù\Ë[™\™ŞWÜÜÚ]]™WØÛÛ[Z]˜[™ÙWØXœË”][Ü[K\\˜İX™KØ[Z[™ËM‹LŒŒËÜL›Ù\Ë[™\™ŞWÜÜÚ]]™WØÛÛ[Z]ØÙØXœË”][Ü[K\\˜İX™KØ[Z[™ËM‹LŒŒËÜL›Ù\Ë[™\™ŞWÜÜÚ]]™WØÛÛ[Z]ØÙÜİ”][Ü[K\\˜İX™KØ[Z[™ËM‹LŒŒËÜ›Ù\Ë[™\™ŞWÜÜÚ]]™WØÛÛ[Z]—ÛY]šXËŒLŒŒŒŒŒ”][Ü[K\\˜İX™KØ[Z[™ËM‹LŒŒËÜ›Ù\Ë[™\™ŞWÜÜÚ]]™WØÛÛ[Z]YX[‹”][Ü[K\\˜İX™KØ[Z[™ËM‹LŒŒËÜ›Ù\Ë[™\™ŞWÜÜÚ]]™WØÛÛ[Z]\\—Üİ”][Ü[K\\˜İX™KØ[Z[™ËM‹LŒŒËÜ›Ù\Ë[™\™ŞWÜÜÚ]]™WØÛÛ[Z]Ø[\WÜİÜİ”][Ü[K\\˜İX™KØ[Z[™ËM‹LŒŒËÜ›Ù\Ë[™\™ŞWÜÜÚ]]™WØÛÛ[Z][WÛZ[—Üİ”][Ü[K\\˜İX™KØ[Z[™ËM‹LŒŒËÜ›Ù\Ë[™\™ŞWÜÜÚ]]™WØÛÛ[Z][WÛX^Üİ”][Ü[K\\˜İX™KØ[Z[™ËM‹LŒŒËÜ›Ù\Ë[™\™ŞWÜÜÚ]]™WØÛÛ[Z]˜[™ÙWØXœË”][Ü[K\\˜İX™KØ[Z[™ËM‹LŒŒËÜ›Ù\Ë[™\™ŞWÜÜÚ]]™WØÛÛ[Z]ØÙØXœË”][Ü[K\\˜İX™KØ[Z[™ËM‹LŒŒËÜ›Ù\Ë[™\™ŞWÜÜÚ]]™WØÛÛ[Z]ØÙÜİ”][Ü[K\\˜İX™K^T[M‹LŒŒËÜL›Ù\Ë[™\™ŞWÜÜÚ]]™WØÛÛ[Z]—ÛY]šXËMËŒLKŒKŒKŒKŒKŒ”][Ü[K\\˜İX™K^T[M‹LŒŒËÜL›Ù\Ë[™\™ŞWÜÜÚ]]™WØÛÛ[Z]YX[‹ŒËÎLMMÍNLMMLŒËŒÎÍÌLÍŒŒ‹ÌÌŒLLŒML‹KŒLNMMŒMNNŒKLÍNMLLÌMŒKKÍŒÍÌLMNNNNÎMB”][Ü[K\\˜İX™K^T[M‹LŒŒËÜL›Ù\Ë[™\™ŞWÜÜÚ]]™WØÛÛ[Z]\\—ÜİMËLŒÌÎÌKLM‹ŒŒÌÌMMLMML‹ŒÌMŒÌLLÍÌMNMLNÍMŒÌMŒÌLŒM‹ËLNNMÍÌÍMMÍNŒÍÍMNLÂ”][Ü[K\\˜İX™K^T[M‹LŒŒËÜL›Ù\Ë[™\™ŞWÜÜÚ]]™WØÛÛ[Z]Ø[\WÜİÜİLËŒNLŒÍŒMMLËLLËŒÌMÍŒŒMÎNKNNMLÍŒÌ‹M‹ÌMNMÌ‹KŒÌLÍÌÌÎMÍ‹MËMÌNLÌLMB”][Ü[K\\˜İX™K^T[M‹LŒŒËÜL›Ù\Ë[™\™ŞWÜÜÚ]]™WØÛÛ[Z][WÛZ[—ÜİLM‹LLÍÌLMÍÍŒMÌ‹LLMKŒÌŒÎLŒMÌÎNMÍMLNKNÌMMÌÌÌKLLNMÍLNM‹LŒ‹NMMMMÌ‹MËMLNMMŒÌŒNÂ”][Ü[K\\˜İX™K^T[M‹LŒŒËÜL›Ù\Ë[™\™ŞWÜÜÚ]]™WØÛÛ[Z][WÛX^ÜİÌKŒLLLÌNLÎLKLNNŒŒŒŒÎLËŒLMNLLLËÍŒŒLŒMÍÌÌMMK‹ŒÍMLÍMLŒMËÎKLÎLLÍŒŒŒB”][Ü[K\\˜İX™K^T[M‹LŒŒËÜL›Ù\Ë[™\™ŞWÜÜÚ]]™WØÛÛ[Z]˜[™ÙWØXœËLKŒÌŒLLÍL‹LLŒMNLNÍNNNËKMMNNÌÌMKLKŒÌŒLLÍL‹ËŒÎMMŒLLÍMMËLKŒÌŒLLÍL‚”][Ü[K\\˜İX™K^T[M‹LŒŒËÜL›Ù\Ë[™\™ŞWÜÜÚ]]™WØÛÛ[Z]ØÙØXœËËŒÎNMÍÍÎNMNKL‹ŒŒMLNŒŒÌLÍÌÍKËŒMŒÌMMÌML‹ËMŒÌÍŒŒMËKLÌÍÌÍLŒLNKŒNLLŒLÍÌÂ”][Ü[K\\˜İX™K^T[M‹LŒŒËÜL›Ù\Ë[™\™ŞWÜÜÚ]]™WØÛÛ[Z]ØÙÜİÌKŒLLLÌNLÎLKLNNŒŒŒŒÎLËÍÌLÎMŒÎÍŒŒLŒMÍÌÌMMKÎMÍLÍÎKLÎLLÍŒŒŒB”][Ü[K\\˜İX™K^T[M‹LŒŒËÜ›Ù\Ë[™\™ŞWÜÜÚ]]™WØÛÛ[Z]—ÛY]šXËLËŒLKŒKŒKŒKŒKŒ”][Ü[K\\˜İX™K^T[M‹LŒŒËÜ›Ù\Ë[™\™ŞWÜÜÚ]]™WØÛÛ[Z]YX[‹Œ‹LLÌÎMÌŒÍËLŒ‹ÍŒÍŒMÍMÌ‹ŒKMLÌŒMŒNNKMMLÍŒŒMM‹ŒKŒÌÌLÌLŒLKŒLÍMLÌLŒB”][Ü[K\\˜İX™K^T[M‹LŒŒËÜ›Ù\Ë[™\™ŞWÜÜÚ]]™WØÛÛ[Z]\\—Üİ‹MÌÍMÌMÌŒÌŒML‹LŒ‹MÎLÍÌÌÌËLŒÍNLÎLÎÌŒ‹ŒŒÎNMÌŒLNLNK‹ŒÍÍLNMÍMLÍËKŒNŒÍL‚”][Ü[K\\˜İX™K^T[M‹LŒŒËÜ›Ù\Ë[™\™ŞWÜÜÚ]]™WØÛÛ[Z]Ø[\WÜİÜİMËÍMMÍLLÌNLËLMËŒÎNNNLLÍMLÍÌÌLŒŒMÎÌLLMÌMM‹ËNŒMMLŒŒÌKŒKŒÎMLÍÌMÌÌLB”][Ü[K\\˜İX™K^T[M‹LŒŒËÜ›Ù\Ë[™\™ŞWÜÜÚ]]™WØÛÛ[Z][WÛZ[—ÜİLÌËŒÎÎ‹LLÌKMŒNMÍËLÍ‹ŒMNMŒNNKLM‹ŒÍÍÍÍMÍŒÌLMÍMËLÍËLMLKLMKŒMÍMLMÍÎLÌLMB”][Ü[K\\˜İX™K^T[M‹LŒŒËÜ›Ù\Ë[™\™ŞWÜÜÚ]]™WØÛÛ[Z][WÛX^ÜİŒKŒÌMLÍLLLŒN‹LNKÎMÍŒMÍŒKLKLÍÌÍÌLMLËŒNMŒÌŒÎÎMÍÎLËKŒLMNMÍMŒŒËKŒÍŒŒÌÍÍŒLLÂ”][Ü[K\\˜İX™K^T[M‹LŒŒËÜ›Ù\Ë[™\™ŞWÜÜÚ]]™WØÛÛ[Z]˜[™ÙWØXœËL‹MÎMÍÌLLKŒÎÍMLLMMŒ‹ËÎLÌNÍNL‹MÎMÍÌ‹ŒÍMMÌLÍÍNNLM‹L‹MÎMÍÌ”][Ü[K\\˜İX™K^T[M‹LŒŒËÜ›Ù\Ë[™\™ŞWÜÜÚ]]™WØÛÛ[Z]ØÙØXœËËNNŒLMŒÌŒKLËŒMLLLŒÍÎNLÍNMŒŒMMÌŒÌMŒÍŒLŒLÎÎN‹ËMÌÍÎÌŒMÌLËKŒŒMÍLMLLB”][Ü[K\\˜İX™K^T[M‹LŒŒËÜ›Ù\Ë[™\™ŞWÜÜÚ]]™WØÛÛ[Z]ØÙÜİÌËŒÎÎ‹LÌKMŒNMÍËM‹ÍMÌMÌÎKÍ‹ŒMNMŒNNKMKŒMÍMLMÍÎLÌLMKÍËLMLB”][Ü[K\\˜İX™K’TĞKM‹LŒŒËÜL›Ù\Ë[™\™ŞWÜÜÚ]]™WØÛÛ[Z]—ÛY]šXËŒLËŒKŒŒŒŒ”][Ü[K\\˜İX™K’TĞKM‹LŒŒËÜL›Ù\Ë[™\™ŞWÜÜÚ]]™WØÛÛ[Z]YX[‹NNNŒÍLMÎMNKNL‹NLÍÌLÌMLNŒŒÍËMËŒLŒÎLŒNMŒÌÍLLKMKŒŒLÌÍŒMLKŒKNMÍÎNMÌŒÍŒÂ”][Ü[K\\˜İX™K’TĞKM‹LŒŒËÜL›Ù\Ë[™\™ŞWÜÜÚ]]™WØÛÛ[Z]\\—ÜİKÎLLÍMNLŒMNL‹KÎLLÍMNLŒMŒM‹ŒLMMÍL‹ŒM‹ŒLMMÍL‚”][Ü[K\\˜İX™K’TĞKM‹LŒŒËÜL›Ù\Ë[™\™ŞWÜÜÚ]]™WØÛÛ[Z]Ø[\WÜİÜİLËŒLMŒÍÌÍM‹ÌÌLËŒLMŒÍÌÍM‹KLÍNMÌMLÎMKŒ‹ÌLÍMMÍLÍKKLÍNMÌMLÎMKŒ‹ÌLÍMMÍLÍB”][Ü[K\\˜İX™K’TĞKM‹LŒŒËÜL›Ù\Ë[™\™ŞWÜÜÚ]]™WØÛÛ[Z][WÛZ[—ÜİLMËÍŒÎMNMMLLÌŒ‹NL‹LLËÍÌMNNÌÌŒLMËÍŒÎMNMMLLÌŒ‹ŒLMËÍŒÎMNMMLLÌŒ‹Œ”][Ü[K\\˜İX™K’TĞKM‹LŒŒËÜL›Ù\Ë[™\™ŞWÜÜÚ]]™WØÛÛ[Z][WÛX^ÜİLËLŒÌŒÌŒÍLÌÌÎNL‹LKŒLÎMLNLNŒM‹ŒLMMÍL‹ŒM‹ŒLMMÍL‚”][Ü[K\\˜İX™K’TĞKM‹LŒŒËÜL›Ù\Ë[™\™ŞWÜÜÚ]]™WØÛÛ[Z]˜[™ÙWØXœËKMÍMÎLŒÌNÍNL‹ËMNLÍLLNMŒKMÍMÎLŒÌNÍŒKMÍMÎLŒÌNÍ”][Ü[K\\˜İX™K’TĞKM‹LŒŒËÜL›Ù\Ë[™\™ŞWÜÜÚ]]™WØÛÛ[Z]ØÙØXœËËŒÍÍLÌMLÍMÎLNMKNL‹‹LLLÌNMËŒËŒÍÍLÌMLÍMÎLNMKŒËŒÍÍLÌMLÍMÎLNMB”][Ü[K\\˜İX™K’TĞKM‹LŒŒËÜL›Ù\Ë[™\™ŞWÜÜÚ]]™WØÛÛ[Z]ØÙÜİMËÍŒÎMNMMLLÌŒ‹NL‹LËÍÌMNNÌÌŒŒMËÍŒÎMNMMLLÌŒ‹ŒMËÍŒÎMNMMLLÌŒ‚”][Ü[K\\˜İX™K’TĞKM‹LŒŒËÜ›Ù\Ë[™\™ŞWÜÜÚ]]™WØÛÛ[Z]—ÛY]šXËMKŒLKŒKŒKŒKŒKŒ”][Ü[K\\˜İX™K’TĞKM‹LŒŒËÜ›Ù\Ë[™\™ŞWÜÜÚ]]™WØÛÛ[Z]YX[‹ŒKMÌÎLÍÌÍÌKLŒKLMÍLŒÍÍNËŒŒNMLÎNLÎMÌL‹ŒËÎŒÍÌLŒÍŒËNKŒLÍLÍLMLMËŒŒLMMÍŒÎLMŒ‚”][Ü[K\\˜İX™K’TĞKM‹LŒŒËÜ›Ù\Ë[™\™ŞWÜÜÚ]]™WØÛÛ[Z]\\—ÜİŒŒMMÍNLLÎKLNKÌLÎLNLMMLLLŒŒŒNLÌËMMŒŒNMÎNMŒKËÌMÌMŒMKÍLÌMÍNB”][Ü[K\\˜İX™K’TĞKM‹LŒŒËÜ›Ù\Ë[™\™ŞWÜÜÚ]]™WØÛÛ[Z]Ø[\WÜİÜİNŒÌŒŒÌKLNKŒLLLLÍÌLKŒÍÌŒMÍMÌŒMKŒËŒŒÍÌÍMÍLŒŒËËNMMÍÌËŒMÍÌÌŒM”][Ü[K\\˜İX™K’TĞKM‹LŒŒËÜ›Ù\Ë[™\™ŞWÜÜÚ]]™WØÛÛ[Z][WÛZ[—ÜİLŒ‹MÍÎLŒMÌÎLLŒMMLMLŒÌÌL‹ÍÎMŒËLMŒŒŒÌMŒÍLLŒÍLLŒ‹LKŒŒÎMŒÌÍÍLÎLLKNKŒLNMLNÎM‚”][Ü[K\\˜İX™K’TĞKM‹LŒŒËÜ›Ù\Ë[™\™ŞWÜÜÚ]]™WØÛÛ[Z][WÛX^ÜİKLNÌÌMÍÌKLÍ‹ŒÎÍÎŒLÌÌ‹MËLLÌÌËËŒMÍÌLMÍÍMÌÍKLKMMÌMÍMLÍLML‹LËŒMÍLÎNÎÌŒN”][Ü[K\\˜İX™K’TĞKM‹LŒŒËÜ›Ù\Ë[™\™ŞWÜÜÚ]]™WØÛÛ[Z]˜[™ÙWØXœËMŒNÌÌÌŒMLÌKLLËLŒÍNM‹ËŒMMŒŒÌÌLÍÎMÎKMŒNÌÌÌŒMLÌKŒÍŒÍÎNNLÍÌŒKMŒNÌÌÌŒMLÌB”][Ü[K\\˜İX™K’TĞKM‹LŒŒËÜ›Ù\Ë[™\™ŞWÜÜÚ]]™WØÛÛ[Z]ØÙØXœËKŒMNLŒŒÌLLŒMŒNLNŒNMLËLLÌMMLLŒÍ‹KMLÌŒŒNMLÍMË‹ŒÍÎÌÌÍMÌÍÌÍNËLÎLŒMLMÌÌM‚”][Ü[K\\˜İX™K’TĞKM‹LŒŒËÜ›Ù\Ë[™\™ŞWÜÜÚ]]™WØÛÛ[Z]ØÙÜİKLNÌÌMÍÌKLÍ‹ŒÎÍÎŒLÌÌ‹NŒMÎMNNLMM‹ËŒMÍÌLMÍÍMÌÍKLKMMÌMÍMLÍLML‹LËŒMÍLÎNÎÌŒN”][Ü[KØØ[KYœ™YKÔËM‹LŒŒËÜL›Ù\Ë[™\™ŞWÜÜÚ]]™WØÛÛ[Z]—ÛY]šXËŒLŒŒŒŒŒ”][Ü[KØØ[KYœ™YKÔËM‹LŒŒËÜL›Ù\Ë[™\™ŞWÜÜÚ]]™WØÛÛ[Z]YX[‹”][Ü[KØØ[KYœ™YKÔËM‹LŒŒËÜL›Ù\Ë[™\™ŞWÜÜÚ]]™WØÛÛ[Z]\\—Üİ”][Ü[KØØ[KYœ™YKÔËM‹LŒŒËÜL›Ù\Ë[™\™ŞWÜÜÚ]]™WØÛÛ[Z]Ø[\WÜİÜİ”][Ü[KØØ[KYœ™YKÔËM‹LŒŒËÜL›Ù\Ë[™\™ŞWÜÜÚ]]™WØÛÛ[Z][WÛZ[—Üİ”][Ü[KØØ[KYœ™YKÔËM‹LŒŒËÜL›Ù\Ë[™\™ŞWÜÜÚ]]™WØÛÛ[Z][WÛX^Üİ”][Ü[KØØ[KYœ™YKÔËM‹LŒŒËÜL›Ù\Ë[™\™ŞWÜÜÚ]]™WØÛÛ[Z]˜[™ÙWØXœË”][Ü[KØØ[KYœ™YKÔËM‹LŒŒËÜL›Ù\Ë[™\™ŞWÜÜÚ]]™WØÛÛ[Z]ØÙØXœË”][Ü[KØØ[KYœ™YKÔËM‹LŒŒËÜL›Ù\Ë[™\™ŞWÜÜÚ]]™WØÛÛ[Z]ØÙÜİ”][Ü[KØØ[KYœ™YKÔËM‹LŒŒËÜ›Ù\Ë[™\™ŞWÜÜÚ]]™WØÛÛ[Z]—ÛY]šXËŒLŒŒŒŒŒ”][Ü[KØØ[KYœ™YKÔËM‹LŒŒËÜ›Ù\Ë[™\™ŞWÜÜÚ]]™WØÛÛ[Z]YX[‹”][Ü[KØØ[KYœ™YKÔËM‹LŒŒËÜ›Ù\Ë[™\™ŞWÜÜÚ]]™WØÛÛ[Z]\\—Üİ”][Ü[KØØ[KYœ™YKÔËM‹LŒŒËÜ›Ù\Ë[™\™ŞWÜÜÚ]]™WØÛÛ[Z]Ø[\WÜİÜİ”][Ü[KØØ[KYœ™YKÔËM‹LŒŒËÜ›Ù\Ë[™\™ŞWÜÜÚ]]™WØÛÛ[Z][WÛZ[—Üİ”][Ü[KØØ[KYœ™YKÔËM‹LŒŒËÜ›Ù\Ë[™\™ŞWÜÜÚ]]™WØÛÛ[Z][WÛX^Üİ”][Ü[KØØ[KYœ™YKÔËM‹LŒŒËÜ›Ù\Ë[™\™ŞWÜÜÚ]]™WØÛÛ[Z]˜[™ÙWØXœË”][Ü[KØØ[KYœ™YKÔËM‹LŒŒËÜ›Ù\Ë[™\™ŞWÜÜÚ]]™WØÛÛ[Z]ØÙØXœË”][Ü[KØØ[KYœ™YKÔËM‹LŒŒËÜ›Ù\Ë[™\™ŞWÜÜÚ]]™WØÛÛ[Z]ØÙÜİ”][Ü[KØØ[KYœ™YK’QKM‹LŒŒËÜL›Ù\Ë[™\™ŞWÜÜÚ]]™WØÛÛ[Z]—ÛY]šXËŒLŒŒŒŒŒ”][Ü[KØØ[KYœ™YK’QKM‹LŒŒËÜL›Ù\Ë[™\™ŞWÜÜÚ]]™WØÛÛ[Z]YX[‹”][Ü[KØØ[KYœ™YK’QKM‹LŒŒËÜL›Ù\Ë[™\™ŞWÜÜÚ]]™WØÛÛ[Z]\\—Üİ”][Ü[KØØ[KYœ™YK’QKM‹LŒŒËÜL›Ù\Ë[™\™ŞWÜÜÚ]]™WØÛÛ[Z]Ø[\WÜİÜİ”][Ü[KØØ[KYœ™YK’QKM‹LŒŒËÜL›Ù\Ë[™\™ŞWÜÜÚ]]™WØÛÛ[Z][WÛZ[—Üİ”][Ü[KØØ[KYœ™YK’QKM‹LŒŒËÜL›Ù\Ë[™\™ŞWÜÜÚ]]™WØÛÛ[Z][WÛX^Üİ”][Ü[KØØ[KYœ™YK’QKM‹LŒŒËÜL›Ù\Ë[™\™ŞWÜÜÚ]]™WØÛÛ[Z]˜[™ÙWØXœË”][Ü[KØØ[KYœ™YK’QKM‹LŒŒËÜL›Ù\Ë[™\™ŞWÜÜÚ]]™WØÛÛ[Z]ØÙØXœË”][Ü[KØØ[KYœ™YK’QKM‹LŒŒËÜL›Ù\Ë[™\™ŞWÜÜÚ]]™WØÛÛ[Z]ØÙÜİ”][Ü[KØØ[KYœ™YK’QKM‹LŒŒËÜ›Ù\Ë[™\™ŞWÜÜÚ]]™WØÛÛ[Z]—ÛY]šXËŒLŒŒŒŒŒ”][Ü[KØØ[KYœ™YK’QKM‹LŒŒËÜ›Ù\Ë[™\™ŞWÜÜÚ]]™WØÛÛ[Z]YX[‹”][Ü[KØØ[KYœ™YK’QKM‹LŒŒËÜ›Ù\Ë[™\™ŞWÜÜÚ]]™WØÛÛ[Z]\\—Üİ”][Ü[KØØ[KYœ™YK’QKM‹LŒŒËÜ›Ù\Ë[™\™ŞWÜÜÚ]]™WØÛÛ[Z]Ø[\WÜİÜİ”][Ü[KØØ[KYœ™YK’QKM‹LŒŒËÜ›Ù\Ë[™\™ŞWÜÜÚ]]™WØÛÛ[Z][WÛZ[—Üİ”][Ü[KØØ[KYœ™YK’QKM‹LŒŒËÜ›Ù\Ë[™\™ŞWÜÜÚ]]™WØÛÛ[Z][WÛX^Üİ”][Ü[KØØ[KYœ™YK’QKM‹LŒŒËÜ›Ù\Ë[™\™ŞWÜÜÚ]]™WØÛÛ[Z]˜[™ÙWØXœË”][Ü[KØØ[KYœ™YK’QKM‹LŒŒËÜ›Ù\Ë[™\™ŞWÜÜÚ]]™WØÛÛ[Z]ØÙØXœË”][Ü[KØØ[KYœ™YK’QKM‹LŒŒËÜ›Ù\Ë[™\™ŞWÜÜÚ]]™WØÛÛ[Z]ØÙÜİ”][Ü[KØØ[KYœ™YKĞQSKM‹LŒŒËÜL›Ù\Ë[™\™ŞWÜÜÚ]]™WØÛÛ[Z]—ÛY]šXËL‹ŒLKŒKŒKŒKŒKŒ”][Ü[KØØ[KYœ™YKĞQSKM‹LŒŒËÜL›Ù\Ë[™\™ŞWÜÜÚ]]™WØÛÛ[Z]YX[‹MŒMŒMNN‹LMŒMMÌÍÍÌŒÌMLËŒÌMLNMÎMÎÌKMLÍNMLŒÌLËLËŒMÎŒLMLLÌMKŒÌLŒÍŒÎLM‚”][Ü[KØØ[KYœ™YKĞQSKM‹LŒŒËÜL›Ù\Ë[™\™ŞWÜÜÚ]]™WØÛÛ[Z]\\—ÜİMŒÍÍMNÍLNLMËLMKLMÌNMÍLÍ‹ŒLMÎLNMË‹ÌÌŒLŒMLËLÍÍMLN‹NLÌÌMNNMMÂ”][Ü[KØØ[KYœ™YKĞQSKM‹LŒŒËÜL›Ù\Ë[™\™ŞWÜÜÚ]]™WØÛÛ[Z]Ø[\WÜİÜİM‹MMNÎNLMÎLMËŒLLÌÍÌÍMËL‹ŒMÌMÌÎNKÌLÎŒÍLMKKŒÎÍÍLÌÌÌŒÌÍNMNKLŒMÎ”][Ü[KØØ[KYœ™YKĞQSKM‹LŒŒËÜL›Ù\Ë[™\™ŞWÜÜÚ]]™WØÛÛ[Z][WÛZ[—ÜİLKŒLMŒÍŒMNNMLÍLLËÌÌÍMÎLLMLÌKŒÌLŒLÎNMMMMŒËLMKÍÍMÍÍÌLÌMM‹LÌKLMÎMNLÌMLL‹MÌŒŒLÍMLÍÍÂ”][Ü[KØØ[KYœ™YKĞQSKM‹LŒŒËÜL›Ù\Ë[™\™ŞWÜÜÚ]]™WØÛÛ[Z][WÛX^ÜİMLÌLÌÌÍÌLŒLMÍLMMÍŒÎŒÍLLMŒMMMËÍŒÌÍNLÌŒŒËLKŒNMMNMÎNLŒŒ‹ÍKŒÌNNŒÌÌLÌŒN”][Ü[KØØ[KYœ™YKĞQSKM‹LŒŒËÜL›Ù\Ë[™\™ŞWÜÜÚ]]™WØÛÛ[Z]˜[™ÙWØXœËŒMÎNLLMLŒMÎNLLMKÌÌŒŒÌÍLL‹ŒMÎNLLMŒÎÌÌŒÍÍÎŒMÎNLLM”][Ü[KØØ[KYœ™YKĞQSKM‹LŒŒËÜL›Ù\Ë[™\™ŞWÜÜÚ]]™WØÛÛ[Z]ØÙØXœËŒLŒÌMŒÎLŒŒÍŒLÍMËŒŒÎMÍMŒÌMMLK‹LÌÍÌÎLÎMNŒÍLËÍMŒÍLÎB”][Ü[KØØ[KYœ™YKĞQSKM‹LŒŒËÜL›Ù\Ë[™\™ŞWÜÜÚ]]™WØÛÛ[Z]ØÙÜİKŒLMŒÍŒMNNMLÍLKÍLÌLMŒËŒ‹ŒŒÌŒÍÍLMLNÍŒÌÍNLÌŒŒËMËMÍÍŒÍMŒËÍKŒÌNNŒÌÌLÌŒN”][Ü[KØØ[KYœ™YKĞQSKM‹LŒŒËÜ›Ù\Ë[™\™ŞWÜÜÚ]]™WØÛÛ[Z]—ÛY]šXËËŒLŒ‹Œ‹ŒŒËŒ”][Ü[KØØ[KYœ™YKĞQSKM‹LŒŒËÜ›Ù\Ë[™\™ŞWÜÜÚ]]™WØÛÛ[Z]YX[‹MŒMÍÍŒÌŒMLMŒŒNNKMŒLŒÌŒMÍŒLËL‹ÍMÍÌÌLMËMKMNMÎMMMLKNMÌMÌÍÌËMËŒŒÎLNNMLŒÌÂ”][Ü[KØØ[KYœ™YKĞQSKM‹LŒŒËÜ›Ù\Ë[™\™ŞWÜÜÚ]]™WØÛÛ[Z]\\—ÜİLËŒNNŒMNMÌLÍNNKLMÎLLNÎLËKÌLLMLŒÎLMMÌ‹ŒËŒNLÍŒMÌÎMMNŒ‹ŒŒÍMÌŒMÍMÂ”][Ü[KØØ[KYœ™YKĞQSKM‹LŒŒËÜ›Ù\Ë[™\™ŞWÜÜÚ]]™WØÛÛ[Z]Ø[\WÜİÜİLËŒLÌÌŒMÍÍÎŒKML‹ŒMÍÎMMÍLÎL‹‹MÍÌÍÎMÌNNKŒŒLŒÍLÎ‹LÌLÍMLÍ‹‹ŒÍÎMÎÌŒLŒNLÎMÂ”][Ü[KØØ[KYœ™YKĞQSKM‹LŒŒËÜ›Ù\Ë[™\™ŞWÜÜÚ]]™WØÛÛ[Z][WÛZ[—ÜİLM‹ŒÎMLÌŒŒ‹NNKLLËLÍLÌÌÍMNKLNKŒÌÍÍŒMÎLÍLÍËLKÌLLMLŒÎLMLNKMMÍÍÌËŒ”][Ü[KØØ[KYœ™YKĞQSKM‹LŒŒËÜ›Ù\Ë[™\™ŞWÜÜÚ]]™WØÛÛ[Z][WÛX^ÜİŒKNLÌLMÍNLŒL‹NNKL‹ÍLÍÌMLMMMKÌLLMLŒÎLMMÌ‹ŒMŒLÎNMÌÌNLÌÎŒKLÍMÍNLNLŒŒB”][Ü[KØØ[KYœ™YKĞQSKM‹LŒŒËÜ›Ù\Ë[™\™ŞWÜÜÚ]]™WØÛÛ[Z]˜[™ÙWØXœËKNNMÍMŒŒ‹NNKËŒŒMÍMÍÌNMËLNLÎMÎMM‹KNNMÍMŒŒ‹ŒKNNMÍMŒŒ‚”][Ü[KØØ[KYœ™YKĞQSKM‹LŒŒËÜ›Ù\Ë[™\™ŞWÜÜÚ]]™WØÛÛ[Z]ØÙØXœËËŒŒMÎÌŒLLMNNK‹ŒNÌMŒLŒMLÍÌËŒNMMÌNMÍËËŒÍMMNMÍÍNMÎMËŒËMLÍMÍÍLM”][Ü[KØØ[KYœ™YKĞQSKM‹LŒŒËÜ›Ù\Ë[™\™ŞWÜÜÚ]]™WØÛÛ[Z]ØÙÜİŒKNLÌLMÍNLŒL‹NNKMŒNLÎŒMKKÌLLMLŒÎLMMÌ‹ŒMŒLÎNMÌÌNLÌÎŒKLÍMÍNLNLŒŒB”][Ü[KØØ[KYœ™YKØ[Z[™ËM‹LŒŒËÜL›Ù\Ë[™\™ŞWÜÜÚ]]™WØÛÛ[Z]—ÛY]šXËŒLŒŒŒŒŒ”][Ü[KØØ[KYœ™YKØ[Z[™ËM‹LŒŒËÜL›Ù\Ë[™\™ŞWÜÜÚ]]™WØÛÛ[Z]YX[‹”][Ü[KØØ[KYœ™YKØ[Z[™ËM‹LŒŒËÜL›Ù\Ë[™\™ŞWÜÜÚ]]™WØÛÛ[Z]\\—Üİ”][Ü[KØØ[KYœ™YKØ[Z[™ËM‹LŒŒËÜL›Ù\Ë[™\™ŞWÜÜÚ]]™WØÛÛ[Z]Ø[\WÜİÜİ”][Ü[KØØ[KYœ™YKØ[Z[™ËM‹LŒŒËÜL›Ù\Ë[™\™ŞWÜÜÚ]]™WØÛÛ[Z][WÛZ[—Üİ”][Ü[KØØ[KYœ™YKØ[Z[™ËM‹LŒŒËÜL›Ù\Ë[™\™ŞWÜÜÚ]]™WØÛÛ[Z][WÛX^Üİ”][Ü[KØØ[KYœ™YKØ[Z[™ËM‹LŒŒËÜL›Ù\Ë[™\™ŞWÜÜÚ]]™WØÛÛ[Z]˜[™ÙWØXœË”][Ü[KØØ[KYœ™YKØ[Z[™ËM‹LŒŒËÜL›Ù\Ë[™\™ŞWÜÜÚ]]™WØÛÛ[Z]ØÙØXœË”][Ü[KØØ[KYœ™YKØ[Z[™ËM‹LŒŒËÜL›Ù\Ë[™\™ŞWÜÜÚ]]™WØÛÛ[Z]ØÙÜİ”][Ü[KØØ[KYœ™YKØ[Z[™ËM‹LŒŒËÜ›Ù\Ë[™\™ŞWÜÜÚ]]™WØÛÛ[Z]—ÛY]šXËŒLŒŒŒŒŒ”][Ü[KØØ[KYœ™YKØ[Z[™ËM‹LŒŒËÜ›Ù\Ë[™\™ŞWÜÜÚ]]™WØÛÛ[Z]YX[‹”][Ü[KØØ[KYœ™YKØ[Z[™ËM‹LŒŒËÜ›Ù\Ë[™\™ŞWÜÜÚ]]™WØÛÛ[Z]\\—Üİ”][Ü[KØØ[KYœ™YKØ[Z[™ËM‹LŒŒËÜ›Ù\Ë[™\™ŞWÜÜÚ]]™WØÛÛ[Z]Ø[\WÜİÜİ”][Ü[KØØ[KYœ™YKØ[Z[™ËM‹LŒŒËÜ›Ù\Ë[™\™ŞWÜÜÚ]]™WØÛÛ[Z][WÛZ[—Üİ”][Ü[KØØ[KYœ™YKØ[Z[™ËM‹LŒŒËÜ›Ù\Ë[™\™ŞWÜÜÚ]]™WØÛÛ[Z][WÛX^Üİ”][Ü[KØØ[KYœ™YKØ[Z[™ËM‹LŒŒËÜ›Ù\Ë[™\™ŞWÜÜÚ]]™WØÛÛ[Z]˜[™ÙWØXœË”][Ü[KØØ[KYœ™YKØ[Z[™ËM‹LŒŒËÜ›Ù\Ë[™\™ŞWÜÜÚ]]™WØÛÛ[Z]ØÙØXœË”][Ü[KØØ[KYœ™YKØ[Z[™ËM‹LŒŒËÜ›Ù\Ë[™\™ŞWÜÜÚ]]™WØÛÛ[Z]ØÙÜİ”][Ü[KØØ[KYœ™YK^T[M‹LŒŒËÜL›Ù\Ë[™\™ŞWÜÜÚ]]™WØÛÛ[Z]—ÛY]šXËMKŒLKŒKŒKŒKŒKŒ”][Ü[KØØ[KYœ™YK^T[M‹LŒŒËÜL›Ù\Ë[™\™ŞWÜÜÚ]]™WØÛÛ[Z]YX[‹ŒËŒÌNNLLKLŒËŒMŒMNKŒ‹ŒÌLMNMLL‹ŒËNNŒŒLŒÌMŒKMLÌMÌMLÌNËMÌÌNLNMÍ”][Ü[KØØ[KYœ™YK^T[M‹LŒŒËÜL›Ù\Ë[™\™ŞWÜÜÚ]]™WØÛÛ[Z]\\—ÜİL‹ŒMLÍMMLMMÎM‹LLŒÍŒÍÎÌMÎLLËËÎŒNLÍKNMNLLÌŒŒMŒ‹‹ŒMNNLMŒÍLŒŒMŒKMÌNMLLŒÌÌÂ”][Ü[KØØ[KYœ™YK^T[M‹LŒŒËÜL›Ù\Ë[™\™ŞWÜÜÚ]]™WØÛÛ[Z]Ø[\WÜİÜİLŒÌÌLNŒŒÌÍKLLŒÎLÌÍÌMLLÌÍË‹NMŒÍLÌLML‹ÌÎNÌÌLŒ‹ÌMNLËNŒÍÍLNMÍÌ”][Ü[KØØ[KYœ™YK^T[M‹LŒŒËÜL›Ù\Ë[™\™ŞWÜÜÚ]]™WØÛÛ[Z][WÛZ[—ÜİLMŒNMŒÍMLNMÌŒM‹LLLËŒNLMŒÍÌLŒ‹LM‹MLŒÍNNLÍKNKŒÌÍLMÌÎMMKLNŒÍMÍNMÌLŒËM‹ŒÎŒLMMÍÍB”][Ü[KØØ[KYœ™YK^T[M‹LŒŒËÜL›Ù\Ë[™\™ŞWÜÜÚ]]™WØÛÛ[Z][WÛX^ÜİŒŒMLNLÎLÎËLNMŒŒÎMÎMŒLLŒNNÎMMÌËŒËŒMŒLÎMNNMKLLÍÍÎMLNLŒLKKÌÌMÌÍMM‚”][Ü[KØØ[KYœ™YK^T[M‹LŒŒËÜL›Ù\Ë[™\™ŞWÜÜÚ]]™WØÛÛ[Z]˜[™ÙWØXœËËMMLÌLN‹LËLÎLŒŒÌMNËÌMLÌMLNLKËMMLÌLN‹‹NMMÎNLM‹ËMMLÌLN‚”][Ü[KØØ[KYœ™YK^T[M‹LŒŒËÜL›Ù\Ë[™\™ŞWÜÜÚ]]™WØÛÛ[Z]ØÙØXœËÍÎNÍŒÌËLŒÌMNLMÌŒNK‹LÎLÍLLL‹KŒŒÌÌÍÎMMLLÌKŒLÍŒÌÌLLÌËKŒMŒMÌLŒÂ”][Ü[KØØ[KYœ™YK^T[M‹LŒŒËÜL›Ù\Ë[™\™ŞWÜÜÚ]]™WØÛÛ[Z]ØÙÜİŒŒMLNLÎLÎËLNMŒŒÎMÎMŒLLKŒÍÌNÍÍŒŒNŒËŒMŒLÎMNNMKËÍLŒŒÌLÍMÌËKÌÌMÌÍMM‚”][Ü[KØØ[KYœ™YK^T[M‹LŒŒËÜ›Ù\Ë[™\™ŞWÜÜÚ]]™WØÛÛ[Z]—ÛY]šXËM‹ŒLKŒKŒKŒKŒKŒ”][Ü[KØØ[KYœ™YK^T[M‹LŒŒËÜ›Ù\Ë[™\™ŞWÜÜÚ]]™WØÛÛ[Z]YX[‹ŒËŒMŒLNŒMLÌLŒËŒMŒŒLMLÍMËŒKÎNMÌLËNMMNMÍÌÌMÎŒKŒŒÌLÎLMËKŒMNMŒMÂ”][Ü[KØØ[KYœ™YK^T[M‹LŒŒËÜ›Ù\Ë[™\™ŞWÜÜÚ]]™WØÛÛ[Z]\\—ÜİNKMŒMMÌŒLNŒLŒÌÌÌËËLNLMMKÌLÍÎMLÌŒÌŒËËŒŒLŒLNLKÍMÌMÌLÌŒ‚”][Ü[KØØ[KYœ™YK^T[M‹LŒŒËÜ›Ù\Ë[™\™ŞWÜÜÚ]]™WØÛÛ[Z]Ø[\WÜİÜİL‹MŒÍNŒËLL‹ÎMMÎŒLMÎMKÌŒÌNMLMËMKMÍLÌK‹ŒLMÎÌÎÌLËMËŒÍÌLÌÌÍB”][Ü[KØØ[KYœ™YK^T[M‹LŒŒËÜ›Ù\Ë[™\™ŞWÜÜÚ]]™WØÛÛ[Z][WÛZ[—ÜİLNÍÎNŒMÎŒËLLMËMÍMÌLÌŒMËLŒKÌNMÌŒMÎLLLMLLËŒMLLLMLËLŒËMLÌÎLËMËŒNMÎNMMB”][Ü[KØØ[KYœ™YK^T[M‹LŒŒËÜ›Ù\Ë[™\™ŞWÜÜÚ]]™WØÛÛ[Z][WÛX^ÜİNKŒLŒÍÍLŒMMM‹LNŒMMŒLÍNKL‹ŒLÍMÍLLMMKŒMŒLÍÎMLNLËKLÎLŒMLMLËLÍLÌŒÌÌ”][Ü[KØØ[KYœ™YK^T[M‹LŒŒËÜ›Ù\Ë[™\™ŞWÜÜÚ]]™WØÛÛ[Z]˜[™ÙWØXœËLMÍMÌŒŒMNMŒ‹LMMÍÍLÎN‹ŒÌŒÎMŒÍÍMNMLMÍMÌŒŒMNMŒ‹ÌŒLMNMÍNKLMÍMÌŒŒMNMŒ‚”][Ü[KØØ[KYœ™YK^T[M‹LŒŒËÜ›Ù\Ë[™\™ŞWÜÜÚ]]™WØÛÛ[Z]ØÙØXœËMŒŒÌŒÎÍËLNLMMLMÍMÌKËŒÍNÍNNŒÌLÍ‹KLÌÎLNNLL‹‹ÌMMMÎÌŒK‹ŒMÌMŒLLÌÎ”][Ü[KØØ[KYœ™YK^T[M‹LŒŒËÜ›Ù\Ë[™\™ŞWÜÜÚ]]™WØÛÛ[Z]ØÙÜİNKŒLŒÍÍLŒMMM‹LNKLÌŒLLMÌÍÍËMÍLLNKŒMŒLÍÎMLNLËLŒNMÍMÌNNLŒM‹LÍLÌŒÌÌ”][Ü[KØØ[KYœ™YK’TĞKM‹LŒŒËÜL›Ù\Ë[™\™ŞWÜÜÚ]]™WØÛÛ[Z]—ÛY]šXËKŒLËŒ‹ŒKŒKŒKŒ”][Ü[KØØ[KYœ™YK’TĞKM‹LŒŒËÜL›Ù\Ë[™\™ŞWÜÜÚ]]™WØÛÛ[Z]YX[‹KŒÍMMLMŒNÌÍÍËLKŒLŒÌÍÎÍÎMŒËÍMLŒŒÌÍŒÍŒMË‹MMLÌMLMMÌ‹ŒKŒŒÍNLŒLNLLÍ‹‹ŒMŒNMÌMŒÍÌÂ”][Ü[KØØ[KYœ™YK’TĞKM‹LŒŒËÜL›Ù\Ë[™\™ŞWÜÜÚ]]™WØÛÛ[Z]\\—ÜİŒÍÌLÎMNLÍLKMÍLMMÌËŒÍÍŒÌMÍNLLÎLNMÌ‹ŒLKŒNNÎMMLÂ”][Ü[KØØ[KYœ™YK’TĞKM‹LŒŒËÜL›Ù\Ë[™\™ŞWÜÜÚ]]™WØÛÛ[Z]Ø[\WÜİÜİKŒMÌKKLŒMMMMÌŒÌKŒLÎMNŒÌÍÌM‹MKŒNMNLMLÍŒMLËŒÎLNLLLÍM‹MKNMÌMLŒB”][Ü[KØØ[KYœ™YK’TĞKM‹LŒŒËÜL›Ù\Ë[™\™ŞWÜÜÚ]]™WØÛÛ[Z][WÛZ[—ÜİLM‹ŒÌÎNNLÌÍÌM‹LLLËÍLŒMLŒL‹LM‹ŒÌÎNNLÌÍÌM‹LŒÍÍŒÌMÍNLM‹ŒÌÎNNLÌÍÌM‹Œ”][Ü[KØØ[KYœ™YK’TĞKM‹LŒŒËÜL›Ù\Ë[™\™ŞWÜÜÚ]]™WØÛÛ[Z][WÛX^ÜİMÌNMLÌLMNLÌËLKLÍÎMNÌMM‹ŒÍÍŒÌMÍNLÍLLÍÎÍLÎLŒ‹ŒLKŒNNÎMMLÂ”][Ü[KØØ[KYœ™YK’TĞKM‹LŒŒËÜL›Ù\Ë[™\™ŞWÜÜÚ]]™WØÛÛ[Z]˜[™ÙWØXœËKŒÍÎMŒÍMŒŒÌŒÍLKŒLLÌŒŒÍÌMŒŒŒÍÌKŒMNMNLMŒŒLËKŒÍÎMŒÍMŒŒÌŒÍŒKŒÍÎMŒÍMŒŒÌŒÍ”][Ü[KØØ[KYœ™YK’TĞKM‹LŒŒËÜL›Ù\Ë[™\™ŞWÜÜÚ]]™WØÛÛ[Z]ØÙØXœËŒLNLÍÌLŒÌM‹LËŒÎMŒMÎLNMNNLŒMŒÌMÍMNLŒÍÍKŒLNLÍÌLŒÌM‹ŒŒLNLÍÌLŒÌM‚”][Ü[KØØ[KYœ™YK’TĞKM‹LŒŒËÜL›Ù\Ë[™\™ŞWÜÜÚ]]™WØÛÛ[Z]ØÙÜİM‹ŒÌÎNNLÌÍÌM‹LLËÍLŒMLŒL‹ŒÍÍŒÌMÍNM‹ŒÌÎNNLÌÍÌM‹ŒM‹ŒÌÎNNLÌÍÌM‚”][Ü[KØØ[KYœ™YK’TĞKM‹LŒŒËÜ›Ù\Ë[™\™ŞWÜÜÚ]]™WØÛÛ[Z]—ÛY]šXËL‹ŒL‹ŒKŒŒŒKŒ”][Ü[KØØ[KYœ™YK’TĞKM‹LŒŒËÜ›Ù\Ë[™\™ŞWÜÜÚ]]™WØÛÛ[Z]YX[‹ŒKMŒNÎŒÍKLŒKMÍNLÌLÎŒMÌMÍMŒMŒÍM‹ŒËŒMLNLÌLŒ‹NKŒÌÍŒÍLÍÌMMLKMÎMLÌMLLB”][Ü[KØØ[KYœ™YK’TĞKM‹LŒŒËÜ›Ù\Ë[™\™ŞWÜÜÚ]]™WØÛÛ[Z]\\—ÜİMŒNLLÌÎLÎLL‹MLÎNÍNŒMŒÍMÍKŒËŒMÎLMLM‹KÍŒLMLÎLËKŒLÌÌÌÎLLLŒB”][Ü[KØØ[KYœ™YK’TĞKM‹LŒŒËÜ›Ù\Ë[™\™ŞWÜÜÚ]]™WØÛÛ[Z]Ø[\WÜİÜİLKÎNŒNMNMÎÌËLLKMŒNLLË‹ÍLMMÌNÌKMKŒÍÍMMMLLË‹LÎŒMLÎMLÎMËNŒLNLÍÌŒÌB”][Ü[KØØ[KYœ™YK’TĞKM‹LŒŒËÜ›Ù\Ë[™\™ŞWÜÜÚ]]™WØÛÛ[Z][WÛZ[—ÜİLMËNNLÎMÍÎLŒËLLMKÎMLÌÍLŒŒLÍÎLLNMÌÎLÍŒÍÌŒKLŒ‹LŒÌMLËŒMLŒÍÍLLÌNLL”][Ü[KØØ[KYœ™YK’TĞKM‹LŒŒËÜ›Ù\Ë[™\™ŞWÜÜÚ]]™WØÛÛ[Z][WÛX^ÜİŒKÍNMŒÌÌNLM‹ŒÍMMMLMKËLÍÍŒÍMKLŒLŒNMMÌLKËÍMÍÍNLÎMÎL‹ŒŒÌÌÍLLŒÍÎLM”][Ü[KØØ[KYœ™YK’TĞKM‹LŒŒËÜ›Ù\Ë[™\™ŞWÜÜÚ]]™WØÛÛ[Z]˜[™ÙWØXœËMLÌŒLMÍÌÎ‹L‹MMLMNLMÌÎMËŒÎMMÌMÎNMŒÌL‹MLÌŒLMÍÌÎ‹KÍÎNÍÍÎŒKMLÌŒLMÍÌÎ‚”][Ü[KØØ[KYœ™YK’TĞKM‹LŒŒËÜ›Ù\Ë[™\™ŞWÜÜÚ]]™WØÛÛ[Z]ØÙØXœËÎÌÍMÌLMNMKLËNLÌMÍMÌ‹‹ŒŒÌŒÎNÍKKŒÌÍLŒMNNMKMLLŒŒLÍÍNKKLLNÌÎNMÎLÎLÍ”][Ü[KØØ[KYœ™YK’TĞKM‹LŒŒËÜ›Ù\Ë[™\™ŞWÜÜÚ]]™WØÛÛ[Z]ØÙÜİŒKÍNMŒÌÌNLMËŒNLMÌÎLÌLÎLŒÌÎLŒMLÍÌÍKLŒLŒNMMÌLKŒLLNMÍMÎKŒŒÌÌÍLLŒÍÎLM”][Ü[KÜ\ËÔËM‹LŒŒËÜL›Ù\Ë[™\™ŞWÜÜÚ]]™WØÛÛ[Z]—ÛY]šXËŒLŒŒŒŒŒ”][Ü[KÜ\ËÔËM‹LŒŒËÜL›Ù\Ë[™\™ŞWÜÜÚ]]™WØÛÛ[Z]YX[‹”][Ü[KÜ\ËÔËM‹LŒŒËÜL›Ù\Ë[™\™ŞWÜÜÚ]]™WØÛÛ[Z]\\—Üİ”][Ü[KÜ\ËÔËM‹LŒŒËÜL›Ù\Ë[™\™ŞWÜÜÚ]]™WØÛÛ[Z]Ø[\WÜİÜİ”][Ü[KÜ\ËÔËM‹LŒŒËÜL›Ù\Ë[™\™ŞWÜÜÚ]]™WØÛÛ[Z][WÛZ[—Üİ”][Ü[KÜ\ËÔËM‹LŒŒËÜL›Ù\Ë[™\™ŞWÜÜÚ]]™WØÛÛ[Z][WÛX^Üİ”][Ü[KÜ\ËÔËM‹LŒŒËÜL›Ù\Ë[™\™ŞWÜÜÚ]]™WØÛÛ[Z]˜[™ÙWØXœË”][Ü[KÜ\ËÔËM‹LŒŒËÜL›Ù\Ë[™\™ŞWÜÜÚ]]™WØÛÛ[Z]ØÙØXœË”][Ü[KÜ\ËÔËM‹LŒŒËÜL›Ù\Ë[™\™ŞWÜÜÚ]]™WØÛÛ[Z]ØÙÜİ”][Ü[KÜ\ËÔËM‹LŒŒËÜ›Ù\Ë[™\™ŞWÜÜÚ]]™WØÛÛ[Z]—ÛY]šXËŒLŒŒŒŒŒ”][Ü[KÜ\ËÔËM‹LŒŒËÜ›Ù\Ë[™\™ŞWÜÜÚ]]™WØÛÛ[Z]YX[‹”][Ü[KÜ\ËÔËM‹LŒŒËÜ›Ù\Ë[™\™ŞWÜÜÚ]]™WØÛÛ[Z]\\—Üİ”][Ü[KÜ\ËÔËM‹LŒŒËÜ›Ù\Ë[™\™ŞWÜÜÚ]]™WØÛÛ[Z]Ø[\WÜİÜİ”][Ü[KÜ\ËÔËM‹LŒŒËÜ›Ù\Ë[™\™ŞWÜÜÚ]]™WØÛÛ[Z][WÛZ[—Üİ”][Ü[KÜ\ËÔËM‹LŒŒËÜ›Ù\Ë[™\™ŞWÜÜÚ]]™WØÛÛ[Z][WÛX^Üİ”][Ü[KÜ\ËÔËM‹LŒŒËÜ›Ù\Ë[™\™ŞWÜÜÚ]]™WØÛÛ[Z]˜[™ÙWØXœË”][Ü[KÜ\ËÔËM‹LŒŒËÜ›Ù\Ë[™\™ŞWÜÜÚ]]™WØÛÛ[Z]ØÙØXœË”][Ü[KÜ\ËÔËM‹LŒŒËÜ›Ù\Ë[™\™ŞWÜÜÚ]]™WØÛÛ[Z]ØÙÜİ”][Ü[KÜ\Ë’QKM‹LŒŒËÜL›Ù\Ë[™\™ŞWÜÜÚ]]™WØÛÛ[Z]—ÛY]šXËŒLŒŒŒŒŒ”][Ü[KÜ\Ë’QKM‹LŒŒËÜL›Ù\Ë[™\™ŞWÜÜÚ]]™WØÛÛ[Z]YX[‹”][Ü[KÜ\Ë’QKM‹LŒŒËÜL›Ù\Ë[™\™ŞWÜÜÚ]]™WØÛÛ[Z]\\—Üİ”][Ü[KÜ\Ë’QKM‹LŒŒËÜL›Ù\Ë[™\™ŞWÜÜÚ]]™WØÛÛ[Z]Ø[\WÜİÜİ”][Ü[KÜ\Ë’QKM‹LŒŒËÜL›Ù\Ë[™\™ŞWÜÜÚ]]™WØÛÛ[Z][WÛZ[—Üİ”][Ü[KÜ\Ë’QKM‹LŒŒËÜL›Ù\Ë[™\™ŞWÜÜÚ]]™WØÛÛ[Z][WÛX^Üİ”][Ü[KÜ\Ë’QKM‹LŒŒËÜL›Ù\Ë[™\™ŞWÜÜÚ]]™WØÛÛ[Z]˜[™ÙWØXœË”][Ü[KÜ\Ë’QKM‹LŒŒËÜL›Ù\Ë[™\™ŞWÜÜÚ]]™WØÛÛ[Z]ØÙØXœË”][Ü[KÜ\Ë’QKM‹LŒŒËÜL›Ù\Ë[™\™ŞWÜÜÚ]]™WØÛÛ[Z]ØÙÜİ”][Ü[KÜ\Ë’QKM‹LŒŒËÜ›Ù\Ë[™\™ŞWÜÜÚ]]™WØÛÛ[Z]—ÛY]šXËŒLŒŒŒŒŒ”][Ü[KÜ\Ë’QKM‹LŒŒËÜ›Ù\Ë[™\™ŞWÜÜÚ]]™WØÛÛ[Z]YX[‹”][Ü[KÜ\Ë’QKM‹LŒŒËÜ›Ù\Ë[™\™ŞWÜÜÚ]]™WØÛÛ[Z]\\—Üİ”][Ü[KÜ\Ë’QKM‹LŒŒËÜ›Ù\Ë[™\™ŞWÜÜÚ]]™WØÛÛ[Z]Ø[\WÜİÜİ”][Ü[KÜ\Ë’QKM‹LŒŒËÜ›Ù\Ë[™\™ŞWÜÜÚ]]™WØÛÛ[Z][WÛZ[—Üİ”][Ü[KÜ\Ë’QKM‹LŒŒËÜ›Ù\Ë[™\™ŞWÜÜÚ]]™WØÛÛ[Z][WÛX^Üİ”][Ü[KÜ\Ë’QKM‹LŒŒËÜ›Ù\Ë[™\™ŞWÜÜÚ]]™WØÛÛ[Z]˜[™ÙWØXœË”][Ü[KÜ\Ë’QKM‹LŒŒËÜ›Ù\Ë[™\™ŞWÜÜÚ]]™WØÛÛ[Z]ØÙØXœË”][Ü[KÜ\Ë’QKM‹LŒŒËÜ›Ù\Ë[™\™ŞWÜÜÚ]]™WØÛÛ[Z]ØÙÜİ”][Ü[KÜ\ËĞQSKM‹LŒŒËÜL›Ù\Ë[™\™ŞWÜÜÚ]]™WØÛÛ[Z]—ÛY]šXËLŒLKŒKŒKŒKŒKŒ”][Ü[KÜ\ËĞQSKM‹LŒŒËÜL›Ù\Ë[™\™ŞWÜÜÚ]]™WØÛÛ[Z]YX[‹MŒMÌÌÌMŒKLMÌLÌLNMŒMŒKLËÌŒNNLLÍ‹MKŒLÌNMLLKLËÌŒNNLLÍMKŒLÌNMLLB”][Ü[KÜ\ËĞQSKM‹LŒŒËÜL›Ù\Ë[™\™ŞWÜÜÚ]]™WØÛÛ[Z]\\—Üİ‹LLLNLÌŒËL‹ŒMÍÌÍMÍÍÌMËŒŒÌMÍLMÌNLŒËKLŒMLKŒŒÌMÍLMÌNLŒËKLŒMLB”][Ü[KÜ\ËĞQSKM‹LŒŒËÜL›Ù\Ë[™\™ŞWÜÜÚ]]™WØÛÛ[Z]Ø[\WÜİÜİŒKLMŒŒMMLŒ‹ÌÍÍÌMLŒÍM‹NŒÍŒNMÍÌÌÍŒËŒÌNLÍÌŒÎNÍLËNŒÍŒNMÍÌÌËŒËŒÌNLÍÌŒÎNÍLÂ”][Ü[KÜ\ËĞQSKM‹LŒŒËÜL›Ù\Ë[™\™ŞWÜÜÚ]]™WØÛÛ[Z][WÛZ[—ÜİLÍ‹ÎLLÌLÍŒLÎMÍËLLÍ‹ŒNMMŒÍLLËLÎŒNLMLÎLÍŒKLŒËŒÍÌLÎÌŒ‹LÎŒNLMLÎLÍŒKLŒËŒÍÌLÎÌŒ‚”][Ü[KÜ\ËĞQSKM‹LŒŒËÜL›Ù\Ë[™\™ŞWÜÜÚ]]™WØÛÛ[Z][WÛX^ÜİÍ‹LÌÌÌLÌŒŒŒLKLÍ‹ŒNMNŒKŒMÌÌMNNËŒMMÍLMÎNÍKKŒMÌÌMNNËŒMMÍLMÎNÍLB”][Ü[KÜ\ËĞQSKM‹LŒŒËÜL›Ù\Ë[™\™ŞWÜÜÚ]]™WØÛÛ[Z]˜[™ÙWØXœËLMÍMMMŒÎKLLMÍMMMŒÎKŒŒÍMMLÌNŒKLMÍMMMŒÎKŒŒÍMMLÌNŒKLMÍMMMŒÎB”][Ü[KÜ\ËĞQSKM‹LŒŒËÜL›Ù\Ë[™\™ŞWÜÜÚ]]™WØÛÛ[Z]ØÙØXœËKŒÌÍLLÍLNKLKÌÍÍNMMMŒ‹ÌÍŒÍŒÌLMLMKKÌNÌŒÌÌMMNL‹ÌÍŒÍŒÌLMKKÌNÌŒÌÌMMNM”][Ü[KÜ\ËĞQSKM‹LŒŒËÜL›Ù\Ë[™\™ŞWÜÜÚ]]™WØÛÛ[Z]ØÙÜİÍ‹LÌÌÌLÌŒŒŒLKLÍËLÍNLMÌŒÎMÌËÌKLMÌMLÎLŒÍMËŒMMÍLMÎNÍKÌKLMÌMLÎLŒÍMËŒMMÍLMÎNÍLB”][Ü[KÜ\ËĞQSKM‹LŒŒËÜ›Ù\Ë[™\™ŞWÜÜÚ]]™WØÛÛ[Z]—ÛY]šXËËŒLŒËŒ‹Œ‹ŒËŒ”][Ü[KÜ\ËĞQSKM‹LŒŒËÜ›Ù\Ë[™\™ŞWÜÜÚ]]™WØÛÛ[Z]YX[‹MKÍÌMÎÎŒKLMKÌŒŒMÌÍŒŒËMŒNLNLŒNMËŒMÍMNNMLÍNLËLËNLÌŒNMŒÍÌËMËMMÌLŒMÌL‚”][Ü[KÜ\ËĞQSKM‹LŒŒËÜ›Ù\Ë[™\™ŞWÜÜÚ]]™WØÛÛ[Z]\\—ÜİNMLÌÍÌŒÌMËLMLNMŒLNÌL‹ÍÍÍMNMLMLMLÎËŒLLÎLÍÍŒLMNKŒMLLNMÌL‚”][Ü[KÜ\ËĞQSKM‹LŒŒËÜ›Ù\Ë[™\™ŞWÜÜÚ]]™WØÛÛ[Z]Ø[\WÜİÜİMLMÎNMŒÌÍŒÎKLMÎLÌNLÍMŒŒË‹LŒÍÍMŒNKNKNMŒŒŒLÎLNLLL‹LÌŒŒMÍÍËKŒÍNNMÍÍÎÂ”][Ü[KÜ\ËĞQSKM‹LŒŒËÜ›Ù\Ë[™\™ŞWÜÜÚ]]™WØÛÛ[Z][WÛZ[—ÜİLNMÌÎNLMÍLMÌËLLMKÌÌLMLŒMMÌ‹LŒKŒÍÍMÍŒÌÍËM‹NÍÌÌNMLÎMNLŒËÌLLLNLÌM‹LŒLLÎLÍÍŒLMNB”][Ü[KÜ\ËĞQSKM‹LŒŒËÜ›Ù\Ë[™\™ŞWÜÜÚ]]™WØÛÛ[Z][WÛX^ÜİŒMÌŒMÌŒÎLLÌËLNKÎLŒÌŒŒMMËÍMNMÍŒMÎNŒNÍÌLÌÍÌÌLNMKŒLLÎLÍÍŒLMŒËNMMLÍ‚”][Ü[KÜ\ËĞQSKM‹LŒŒËÜ›Ù\Ë[™\™ŞWÜÜÚ]]™WØÛÛ[Z]˜[™ÙWØXœË‹ÌŒŒNÎLLMÌËLKŒÍÍN‹‹ŒÎLLÍNLK‹ÌŒŒNÎLLMÌËŒMÌÍMŒŒÍÍK‹ÌŒŒNÎLLMÌÂ”][Ü[KÜ\ËĞQSKM‹LŒŒËÜ›Ù\Ë[™\™ŞWÜÜÚ]]™WØÛÛ[Z]ØÙØXœËËNLNNÌŒ‹LËŒLÍÎÌMLLMKŒÍMMÍNŒÍMŒÌMŒŒKŒÍÍLLÌNÌÌÎKŒÍMÌŒMNMŒB”][Ü[KÜ\ËĞQSKM‹LŒŒËÜ›Ù\Ë[™\™ŞWÜÜÚ]]™WØÛÛ[Z]ØÙÜİŒMÌŒMÌŒÎLLÌËLNKMNNLÎLLMLM‹ÌLNNMÍŒÌNLËÍÌLÌÍÌÌLNMKŒLLÎLÍÍŒLMNKNMMLÍ‚”][Ü[KÜ\ËØ[Z[™ËM‹LŒŒËÜL›Ù\Ë[™\™ŞWÜÜÚ]]™WØÛÛ[Z]—ÛY]šXËŒLŒŒŒŒŒ”][Ü[KÜ\ËØ[Z[™ËM‹LŒŒËÜL›Ù\Ë[™\™ŞWÜÜÚ]]™WØÛÛ[Z]YX[‹”][Ü[KÜ\ËØ[Z[™ËM‹LŒŒËÜL›Ù\Ë[™\™ŞWÜÜÚ]]™WØÛÛ[Z]\\—Üİ”][Ü[KÜ\ËØ[Z[™ËM‹LŒŒËÜL›Ù\Ë[™\™ŞWÜÜÚ]]™WØÛÛ[Z]Ø[\WÜİÜİ”][Ü[KÜ\ËØ[Z[™ËM‹LŒŒËÜL›Ù\Ë[™\™ŞWÜÜÚ]]™WØÛÛ[Z][WÛZ[—Üİ”][Ü[KÜ\ËØ[Z[™ËM‹LŒŒËÜL›Ù\Ë[™\™ŞWÜÜÚ]]™WØÛÛ[Z][WÛX^Üİ”][Ü[KÜ\ËØ[Z[™ËM‹LŒŒËÜL›Ù\Ë[™\™ŞWÜÜÚ]]™WØÛÛ[Z]˜[™ÙWØXœË”][Ü[KÜ\ËØ[Z[™ËM‹LŒŒËÜL›Ù\Ë[™\™ŞWÜÜÚ]]™WØÛÛ[Z]ØÙØXœË”][Ü[KÜ\ËØ[Z[™ËM‹LŒŒËÜL›Ù\Ë[™\™ŞWÜÜÚ]]™WØÛÛ[Z]ØÙÜİ”][Ü[KÜ\ËØ[Z[™ËM‹LŒŒËÜ›Ù\Ë[™\™ŞWÜÜÚ]]™WØÛÛ[Z]—ÛY]šXËŒLŒŒŒŒŒ”][Ü[KÜ\ËØ[Z[™ËM‹LŒŒËÜ›Ù\Ë[™\™ŞWÜÜÚ]]™WØÛÛ[Z]YX[‹”][Ü[KÜ\ËØ[Z[™ËM‹LŒŒËÜ›Ù\Ë[™\™ŞWÜÜÚ]]™WØÛÛ[Z]\\—Üİ”][Ü[KÜ\ËØ[Z[™ËM‹LŒŒËÜ›Ù\Ë[™\™ŞWÜÜÚ]]™WØÛÛ[Z]Ø[\WÜİÜİ”][Ü[KÜ\ËØ[Z[™ËM‹LŒŒËÜ›Ù\Ë[™\™ŞWÜÜÚ]]™WØÛÛ[Z][WÛZ[—Üİ”][Ü[KÜ\ËØ[Z[™ËM‹LŒŒËÜ›Ù\Ë[™\™ŞWÜÜÚ]]™WØÛÛ[Z][WÛX^Üİ”][Ü[KÜ\ËØ[Z[™ËM‹LŒŒËÜ›Ù\Ë[™\™ŞWÜÜÚ]]™WØÛÛ[Z]˜[™ÙWØXœË”][Ü[KÜ\ËØ[Z[™ËM‹LŒŒËÜ›Ù\Ë[™\™ŞWÜÜÚ]]™WØÛÛ[Z]ØÙØXœË”][Ü[KÜ\ËØ[Z[™ËM‹LŒŒËÜ›Ù\Ë[™\™ŞWÜÜÚ]]™WØÛÛ[Z]ØÙÜİ”][Ü[KÜ\Ë^T[M‹LŒŒËÜL›Ù\Ë[™\™ŞWÜÜÚ]]™WØÛÛ[Z]—ÛY]šXËLKŒLKŒKŒKŒKŒKŒ”][Ü[KÜ\Ë^T[M‹LŒŒËÜL›Ù\Ë[™\™ŞWÜÜÚ]]™WØÛÛ[Z]YX[‹ŒËŒLLÌLNNLŒËŒÍMŒÎLLNÍ‹Œ‹ÍNNÍMLŒŒÌŒÍKŒLLÍÌÎMŒ‹ŒÍMLÌŒ‹ŒLÌÍÌŒNN”][Ü[KÜ\Ë^T[M‹LŒŒËÜL›Ù\Ë[™\™ŞWÜÜÚ]]™WØÛÛ[Z]\\—ÜİMKLÎŒÍNŒÌÍËLNNLŒŒÍLK‹ŒMMÎÍÌLMŒLKŒNMMLMŒŒŒÍ‹‹ŒÌLÌÌÍÍNMNKKŒŒŒÌÍÎMB”][Ü[KÜ\Ë^T[M‹LŒŒËÜL›Ù\Ë[™\™ŞWÜÜÚ]]™WØÛÛ[Z]Ø[\WÜİÜİL‹ÌLÌÎMÍLMMKLLËŒŒMŒMÌLŒ‹MŒŒMÎMŒËMMÌÌÌLLMŒLÍËŒÍLMÌÍÌÍLËMLLMMÍÍÂ”][Ü[KÜ\Ë^T[M‹LŒŒËÜL›Ù\Ë[™\™ŞWÜÜÚ]]™WØÛÛ[Z][WÛZ[—ÜİLŒMÍKLLŒËMÌLŒÍŒÌÎMLKÍLLNLMLËLM‹ŒMŒMNLÍNMÌNL‹L‹ÌÍÍŒÍÎMKLM‹ŒÍLLNLÎÌLM‚”][Ü[KÜ\Ë^T[M‹LŒŒËÜL›Ù\Ë[™\™ŞWÜÜÚ]]™WØÛÛ[Z][WÛX^ÜİMKMÌLŒŒŒMÎNKLMKÌLŒLLLÍM‹LÍLÍMÌÎÍMÌNŒNŒLLÌÍMLMËLŒMNNLÌLÌMNLÌÍÌMMÂ”][Ü[KÜ\Ë^T[M‹LŒŒËÜL›Ù\Ë[™\™ŞWÜÜÚ]]™WØÛÛ[Z]˜[™ÙWØXœËKŒŒÍMLŒÌMLÎMËLKŒŒÍMLŒÌMLÎMË‹MÎMÌÍMLLŒËKŒŒÍMLŒÌMLÎMË‹ÌNLÍÌLÌKKŒŒÍMLŒÌMLÎMÂ”][Ü[KÜ\Ë^T[M‹LŒŒËÜL›Ù\Ë[™\™ŞWÜÜÚ]]™WØÛÛ[Z]ØÙØXœËKLÍMŒÎÍÌÎLKŒÎLNLŒÎMÌMKËÍÍNMMŒNM‹‹ŒMNLŒÍMÎMNMKËÍLLÎMÌMLÍË‹ŒÌMÌLMÌLÍB”][Ü[KÜ\Ë^T[M‹LŒŒËÜL›Ù\Ë[™\™ŞWÜÜÚ]]™WØÛÛ[Z]ØÙÜİŒMÍKLŒËMÌLŒÍŒÌÎMM‹ŒMŒMNLÍNMÌNL‹KÍLLNLMLËM‹ŒÍLLNLÎÌLM‹‹ÌÍÍŒÍÎMB”][Ü[KÜ\Ë^T[M‹LŒŒËÜ›Ù\Ë[™\™ŞWÜÜÚ]]™WØÛÛ[Z]—ÛY]šXËLËŒLKŒKŒKŒKŒKŒ”][Ü[KÜ\Ë^T[M‹LŒŒËÜ›Ù\Ë[™\™ŞWÜÜÚ]]™WØÛÛ[Z]YX[‹Œ‹ŒÍÎLLŒLŒËLŒ‹ŒÍÌNLÍMNKŒKŒÌMLLŒLMMKŒËŒÍÌÌMNÌLÌ‹ŒÍÍÍŒNMŒMËŒËMÌÌMMÌMÍMÎ”][Ü[KÜ\Ë^T[M‹LŒŒËÜ›Ù\Ë[™\™ŞWÜÜÚ]]™WØÛÛ[Z]\\—ÜİNKŒNŒÎLŒLLMLNÍÌLÎMÎLMLŒŒLÍÍNÎÍ‹ŒÍMLNÍLÍÎM‹NLLMŒLÌL‹LŒÌÌÌŒÍÂ”][Ü[KÜ\Ë^T[M‹LŒŒËÜ›Ù\Ë[™\™ŞWÜÜÚ]]™WØÛÛ[Z]Ø[\WÜİÜİL‹LLMÍÌMMLLL‹ÌŒNNNÎ‹LŒNÌLLNMŒÎMŒNMÍMÌM‹‹ÍÌLÌLŒÍMLKMMLÍŒMÍŒŒMÂ”][Ü[KÜ\Ë^T[M‹LŒŒËÜ›Ù\Ë[™\™ŞWÜÜÚ]]™WØÛÛ[Z][WÛZ[—ÜİLMKŒNLŒMÎLLMŒÌLMŒLNÎLŒMËLMËNLÍŒNLËLLÍŒLÍNÎNMÎKLNÌNLÌNL‹NMÌMLÎNNMÎŒB”][Ü[KÜ\Ë^T[M‹LŒŒËÜ›Ù\Ë[™\™ŞWÜÜÚ]]™WØÛÛ[Z][WÛX^ÜİŒKÍŒÌŒLÌÍŒËLŒŒLLMÍŒMÍLLÎM‹ŒNŒMLŒLŒMKKŒÍÍLNËL‹LMMÍNMNMMMMÍB”][Ü[KÜ\Ë^T[M‹LŒŒËÜ›Ù\Ë[™\™ŞWÜÜÚ]]™WØÛÛ[Z]˜[™ÙWØXœËŒMÍŒŒLLÎLÌŒÍËLËÍNNMŒLÍÎ‹MMÎNNLÎÌMÌÌ‹ŒMÍŒŒLLÎLÌŒÍËŒÍÌÌÌÎMKŒMÍŒŒLLÎLÌŒÍÂ”][Ü[KÜ\Ë^T[M‹LŒŒËÜ›Ù\Ë[™\™ŞWÜÜÚ]]™WØÛÛ[Z]ØÙØXœËŒMLŒNLMLLLÌMLÌMÌŒMKËÌŒNNLÌŒLKKLNLLLÎMLŒMK‹NMLLÍŒÍÎLLŒ‹‹ŒÍŒÍÌÍŒ‚”][Ü[KÜ\Ë^T[M‹LŒŒËÜ›Ù\Ë[™\™ŞWÜÜÚ]]™WØÛÛ[Z]ØÙÜİŒKÍŒÌŒLÌÍŒËLŒŒLLMÍŒMÍLLÎM‹ŒÌLMÌLÌLMËKŒÍÍLNËL‹LMMÍNMNMMMMÍB”][Ü[KÜ\Ë’TĞKM‹LŒŒËÜL›Ù\Ë[™\™ŞWÜÜÚ]]™WØÛÛ[Z]—ÛY]šXËËŒL‹ŒKŒËŒKŒËŒ”][Ü[KÜ\Ë’TĞKM‹LŒŒËÜL›Ù\Ë[™\™ŞWÜÜÚ]]™WØÛÛ[Z]YX[‹ŒKÎMNLNLÍÌMKLŒKÎMNLNLÍÌMKŒKŒLÎÌŒÍÎLŒÍNËŒ‹ŒŒMÎMLÌŒŒMÌLLÎMŒLŒ‹ŒËŒLNNMMLÌMÍÂ”][Ü[KÜ\Ë’TĞKM‹LŒŒËÜL›Ù\Ë[™\™ŞWÜÜÚ]]™WØÛÛ[Z]\\—ÜİLMÍLÍÍÌŒÍÌLËLLŒŒÍLŒMÎNKŒLMÍLÍÍÌŒÍÌLËŒLMÍLÍÍÌŒÍÌLÂ”][Ü[KÜ\Ë’TĞKM‹LŒŒËÜL›Ù\Ë[™\™ŞWÜÜÚ]]™WØÛÛ[Z]Ø[\WÜİÜİKŒÎŒŒÍLÍÍKÌKŒÎŒŒÍLÍÍKKŒLŒLLÎLÌÍŒÎK‹ŒNMMLÍÍNNNM‹KŒLŒLLÎLÌÍŒÎK‹ŒNMMLÍÍNNNM‚”][Ü[KÜ\Ë’TĞKM‹LŒŒËÜL›Ù\Ë[™\™ŞWÜÜÚ]]™WØÛÛ[Z][WÛZ[—ÜİLËÎÍŒÌLÌLMKLLËÎÍŒÌLÌLMKMLŒŒÍLŒMMKŒMLŒŒÍLŒMMKŒ”][Ü[KÜ\Ë’TĞKM‹LŒŒËÜL›Ù\Ë[™\™ŞWÜÜÚ]]™WØÛÛ[Z][WÛX^Üİ‹ŒMLŒÌÍMLLŒŒÍLŒMMKŒ‹ŒMLŒÌÍMŒ‹ŒMLŒÌÍM”][Ü[KÜ\Ë’TĞKM‹LŒŒËÜL›Ù\Ë[™\™ŞWÜÜÚ]]™WØÛÛ[Z]˜[™ÙWØXœË‹ŒLÎMMÍLËL‹ŒLÎMMÍLËŒ‹ŒLÎMMÍLËŒ‹ŒLÎMMÍLÂ”][Ü[KÜ\Ë’TĞKM‹LŒŒËÜL›Ù\Ë[™\™ŞWÜÜÚ]]™WØÛÛ[Z]ØÙØXœËKŒÌMNÍMLMŒLŒKLKŒMÎÌLÍKŒKŒÌMNÍMLMŒLŒKŒKŒÌMNÍMLMŒLŒB”][Ü[KÜ\Ë’TĞKM‹LŒŒËÜL›Ù\Ë[™\™ŞWÜÜÚ]]™WØÛÛ[Z]ØÙÜİ‹ŒMLŒÌÍMLLŒŒÍLŒMMKŒ‹ŒMLŒÌÍMŒ‹ŒMLŒÌÍM”][Ü[KÜ\Ë’TĞKM‹LŒŒËÜ›Ù\Ë[™\™ŞWÜÜÚ]]™WØÛÛ[Z]—ÛY]šXËNŒLKŒKŒKŒKŒKŒ”][Ü[KÜ\Ë’TĞKM‹LŒŒËÜ›Ù\Ë[™\™ŞWÜÜÚ]]™WØÛÛ[Z]YX[‹Œ‹ŒNÍMMÍÌÌM‹LŒ‹ŒNÍÎÍŒÍNMÌ‹ŒNLMNLLÌÎËŒËÍÍLLLËNKLŒÌÍNNLLËÌŒÎMÍÌŒŒ‚”][Ü[KÜ\Ë’TĞKM‹LŒŒËÜ›Ù\Ë[™\™ŞWÜÜÚ]]™WØÛÛ[Z]\\—ÜİNMÌÍÌÌŒNMÍËLMËÍLMŒŒŒËMLÍÌLÌËÌKMLLNM‹‹MMLÎLÌŒÎLL‹ÎÎLÍÍŒ‚”][Ü[KÜ\Ë’TĞKM‹LŒŒËÜ›Ù\Ë[™\™ŞWÜÜÚ]]™WØÛÛ[Z]Ø[\WÜİÜİMŒÍMMMNLLŒLÎNLMŒŒÎMMÌËKNÌŒÌMMŒLKNŒNMLÎLÌM‹NLMNLÍŒÌÎL‹ŒŒÌLLLÍNLŒÍ‚”][Ü[KÜ\Ë’TĞKM‹LŒŒËÜ›Ù\Ë[™\™ŞWÜÜÚ]]™WØÛÛ[Z][WÛZ[—ÜİLÌŒÌLŒÍNÍŒŒËLLŒËLMLLÍÌÍÍËLÌ‹ŒÎMLNÌŒÍ‹LLËŒLÍMMLMNLNÍKLÍKŒÎLÌŒMLLKNNMÌŒŒLLLNMB”][Ü[KÜ\Ë’TĞKM‹LŒŒËÜ›Ù\Ë[™\™ŞWÜÜÚ]]™WØÛÛ[Z][WÛX^ÜİŒKÌLŒLÌLLËLŒŒÎMMÍLËŒÎMÌÍMÍÍÎËMŒMÎNËŒÎÎNMÍÌÌNL‹Ì‹LŒMLŒÍNM”][Ü[KÜ\Ë’TĞKM‹LŒŒËÜ›Ù\Ë[™\™ŞWÜÜÚ]]™WØÛÛ[Z]˜[™ÙWØXœËLKMLNNLÌÍLMÍËLKŒMÌŒMÌŒMŒ‹‹ŒÎŒLÌŒLLMKLKMLNNLÌÍLMÍËŒÍŒÌLÍÍMNMÌMKLKMLNNLÌÍLMÍÂ”][Ü[KÜ\Ë’TĞKM‹LŒŒËÜ›Ù\Ë[™\™ŞWÜÜÚ]]™WØÛÛ[Z]ØÙØXœË‹ÌMMÎÌŒMKLKŒÍMÍÎMMLËËMLMÌLMÍÍ‹ËMLLNLLMÎK‹NLMMŒÍÍŒÍNLMLÌÎMÍB”][Ü[KÜ\Ë’TĞKM‹LŒŒËÜ›Ù\Ë[™\™ŞWÜÜÚ]]™WØÛÛ[Z]ØÙÜİÌŒÌLŒÍNÍŒŒËLLMÌMŒŒLÌMMKŒNLMŒÎMÍÍ‹Ì‹MNMMMNÍËLKŒÍNÎLLŒ‹ÍKŒÎLÌŒMLLB”ÛÛ[˜K˜]]™YKÔËM‹LŒŒËÜL›Ù\Ë[™\™ŞWÜÜÚ]]™WØÛÛ[Z]—ÛY]šXËLKŒLŒËŒKŒËŒKŒ”ÛÛ[˜K˜]]™YKÔËM‹LŒŒËÜL›Ù\Ë[™\™ŞWÜÜÚ]]™WØÛÛ[Z]YX[‹LŒŒÍÎNMLÌMMLLŒLNLMLŒNÌKLŒNLMÌÌÍÎLMLKŒNNLÍLÌNËLŒLÍŒMMMÌMLKŒÍÌÌÍLÍÌNB”ÛÛ[˜K˜]]™YKÔËM‹LŒŒËÜL›Ù\Ë[™\™ŞWÜÜÚ]]™WØÛÛ[Z]\\—ÜİKŒÍÎNLÌLÌÎMËLKŒLÍLÌŒLLÍLKËŒLÌÍMMŒËNKŒMLNŒÎLÌML‹LLÍNÍNMLM‹ŒKŒLMLLMLÎMÌ‚”ÛÛ[˜K˜]]™YKÔËM‹LŒŒËÜL›Ù\Ë[™\™ŞWÜÜÚ]]™WØÛÛ[Z]Ø[\WÜİÜİL‹ŒÍŒMLÍŒÎLÌÎLLËŒÌNMÍÍŒKÍLÌÌMM‹MKŒÎLÍLÍÍŒÌË‹ÍÍÍÍŒMÍNÎLKMKÍNÌÍNLÎLÌ‚”ÛÛ[˜K˜]]™YKÔËM‹LŒŒËÜL›Ù\Ë[™\™ŞWÜÜÚ]]™WØÛÛ[Z][WÛZ[—ÜİLËÍNMLÎMLŒLLL‹ŒLÌÍŒÌÎMËLKŒLLÌÍMLMËNMÍŒÍÍMŒÍ‹LKÌNNÍÍNMŒËLËŒÌNLŒÍLÌŒÌÂ”ÛÛ[˜K˜]]™YKÔËM‹LŒŒËÜL›Ù\Ë[™\™ŞWÜÜÚ]]™WØÛÛ[Z][WÛX^ÜİLKMŒLÎLLNÎLKLLKŒŒMŒLLLNMÍ‹KÍMÍMÌLMNMÍKMKŒMÎLMŒÍÌMMMËÍLÌMLŒMŒLŒËM‹NLMŒB”ÛÛ[˜K˜]]™YKÔËM‹LŒŒËÜL›Ù\Ë[™\™ŞWÜÜÚ]]™WØÛÛ[Z]˜[™ÙWØXœËŒŒÌÎLMÎLLËMŒLMÌMMMŒÌKÎLÌMÎÎ‹ŒŒÌÎLMÎLNŒŒÎMÌÌÌKŒŒÌÎLMÎL”ÛÛ[˜K˜]]™YKÔËM‹LŒŒËÜL›Ù\Ë[™\™ŞWÜÜÚ]]™WØÛÛ[Z]ØÙØXœË‹MMŒÍÍÎLŒLŒÌMÍËL‹ÌÌÍŒLÌÎLÍNÎLÍMÍLÍŒMKËŒMLÎÌMÌM‹ŒLÍŒMÍŒŒNN‹ËŒŒÎLLNÂ”ÛÛ[˜K˜]]™YKÔËM‹LŒŒËÜL›Ù\Ë[™\™ŞWÜÜÚ]]™WØÛÛ[Z]ØÙÜİËÍNMLÎMLŒLL‹ŒLÌÍŒÌÎMËMÍŒÍÍMŒÍ‹KŒLLÌÍMLLËŒLLÌÍÍMŒÍKÌNNÍÍNMŒÂ”ÛÛ[˜K˜]]™YKÔËM‹LŒŒËÜ›Ù\Ë[™\™ŞWÜÜÚ]]™WØÛÛ[Z]—ÛY]šXËŒLŒŒŒŒŒ”ÛÛ[˜K˜]]™YKÔËM‹LŒŒËÜ›Ù\Ë[™\™ŞWÜÜÚ]]™WØÛÛ[Z]YX[‹”ÛÛ[˜K˜]]™YKÔËM‹LŒŒËÜ›Ù\Ë[™\™ŞWÜÜÚ]]™WØÛÛ[Z]\\—Üİ”ÛÛ[˜K˜]]™YKÔËM‹LŒŒËÜ›Ù\Ë[™\™ŞWÜÜÚ]]™WØÛÛ[Z]Ø[\WÜİÜİ”ÛÛ[˜K˜]]™YKÔËM‹LŒŒËÜ›Ù\Ë[™\™ŞWÜÜÚ]]™WØÛÛ[Z][WÛZ[—Üİ”ÛÛ[˜K˜]]™YKÔËM‹LŒŒËÜ›Ù\Ë[™\™ŞWÜÜÚ]]™WØÛÛ[Z][WÛX^Üİ”ÛÛ[˜K˜]]™YKÔËM‹LŒŒËÜ›Ù\Ë[™\™ŞWÜÜÚ]]™WØÛÛ[Z]˜[™ÙWØXœË”ÛÛ[˜K˜]]™YKÔËM‹LŒŒËÜ›Ù\Ë[™\™ŞWÜÜÚ]]™WØÛÛ[Z]ØÙØXœË”ÛÛ[˜K˜]]™YKÔËM‹LŒŒËÜ›Ù\Ë[™\™ŞWÜÜÚ]]™WØÛÛ[Z]ØÙÜİ”ÛÛ[˜K˜]]™YK’QKM‹LŒŒËÜL›Ù\Ë[™\™ŞWÜÜÚ]]™WØÛÛ[Z]—ÛY]šXËKŒL‹ŒŒŒŒŒ”ÛÛ[˜K˜]]™YK’QKM‹LŒŒËÜL›Ù\Ë[™\™ŞWÜÜÚ]]™WØÛÛ[Z]YX[‹KÎLŒLLLÎKLKŒÍLÌMLÌÌ‹KŒNŒÌLLLÍŒLKLŒÌŒÍMŒÎLMÎLŒŒ‹LNMŒÎNMÎLMŒ‹LLMÎMMÂ”ÛÛ[˜K˜]]™YK’QKM‹LŒŒËÜL›Ù\Ë[™\™ŞWÜÜÚ]]™WØÛÛ[Z]\\—ÜİL‹ÎMLŒÎNLLNNMÌÎMŒŒLÌL‹KŒLMÌLLKMKÍÌÌLLŒ‹MLNLÍŒÌÍKŒKNMÌÍLMŒM‚”ÛÛ[˜K˜]]™YK’QKM‹LŒŒËÜL›Ù\Ë[™\™ŞWÜÜÚ]]™WØÛÛ[Z]Ø[\WÜİÜİLKŒMŒMŒLŒÍÍ‹LLKMMMÎNÌÍÍËKŒLMŒÍLÎMKMŒÌMÎNÌNÌK‹ÌMÌÌÍŒNLËMËÌÍNMÍ”ÛÛ[˜K˜]]™YK’QKM‹LŒŒËÜL›Ù\Ë[™\™ŞWÜÜÚ]]™WØÛÛ[Z][WÛZ[—ÜİLL‹ŒÎMLŒLŒKLLLKŒLÍMLÌŒMNNLNKLMÌŒMŒÎLMMËMKMŒŒŒÎMÍÍŒËLMËŒÍLŒMÎLMLÎKLËŒÌNMŒÍÎMÎMLÍB”ÛÛ[˜K˜]]™YK’QKM‹LŒŒËÜL›Ù\Ë[™\™ŞWÜÜÚ]]™WØÛÛ[Z][WÛX^ÜİLLLLÌMKLŒNMMÌMLÎÍË‹MŒMŒMŒÌNMÍKKMNÌLMÍKËŒŒÎMÍLMÍŒLÌËËŒŒNLNÎNNL‚”ÛÛ[˜K˜]]™YK’QKM‹LŒŒËÜL›Ù\Ë[™\™ŞWÜÜÚ]]™WØÛÛ[Z]˜[™ÙWØXœËËNMŒNMLLNNKLËŒMMÌÍÌŒMÎMNLMËKŒLŒÌŒÎLKËNMŒNMLLNNKŒLÍLŒÎNNLÍÌ‹ËNMŒNMLLNNB”ÛÛ[˜K˜]]™YK’QKM‹LŒŒËÜL›Ù\Ë[™\™ŞWÜÜÚ]]™WØÛÛ[Z]ØÙØXœË‹ÍÍŒLŒLM‹L‹ŒLMÌŒÎMÎMÌŒMÌLÌÌÌÍM‹LLMÎLLLŒLKŒÌŒLŒŒLÎMLMÌM‹‹ŒÌŒŒNLÎMB”ÛÛ[˜K˜]]™YK’QKM‹LŒŒËÜL›Ù\Ë[™\™ŞWÜÜÚ]]™WØÛÛ[Z]ØÙÜİLLLLÌMKLŒNMMÌMLÎÍË‹NMMMLMÌÌNKMNÌLMÍKËNLÌLNNMKËŒŒNLNÎNNL‚”ÛÛ[˜K˜]]™YK’QKM‹LŒŒËÜ›Ù\Ë[™\™ŞWÜÜÚ]]™WØÛÛ[Z]—ÛY]šXËŒLŒŒŒŒŒ”ÛÛ[˜K˜]]™YK’QKM‹LŒŒËÜ›Ù\Ë[™\™ŞWÜÜÚ]]™WØÛÛ[Z]YX[‹”ÛÛ[˜K˜]]™YK’QKM‹LŒŒËÜ›Ù\Ë[™\™ŞWÜÜÚ]]™WØÛÛ[Z]\\—Üİ”ÛÛ[˜K˜]]™YK’QKM‹LŒŒËÜ›Ù\Ë[™\™ŞWÜÜÚ]]™WØÛÛ[Z]Ø[\WÜİÜİ”ÛÛ[˜K˜]]™YK’QKM‹LŒŒËÜ›Ù\Ë[™\™ŞWÜÜÚ]]™WØÛÛ[Z][WÛZ[—Üİ”ÛÛ[˜K˜]]™YK’QKM‹LŒŒËÜ›Ù\Ë[™\™ŞWÜÜÚ]]™WØÛÛ[Z][WÛX^Üİ”ÛÛ[˜K˜]]™YK’QKM‹LŒŒËÜ›Ù\Ë[™\™ŞWÜÜÚ]]™WØÛÛ[Z]˜[™ÙWØXœË”ÛÛ[˜K˜]]™YK’QKM‹LŒŒËÜ›Ù\Ë[™\™ŞWÜÜÚ]]™WØÛÛ[Z]ØÙØXœË”ÛÛ[˜K˜]]™YK’QKM‹LŒŒËÜ›Ù\Ë[™\™ŞWÜÜÚ]]™WØÛÛ[Z]ØÙÜİ”ÛÛ[˜K˜]]™YKĞQSKM‹LŒŒËÜL›Ù\Ë[™\™ŞWÜÜÚ]]™WØÛÛ[Z]—ÛY]šXËL‹ŒLŒŒKŒŒKŒ”ÛÛ[˜K˜]]™YKĞQSKM‹LŒŒËÜL›Ù\Ë[™\™ŞWÜÜÚ]]™WØÛÛ[Z]YX[‹MKÎLLNLÎNL‹LMKÌMNMLÌÌÎMMËMKŒNMLÌŒLNKM‹ŒÍŒNLLŒÍÍKMÍÍMÌMŒÍMM‹MÌMMNLMLMÎÍÂ”ÛÛ[˜K˜]]™YKĞQSKM‹LŒŒËÜL›Ù\Ë[™\™ŞWÜÜÚ]]™WØÛÛ[Z]\\—ÜİNŒLÌMMÎÍÎLMËŒLŒÍÍÎMÍLÍLÍËÍLLÍÌKNKMLMNLŒLMŒLMKMMMÎMNÍÌÌÌKŒŒÌMÍLŒNNL”ÛÛ[˜K˜]]™YKĞQSKM‹LŒŒËÜL›Ù\Ë[™\™ŞWÜÜÚ]]™WØÛÛ[Z]Ø[\WÜİÜİLŒŒLÍLLÍNLLŒNÌŒNŒÎLÌŒÍÍLÌÍLMLËLKÌÍNLÌÍLŒÎLË‹LMLÎMÎKL‹ŒMÎNŒÍÍNLÌÍB”ÛÛ[˜K˜]]™YKĞQSKM‹LŒŒËÜL›Ù\Ë[™\™ŞWÜÜÚ]]™WØÛÛ[Z][WÛZ[—ÜİLLËÌMLÍMMŒKLLL‹ÍÌLÎLMÍÎ‹LMKÌÎNŒÍMNNLËNKŒÍÍÌMÌŒLŒËLMËLŒNLLÎLLNNŒÎMB”ÛÛ[˜K˜]]™YKĞQSKM‹LŒŒËÜL›Ù\Ë[™\™ŞWÜÜÚ]]™WØÛÛ[Z][WÛX^ÜİM‹ŒŒŒLŒLMKLMÌŒMMÌNÍÌÌKKÌÍNLLNM‹NKŒŒLÌŒŒËNMMMMŒLÍ‹ŒKŒŒÎMLÌÎÍLÂ”ÛÛ[˜K˜]]™YKĞQSKM‹LŒŒËÜL›Ù\Ë[™\™ŞWÜÜÚ]]™WØÛÛ[Z]˜[™ÙWØXœËLŒMÍÍMËLŒÌMLÍLŒLNŒKËŒÌMLMŒLŒNL‹LŒMÍÍMË‹MÍŒMÍÌÌLŒMÍÍMÂ”ÛÛ[˜K˜]]™YKĞQSKM‹LŒŒËÜL›Ù\Ë[™\™ŞWÜÜÚ]]™WØÛÛ[Z]ØÙØXœË‹MMMMMLLŒMML‹ŒÍŒÍŒÎLÍMLŒÌ‹KÌMŒÎMK‹LÍÌÍNMÍNÌÌÍ‹KMMŒŒŒMÍÎMKËŒNLÌÍÌMÍÎMÂ”ÛÛ[˜K˜]]™YKĞQSKM‹LŒŒËÜL›Ù\Ë[™\™ŞWÜÜÚ]]™WØÛÛ[Z]ØÙÜİM‹ŒŒŒLŒLMKLMÍŒMLŒËLKŒLLÌLŒNLÎMLŒKNKŒŒLÌŒŒLŒÌÌÌÌNNŒKŒŒÎMLÌÎÍLÂ”ÛÛ[˜K˜]]™YKĞQSKM‹LŒŒËÜ›Ù\Ë[™\™ŞWÜÜÚ]]™WØÛÛ[Z]—ÛY]šXËLËŒLKŒKŒKŒKŒKŒ”ÛÛ[˜K˜]]™YKĞQSKM‹LŒŒËÜ›Ù\Ë[™\™ŞWÜÜÚ]]™WØÛÛ[Z]YX[‹MÌŒÍÌKLMÌŒLLMÍMŒ‹LËÎLLŒLNLŒÌÍKMKMÍLÌMNNMËLËLMŒNNŒÎLÍLKMKNLLÎLLÎLÍÌŒÍÌ‚”ÛÛ[˜K˜]]™YKĞQSKM‹LŒŒËÜ›Ù\Ë[™\™ŞWÜÜÚ]]™WØÛÛ[Z]\\—ÜİÌËŒLŒMÌNÍLKŒMLŒÍÎNKNÌÎÍLNMËÍKÌÎMÍÌÍÌÌÎKLMMMLÍÍÍ‹ÍËŒNNMLMÍÌÍLM”ÛÛ[˜K˜]]™YKĞQSKM‹LŒŒËÜ›Ù\Ë[™\™ŞWÜÜÚ]]™WØÛÛ[Z]Ø[\WÜİÜİM‹NLÌÍMŒLKLM‹ÍNLMŒÌÍKLËŒLÌÌÌLMKNKŒŒLŒLÍNMŒËKÍÍŒŒLŒNKÍÍÍMLLÍB”ÛÛ[˜K˜]]™YKĞQSKM‹LŒŒËÜ›Ù\Ë[™\™ŞWÜÜÚ]]™WØÛÛ[Z][WÛZ[—ÜİLŒÌMMMÍÍNMŒÍËLLŒ‹ÍÍNLŒŒNLŒ‹LËŒÌÍÍÌMÌÍËLNŒMÌŒMMKLKMÎMÌMLŒËLM‹MÍÍÍMMŒŒ‚”ÛÛ[˜K˜]]™YKĞQSKM‹LŒŒËÜ›Ù\Ë[™\™ŞWÜÜÚ]]™WØÛÛ[Z][WÛX^ÜİŒŒÍÌMÍŒŒÎMÌÍKLNKÍŒÌÍNLLŒÌNLKLËLŒÌMÌLNN‹Œ‹LMŒÌLMKŒŒŒÍLMMÌŒNB”ÛÛ[˜K˜]]™YKĞQSKM‹LŒŒËÜ›Ù\Ë[™\™ŞWÜÜÚ]]™WØÛÛ[Z]˜[™ÙWØXœË‹MMŒŒŒNMKL‹ŒÌÍMMKKLNMÌNNMK‹MMŒŒŒNMKÌMÌÍMMLNK‹MMŒŒŒNMB”ÛÛ[˜K˜]]™YKĞQSKM‹LŒŒËÜ›Ù\Ë[™\™ŞWÜÜÚ]]™WØÛÛ[Z]ØÙØXœËËMÎNMŒKLËLLŒLŒÍÌLË‹MMŒMLÍÍÌÎ‹ŒMÌÍÍÍŒÌN‹‹ÌÌMÍŒLÌŒÍÌÌËMNLÌŒŒŒLÌMŒÍÂ”ÛÛ[˜K˜]]™YKĞQSKM‹LŒŒËÜ›Ù\Ë[™\™ŞWÜÜÚ]]™WØÛÛ[Z]ØÙÜİŒÌMMMÍÍNMŒÍËLŒËLLŒÌÍMËŒŒŒÌÌMÎŒÍËËŒÎLÍMMLŒMŒÌÌ‹MËŒÍÍÌÌÍÌŒÍ‹KMÎMÌMLŒÂ”ÛÛ[˜K˜]]™YKØ[Z[™ËM‹LŒŒËÜL›Ù\Ë[™\™ŞWÜÜÚ]]™WØÛÛ[Z]—ÛY]šXËKŒLËŒ‹ŒŒ‹ŒKŒ”ÛÛ[˜K˜]]™YKØ[Z[™ËM‹LŒŒËÜL›Ù\Ë[™\™ŞWÜÜÚ]]™WØÛÛ[Z]YX[‹ŒÎÍMMŒLÎLŒLŒŒLLËNKNMMLNNMÍÌLŒKŒÍMLMLÍ‹NKŒNÎNLÍÍMLKŒ‹LŒÌMÌLÍMÂ”ÛÛ[˜K˜]]™YKØ[Z[™ËM‹LŒŒËÜL›Ù\Ë[™\™ŞWÜÜÚ]]™WØÛÛ[Z]\\—ÜİŒKÎÌMMMLÎLLKLNKNNŒÍÍLÍÌM‹ÌMLMÎMŒLÎMLL‹ËNÍŒMMŒÍËMNMNNLÌÎÌKŒÍŒŒMNŒMÍÂ”ÛÛ[˜K˜]]™YKØ[Z[™ËM‹LŒŒËÜL›Ù\Ë[™\™ŞWÜÜÚ]]™WØÛÛ[Z]Ø[\WÜİÜİMŒÎŒMÍŒÌLMÌLMŒLMÍLÍMNLËKNLMLLÍKM‹NMÌLÌŒMK‹ÍLŒÍÍÍMLËMËÌÌŒÍLÍÎMNM”ÛÛ[˜K˜]]™YKØ[Z[™ËM‹LŒŒËÜL›Ù\Ë[™\™ŞWÜÜÚ]]™WØÛÛ[Z][WÛZ[—ÜİLŒLNLÌNÍÍÎLLNKLLNMÍŒLÎLŒMÍÍÌLÍÌËLMKNMŒLÌMÍKLMŒÌŒMNŒËNKŒÌÎŒÎLÍLŒLÍ”ÛÛ[˜K˜]]™YKØ[Z[™ËM‹LŒŒËÜL›Ù\Ë[™\™ŞWÜÜÚ]]™WØÛÛ[Z][WÛX^ÜİMËŒÍMLNLÍLLMÎËLM‹ÍÎMÍÎLÎKLKŒNMMÍÍŒÌÍŒ‹ŒÍMÎMÌ‹ŒÍŒLLÍÌMËŒËLMMNMÌM”ÛÛ[˜K˜]]™YKØ[Z[™ËM‹LŒŒËÜL›Ù\Ë[™\™ŞWÜÜÚ]]™WØÛÛ[Z]˜[™ÙWØXœËËLMŒMMÎMŒÍKLËLMŒMMÎMŒÍKKMÍLMNŒLËËLMŒMMÎMŒÍKËMÍÌÌÍNMÍLLKËLMŒMMÎMŒÍB”ÛÛ[˜K˜]]™YKØ[Z[™ËM‹LŒŒËÜL›Ù\Ë[™\™ŞWÜÜÚ]]™WØÛÛ[Z]ØÙØXœËŒÌÍÍŒNMÌNLLKLŒNMÍMŒLŒMËËŒŒLLMÍŒMÎKŒMÎMÌNMŒLÌK‹ŒLLÍMLÌMŒKKMNŒMMÌÂ”ÛÛ[˜K˜]]™YKØ[Z[™ËM‹LŒŒËÜL›Ù\Ë[™\™ŞWÜÜÚ]]™WØÛÛ[Z]ØÙÜİŒLNLÌNÍÍÎLŒÌÍÌLŒÌŒKM‹ŒLÍŒMŒÍLNŒMKŒMÍÍÌLÍMKKŒÌÎŒÎLÍLŒLÍMŒÌŒMNŒÂ”ÛÛ[˜K˜]]™YKØ[Z[™ËM‹LŒŒËÜ›Ù\Ë[™\™ŞWÜÜÚ]]™WØÛÛ[Z]—ÛY]šXËŒLŒŒŒŒŒ”ÛÛ[˜K˜]]™YKØ[Z[™ËM‹LŒŒËÜ›Ù\Ë[™\™ŞWÜÜÚ]]™WØÛÛ[Z]YX[‹”ÛÛ[˜K˜]]™YKØ[Z[™ËM‹LŒŒËÜ›Ù\Ë[™\™ŞWÜÜÚ]]™WØÛÛ[Z]\\—Üİ”ÛÛ[˜K˜]]™YKØ[Z[™ËM‹LŒŒËÜ›Ù\Ë[™\™ŞWÜÜÚ]]™WØÛÛ[Z]Ø[\WÜİÜİ”ÛÛ[˜K˜]]™YKØ[Z[™ËM‹LŒŒËÜ›Ù\Ë[™\™ŞWÜÜÚ]]™WØÛÛ[Z][WÛZ[—Üİ”ÛÛ[˜K˜]]™YKØ[Z[™ËM‹LŒŒËÜ›Ù\Ë[™\™ŞWÜÜÚ]]™WØÛÛ[Z][WÛX^Üİ”ÛÛ[˜K˜]]™YKØ[Z[™ËM‹LŒŒËÜ›Ù\Ë[™\™ŞWÜÜÚ]]™WØÛÛ[Z]˜[™ÙWØXœË”ÛÛ[˜K˜]]™YKØ[Z[™ËM‹LŒŒËÜ›Ù\Ë[™\™ŞWÜÜÚ]]™WØÛÛ[Z]ØÙØXœË”ÛÛ[˜K˜]]™YKØ[Z[™ËM‹LŒŒËÜ›Ù\Ë[™\™ŞWÜÜÚ]]™WØÛÛ[Z]ØÙÜİ”ÛÛ[˜K˜]]™YK^T[M‹LŒŒËÜL›Ù\Ë[™\™ŞWÜÜÚ]]™WØÛÛ[Z]—ÛY]šXËËŒLKŒËŒ‹ŒËŒËŒ”ÛÛ[˜K˜]]™YK^T[M‹LŒŒËÜL›Ù\Ë[™\™ŞWÜÜÚ]]™WØÛÛ[Z]YX[‹ŒKŒŒMŒŒÌNÌÌÍ‹LŒKŒŒMŒŒÌNÌÌÍ‹ŒŒÌÌNMÎÎÌL‹Œ‹ÌÎLNNÌÍNKNKMLLÍŒLMLM‹Œ‹MÌMNMÍ‚”ÛÛ[˜K˜]]™YK^T[M‹LŒŒËÜL›Ù\Ë[™\™ŞWÜÜÚ]]™WØÛÛ[Z]\\—ÜİLŒÍLÌLŒÌLMËLËÌÍÍÌŒLŒÎMMLŒŒÌMŒNLMÎMMËNÌMLÌKŒMNMMÌÌLÍKNLLŒÎÍNLÌL‚”ÛÛ[˜K˜]]™YK^T[M‹LŒŒËÜL›Ù\Ë[™\™ŞWÜÜÚ]]™WØÛÛ[Z]Ø[\WÜİÜİÌÌÍÍMÍLKLKŒMNLMŒNÍÌ‹ŒŒÍÌÌÌMLŒÎNMÍÍËLKNŒLÍŒÌMMÎKŒMŒÌMŒMŒÍLËLËŒNÌÎÎNMÍMÌLÂ”ÛÛ[˜K˜]]™YK^T[M‹LŒŒËÜL›Ù\Ë[™\™ŞWÜÜÚ]]™WØÛÛ[Z][WÛZ[—ÜİLL‹ŒÎLÌÍËLLLKLÌÎÍŒŒNNÌËLMŒŒŒMNLÎNKL‹ŒÍLÎŒLÍNLÍMKLMŒMMÍMŒMÍMËLŒMÍÌÍLŒÍ”ÛÛ[˜K˜]]™YK^T[M‹LŒŒËÜL›Ù\Ë[™\™ŞWÜÜÚ]]™WØÛÛ[Z][WÛX^ÜİKŒÍÎLÌLMÍNMÍËLËÌLLÍMLÌLÍÌËËŒÍŒMLÍMŒNNŒËL‹ŒÍÎMÌÌNNÍKŒMLÌMLÌLŒÍ‹MKŒŒŒMLMMN”ÛÛ[˜K˜]]™YK^T[M‹LŒŒËÜL›Ù\Ë[™\™ŞWÜÜÚ]]™WØÛÛ[Z]˜[™ÙWØXœËÌMLLÍÎLŒÎMŒLNKLMLŒNMLL‹KŒŒÌÌMÌNLÍËÌMLLÍÎLŒÎMŒLNKŒÌŒMMMŒÌŒMMKÌMLLÍÎLŒÎMŒLNB”ÛÛ[˜K˜]]™YK^T[M‹LŒŒËÜL›Ù\Ë[™\™ŞWÜÜÚ]]™WØÛÛ[Z]ØÙØXœË‹MÌNNNLMÎL‹NLŒLŒNMMKÍÍŒMÍÍÎMÍKËŒLÌÎLMLÍMÌÌLŒŒŒËŒÎMÍMLNNMËŒMMÌMLMB”ÛÛ[˜K˜]]™YK^T[M‹LŒŒËÜL›Ù\Ë[™\™ŞWÜÜÚ]]™WØÛÛ[Z]ØÙÜİL‹ŒÎLÌÍËLL‹ŒÌŒŒMLÌMÎÌÌKËŒÍŒMLÍMŒNNŒËMŒŒŒMNLÎNKŒMÍÌÍLŒÍMKŒŒŒMLMMN”ÛÛ[˜K˜]]™YK^T[M‹LŒŒËÜ›Ù\Ë[™\™ŞWÜÜÚ]]™WØÛÛ[Z]—ÛY]šXË‹ŒLKŒŒ‹ŒŒ‹Œ”ÛÛ[˜K˜]]™YK^T[M‹LŒŒËÜ›Ù\Ë[™\™ŞWÜÜÚ]]™WØÛÛ[Z]YX[‹‹ÍLLÍŒŒM‹ÍLLÍŒ‹ŒÎÍŒŒMMMLË‹LMLŒŒLŒMË‹ŒÎÍŒŒMMMLË‹LMLŒŒLŒMÂ”ÛÛ[˜K˜]]™YK^T[M‹LŒŒËÜ›Ù\Ë[™\™ŞWÜÜÚ]]™WØÛÛ[Z]\\—ÜİLÌMMÌLÌNNKŒMŒŒLÌMMÌLÌNNKŒLÌMMÌLÌNNB”ÛÛ[˜K˜]]™YK^T[M‹LŒŒËÜ›Ù\Ë[™\™ŞWÜÜÚ]]™WØÛÛ[Z]Ø[\WÜİÜİÍLMÌMÍÍŒMNŒKŒMËÍLMÌMÍÍŒMNŒKÍLMÌMÍÍŒMNŒKÍLMÌMÍÍŒMNŒKÍLMÌMÍÍŒMNŒKÍLMÌMÍÍŒMNŒB”ÛÛ[˜K˜]]™YK^T[M‹LŒŒËÜ›Ù\Ë[™\™ŞWÜÜÚ]]™WØÛÛ[Z][WÛZ[—ÜİLLÌMMÌLÌNNKŒMŒLLÌMMÌLÌNNKŒLLÌMMÌLÌNNKŒ”ÛÛ[˜K˜]]™YK^T[M‹LŒŒËÜ›Ù\Ë[™\™ŞWÜÜÚ]]™WØÛÛ[Z][WÛX^ÜİLÌMMÌLÌNNMKŒMŒŒLÌMMÌLÌNNMKŒLÌMMÌLÌNNMB”ÛÛ[˜K˜]]™YK^T[M‹LŒŒËÜ›Ù\Ë[™\™ŞWÜÜÚ]]™WØÛÛ[Z]˜[™ÙWØXœËŒMLÍMÎLMÌMËŒMŒŒŒMLÍMÎLMÌMËŒŒMLÍMÎLMÌMÂ”ÛÛ[˜K˜]]™YK^T[M‹LŒŒËÜ›Ù\Ë[™\™ŞWÜÜÚ]]™WØÛÛ[Z]ØÙØXœËŒMŒÍÎMLM‹ŒMŒŒŒMŒÍÎMLM‹ŒŒMŒÍÎMLM‚”ÛÛ[˜K˜]]™YK^T[M‹LŒŒËÜ›Ù\Ë[™\™ŞWÜÜÚ]]™WØÛÛ[Z]ØÙÜİLÌMMÌLÌNNMKŒMŒŒLÌMMÌLÌNNMKŒLÌMMÌLÌNNMB”ÛÛ[˜K˜]]™YK’TĞKM‹LŒŒËÜL›Ù\Ë[™\™ŞWÜÜÚ]]™WØÛÛ[Z]—ÛY]šXËLŒLËŒ‹ŒŒ‹ŒKŒ”ÛÛ[˜K˜]]™YK’TĞKM‹LŒŒËÜL›Ù\Ë[™\™ŞWÜÜÚ]]™WØÛÛ[Z]YX[‹ŒËNMÎNÌÌÍLŒËLŒŒŒNÍŒÌMNŒ‹NNMMLÍÍMŒÍLÌÌMÎMÎMM‹Œ‹ŒÎMÍÎMN‹MÍLLMÍ”ÛÛ[˜K˜]]™YK’TĞKM‹LŒŒËÜL›Ù\Ë[™\™ŞWÜÜÚ]]™WØÛÛ[Z]\\—ÜİLËMŒÌËLL‹ŒLŒÎLŒLL‹ËŒÍÌMNÌLŒMKM‹ŒŒMŒÎÍNÌMK‹ÍŒLŒMMŒÌŒËMËŒÌMÌMÌÌÍÂ”ÛÛ[˜K˜]]™YK’TĞKM‹LŒŒËÜL›Ù\Ë[™\™ŞWÜÜÚ]]™WØÛÛ[Z]Ø[\WÜİÜİKÍÌLLMKLLŒLNÌÎMNMÍKÍNÌMNNËLKMÌNL‹‹ŒMÌŒÍÍLL‹ŒLNÍLMMÌNB”ÛÛ[˜K˜]]™YK’TĞKM‹LŒŒËÜL›Ù\Ë[™\™ŞWÜÜÚ]]™WØÛÛ[Z][WÛZ[—ÜİLNKŒŒŒLÍŒMÍÎNLKLLMËŒÍMÌÍŒMŒLÍ‹LŒLLÌŒMLNÎÌŒMŒÍÍŒNMŒLŒKLMLNM‹L‹ŒMNLÍLM”ÛÛ[˜K˜]]™YK’TĞKM‹LŒŒËÜL›Ù\Ë[™\™ŞWÜÜÚ]]™WØÛÛ[Z][WÛX^ÜİKMÍÍMLÌMÍËLKŒLMÍŒÌÌMKÍMMÍÌÍMÍKL‹LLNLMMMŒN‹ÌŒLŒÎMŒMMMMMŒÌL‚”ÛÛ[˜K˜]]™YK’TĞKM‹LŒŒËÜL›Ù\Ë[™\™ŞWÜÜÚ]]™WØÛÛ[Z]˜[™ÙWØXœË‹ÌMÌŒLNLŒL‹L‹ŒÎÎMÍŒÍÌÍLL‹ËMŒLÌNË‹ÌMÌŒLNLŒL‹KŒÎLMÌŒÎMÍÎ‹ÌMÌŒLNLŒL‚”ÛÛ[˜K˜]]™YK’TĞKM‹LŒŒËÜL›Ù\Ë[™\™ŞWÜÜÚ]]™WØÛÛ[Z]ØÙØXœËLŒÍMÌLLÍÌÌ‹LŒŒŒMÎLÍÎÍ‹‹ŒÍŒŒŒMÍŒ‹LLŒÍÍLŒMKÌLŒŒÎŒKKŒMÌŒML‚”ÛÛ[˜K˜]]™YK’TĞKM‹LŒŒËÜL›Ù\Ë[™\™ŞWÜÜÚ]]™WØÛÛ[Z]ØÙÜİNKŒŒŒLÍŒMÍÎNLKLMËŒÍMÌÍŒMŒLÍ‹MÍNLÌÍËŒLLÌŒML‹ŒMNLÍLMŒKLMLNM‚”ÛÛ[˜K˜]]™YK’TĞKM‹LŒŒËÜ›Ù\Ë[™\™ŞWÜÜÚ]]™WØÛÛ[Z]—ÛY]šXËŒLŒŒŒŒŒ”ÛÛ[˜K˜]]™YK’TĞKM‹LŒŒËÜ›Ù\Ë[™\™ŞWÜÜÚ]]™WØÛÛ[Z]YX[‹”ÛÛ[˜K˜]]™YK’TĞKM‹LŒŒËÜ›Ù\Ë[™\™ŞWÜÜÚ]]™WØÛÛ[Z]\\—Üİ”ÛÛ[˜K˜]]™YK’TĞKM‹LŒŒËÜ›Ù\Ë[™\™ŞWÜÜÚ]]™WØÛÛ[Z]Ø[\WÜİÜİ”ÛÛ[˜K˜]]™YK’TĞKM‹LŒŒËÜ›Ù\Ë[™\™ŞWÜÜÚ]]™WØÛÛ[Z][WÛZ[—Üİ”ÛÛ[˜K˜]]™YK’TĞKM‹LŒŒËÜ›Ù\Ë[™\™ŞWÜÜÚ]]™WØÛÛ[Z][WÛX^Üİ”ÛÛ[˜K˜]]™YK’TĞKM‹LŒŒËÜ›Ù\Ë[™\™ŞWÜÜÚ]]™WØÛÛ[Z]˜[™ÙWØXœË”ÛÛ[˜K˜]]™YK’TĞKM‹LŒŒËÜ›Ù\Ë[™\™ŞWÜÜÚ]]™WØÛÛ[Z]ØÙØXœË”ÛÛ[˜K˜]]™YK’TĞKM‹LŒŒËÜ›Ù\Ë[™\™ŞWÜÜÚ]]™WØÛÛ[Z]ØÙÜİ”ÛÛ[˜K[Y\ÚÔËM‹LŒŒËÜL›Ù\Ë[™\™ŞWÜÜÚ]]™WØÛÛ[Z]—ÛY]šXËL‹ŒLŒËŒKŒËŒKŒ”ÛÛ[˜K[Y\ÚÔËM‹LŒŒËÜL›Ù\Ë[™\™ŞWÜÜÚ]]™WØÛÛ[Z]YX[‹LŒÍMMNLLŒÌÌÍÍMŒŒÎKLLÌŒŒŒÍNLMLËLKŒMÌLMÌMMŒËKNÌŒÌÍÌËLKMÌÎMM”ÛÛ[˜K[Y\ÚÔËM‹LŒŒËÜL›Ù\Ë[™\™ŞWÜÜÚ]]™WØÛÛ[Z]\\—ÜİŒLÌŒŒLMÎLÌŒŒKLNNMNŒÎŒÍKMŒNMLÌÎLLÍ‹‹ŒÍŒMLMŒŒÍNKÌNMMM‹KŒMMNÌLŒLÍ”ÛÛ[˜K[Y\ÚÔËM‹LŒŒËÜL›Ù\Ë[™\™ŞWÜÜÚ]]™WØÛÛ[Z]Ø[\WÜİÜİL‹NMNŒMŒKLL‹NMLÍÎMŒLLÎM‹KŒÍÌÍÎÌÌNÍÎMLÌMLMÌŒ‹KŒMMŒÌNNLŒKM‹ŒMMNÌNMLL‚”ÛÛ[˜K[Y\ÚÔËM‹LŒŒËÜL›Ù\Ë[™\™ŞWÜÜÚ]]™WØÛÛ[Z][WÛZ[—ÜİLM‹ÌÍŒÌŒÍŒLŒŒ‹LLM‹ŒŒÎLNMÍMÍL‹LŒŒNNÍLŒ‹LLKLŒMÎLÍÎMNMÍKLŒKLNLMLMËŒLÌLÎLÍÎM‚”ÛÛ[˜K[Y\ÚÔËM‹LŒŒËÜL›Ù\Ë[™\™ŞWÜÜÚ]]™WØÛÛ[Z][WÛX^ÜİMËŒÌMÌLMMMÌËLM‹ŒMNMÍÌNLÌLMŒÎLMŒÍÎKŒ‹ŒŒŒŒÍÌLÌËËŒMLMÌÍNKKÍÎMLML‚”ÛÛ[˜K[Y\ÚÔËM‹LŒŒËÜL›Ù\Ë[™\™ŞWÜÜÚ]]™WØÛÛ[Z]˜[™ÙWØXœËËMMÌŒLMÎNNLËÍMMÎMŒŒLŒË‹ŒŒÌMLÍÎŒËËMMÌŒLMÎNNKÎMÎMŒÌNLŒËMMÌŒLMÎNN”ÛÛ[˜K[Y\ÚÔËM‹LŒŒËÜL›Ù\Ë[™\™ŞWÜÜÚ]]™WØÛÛ[Z]ØÙØXœËKMLŒMÍMŒÍLËLKNNLŒMŒÍMÍKKŒÎÌÎLMLÌMM‹‹ŒMLÍÌŒMÌÍÌKMLMMMLÍ‹‹ÌÍLMMÂ”ÛÛ[˜K[Y\ÚÔËM‹LŒŒËÜL›Ù\Ë[™\™ŞWÜÜÚ]]™WØÛÛ[Z]ØÙÜİMËŒÌMÌLMMMÌËLMËMMŒLÌÎLËLËMÍMÍMLNŒ‹ŒŒŒŒÍÌLÌËËŒLŒÍÍÍ‹KÍÎMLML‚”ÛÛ[˜K[Y\ÚÔËM‹LŒŒËÜ›Ù\Ë[™\™ŞWÜÜÚ]]™WØÛÛ[Z]—ÛY]šXËŒLŒŒŒŒŒ”ÛÛ[˜K[Y\ÚÔËM‹LŒŒËÜ›Ù\Ë[™\™ŞWÜÜÚ]]™WØÛÛ[Z]YX[‹”ÛÛ[˜K[Y\ÚÔËM‹LŒŒËÜ›Ù\Ë[™\™ŞWÜÜÚ]]™WØÛÛ[Z]\\—Üİ”ÛÛ[˜K[Y\ÚÔËM‹LŒŒËÜ›Ù\Ë[™\™ŞWÜÜÚ]]™WØÛÛ[Z]Ø[\WÜİÜİ”ÛÛ[˜K[Y\ÚÔËM‹LŒŒËÜ›Ù\Ë[™\™ŞWÜÜÚ]]™WØÛÛ[Z][WÛZ[—Üİ”ÛÛ[˜K[Y\ÚÔËM‹LŒŒËÜ›Ù\Ë[™\™ŞWÜÜÚ]]™WØÛÛ[Z][WÛX^Üİ”ÛÛ[˜K[Y\ÚÔËM‹LŒŒËÜ›Ù\Ë[™\™ŞWÜÜÚ]]™WØÛÛ[Z]˜[™ÙWØXœË”ÛÛ[˜K[Y\ÚÔËM‹LŒŒËÜ›Ù\Ë[™\™ŞWÜÜÚ]]™WØÛÛ[Z]ØÙØXœË”ÛÛ[˜K[Y\ÚÔËM‹LŒŒËÜ›Ù\Ë[™\™ŞWÜÜÚ]]™WØÛÛ[Z]ØÙÜİ”ÛÛ[˜K[Y\Ú’QKM‹LŒŒËÜL›Ù\Ë[™\™ŞWÜÜÚ]]™WØÛÛ[Z]—ÛY]šXËLËŒLKŒKŒKŒKŒKŒ”ÛÛ[˜K[Y\Ú’QKM‹LŒŒËÜL›Ù\Ë[™\™ŞWÜÜÚ]]™WØÛÛ[Z]YX[‹KŒNLÌÌLŒLËLKŒMÍMÌNMKÌŒÍMLÌŒÍMËKLLÌÎKLŒMÌŒNNNMÎLŒŒMÍMÍÍÌMÍLÂ”ÛÛ[˜K[Y\Ú’QKM‹LŒŒËÜL›Ù\Ë[™\™ŞWÜÜÚ]]™WØÛÛ[Z]\\—ÜİNŒŒŒŒÎNÌMËLMËÎÌŒMÌLNKŒMÍMÌ‹ÌËMÍÎNLÎMŒNL‹KŒLMÍMŒÌÌÍÍÌLLÍÌÌÌNM”ÛÛ[˜K[Y\Ú’QKM‹LŒŒËÜL›Ù\Ë[™\™ŞWÜÜÚ]]™WØÛÛ[Z]Ø[\WÜİÜİNÍÌŒÍLÌŒNMÍ‹LNKMLÌÌÍMLMÌÌNL‹NÎNÍÍMŒ‹LÎLŒLLÍMMNM‹MŒMÌNLLMÍÍËŒËŒMLLŒLLMNLŒL‚”ÛÛ[˜K[Y\Ú’QKM‹LŒŒËÜL›Ù\Ë[™\™ŞWÜÜÚ]]™WØÛÛ[Z][WÛZ[—ÜİLÎKŒMÌM‹LLÍËŒNLMÍÍMLNM‹MKŒMÌMÌLŒ‹LŒNLLLMËM‹ÍÍLÌŒMÎMŒKLLMMÎLMNÍÂ”ÛÛ[˜K[Y\Ú’QKM‹LŒŒËÜL›Ù\Ë[™\™ŞWÜÜÚ]]™WØÛÛ[Z][WÛX^ÜİKÌÌÍÌLÌLMÎLËLŒMLLLNMLÌKMKŒÎMÌÍÎMÌ‹ŒŒŒNÌLÍËLŒÌLNÌÍÍNÌËLÍŒÎLLLŒN”ÛÛ[˜K[Y\Ú’QKM‹LŒŒËÜL›Ù\Ë[™\™ŞWÜÜÚ]]™WØÛÛ[Z]˜[™ÙWØXœË‹ŒLÍÍMŒÍMËLKLÎMMLMNÌLMŒKËŒÌŒŒMLLÌŒMLË‹ŒLÍÍMŒÍMË‹LLÍÎMLŒÍLLË‹ŒLÍÍMŒÍMÂ”ÛÛ[˜K[Y\Ú’QKM‹LŒŒËÜL›Ù\Ë[™\™ŞWÜÜÚ]]™WØÛÛ[Z]ØÙØXœËËLNŒÌLMËLËŒÌÌLÌMÎMMMK‹ŒNLŒLŒÌÍŒNMÍËËMMÍÍMMMÌÍMÍ‹KMLLŒMLÌ‹ŒŒLŒMMÎLÂ”ÛÛ[˜K[Y\Ú’QKM‹LŒŒËÜL›Ù\Ë[™\™ŞWÜÜÚ]]™WØÛÛ[Z]ØÙÜİÎKŒMÌM‹LÍËŒNLMÍÍMLNM‹Œ‹LŒNLLLMËKŒMÌMÌLËÎMŒNNLÎMÍLÎMK‹ÍÍLÌŒMÎMŒB”ÛÛ[˜K[Y\Ú’QKM‹LŒŒËÜ›Ù\Ë[™\™ŞWÜÜÚ]]™WØÛÛ[Z]—ÛY]šXËŒLŒŒŒŒŒ”ÛÛ[˜K[Y\Ú’QKM‹LŒŒËÜ›Ù\Ë[™\™ŞWÜÜÚ]]™WØÛÛ[Z]YX[‹”ÛÛ[˜K[Y\Ú’QKM‹LŒŒËÜ›Ù\Ë[™\™ŞWÜÜÚ]]™WØÛÛ[Z]\\—Üİ”ÛÛ[˜K[Y\Ú’QKM‹LŒŒËÜ›Ù\Ë[™\™ŞWÜÜÚ]]™WØÛÛ[Z]Ø[\WÜİÜİ”ÛÛ[˜K[Y\Ú’QKM‹LŒŒËÜ›Ù\Ë[™\™ŞWÜÜÚ]]™WØÛÛ[Z][WÛZ[—Üİ”ÛÛ[˜K[Y\Ú’QKM‹LŒŒËÜ›Ù\Ë[™\™ŞWÜÜÚ]]™WØÛÛ[Z][WÛX^Üİ”ÛÛ[˜K[Y\Ú’QKM‹LŒŒËÜ›Ù\Ë[™\™ŞWÜÜÚ]]™WØÛÛ[Z]˜[™ÙWØXœË”ÛÛ[˜K[Y\Ú’QKM‹LŒŒËÜ›Ù\Ë[™\™ŞWÜÜÚ]]™WØÛÛ[Z]ØÙØXœË”ÛÛ[˜K[Y\Ú’QKM‹LŒŒËÜ›Ù\Ë[™\™ŞWÜÜÚ]]™WØÛÛ[Z]ØÙÜİ”ÛÛ[˜K[Y\ÚĞQSKM‹LŒŒËÜL›Ù\Ë[™\™ŞWÜÜÚ]]™WØÛÛ[Z]—ÛY]šXËLËŒLKŒKŒKŒKŒKŒ”ÛÛ[˜K[Y\ÚĞQSKM‹LŒŒËÜL›Ù\Ë[™\™ŞWÜÜÚ]]™WØÛÛ[Z]YX[‹MÍMŒMŒÎLÍÎÍKLMÍÌLMNLÌNMÌ‹LËMLLMÌMMŒÎMKMŒÍËLËÎLÍLŒÌMÍ‹MKÍŒÌÍMŒLŒÍ”ÛÛ[˜K[Y\ÚĞQSKM‹LŒŒËÜL›Ù\Ë[™\™ŞWÜÜÚ]]™WØÛÛ[Z]\\—ÜİM‹ÍNÍÍMÍ‹LM‹NLŒLMLNLL‹ŒMMÍÌNMÎKMÎMŒÎLMÍÎËMÌÍŒŒÌŒLLÌM‹KÌŒÍŒNMNLÂ”ÛÛ[˜K[Y\ÚĞQSKM‹LŒŒËÜL›Ù\Ë[™\™ŞWÜÜÚ]]™WØÛÛ[Z]Ø[\WÜİÜİMNŒÍNNL‹LMÎMÍNLMÌNLKLŒLÌÌÌMÌNNMŒËMËŒÍMLMNNLÌKËŒNÌMNMÍÎMKMËŒLÎMÍÍÌÌÎM‚”ÛÛ[˜K[Y\ÚĞQSKM‹LŒŒËÜL›Ù\Ë[™\™ŞWÜÜÚ]]™WØÛÛ[Z][WÛZ[—ÜİLŒ‹ÍMNLŒŒŒÌÌMËLLŒKNLLMÍMÌMLKŒŒÌŒÎLÌŒËLMËŒŒÎLNÍLML‹NLMMLÎMN‹LLLŒÍNMŒÌL‚”ÛÛ[˜K[Y\ÚĞQSKM‹LŒŒËÜL›Ù\Ë[™\™ŞWÜÜÚ]]™WØÛÛ[Z][WÛX^ÜİËŒÌŒŒÎÍÎLŒÎÌÍŒNMLLNNKLKÍNÌŒLMMÎÌKŒŒÌLÍMNL‹ŒMŒŒÌÍŒLMLÌÌËÌËŒÎÌLÍŒNNNB”ÛÛ[˜K[Y\ÚĞQSKM‹LŒŒËÜL›Ù\Ë[™\™ŞWÜÜÚ]]™WØÛÛ[Z]˜[™ÙWØXœËËŒÍNMÍMÌMLŒÍKLËŒLÍÍMŒMŒÌ‹ŒLÍMNLÍÍËŒÍNMÍMÌMLŒÍK‹MÍÌŒNLÌÍÎËËŒÍNMÍMÌMLŒÍB”ÛÛ[˜K[Y\ÚĞQSKM‹LŒŒËÜL›Ù\Ë[™\™ŞWÜÜÚ]]™WØÛÛ[Z]ØÙØXœËŒÌMMMNŒKLËÌÍŒÎLÍÎÎÎM‹‹MÎLLŒNLMÍNMKÌLŒÍŒŒÎKNNLÌNÌMÌËÌŒŒNM”ÛÛ[˜K[Y\ÚĞQSKM‹LŒŒËÜL›Ù\Ë[™\™ŞWÜÜÚ]]™WØÛÛ[Z]ØÙÜİËŒÌŒŒÎÍÎLÌNNL‹NŒLÌMÎMÌKŒŒÌLÍMNL‹LLŒÍNMŒÌL‹ÌËŒÎÌLÍŒNNNB”ÛÛ[˜K[Y\ÚĞQSKM‹LŒŒËÜ›Ù\Ë[™\™ŞWÜÜÚ]]™WØÛÛ[Z]—ÛY]šXËLËŒLKŒKŒKŒKŒKŒ”ÛÛ[˜K[Y\ÚĞQSKM‹LŒŒËÜ›Ù\Ë[™\™ŞWÜÜÚ]]™WØÛÛ[Z]YX[‹MNMLÍÎŒNMËLMMÌŒLLŒÌKMŒÌLÌŒÌËMKŒNMÍLÍŒÎMLËMŒŒNMŒÌÌŒMKMKŒÎŒÌÌLÌÎL‚”ÛÛ[˜K[Y\ÚĞQSKM‹LŒŒËÜ›Ù\Ë[™\™ŞWÜÜÚ]]™WØÛÛ[Z]\\—ÜİL‹ŒLŒŒLÌËLLŒMMLŒÎLLËËLNŒŒMÌÎL‹ŒÍŒNMÌKŒÍMÎŒŒLNKL‹ÎÌLLMŒB”ÛÛ[˜K[Y\ÚĞQSKM‹LŒŒËÜ›Ù\Ë[™\™ŞWÜÜÚ]]™WØÛÛ[Z]Ø[\WÜİÜİLŒMMMŒŒMLMŒŒNLLÌÍLÍŒLÎLŒŒKMÌMMŒLKNMÌÍÎMM‹MÍŒLÎKL‹ŒLMÌÎMÎLÍ‚”ÛÛ[˜K[Y\ÚĞQSKM‹LŒŒËÜ›Ù\Ë[™\™ŞWÜÜÚ]]™WØÛÛ[Z][WÛZ[—ÜİLLKŒLŒLÌMNLLÍÍËLLLŒÎMLÌÎLŒÌMËLLËŒMNLNŒLNLŒMËŒNÍMŒMMNKLLËLMŒMÍNMÍÌKMKŒNNŒÍLLM”ÛÛ[˜K[Y\ÚĞQSKM‹LŒŒËÜ›Ù\Ë[™\™ŞWÜÜÚ]]™WØÛÛ[Z][WÛX^ÜİKŒNLÍÎÎMLLLKLŒËŒMNNNNM‹ŒNLÍÎLŒNLMË‹MNÌLÌNÍMM‹ËŒÌŒNMÎNÎÌËMÌLÌMÌNNNB”ÛÛ[˜K[Y\ÚĞQSKM‹LŒŒËÜ›Ù\Ë[™\™ŞWÜÜÚ]]™WØÛÛ[Z]˜[™ÙWØXœËKŒÍÌÍÌLLÌŒÍKLKŒÍÌLÌNMK‹ŒÍÌNMÌÍŒNMÍMËKŒÍÌÍÌLLÌŒÍKKMÎMŒÍËKŒÍÌÍÌLLÌŒÍB”ÛÛ[˜K[Y\ÚĞQSKM‹LŒŒËÜ›Ù\Ë[™\™ŞWÜÜÚ]]™WØÛÛ[Z]ØÙØXœËËÌÌÌŒÍNŒMÍ‹LËÍŒMMÎKŒNÌŒNMMËËLÍLNMŒÌMÌÎMKŒŒLNÎL‹ŒLNNMMMLÌÎMB”ÛÛ[˜K[Y\ÚĞQSKM‹LŒŒËÜ›Ù\Ë[™\™ŞWÜÜÚ]]™WØÛÛ[Z]ØÙÜİKŒNLÍÎÎMLLLKLŒËŒMNNNNM‹ŒÍMLÌMMMŒÌË‹MNÌLÌNÍMM‹ËŒÌŒNMÎNÎÌËMÌLÌMÌNNNB”ÛÛ[˜K[Y\ÚØ[Z[™ËM‹LŒŒËÜL›Ù\Ë[™\™ŞWÜÜÚ]]™WØÛÛ[Z]—ÛY]šXËMKŒLŒŒKŒŒKŒ”ÛÛ[˜K[Y\ÚØ[Z[™ËM‹LŒŒËÜL›Ù\Ë[™\™ŞWÜÜÚ]]™WØÛÛ[Z]YX[‹ŒMÌÌÌÍMLNLŒNŒÌMŒŒÍNKMÍMMMÎNLËŒ‹ŒÍÍÍLÌÍÍÎNKŒÍŒÌLNNLÎ‹Œ‹MÌÍŒŒŒÎŒMM”ÛÛ[˜K[Y\ÚØ[Z[™ËM‹LŒŒËÜL›Ù\Ë[™\™ŞWÜÜÚ]]™WØÛÛ[Z]\\—ÜİL‹ÌÍŒNNMËLLKÌLÎNLLÍÌÍKŒMLÍÍLNNMÍKNŒLÌÌÍŒŒLM‹ÌŒÍÌŒŒÌÍÍŒËŒÍLNLŒLÌÂ”ÛÛ[˜K[Y\ÚØ[Z[™ËM‹LŒŒËÜL›Ù\Ë[™\™ŞWÜÜÚ]]™WØÛÛ[Z]Ø[\WÜİÜİLKNNLLMLÌÍMËLLKÌŒLLLNLÌÌË‹ŒÍMÌMŒMÌŒMMNŒNMÍÌLNŒÎLMLÌÎLMÍ‹M‹ŒMÌMŒŒLŒÂ”ÛÛ[˜K[Y\ÚØ[Z[™ËM‹LŒŒËÜL›Ù\Ë[™\™ŞWÜÜÚ]]™WØÛÛ[Z][WÛZ[—ÜİLŒKŒLÍÍŒÍÍÌŒËLLMËLŒLMMÍLŒËŒLŒŒMÍÌLÍËNKÌMLMŒŒÍÍŒŒÎLLLMÎŒNLŒŒËMKLŒMÌÍMÍÌ‚”ÛÛ[˜K[Y\ÚØ[Z[™ËM‹LŒŒËÜL›Ù\Ë[™\™ŞWÜÜÚ]]™WØÛÛ[Z][WÛX^ÜİKŒÌNÍNÎMÍL‹LŒMNMÌÌŒŒL‹ËLŒLŒÌMÍMLÌ‹ŒLÍMNMLNMÌÌMMMMLÌN‹ÌKLÌŒŒMÍMŒ‚”ÛÛ[˜K[Y\ÚØ[Z[™ËM‹LŒŒËÜL›Ù\Ë[™\™ŞWÜÜÚ]]™WØÛÛ[Z]˜[™ÙWØXœËKÌŒŒMÍŒÍËLËÌÎNMËLŒLNÍÌÎNMKÌŒŒMÍŒÍË‹ŒÍMLKKÌŒŒMÍŒÍÂ”ÛÛ[˜K[Y\ÚØ[Z[™ËM‹LŒŒËÜL›Ù\Ë[™\™ŞWÜÜÚ]]™WØÛÛ[Z]ØÙØXœËKŒÌLMŒŒLMÍLÎLNMÎLÌLM‹‹ŒLLÌMÌŒMŒNN‹KÍÌLŒŒLÌÍÍËKLÍŒÌŒÍÌŒÎK‹ŒÍŒMLÍMÌÍLÌ‚”ÛÛ[˜K[Y\ÚØ[Z[™ËM‹LŒŒËÜL›Ù\Ë[™\™ŞWÜÜÚ]]™WØÛÛ[Z]ØÙÜİKŒÌNÍNÎMÍL‹LŒMMKLŒÌÌÍLNMÍŒÎKŒLÍMNMLNMÌËŒLÎLÌLMLKÌKLÌŒŒMÍMŒ‚”ÛÛ[˜K[Y\ÚØ[Z[™ËM‹LŒŒËÜ›Ù\Ë[™\™ŞWÜÜÚ]]™WØÛÛ[Z]—ÛY]šXËŒLŒŒŒŒŒ”ÛÛ[˜K[Y\ÚØ[Z[™ËM‹LŒŒËÜ›Ù\Ë[™\™ŞWÜÜÚ]]™WØÛÛ[Z]YX[‹”ÛÛ[˜K[Y\ÚØ[Z[™ËM‹LŒŒËÜ›Ù\Ë[™\™ŞWÜÜÚ]]™WØÛÛ[Z]\\—Üİ”ÛÛ[˜K[Y\ÚØ[Z[™ËM‹LŒŒËÜ›Ù\Ë[™\™ŞWÜÜÚ]]™WØÛÛ[Z]Ø[\WÜİÜİ”ÛÛ[˜K[Y\ÚØ[Z[™ËM‹LŒŒËÜ›Ù\Ë[™\™ŞWÜÜÚ]]™WØÛÛ[Z][WÛZ[—Üİ”ÛÛ[˜K[Y\ÚØ[Z[™ËM‹LŒŒËÜ›Ù\Ë[™\™ŞWÜÜÚ]]™WØÛÛ[Z][WÛX^Üİ”ÛÛ[˜K[Y\ÚØ[Z[™ËM‹LŒŒËÜ›Ù\Ë[™\™ŞWÜÜÚ]]™WØÛÛ[Z]˜[™ÙWØXœË”ÛÛ[˜K[Y\ÚØ[Z[™ËM‹LŒŒËÜ›Ù\Ë[™\™ŞWÜÜÚ]]™WØÛÛ[Z]ØÙØXœË”ÛÛ[˜K[Y\ÚØ[Z[™ËM‹LŒŒËÜ›Ù\Ë[™\™ŞWÜÜÚ]]™WØÛÛ[Z]ØÙÜİ”ÛÛ[˜K[Y\Ú^T[M‹LŒŒËÜL›Ù\Ë[™\™ŞWÜÜÚ]]™WØÛÛ[Z]—ÛY]šXËLËŒLŒŒKŒŒKŒ”ÛÛ[˜K[Y\Ú^T[M‹LŒŒËÜL›Ù\Ë[™\™ŞWÜÜÚ]]™WØÛÛ[Z]YX[‹ŒËŒLÍMŒLMÎNMÌ‹LŒËŒLNMÎMLŒÍKŒ‹ŒMNLÌŒMÎNÎÍLLÌÍÍËŒKMŒÍMMÍMMKLÍŒNŒNNMÍ‚”ÛÛ[˜K[Y\Ú^T[M‹LŒŒËÜL›Ù\Ë[™\™ŞWÜÜÚ]]™WØÛÛ[Z]\\—ÜİLŒÍLLLKMŒNŒLÍLMÌÎKÍMLNMLMŒLÌÍMKLNMÌMLMKËMÍÍLMÍNÍÌ‹MËÎMLŒMÍÍMÌŒÂ”ÛÛ[˜K[Y\Ú^T[M‹LŒŒËÜL›Ù\Ë[™\™ŞWÜÜÚ]]™WØÛÛ[Z]Ø[\WÜİÜİLKŒÌLMŒÍÎKLLKÍÌÍNŒLË‹ŒÌÍNNLŒŒLÎM‹MŒLÍNÍÌÌŒŒÍLŒŒÎNLLŒMNMÍMLÍ‚”ÛÛ[˜K[Y\Ú^T[M‹LŒŒËÜL›Ù\Ë[™\™ŞWÜÜÚ]]™WØÛÛ[Z][WÛZ[—ÜİLŒMÌLÌLÎMËLLŒ‹ŒNÌÍÍMÌÍMKLKMŒMÎLÍNNKMËLŒNMMŒŒÌMÎMKL‹ŒLMLLMÌLLM‹MŒÍÌÍŒLMMMLÍ‚”ÛÛ[˜K[Y\Ú^T[M‹LŒŒËÜL›Ù\Ë[™\™ŞWÜÜÚ]]™WØÛÛ[Z][WÛX^ÜİŒKŒNŒÍŒÌLNŒÌŒŒNÌLMËKŒÍÍNMLÌMŒLLLLŒÎLMMNM‹ŒŒLÍÍŒÍMMÍK‹ŒÌMŒLNLÍLM”ÛÛ[˜K[Y\Ú^T[M‹LŒŒËÜL›Ù\Ë[™\™ŞWÜÜÚ]]™WØÛÛ[Z]˜[™ÙWØXœËLŒÎMLÍLÍMÍNLMLLMÌLÍLNŒMÌMMŒLŒÎMLÍLÍMÍN‹ÍÎLŒÌÌŒŒMŒËLŒÎMLÍLÍMÍN”ÛÛ[˜K[Y\Ú^T[M‹LŒŒËÜL›Ù\Ë[™\™ŞWÜÜÚ]]™WØÛÛ[Z]ØÙØXœËKMÍMMNÍÎKLKŒÍLÌÍMÎK‹ŒÍÍNLÍŒŒMNË‹ŒŒŒÌMNŒÎ‹KÌŒÎÎMN‹ŒÍŒÍŒŒÍÌŒLB”ÛÛ[˜K[Y\Ú^T[M‹LŒŒËÜL›Ù\Ë[™\™ŞWÜÜÚ]]™WØÛÛ[Z]ØÙÜİŒMÌLÌLÎMËLŒ‹ŒÌLÌÍÌMLËLNLŒLÍMKKŒNNÎNMŒ‹‹ŒÍMLLLLÍNË‹ŒLMLLMÌLLM‚”ÛÛ[˜K[Y\Ú^T[M‹LŒŒËÜ›Ù\Ë[™\™ŞWÜÜÚ]]™WØÛÛ[Z]—ÛY]šXËŒLŒŒŒŒŒ”ÛÛ[˜K[Y\Ú^T[M‹LŒŒËÜ›Ù\Ë[™\™ŞWÜÜÚ]]™WØÛÛ[Z]YX[‹”ÛÛ[˜K[Y\Ú^T[M‹LŒŒËÜ›Ù\Ë[™\™ŞWÜÜÚ]]™WØÛÛ[Z]\\—Üİ”ÛÛ[˜K[Y\Ú^T[M‹LŒŒËÜ›Ù\Ë[™\™ŞWÜÜÚ]]™WØÛÛ[Z]Ø[\WÜİÜİ”ÛÛ[˜K[Y\Ú^T[M‹LŒŒËÜ›Ù\Ë[™\™ŞWÜÜÚ]]™WØÛÛ[Z][WÛZ[—Üİ”ÛÛ[˜K[Y\Ú^T[M‹LŒŒËÜ›Ù\Ë[™\™ŞWÜÜÚ]]™WØÛÛ[Z][WÛX^Üİ”ÛÛ[˜K[Y\Ú^T[M‹LŒŒËÜ›Ù\Ë[™\™ŞWÜÜÚ]]™WØÛÛ[Z]˜[™ÙWØXœË”ÛÛ[˜K[Y\Ú^T[M‹LŒŒËÜ›Ù\Ë[™\™ŞWÜÜÚ]]™WØÛÛ[Z]ØÙØXœË”ÛÛ[˜K[Y\Ú^T[M‹LŒŒËÜ›Ù\Ë[™\™ŞWÜÜÚ]]™WØÛÛ[Z]ØÙÜİ”ÛÛ[˜K[Y\Ú’TĞKM‹LŒŒËÜL›Ù\Ë[™\™ŞWÜÜÚ]]™WØÛÛ[Z]—ÛY]šXËMŒLŒËŒKŒËŒKŒ”ÛÛ[˜K[Y\Ú’TĞKM‹LŒŒËÜL›Ù\Ë[™\™ŞWÜÜÚ]]™WØÛÛ[Z]YX[‹Œ‹MŒNMŒLÍKLŒ‹MMÍLMLÌ‹Œ‹ŒMÎMÌÎLLLLËŒËÍÍNLÌ‹ŒKŒLÎNMNMLÎÍŒNLMŒŒŒLŒ‚”ÛÛ[˜K[Y\Ú’TĞKM‹LŒŒËÜL›Ù\Ë[™\™ŞWÜÜÚ]]™WØÛÛ[Z]\\—ÜİLËŒMÎLŒLŒMŒŒKLLLÍLLNLMK‹ŒLMŒLNMLLËMËŒNMÌLÌLÎŒÍMÍLMŒNLL‹NÍÍNMÍMM”ÛÛ[˜K[Y\Ú’TĞKM‹LŒŒËÜL›Ù\Ë[™\™ŞWÜÜÚ]]™WØÛÛ[Z]Ø[\WÜİÜİËLÌÎLMMŒŒKLËMLNLŒŒÌNKKÌÎŒNM‹KŒŒÌLLÌLÍMËŒMÌLMÎMKÍLLMNMÌMÍÍÎB”ÛÛ[˜K[Y\Ú’TĞKM‹LŒŒËÜL›Ù\Ë[™\™ŞWÜÜÚ]]™WØÛÛ[Z][WÛZ[—ÜİNKMÍLÌKLNKŒLNÍMLLLMNKLLKÎLŒLÍÎNLLMËM‹ŒNMNNŒMMKLLËŒLŒMŒÍLÍ‹LËMÌÌŒNNMLMMÂ”ÛÛ[˜K[Y\Ú’TĞKM‹LŒŒËÜL›Ù\Ë[™\™ŞWÜÜÚ]]™WØÛÛ[Z][WÛX^ÜİLKŒÎLÍÍÎŒMËLLMMŒÌNNM‹LÌÍMMLLŒŒÎKLËÎNÌLŒLMMŒŒËKŒŒLÍLÌÌLËMKŒÍŒMLÎMNMÂ”ÛÛ[˜K[Y\Ú’TĞKM‹LŒŒËÜL›Ù\Ë[™\™ŞWÜÜÚ]]™WØÛÛ[Z]˜[™ÙWØXœËÌLŒŒÌLLMÌL‹LMLÌMÍLÍKËMŒMLÎŒML‹ÌLŒŒÌLLMÌL‹‹ŒMÍÎÌÌÎMMMËÌLŒŒÌLLMÌL‚”ÛÛ[˜K[Y\Ú’TĞKM‹LŒŒËÜL›Ù\Ë[™\™ŞWÜÜÚ]]™WØÛÛ[Z]ØÙØXœË‹LÍÌLŒLÌŒKL‹LLŒÎMÌÍÌMKKŒÍLÍÌÍËŒLÎLÍÌŒKŒMMMÌLNÍËŒÌÌÍÂ”ÛÛ[˜K[Y\Ú’TĞKM‹LŒŒËÜL›Ù\Ë[™\™ŞWÜÜÚ]]™WØÛÛ[Z]ØÙÜİLKŒÎLÍÍÎŒMËLLLLÎNLMÌŒŒÍÌMËMMÍMÌNMÍÍÍÎMKLËÎNÌLŒLMMŒŒËKŒŒLÍLÌÌLËMKŒÍŒMLÎMNMÂ”ÛÛ[˜K[Y\Ú’TĞKM‹LŒŒËÜ›Ù\Ë[™\™ŞWÜÜÚ]]™WØÛÛ[Z]—ÛY]šXËŒLŒŒŒŒŒ”ÛÛ[˜K[Y\Ú’TĞKM‹LŒŒËÜ›Ù\Ë[™\™ŞWÜÜÚ]]™WØÛÛ[Z]YX[‹”ÛÛ[˜K[Y\Ú’TĞKM‹LŒŒËÜ›Ù\Ë[™\™ŞWÜÜÚ]]™WØÛÛ[Z]\\—Üİ”ÛÛ[˜K[Y\Ú’TĞKM‹LŒŒËÜ›Ù\Ë[™\™ŞWÜÜÚ]]™WØÛÛ[Z]Ø[\WÜİÜİ”ÛÛ[˜K[Y\Ú’TĞKM‹LŒŒËÜ›Ù\Ë[™\™ŞWÜÜÚ]]™WØÛÛ[Z][WÛZ[—Üİ”ÛÛ[˜K[Y\Ú’TĞKM‹LŒŒËÜ›Ù\Ë[™\™ŞWÜÜÚ]]™WØÛÛ[Z][WÛX^Üİ”ÛÛ[˜K[Y\Ú’TĞKM‹LŒŒËÜ›Ù\Ë[™\™ŞWÜÜÚ]]™WØÛÛ[Z]˜[™ÙWØXœË”ÛÛ[˜K[Y\Ú’TĞKM‹LŒŒËÜ›Ù\Ë[™\™ŞWÜÜÚ]]™WØÛÛ[Z]ØÙØXœË”ÛÛ[˜K[Y\Ú’TĞKM‹LŒŒËÜ›Ù\Ë[™\™ŞWÜÜÚ]]™WØÛÛ[Z]ØÙÜİ”ÛÛ[˜K\\˜İX™KÔËM‹LŒŒËÜL›Ù\Ë[™\™ŞWÜÜÚ]]™WØÛÛ[Z]—ÛY]šXËL‹ŒLŒËŒKŒËŒKŒ”ÛÛ[˜K\\˜İX™KÔËM‹LŒŒËÜL›Ù\Ë[™\™ŞWÜÜÚ]]™WØÛÛ[Z]YX[‹LŒÎŒMÎMÌLÎNËLLŒÍŒŒÎMMMNNKKÍÌLLLLÌÎMÍKLKŒLŒÌŒMÌÍKŒÍŒMNNLLÎLÍLLKMÍMÌÎNLÍÂ”ÛÛ[˜K\\˜İX™KÔËM‹LŒŒËÜL›Ù\Ë[™\™ŞWÜÜÚ]]™WØÛÛ[Z]\\—ÜİM‹MŒÎLLÍËLM‹ÍÌMÍŒÌÍLŒŒMÍLLMŒKËÌÎMÍNŒŒËŒLLÌÌŒÌLLËÌKŒŒÌÍÌÌLMLÎÌ‚”ÛÛ[˜K\\˜İX™KÔËM‹LŒŒËÜL›Ù\Ë[™\™ŞWÜÜÚ]]™WØÛÛ[Z]Ø[\WÜİÜİMKÍÍÎNÎNLÍÍËLM‹ÌMŒÍÍŒMÌKŒÌŒLÍŒÎLMKNKMÎLMÍNÌÎLLË‹LNLMLŒÌÌŒMÎŒKŒÍÍLNLÂ”ÛÛ[˜K\\˜İX™KÔËM‹LŒŒËÜL›Ù\Ë[™\™ŞWÜÜÚ]]™WØÛÛ[Z][WÛZ[—ÜİLÍŒLÍLŒÍKLLÌ‹ŒLÍMÎLÌËLÍ‹ŒÌLÎLMLLÎLKLLKÍLMLLKLÍËMÌÍÍÍLMÍKMËLŒNMMNNLÌ‚”ÛÛ[˜K\\˜İX™KÔËM‹LŒŒËÜL›Ù\Ë[™\™ŞWÜÜÚ]]™WØÛÛ[Z][WÛX^ÜİNŒMŒŒLLËLMËMÍÍMLÌŒÌ‹LLLŒLÎMMNKŒÌÎÍMLŒMÎKËŒÎMÍÎMÌÌŒŒLÎŒLÎLÍÎLMLÎŒB”ÛÛ[˜K\\˜İX™KÔËM‹LŒŒËÜL›Ù\Ë[™\™ŞWÜÜÚ]]™WØÛÛ[Z]˜[™ÙWØXœËKÌŒŒŒLNKLKŒÎLŒMLŒÍLMMË‹ŒÌLŒÎLÎMÍKKÌŒŒŒLNKKÌMÍŒMÌÌNLËKÌŒŒŒLNB”ÛÛ[˜K\\˜İX™KÔËM‹LŒŒËÜL›Ù\Ë[™\™ŞWÜÜÚ]]™WØÛÛ[Z]ØÙØXœËËNLŒŒÌÌMÌÍÌKLËŒŒMMMÌÍKŒÌÎÍLÎMŒMÌMLMÌL‹ËÌÌLMŒÍMMMÍKMMLŒMÌMÍÌKŒMLÍÍNMÌMM‚”ÛÛ[˜K\\˜İX™KÔËM‹LŒŒËÜL›Ù\Ë[™\™ŞWÜÜÚ]]™WØÛÛ[Z]ØÙÜİÍŒLÍLŒÍKLÌ‹ŒLÍMÎLÌËL‹ŒNMÌÍÎLLMÎMÎLKÍ‹ŒÌLÎLMLLÎKÍÎLÎLŒÍMKÍËMÌÍÍÍLMÍB”ÛÛ[˜K\\˜İX™KÔËM‹LŒŒËÜ›Ù\Ë[™\™ŞWÜÜÚ]]™WØÛÛ[Z]—ÛY]šXËŒLŒŒŒŒŒ”ÛÛ[˜K\\˜İX™KÔËM‹LŒŒËÜ›Ù\Ë[™\™ŞWÜÜÚ]]™WØÛÛ[Z]YX[‹”ÛÛ[˜K\\˜İX™KÔËM‹LŒŒËÜ›Ù\Ë[™\™ŞWÜÜÚ]]™WØÛÛ[Z]\\—Üİ”ÛÛ[˜K\\˜İX™KÔËM‹LŒŒËÜ›Ù\Ë[™\™ŞWÜÜÚ]]™WØÛÛ[Z]Ø[\WÜİÜİ”ÛÛ[˜K\\˜İX™KÔËM‹LŒŒËÜ›Ù\Ë[™\™ŞWÜÜÚ]]™WØÛÛ[Z][WÛZ[—Üİ”ÛÛ[˜K\\˜İX™KÔËM‹LŒŒËÜ›Ù\Ë[™\™ŞWÜÜÚ]]™WØÛÛ[Z][WÛX^Üİ”ÛÛ[˜K\\˜İX™KÔËM‹LŒŒËÜ›Ù\Ë[™\™ŞWÜÜÚ]]™WØÛÛ[Z]˜[™ÙWØXœË”ÛÛ[˜K\\˜İX™KÔËM‹LŒŒËÜ›Ù\Ë[™\™ŞWÜÜÚ]]™WØÛÛ[Z]ØÙØXœË”ÛÛ[˜K\\˜İX™KÔËM‹LŒŒËÜ›Ù\Ë[™\™ŞWÜÜÚ]]™WØÛÛ[Z]ØÙÜİ”ÛÛ[˜K\\˜İX™K’QKM‹LŒŒËÜL›Ù\Ë[™\™ŞWÜÜÚ]]™WØÛÛ[Z]—ÛY]šXËLËŒLKŒKŒKŒKŒKŒ”ÛÛ[˜K\\˜İX™K’QKM‹LŒŒËÜL›Ù\Ë[™\™ŞWÜÜÚ]]™WØÛÛ[Z]YX[‹KŒÌŒŒMLMŒMÍKLKŒÍMLŒÍNMÍMKÌÌŒÌLLNÍËKNNLÌLËLÎNLŒNLLÌMNKLŒŒMMMLŒN‚”ÛÛ[˜K\\˜İX™K’QKM‹LŒŒËÜL›Ù\Ë[™\™ŞWÜÜÚ]]™WØÛÛ[Z]\\—ÜİLMNMMÌËLÌLÌNMÌNLËMLÎŒLMÍLËÌKŒÌÍNLLÍŒLLÍMKMMŒLLMLÌÍŒNNÌ‹ŒÍÌLMLÌÎMMB”ÛÛ[˜K\\˜İX™K’QKM‹LŒŒËÜL›Ù\Ë[™\™ŞWÜÜÚ]]™WØÛÛ[Z]Ø[\WÜİÜİMKMÎLLŒLMŒËLMKMÍMÍËL‹ŒÍLÍLLŒKNÎMLMLMMÍŒLNMKKMNMMMLMMKNKŒLÌMŒMŒŒMÎMB”ÛÛ[˜K\\˜İX™K’QKM‹LŒŒËÜL›Ù\Ë[™\™ŞWÜÜÚ]]™WØÛÛ[Z][WÛZ[—ÜİLMÍNÍMÌÍÍMLLŒ‹ÌMMÍLML‹LËŒÍMÎLMÌÌÍÌËLMËŒÌMLÎÍNMÌËLKŒLLLLÌÌŒMÌNMLL‹ŒÌŒÍÎLB”ÛÛ[˜K\\˜İX™K’QKM‹LŒŒËÜL›Ù\Ë[™\™ŞWÜÜÚ]]™WØÛÛ[Z][WÛX^Üİ‹LNÌÍËLŒËMŒLLM‹ŒŒŒLMŒŒÍÎLËÌKŒÍNŒNLLM‹LËÍLMÌLNL‹ÍŒÌŒÎŒÎLLÍMÂ”ÛÛ[˜K\\˜İX™K’QKM‹LŒŒËÜL›Ù\Ë[™\™ŞWÜÜÚ]]™WØÛÛ[Z]˜[™ÙWØXœËÌÌÌŒÌLMÍLŒ‹LŒMÍŒLMLÍŒ‹ËŒÌLÌÍMÍMÌÎLËÌÌÌŒÌLMÍLŒ‹‹ŒMÌÌÌ‹ÌÌÌŒÌLMÍLŒ‚”ÛÛ[˜K\\˜İX™K’QKM‹LŒŒËÜL›Ù\Ë[™\™ŞWÜÜÚ]]™WØÛÛ[Z]ØÙØXœË‹LNNMLLŒLËL‹ŒÍÍLÌMÍMMLÍLÌŒŒËKÌÌŒÍÌMLMÍMÍÎ‹LLŒMÎNMÌKLLÍÍÎMK‹NMMMŒMŒNMÍLMÂ”ÛÛ[˜K\\˜İX™K’QKM‹LŒŒËÜL›Ù\Ë[™\™ŞWÜÜÚ]]™WØÛÛ[Z]ØÙÜİ‹LNÌÍËLKŒÍÍÎNŒÍÎÎÎNNLLNÎÍŒ‹ÌKŒÍNŒNLLM‹M‹LMNMÌÎMÍŒÌŒÎŒÎLLÍMÂ”ÛÛ[˜K\\˜İX™K’QKM‹LŒŒËÜ›Ù\Ë[™\™ŞWÜÜÚ]]™WØÛÛ[Z]—ÛY]šXËŒLŒŒŒŒŒ”ÛÛ[˜K\\˜İX™K’QKM‹LŒŒËÜ›Ù\Ë[™\™ŞWÜÜÚ]]™WØÛÛ[Z]YX[‹”ÛÛ[˜K\\˜İX™K’QKM‹LŒŒËÜ›Ù\Ë[™\™ŞWÜÜÚ]]™WØÛÛ[Z]\\—Üİ”ÛÛ[˜K\\˜İX™K’QKM‹LŒŒËÜ›Ù\Ë[™\™ŞWÜÜÚ]]™WØÛÛ[Z]Ø[\WÜİÜİ”ÛÛ[˜K\\˜İX™K’QKM‹LŒŒËÜ›Ù\Ë[™\™ŞWÜÜÚ]]™WØÛÛ[Z][WÛZ[—Üİ”ÛÛ[˜K\\˜İX™K’QKM‹LŒŒËÜ›Ù\Ë[™\™ŞWÜÜÚ]]™WØÛÛ[Z][WÛX^Üİ”ÛÛ[˜K\\˜İX™K’QKM‹LŒŒËÜ›Ù\Ë[™\™ŞWÜÜÚ]]™WØÛÛ[Z]˜[™ÙWØXœË”ÛÛ[˜K\\˜İX™K’QKM‹LŒŒËÜ›Ù\Ë[™\™ŞWÜÜÚ]]™WØÛÛ[Z]ØÙØXœË”ÛÛ[˜K\\˜İX™K’QKM‹LŒŒËÜ›Ù\Ë[™\™ŞWÜÜÚ]]™WØÛÛ[Z]ØÙÜİ”ÛÛ[˜K\\˜İX™KĞQSKM‹LŒŒËÜL›Ù\Ë[™\™ŞWÜÜÚ]]™WØÛÛ[Z]—ÛY]šXËLËŒLKŒKŒKŒKŒKŒ”ÛÛ[˜K\\˜İX™KĞQSKM‹LŒŒËÜL›Ù\Ë[™\™ŞWÜÜÚ]]™WØÛÛ[Z]YX[‹MŒÌÍMÎNNNŒŒ‹LMŒÌŒÎLÌÌNMMLÌËLËLMÌŒÍMŒÎMMKŒLÌLŒLÎM‹LËŒŒÍNMNMŒÍLËMKŒMLMŒB”ÛÛ[˜K\\˜İX™KĞQSKM‹LŒŒËÜL›Ù\Ë[™\™ŞWÜÜÚ]]™WØÛÛ[Z]\\—ÜİMËŒŒÍÍŒMÌÍÌMKLM‹ÌMNLÎÎMNLŒK‹LMLMŒÍMŒÎKŒÍNÍÍŒŒÍÍ‹ŒÍMLMÎLÌLLËŒKŒMÌŒMNNNM”ÛÛ[˜K\\˜İX™KĞQSKM‹LŒŒËÜL›Ù\Ë[™\™ŞWÜÜÚ]]™WØÛÛ[Z]Ø[\WÜİÜİMKÌÌŒMÎÍNLMKLLMÍÎMŒÎL‹LKŒLÍNLŒÎ‹NÍLMŒLLŒŒŒL‹ËMÍÍLLÌLÌÍËNKMÌLŒŒŒMB”ÛÛ[˜K\\˜İX™KĞQSKM‹LŒŒËÜL›Ù\Ë[™\™ŞWÜÜÚ]]™WØÛÛ[Z][WÛZ[—ÜİLMÌLLLÍÎKLL‹ÌMLŒÌÎLÌÍÍŒÌNMNËLMŒLLMŒÎNMLLÌ‹ŒMMMÍÎMKLLŒÌÍÌMÍŒMÎNMÂ”ÛÛ[˜K\\˜İX™KĞQSKM‹LŒŒËÜL›Ù\Ë[™\™ŞWÜÜÚ]]™WØÛÛ[Z][WÛX^ÜİŒÎLŒMÌÌLÍKL‹ŒMLMÌLMLËŒÌÍÌŒMÌŒÍMŒŒËÌ‹ÍÍÍÍNLÌŒMKLMŒLÍÌNLÌKÍKŒLMLÍMÌŒÂ”ÛÛ[˜K\\˜İX™KĞQSKM‹LŒŒËÜL›Ù\Ë[™\™ŞWÜÜÚ]]™WØÛÛ[Z]˜[™ÙWØXœËŒMŒMLML‹LËMLÌÍLÍMÎMKŒÍÌÍÌÍÎKŒMŒMLML‹‹NÍÎMMÍÌMLÌÍ‹ŒMŒMLML‚”ÛÛ[˜K\\˜İX™KĞQSKM‹LŒŒËÜL›Ù\Ë[™\™ŞWÜÜÚ]]™WØÛÛ[Z]ØÙØXœËŒMLNLLŒÍMËLŒÍÌLÌŒŒÌËËŒÎMLÌŒM‹LNLKLMÌŒÎMŒLÍÍMKÍLŒLMŒNNMB”ÛÛ[˜K\\˜İX™KĞQSKM‹LŒŒËÜL›Ù\Ë[™\™ŞWÜÜÚ]]™WØÛÛ[Z]ØÙÜİMÌLLLÍÎKLMÎÌMMKŒÍÍÍŒLNÎKÌ‹ÍÍÍÍNLÌŒMKLMŒLÍÌNLÌKÍKŒLMLÍMÌŒÂ”ÛÛ[˜K\\˜İX™KĞQSKM‹LŒŒËÜ›Ù\Ë[™\™ŞWÜÜÚ]]™WØÛÛ[Z]—ÛY]šXËLËŒLKŒKŒKŒKŒKŒ”ÛÛ[˜K\\˜İX™KĞQSKM‹LŒŒËÜ›Ù\Ë[™\™ŞWÜÜÚ]]™WØÛÛ[Z]YX[‹MLÍÌÎÌLMÍÎLÌÎÎMŒLËÍÍMÍÍLÍÍÌËMKŒÌNLÌMÌNÌLLKLËLÌÍÍÌÍ‹MKMÍLMÌŒL”ÛÛ[˜K\\˜İX™KĞQSKM‹LŒŒËÜ›Ù\Ë[™\™ŞWÜÜÚ]]™WØÛÛ[Z]\\—ÜİŒ‹ŒÌÌÌMÎMŒÌKLNKMŒLÍÎLÎËLËMÌŒÍÎMÌËËŒLMÌÌMÌLŒKËÍÎMÌÍÌŒMÎLÌŒKËMŒMLL”ÛÛ[˜K\\˜İX™KĞQSKM‹LŒŒËÜ›Ù\Ë[™\™ŞWÜÜÚ]]™WØÛÛ[Z]Ø[\WÜİÜİMKLÍÎLMŒÎLÎNNKLM‹MLÎLÌL‹KLMÍNMÎÌNKNŒÍNNMÌÎMŒŒÍKËŒÍMLMLÌŒMÍ‹NÍÍLÌÌŒÌÂ”ÛÛ[˜K\\˜İX™KĞQSKM‹LŒŒËÜ›Ù\Ë[™\™ŞWÜÜÚ]]™WØÛÛ[Z][WÛZ[—ÜİLÍMNLÎNLMÌMKLLÌËŒÍŒMÌŒÍ‹LÍ‹LÍÍÌLŒÎKLMKNLŒMÍÌLÎLÍËLMNÎNM‹LLKÌLÍMÌÍLB”ÛÛ[˜K\\˜İX™KĞQSKM‹LŒŒËÜ›Ù\Ë[™\™ŞWÜÜÚ]]™WØÛÛ[Z][WÛX^ÜİNKÎLŒŒÍMÍ‹LNŒLLÌÌŒMÍLKMMŒLÌŒÌŒMŒL‹ÌŒÌLÌLÍÌÎKKŒÌÎMÌMÎMÎ‹LÌÍÍLMÌÍŒL‚”ÛÛ[˜K\\˜İX™KĞQSKM‹LŒŒËÜ›Ù\Ë[™\™ŞWÜÜÚ]]™WØÛÛ[Z]˜[™ÙWØXœËËLMLÌÌŒNNLNMÎLËŒNMÍÍÍÍMŒŒMKŒMLÎÍNNLLËËLMLÌÌŒNNLNMÎËLLLLÌMLËËLMLÌÌŒNNLNMÎ”ÛÛ[˜K\\˜İX™KĞQSKM‹LŒŒËÜ›Ù\Ë[™\™ŞWÜÜÚ]]™WØÛÛ[Z]ØÙØXœËKŒLMMŒLMLŒÌMLK‹ŒÍNLÍMLÍNËKÌNMNNNÎKÍŒMLŒLÌLKKÍŒÌLÍMMÎB”ÛÛ[˜K\\˜İX™KĞQSKM‹LŒŒËÜ›Ù\Ë[™\™ŞWÜÜÚ]]™WØÛÛ[Z]ØÙÜİÍMNLÎNLMÌMKLÌËŒÍŒMÌŒÍ‹M‹ŒÌÌLÍLNÌLÍ‹LÍÍÌLŒÎKLKÌLÍMÌÍLKÍËLMNÎNM‚”ÛÛ[˜K\\˜İX™KØ[Z[™ËM‹LŒŒËÜL›Ù\Ë[™\™ŞWÜÜÚ]]™WØÛÛ[Z]—ÛY]šXËMKŒLŒŒKŒŒKŒ”ÛÛ[˜K\\˜İX™KØ[Z[™ËM‹LŒŒËÜL›Ù\Ë[™\™ŞWÜÜÚ]]™WØÛÛ[Z]YX[‹ŒKŒÌÎŒÌÎÎÍŒLŒKŒÌLÎÎŒLMÍÌÌ‹ŒŒŒÍÌÍLLŒNÎLŒŒËŒ‹ŒŒLLLLŒÎKNKŒÍÌÍNLLÌÌŒËŒËŒÍMMŒLLM‚”ÛÛ[˜K\\˜İX™KØ[Z[™ËM‹LŒŒËÜL›Ù\Ë[™\™ŞWÜÜÚ]]™WØÛÛ[Z]\\—ÜİMKŒÎNÎLÌLMM‹LMMÍÌÎŒÍÍŒÎMMË‹ÍŒŒLLŒKKLÍLMLŒÎMNËŒLNMÎLLLÎËÌKŒLÍLLMÎÍŒŒB”ÛÛ[˜K\\˜İX™KØ[Z[™ËM‹LŒŒËÜL›Ù\Ë[™\™ŞWÜÜÚ]]™WØÛÛ[Z]Ø[\WÜİÜİLËLÌLÌMÌŒÌNLMLÌÍŒÌÍLÍNMKÍÎLÌMNLËMËÍMÍLNMMÎMKKŒMÍÍÌŒLMLËNNMMÍNMÎMNLNB”ÛÛ[˜K\\˜İX™KØ[Z[™ËM‹LŒŒËÜL›Ù\Ë[™\™ŞWÜÜÚ]]™WØÛÛ[Z][WÛZ[—ÜİLÌKNNLNMMLLŒMMMŒNMMÍLÌËŒMÎMÌLÍ‹NKÎLŒLÎMLKLÍÍÍŒÌÎÌÌMLËM‹ŒÍLMÍŒŒÌ‚”ÛÛ[˜K\\˜İX™KØ[Z[™ËM‹LŒŒËÜL›Ù\Ë[™\™ŞWÜÜÚ]]™WØÛÛ[Z][WÛX^ÜİNKÍÍNMÌÍÍMM‹LNŒMÍÍMÍÍËL‹ŒÎMÌLLKKŒMÌÎMNNNLMÎŒŒMÍLLÍÌNLMLKNMNMLÌŒB”ÛÛ[˜K\\˜İX™KØ[Z[™ËM‹LŒŒËÜL›Ù\Ë[™\™ŞWÜÜÚ]]™WØÛÛ[Z]˜[™ÙWØXœËLLNNŒŒÎŒÌÍ‹LLLÌMŒLLMÌŒËKŒŒMÍÌŒÌMLLNNŒŒÎŒÌÍ‹ËÌÍÌMÍÍÎŒKLLNNŒŒÎŒÌÍ‚”ÛÛ[˜K\\˜İX™KØ[Z[™ËM‹LŒŒËÜL›Ù\Ë[™\™ŞWÜÜÚ]]™WØÛÛ[Z]ØÙØXœË‹ÌLMÍÍMÍL‹LKÌÌNÍÍÌÌK‹MLŒŒMÌN‹ËŒŒLMÍLLMLMKKLNÍŒÍMÍ‹ËÎNMNMÎÌLŒMMŒMB”ÛÛ[˜K\\˜İX™KØ[Z[™ËM‹LŒŒËÜL›Ù\Ë[™\™ŞWÜÜÚ]]™WØÛÛ[Z]ØÙÜİÌKNNLNMMLŒMLÌMÌÍÎNLÍ‹LËŒMLÎÌNLŒŒL‹ÌËŒMÎMÌLÍ‹KŒMÎMÎLMŒÌMÌÍÍÍŒÌÎÌÌMLÂ”ÛÛ[˜K\\˜İX™KØ[Z[™ËM‹LŒŒËÜ›Ù\Ë[™\™ŞWÜÜÚ]]™WØÛÛ[Z]—ÛY]šXËŒLŒŒŒŒŒ”ÛÛ[˜K\\˜İX™KØ[Z[™ËM‹LŒŒËÜ›Ù\Ë[™\™ŞWÜÜÚ]]™WØÛÛ[Z]YX[‹”ÛÛ[˜K\\˜İX™KØ[Z[™ËM‹LŒŒËÜ›Ù\Ë[™\™ŞWÜÜÚ]]™WØÛÛ[Z]\\—Üİ”ÛÛ[˜K\\˜İX™KØ[Z[™ËM‹LŒŒËÜ›Ù\Ë[™\™ŞWÜÜÚ]]™WØÛÛ[Z]Ø[\WÜİÜİ”ÛÛ[˜K\\˜İX™KØ[Z[™ËM‹LŒŒËÜ›Ù\Ë[™\™ŞWÜÜÚ]]™WØÛÛ[Z][WÛZ[—Üİ”ÛÛ[˜K\\˜İX™KØ[Z[™ËM‹LŒŒËÜ›Ù\Ë[™\™ŞWÜÜÚ]]™WØÛÛ[Z][WÛX^Üİ”ÛÛ[˜K\\˜İX™KØ[Z[™ËM‹LŒŒËÜ›Ù\Ë[™\™ŞWÜÜÚ]]™WØÛÛ[Z]˜[™ÙWØXœË”ÛÛ[˜K\\˜İX™KØ[Z[™ËM‹LŒŒËÜ›Ù\Ë[™\™ŞWÜÜÚ]]™WØÛÛ[Z]ØÙØXœË”ÛÛ[˜K\\˜İX™KØ[Z[™ËM‹LŒŒËÜ›Ù\Ë[™\™ŞWÜÜÚ]]™WØÛÛ[Z]ØÙÜİ”ÛÛ[˜K\\˜İX™K^T[M‹LŒŒËÜL›Ù\Ë[™\™ŞWÜÜÚ]]™WØÛÛ[Z]—ÛY]šXËLËŒLŒËŒKŒËŒKŒ”ÛÛ[˜K\\˜İX™K^T[M‹LŒŒËÜL›Ù\Ë[™\™ŞWÜÜÚ]]™WØÛÛ[Z]YX[‹Œ‹ŒÎLMLÌÌÌŒËLŒ‹ŒÎNÌÍLÎMËŒKŒŒŒÌÍŒÍÍKŒËŒNLÍÍLMN‹ŒKŒŒÌNNÌÎŒLKŒËLMÎLÍÎŒNMNLB”ÛÛ[˜K\\˜İX™K^T[M‹LŒŒËÜL›Ù\Ë[™\™ŞWÜÜÚ]]™WØÛÛ[Z]\\—ÜİŒMÌÍLŒÎLËMNLLÍŒLNÍ‹KÍLNÌŒLŒÍLËŒÎLMŒMMLŒ‹LLÎÎMMŒÌLLŒKMKÍMÌÌLÎNLLÍÂ”ÛÛ[˜K\\˜İX™K^T[M‹LŒŒËÜL›Ù\Ë[™\™ŞWÜÜÚ]]™WØÛÛ[Z]Ø[\WÜİÜİŒNÌÍÌMÌLËLMMNÌŒMM‹ŒÍŒLLÌMKLŒÍÌŒŒLÌÍÍÌŒMKMLMŒNMMËLKŒMÌÍÎLÌÍÎB”ÛÛ[˜K\\˜İX™K^T[M‹LŒŒËÜL›Ù\Ë[™\™ŞWÜÜÚ]]™WØÛÛ[Z][WÛZ[—ÜİLNŒLMLMMÌÍÌMÍ‹LLM‹ŒMMÌÍLŒËLNKŒMNMMÌMKMÌŒNMNŒMKLŒŒMÎNLLÍÎÌÍNL‹ÍLLÌL‚”ÛÛ[˜K\\˜İX™K^T[M‹LŒŒËÜL›Ù\Ë[™\™ŞWÜÜÚ]]™WØÛÛ[Z][WÛX^ÜİLKMÍNLÍMÍÍÍËLLMMMMÌÎL‹ËŒÌMÍÌLÌÍŒKMŒMNÌŒÌLKKŒÎMLNLLÌŒÌÌLÌKMKÍMÍLMNÌŒMMB”ÛÛ[˜K\\˜İX™K^T[M‹LŒŒËÜL›Ù\Ë[™\™ŞWÜÜÚ]]™WØÛÛ[Z]˜[™ÙWØXœË‹ÌÌLÍÌLÍÍKL‹MÎLÌMNMMËËŒLÎNÍŒLŒK‹ÌÌLÍÌLÍÍKMŒNNMNM‹‹ÌÌLÍÌLÍÍB”ÛÛ[˜K\\˜İX™K^T[M‹LŒŒËÜL›Ù\Ë[™\™ŞWÜÜÚ]]™WØÛÛ[Z]ØÙØXœËŒMŒLÍÍMËLËLÌNMÎNNLMMÌËKÍÍLÍNÍNNNKŒÍÌNNÍMMMLLÍMŒŒÌÌLŒMLËŒÍMNMNLLÍN”ÛÛ[˜K\\˜İX™K^T[M‹LŒŒËÜL›Ù\Ë[™\™ŞWÜÜÚ]]™WØÛÛ[Z]ØÙÜİNŒLMLMMÌÍÌMÍ‹LM‹ŒMMÌÍLŒËËMÌLÌÍMÌŒKNKŒMNMMÌMK‹MÌLŒMNNŒŒMÎNLLÍÎÌÍN”ÛÛ[˜K\\˜İX™K^T[M‹LŒŒËÜ›Ù\Ë[™\™ŞWÜÜÚ]]™WØÛÛ[Z]—ÛY]šXËKŒLKŒŒKŒŒKŒ”ÛÛ[˜K\\˜İX™K^T[M‹LŒŒËÜ›Ù\Ë[™\™ŞWÜÜÚ]]™WØÛÛ[Z]YX[‹Œ‹ÍÎÍNNNKÍŒKŒ‹ÍÎÍNNNKŒ‹ÍÎÍNNNKŒ‹ÍÎÍNNNKŒ‹ÍÎÍNNNKŒ‹ÍÎÍNNNB”ÛÛ[˜K\\˜İX™K^T[M‹LŒŒËÜ›Ù\Ë[™\™ŞWÜÜÚ]]™WØÛÛ[Z]\\—ÜİŒÍŒKŒŒŒŒŒ”ÛÛ[˜K\\˜İX™K^T[M‹LŒŒËÜ›Ù\Ë[™\™ŞWÜÜÚ]]™WØÛÛ[Z]Ø[\WÜİÜİ”ÛÛ[˜K\\˜İX™K^T[M‹LŒŒËÜ›Ù\Ë[™\™ŞWÜÜÚ]]™WØÛÛ[Z][WÛZ[—ÜİŒÍŒKŒŒŒŒŒ”ÛÛ[˜K\\˜İX™K^T[M‹LŒŒËÜ›Ù\Ë[™\™ŞWÜÜÚ]]™WØÛÛ[Z][WÛX^ÜİŒÍŒKŒŒŒŒŒ”ÛÛ[˜K\\˜İX™K^T[M‹LŒŒËÜ›Ù\Ë[™\™ŞWÜÜÚ]]™WØÛÛ[Z]˜[™ÙWØXœËŒÍŒKŒŒŒŒŒ”ÛÛ[˜K\\˜İX™K^T[M‹LŒŒËÜ›Ù\Ë[™\™ŞWÜÜÚ]]™WØÛÛ[Z]ØÙØXœËŒÍŒKŒŒŒŒŒ”ÛÛ[˜K\\˜İX™K^T[M‹LŒŒËÜ›Ù\Ë[™\™ŞWÜÜÚ]]™WØÛÛ[Z]ØÙÜİŒÍŒKŒŒŒŒŒ”ÛÛ[˜K\\˜İX™K’TĞKM‹LŒŒËÜL›Ù\Ë[™\™ŞWÜÜÚ]]™WØÛÛ[Z]—ÛY]šXËLËŒLŒËŒKŒËŒKŒ”ÛÛ[˜K\\˜İX™K’TĞKM‹LŒŒËÜL›Ù\Ë[™\™ŞWÜÜÚ]]™WØÛÛ[Z]YX[‹ŒKŒLNŒMÌNMÍLËLŒKŒŒMLNMŒŒÌŒŒÍMMÍLLËŒ‹ÌMMNNLÎËNKÍÎLNLÌLLÎMŒËLÍMMŒÎML‚”ÛÛ[˜K\\˜İX™K’TĞKM‹LŒŒËÜL›Ù\Ë[™\™ŞWÜÜÚ]]™WØÛÛ[Z]\\—ÜİMLLÍLLMÎN‹LLKŒLÌÌLÌLLÍM‹NKÍÎNLÍNNM‹ŒÎLŒÌLNËŒËÌLÍÌM”ÛÛ[˜K\\˜İX™K’TĞKM‹LŒŒËÜL›Ù\Ë[™\™ŞWÜÜÚ]]™WØÛÛ[Z]Ø[\WÜİÜİLËŒÍMLÌMLÍLÍÎNMËLL‹MÎMLLÍÌŒLNMKËŒÌÍMÌLŒNLŒ‹MËŒŒLÌÍÌMNNËËŒŒLŒÎLŒÍËNÌLMMLLÌÎL‚”ÛÛ[˜K\\˜İX™K’TĞKM‹LŒŒËÜL›Ù\Ë[™\™ŞWÜÜÚ]]™WØÛÛ[Z][WÛZ[—ÜİLŒËÍŒMLMNN‹LLŒÌÌLÍMLÎL‹ŒÍNÌMÍÌŒM‹LLNLNNLNM‹LËLLÎMÍMŒN‹MŒŒÎÍŒLMÎÍ”ÛÛ[˜K\\˜İX™K’TĞKM‹LŒŒËÜL›Ù\Ë[™\™ŞWÜÜÚ]]™WØÛÛ[Z][WÛX^ÜİKŒNMNÍÍMŒMÍLËLŒŒÍŒÌNMNLNKŒMÍLLLÌËÌ‹ŒÌŒÍLÍŒŒLMMKKŒLNMNN‹ÍKŒŒLŒÍLNLMÂ”ÛÛ[˜K\\˜İX™K’TĞKM‹LŒŒËÜL›Ù\Ë[™\™ŞWÜÜÚ]]™WØÛÛ[Z]˜[™ÙWØXœËLKÎNMŒŒLŒŒMKLLMÌÌLMMNMLNÍKMLÍŒLÌMŒNLLKÎNMŒŒLŒŒMK‹ŒMÌÍLLŒMŒÌŒ‹LKÎNMŒŒLŒŒMB”ÛÛ[˜K\\˜İX™K’TĞKM‹LŒŒËÜL›Ù\Ë[™\™ŞWÜÜÚ]]™WØÛÛ[Z]ØÙØXœË‹ŒÌLMÌLŒÍÎM‹LKÍNNŒNK‹ŒLMÎMÍ‹MNLÌNLMŒÌÍKŒŒÎMMÌLÌÍÌ‹ËŒÍMÎLMÌLB”ÛÛ[˜K\\˜İX™K’TĞKM‹LŒŒËÜL›Ù\Ë[™\™ŞWÜÜÚ]]™WØÛÛ[Z]ØÙÜİKŒNMNÍÍMŒMÍLËLŒÍÍNŒNKL‹ŒMÎLÍÍMÌŒËÌ‹ŒÌŒÍLÍŒŒLMMKKŒLNMNN‹ÍKŒŒLŒÍLNLMÂ”ÛÛ[˜K\\˜İX™K’TĞKM‹LŒŒËÜ›Ù\Ë[™\™ŞWÜÜÚ]]™WØÛÛ[Z]—ÛY]šXËŒLŒŒŒŒŒ”ÛÛ[˜K\\˜İX™K’TĞKM‹LŒŒËÜ›Ù\Ë[™\™ŞWÜÜÚ]]™WØÛÛ[Z]YX[‹”ÛÛ[˜K\\˜İX™K’TĞKM‹LŒŒËÜ›Ù\Ë[™\™ŞWÜÜÚ]]™WØÛÛ[Z]\\—Üİ”ÛÛ[˜K\\˜İX™K’TĞKM‹LŒŒËÜ›Ù\Ë[™\™ŞWÜÜÚ]]™WØÛÛ[Z]Ø[\WÜİÜİ”ÛÛ[˜K\\˜İX™K’TĞKM‹LŒŒËÜ›Ù\Ë[™\™ŞWÜÜÚ]]™WØÛÛ[Z][WÛZ[—Üİ”ÛÛ[˜K\\˜İX™K’TĞKM‹LŒŒËÜ›Ù\Ë[™\™ŞWÜÜÚ]]™WØÛÛ[Z][WÛX^Üİ”ÛÛ[˜K\\˜İX™K’TĞKM‹LŒŒËÜ›Ù\Ë[™\™ŞWÜÜÚ]]™WØÛÛ[Z]˜[™ÙWØXœË”ÛÛ[˜K\\˜İX™K’TĞKM‹LŒŒËÜ›Ù\Ë[™\™ŞWÜÜÚ]]™WØÛÛ[Z]ØÙØXœË”ÛÛ[˜K\\˜İX™K’TĞKM‹LŒŒËÜ›Ù\Ë[™\™ŞWÜÜÚ]]™WØÛÛ[Z]ØÙÜİ”ÛÛ[˜KØØ[KYœ™YKÔËM‹LŒŒËÜL›Ù\Ë[™\™ŞWÜÜÚ]]™WØÛÛ[Z]—ÛY]šXËŒLËŒKŒKŒŒËŒ”ÛÛ[˜KØØ[KYœ™YKÔËM‹LŒŒËÜL›Ù\Ë[™\™ŞWÜÜÚ]]™WØÛÛ[Z]YX[‹LŒÍÍÎNLÎÌMLŒ‹NLŒLÍMÌNMŒËŒÍÍLÍMŒÍËLKLLLLÎMÌÌMÎÌ‹ËÎLLÌŒÎLŒËL‹ŒÍÌŒMMÌÍM‚”ÛÛ[˜KØØ[KYœ™YKÔËM‹LŒŒËÜL›Ù\Ë[™\™ŞWÜÜÚ]]™WØÛÛ[Z]\\—ÜİËMŒMMÌËNMËŒŒÌLÍLŒÍÍËŒÍ‹ŒNMŒÍMÍÍÌÍÌÍŒÎKŒNLLÍMŒÌÍÍÂ”ÛÛ[˜KØØ[KYœ™YKÔËM‹LŒŒËÜL›Ù\Ë[™\™ŞWÜÜÚ]]™WØÛÛ[Z]Ø[\WÜİÜİMËŒÌLÍLÍLŒÍÍËÍËM‹LLÌNNLLLËKŒLÌMÍNLÍLŒNMË‹ÎÍÌÍŒÌŒÍŒNNÌKMÌÍÎNMÍMÍB”ÛÛ[˜KØØ[KYœ™YKÔËM‹LŒŒËÜL›Ù\Ë[™\™ŞWÜÜÚ]]™WØÛÛ[Z][WÛZ[—ÜİLŒ‹ÍŒŒŒNLÍ‹NLM‹ŒÎÌL‹LKŒMMLŒÍLMÌŒMMNŒLŒÎNMLMLÍLM‹Œ”ÛÛ[˜KØØ[KYœ™YKÔËM‹LŒŒËÜL›Ù\Ë[™\™ŞWÜÜÚ]]™WØÛÛ[Z][WÛX^ÜİŒ‹ŒÍMÍÌÍÍŒÍŒŒMÍKNM‹ŒÌÌMLÌÌÌÌÍMKŒKLMMLLMÍKŒÌ‹MNÍÎMNB”ÛÛ[˜KØØ[KYœ™YKÔËM‹LŒŒËÜL›Ù\Ë[™\™ŞWÜÜÚ]]™WØÛÛ[Z]˜[™ÙWØXœËMLNMÌÌŒMÌÌÌÌËNËÌÌÍMLÌÌMMLÌËŒMLNMÌÌŒMÌÌÌÌËŒMLNMÌÌŒMÌÌÌÌÂ”ÛÛ[˜KØØ[KYœ™YKÔËM‹LŒŒËÜL›Ù\Ë[™\™ŞWÜÜÚ]]™WØÛÛ[Z]ØÙØXœË‹ŒMÌNMÌNNNKLÍÌÍMÍKŒ‹MLLŒNLMKŒËŒLMÍÍLÍÍÍÎ”ÛÛ[˜KØØ[KYœ™YKÔËM‹LŒŒËÜL›Ù\Ë[™\™ŞWÜÜÚ]]™WØÛÛ[Z]ØÙÜİŒ‹ÍŒŒŒNLÍ‹NNÍLÍÍÌMNMKŒKLMMLLMÍKŒÌ‹MNÍÎMNB”ÛÛ[˜KØØ[KYœ™YKÔËM‹LŒŒËÜ›Ù\Ë[™\™ŞWÜÜÚ]]™WØÛÛ[Z]—ÛY]šXËŒLŒŒŒŒŒ”ÛÛ[˜KØØ[KYœ™YKÔËM‹LŒŒËÜ›Ù\Ë[™\™ŞWÜÜÚ]]™WØÛÛ[Z]YX[‹”ÛÛ[˜KØØ[KYœ™YKÔËM‹LŒŒËÜ›Ù\Ë[™\™ŞWÜÜÚ]]™WØÛÛ[Z]\\—Üİ”ÛÛ[˜KØØ[KYœ™YKÔËM‹LŒŒËÜ›Ù\Ë[™\™ŞWÜÜÚ]]™WØÛÛ[Z]Ø[\WÜİÜİ”ÛÛ[˜KØØ[KYœ™YKÔËM‹LŒŒËÜ›Ù\Ë[™\™ŞWÜÜÚ]]™WØÛÛ[Z][WÛZ[—Üİ”ÛÛ[˜KØØ[KYœ™YKÔËM‹LŒŒËÜ›Ù\Ë[™\™ŞWÜÜÚ]]™WØÛÛ[Z][WÛX^Üİ”ÛÛ[˜KØØ[KYœ™YKÔËM‹LŒŒËÜ›Ù\Ë[™\™ŞWÜÜÚ]]™WØÛÛ[Z]˜[™ÙWØXœË”ÛÛ[˜KØØ[KYœ™YKÔËM‹LŒŒËÜ›Ù\Ë[™\™ŞWÜÜÚ]]™WØÛÛ[Z]ØÙØXœË”ÛÛ[˜KØØ[KYœ™YKÔËM‹LŒŒËÜ›Ù\Ë[™\™ŞWÜÜÚ]]™WØÛÛ[Z]ØÙÜİ”ÛÛ[˜KØØ[KYœ™YK’QKM‹LŒŒËÜL›Ù\Ë[™\™ŞWÜÜÚ]]™WØÛÛ[Z]—ÛY]šXË‹ŒLKŒŒ‹ŒŒ‹Œ”ÛÛ[˜KØØ[KYœ™YK’QKM‹LŒŒËÜL›Ù\Ë[™\™ŞWÜÜÚ]]™WØÛÛ[Z]YX[‹LÍNMÍÌÌŒLÎÍÌKLÍNMÍÌÌŒLÎLLÎÍÌÍÌÌMÌËLMÌNNMÌLMMKLLÎÍÌÍÌÌMÌËLMÌNNMÌLMMB”ÛÛ[˜KØØ[KYœ™YK’QKM‹LŒŒËÜL›Ù\Ë[™\™ŞWÜÜÚ]]™WØÛÛ[Z]\\—Üİ‹ŒMMNŒÌLMÍÌKŒŒ‹ŒMMNŒÌLMŒ‹ŒMMNŒÌLM”ÛÛ[˜KØØ[KYœ™YK’QKM‹LŒŒËÜL›Ù\Ë[™\™ŞWÜÜÚ]]™WØÛÛ[Z]Ø[\WÜİÜİ‹LŒLÍÌMLÎMÍËLÍ‹LŒLÍÌMLÎMÍË‹LŒLÍÌMLÎMÍË‹LŒLÍÌMLÎMÍË‹LŒLÍÌMLÎMÍË‹LŒLÍÌMLÎMÍÂ”ÛÛ[˜KØØ[KYœ™YK’QKM‹LŒŒËÜL›Ù\Ë[™\™ŞWÜÜÚ]]™WØÛÛ[Z][WÛZ[—ÜİL‹ŒMMNŒÌLLŒÍKÍÌKŒL‹ŒMMNŒÌLLŒÍKŒL‹ŒMMNŒÌLLŒÍKŒ”ÛÛ[˜KØØ[KYœ™YK’QKM‹LŒŒËÜL›Ù\Ë[™\™ŞWÜÜÚ]]™WØÛÛ[Z][WÛX^Üİ‹ŒMMNŒÌLLŒÍKÍÌKŒŒ‹ŒMMNŒÌLLŒÍKŒ‹ŒMMNŒÌLLŒÍB”ÛÛ[˜KØØ[KYœ™YK’QKM‹LŒŒËÜL›Ù\Ë[™\™ŞWÜÜÚ]]™WØÛÛ[Z]˜[™ÙWØXœËLLÌÌNÍŒMÍÌKŒŒLLÌÌNÍŒMŒLLÌÌNÍŒM”ÛÛ[˜KØØ[KYœ™YK’QKM‹LŒŒËÜL›Ù\Ë[™\™ŞWÜÜÚ]]™WØÛÛ[Z]ØÙØXœËŒŒŒŒMŒÍNLMÌŒLËÍÌKŒŒŒŒŒŒMŒÍNLMÌŒLËŒŒŒŒŒMŒÍNLMÌŒLÂ”ÛÛ[˜KØØ[KYœ™YK’QKM‹LŒŒËÜL›Ù\Ë[™\™ŞWÜÜÚ]]™WØÛÛ[Z]ØÙÜİ‹ŒMMNŒÌLLŒÍKÍÌKŒŒ‹ŒMMNŒÌLLŒÍKŒ‹ŒMMNŒÌLLŒÍB”ÛÛ[˜KØØ[KYœ™YK’QKM‹LŒŒËÜ›Ù\Ë[™\™ŞWÜÜÚ]]™WØÛÛ[Z]—ÛY]šXËKŒLKŒŒKŒŒKŒ”ÛÛ[˜KØØ[KYœ™YK’QKM‹LŒŒËÜ›Ù\Ë[™\™ŞWÜÜÚ]]™WØÛÛ[Z]YX[‹LŒÌMÌLMLŒÌÎMMËÍKLŒÌMÌLMLŒÌÎMMËLŒÌMÌLMLŒÌÎMMËLŒÌMÌLMLŒÌÎMMËLŒÌMÌLMLŒÌÎMMËLŒÌMÌLMLŒÌÎMMÂ”ÛÛ[˜KØØ[KYœ™YK’QKM‹LŒŒËÜ›Ù\Ë[™\™ŞWÜÜÚ]]™WØÛÛ[Z]\\—ÜİŒÍKŒŒŒŒŒ”ÛÛ[˜KØØ[KYœ™YK’QKM‹LŒŒËÜ›Ù\Ë[™\™ŞWÜÜÚ]]™WØÛÛ[Z]Ø[\WÜİÜİ”ÛÛ[˜KØØ[KYœ™YK’QKM‹LŒŒËÜ›Ù\Ë[™\™ŞWÜÜÚ]]™WØÛÛ[Z][WÛZ[—ÜİŒÍKŒŒŒŒŒ”ÛÛ[˜KØØ[KYœ™YK’QKM‹LŒŒËÜ›Ù\Ë[™\™ŞWÜÜÚ]]™WØÛÛ[Z][WÛX^ÜİŒÍKŒŒŒŒŒ”ÛÛ[˜KØØ[KYœ™YK’QKM‹LŒŒËÜ›Ù\Ë[™\™ŞWÜÜÚ]]™WØÛÛ[Z]˜[™ÙWØXœËŒÍKŒŒŒŒŒ”ÛÛ[˜KØØ[KYœ™YK’QKM‹LŒŒËÜ›Ù\Ë[™\™ŞWÜÜÚ]]™WØÛÛ[Z]ØÙØXœËŒÍKŒŒŒŒŒ”ÛÛ[˜KØØ[KYœ™YK’QKM‹LŒŒËÜ›Ù\Ë[™\™ŞWÜÜÚ]]™WØÛÛ[Z]ØÙÜİŒÍKŒŒŒŒŒ”ÛÛ[˜KØØ[KYœ™YKĞQSKM‹LŒŒËÜL›Ù\Ë[™\™ŞWÜÜÚ]]™WØÛÛ[Z]—ÛY]šXË‹ŒLKŒŒ‹ŒŒ‹Œ”ÛÛ[˜KØØ[KYœ™YKĞQSKM‹LŒŒËÜL›Ù\Ë[™\™ŞWÜÜÚ]]™WØÛÛ[Z]YX[‹L‹ÍÍÍNNMÎÍŒN‹NKL‹ÍÍÍNNMÎÍŒN‹L‹LÍÌMÌMLŒLLÍLËŒMMLŒÌÎL‹LÍÌMÌMLŒLLÍLËŒMMLŒÌÎ”ÛÛ[˜KØØ[KYœ™YKĞQSKM‹LŒŒËÜL›Ù\Ë[™\™ŞWÜÜÚ]]™WØÛÛ[Z]\\—Üİ‹ÎMÍMÍÌNMËNKŒŒ‹ÎMÍMÍÌNMËŒ‹ÎMÍMÍÌNMÂ”ÛÛ[˜KØØ[KYœ™YKĞQSKM‹LŒŒËÜL›Ù\Ë[™\™ŞWÜÜÚ]]™WØÛÛ[Z]Ø[\WÜİÜİŒÍŒŒLM‹MÍM‹ŒÍŒŒLM‹ŒÍŒŒLM‹ŒÍŒŒLM‹ŒÍŒŒLM‹ŒÍŒŒLM‚”ÛÛ[˜KØØ[KYœ™YKĞQSKM‹LŒŒËÜL›Ù\Ë[™\™ŞWÜÜÚ]]™WØÛÛ[Z][WÛZ[—ÜİL‹ÎMÍMÍÌNMNKNKŒL‹ÎMÍMÍÌNMNKŒL‹ÎMÍMÍÌNMNKŒ”ÛÛ[˜KØØ[KYœ™YKĞQSKM‹LŒŒËÜL›Ù\Ë[™\™ŞWÜÜÚ]]™WØÛÛ[Z][WÛX^Üİ‹ÎMÍMÍÌNMNKNKŒŒ‹ÎMÍMÍÌNMNKŒ‹ÎMÍMÍÌNMNB”ÛÛ[˜KØØ[KYœ™YKĞQSKM‹LŒŒËÜL›Ù\Ë[™\™ŞWÜÜÚ]]™WØÛÛ[Z]˜[™ÙWØXœËÌÍÍMMÍÌÌËNKŒŒÌÍÍMMÍÌÌËŒÌÍÍMMÍÌÌÂ”ÛÛ[˜KØØ[KYœ™YKĞQSKM‹LŒŒËÜL›Ù\Ë[™\™ŞWÜÜÚ]]™WØÛÛ[Z]ØÙØXœËŒÍŒÎÌÌÌÎLMŒËNKŒŒŒÍŒÎÌÌÌÎLMŒËŒŒÍŒÎÌÌÌÎLMŒÂ”ÛÛ[˜KØØ[KYœ™YKĞQSKM‹LŒŒËÜL›Ù\Ë[™\™ŞWÜÜÚ]]™WØÛÛ[Z]ØÙÜİ‹ÎMÍMÍÌNMNKNKŒŒ‹ÎMÍMÍÌNMNKŒ‹ÎMÍMÍÌNMNB”ÛÛ[˜KØØ[KYœ™YKĞQSKM‹LŒŒËÜ›Ù\Ë[™\™ŞWÜÜÚ]]™WØÛÛ[Z]—ÛY]šXËL‹ŒLŒŒKŒŒKŒ”ÛÛ[˜KØØ[KYœ™YKĞQSKM‹LŒŒËÜ›Ù\Ë[™\™ŞWÜÜÚ]]™WØÛÛ[Z]YX[‹MŒÌLNMLŒŒLÍLM‹LMŒÎÍMÌNLÌNMËLËLŒMMÍML‹MKMÌMŒÍLÍMLËLËŒLŒŒLÍÎKMKÎŒMLLM‚”ÛÛ[˜KØØ[KYœ™YKĞQSKM‹LŒŒËÜ›Ù\Ë[™\™ŞWÜÜÚ]]™WØÛÛ[Z]\\—ÜİŒKNLÍŒÌMLÌNÎKLNKŒÌNLMÌÎMLLKÍÍÍÎÌÎ‹ÍÎMLÍMNN‹KMÍŒŒLNMÍ‹ŒMNLNLÍLÌ‚”ÛÛ[˜KØØ[KYœ™YKĞQSKM‹LŒŒËÜ›Ù\Ë[™\™ŞWÜÜÚ]]™WØÛÛ[Z]Ø[\WÜİÜİM‹ŒŒMŒNLLÍLËLM‹ŒŒŒÌMŒÌLÍÌ‹LŒMMMÎŒMLLÌNKŒLNLÌLŒMËÍMÍÎMÍÍŒKNKMLNMÎB”ÛÛ[˜KØØ[KYœ™YKĞQSKM‹LŒŒËÜ›Ù\Ë[™\™ŞWÜÜÚ]]™WØÛÛ[Z][WÛZ[—ÜİLŒ‹ÍLÌNLMMMÌLLŒÍÍNMMLKŒÎNÍÍŒÍËLL‹LŒLŒM‹L‹ÍÌMÍŒMÎNKŒMÍB”ÛÛ[˜KØØ[KYœ™YKĞQSKM‹LŒŒËÜ›Ù\Ë[™\™ŞWÜÜÚ]]™WØÛÛ[Z][WÛX^ÜİÌKŒLNŒMÌÍÎLËLŒLŒÍŒÎMMKÎLLÌMÍÍ‹ÍKMÌMÍNMÍÍÍÍKLËŒLÌÎÍŒNLNÎKŒŒLMÌNÌL”ÛÛ[˜KØØ[KYœ™YKĞQSKM‹LŒŒËÜ›Ù\Ë[™\™ŞWÜÜÚ]]™WØÛÛ[Z]˜[™ÙWØXœËËÌŒMÌËL‹LMÍÍLNÎLÍMÎMÍMŒNÍËÌŒMÌËËŒÍŒÍÍLÌMÍM‹ËÌŒMÌÂ”ÛÛ[˜KØØ[KYœ™YKĞQSKM‹LŒŒËÜ›Ù\Ë[™\™ŞWÜÜÚ]]™WØÛÛ[Z]ØÙØXœËLÎNMLLMŒÍËLŒMMÍÍLNMŒÍMŒK‹ŒÍNÎÍMÌŒKŒÌMÎÍNMŒÌËKÍŒÍNMMÎNŒËKŒÎNNLÎLÎB”ÛÛ[˜KØØ[KYœ™YKĞQSKM‹LŒŒËÜ›Ù\Ë[™\™ŞWÜÜÚ]]™WØÛÛ[Z]ØÙÜİÌKŒLNŒMÌÍÎLËLŒLŒÍŒÎMMËŒMMNLÍ‹ÍKMÌMÍNMÍÍÍÍKLËŒLÌÎÍŒNLNÎKŒŒLMÌNÌL”ÛÛ[˜KØØ[KYœ™YKØ[Z[™ËM‹LŒŒËÜL›Ù\Ë[™\™ŞWÜÜÚ]]™WØÛÛ[Z]—ÛY]šXË‹ŒLKŒŒ‹ŒŒ‹Œ”ÛÛ[˜KØØ[KYœ™YKØ[Z[™ËM‹LŒŒËÜL›Ù\Ë[™\™ŞWÜÜÚ]]™WØÛÛ[Z]YX[‹ŒNLŒÍÍÌŒŒÌMËÍMÌŒNLŒÍÍÌŒŒÌMËNKMNMMÌMMNL‹Œ‹MLŒÌÍÍÍLÍ‹NKMNMMÌMMNL‹Œ‹MLŒÌÍÍÍLÍ‚”ÛÛ[˜KØØ[KYœ™YKØ[Z[™ËM‹LŒŒËÜL›Ù\Ë[™\™ŞWÜÜÚ]]™WØÛÛ[Z]\\—Üİ‹LNMMÍNNM‹ÍMÌŒŒ‹LNMMÍNNM‹Œ‹LNMMÍNNM‚”ÛÛ[˜KØØ[KYœ™YKØ[Z[™ËM‹LŒŒËÜL›Ù\Ë[™\™ŞWÜÜÚ]]™WØÛÛ[Z]Ø[\WÜİÜİKŒMÌÍÌÍÌÍÎMKŒMÌÍÌÍÌÍÎKŒMÌÍÌÍÌÍÎKŒMÌÍÌÍÌÍÎKŒMÌÍÌÍÌÍÎKŒMÌÍÌÍÌÍÎ”ÛÛ[˜KØØ[KYœ™YKØ[Z[™ËM‹LŒŒËÜL›Ù\Ë[™\™ŞWÜÜÚ]]™WØÛÛ[Z][WÛZ[—ÜİM‹LNMMÍNNÌ‹ÍMÌŒM‹LNMMÍNNÌ‹ŒM‹LNMMÍNNÌ‹Œ”ÛÛ[˜KØØ[KYœ™YKØ[Z[™ËM‹LŒŒËÜL›Ù\Ë[™\™ŞWÜÜÚ]]™WØÛÛ[Z][WÛX^Üİ‹LNMMÍNNM‹ÍMÌŒŒ‹LNMMÍNNM‹Œ‹LNMMÍNNM‚”ÛÛ[˜KØØ[KYœ™YKØ[Z[™ËM‹LŒŒËÜL›Ù\Ë[™\™ŞWÜÜÚ]]™WØÛÛ[Z]˜[™ÙWØXœË‹MÌÌÌŒLMÍMÌŒŒ‹MÌÌÌŒLMŒ‹MÌÌÌŒLM”ÛÛ[˜KØØ[KYœ™YKØ[Z[™ËM‹LŒŒËÜL›Ù\Ë[™\™ŞWÜÜÚ]]™WØÛÛ[Z]ØÙØXœËKÌŒMŒLÌŒŒNÍMÌŒŒKÌŒMŒLÌŒŒNŒKÌŒMŒLÌŒŒN”ÛÛ[˜KØØ[KYœ™YKØ[Z[™ËM‹LŒŒËÜL›Ù\Ë[™\™ŞWÜÜÚ]]™WØÛÛ[Z]ØÙÜİ‹LNMMÍNNÌ‹ÍMÌŒŒ‹LNMMÍNNÌ‹Œ‹LNMMÍNNÌ‚”ÛÛ[˜KØØ[KYœ™YKØ[Z[™ËM‹LŒŒËÜ›Ù\Ë[™\™ŞWÜÜÚ]]™WØÛÛ[Z]—ÛY]šXËŒLŒŒŒŒŒ”ÛÛ[˜KØØ[KYœ™YKØ[Z[™ËM‹LŒŒËÜ›Ù\Ë[™\™ŞWÜÜÚ]]™WØÛÛ[Z]YX[‹”ÛÛ[˜KØØ[KYœ™YKØ[Z[™ËM‹LŒŒËÜ›Ù\Ë[™\™ŞWÜÜÚ]]™WØÛÛ[Z]\\—Üİ”ÛÛ[˜KØØ[KYœ™YKØ[Z[™ËM‹LŒŒËÜ›Ù\Ë[™\™ŞWÜÜÚ]]™WØÛÛ[Z]Ø[\WÜİÜİ”ÛÛ[˜KØØ[KYœ™YKØ[Z[™ËM‹LŒŒËÜ›Ù\Ë[™\™ŞWÜÜÚ]]™WØÛÛ[Z][WÛZ[—Üİ”ÛÛ[˜KØØ[KYœ™YKØ[Z[™ËM‹LŒŒËÜ›Ù\Ë[™\™ŞWÜÜÚ]]™WØÛÛ[Z][WÛX^Üİ”ÛÛ[˜KØØ[KYœ™YKØ[Z[™ËM‹LŒŒËÜ›Ù\Ë[™\™ŞWÜÜÚ]]™WØÛÛ[Z]˜[™ÙWØXœË”ÛÛ[˜KØØ[KYœ™YKØ[Z[™ËM‹LŒŒËÜ›Ù\Ë[™\™ŞWÜÜÚ]]™WØÛÛ[Z]ØÙØXœË”ÛÛ[˜KØØ[KYœ™YKØ[Z[™ËM‹LŒŒËÜ›Ù\Ë[™\™ŞWÜÜÚ]]™WØÛÛ[Z]ØÙÜİ”ÛÛ[˜KØØ[KYœ™YK^T[M‹LŒŒËÜL›Ù\Ë[™\™ŞWÜÜÚ]]™WØÛÛ[Z]—ÛY]šXËKŒLËŒKŒ‹ŒŒŒ”ÛÛ[˜KØØ[KYœ™YK^T[M‹LŒŒËÜL›Ù\Ë[™\™ŞWÜÜÚ]]™WØÛÛ[Z]YX[‹Œ‹ÍMŒŒÌM‹NŒ‹ÌLŒMNMNNKŒMMŒŒŒMLÍ‹‹NÌÎM‹NŒMLLÌNŒMMËËLLMNLÎÌ‚”ÛÛ[˜KØØ[KYœ™YK^T[M‹LŒŒËÜL›Ù\Ë[™\™ŞWÜÜÚ]]™WØÛÛ[Z]\\—ÜİËMÎMÍÍÎÍËNMKMŒLMMÌLŒÍŒMÌŒNLLLÎÌÌÍKŒÎÌÎMŒÌL‚”ÛÛ[˜KØØ[KYœ™YK^T[M‹LŒŒËÜL›Ù\Ë[™\™ŞWÜÜÚ]]™WØÛÛ[Z]Ø[\WÜİÜİM‹MMMŒÎLÍL‹ÎKM‹ŒÌLMÍÍ‹ËŒLÎMÌMNMÎL‹KŒLNLLNLL‹ÍLMÌNMÌÍLL‹KMLMÌLNMÌÍB”ÛÛ[˜KØØ[KYœ™YK^T[M‹LŒŒËÜL›Ù\Ë[™\™ŞWÜÜÚ]]™WØÛÛ[Z][WÛZ[—ÜİLŒŒŒÍÌMŒŒËNLMKÍLŒNMLMMŒÎ‹LLÌÌÌÍM‹ŒL‹MÍÍÎÌÌÌŒ”ÛÛ[˜KØØ[KYœ™YK^T[M‹LŒŒËÜL›Ù\Ë[™\™ŞWÜÜÚ]]™WØÛÛ[Z][WÛX^ÜİŒKŒLMŒMMLLÌLKNMKMNMLŒLÌLKŒŒNÎLLŒMMNÍ‹ŒÌ‹MÌNÍMLÌB”ÛÛ[˜KØØ[KYœ™YK^T[M‹LŒŒËÜL›Ù\Ë[™\™ŞWÜÜÚ]]™WØÛÛ[Z]˜[™ÙWØXœËKÍŒÍLMŒÌLŒMNËMMŒNMŒLMÎN‹ŒKÍŒÍLMŒÌLŒMŒKÍŒÍLMŒÌLŒM”ÛÛ[˜KØØ[KYœ™YK^T[M‹LŒŒËÜL›Ù\Ë[™\™ŞWÜÜÚ]]™WØÛÛ[Z]ØÙØXœËLŒLLÍÍNŒNMÌLMÎLŒKŒ‹ŒÌLÌÍÎLÌÌÌŒ‹MMLŒLÌÍB”ÛÛ[˜KØØ[KYœ™YK^T[M‹LŒŒËÜL›Ù\Ë[™\™ŞWÜÜÚ]]™WØÛÛ[Z]ØÙÜİŒKŒLMŒMMLLÌLKNNŒÌMÍŒÌÍÍŒŒNÎLLŒMMNÍ‹ŒÌ‹MÌNÍMLÌB”ÛÛ[˜KØØ[KYœ™YK^T[M‹LŒŒËÜ›Ù\Ë[™\™ŞWÜÜÚ]]™WØÛÛ[Z]—ÛY]šXËŒLŒŒŒŒŒ”ÛÛ[˜KØØ[KYœ™YK^T[M‹LŒŒËÜ›Ù\Ë[™\™ŞWÜÜÚ]]™WØÛÛ[Z]YX[‹”ÛÛ[˜KØØ[KYœ™YK^T[M‹LŒŒËÜ›Ù\Ë[™\™ŞWÜÜÚ]]™WØÛÛ[Z]\\—Üİ”ÛÛ[˜KØØ[KYœ™YK^T[M‹LŒŒËÜ›Ù\Ë[™\™ŞWÜÜÚ]]™WØÛÛ[Z]Ø[\WÜİÜİ”ÛÛ[˜KØØ[KYœ™YK^T[M‹LŒŒËÜ›Ù\Ë[™\™ŞWÜÜÚ]]™WØÛÛ[Z][WÛZ[—Üİ”ÛÛ[˜KØØ[KYœ™YK^T[M‹LŒŒËÜ›Ù\Ë[™\™ŞWÜÜÚ]]™WØÛÛ[Z][WÛX^Üİ”ÛÛ[˜KØØ[KYœ™YK^T[M‹LŒŒËÜ›Ù\Ë[™\™ŞWÜÜÚ]]™WØÛÛ[Z]˜[™ÙWØXœË”ÛÛ[˜KØØ[KYœ™YK^T[M‹LŒŒËÜ›Ù\Ë[™\™ŞWÜÜÚ]]™WØÛÛ[Z]ØÙØXœË”ÛÛ[˜KØØ[KYœ™YK^T[M‹LŒŒËÜ›Ù\Ë[™\™ŞWÜÜÚ]]™WØÛÛ[Z]ØÙÜİ”ÛÛ[˜KØØ[KYœ™YK’TĞKM‹LŒŒËÜL›Ù\Ë[™\™ŞWÜÜÚ]]™WØÛÛ[Z]—ÛY]šXËMŒLKŒ‹ŒËŒKŒKŒ”ÛÛ[˜KØØ[KYœ™YK’TĞKM‹LŒŒËÜL›Ù\Ë[™\™ŞWÜÜÚ]]™WØÛÛ[Z]YX[‹ŒKÌÍÌLMÍMLŒKÍMÎMÍLÌÎNŒ‹NKLNÎÌMMŒ‹ŒËŒLLŒ‹NŒNMÍMÌLMÌNMKKÌMÌLÌMMMÌÎN”ÛÛ[˜KØØ[KYœ™YK’TĞKM‹LŒŒËÜL›Ù\Ë[™\™ŞWÜÜÚ]]™WØÛÛ[Z]\\—ÜİMËLŒÌŒÌLLLKLL‹ŒNÍMŒMMLÍÎLÍË‹NMNMÍŒLLLËKŒÌMÌMNŒŒËŒLLÎLLÎMÎÌÌÂ”ÛÛ[˜KØØ[KYœ™YK’TĞKM‹LŒŒËÜL›Ù\Ë[™\™ŞWÜÜÚ]]™WØÛÛ[Z]Ø[\WÜİÜİLKLLŒMŒNËNLLKŒÌÌÍÌÍŒÌLÌKÌMÎNLÌÌLÍ‹M‹LÍMMMŒMKŒNLÍÌŒÍMLÍM‹Œ‹ŒLMLLMLÍNMB”ÛÛ[˜KØØ[KYœ™YK’TĞKM‹LŒŒËÜL›Ù\Ë[™\™ŞWÜÜÚ]]™WØÛÛ[Z][WÛZ[—ÜİLM‹ÎŒLÌLÎNLLL‹LÍLLŒMÌ‹LNKŒNÍMLËMŒÎÍMÍÌLMLŒ‹LŒNNLLLÌÌMŒ”ÛÛ[˜KØØ[KYœ™YK’TĞKM‹LŒŒËÜL›Ù\Ë[™\™ŞWÜÜÚ]]™WØÛÛ[Z][WÛX^ÜİNKÍNMNLÌÎÍM‹LMŒMÌŒÌÎMÍKËÍŒÌLŒNMNNŒËŒ‹ÎŒMLŒ‹ŒËŒNLNNÂ”ÛÛ[˜KØØ[KYœ™YK’TĞKM‹LŒŒËÜL›Ù\Ë[™\™ŞWÜÜÚ]]™WØÛÛ[Z]˜[™ÙWØXœËŒMŒÍÎLÌL‹ŒNNMÌŒÎNÎML‹KLLŒMŒÌMLÎÍŒÎL‹ŒMŒÍÎLÌŒŒMŒÍÎLÌ”ÛÛ[˜KØØ[KYœ™YK’TĞKM‹LŒŒËÜL›Ù\Ë[™\™ŞWÜÜÚ]]™WØÛÛ[Z]ØÙØXœËŒÍLÌÌÍÌÍNKLËŒMŒŒÌLÎLMLKKŒNMÍÍLLÌMÌËLLÌÎLÌÍM‹ŒKNÍŒMNMÍÍLÂ”ÛÛ[˜KØØ[KYœ™YK’TĞKM‹LŒŒËÜL›Ù\Ë[™\™ŞWÜÜÚ]]™WØÛÛ[Z]ØÙÜİNKÍNMNLÌÎÍM‹LMKNLŒMMLŒLÌKMŒÌLNNLÍŒ‹Œ‹MLÌÌŒMLLÍËŒËŒNLNNÂ”ÛÛ[˜KØØ[KYœ™YK’TĞKM‹LŒŒËÜ›Ù\Ë[™\™ŞWÜÜÚ]]™WØÛÛ[Z]—ÛY]šXËŒLŒŒŒŒŒ”ÛÛ[˜KØØ[KYœ™YK’TĞKM‹LŒŒËÜ›Ù\Ë[™\™ŞWÜÜÚ]]™WØÛÛ[Z]YX[‹”ÛÛ[˜KØØ[KYœ™YK’TĞKM‹LŒŒËÜ›Ù\Ë[™\™ŞWÜÜÚ]]™WØÛÛ[Z]\\—Üİ”ÛÛ[˜KØØ[KYœ™YK’TĞKM‹LŒŒËÜ›Ù\Ë[™\™ŞWÜÜÚ]]™WØÛÛ[Z]Ø[\WÜİÜİ”ÛÛ[˜KØØ[KYœ™YK’TĞKM‹LŒŒËÜ›Ù\Ë[™\™ŞWÜÜÚ]]™WØÛÛ[Z][WÛZ[—Üİ”ÛÛ[˜KØØ[KYœ™YK’TĞKM‹LŒŒËÜ›Ù\Ë[™\™ŞWÜÜÚ]]™WØÛÛ[Z][WÛX^Üİ”ÛÛ[˜KØØ[KYœ™YK’TĞKM‹LŒŒËÜ›Ù\Ë[™\™ŞWÜÜÚ]]™WØÛÛ[Z]˜[™ÙWØXœË”ÛÛ[˜KØØ[KYœ™YK’TĞKM‹LŒŒËÜ›Ù\Ë[™\™ŞWÜÜÚ]]™WØÛÛ[Z]ØÙØXœË”ÛÛ[˜KØØ[KYœ™YK’TĞKM‹LŒŒËÜ›Ù\Ë[™\™ŞWÜÜÚ]]™WØÛÛ[Z]ØÙÜİ”ÛÛ[˜KÜ\ËÔËM‹LŒŒËÜL›Ù\Ë[™\™ŞWÜÜÚ]]™WØÛÛ[Z]—ÛY]šXËLËŒLKŒKŒKŒKŒKŒ”ÛÛ[˜KÜ\ËÔËM‹LŒŒËÜL›Ù\Ë[™\™ŞWÜÜÚ]]™WØÛÛ[Z]YX[‹LÌÍÌLLNLLLÌLLÌMNŒÎKLŒÎMÌÍÎLKŒLMŒMŒÍÌÎÌŒKLŒŒŒNLÍŒÌNLKŒŒLNMLŒÌ”ÛÛ[˜KÜ\ËÔËM‹LŒŒËÜL›Ù\Ë[™\™ŞWÜÜÚ]]™WØÛÛ[Z]\\—ÜİMËLLMLLLLMËLM‹ŒÍŒNNLKŒMLÍNMÌKŒMNLÍNLÍÌËŒÍLŒNKŒÍÌŒNLMN”ÛÛ[˜KÜ\ËÔËM‹LŒŒËÜL›Ù\Ë[™\™ŞWÜÜÚ]]™WØÛÛ[Z]Ø[\WÜİÜİLKŒMÌÌÎLÎNLLKŒÍÌLNLNMNMËŒNLLLŒMŒÍÍ‹L‹ÍNLÌLŒMÍNË‹ŒMNLŒÍÍÎMKLËŒŒÍMNMLLL”ÛÛ[˜KÜ\ËÔËM‹LŒŒËÜL›Ù\Ë[™\™ŞWÜÜÚ]]™WØÛÛ[Z][WÛZ[—ÜİLL‹ÎMLMÎLÍL‹LLL‹MLÌLÌLÍMËLMKMÎLLMŒŒÎNKŒMNMNLLKLM‹ÌÍÌÍÌŒÌMÌ‹MËŒNMÎMNLL”ÛÛ[˜KÜ\ËÔËM‹LŒŒËÜL›Ù\Ë[™\™ŞWÜÜÚ]]™WØÛÛ[Z][WÛX^ÜİŒËŒNÎLMÍLKLŒLŒMŒMÎMNLËLNLÎMMNÌÍKLÍÍÌLÍMNMŒËKÍMLÌÍMŒŒMÌMÎLÌL‚”ÛÛ[˜KÜ\ËÔËM‹LŒŒËÜL›Ù\Ë[™\™ŞWÜÜÚ]]™WØÛÛ[Z]˜[™ÙWØXœËËŒLLÍMÎLËÎMŒNNMÌŒŒLË‹ŒÍÎLMÌÌËËŒLLÍMÎKÌÎMNÌŒM‹ËŒLLÍMÎ”ÛÛ[˜KÜ\ËÔËM‹LŒŒËÜL›Ù\Ë[™\™ŞWÜÜÚ]]™WØÛÛ[Z]ØÙØXœË‹LLŒMÌMŒËL‹ŒŒLÌÍLÎLKKŒÍÍMMNMË‹ÌŒMLMŒNMËKŒŒNLMLŒMŒLMË‹LÍLÍÍÌMÌMM”ÛÛ[˜KÜ\ËÔËM‹LŒŒËÜL›Ù\Ë[™\™ŞWÜÜÚ]]™WØÛÛ[Z]ØÙÜİŒËŒNÎLMÍLKLŒLŒMŒMÎMNLËL‹ŒLMNMÍNMMËKLÍÍÌLÍMNMŒËKÎÌÍNÍÎËŒŒMÌMÎLÌL‚”ÛÛ[˜KÜ\ËÔËM‹LŒŒËÜ›Ù\Ë[™\™ŞWÜÜÚ]]™WØÛÛ[Z]—ÛY]šXËŒLŒŒŒŒŒ”ÛÛ[˜KÜ\ËÔËM‹LŒŒËÜ›Ù\Ë[™\™ŞWÜÜÚ]]™WØÛÛ[Z]YX[‹”ÛÛ[˜KÜ\ËÔËM‹LŒŒËÜ›Ù\Ë[™\™ŞWÜÜÚ]]™WØÛÛ[Z]\\—Üİ”ÛÛ[˜KÜ\ËÔËM‹LŒŒËÜ›Ù\Ë[™\™ŞWÜÜÚ]]™WØÛÛ[Z]Ø[\WÜİÜİ”ÛÛ[˜KÜ\ËÔËM‹LŒŒËÜ›Ù\Ë[™\™ŞWÜÜÚ]]™WØÛÛ[Z][WÛZ[—Üİ”ÛÛ[˜KÜ\ËÔËM‹LŒŒËÜ›Ù\Ë[™\™ŞWÜÜÚ]]™WØÛÛ[Z][WÛX^Üİ”ÛÛ[˜KÜ\ËÔËM‹LŒŒËÜ›Ù\Ë[™\™ŞWÜÜÚ]]™WØÛÛ[Z]˜[™ÙWØXœË”ÛÛ[˜KÜ\ËÔËM‹LŒŒËÜ›Ù\Ë[™\™ŞWÜÜÚ]]™WØÛÛ[Z]ØÙØXœË”ÛÛ[˜KÜ\ËÔËM‹LŒŒËÜ›Ù\Ë[™\™ŞWÜÜÚ]]™WØÛÛ[Z]ØÙÜİ”ÛÛ[˜KÜ\Ë’QKM‹LŒŒËÜL›Ù\Ë[™\™ŞWÜÜÚ]]™WØÛÛ[Z]—ÛY]šXËLŒLËŒ‹ŒŒ‹ŒKŒ”ÛÛ[˜KÜ\Ë’QKM‹LŒŒËÜL›Ù\Ë[™\™ŞWÜÜÚ]]™WØÛÛ[Z]YX[‹KŒLÌŒMŒMNLKŒÌÍNÌLMÍKMÌÍÌÍÍÎLËKŒMNLŒMÎLMÌMKŒMMŒÌNLÌLMËKMNŒLÎNŒMMLN”ÛÛ[˜KÜ\Ë’QKM‹LŒŒËÜL›Ù\Ë[™\™ŞWÜÜÚ]]™WØÛÛ[Z]\\—ÜİŒ‹ÌŒÌLÌÎMNLKLNÌÍLÍMMMÌÌMKLKŒÌLLLMÍÍLKKNNLÌKŒNLNÍÌLNKÌ‹ÌŒLÍÎLÍÌÍÌÍB”ÛÛ[˜KÜ\Ë’QKM‹LŒŒËÜL›Ù\Ë[™\™ŞWÜÜÚ]]™WØÛÛ[Z]Ø[\WÜİÜİMKŒÎLNMÌMŒËLMKŒÌÌLÌÎMËLÍNŒÎMÎMÌKNÍLNÎÍŒËŒÍÌŒÍÎLKŒŒÎMMŒLÎLŒŒB”ÛÛ[˜KÜ\Ë’QKM‹LŒŒËÜL›Ù\Ë[™\™ŞWÜÜÚ]]™WØÛÛ[Z][WÛZ[—ÜİLŒËLŒÍÍNLMLKLLŒKNMMÌÌŒMÎMMÍKL‹LMÌÌMŒÌÍ‹LM‹LÎŒŒLNMËLËLŒÌÍŒÍNMËŒLŒMŒÎMÍÂ”ÛÛ[˜KÜ\Ë’QKM‹LŒŒËÜL›Ù\Ë[™\™ŞWÜÜÚ]]™WØÛÛ[Z][WÛX^ÜİŒËŒMLÍNMMMMMNKLŒMLLÍÌM‹LËŒÌMÎMÌKŒLLMŒÌLNKŒNMLÍLNMÍÎKÌKŒŒÍMLÍLÂ”ÛÛ[˜KÜ\Ë’QKM‹LŒŒËÜL›Ù\Ë[™\™ŞWÜÜÚ]]™WØÛÛ[Z]˜[™ÙWØXœËŒŒÍMÌMÌÌMLLÍKLËNMMLÍK‹ÌMLÎLÍŒKŒŒÍMÌMÌÌMLLÍKKMÌLMMÎÍMÍNÌËŒŒÍMÌMÌÌMLLÍB”ÛÛ[˜KÜ\Ë’QKM‹LŒŒËÜL›Ù\Ë[™\™ŞWÜÜÚ]]™WØÛÛ[Z]ØÙØXœË‹ŒLÌLÌNLNÍKL‹ŒLŒNÍMÎËKŒMNMÍÎË‹MÌÎMÍÌMLMMÎLKLNLLÌÍN‹ÌÌMÎLLÌM”ÛÛ[˜KÜ\Ë’QKM‹LŒŒËÜL›Ù\Ë[™\™ŞWÜÜÚ]]™WØÛÛ[Z]ØÙÜİŒËLŒÍÍNLMLKLŒËŒŒÍMMÌMLÌŒNL‹M‹LÌLMNŒL‹ŒLLMŒÌLNKŒNMLÍLNMÍÎKÌKŒŒÍMLÍLÂ”ÛÛ[˜KÜ\Ë’QKM‹LŒŒËÜ›Ù\Ë[™\™ŞWÜÜÚ]]™WØÛÛ[Z]—ÛY]šXËŒLŒŒŒŒŒ”ÛÛ[˜KÜ\Ë’QKM‹LŒŒËÜ›Ù\Ë[™\™ŞWÜÜÚ]]™WØÛÛ[Z]YX[‹”ÛÛ[˜KÜ\Ë’QKM‹LŒŒËÜ›Ù\Ë[™\™ŞWÜÜÚ]]™WØÛÛ[Z]\\—Üİ”ÛÛ[˜KÜ\Ë’QKM‹LŒŒËÜ›Ù\Ë[™\™ŞWÜÜÚ]]™WØÛÛ[Z]Ø[\WÜİÜİ”ÛÛ[˜KÜ\Ë’QKM‹LŒŒËÜ›Ù\Ë[™\™ŞWÜÜÚ]]™WØÛÛ[Z][WÛZ[—Üİ”ÛÛ[˜KÜ\Ë’QKM‹LŒŒËÜ›Ù\Ë[™\™ŞWÜÜÚ]]™WØÛÛ[Z][WÛX^Üİ”ÛÛ[˜KÜ\Ë’QKM‹LŒŒËÜ›Ù\Ë[™\™ŞWÜÜÚ]]™WØÛÛ[Z]˜[™ÙWØXœË”ÛÛ[˜KÜ\Ë’QKM‹LŒŒËÜ›Ù\Ë[™\™ŞWÜÜÚ]]™WØÛÛ[Z]ØÙØXœË”ÛÛ[˜KÜ\Ë’QKM‹LŒŒËÜ›Ù\Ë[™\™ŞWÜÜÚ]]™WØÛÛ[Z]ØÙÜİ”ÛÛ[˜KÜ\ËĞQSKM‹LŒŒËÜL›Ù\Ë[™\™ŞWÜÜÚ]]™WØÛÛ[Z]—ÛY]šXËLËŒLKŒKŒKŒKŒKŒ”ÛÛ[˜KÜ\ËĞQSKM‹LŒŒËÜL›Ù\Ë[™\™ŞWÜÜÚ]]™WØÛÛ[Z]YX[‹MKÎMÌÌÍMÍKLMKŒŒMMMÌÌMÎMÍLNÍLM‹ŒLÍÍÍÍLMËMLÍÎLLMÍMÌÍ‹M‹ÍLÍÍÍÂ”ÛÛ[˜KÜ\ËĞQSKM‹LŒŒËÜL›Ù\Ë[™\™ŞWÜÜÚ]]™WØÛÛ[Z]\\—ÜİMËÎÍŒLÌÌM‹LMËŒÌLMÎÌMMËŒNLNÌŒËÌËŒMÌNÍÎMŒ‹ŒÍNMÌŒKÌËNŒÌNNLÍ‚”ÛÛ[˜KÜ\ËĞQSKM‹LŒŒËÜL›Ù\Ë[™\™ŞWÜÜÚ]]™WØÛÛ[Z]Ø[\WÜİÜİMMÌÌÍŒŒŒÌL‹LMKÍÌNNÍÌMËLŒÌÎLMŒLÍNMLËMËLLNÌNLÌNKŒNMÌÍÍKNŒNMÍLNLLL‚”ÛÛ[˜KÜ\ËĞQSKM‹LŒŒËÜL›Ù\Ë[™\™ŞWÜÜÚ]]™WØÛÛ[Z][WÛZ[—ÜİLÌÌMLNLMËLL‹ÎNLÍÎLLMËLÌLŒÌŒÌMÌÎLŒKNMÌNLLÌÌ‹LÌ‹ÍMŒLLNLNKŒMLŒMŒMŒÌ‚”ÛÛ[˜KÜ\ËĞQSKM‹LŒŒËÜL›Ù\Ë[™\™ŞWÜÜÚ]]™WØÛÛ[Z][WÛX^ÜİM‹LLÌÍÍMŒMNMÌKLMKÍÌMÌÌÌÌÎMÍLŒÌLMKŒKŒŒÌMLMÌÌMM‹ËŒŒÌMLÌŒÎŒ‹ÍLŒÌMLMB”ÛÛ[˜KÜ\ËĞQSKM‹LŒŒËÜL›Ù\Ë[™\™ŞWÜÜÚ]]™WØÛÛ[Z]˜[™ÙWØXœË‹NLMÌLÌÍNÍLMËL‹NLMLLMÍL‹KLÌÎMLŒÎNË‹NLMÌLÌÍNÍLMË‹ÍLMŒMLÍMÌ‹‹NLMÌLÌÍNÍLMÂ”ÛÛ[˜KÜ\ËĞQSKM‹LŒŒËÜL›Ù\Ë[™\™ŞWÜÜÚ]]™WØÛÛ[Z]ØÙØXœËÌNÍLÎLNLŒŒÌLMŒÍMÍËŒÎMŒNMMÌLLLŒNLLŒÌNNŒÎMËKLÌÍÍÎMŒÍÌKŒLÌŒÌMÌLÌMÂ”ÛÛ[˜KÜ\ËĞQSKM‹LŒŒËÜL›Ù\Ë[™\™ŞWÜÜÚ]]™WØÛÛ[Z]ØÙÜİÌÌMLNLMËL‹ÎNLÍÎLLMËŒKNMÌNLLÌÌ‹ÌLŒÌŒÌMÌÎKŒMLŒMŒMŒÌ‹Ì‹ÍMŒLLNL”ÛÛ[˜KÜ\ËĞQSKM‹LŒŒËÜ›Ù\Ë[™\™ŞWÜÜÚ]]™WØÛÛ[Z]—ÛY]šXËLËŒLKŒKŒKŒKŒKŒ”ÛÛ[˜KÜ\ËĞQSKM‹LŒŒËÜ›Ù\Ë[™\™ŞWÜÜÚ]]™WØÛÛ[Z]YX[‹LËMÍŒŒLKLLËLŒMMMÍÌLNL‹LÍÍNMMÎM‹MMMLMÌŒÎÍ‹L‹ÍŒMŒLMLMŒÍMNLM”ÛÛ[˜KÜ\ËĞQSKM‹LŒŒËÜ›Ù\Ë[™\™ŞWÜÜÚ]]™WØÛÛ[Z]\\—ÜİMMÌMMMMÍML‹LL‹LÍŒÌÎLÌKŒŒÌŒLLKM‹ŒMÌŒÍN‹KŒMMLÌMNMMM‹ÍLLMNLÍŒŒB”ÛÛ[˜KÜ\ËĞQSKM‹LŒŒËÜ›Ù\Ë[™\™ŞWÜÜÚ]]™WØÛÛ[Z]Ø[\WÜİÜİM‹ŒŒŒÌLÌÌÍLMËMMLÌNÌN‹LŒMÌNNNLŒŒŒNKLNLMLÎNKKMÌMMÌMLÎ‹NKŒÍŒŒŒÎMÍÌ”ÛÛ[˜KÜ\ËĞQSKM‹LŒŒËÜ›Ù\Ë[™\™ŞWÜÜÚ]]™WØÛÛ[Z][WÛZ[—ÜİMËŒNLLŒLLMKLMKŒÍÎNËMËLÍÌŒÍKLLŒÌÍLÌÍLÍL‹MMÎLMÎLNLLÍNÎÍŒÍMŒB”ÛÛ[˜KÜ\ËĞQSKM‹LŒŒËÜ›Ù\Ë[™\™ŞWÜÜÚ]]™WØÛÛ[Z][WÛX^ÜİM‹ÌÌŒÎLNMMLM‹ŒÍLŒMÌLÌŒMÎMËKŒMMÌÍKŒKŒÎLLŒŒÍMÌÌ‹ËŒÌMMMÍÌLMŒËŒ‹ŒÌMMMŒLÍÍÌÂ”ÛÛ[˜KÜ\ËĞQSKM‹LŒŒËÜ›Ù\Ë[™\™ŞWÜÜÚ]]™WØÛÛ[Z]˜[™ÙWØXœËŒÎLLLLËNMŒLÎÎMÎMMK‹MÎLÌŒÍLNKŒÎLLL‹ŒŒMLÌLMMLŒÎLLL”ÛÛ[˜KÜ\ËĞQSKM‹LŒŒËÜ›Ù\Ë[™\™ŞWÜÜÚ]]™WØÛÛ[Z]ØÙØXœËKMLŒLÍNËLKLÌNÍNKLŒÌÌNLŒÍMÍK‹ŒMNMMËKŒNNNLŒÌŒŒML‹‹ŒÌMŒMÌLM”ÛÛ[˜KÜ\ËĞQSKM‹LŒŒËÜ›Ù\Ë[™\™ŞWÜÜÚ]]™WØÛÛ[Z]ØÙÜİËŒNLLŒLLMKLKŒÍÎNËLMÌMNÌŒNŒËËLÍÌŒÍKÎÍŒÍMŒKMÎLMÎLNLLÍ”ÛÛ[˜KÜ\ËØ[Z[™ËM‹LŒŒËÜL›Ù\Ë[™\™ŞWÜÜÚ]]™WØÛÛ[Z]—ÛY]šXËL‹ŒLŒËŒKŒËŒKŒ”ÛÛ[˜KÜ\ËØ[Z[™ËM‹LŒŒËÜL›Ù\Ë[™\™ŞWÜÜÚ]]™WØÛÛ[Z]YX[‹ŒKŒÌÍÌÌÎLŒKŒÌMÍLŒÍËŒŒŒLÍNÍLÍÍ‹ŒKLÍÎŒLŒMËNKMLÎŒÍŒLÍËŒ‹ŒÍÌNÌMÍÍ”ÛÛ[˜KÜ\ËØ[Z[™ËM‹LŒŒËÜL›Ù\Ë[™\™ŞWÜÜÚ]]™WØÛÛ[Z]\\—ÜİL‹ŒNÌÎMÌÍŒL‹LLKŒLNLLLNLKËLÌÎLLŒMŒMLNKŒÌMÌÌÍÍLMMMË‹ŒÎMÌLMMŒKÍLLŒŒÍÍ”ÛÛ[˜KÜ\ËØ[Z[™ËM‹LŒŒËÜL›Ù\Ë[™\™ŞWÜÜÚ]]™WØÛÛ[Z]Ø[\WÜİÜİLÎNŒÌÍMNLLÌŒNLNÍËËŒÍÎLÍLNŒ‹LËÌŒÌÎLMNNMÌËËÍÎMLMNLMŒŒNŒÌLB”ÛÛ[˜KÜ\ËØ[Z[™ËM‹LŒŒËÜL›Ù\Ë[™\™ŞWÜÜÚ]]™WØÛÛ[Z][WÛZ[—ÜİLMËŒÍMLNÌŒNMÍLMËLLMKŒÌÌÍŒÌŒÌÌMMMLNKŒÍŒÌMLLŒMLMËMÍLMLŒMÌMKLŒÌÍMMMÎNMŒMNMMNŒMM”ÛÛ[˜KÜ\ËØ[Z[™ËM‹LŒŒËÜL›Ù\Ë[™\™ŞWÜÜÚ]]™WØÛÛ[Z][WÛX^ÜİŒŒMÍÍLKLMËNNMÎLŒMLŒÍLÍÎNLÍŒMŒ‹ŒËMŒÌŒNLMÌMKËŒÍŒMÍÌÎÌÍŒ‹KŒÍÌLŒÎLÌÎÌLÂ”ÛÛ[˜KÜ\ËØ[Z[™ËM‹LŒŒËÜL›Ù\Ë[™\™ŞWÜÜÚ]]™WØÛÛ[Z]˜[™ÙWØXœËËNMÌÍMMNLLŒNL‹ÍLÌÌÍÎŒÍÌ‹ŒLNŒŒNMMMLKËNMÌÍMMNLLŒN‹ŒLŒLMÍŒŒÌŒMLËËNMÌÍMMNLLŒN”ÛÛ[˜KÜ\ËØ[Z[™ËM‹LŒŒËÜL›Ù\Ë[™\™ŞWÜÜÚ]]™WØÛÛ[Z]ØÙØXœËŒÍMÍÎMÎLŒKLËMŒŒÍÌLŒK‹ŒÌMÍÌNÍŒ‹MMÍMËKÌŒŒÎÌÍÌŒÍL‹KŒLÍNNÍMÎLŒ”ÛÛ[˜KÜ\ËØ[Z[™ËM‹LŒŒËÜL›Ù\Ë[™\™ŞWÜÜÚ]]™WØÛÛ[Z]ØÙÜİŒŒMÍÍLKLNŒÎLLŒÍÎLÍKLKŒŒMLŒMÌÌŒMNÍËŒËMŒÌŒNLMÌMKËŒMŒMŒMŒNMKŒÍÌLŒÎLÌÎÌLÂ”ÛÛ[˜KÜ\ËØ[Z[™ËM‹LŒŒËÜ›Ù\Ë[™\™ŞWÜÜÚ]]™WØÛÛ[Z]—ÛY]šXËŒLŒŒŒŒŒ”ÛÛ[˜KÜ\ËØ[Z[™ËM‹LŒŒËÜ›Ù\Ë[™\™ŞWÜÜÚ]]™WØÛÛ[Z]YX[‹”ÛÛ[˜KÜ\ËØ[Z[™ËM‹LŒŒËÜ›Ù\Ë[™\™ŞWÜÜÚ]]™WØÛÛ[Z]\\—Üİ”ÛÛ[˜KÜ\ËØ[Z[™ËM‹LŒŒËÜ›Ù\Ë[™\™ŞWÜÜÚ]]™WØÛÛ[Z]Ø[\WÜİÜİ”ÛÛ[˜KÜ\ËØ[Z[™ËM‹LŒŒËÜ›Ù\Ë[™\™ŞWÜÜÚ]]™WØÛÛ[Z][WÛZ[—Üİ”ÛÛ[˜KÜ\ËØ[Z[™ËM‹LŒŒËÜ›Ù\Ë[™\™ŞWÜÜÚ]]™WØÛÛ[Z][WÛX^Üİ”ÛÛ[˜KÜ\ËØ[Z[™ËM‹LŒŒËÜ›Ù\Ë[™\™ŞWÜÜÚ]]™WØÛÛ[Z]˜[™ÙWØXœË”ÛÛ[˜KÜ\ËØ[Z[™ËM‹LŒŒËÜ›Ù\Ë[™\™ŞWÜÜÚ]]™WØÛÛ[Z]ØÙØXœË”ÛÛ[˜KÜ\ËØ[Z[™ËM‹LŒŒËÜ›Ù\Ë[™\™ŞWÜÜÚ]]™WØÛÛ[Z]ØÙÜİ”ÛÛ[˜KÜ\Ë^T[M‹LŒŒËÜL›Ù\Ë[™\™ŞWÜÜÚ]]™WØÛÛ[Z]—ÛY]šXËLKŒLŒËŒKŒËŒKŒ”ÛÛ[˜KÜ\Ë^T[M‹LŒŒËÜL›Ù\Ë[™\™ŞWÜÜÚ]]™WØÛÛ[Z]YX[‹Œ‹ŒNMŒŒÌNMÍÌNKLŒ‹ŒÍÌÍLÌÍMMKŒKŒÍÎÍMMÌÌËŒËŒLÌÍÍLŒÍNÍŒMMNNMÍLÎ‹ŒŒÎMMÌÎMM‚”ÛÛ[˜KÜ\Ë^T[M‹LŒŒËÜL›Ù\Ë[™\™ŞWÜÜÚ]]™WØÛÛ[Z]\\—ÜİNÌMÌLLÍMÌŒËLM‹ŒÌLMLMÍÌMËLŒNNMŒMËŒLÌÍÌMÍMLLÎNÌËËŒÌÌMLÍKMMMÍLÍÎLÍB”ÛÛ[˜KÜ\Ë^T[M‹LŒŒËÜL›Ù\Ë[™\™ŞWÜÜÚ]]™WØÛÛ[Z]Ø[\WÜİÜİMMÎLÍLŒLÍKLMLŒÌÍLÍÌÌ‹KŒNNMNLŒNMÌMM‹NLMÌLNÍŒLÍLÌLŒLKMËMŒMLLMLÍŒN‚”ÛÛ[˜KÜ\Ë^T[M‹LŒŒËÜL›Ù\Ë[™\™ŞWÜÜÚ]]™WØÛÛ[Z][WÛZ[—ÜİLLËLLÌÍŒNKLLLËLÌLNMŒMLMKLMËNMÍNÌŒMLNKNŒÎLÎLÍMŒLLËLNMŒNLŒŒMÌNMKŒÎMMÍŒ‚”ÛÛ[˜KÜ\Ë^T[M‹LŒŒËÜL›Ù\Ë[™\™ŞWÜÜÚ]]™WØÛÛ[Z][WÛX^ÜİKLLMLLÍŒM‹L‹ŒÍÍŒÎÍMKMËLMNMLÎLMMÌËŒNÍLLK‹ŒÌÌNŒÍ‹ÍKÍÌÍÌŒÌŒÍB”ÛÛ[˜KÜ\Ë^T[M‹LŒŒËÜL›Ù\Ë[™\™ŞWÜÜÚ]]™WØÛÛ[Z]˜[™ÙWØXœËKÍMÍÍÌMÍLLKLKMÌÌŒÎLNLÌMÌK‹ŒÍLÌÌÍÎKÍMÍÍÌMÍLLK‹ŒÍÍÍMMNŒMKÍMÍÍÌMÍLLB”ÛÛ[˜KÜ\Ë^T[M‹LŒŒËÜL›Ù\Ë[™\™ŞWÜÜÚ]]™WØÛÛ[Z]ØÙØXœË‹ÌMLÍŒÎËL‹ŒÍÍMMÍMŒŒËËMLÎÎÍÌËŒÌMLÌMÍKKŒÌŒLÎLNKËŒÎLÌÌMNM‚”ÛÛ[˜KÜ\Ë^T[M‹LŒŒËÜL›Ù\Ë[™\™ŞWÜÜÚ]]™WØÛÛ[Z]ØÙÜİKLLMLLÍŒM‹L‹ŒÍÍŒÎÍMKMËLMNMLÎLMMÌËŒNÍLLK‹ŒÌÌNŒÍ‹ÍKÍÌÍÌŒÌŒÍB”ÛÛ[˜KÜ\Ë^T[M‹LŒŒËÜ›Ù\Ë[™\™ŞWÜÜÚ]]™WØÛÛ[Z]—ÛY]šXËKŒLKŒŒKŒŒKŒ”ÛÛ[˜KÜ\Ë^T[M‹LŒŒËÜ›Ù\Ë[™\™ŞWÜÜÚ]]™WØÛÛ[Z]YX[‹KMMŒLNMMÍM‹KMMŒLNMMKMMŒLNMMKMMŒLNMMKMMŒLNMMKMMŒLNMM”ÛÛ[˜KÜ\Ë^T[M‹LŒŒËÜ›Ù\Ë[™\™ŞWÜÜÚ]]™WØÛÛ[Z]\\—ÜİŒÍM‹ŒŒŒŒŒ”ÛÛ[˜KÜ\Ë^T[M‹LŒŒËÜ›Ù\Ë[™\™ŞWÜÜÚ]]™WØÛÛ[Z]Ø[\WÜİÜİ”ÛÛ[˜KÜ\Ë^T[M‹LŒŒËÜ›Ù\Ë[™\™ŞWÜÜÚ]]™WØÛÛ[Z][WÛZ[—ÜİŒÍM‹ŒŒŒŒŒ”ÛÛ[˜KÜ\Ë^T[M‹LŒŒËÜ›Ù\Ë[™\™ŞWÜÜÚ]]™WØÛÛ[Z][WÛX^ÜİŒÍM‹ŒŒŒŒŒ”ÛÛ[˜KÜ\Ë^T[M‹LŒŒËÜ›Ù\Ë[™\™ŞWÜÜÚ]]™WØÛÛ[Z]˜[™ÙWØXœËŒÍM‹ŒŒŒŒŒ”ÛÛ[˜KÜ\Ë^T[M‹LŒŒËÜ›Ù\Ë[™\™ŞWÜÜÚ]]™WØÛÛ[Z]ØÙØXœËŒÍM‹ŒŒŒŒŒ”ÛÛ[˜KÜ\Ë^T[M‹LŒŒËÜ›Ù\Ë[™\™ŞWÜÜÚ]]™WØÛÛ[Z]ØÙÜİŒÍM‹ŒŒŒŒŒ”ÛÛ[˜KÜ\Ë’TĞKM‹LŒŒËÜL›Ù\Ë[™\™ŞWÜÜÚ]]™WØÛÛ[Z]—ÛY]šXËMKŒLŒŒKŒŒKŒ”ÛÛ[˜KÜ\Ë’TĞKM‹LŒŒËÜL›Ù\Ë[™\™ŞWÜÜÚ]]™WØÛÛ[Z]YX[‹Œ‹ŒMÌÎLLNMŒËLŒ‹ŒNMNMÌLŒŒÍLMKŒŒÍNMNLLŒËMÌÍÌLÎŒNM‹NKNNŒMÎËMÍŒÎNNÍMÌŒÂ”ÛÛ[˜KÜ\Ë’TĞKM‹LŒŒËÜL›Ù\Ë[™\™ŞWÜÜÚ]]™WØÛÛ[Z]\\—ÜİŒKLMMÌNMÌÌLÌŒ‹LŒŒMLMMŒŒÍLÌŒÌNŒÍÎMMÍÎKÌËÌNNNMN‹ÌÌÌŒMÍÍÍLËŒNMNLÌMNN”ÛÛ[˜KÜ\Ë’TĞKM‹LŒŒËÜL›Ù\Ë[™\™ŞWÜÜÚ]]™WØÛÛ[Z]Ø[\WÜİÜİNŒÍLMMÍÌÌLLLLNŒÌÌÌÍÍLÌÍŒ‹L‹ŒNMMLLÍLKŒËŒŒÌÎÍÎNÌMËËŒMMÌNŒŒNKÍÍÍŒÎŒÎB”ÛÛ[˜KÜ\Ë’TĞKM‹LŒŒËÜL›Ù\Ë[™\™ŞWÜÜÚ]]™WØÛÛ[Z][WÛZ[—ÜİL‹LNNLŒLÍKLLKŒMÌŒŒÎNLNMLÌM‹LÌÌLLNLLŒÍŒËLMLLÌLŒLÌKLÌËŒÌÍÌMM‹LLŒNLÌNLMLÎB”ÛÛ[˜KÜ\Ë’TĞKM‹LŒŒËÜL›Ù\Ë[™\™ŞWÜÜÚ]]™WØÛÛ[Z][WÛX^ÜİÍËŒŒLNMLNKLÌÌÌÌÎNLÍNMMÍÌ‹NÎNNMLŒL‹‹ÌŒÌÎKLKŒNLÎMLNMŒÌKKŒLLNÌŒÌL‚”ÛÛ[˜KÜ\Ë’TĞKM‹LŒŒËÜL›Ù\Ë[™\™ŞWÜÜÚ]]™WØÛÛ[Z]˜[™ÙWØXœËMŒŒŒLMŒÍMÍLLLKÎLNÍLÍÎËÌÌLÌMNNMŒŒŒLMŒÍMÍLLNLÍMMMŒŒŒLMŒÍMÍL”ÛÛ[˜KÜ\Ë’TĞKM‹LŒŒËÜL›Ù\Ë[™\™ŞWÜÜÚ]]™WØÛÛ[Z]ØÙØXœËŒLLÌŒÌÍMNLLËLËŒLMLÌMNL‹ŒÌÌÍÍÍÍLŒKKŒLÌMÌÍLLÍMK‹ŒÌŒNLLÍNÌL‹LŒMMNLŒÌNNLMÂ”ÛÛ[˜KÜ\Ë’TĞKM‹LŒŒËÜL›Ù\Ë[™\™ŞWÜÜÚ]]™WØÛÛ[Z]ØÙÜİÍËŒŒLNMLNKLÌKŒMÎMNNLÌMŒŒŒÍMNNLÎMÍMË‹ÌŒÌÎKLKŒNLÎMLNMŒÌKKŒLLNÌŒÌL‚”ÛÛ[˜KÜ\Ë’TĞKM‹LŒŒËÜ›Ù\Ë[™\™ŞWÜÜÚ]]™WØÛÛ[Z]—ÛY]šXËKŒLKŒŒKŒŒKŒ”ÛÛ[˜KÜ\Ë’TĞKM‹LŒŒËÜ›Ù\Ë[™\™ŞWÜÜÚ]]™WØÛÛ[Z]YX[‹Œ‹NŒNLMŒMŒÌL‹ÍËŒ‹NŒNLMŒMŒÌL‹Œ‹NŒNLMŒMŒÌL‹Œ‹NŒNLMŒMŒÌL‹Œ‹NŒNLMŒMŒÌL‹Œ‹NŒNLMŒMŒÌL‚”ÛÛ[˜KÜ\Ë’TĞKM‹LŒŒËÜ›Ù\Ë[™\™ŞWÜÜÚ]]™WØÛÛ[Z]\\—ÜİŒÍËŒŒŒŒŒ”ÛÛ[˜KÜ\Ë’TĞKM‹LŒŒËÜ›Ù\Ë[™\™ŞWÜÜÚ]]™WØÛÛ[Z]Ø[\WÜİÜİ”ÛÛ[˜KÜ\Ë’TĞKM‹LŒŒËÜ›Ù\Ë[™\™ŞWÜÜÚ]]™WØÛÛ[Z][WÛZ[—ÜİŒÍËŒŒŒŒŒ”ÛÛ[˜KÜ\Ë’TĞKM‹LŒŒËÜ›Ù\Ë[™\™ŞWÜÜÚ]]™WØÛÛ[Z][WÛX^ÜİŒÍËŒŒŒŒŒ”ÛÛ[˜KÜ\Ë’TĞKM‹LŒŒËÜ›Ù\Ë[™\™ŞWÜÜÚ]]™WØÛÛ[Z]˜[™ÙWØXœËŒÍËŒŒŒŒŒ”ÛÛ[˜KÜ\Ë’TĞKM‹LŒŒËÜ›Ù\Ë[™\™ŞWÜÜÚ]]™WØÛÛ[Z]ØÙØXœËŒÍËŒŒŒŒŒ”ÛÛ[˜KÜ\Ë’TĞKM‹LŒŒËÜ›Ù\Ë[™\™ŞWÜÜÚ]]™WØÛÛ[Z]ØÙÜİŒÍËŒŒŒŒŒ