scope,factor,level,metric,statistic,aggregation,configuration_count,primary_value,defined_repetitions,median,q025,q975,minimum,maximum
six_workloads,blockchain,Algorand,tps_positive_commit,mean,mean,60,273.4792755324741,5000,273.50953703703703,271.1488657407407,275.8144675925926,269.1711111111111,277.59203703703696
six_workloads,blockchain,Algorand,tps_positive_commit,mean,median,60,192.51538461538462,5000,192.55555555555557,192.3388888888889,192.81111111111107,192.21666666666664,193.02222222222224
six_workloads,blockchain,Algorand,tps_positive_commit,iqr_pct,mean,60,28.85246432008164,5000,28.045775335968898,25.162843816042532,30.793867180150162,22.855525714602184,33.70153087859285
six_workloads,blockchain,Algorand,tps_positive_commit,iqr_pct,median,60,16.284861799529587,5000,15.433549379940802,12.42493545153618,18.765349495938594,10.377966037309424,23.652146547619935
six_workloads,blockchain,Algorand,tps_positive_commit,sample_std_pct,mean,60,23.73678560874192,5000,23.65970076264693,22.23878649134002,24.97347732268313,20.7853443839797,26.32590944827839
six_workloads,blockchain,Algorand,tps_positive_commit,sample_std_pct,median,60,18.272723810483427,5000,16.903581102158984,14.28476202860619,20.16610630577719,12.590177373109626,21.79876836144596
six_workloads,blockchain,Algorand,tps_positive_commit,delta_min_pct,mean,60,-39.02892978941457,5000,-35.71002019061058,-37.30084582748836,-33.72648679421587,-38.118460688722436,-31.10905137016324
six_workloads,blockchain,Algorand,tps_positive_commit,delta_min_pct,median,60,-35.59836751305764,5000,-29.260236730939596,-34.026508299819724,-25.286766240036144,-37.45109548770815,-19.583529390165275
six_workloads,blockchain,Algorand,tps_positive_commit,delta_max_pct,mean,60,38.659521415658716,5000,34.56020327089864,31.359593529508743,37.92118262336646,28.85121592915351,40.66098085379569
six_workloads,blockchain,Algorand,tps_positive_commit,delta_max_pct,median,60,23.548863234861305,5000,22.02582118129996,19.138365039467708,25.11571858225797,16.92450642428903,28.076580285195327
six_workloads,blockchain,Algorand,tps_positive_commit,range_abs,mean,60,132.21833333333333,5000,119.16416666666663,113.38116666666667,124.01712499999998,108.02999999999996,126.84333333333335
six_workloads,blockchain,Algorand,tps_positive_commit,range_abs,median,60,128.20000000000002,5000,116.35000000000002,104.35,124.39999999999999,92.14999999999998,128.20000000000002
six_workloads,blockchain,Algorand,tps_positive_commit,wcd_abs,mean,60,78.89924705604854,5000,70.79611111111112,66.73617129629628,74.34000462962965,61.55796296296298,77.03037037037036
six_workloads,blockchain,Algorand,tps_positive_commit,wcd_abs,median,60,75.96025641025639,5000,68.36111111111111,63.07166666666667,74.23888888888888,56.52222222222224,81.64444444444445
six_workloads,blockchain,Algorand,tps_positive_commit,wcd_pct,mean,60,46.91810116845535,5000,42.03987345815965,38.81075122318285,45.38334627311913,35.30616800922609,48.020756766245675
six_workloads,blockchain,Algorand,tps_positive_commit,wcd_pct,median,60,36.26155280730408,5000,30.29834529313921,25.75125736265135,35.57709362753999,22.591402809037433,39.27426603909592
six_workloads,blockchain,Diem,tps_positive_commit,mean,mean,60,181.0611957261594,5000,181.03428240740743,178.91015277777785,183.1842916666667,177.53351851851858,184.78592592592597
six_workloads,blockchain,Diem,tps_positive_commit,mean,median,60,184.6923076923077,5000,183.73333333333332,177.12222222222226,188.35555555555555,170.41666666666669,190.7222222222222
six_workloads,blockchain,Diem,tps_positive_commit,iqr_pct,mean,60,22.4374000598102,5000,21.060691713885554,18.761140205189506,23.21684521147025,16.252217645413896,25.238885742359052
six_workloads,blockchain,Diem,tps_positive_commit,iqr_pct,median,60,12.738826285824892,5000,12.282856305605822,11.011531312394906,14.422318672960317,9.740693534009928,16.881412352547233
six_workloads,blockchain,Diem,tps_positive_commit,sample_std_pct,mean,60,19.382681795046437,5000,19.112223309426163,17.975250956658677,20.095109877741194,17.099925664258215,20.919060107406057
six_workloads,blockchain,Diem,tps_positive_commit,sample_std_pct,median,60,13.236477944661889,5000,13.384381134698712,11.519318926704589,14.949938510344182,10.25621163420421,15.59294501506257
six_workloads,blockchain,Diem,tps_positive_commit,delta_min_pct,mean,60,-34.05349454222775,5000,-29.545445660812717,-31.53161876939792,-27.20359365609202,-33.18241506188424,-25.57155813961533
six_workloads,blockchain,Diem,tps_positive_commit,delta_min_pct,median,60,-32.10584803777572,5000,-24.392653935372767,-29.774948998425543,-19.966716249692997,-32.71114964868177,-17.076909835657823
six_workloads,blockchain,Diem,tps_positive_commit,delta_max_pct,mean,60,30.55551068442703,5000,27.49132444634066,25.24015782339552,29.63323658618828,23.563407921110255,31.634702106153423
six_workloads,blockchain,Diem,tps_positive_commit,delta_max_pct,median,60,16.40075078977797,5000,15.051619273107534,13.163410051417687,16.913251560506055,11.503134260979161,18.33668052930341
six_workloads,blockchain,Diem,tps_positive_commit,range_abs,mean,60,92.86166666666666,5000,81.47833333333332,75.993125,86.23170833333333,71.02999999999999,88.90000000000003
six_workloads,blockchain,Diem,tps_positive_commit,range_abs,median,60,61.30000000000001,5000,48.0,41.35,56.250000000000014,35.24999999999999,61.30000000000001
six_workloads,blockchain,Diem,tps_positive_commit,wcd_abs,mean,60,57.77493850871792,5000,50.05962962962961,45.85070949074074,53.561688078703725,42.603888888888896,55.84814814814812
six_workloads,blockchain,Diem,tps_positive_commit,wcd_abs,median,60,35.65641025641026,5000,29.138888888888907,24.32166666666667,34.56111111111107,21.92777777777779,37.49444444444447
six_workloads,blockchain,Diem,tps_positive_commit,wcd_pct,mean,60,40.30011019075467,5000,35.1089132486415,32.370495837051934,37.59441737766591,29.610284816070035,39.81149774258392
six_workloads,blockchain,Diem,tps_positive_commit,wcd_pct,median,60,32.10584803777572,5000,24.81638113695587,20.527683366981375,30.23288681303672,18.208112533793987,34.06333610978828
six_workloads,blockchain,Ethereum,tps_positive_commit,mean,mean,60,7.674343455155955,5000,7.673969907407409,7.579304398148149,7.7680572916666675,7.5170370370370385,7.871782407407407
six_workloads,blockchain,Ethereum,tps_positive_commit,mean,median,60,8.403846153846155,5000,8.472222222222223,8.333194444444443,8.616666666666667,8.17222222222222,8.7
six_workloads,blockchain,Ethereum,tps_positive_commit,iqr_pct,mean,60,27.769325291360854,5000,26.342394758133274,23.75359279956836,29.077826465956424,21.357583134021915,31.694506209925457
six_workloads,blockchain,Ethereum,tps_positive_commit,iqr_pct,median,60,20.28620851227236,5000,19.024935609373735,15.666005889321811,21.81897481743512,12.970073852566717,24.243680066307505
six_workloads,blockchain,Ethereum,tps_positive_commit,sample_std_pct,mean,60,22.95139088486649,5000,22.733161030347098,21.5466311435902,23.8532407304399,20.51252780563351,24.64750171273536
six_workloads,blockchain,Ethereum,tps_positive_commit,sample_std_pct,median,60,19.65429487145339,5000,18.396747364319864,16.566975975180174,20.648890641883174,15.005998984212658,21.614085214498274
six_workloads,blockchain,Ethereum,tps_positive_commit,delta_min_pct,mean,60,-36.77010310808339,5000,-33.178110905780166,-34.81893521207432,-31.23794743226484,-35.762946427664595,-29.591175803098835
six_workloads,blockchain,Ethereum,tps_positive_commit,delta_min_pct,median,60,-31.189624226619397,5000,-28.437856698791858,-31.221580902906684,-24.163948784969794,-33.17424681557244,-21.24044180118947
six_workloads,blockchain,Ethereum,tps_positive_commit,delta_max_pct,mean,60,40.283584959724955,5000,35.50751102604676,32.69548021870764,38.23429880466661,29.399382111944053,40.46910489933633
six_workloads,blockchain,Ethereum,tps_positive_commit,delta_max_pct,median,60,30.907335059918346,5000,27.21780739671789,23.91400641769411,30.271806286813266,21.032520325203265,33.372549019607845
six_workloads,blockchain,Ethereum,tps_positive_commit,range_abs,mean,60,4.9316666666666675,5000,4.359166666666667,4.095,4.593333333333334,3.8633333333333324,4.738333333333333
six_workloads,blockchain,Ethereum,tps_positive_commit,range_abs,median,60,3.85,5000,3.4000000000000004,3.0,3.8000000000000003,2.6500000000000004,3.85
six_workloads,blockchain,Ethereum,tps_positive_commit,wcd_abs,mean,60,2.9575796217671213,5000,2.6084722222222227,2.4130549768518517,2.773635995370371,2.260787037037036,2.903703703703704
six_workloads,blockchain,Ethereum,tps_positive_commit,wcd_abs,median,60,2.2230769230769236,5000,1.933333333333334,1.677777777777778,2.1722222222222225,1.5055555555555549,2.322222222222222
six_workloads,blockchain,Ethereum,tps_positive_commit,wcd_pct,mean,60,45.58482133050817,5000,40.684250135269714,38.064372248030764,43.208963497710904,35.631554948044375,45.434298116842875
six_workloads,blockchain,Ethereum,tps_positive_commit,wcd_pct,median,60,37.81038397702858,5000,33.15545886676689,29.92081300418445,37.261516941271374,26.675659167260513,39.22060857538035
six_workloads,blockchain,Quorum,tps_positive_commit,mean,mean,60,76.12082316981986,5000,76.96387736815154,74.33402425755249,81.01505001368365,72.76436763952896,86.21008786848074
six_workloads,blockchain,Quorum,tps_positive_commit,mean,median,60,12.957142857142857,5000,19.25,12.4,69.5683333333333,7.9,79.98888888888888
six_workloads,blockchain,Quorum,tps_positive_commit,iqr_pct,mean,60,54.82293865740934,5000,48.68363221120676,39.46282027690404,57.42691058493238,30.695221332521935,65.49505297589945
six_workloads,blockchain,Quorum,tps_positive_commit,iqr_pct,median,60,61.67122711008209,5000,44.75437202955451,31.36778057900952,61.51079136690646,12.362637362637363,70.45454545454548
six_workloads,blockchain,Quorum,tps_positive_commit,sample_std_pct,mean,60,59.55898788638776,5000,54.53189063196132,47.11040105025916,60.98750415686977,40.101054973935184,65.72143286114252
six_workloads,blockchain,Quorum,tps_positive_commit,sample_std_pct,median,60,48.36376795448203,5000,47.926606694233826,41.7497455730912,54.40460022263108,33.85024939992163,58.61712505471725
six_workloads,blockchain,Quorum,tps_positive_commit,delta_min_pct,mean,60,-57.93381350103902,5000,-51.90128218694214,-56.804163233202345,-46.11221671404646,-59.544951146068136,-40.33538042435837
six_workloads,blockchain,Quorum,tps_positive_commit,delta_min_pct,median,60,-64.47368421052632,5000,-56.993027620638344,-65.99243374849829,-51.5769944341373,-69.77611940298507,-41.726618705035975
six_workloads,blockchain,Quorum,tps_positive_commit,delta_max_pct,mean,60,92.86350452796887,5000,67.78784774001815,54.9015634248881,81.18275784198237,45.00772823546597,94.15992083886819
six_workloads,blockchain,Quorum,tps_positive_commit,delta_max_pct,median,60,78.82096069868994,5000,56.32750335475771,41.480167032725504,74.27027021364438,22.277847309136437,89.98013372820272
six_workloads,blockchain,Quorum,tps_positive_commit,range_abs,mean,60,50.5258064516129,5000,45.28387096774194,39.80959677419355,49.82764655172413,33.90322580645162,53.88928571428572
six_workloads,blockchain,Quorum,tps_positive_commit,range_abs,median,60,15.7,5000,13.25,10.400000000000002,16.0,7.800000000000001,20.1
six_workloads,blockchain,Quorum,tps_positive_commit,wcd_abs,mean,60,34.43079500801749,5000,30.19854326676907,26.029720926139273,33.58433763227514,21.87794418842806,36.17597701149425
six_workloads,blockchain,Quorum,tps_positive_commit,wcd_abs,median,60,9.4125,5000,8.0,6.079805555555556,9.99171875,4.2,12.755555555555556
six_workloads,blockchain,Quorum,tps_positive_commit,wcd_pct,mean,60,100.19234592400058,5000,75.22941877959082,62.837382324506855,88.45272276128041,53.355081711273854,101.64262700195813
six_workloads,blockchain,Quorum,tps_positive_commit,wcd_pct,median,60,83.74536464771322,5000,74.20519856617487,60.44863155078661,82.79955096651253,49.103106314714864,92.6729986431479
six_workloads,blockchain,Solana,tps_positive_commit,mean,mean,60,104.1538728771229,5000,106.33074691358027,99.57244719360502,114.0308885925399,92.66320411070411,120.5951284461153
six_workloads,blockchain,Solana,tps_positive_commit,mean,median,60,44.473076923076924,5000,46.50555555555556,40.9,54.31111111111111,33.15555555555555,96.65
six_workloads,blockchain,Solana,tps_positive_commit,iqr_pct,mean,60,50.17200457802117,5000,43.95451450434738,37.72021332815412,50.55892788631554,32.864414209729176,59.1921219772445
six_workloads,blockchain,Solana,tps_positive_commit,iqr_pct,median,60,48.05439264603524,5000,37.41321178225611,27.677553013343502,48.10524543837349,22.243441419772,58.63148493841675
six_workloads,blockchain,Solana,tps_positive_commit,sample_std_pct,mean,60,48.09512901940519,5000,45.94557800710555,41.84451733908099,49.81054386277618,38.427962683105854,52.74426222388901
six_workloads,blockchain,Solana,tps_positive_commit,sample_std_pct,median,60,44.705932422722874,5000,41.90822161492693,35.67136976860176,48.27786412490696,29.75245933492775,57.1197138993106
six_workloads,blockchain,Solana,tps_positive_commit,delta_min_pct,mean,60,-57.088573736469165,5000,-50.05301421535452,-55.152430260781394,-44.96722847058875,-59.45006136224294,-41.52376662568629
six_workloads,blockchain,Solana,tps_positive_commit,delta_min_pct,median,60,-58.86140685294528,5000,-52.908255471058226,-58.92358488157842,-46.547413058302084,-63.15789473684211,-38.37412587412588
six_workloads,blockchain,Solana,tps_positive_commit,delta_max_pct,mean,60,69.04640967282323,5000,57.29944064061053,50.15296028986202,65.24217807177686,45.84707050175919,70.8448550145362
six_workloads,blockchain,Solana,tps_positive_commit,delta_max_pct,median,60,53.86143365032662,5000,45.28691845041812,36.9506685602626,56.14768727206712,31.967290158849533,62.371134020618555
six_workloads,blockchain,Solana,tps_positive_commit,range_abs,mean,60,117.62999999999997,5000,99.68508771929824,86.54201417004049,112.2582529239766,74.1075,123.58857142857141
six_workloads,blockchain,Solana,tps_positive_commit,range_abs,median,60,62.0,5000,54.0,39.60000000000001,63.7,32.9,76.20000000000002
six_workloads,blockchain,Solana,tps_positive_commit,wcd_abs,mean,60,72.82112795537796,5000,60.12498008040936,51.379173115079375,68.66817044201939,42.418819444444445,76.75162477954144
six_workloads,blockchain,Solana,tps_positive_commit,wcd_abs,median,60,37.97619047619048,5000,31.071428571428573,22.799444444444443,40.15634375,18.32857142857143,51.844444444444406
six_workloads,blockchain,Solana,tps_positive_commit,wcd_pct,mean,60,77.98678235724796,5000,64.86116447060968,57.179283369314504,73.29974051203465,51.8613145399564,79.98184418434417
six_workloads,blockchain,Solana,tps_positive_commit,wcd_pct,median,60,69.59860205764548,5000,60.130736900472996,51.15051881022935,69.57777072734072,42.07574305298543,74.78879502000889
six_workloads,mode,fat-tree,tps_positive_commit,mean,mean,60,136.25577794093775,5000,136.31844563492064,132.92655906746035,139.78329249999993,130.61349999999996,144.162174441205
six_workloads,mode,fat-tree,tps_positive_commit,mean,median,60,101.71875,5000,106.41833333333334,95.10168055555556,121.08745138888887,78.28333333333333,132.2
six_workloads,mode,fat-tree,tps_positive_commit,iqr_pct,mean,60,39.486082206110964,5000,36.296675564572126,31.75872331951931,40.834426731159255,27.879956339509686,45.15557914372347
six_workloads,mode,fat-tree,tps_positive_commit,iqr_pct,median,60,34.08962072962991,5000,24.61577594632704,19.017325843554175,31.756322331183412,14.017825904022459,35.50918091935055
six_workloads,mode,fat-tree,tps_positive_commit,sample_std_pct,mean,60,35.49846887109383,5000,33.221164260854636,29.990317266343805,35.98779730387363,27.453490984892156,37.98560205875496
six_workloads,mode,fat-tree,tps_positive_commit,sample_std_pct,median,60,26.859515076827066,5000,27.020001489274918,22.81231341524989,30.126249422510803,19.785287354131825,32.500610991819705
six_workloads,mode,fat-tree,tps_positive_commit,delta_min_pct,mean,60,-47.19837530779957,5000,-41.53953589725623,-44.09753711400866,-38.679115438374595,-45.91414257894703,-35.76813613598422
six_workloads,mode,fat-tree,tps_positive_commit,delta_min_pct,median,60,-51.36721584153901,5000,-39.09665081900732,-47.413468291730126,-34.23540513490021,-52.21447949971275,-31.905184500421555
six_workloads,mode,fat-tree,tps_positive_commit,delta_max_pct,mean,60,59.28430519458484,5000,47.57973774794527,41.333891064639324,53.91461319198887,37.97625275237399,58.298187109490826
six_workloads,mode,fat-tree,tps_positive_commit,delta_max_pct,median,60,33.899281857924485,5000,30.12334898181031,25.237385854152848,35.24371609737232,21.39110813074156,40.33172699314408
six_workloads,mode,fat-tree,tps_positive_commit,range_abs,mean,60,93.896,5000,81.93000000000002,75.54175,87.53605000000002,70.16199999999998,92.52040816326533
six_workloads,mode,fat-tree,tps_positive_commit,range_abs,median,60,61.2,5000,36.35,31.097500000000032,55.95000000000002,17.55,61.2
six_workloads,mode,fat-tree,tps_positive_commit,wcd_abs,mean,60,56.92663804749789,5000,49.31282420634921,45.08795347222224,53.1750689484127,42.773055555555544,55.541305555555546
six_workloads,mode,fat-tree,tps_positive_commit,wcd_abs,median,60,39.35641025641026,5000,23.64087301587308,19.110937500000002,35.1251488095238,10.572222222222273,42.09603174603176
six_workloads,mode,fat-tree,tps_positive_commit,wcd_pct,mean,60,68.57059969765584,5000,55.160661360056736,48.90080306371318,61.496125635273096,45.28228798671638,65.48261856848767
six_workloads,mode,fat-tree,tps_positive_commit,wcd_pct,median,60,54.69244788808129,5000,45.69179108572678,37.61332693607121,52.38616664199957,33.843063190480144,56.51631784250979
six_workloads,mode,full mesh,tps_positive_commit,mean,mean,60,152.83485165061694,5000,153.00752551020406,150.88334183673467,156.62821575314146,149.19649335924845,159.157123015873
six_workloads,mode,full mesh,tps_positive_commit,mean,median,60,127.25833333333331,5000,126.79999999999998,119.49972222222222,135.46666666666667,112.4,143.43888888888893
six_workloads,mode,full mesh,tps_positive_commit,iqr_pct,mean,60,25.209432753038342,5000,24.381180023187007,21.32840546062967,27.349079400434466,19.048009117707434,30.40271961145601
six_workloads,mode,full mesh,tps_positive_commit,iqr_pct,median,60,17.411779096079744,5000,16.433941997851782,13.05682884615646,20.49335863377609,11.095456146530468,23.613098529745848
six_workloads,mode,full mesh,tps_positive_commit,sample_std_pct,mean,60,24.17394256183393,5000,23.330840120899914,21.58816167235318,25.051606610474273,20.33552195416692,26.33612166331062
six_workloads,mode,full mesh,tps_positive_commit,sample_std_pct,median,60,18.17661145774075,5000,17.937397649537147,15.441838701192466,20.44856870119335,12.304904031233004,22.19371604403881
six_workloads,mode,full mesh,tps_positive_commit,delta_min_pct,mean,60,-37.1788008188022,5000,-32.87107691081209,-35.0804225016237,-30.360398612671677,-36.14155558585793,-28.26437662964363
six_workloads,mode,full mesh,tps_positive_commit,delta_min_pct,median,60,-36.507104970204956,5000,-27.957080814102017,-34.33296756127545,-24.13433710854558,-37.37574552683896,-19.73983802944449
six_workloads,mode,full mesh,tps_positive_commit,delta_max_pct,mean,60,42.5898633948286,5000,35.69886231340233,31.85890747644046,39.458134699430104,28.581494583941396,42.70840888535292
six_workloads,mode,full mesh,tps_positive_commit,delta_max_pct,median,60,30.622009569377973,5000,22.490803993694175,18.42105263157893,27.415730337078642,16.27159296777322,31.249999999999964
six_workloads,mode,full mesh,tps_positive_commit,range_abs,mean,60,82.32244897959183,5000,71.69795918367346,65.03622448979594,77.2387957057823,59.10408163265307,80.9795918367347
six_workloads,mode,full mesh,tps_positive_commit,range_abs,median,60,35.79999999999998,5000,30.099999999999998,16.3,35.8,12.9,38.44999999999999
six_workloads,mode,full mesh,tps_positive_commit,wcd_abs,mean,60,51.23411611630998,5000,43.77535106899903,39.01154985119048,47.92078312277291,33.818679138322,50.724864755425976
six_workloads,mode,full mesh,tps_positive_commit,wcd_abs,median,60,20.599999999999994,5000,16.211111111111116,9.233333333333334,22.07805555555553,7.622222222222177,25.899999999999995
six_workloads,mode,full mesh,tps_positive_commit,wcd_pct,mean,60,49.066155847556026,5000,41.439664916841366,37.57031594553549,45.28830645527343,34.158877495066314,48.3441930736442
six_workloads,mode,full mesh,tps_positive_commit,wcd_pct,median,60,36.717663421418656,5000,30.667736548752295,26.69476207752323,37.24067634008874,23.226132102682442,40.46752360368558
six_workloads,mode,hypercube,tps_positive_commit,mean,mean,60,143.54852483092967,5000,144.1886027291869,141.42660786064425,147.93948606656946,138.82349439775908,150.43621428571424
six_workloads,mode,hypercube,tps_positive_commit,mean,median,60,123.4846153846154,5000,123.1222222222222,111.41097222222224,133.76111111111112,102.25555555555555,142.3388888888889
six_workloads,mode,hypercube,tps_positive_commit,iqr_pct,mean,60,32.932296447305845,5000,30.27054435028512,26.63152641814983,34.11640954929493,23.522099499184275,37.848281851542986
six_workloads,mode,hypercube,tps_positive_commit,iqr_pct,median,60,21.138211382113816,5000,20.22471910112359,15.195434880199292,23.371117471757834,10.97560975609756,27.570093457943916
six_workloads,mode,hypercube,tps_positive_commit,sample_std_pct,mean,60,29.67287913423326,5000,29.11450334438885,26.515093896286388,31.0607287175719,24.23545970651473,32.62892395888643
six_workloads,mode,hypercube,tps_positive_commit,sample_std_pct,median,60,21.855510022271357,5000,21.93830898275436,18.930362164775637,24.225670114832052,16.244692850720327,25.527058782304117
six_workloads,mode,hypercube,tps_positive_commit,delta_min_pct,mean,60,-40.53892823670938,5000,-37.44972776216242,-39.641113381803585,-34.747139600012034,-41.2367023725174,-32.50506097365892
six_workloads,mode,hypercube,tps_positive_commit,delta_min_pct,median,60,-43.455199848456154,5000,-34.12375053229758,-42.45087746728969,-27.535968181686346,-45.3101939029976,-22.828740844087893
six_workloads,mode,hypercube,tps_positive_commit,delta_max_pct,mean,60,46.02403605961533,5000,40.905857200741025,36.43553821983282,45.30798822829366,33.41297069320134,48.70291436559595
six_workloads,mode,hypercube,tps_positive_commit,delta_max_pct,median,60,31.192660550458722,5000,27.366447985004694,23.18702112779478,31.01267116788112,19.272163443998537,35.628742514970064
six_workloads,mode,hypercube,tps_positive_commit,range_abs,mean,60,81.64901960784313,5000,74.94,69.44460784313725,79.57154285714284,64.95294117647057,83.10816326530613
six_workloads,mode,hypercube,tps_positive_commit,range_abs,median,60,38.19999999999993,5000,31.7,24.699999999999996,38.79999999999997,21.599999999999994,39.400000000000006
six_workloads,mode,hypercube,tps_positive_commit,wcd_abs,mean,60,49.57422092133165,5000,45.18029271946874,41.38175272525676,48.49669513888888,38.55030345471521,51.3297902494331
six_workloads,mode,hypercube,tps_positive_commit,wcd_abs,median,60,23.200000000000003,5000,19.49999999999998,14.566666666666666,23.200000000000003,11.422222222222224,25.88888888888889
six_workloads,mode,hypercube,tps_positive_commit,wcd_pct,mean,60,53.53644741113965,5000,47.790420159745075,43.37242797578926,52.31568479952478,39.74141284978236,55.13705614320094
six_workloads,mode,hypercube,tps_positive_commit,wcd_pct,median,60,43.97234061059407,5000,38.788429108833824,33.09120496524561,44.77400439775225,27.845719661335853,49.672257131232776
six_workloads,mode,scale-free,tps_positive_commit,mean,mean,60,109.97876628237601,5000,111.70623380304505,107.71172448412698,116.50352353999638,105.0954166666667,120.57219267139476
six_workloads,mode,scale-free,tps_positive_commit,mean,median,60,77.03589743589744,5000,77.3777777777778,64.10000000000001,94.58979166666667,54.96666666666667,107.41111111111111
six_workloads,mode,scale-free,tps_positive_commit,iqr_pct,mean,60,37.10150356324631,5000,32.80365742024931,28.373023951460123,37.52496578719073,23.460722032210285,41.06759370823342
six_workloads,mode,scale-free,tps_positive_commit,iqr_pct,median,60,27.982660455486553,5000,21.198746570002083,15.231698127561062,28.926312093524125,11.859443631039536,32.96052631578947
six_workloads,mode,scale-free,tps_positive_commit,sample_std_pct,mean,60,33.11183558732247,5000,30.969886784145768,27.974813150302385,33.75033362914607,26.015912666419908,35.86826084614048
six_workloads,mode,scale-free,tps_positive_commit,sample_std_pct,median,60,32.83319581422283,5000,24.70004526931116,18.949268195888752,28.81380835545097,15.987809684466331,36.8072029105591
six_workloads,mode,scale-free,tps_positive_commit,delta_min_pct,mean,60,-44.63578041551249,5000,-38.62015193637802,-41.547509289133515,-35.41129968219654,-43.93695462487248,-32.943678231379145
six_workloads,mode,scale-free,tps_positive_commit,delta_min_pct,median,60,-43.32400835794091,5000,-36.333253120002546,-41.765096373846696,-27.525503718837243,-45.183616161660694,-20.339558573853992
six_workloads,mode,scale-free,tps_positive_commit,delta_max_pct,mean,60,52.44558191413856,5000,40.85683239923246,35.35455157199271,46.54114106611596,31.87870798977562,51.62306099280209
six_workloads,mode,scale-free,tps_positive_commit,delta_max_pct,median,60,36.99796226911194,5000,28.024050784565272,20.195439739413697,35.40361573292319,16.532140019238028,43.21394910461831
six_workloads,mode,scale-free,tps_positive_commit,range_abs,mean,60,68.39200000000001,5000,56.855102040816334,49.59942708333334,63.19020408163262,44.995918367346945,67.52978723404256
six_workloads,mode,scale-free,tps_positive_commit,range_abs,median,60,25.4,5000,19.950000000000003,13.7,24.099999999999998,8.9,28.1
six_workloads,mode,scale-free,tps_positive_commit,wcd_abs,mean,60,41.74579415680639,5000,34.11352737622826,29.337404988425924,38.46875396825396,26.0051530612245,40.93959810874704
six_workloads,mode,scale-free,tps_positive_commit,wcd_abs,median,60,14.754166666666665,5000,11.97083333333332,7.810972222222222,14.947361111111109,5.544444444444451,18.19999999999999
six_workloads,mode,scale-free,tps_positive_commit,wcd_pct,mean,60,59.147917562775646,5000,47.46396887560829,42.068405855475724,53.00189577011638,38.3241340866386,57.0957046105745
six_workloads,mode,scale-free,tps_positive_commit,wcd_pct,median,60,46.267805803735044,5000,39.566115702479344,29.838398271280052,44.72361809045227,24.752475247524742,48.90738813735691
six_workloads,mode,torus,tps_positive_commit,mean,mean,60,139.9446981912423,5000,140.4838934796141,138.18128035714287,143.9739934240363,136.456623015873,147.7070983155168
six_workloads,mode,torus,tps_positive_commit,mean,median,60,119.9727272727273,5000,117.24434523809524,100.22413442460318,132.7627976190476,90.78253968253969,144.11428571428573
six_workloads,mode,torus,tps_positive_commit,iqr_pct,mean,60,33.446157835222685,5000,30.646787694741263,26.7075003851756,34.346662017518604,22.827320191691456,36.76377235682075
six_workloads,mode,torus,tps_positive_commit,iqr_pct,median,60,16.224648985959433,5000,16.63268825282656,12.867253001681371,20.223023612218995,10.28116174176959,25.200000000000006
six_workloads,mode,torus,tps_positive_commit,sample_std_pct,mean,60,29.52139037079032,5000,28.654378984047344,25.588416029837468,30.92390117649135,22.316870425655797,32.68847321556616
six_workloads,mode,torus,tps_positive_commit,sample_std_pct,median,60,21.748479699111805,5000,21.07704793126797,16.762293680125634,24.933897177870953,13.829708797863141,26.35751409453429
six_workloads,mode,torus,tps_positive_commit,delta_min_pct,mean,60,-42.935067608145665,5000,-38.42986576144068,-41.39523780023703,-35.016554292852035,-43.09315469635021,-32.770571348087145
six_workloads,mode,torus,tps_positive_commit,delta_min_pct,median,60,-35.5719557195572,5000,-31.253672150411283,-39.1841164180125,-24.448655175273398,-50.68493150684932,-18.66278724541298
six_workloads,mode,torus,tps_positive_commit,delta_max_pct,mean,60,42.93957941265598,5000,38.15433621253979,33.92483588923758,42.485079103380826,29.597044305223452,46.38400897544583
six_workloads,mode,torus,tps_positive_commit,delta_max_pct,median,60,26.54867256637169,5000,22.42660063073337,18.345322621102436,28.257328990228018,15.882588315994063,32.84132841328413
six_workloads,mode,torus,tps_positive_commit,range_abs,mean,60,73.7235294117647,5000,65.89803921568627,59.872401960784316,70.9244294117647,55.078431372549026,74.3416666666667
six_workloads,mode,torus,tps_positive_commit,range_abs,median,60,28.799999999999983,5000,27.599999999999994,19.400000000000006,33.3,15.8,39.550000000000004
six_workloads,mode,torus,tps_positive_commit,wcd_abs,mean,60,46.77896289712467,5000,41.06148179271709,36.53028137643946,44.90138845238095,32.55082866479924,48.052923550372505
six_workloads,mode,torus,tps_positive_commit,wcd_abs,median,60,19.284615384615385,5000,17.055555555555557,12.02222222222224,22.25555555555553,9.377777777777737,25.255555555555546
six_workloads,mode,torus,tps_positive_commit,wcd_pct,mean,60,52.41352278033502,5000,46.139428073732184,41.59346844299492,50.667125448397485,37.66855349868754,54.876255785002925
six_workloads,mode,torus,tps_positive_commit,wcd_pct,median,60,51.80944021066912,5000,36.1842105263158,27.819507926153022,49.861003002335146,22.76794209945757,53.385349239879986
six_workloads,workload,DDoS,tps_positive_commit,mean,mean,50,251.61663930205597,5000,252.9731068121693,247.64519138558205,262.10332397959183,244.03993606701948,267.8740532879819
six_workloads,workload,DDoS,tps_positive_commit,mean,median,50,213.70288461538462,5000,210.57916666666665,188.12835317460318,225.32222222222222,169.20138888888889,257.1666666666667
six_workloads,workload,DDoS,tps_positive_commit,iqr_pct,mean,50,29.7251207067332,5000,27.21324743406741,22.865192143419677,31.438081554162174,18.792372330238244,34.363370775030106
six_workloads,workload,DDoS,tps_positive_commit,iqr_pct,median,50,20.670215565588194,5000,19.809799427419968,15.493997870546746,23.719642894463764,11.844652822595934,28.94190871369294
six_workloads,workload,DDoS,tps_positive_commit,sample_std_pct,mean,50,23.580950165598253,5000,23.40516712100475,20.941380849820774,25.482990600526723,18.676949723139227,26.8444812033419
six_workloads,workload,DDoS,tps_positive_commit,sample_std_pct,median,50,21.16803086905444,5000,18.579386242595767,16.1794034091691,21.79581624548066,13.824072017014474,24.191666348095417
six_workloads,workload,DDoS,tps_positive_commit,delta_min_pct,mean,50,-37.98065827987872,5000,-34.128830080161265,-36.550409892367135,-30.988401775798085,-38.45984407795741,-28.02372785657458
six_workloads,workload,DDoS,tps_positive_commit,delta_min_pct,median,50,-32.44732888745308,5000,-27.959016507264106,-32.1067754663394,-24.46872905772679,-34.589031931017274,-21.392901570597203
six_workloads,workload,DDoS,tps_positive_commit,delta_max_pct,mean,50,35.13093348831403,5000,31.307917232303353,27.52384120082534,35.28348092511686,25.2567134721295,37.97436058724474
six_workloads,workload,DDoS,tps_positive_commit,delta_max_pct,median,50,30.919079624669287,5000,26.36337353207028,23.013509680896153,30.12851048166818,20.30417576903489,32.92116182572613
six_workloads,workload,DDoS,tps_positive_commit,range_abs,mean,50,134.35277777777776,5000,120.06666666666666,110.31034722222223,128.77492857142857,103.51944444444445,134.07428571428574
six_workloads,workload,DDoS,tps_positive_commit,range_abs,median,50,119.35,5000,100.5,79.69500000000001,119.35,63.499999999999986,122.7
six_workloads,workload,DDoS,tps_positive_commit,wcd_abs,mean,50,78.14565195606862,5000,69.63987488977074,63.4490203373016,75.33582790454146,59.32676917989417,79.54707142857143
six_workloads,workload,DDoS,tps_positive_commit,wcd_abs,median,50,61.95324675324673,5000,55.25833333333341,43.45527777777783,67.5333333333333,36.194444444444436,79.0
six_workloads,workload,DDoS,tps_positive_commit,wcd_pct,mean,50,42.151086071270136,5000,37.83867234274631,34.03645825231249,41.693551666637575,31.462669136529875,44.57060628396941
six_workloads,workload,DDoS,tps_positive_commit,wcd_pct,median,50,34.387771556669364,5000,31.03693181818182,27.315472124337983,34.6795071632217,24.41836310760281,37.03250231805663
six_workloads,workload,FIFA,tps_positive_commit,mean,mean,50,35.94319092195931,5000,36.230515873015875,33.76243904320988,38.70580045351473,32.04043209876542,41.02047165532879
six_workloads,workload,FIFA,tps_positive_commit,mean,median,50,24.35384615384615,5000,23.950000000000003,20.566666666666666,27.744999999999994,18.95714285714286,30.26
six_workloads,workload,FIFA,tps_positive_commit,iqr_pct,mean,50,63.39119930200429,5000,60.265291329779814,54.39471271846181,66.47397888599896,49.69627087487951,72.34872577711558
six_workloads,workload,FIFA,tps_positive_commit,iqr_pct,median,50,56.28003376330315,5000,53.274420708381115,45.769232198188426,62.84602287765081,41.48009050252905,70.97186700767263
six_workloads,workload,FIFA,tps_positive_commit,sample_std_pct,mean,50,52.23185632240942,5000,52.18782190876611,49.381853642851354,54.98268786534737,47.0345980056107,57.03333150760044
six_workloads,workload,FIFA,tps_positive_commit,sample_std_pct,median,50,50.05506064411358,5000,49.45018620785817,44.452503602231616,54.79447379552999,39.676908802964434,57.58924323491313
six_workloads,workload,FIFA,tps_positive_commit,delta_min_pct,mean,50,-68.25764523744017,5000,-63.8222277016425,-67.53906691186745,-60.259687762774185,-70.3863443190574,-56.62258286846269
six_workloads,workload,FIFA,tps_positive_commit,delta_min_pct,median,50,-70.45562436654146,5000,-65.19791780510077,-69.41610616276218,-60.6681426973356,-72.90848686197523,-54.162159387904964
six_workloads,workload,FIFA,tps_positive_commit,delta_max_pct,mean,50,97.7916425367637,5000,85.72156247581128,77.7767158197747,94.10393155539701,71.97513410619193,102.93926778777639
six_workloads,workload,FIFA,tps_positive_commit,delta_max_pct,median,50,88.99279966116056,5000,79.68372501647269,68.67240405137703,91.58415841584153,60.23738872403559,104.76190476190479
six_workloads,workload,FIFA,tps_positive_commit,range_abs,mean,50,69.65,5000,62.611269841269845,56.54708333333334,67.79146848739497,50.68333333333332,71.76176470588238
six_workloads,workload,FIFA,tps_positive_commit,range_abs,median,50,32.85,5000,29.049999999999997,25.15,34.7,21.199999999999996,35.45
six_workloads,workload,FIFA,tps_positive_commit,wcd_abs,mean,50,42.085785811184095,5000,37.16186243386244,32.90867835097002,41.00114595004668,28.60229166666666,44.791293183940226
six_workloads,workload,FIFA,tps_positive_commit,wcd_abs,median,50,19.051709401709406,5000,18.116666666666667,15.383055555555554,20.23361111111111,12.383333333333331,22.71666666666667
six_workloads,workload,FIFA,tps_positive_commit,wcd_pct,mean,50,100.61563375867874,5000,89.34324691619528,81.97277044089358,97.6020477702012,75.75409584579874,104.88086799792897
six_workloads,workload,FIFA,tps_positive_commit,wcd_pct,median,50,96.07774245719703,5000,83.28732747804267,73.92981794369472,94.94383223205449,62.10827186512117,104.76190476190479
six_workloads,workload,GAFAM,tps_positive_commit,mean,mean,50,68.94292515423173,5000,69.1534119047619,67.70510142857142,70.92087451409134,66.39094444444447,72.82138888888889
six_workloads,workload,GAFAM,tps_positive_commit,mean,median,50,62.626602564102555,5000,62.75972222222222,58.13604166666667,74.1222222222222,52.44166666666666,81.0
six_workloads,workload,GAFAM,tps_positive_commit,iqr_pct,mean,50,34.05234084729638,5000,31.448619342307147,27.73339519897261,35.211490297086414,24.73158107157037,38.32442001348086
six_workloads,workload,GAFAM,tps_positive_commit,iqr_pct,median,50,26.722392948547665,5000,23.32317073170732,18.997124618455437,27.82733383229173,16.11972616960465,31.15201893348338
six_workloads,workload,GAFAM,tps_positive_commit,sample_std_pct,mean,50,35.77479448085731,5000,32.638729645683,29.24972975767484,35.66243501138303,24.889122218167984,37.53747699399793
six_workloads,workload,GAFAM,tps_positive_commit,sample_std_pct,median,50,24.829700787519883,5000,24.708048751848875,21.28071274353381,27.289781878341056,17.78511519526578,28.612735355652617
six_workloads,workload,GAFAM,tps_positive_commit,delta_min_pct,mean,50,-47.63000496820254,5000,-41.68956452744007,-44.28909590398659,-38.718903710085065,-46.079005001199334,-34.61404818367154
six_workloads,workload,GAFAM,tps_positive_commit,delta_min_pct,median,50,-48.149487575851225,5000,-40.81777358882483,-46.346682971568335,-34.27101939039691,-49.51878036640485,-30.494775981096232
six_workloads,workload,GAFAM,tps_positive_commit,delta_max_pct,mean,50,57.45030519187431,5000,43.53286870768021,37.195982456673065,50.055748832304296,32.63612769075217,54.386576263879086
six_workloads,workload,GAFAM,tps_positive_commit,delta_max_pct,median,50,35.025601022407244,5000,29.23076923076923,24.270615795449974,34.92694139517977,21.23492169422253,38.67532744116708
six_workloads,workload,GAFAM,tps_positive_commit,range_abs,mean,50,52.128,5000,45.42424489795917,41.751949999999994,48.87179285714285,37.141999999999996,50.86326530612245
six_workloads,workload,GAFAM,tps_positive_commit,range_abs,median,50,34.349999999999994,5000,30.199999999999996,21.900000000000006,34.349999999999994,16.9,38.449999999999996
six_workloads,workload,GAFAM,tps_positive_commit,wcd_abs,mean,50,34.43215738866397,5000,29.24505079365079,26.40143511904761,31.8994348015873,23.019035714285707,33.652897619047614
six_workloads,workload,GAFAM,tps_positive_commit,wcd_abs,median,50,23.699999999999996,5000,19.177777777777774,14.427708333333324,23.04482638888888,10.3,24.833333333333314
six_workloads,workload,GAFAM,tps_positive_commit,wcd_pct,mean,50,69.34376014778829,5000,53.45405047497256,47.03720133844096,60.18465589750885,41.52197992236594,65.66651424077656
six_workloads,workload,GAFAM,tps_positive_commit,wcd_pct,median,50,50.83240316336951,5000,45.62524923368511,38.616016177510616,49.82313088035263,34.04342474240251,53.37898183983327
six_workloads,workload,Gaming,tps_positive_commit,mean,mean,50,124.71265318155233,5000,125.33756519274377,122.04265306122451,129.4876340744632,119.30788548752837,132.68511321195143
six_workloads,workload,Gaming,tps_positive_commit,mean,median,50,165.93846153846152,5000,163.18611111111113,149.34444444444443,179.72222222222223,137.37777777777777,189.93333333333334
six_workloads,workload,Gaming,tps_positive_commit,iqr_pct,mean,50,41.37467872232631,5000,37.29107414819342,32.87806805978748,41.851268025003364,28.46077627539439,45.41371222002548
six_workloads,workload,Gaming,tps_positive_commit,iqr_pct,median,50,34.160976619077175,5000,30.024880433148077,22.971346014928972,36.22135271101173,18.69379014989294,46.60646253703965
six_workloads,workload,Gaming,tps_positive_commit,sample_std_pct,mean,50,34.18313615298143,5000,33.20574270152191,31.05793226714693,35.31268859002253,28.397837623871766,36.99068517332719
six_workloads,workload,Gaming,tps_positive_commit,sample_std_pct,median,50,27.20101653810224,5000,27.728284346535524,24.603551337116,31.191356273784685,22.099488248044384,33.17148675517039
six_workloads,workload,Gaming,tps_positive_commit,delta_min_pct,mean,50,-53.04134456177761,5000,-48.034107504437074,-50.75703010788169,-44.734158512339185,-52.75657330038696,-41.80493889362134
six_workloads,workload,Gaming,tps_positive_commit,delta_min_pct,median,50,-51.80944021066912,5000,-48.07692307692309,-51.6042423295691,-42.834344079157354,-54.34782608695653,-37.93103448275861
six_workloads,workload,Gaming,tps_positive_commit,delta_max_pct,mean,50,53.836887830562816,5000,47.67299563890697,43.181680438188906,52.4191870670231,38.878917549275755,56.989496226458215
six_workloads,workload,Gaming,tps_positive_commit,delta_max_pct,median,50,40.085106382978715,5000,36.920022414795724,31.936827069334356,42.61939805048812,27.848507972207738,47.42868897421832
six_workloads,workload,Gaming,tps_positive_commit,range_abs,mean,50,117.70857142857143,5000,106.70289915966384,99.08278571428573,113.49705882352937,92.91714285714285,116.97941176470587
six_workloads,workload,Gaming,tps_positive_commit,range_abs,median,50,116.0,5000,104.7,74.6,122.1,54.0,122.1
six_workloads,workload,Gaming,tps_positive_commit,wcd_abs,mean,50,70.09125077443565,5000,63.87892156862745,58.61749957482994,68.51872845804986,54.343276643990926,71.1918942577031
six_workloads,workload,Gaming,tps_positive_commit,wcd_abs,median,50,74.74166666666663,5000,66.4111111111111,47.90916666666668,76.85597222222225,34.43333333333334,82.33333333333333
six_workloads,workload,Gaming,tps_positive_commit,wcd_pct,mean,50,63.191224556746924,5000,56.93570640114578,52.44860467528687,61.48190881556648,47.823021525292084,66.10264489023983
six_workloads,workload,Gaming,tps_positive_commit,wcd_pct,median,50,51.80944021066912,5000,50.476866680517,45.38096605521766,53.16927884786379,39.99999999999999,55.965189873417714
six_workloads,workload,PayPal,tps_positive_commit,mean,mean,50,141.61101855555975,5000,141.5469900723291,139.19378343465044,143.84643677266268,137.78739361702122,145.8325120772947
six_workloads,workload,PayPal,tps_positive_commit,mean,median,50,185.53619909502265,5000,188.14444444444447,182.84430555555554,190.60000000000002,181.77777777777777,190.83333333333334
six_workloads,workload,PayPal,tps_positive_commit,iqr_pct,mean,50,10.153608415955324,5000,9.037533901906864,5.614656004584635,12.25579562101307,3.4084575447775514,15.39305596608567
six_workloads,workload,PayPal,tps_positive_commit,iqr_pct,median,50,1.3084637108706831,5000,1.1978473467970514,0.7996017588426475,1.3721810741116889,0.6188822641308998,1.6328090318908517
six_workloads,workload,PayPal,tps_positive_commit,sample_std_pct,mean,50,11.851309140502249,5000,10.469007060146442,8.252779637506883,12.657812007819631,6.00698706995598,13.858211450493313
six_workloads,workload,PayPal,tps_positive_commit,sample_std_pct,median,50,1.967347559374466,5000,1.702916665438096,1.201098810962267,2.0935232672795325,0.7237531025450843,2.2783672638030685
six_workloads,workload,PayPal,tps_positive_commit,delta_min_pct,mean,50,-20.633301168225366,5000,-16.726908998147582,-19.35831451532896,-13.549792765497095,-20.973910385205755,-11.136461957515559
six_workloads,workload,PayPal,tps_positive_commit,delta_min_pct,median,50,-2.72808047950362,5000,-1.9815803693189522,-2.8688524590163835,-1.3091706020608243,-3.2553056881578204,-1.0392012540647668
six_workloads,workload,PayPal,tps_positive_commit,delta_max_pct,mean,50,11.315728117528389,5000,8.57363910792213,6.568653295960062,11.062209197688999,4.958309664610769,12.598998207951087
six_workloads,workload,PayPal,tps_positive_commit,delta_max_pct,median,50,2.7764258019265204,5000,1.7900310809255173,1.089899536258352,2.892561983471086,0.7225075382740442,3.749999999999986
six_workloads,workload,PayPal,tps_positive_commit,range_abs,mean,50,36.150000000000006,5000,29.078124999999996,23.076858377659576,34.270488696808506,19.060416666666672,36.90869565217392
six_workloads,workload,PayPal,tps_positive_commit,range_abs,median,50,3.3499999999999943,5000,2.8000000000000114,2.5999999999999943,3.4512499999999844,2.3500000000000023,3.799999999999997
six_workloads,workload,PayPal,tps_positive_commit,wcd_abs,mean,50,26.980005124546295,5000,20.930024484971298,16.257779761904764,24.96977369899499,13.452044477513226,26.657940821256034
six_workloads,workload,PayPal,tps_positive_commit,wcd_abs,median,50,2.3000000000000256,5000,1.9222222222222172,1.6776388888888747,2.2444444444444684,1.3777777777777942,2.5888888888888744
six_workloads,workload,PayPal,tps_positive_commit,wcd_pct,mean,50,23.02769920361435,5000,17.52108427510062,14.180755449757795,20.6000297511578,11.643958275012176,22.65714500842887
six_workloads,workload,PayPal,tps_positive_commit,wcd_pct,median,50,3.2999565509341586,5000,2.8856243441762857,1.4582312841635918,3.4125057676947383,1.152681708104851,4.155294685668948
six_workloads,workload,VISA,tps_positive_commit,mean,mean,50,202.1134221386817,5000,203.18100193620123,199.07794959886135,209.37339726631402,195.725404589372,216.01853354978357
six_workloads,workload,VISA,tps_positive_commit,mean,median,50,182.76428571428573,5000,182.59722222222223,160.04680555555555,196.35475,142.66444444444443,203.56666666666672
six_workloads,workload,VISA,tps_positive_commit,iqr_pct,mean,50,31.731546518457666,5000,28.20858885462828,23.39214376499679,32.90269974217994,19.235517668471196,37.11775847552752
six_workloads,workload,VISA,tps_positive_commit,iqr_pct,median,50,12.862013466111899,5000,11.346597168116677,9.384321177088404,13.640067678923533,8.034734574983162,16.377154594980798
six_workloads,workload,VISA,tps_positive_commit,sample_std_pct,mean,50,28.859729814864956,5000,27.47057541661607,23.443023946384134,30.507319263571542,20.044644556322954,32.57931774433076
six_workloads,workload,VISA,tps_positive_commit,sample_std_pct,median,50,12.581983786016735,5000,12.050563628324738,9.632715749895182,13.570822033909776,8.235189594266137,14.834038368328505
six_workloads,workload,VISA,tps_positive_commit,delta_min_pct,mean,50,-35.167785295736465,5000,-30.295100805627683,-33.27947903426884,-26.56398090287602,-35.09684039623183,-23.56267187949823
six_workloads,workload,VISA,tps_positive_commit,delta_min_pct,median,50,-17.745542694484737,5000,-15.416357871946051,-18.10211718145419,-12.454806619000289,-19.79163717691022,-10.161915893505117
six_workloads,workload,VISA,tps_positive_commit,delta_max_pct,mean,50,46.203652840457224,5000,37.57472875750821,31.67294510442583,43.40356645880609,27.50233200905446,48.1147855282792
six_workloads,workload,VISA,tps_positive_commit,delta_max_pct,median,50,18.541401893738986,5000,16.757621189358428,13.310823834988767,19.719275462525754,11.254495390233735,22.239060428111394
six_workloads,workload,VISA,tps_positive_commit,range_abs,mean,50,92.75434782608696,5000,79.57910628019324,71.17596256038648,86.92227777777777,62.43260869565216,93.59772727272728
six_workloads,workload,VISA,tps_positive_commit,range_abs,median,50,26.400000000000006,5000,23.099999999999994,19.04999999999999,29.299999999999955,14.5,32.00000000000004
six_workloads,workload,VISA,tps_positive_commit,wcd_abs,mean,50,55.650696141693686,5000,47.18392090330497,41.38951781400967,52.291309027777785,36.22990769496205,55.42743827160494
six_workloads,workload,VISA,tps_positive_commit,wcd_abs,median,50,13.95336257309941,5000,12.422222222222207,10.755416666666644,15.7777777777778,8.68333333333334,18.76666666666668
six_workloads,workload,VISA,tps_positive_commit,wcd_pct,mean,50,49.34355732151789,5000,40.58811636222492,34.830548626520255,46.185040943233886,30.835465890382228,50.84992133287354
six_workloads,workload,VISA,tps_positive_commit,wcd_pct,median,50,24.62242470069886,5000,19.71435858199439,15.822845704922656,24.135909105511164,12.393040086926142,27.23594419952896
six_workloads,network_size,10 nodes,tps_positive_commit,mean,mean,150,155.72436728322512,5000,156.36289711934157,154.24303227513226,158.73032605322823,152.81307583774253,161.25780663780668
six_workloads,network_size,10 nodes,tps_positive_commit,mean,median,150,119.9727272727273,5000,121.125,112.44986111111112,129.45611111111108,106.0,138.8222222222222
six_workloads,network_size,10 nodes,tps_positive_commit,iqr_pct,mean,150,40.30759035393312,5000,36.00917397966866,33.32771240795796,38.66780404049615,30.97175350322725,40.78765054053543
six_workloads,network_size,10 nodes,tps_positive_commit,iqr_pct,median,150,32.16494845360826,5000,26.440910282695285,22.675327184373845,30.097750294640335,20.085309449493508,33.402733773875255
six_workloads,network_size,10 nodes,tps_positive_commit,sample_std_pct,mean,150,33.24532422508582,5000,32.137658971080114,30.488104266212513,33.672653144653225,28.87925246898313,34.735116719666074
six_workloads,network_size,10 nodes,tps_positive_commit,sample_std_pct,median,150,29.70096542273735,5000,27.194702738361286,24.860555815618245,29.806861334771295,22.29343085165303,31.447615875462585
six_workloads,network_size,10 nodes,tps_positive_commit,delta_min_pct,mean,150,-48.0003479290486,5000,-42.42654287444347,-44.097258182621374,-40.54267663928729,-45.301303857339555,-38.61472141214102
six_workloads,network_size,10 nodes,tps_positive_commit,delta_min_pct,median,150,-51.65736790285526,5000,-42.416749545083654,-47.058823529411775,-37.31505880413801,-49.873096446700515,-34.79591836734694
six_workloads,network_size,10 nodes,tps_positive_commit,delta_max_pct,mean,150,52.58429836765307,5000,44.71384419128575,41.91640504009078,47.59330908438713,38.84731363974357,50.60896761945751
six_workloads,network_size,10 nodes,tps_positive_commit,delta_max_pct,median,150,35.83852970134558,5000,32.03198708932007,28.818907403364314,35.58667436229517,25.198728139904595,38.46153846153846
six_workloads,network_size,10 nodes,tps_positive_commit,range_abs,mean,150,95.18592592592593,5000,83.25539248203424,79.09101616915417,86.96836608623546,75.69626865671638,89.71052631578948
six_workloads,network_size,10 nodes,tps_positive_commit,range_abs,median,150,60.10000000000002,5000,47.099999999999994,41.95,56.3,37.35,59.60000000000002
six_workloads,network_size,10 nodes,tps_positive_commit,wcd_abs,mean,150,58.39101906753377,5000,50.40074863194141,47.52397028953556,53.06798280176502,45.485013521458,55.10883972992184
six_workloads,network_size,10 nodes,tps_positive_commit,wcd_abs,median,150,36.46666666666667,5000,29.640873015873026,24.55,34.48374999999999,21.105555555555558,37.388888888888886
six_workloads,network_size,10 nodes,tps_positive_commit,wcd_pct,mean,150,61.309901882415055,5000,52.51110136003841,49.622549598756514,55.35010983165149,47.06798064254639,57.680408794250425
six_workloads,network_size,10 nodes,tps_positive_commit,wcd_pct,median,150,55.711203426400026,5000,47.05882352941177,41.1214953271028,51.66367775036415,37.16422228651546,55.5141678861248
six_workloads,network_size,40 nodes,tps_positive_commit,mean,mean,150,114.10344597363189,5000,114.90308098143905,112.8826346165837,117.20295645463526,111.44711352657005,119.0893452380952
six_workloads,network_size,40 nodes,tps_positive_commit,mean,median,150,83.41538461538462,5000,83.21666666666667,62.621666666666655,99.79819444444442,51.40555555555555,109.98888888888888
six_workloads,network_size,40 nodes,tps_positive_commit,iqr_pct,mean,150,25.9346376206442,5000,24.904778479165756,22.611938194033563,27.159328825195168,20.65977672052768,29.351207618644185
six_workloads,network_size,40 nodes,tps_positive_commit,iqr_pct,median,150,16.191685355284257,5000,14.721919302071974,12.437018271587611,17.391384803527192,11.402781386826678,19.042794451153064
six_workloads,network_size,40 nodes,tps_positive_commit,sample_std_pct,mean,150,26.975918992999333,5000,25.267348400090974,23.47903657751963,26.89094639372701,22.429013280814463,28.371314905341514
six_workloads,network_size,40 nodes,tps_positive_commit,sample_std_pct,median,150,20.086240992719883,5000,17.546552620110816,15.436402957088944,19.577784130073397,13.643402349187268,21.492088384515377
six_workloads,network_size,40 nodes,tps_positive_commit,delta_min_pct,mean,150,-36.12582624097377,5000,-32.264207531543335,-33.90471165970027,-30.45976868736342,-35.27172653805936,-28.655038767957787
six_workloads,network_size,40 nodes,tps_positive_commit,delta_min_pct,median,150,-31.189624226619397,5000,-25.33758516329299,-28.652597748546267,-22.230279861147977,-32.06051226250152,-19.220726025293125
six_workloads,network_size,40 nodes,tps_positive_commit,delta_max_pct,mean,150,44.06604975202968,5000,35.85264040320175,32.429788665966804,39.421343951600335,30.102031633044394,42.748785703100054
six_workloads,network_size,40 nodes,tps_positive_commit,delta_max_pct,median,150,21.924707363245147,5000,20.140671843146848,18.318627061448442,22.395857233569583,16.95950875486379,24.365317544001957
six_workloads,network_size,40 nodes,tps_positive_commit,range_abs,mean,150,62.259482758620685,5000,54.95707236842105,51.29381919237747,58.1396948757764,48.3026086956522,60.968468468468465
six_workloads,network_size,40 nodes,tps_positive_commit,range_abs,median,150,15.450000000000001,5000,10.550000000000004,9.400000000000006,14.400000000000002,8.2,16.3
six_workloads,network_size,40 nodes,tps_positive_commit,wcd_abs,mean,150,38.580328452919105,5000,33.61366925313154,31.039832846003893,35.91551776698304,29.478874521072793,38.17300050050052
six_workloads,network_size,40 nodes,tps_positive_commit,wcd_abs,median,150,9.110989010989012,5000,6.4607638888888905,5.3333333333333295,8.512065972222217,4.76111111111111,10.200000000000001
six_workloads,network_size,40 nodes,tps_positive_commit,wcd_pct,mean,150,51.00671745854306,5000,41.85698310064146,38.35103877149516,45.46147967297399,36.51724489765259,49.38223273668801
six_workloads,network_size,40 nodes,tps_positive_commit,wcd_pct,median,150,35.320515585602195,5000,28.83748607545222,25.06018021039091,33.739075029048664,23.033712380312267,36.56550703182826
legacy_three_workloads,blockchain,Algorand,tps_positive_commit,mean,mean,30,255.5850183150183,5000,255.59277777777783,253.81833333333333,257.45894444444446,252.5922222222222,258.60296296296303
legacy_three_workloads,blockchain,Algorand,tps_positive_commit,mean,median,30,191.17692307692306,5000,191.19444444444446,190.99444444444444,191.34444444444446,190.84999999999997,191.39999999999998
legacy_three_workloads,blockchain,Algorand,tps_positive_commit,iqr_pct,mean,30,14.19630541338915,5000,13.790345033203018,11.03811019190746,16.456058621924782,9.665496650958335,17.9284758524566
legacy_three_workloads,blockchain,Algorand,tps_positive_commit,iqr_pct,median,30,6.106588358231587,5000,5.68065894133035,3.9596278335483133,8.761969536429943,2.182994490930454,11.030522168005618
legacy_three_workloads,blockchain,Algorand,tps_positive_commit,sample_std_pct,mean,30,12.29691925920755,5000,12.254864678016364,10.868823783041877,13.369326230535991,9.576821264486231,14.327144286926982
legacy_three_workloads,blockchain,Algorand,tps_positive_commit,sample_std_pct,median,30,6.727468381642435,5000,6.420688296250434,4.538577743302951,7.410434082071107,2.7398418275664342,7.841016063176198
legacy_three_workloads,blockchain,Algorand,tps_positive_commit,delta_min_pct,mean,30,-23.296284928949817,5000,-20.973463662353907,-22.762112589327,-18.2879018290894,-23.352937067729435,-15.66687986296744
legacy_three_workloads,blockchain,Algorand,tps_positive_commit,delta_min_pct,median,30,-9.576334110886142,5000,-8.210006333107772,-9.998507876437287,-5.33744929788684,-11.299327979959045,-3.673788957649595
legacy_three_workloads,blockchain,Algorand,tps_positive_commit,delta_max_pct,mean,30,15.903680984812093,5000,14.795639975476128,13.098931162534473,16.510856474572535,11.828612910810966,17.990549276930665
legacy_three_workloads,blockchain,Algorand,tps_positive_commit,delta_max_pct,median,30,11.671749591788494,5000,10.004554847224956,5.54630915496649,13.070695402079336,3.92961266467009,14.165518267913711
legacy_three_workloads,blockchain,Algorand,tps_positive_commit,range_abs,mean,30,66.26666666666668,5000,59.845,55.04275,63.59016666666667,49.24666666666666,65.55000000000001
legacy_three_workloads,blockchain,Algorand,tps_positive_commit,range_abs,median,30,73.55,5000,57.50000000000003,44.44875000000001,73.15,34.05000000000001,73.55
legacy_three_workloads,blockchain,Algorand,tps_positive_commit,wcd_abs,mean,30,41.12142857142858,5000,36.968703703703696,33.41583333333333,39.8109537037037,29.73111111111113,41.50555555555555
legacy_three_workloads,blockchain,Algorand,tps_positive_commit,wcd_abs,median,30,44.78846153846154,5000,33.90833333333331,25.23875,43.77819444444444,21.25555555555556,48.599999999999994
legacy_three_workloads,blockchain,Algorand,tps_positive_commit,wcd_pct,mean,30,24.44279191523591,5000,22.29034737710861,19.675514173408757,23.99966341027694,16.97055700551046,25.114909479955866
legacy_three_workloads,blockchain,Algorand,tps_positive_commit,wcd_pct,median,30,14.309374414306266,5000,12.227932729039328,8.089289792830868,14.458842860672643,4.2920438485084835,15.308969921572452
legacy_three_workloads,blockchain,Diem,tps_positive_commit,mean,mean,30,213.0368827464276,5000,213.00203703703704,210.53362037037041,215.53710185185184,208.59111111111116,218.05925925925922
legacy_three_workloads,blockchain,Diem,tps_positive_commit,mean,median,30,189.8493006993007,5000,189.2833333333333,186.01652777777775,191.9611111111111,184.53333333333333,192.68888888888887
legacy_three_workloads,blockchain,Diem,tps_positive_commit,iqr_pct,mean,30,9.324004512931209,5000,8.769891260840529,6.264589401607314,9.949627286377021,5.0020707765718635,10.607397354834433
legacy_three_workloads,blockchain,Diem,tps_positive_commit,iqr_pct,median,30,5.4371756291131135,5000,5.174687084871559,3.3503299742669905,6.139449289286915,2.165025410807246,6.892571479312691
legacy_three_workloads,blockchain,Diem,tps_positive_commit,sample_std_pct,mean,30,9.247524486501373,5000,8.996861847484267,7.630308740609975,10.11426164729145,6.651603805203382,10.673984135695587
legacy_three_workloads,blockchain,Diem,tps_positive_commit,sample_std_pct,median,30,6.024909669004517,5000,5.4195430381927965,4.472056637648302,6.3876548217966365,3.653525459931311,6.76033819443035
legacy_three_workloads,blockchain,Diem,tps_positive_commit,delta_min_pct,mean,30,-21.74222332842391,5000,-16.830311865769477,-20.11941620576761,-12.831050044196424,-21.160095705598465,-9.800714395293145
legacy_three_workloads,blockchain,Diem,tps_positive_commit,delta_min_pct,median,30,-13.072688665835745,5000,-8.771168115907502,-11.649108534627711,-6.836987791906026,-13.269993649272738,-5.187164437749316
legacy_three_workloads,blockchain,Diem,tps_positive_commit,delta_max_pct,mean,30,9.327657040018837,5000,8.945120043897884,7.7168804144063525,10.368571731839035,6.827519471666514,11.514235521789384
legacy_three_workloads,blockchain,Diem,tps_positive_commit,delta_max_pct,median,30,7.37411220691707,5000,6.469870708497147,5.1025234945689855,7.950863305289697,3.77864460662375,8.931924509155966
legacy_three_workloads,blockchain,Diem,tps_positive_commit,range_abs,mean,30,66.45333333333333,5000,55.050000000000004,46.69241666666667,62.494,39.93,65.34333333333333
legacy_three_workloads,blockchain,Diem,tps_positive_commit,range_abs,median,30,42.39999999999999,5000,32.44999999999999,23.2975,41.55,20.099999999999994,42.39999999999999
legacy_three_workloads,blockchain,Diem,tps_positive_commit,wcd_abs,mean,30,45.19881257098906,5000,36.342037037037045,29.523333333333355,41.80041666666668,25.496666666666673,44.294444444444444
legacy_three_workloads,blockchain,Diem,tps_positive_commit,wcd_abs,median,30,29.6508097165992,5000,21.23333333333332,14.88875000000001,27.272361111111127,11.327777777777783,32.383333333333326
legacy_three_workloads,blockchain,Diem,tps_positive_commit,wcd_pct,mean,30,22.00622851381196,5000,17.59853854059391,13.738526363455033,20.680386584875162,11.568647348532233,22.189975952900934
legacy_three_workloads,blockchain,Diem,tps_positive_commit,wcd_pct,median,30,13.072688665835745,5000,10.133947059239615,7.9508757176867135,12.499540772834361,6.2068521204365315,14.00215446654874
legacy_three_workloads,blockchain,Ethereum,tps_positive_commit,mean,mean,30,10.123542124542125,5000,10.123703703703706,10.019249999999998,10.23038888888889,9.915185185185184,10.31740740740741
legacy_three_workloads,blockchain,Ethereum,tps_positive_commit,mean,median,30,9.72974358974359,5000,9.711111111111112,9.377777777777778,10.016666666666666,9.150000000000002,10.194444444444446
legacy_three_workloads,blockchain,Ethereum,tps_positive_commit,iqr_pct,mean,30,12.549021257449445,5000,12.367955299230566,11.038084083915027,13.730808103286751,10.146220119420414,14.96010206621715
legacy_three_workloads,blockchain,Ethereum,tps_positive_commit,iqr_pct,median,30,11.675953073273678,5000,10.791257301136085,8.59835111857386,13.045543837815861,6.954071724832749,15.07631609939936
legacy_three_workloads,blockchain,Ethereum,tps_positive_commit,sample_std_pct,mean,30,11.900732929422302,5000,11.682752544097795,10.633457670825162,12.6075083739645,9.727540477964409,13.31074912619308
legacy_three_workloads,blockchain,Ethereum,tps_positive_commit,sample_std_pct,median,30,11.605277141244676,5000,11.123864539047291,9.09307218802435,12.854539582158122,7.4345610119536545,13.802249185229606
legacy_three_workloads,blockchain,Ethereum,tps_positive_commit,delta_min_pct,mean,30,-20.82650312455352,5000,-18.13294065633942,-19.810498009331813,-15.96435586073383,-20.683243237420616,-13.559188756012135
legacy_three_workloads,blockchain,Ethereum,tps_positive_commit,delta_min_pct,median,30,-17.421603395557305,5000,-15.778112345205598,-17.969923893524225,-13.158920153204857,-20.20860495436767,-11.20457349838793
legacy_three_workloads,blockchain,Ethereum,tps_positive_commit,delta_max_pct,mean,30,21.215403492296286,5000,18.144908909172976,15.791141351704265,20.191935703463564,13.979627101658258,21.402002451048283
legacy_three_workloads,blockchain,Ethereum,tps_positive_commit,delta_max_pct,median,30,16.193159375239564,5000,14.342703235069418,11.927303015183828,16.91171056996751,9.849639689578712,19.59865480306992
legacy_three_workloads,blockchain,Ethereum,tps_positive_commit,range_abs,mean,30,4.5233333333333325,5000,3.878333333333333,3.47,4.24,3.053333333333333,4.426666666666667
legacy_three_workloads,blockchain,Ethereum,tps_positive_commit,range_abs,median,30,3.4,5000,3.1499999999999995,2.5999999999999996,3.4,2.25,3.4
legacy_three_workloads,blockchain,Ethereum,tps_positive_commit,wcd_abs,mean,30,2.877630036630037,5000,2.4224074074074076,2.105537037037036,2.687407407407407,1.7614814814814814,2.817407407407408
legacy_three_workloads,blockchain,Ethereum,tps_positive_commit,wcd_abs,median,30,1.9961538461538462,5000,1.7166666666666677,1.4611111111111112,2.0390277777777763,1.1833333333333331,2.2888888888888896
legacy_three_workloads,blockchain,Ethereum,tps_positive_commit,wcd_pct,mean,30,26.5831646418923,5000,22.46506281017043,19.748705274492877,24.80556790997186,16.94124325021138,26.2075512277998
legacy_three_workloads,blockchain,Ethereum,tps_positive_commit,wcd_pct,median,30,24.64203881586848,5000,19.161453705564995,15.298305880718138,23.598473483038703,12.42124942115484,26.3713144963145
legacy_three_workloads,blockchain,Quorum,tps_positive_commit,mean,mean,30,78.51818394214719,5000,78.69577116402118,76.47297294973544,82.09525338669951,75.00297486772487,86.21008786848074
legacy_three_workloads,blockchain,Quorum,tps_positive_commit,mean,median,30,41.774404761904755,5000,43.73888888888889,38.24986111111111,73.73333333333332,34.075,80.03999999999999
legacy_three_workloads,blockchain,Quorum,tps_positive_commit,iqr_pct,mean,30,56.65036994598963,5000,49.78429103935168,40.477359853997015,58.50879179346246,31.718395376939334,65.49505297589945
legacy_three_workloads,blockchain,Quorum,tps_positive_commit,iqr_pct,median,30,61.859105468628584,5000,46.54261107662194,32.659642318166284,62.475799349175226,20.74266147418942,70.9077461000538
legacy_three_workloads,blockchain,Quorum,tps_positive_commit,sample_std_pct,mean,30,59.55898788638776,5000,54.53189063196132,47.11040105025916,60.98750415686977,40.101054973935184,65.72143286114252
legacy_three_workloads,blockchain,Quorum,tps_positive_commit,sample_std_pct,median,30,48.36376795448203,5000,47.926606694233826,41.7497455730912,54.40460022263108,33.85024939992163,58.61712505471725
legacy_three_workloads,blockchain,Quorum,tps_positive_commit,delta_min_pct,mean,30,-59.86494061774032,5000,-53.11942708486242,-57.5467709664006,-47.35125796376656,-59.99081951330754,-41.679893105170315
legacy_three_workloads,blockchain,Quorum,tps_positive_commit,delta_min_pct,median,30,-65.40963316246378,5000,-58.22497114563466,-67.08814590372914,-52.31924517701736,-69.8297479213409,-45.868007867270904
legacy_three_workloads,blockchain,Quorum,tps_positive_commit,delta_max_pct,mean,30,95.95895467890115,5000,69.28808296135493,56.49843213579066,82.55814488292695,46.507985843314835,94.15992083886819
legacy_three_workloads,blockchain,Quorum,tps_positive_commit,delta_max_pct,median,30,84.00507494393958,5000,58.813730716414916,43.653977108100804,75.97977806434491,32.06814835868189,90.88713158861378
legacy_three_workloads,blockchain,Quorum,tps_positive_commit,range_abs,mean,30,52.21,5000,46.35666666666667,40.84000000000001,50.39691666666667,34.936666666666675,53.88928571428572
legacy_three_workloads,blockchain,Quorum,tps_positive_commit,range_abs,median,30,17.9,5000,13.9,10.899999999999999,17.5,8.4,20.1
legacy_three_workloads,blockchain,Quorum,tps_positive_commit,wcd_abs,mean,30,35.57848817495142,5000,30.880285052910047,26.731022519841268,34.174723853995616,22.607208994708994,36.23510487528345
legacy_three_workloads,blockchain,Quorum,tps_positive_commit,wcd_abs,median,30,10.620138888888889,5000,8.180079365079365,6.366597222222222,10.430083333333332,4.625,12.755555555555556
legacy_three_workloads,blockchain,Quorum,tps_positive_commit,wcd_pct,mean,30,103.53209078813393,5000,76.99213431195574,64.46685846842183,90.2604857357189,55.13358443498298,101.64262700195813
legacy_three_workloads,blockchain,Quorum,tps_positive_commit,wcd_pct,median,30,87.81862826980256,5000,75.01342389661923,62.290255517551024,83.58583382543566,51.59310618158332,95.02019025220446
legacy_three_workloads,blockchain,Solana,tps_positive_commit,mean,mean,30,117.65765637140639,5000,118.88505866114565,110.21167538136933,128.7762268943315,103.68479797979798,135.62593253968254
legacy_three_workloads,blockchain,Solana,tps_positive_commit,mean,median,30,85.89166666666668,5000,79.8875,52.32777777777778,116.15421875,42.46666666666667,136.04285714285714
legacy_three_workloads,blockchain,Solana,tps_positive_commit,iqr_pct,mean,30,36.168764678622686,5000,32.84370598261614,25.990936070501345,40.34398717511154,20.10477865714083,48.01695915410947
legacy_three_workloads,blockchain,Solana,tps_positive_commit,iqr_pct,median,30,38.21888511785765,5000,27.68695193129954,17.51960399050389,41.543884504978855,10.073038027086167,50.99150141643061
legacy_three_workloads,blockchain,Solana,tps_positive_commit,sample_std_pct,mean,30,40.117278539491544,5000,36.764689092055434,31.530371261229643,41.59437525831289,27.376908118826385,45.57284745741966
legacy_three_workloads,blockchain,Solana,tps_positive_commit,sample_std_pct,median,30,40.94715847860003,5000,35.88596815338484,28.674249518309445,42.55381042283876,24.82746948891615,46.93845381101344
legacy_three_workloads,blockchain,Solana,tps_positive_commit,delta_min_pct,mean,30,-50.73826117078314,5000,-43.305864548303774,-49.78571477102351,-36.549009479391046,-55.24494062871591,-31.64923699701234
legacy_three_workloads,blockchain,Solana,tps_positive_commit,delta_min_pct,median,30,-58.1405425710341,5000,-48.50425758104012,-57.432713235954836,-37.59061055278587,-60.95320126327878,-22.91980668414154
legacy_three_workloads,blockchain,Solana,tps_positive_commit,delta_max_pct,mean,30,52.8694730839691,5000,42.11592970707541,34.8667191143154,50.45714225910625,29.007489384712937,58.38686948596275
legacy_three_workloads,blockchain,Solana,tps_positive_commit,delta_max_pct,median,30,47.54556292868449,5000,38.10056525419751,28.809473487993404,48.12646370023421,20.452622123662465,57.682359027418514
legacy_three_workloads,blockchain,Solana,tps_positive_commit,range_abs,mean,30,121.86250000000001,5000,101.84130434782608,83.59458992094864,119.16824999999999,71.03333333333335,136.27
legacy_three_workloads,blockchain,Solana,tps_positive_commit,range_abs,median,30,39.4,5000,31.75,12.000000000000007,44.0,4.699999999999999,100.10000000000001
legacy_three_workloads,blockchain,Solana,tps_positive_commit,wcd_abs,mean,30,76.38705655455655,5000,61.75909348401198,49.380694050854046,73.6661516053391,39.561152447089945,87.5660873015873
legacy_three_workloads,blockchain,Solana,tps_positive_commit,wcd_abs,median,30,23.648397435897436,5000,17.884375,7.086718750000008,28.011111111111116,2.7388888888888863,65.75833333333334
legacy_three_workloads,blockchain,Solana,tps_positive_commit,wcd_pct,mean,30,64.3913720908543,5000,51.56648084240307,43.09731718677705,60.48666978761348,37.32044969783284,70.0966114542926
legacy_three_workloads,blockchain,Solana,tps_positive_commit,wcd_pct,median,30,66.82699595868388,5000,54.53251523919261,41.82456101386544,65.79979196975695,30.966851502573483,69.58896828677732
legacy_three_workloads,mode,fat-tree,tps_positive_commit,mean,mean,30,133.04776924606205,5000,133.20162835249045,128.54673111658454,137.92986733716472,123.13440613026818,144.12074221046444
legacy_three_workloads,mode,fat-tree,tps_positive_commit,mean,median,30,115.32857142857142,5000,118.24000000000001,103.1,135.23416666666668,96.16666666666669,148.975
legacy_three_workloads,mode,fat-tree,tps_positive_commit,iqr_pct,mean,30,28.730839166760603,5000,27.076966306126707,21.268061892543784,32.91471257649089,15.743450784678814,37.22404146263668
legacy_three_workloads,mode,fat-tree,tps_positive_commit,iqr_pct,median,30,19.430512574253903,5000,14.427480916030545,10.481237060041408,21.34578855067455,7.287449392712546,25.35837864557589
legacy_three_workloads,mode,fat-tree,tps_positive_commit,sample_std_pct,mean,30,31.199125824038283,5000,27.357343522433034,22.352544035525856,31.554621574114737,18.826573935466993,33.753075112582614
legacy_three_workloads,mode,fat-tree,tps_positive_commit,sample_std_pct,median,30,22.002733067271425,5000,18.88304479149602,13.909801432552406,26.26194941448179,10.651711331965164,28.638563145246117
legacy_three_workloads,mode,fat-tree,tps_positive_commit,delta_min_pct,mean,30,-40.61719963290935,5000,-34.25697484805748,-38.18444397101223,-29.85833288776666,-40.279150385395425,-25.59814442027689
legacy_three_workloads,mode,fat-tree,tps_positive_commit,delta_min_pct,median,30,-38.26227738801942,5000,-31.698196216454026,-38.076741685910136,-18.48783013982392,-43.405172413793096,-15.107913669064745
legacy_three_workloads,mode,fat-tree,tps_positive_commit,delta_max_pct,mean,30,47.08890260761631,5000,33.55157020020491,25.72428173980017,42.478216259991775,21.33493886736388,47.816286571436244
legacy_three_workloads,mode,fat-tree,tps_positive_commit,delta_max_pct,median,30,25.65747273893519,5000,20.48192771084339,14.793238306995939,25.378195440959164,10.297153581482641,30.39581777445854
legacy_three_workloads,mode,fat-tree,tps_positive_commit,range_abs,mean,30,77.89999999999999,5000,66.08620689655173,56.95853448275862,73.99310344827585,48.807142857142864,79.49642857142858
legacy_three_workloads,mode,fat-tree,tps_positive_commit,range_abs,median,30,32.9,5000,11.9,8.4,32.9,5.799999999999983,33.60000000000004
legacy_three_workloads,mode,fat-tree,tps_positive_commit,wcd_abs,mean,30,49.31294797537875,5000,41.02033045977012,35.00635940065681,46.47543370279146,29.723407224958944,50.46632731253421
legacy_three_workloads,mode,fat-tree,tps_positive_commit,wcd_abs,median,30,20.058333333333334,5000,7.666666666666666,4.899999999999999,21.312499999999996,3.1444444444444457,23.577777777777897
legacy_three_workloads,mode,fat-tree,tps_positive_commit,wcd_pct,mean,30,59.675496798453025,5000,43.09490286918009,35.04311708384274,52.16465157721017,30.807232368321266,58.050127794583084
legacy_three_workloads,mode,fat-tree,tps_positive_commit,wcd_pct,median,30,50.63291139240506,5000,34.24354243542435,21.445342548222957,44.18265351357446,17.484008528784646,51.43182053137599
legacy_three_workloads,mode,full mesh,tps_positive_commit,mean,mean,30,151.88631595586955,5000,152.05103174603175,149.8781646825397,157.93183120223395,148.2933531746032,160.99888300999413
legacy_three_workloads,mode,full mesh,tps_positive_commit,mean,median,30,137.20059523809522,5000,138.0055555555556,132.78333333333333,149.90027777777775,129.87222222222223,158.95555555555555
legacy_three_workloads,mode,full mesh,tps_positive_commit,iqr_pct,mean,30,18.37946629143752,5000,17.291756953704134,13.069912160794248,21.08873945918809,9.28700427454169,24.108315137123423
legacy_three_workloads,mode,full mesh,tps_positive_commit,iqr_pct,median,30,9.699464762073596,5000,8.415360355960502,5.366405963209284,11.367563847280362,3.7962390630162113,15.67060957025414
legacy_three_workloads,mode,full mesh,tps_positive_commit,sample_std_pct,mean,30,18.816587572613866,5000,17.52123064643628,14.946713348108116,20.094062985142724,11.425545323147094,22.137020910396625
legacy_three_workloads,mode,full mesh,tps_positive_commit,sample_std_pct,median,30,11.344540952285506,5000,9.734946080026416,7.875532555626231,11.9327256923724,6.150113132562621,13.339378690443498
legacy_three_workloads,mode,full mesh,tps_positive_commit,delta_min_pct,mean,30,-28.818584471107634,5000,-24.4610813150707,-27.41700864015377,-20.768898432269655,-28.7097010987896,-17.17554418794976
legacy_three_workloads,mode,full mesh,tps_positive_commit,delta_min_pct,median,30,-20.10968365180216,5000,-14.737430657821374,-19.289312610975713,-11.156607632515042,-22.437596580911052,-8.237456122853029
legacy_three_workloads,mode,full mesh,tps_positive_commit,delta_max_pct,mean,30,29.618320487399302,5000,23.726369438093585,19.056326710076195,28.288359084634433,16.067392101949725,31.52163667487583
legacy_three_workloads,mode,full mesh,tps_positive_commit,delta_max_pct,median,30,13.3650929457069,5000,12.02138648672545,10.036462843506605,14.69273995629322,8.013410530482966,16.459533032611162
legacy_three_workloads,mode,full mesh,tps_positive_commit,range_abs,mean,30,54.73571428571427,5000,46.60906084656084,38.8107142857143,52.533392857142864,33.76428571428571,55.333333333333314
legacy_three_workloads,mode,full mesh,tps_positive_commit,range_abs,median,30,14.35,5000,11.849999999999993,8.099999999999989,14.35,5.4,15.5
legacy_three_workloads,mode,full mesh,tps_positive_commit,wcd_abs,mean,30,36.736571275946275,5000,30.41432114512471,24.227226828231284,34.97818062641723,20.559710884353738,36.609495884773665
legacy_three_workloads,mode,full mesh,tps_positive_commit,wcd_abs,median,30,9.210096153846155,5000,7.1166666666666645,4.716597222222222,9.110396825396837,3.25,10.48
legacy_three_workloads,mode,full mesh,tps_positive_commit,wcd_pct,mean,30,37.113275596109474,5000,29.82277977061198,24.834932028004115,34.667890524118526,20.068125308040255,38.418175557732326
legacy_three_workloads,mode,full mesh,tps_positive_commit,wcd_pct,median,30,22.5698563408556,5000,17.21874670459317,13.113381823662928,21.919722002483365,10.364687858361878,23.939083479230195
legacy_three_workloads,mode,hypercube,tps_positive_commit,mean,mean,30,144.82719016728143,5000,144.80977011494252,142.22189975271715,147.39562773672685,139.41327312534204,150.42335600907032
legacy_three_workloads,mode,hypercube,tps_positive_commit,mean,median,30,147.53000000000003,5000,145.3777777777778,132.98291666666668,152.4,130.90555555555554,152.4
legacy_three_workloads,mode,hypercube,tps_positive_commit,iqr_pct,mean,30,24.483730016785206,5000,22.434921005540076,17.64617361344256,26.81975673713078,13.635441277542784,30.30687145049189
legacy_three_workloads,mode,hypercube,tps_positive_commit,iqr_pct,median,30,9.101516919486578,5000,9.28605313909279,6.0810810810810905,12.650741089850158,4.010468241618341,15.952732644017727
legacy_three_workloads,mode,hypercube,tps_positive_commit,sample_std_pct,mean,30,24.476406127175895,5000,23.64481145849492,19.324390310441427,26.451692480080354,15.01539896366951,28.110268344692663
legacy_three_workloads,mode,hypercube,tps_positive_commit,sample_std_pct,median,30,13.513870944451087,5000,13.039974456631214,10.556593809633261,15.592810920578282,7.333164353056943,17.204830852450826
legacy_three_workloads,mode,hypercube,tps_positive_commit,delta_min_pct,mean,30,-32.56748868305085,5000,-29.334594413147954,-32.07013723893106,-25.241541478997462,-33.68012540727544,-21.229291329974778
legacy_three_workloads,mode,hypercube,tps_positive_commit,delta_min_pct,median,30,-20.326864147088873,5000,-17.82697854122936,-20.70484581497797,-13.733905579399147,-22.840200711955234,-9.03664525878353
legacy_three_workloads,mode,hypercube,tps_positive_commit,delta_max_pct,mean,30,34.88722983385598,5000,29.416501716043122,23.022010167734187,35.43367716364485,17.84642658293533,39.14826638138486
legacy_three_workloads,mode,hypercube,tps_positive_commit,delta_max_pct,median,30,12.870275791624096,5000,12.306773205884545,8.382969974551584,15.208703963377129,7.358287161230483,16.807278315846045
legacy_three_workloads,mode,hypercube,tps_positive_commit,range_abs,mean,30,55.1793103448276,5000,49.22629310344827,42.49836206896552,54.475929802955676,37.27241379310345,56.81785714285713
legacy_three_workloads,mode,hypercube,tps_positive_commit,range_abs,median,30,15.7,5000,13.700000000000017,9.0,19.4,4.700000000000001,19.4
legacy_three_workloads,mode,hypercube,tps_positive_commit,wcd_abs,mean,30,35.23046792400749,5000,30.70118021346469,25.862719280240835,34.610411785763155,22.21505199781061,37.55744047619048
legacy_three_workloads,mode,hypercube,tps_positive_commit,wcd_abs,median,30,9.214285714285715,5000,8.146527777777779,5.25555555555556,10.74472222222222,3.200000000000001,11.625694444444447
legacy_three_workloads,mode,hypercube,tps_positive_commit,wcd_pct,mean,30,43.2307041803214,5000,36.491187024315835,30.042603644151267,42.52249619796011,23.709327767316644,46.835815298910816
legacy_three_workloads,mode,hypercube,tps_positive_commit,wcd_pct,median,30,29.696616102683816,5000,22.07792207792207,15.737425554908526,29.873417721519004,9.03664525878353,33.89785443447701
legacy_three_workloads,mode,scale-free,tps_positive_commit,mean,mean,30,115.23398966165415,5000,115.50903698979594,111.93616294642861,120.34377814520872,109.83503401360542,124.01538065843621
legacy_three_workloads,mode,scale-free,tps_positive_commit,mean,median,30,86.94230769230771,5000,90.48055555555555,79.10000000000001,111.1664236111111,72.63333333333334,156.88888888888886
legacy_three_workloads,mode,scale-free,tps_positive_commit,iqr_pct,mean,30,29.227020727041804,5000,25.980410083380427,19.82694604599104,31.69079887040092,13.871741077829004,35.41132732977274
legacy_three_workloads,mode,scale-free,tps_positive_commit,iqr_pct,median,30,15.789385907369685,5000,11.858556582963287,7.904611085255748,16.95089952688112,5.864107173297905,20.23170353251065
legacy_three_workloads,mode,scale-free,tps_positive_commit,sample_std_pct,mean,30,28.352543227797916,5000,26.014380828374875,22.029424370681944,29.774524121236624,18.384492409721275,32.46082745314484
legacy_three_workloads,mode,scale-free,tps_positive_commit,sample_std_pct,median,30,14.424935896860237,5000,14.400100091951842,9.404954780923362,16.504286819468078,6.955409814924811,17.258382797976996
legacy_three_workloads,mode,scale-free,tps_positive_commit,delta_min_pct,mean,30,-37.33448960611396,5000,-31.270492031915822,-34.62838430726422,-27.477668935617807,-37.204389177537415,-22.259105937676313
legacy_three_workloads,mode,scale-free,tps_positive_commit,delta_min_pct,median,30,-34.261993238784285,5000,-25.28868784336201,-33.26034897171695,-14.58463080814242,-35.72388688257896,-9.67922286672725
legacy_three_workloads,mode,scale-free,tps_positive_commit,delta_max_pct,mean,30,47.31094950582075,5000,34.6033406420667,27.053461906625426,42.491992016480026,21.153386947808386,47.97641094027439
legacy_three_workloads,mode,scale-free,tps_positive_commit,delta_max_pct,median,30,17.12341680650441,5000,14.983481271685058,11.44846065942582,18.653332518501575,9.296742039137808,20.685646866723765
legacy_three_workloads,mode,scale-free,tps_positive_commit,range_abs,mean,30,54.88928571428572,5000,42.97321428571429,34.44276785714287,50.46299603174603,28.714285714285715,53.621428571428574
legacy_three_workloads,mode,scale-free,tps_positive_commit,range_abs,median,30,21.000000000000004,5000,13.15,8.350000000000001,20.699999999999992,6.4,21.000000000000004
legacy_three_workloads,mode,scale-free,tps_positive_commit,wcd_abs,mean,30,34.74202279393539,5000,26.49348686696901,20.890816716269843,31.724549382716052,17.898988095238092,34.64904320987654
legacy_three_workloads,mode,scale-free,tps_positive_commit,wcd_abs,median,30,12.996428571428574,5000,7.933333333333334,5.588472222222222,12.625,4.022222222222222,15.22
legacy_three_workloads,mode,scale-free,tps_positive_commit,wcd_pct,mean,30,54.61935333085637,5000,40.989609646182295,33.76545097407753,48.59636122138526,28.576805201573904,54.20935768413115
legacy_three_workloads,mode,scale-free,tps_positive_commit,wcd_pct,median,30,39.35154791018758,5000,26.515931317080025,15.384480774016929,37.3031625058826,10.755813953488365,40.00971599963918
legacy_three_workloads,mode,torus,tps_positive_commit,mean,mean,30,133.46500621600623,5000,134.107748015873,131.06653171182262,139.5969310540308,128.9639367816092,145.5054335684891
legacy_three_workloads,mode,torus,tps_positive_commit,mean,median,30,123.10174825174828,5000,123.03055555555555,106.925,139.85964285714283,91.24285714285715,151.5
legacy_three_workloads,mode,torus,tps_positive_commit,iqr_pct,mean,30,25.78124144464927,5000,22.309603317535043,17.216832456389973,26.692795632381923,14.197412453956003,29.25108540940353
legacy_three_workloads,mode,torus,tps_positive_commit,iqr_pct,median,30,10.554407165789014,5000,8.893134610138617,6.674842359409356,12.20786846741045,4.469080200935386,16.458396830234683
legacy_three_workloads,mode,torus,tps_positive_commit,sample_std_pct,mean,30,25.776360832333115,5000,24.484323396941527,19.286845578572613,27.749841389467086,15.628478081294364,29.631362088166373
legacy_three_workloads,mode,torus,tps_positive_commit,sample_std_pct,median,30,12.310320387665339,5000,11.503692654479956,8.55769056165711,13.721077961441873,6.790311702153567,14.784442467871802
legacy_three_workloads,mode,torus,tps_positive_commit,delta_min_pct,mean,30,-33.83249309212572,5000,-29.604024181191,-33.63220469393058,-24.48942189170371,-35.74940699337895,-20.999844817614836
legacy_three_workloads,mode,torus,tps_positive_commit,delta_min_pct,median,30,-18.36320321280643,5000,-15.512058530106723,-19.258336330729712,-11.461921463881593,-23.047173171848776,-7.83472640277249
legacy_three_workloads,mode,torus,tps_positive_commit,delta_max_pct,mean,30,33.65702797610838,5000,28.96426998466316,22.95174605066977,34.88479303717898,18.099772646849797,40.03509230504655
legacy_three_workloads,mode,torus,tps_positive_commit,delta_max_pct,median,30,13.793417574444701,5000,11.65154237470745,8.19645446232582,16.253433322369144,5.997870945630896,20.310825294748128
legacy_three_workloads,mode,torus,tps_positive_commit,range_abs,mean,30,55.983333333333334,5000,49.877988505747126,41.56941666666667,56.182158251231535,35.059999999999995,59.33571428571429
legacy_three_workloads,mode,torus,tps_positive_commit,range_abs,median,30,16.45,5000,12.8,8.2,19.5,5.0,22.399999999999977
legacy_three_workloads,mode,torus,tps_positive_commit,wcd_abs,mean,30,37.44734809634809,5000,32.50749521072797,25.8921386152162,37.46553663793103,21.552361111111107,39.368714569161
legacy_three_workloads,mode,torus,tps_positive_commit,wcd_abs,median,30,9.226923076923038,5000,8.422222222222233,4.711111111111108,12.969652777777766,3.044444444444445,16.077777777777754
legacy_three_workloads,mode,torus,tps_positive_commit,wcd_pct,mean,30,42.98425892044081,5000,36.56941536975553,29.92286881640486,42.897115371399764,24.341482872735604,47.26982293607907
legacy_three_workloads,mode,torus,tps_positive_commit,wcd_pct,median,30,24.64203881586848,5000,18.6965811965812,13.670054267073915,25.67063801579468,9.454005339617211,31.472719155881897
legacy_three_workloads,workload,GAFAM,tps_positive_commit,mean,mean,50,68.94292515423173,5000,69.1534119047619,67.70510142857142,70.92087451409134,66.39094444444447,72.82138888888889
legacy_three_workloads,workload,GAFAM,tps_positive_commit,mean,median,50,62.626602564102555,5000,62.75972222222222,58.13604166666667,74.1222222222222,52.44166666666666,81.0
legacy_three_workloads,workload,GAFAM,tps_positive_commit,iqr_pct,mean,50,34.05234084729638,5000,31.448619342307147,27.73339519897261,35.211490297086414,24.73158107157037,38.32442001348086
legacy_three_workloads,workload,GAFAM,tps_positive_commit,iqr_pct,median,50,26.722392948547665,5000,23.32317073170732,18.997124618455437,27.82733383229173,16.11972616960465,31.15201893348338
legacy_three_workloads,workload,GAFAM,tps_positive_commit,sample_std_pct,mean,50,35.77479448085731,5000,32.638729645683,29.24972975767484,35.66243501138303,24.889122218167984,37.53747699399793
legacy_three_workloads,workload,GAFAM,tps_positive_commit,sample_std_pct,median,50,24.829700787519883,5000,24.708048751848875,21.28071274353381,27.289781878341056,17.78511519526578,28.612735355652617
legacy_three_workloads,workload,GAFAM,tps_positive_commit,delta_min_pct,mean,50,-47.63000496820254,5000,-41.68956452744007,-44.28909590398659,-38.718903710085065,-46.079005001199334,-34.61404818367154
legacy_three_workloads,workload,GAFAM,tps_positive_commit,delta_min_pct,median,50,-48.149487575851225,5000,-40.81777358882483,-46.346682971568335,-34.27101939039691,-49.51878036640485,-30.494775981096232
legacy_three_workloads,workload,GAFAM,tps_positive_commit,delta_max_pct,mean,50,57.45030519187431,5000,43.53286870768021,37.195982456673065,50.055748832304296,32.63612769075217,54.386576263879086
legacy_three_workloads,workload,GAFAM,tps_positive_commit,delta_max_pct,median,50,35.025601022407244,5000,29.23076923076923,24.270615795449974,34.92694139517977,21.23492169422253,38.67532744116708
legacy_three_workloads,workload,GAFAM,tps_positive_commit,range_abs,mean,50,52.128,5000,45.42424489795917,41.751949999999994,48.87179285714285,37.141999999999996,50.86326530612245
legacy_three_workloads,workload,GAFAM,tps_positive_commit,range_abs,median,50,34.349999999999994,5000,30.199999999999996,21.900000000000006,34.349999999999994,16.9,38.449999999999996
legacy_three_workloads,workload,GAFAM,tps_positive_commit,wcd_abs,mean,50,34.43215738866397,5000,29.24505079365079,26.40143511904761,31.8994348015873,23.019035714285707,33.652897619047614
legacy_three_workloads,workload,GAFAM,tps_positive_commit,wcd_abs,median,50,23.699999999999996,5000,19.177777777777774,14.427708333333324,23.04482638888888,10.3,24.833333333333314
legacy_three_workloads,workload,GAFAM,tps_positive_commit,wcd_pct,mean,50,69.34376014778829,5000,53.45405047497256,47.03720133844096,60.18465589750885,41.52197992236594,65.66651424077656
legacy_three_workloads,workload,GAFAM,tps_positive_commit,wcd_pct,median,50,50.83240316336951,5000,45.62524923368511,38.616016177510616,49.82313088035263,34.04342474240251,53.37898183983327
legacy_three_workloads,workload,PayPal,tps_positive_commit,mean,mean,50,141.61101855555975,5000,141.5469900723291,139.19378343465044,143.84643677266268,137.78739361702122,145.8325120772947
legacy_three_workloads,workload,PayPal,tps_positive_commit,mean,median,50,185.53619909502265,5000,188.14444444444447,182.84430555555554,190.60000000000002,181.77777777777777,190.83333333333334
legacy_three_workloads,workload,PayPal,tps_positive_commit,iqr_pct,mean,50,10.153608415955324,5000,9.037533901906864,5.614656004584635,12.25579562101307,3.4084575447775514,15.39305596608567
legacy_three_workloads,workload,PayPal,tps_positive_commit,iqr_pct,median,50,1.3084637108706831,5000,1.1978473467970514,0.7996017588426475,1.3721810741116889,0.6188822641308998,1.6328090318908517
legacy_three_workloads,workload,PayPal,tps_positive_commit,sample_std_pct,mean,50,11.851309140502249,5000,10.469007060146442,8.252779637506883,12.657812007819631,6.00698706995598,13.858211450493313
legacy_three_workloads,workload,PayPal,tps_positive_commit,sample_std_pct,median,50,1.967347559374466,5000,1.702916665438096,1.201098810962267,2.0935232672795325,0.7237531025450843,2.2783672638030685
legacy_three_workloads,workload,PayPal,tps_positive_commit,delta_min_pct,mean,50,-20.633301168225366,5000,-16.726908998147582,-19.35831451532896,-13.549792765497095,-20.973910385205755,-11.136461957515559
legacy_three_workloads,workload,PayPal,tps_positive_commit,delta_min_pct,median,50,-2.72808047950362,5000,-1.9815803693189522,-2.8688524590163835,-1.3091706020608243,-3.2553056881578204,-1.0392012540647668
legacy_three_workloads,workload,PayPal,tps_positive_commit,delta_max_pct,mean,50,11.315728117528389,5000,8.57363910792213,6.568653295960062,11.062209197688999,4.958309664610769,12.598998207951087
legacy_three_workloads,workload,PayPal,tps_positive_commit,delta_max_pct,median,50,2.7764258019265204,5000,1.7900310809255173,1.089899536258352,2.892561983471086,0.7225075382740442,3.749999999999986
legacy_three_workloads,workload,PayPal,tps_positive_commit,range_abs,mean,50,36.150000000000006,5000,29.078124999999996,23.076858377659576,34.270488696808506,19.060416666666672,36.90869565217392
legacy_three_workloads,workload,PayPal,tps_positive_commit,range_abs,median,50,3.3499999999999943,5000,2.8000000000000114,2.5999999999999943,3.4512499999999844,2.3500000000000023,3.799999999999997
legacy_three_workloads,workload,PayPal,tps_positive_commit,wcd_abs,mean,50,26.980005124546295,5000,20.930024484971298,16.257779761904764,24.96977369899499,13.452044477513226,26.657940821256034
legacy_three_workloads,workload,PayPal,tps_positive_commit,wcd_abs,median,50,2.3000000000000256,5000,1.9222222222222172,1.6776388888888747,2.2444444444444684,1.3777777777777942,2.5888888888888744
legacy_three_workloads,workload,PayPal,tps_positive_commit,wcd_pct,mean,50,23.02769920361435,5000,17.52108427510062,14.180755449757795,20.6000297511578,11.643958275012176,22.65714500842887
legacy_three_workloads,workload,PayPal,tps_positive_commit,wcd_pct,median,50,3.2999565509341586,5000,2.8856243441762857,1.4582312841635918,3.4125057676947383,1.152681708104851,4.155294685668948
legacy_three_workloads,workload,VISA,tps_positive_commit,mean,mean,50,202.1134221386817,5000,203.18100193620123,199.07794959886135,209.37339726631402,195.725404589372,216.01853354978357
legacy_three_workloads,workload,VISA,tps_positive_commit,mean,median,50,182.76428571428573,5000,182.59722222222223,160.04680555555555,196.35475,142.66444444444443,203.56666666666672
legacy_three_workloads,workload,VISA,tps_positive_commit,iqr_pct,mean,50,31.731546518457666,5000,28.20858885462828,23.39214376499679,32.90269974217994,19.235517668471196,37.11775847552752
legacy_three_workloads,workload,VISA,tps_positive_commit,iqr_pct,median,50,12.862013466111899,5000,11.346597168116677,9.384321177088404,13.640067678923533,8.034734574983162,16.377154594980798
legacy_three_workloads,workload,VISA,tps_positive_commit,sample_std_pct,mean,50,28.859729814864956,5000,27.47057541661607,23.443023946384134,30.507319263571542,20.044644556322954,32.57931774433076
legacy_three_workloads,workload,VISA,tps_positive_commit,sample_std_pct,median,50,12.581983786016735,5000,12.050563628324738,9.632715749895182,13.570822033909776,8.235189594266137,14.834038368328505
legacy_three_workloads,workload,VISA,tps_positive_commit,delta_min_pct,mean,50,-35.167785295736465,5000,-30.295100805627683,-33.27947903426884,-26.56398090287602,-35.09684039623183,-23.56267187949823
legacy_three_workloads,workload,VISA,tps_positive_commit,delta_min_pct,median,50,-17.745542694484737,5000,-15.416357871946051,-18.10211718145419,-12.454806619000289,-19.79163717691022,-10.161915893505117
legacy_three_workloads,workload,VISA,tps_positive_commit,delta_max_pct,mean,50,46.203652840457224,5000,37.57472875750821,31.67294510442583,43.40356645880609,27.50233200905446,48.1147855282792
legacy_three_workloads,workload,VISA,tps_positive_commit,delta_max_pct,median,50,18.541401893738986,5000,16.757621189358428,13.310823834988767,19.719275462525754,11.254495390233735,22.239060428111394
legacy_three_workloads,workload,VISA,tps_positive_commit,range_abs,mean,50,92.75434782608696,5000,79.57910628019324,71.17596256038648,86.92227777777777,62.43260869565216,93.59772727272728
legacy_three_workloads,workload,VISA,tps_positive_commit,range_abs,median,50,26.400000000000006,5000,23.099999999999994,19.04999999999999,29.299999999999955,14.5,32.00000000000004
legacy_three_workloads,workload,VISA,tps_positive_commit,wcd_abs,mean,50,55.650696141693686,5000,47.18392090330497,41.38951781400967,52.291309027777785,36.22990769496205,55.42743827160494
legacy_three_workloads,workload,VISA,tps_positive_commit,wcd_abs,median,50,13.95336257309941,5000,12.422222222222207,10.755416666666644,15.7777777777778,8.68333333333334,18.76666666666668
legacy_three_workloads,workload,VISA,tps_positive_commit,wcd_pct,mean,50,49.34355732151789,5000,40.58811636222492,34.830548626520255,46.185040943233886,30.835465890382228,50.84992133287354
legacy_three_workloads,workload,VISA,tps_positive_commit,wcd_pct,median,50,24.62242470069886,5000,19.71435858199439,15.822845704922656,24.135909105511164,12.393040086926142,27.23594419952896
legacy_three_workloads,network_size,10 nodes,tps_positive_commit,mean,mean,75,156.12024857038384,5000,156.35512433862436,154.01055548941795,159.29664272308017,151.67785978835977,162.41152370080448
legacy_three_workloads,network_size,10 nodes,tps_positive_commit,mean,median,75,127.25833333333331,5000,132.27777777777777,123.72222222222223,144.1142857142857,117.46666666666664,149.2777777777778
legacy_three_workloads,network_size,10 nodes,tps_positive_commit,iqr_pct,mean,75,28.09602456414553,5000,24.82675347545907,21.2563628741515,28.04916489976811,17.8319523732279,30.821345121095863
legacy_three_workloads,network_size,10 nodes,tps_positive_commit,iqr_pct,median,75,15.254237288135597,5000,12.89140348673417,10.546691620107115,15.989847715736039,7.659574468085113,19.846242236874495
legacy_three_workloads,network_size,10 nodes,tps_positive_commit,sample_std_pct,mean,75,25.97333583932319,5000,24.538421328661983,21.925786110004527,26.627223300292354,19.583481703167898,28.061401831568105
legacy_three_workloads,network_size,10 nodes,tps_positive_commit,sample_std_pct,median,75,17.361940049844275,5000,16.05985431803841,14.133206257970256,18.411814314733203,11.823420505556385,20.884482277518874
legacy_three_workloads,network_size,10 nodes,tps_positive_commit,delta_min_pct,mean,75,-38.82042341372642,5000,-33.10050051071209,-35.43067443826854,-30.35103292756538,-37.00359315141855,-27.833581103493405
legacy_three_workloads,network_size,10 nodes,tps_positive_commit,delta_min_pct,median,75,-36.507104970204956,5000,-28.156748911465886,-32.948796600494106,-20.29850746268656,-36.28950786549285,-17.507723995880525
legacy_three_workloads,network_size,10 nodes,tps_positive_commit,delta_max_pct,mean,75,36.30850338654289,5000,29.760271926990754,26.46467692042219,33.11032559135016,23.08310303955675,35.45020103509659
legacy_three_workloads,network_size,10 nodes,tps_positive_commit,delta_max_pct,median,75,22.496909765142156,5000,17.289313640312763,13.58328582210969,21.803307842788545,11.371237458193994,26.33072713057076
legacy_three_workloads,network_size,10 nodes,tps_positive_commit,range_abs,mean,75,77.98666666666666,5000,66.67733333333334,61.23502342342341,71.61239144144142,57.26533333333333,74.78513513513512
legacy_three_workloads,network_size,10 nodes,tps_positive_commit,range_abs,median,75,38.19999999999993,5000,32.65000000000001,23.099999999999994,38.19999999999993,17.099999999999994,43.0
legacy_three_workloads,network_size,10 nodes,tps_positive_commit,wcd_abs,mean,75,50.48576187929718,5000,42.15064671814672,38.284485026455016,45.82143982625482,35.6509835978836,48.653844916344916
legacy_three_workloads,network_size,10 nodes,tps_positive_commit,wcd_abs,median,75,24.19999999999999,5000,19.92222222222216,13.350000000000001,23.91138888888891,10.850000000000009,27.272222222222226
legacy_three_workloads,network_size,10 nodes,tps_positive_commit,wcd_pct,mean,75,47.71534013492618,5000,39.08607716582411,35.59496758987839,42.59974251627541,31.304175609961053,44.38914006241978
legacy_three_workloads,network_size,10 nodes,tps_positive_commit,wcd_pct,median,75,38.26227738801942,5000,31.226927090973124,26.542324246771887,36.114333448507914,20.557393700087598,39.243323442136514
legacy_three_workloads,network_size,40 nodes,tps_positive_commit,mean,mean,75,113.51701339100033,5000,113.77516130315763,111.5222314926403,116.58408984641738,110.14373667377396,118.48786898839134
legacy_three_workloads,network_size,40 nodes,tps_positive_commit,mean,median,75,106.60000000000001,5000,111.525,97.37756944444445,127.78916666666666,88.16666666666669,132.95
legacy_three_workloads,network_size,40 nodes,tps_positive_commit,iqr_pct,mean,75,22.354196287953805,5000,20.99328723073809,17.80731134979493,24.10143653214596,15.237145835323886,26.8155814782208
legacy_three_workloads,network_size,40 nodes,tps_positive_commit,iqr_pct,median,75,8.85558583106267,5000,8.06244324632745,6.351128097638168,10.084380182692875,5.42822677925211,11.984021304926767
legacy_three_workloads,network_size,40 nodes,tps_positive_commit,sample_std_pct,mean,75,25.524054518570498,5000,22.771869890946974,19.95138738100094,25.342362277285115,17.279180608626486,27.27012643256858
legacy_three_workloads,network_size,40 nodes,tps_positive_commit,sample_std_pct,median,75,10.09823735530594,5000,9.366894411958057,8.120605326660092,10.787271735307213,6.537696609783472,11.611665808272695
legacy_three_workloads,network_size,40 nodes,tps_positive_commit,delta_min_pct,mean,75,-30.117174957381756,5000,-25.988553027149763,-28.333433194771697,-23.462781204049396,-30.313068896052187,-20.928731876000533
legacy_three_workloads,network_size,40 nodes,tps_positive_commit,delta_min_pct,median,75,-16.789087093389288,5000,-12.804022876726778,-15.794138557937528,-9.565167155848442,-17.96246648793565,-7.121810995328787
legacy_three_workloads,network_size,40 nodes,tps_positive_commit,delta_max_pct,mean,75,40.83913747688975,5000,30.38943944597545,25.18421107855229,35.72952523577466,22.11863973739172,39.826865937508344
legacy_three_workloads,network_size,40 nodes,tps_positive_commit,delta_max_pct,median,75,12.93351830114182,5000,10.872466639516107,9.008981303901244,13.561882281333524,7.423214160778005,14.89069542724121
legacy_three_workloads,network_size,40 nodes,tps_positive_commit,range_abs,mean,75,39.98985507246376,5000,33.55367647058824,29.256101342711,37.40620320855614,26.543478260869556,39.98939393939394
legacy_three_workloads,network_size,40 nodes,tps_positive_commit,range_abs,median,75,9.400000000000006,5000,6.299999999999997,4.1,8.95,3.4000000000000004,10.400000000000004
legacy_three_workloads,network_size,40 nodes,tps_positive_commit,wcd_abs,mean,75,25.94417386930495,5000,21.254742364117362,18.013056680881306,24.027722637062066,16.08278582930757,25.74907407407407
legacy_three_workloads,network_size,40 nodes,tps_positive_commit,wcd_abs,median,75,5.307692307692308,5000,4.01180555555556,2.422222222222217,5.322222222222224,1.9833333333333414,6.122222222222221
legacy_three_workloads,network_size,40 nodes,tps_positive_commit,wcd_pct,mean,75,47.29957530193135,5000,35.54894366916966,30.386681100012115,41.13318489118009,26.7949515123891,45.76782121363945
legacy_three_workloads,network_size,40 nodes,tps_positive_commit,wcd_pct,median,75,19.468741960380754,5000,15.017325602583977,11.496068294705893,18.08402679115078,9.074713884690132,19.93081415602181
six_workloads,blockchain,Algorand,latency_positive_commit,mean,mean,60,44.09446453464836,5000,44.10019444444444,43.5850361111111,44.60413518518518,43.169370370370366,44.935129629629635
six_workloads,blockchain,Algorand,latency_positive_commit,mean,median,60,36.481923076923074,5000,36.01138888888889,33.808291666666655,37.17777777777778,31.743333333333336,37.748333333333335
six_workloads,blockchain,Algorand,latency_positive_commit,iqr_pct,mean,60,17.371406636681794,5000,16.5110623976841,14.83983559474125,18.110623723205173,13.025596911580543,19.329459682039193
six_workloads,blockchain,Algorand,latency_positive_commit,iqr_pct,median,60,16.512938759332613,5000,13.527198771472797,11.63836375344947,15.534080193661499,10.561845432141546,17.872686555423407
six_workloads,blockchain,Algorand,latency_positive_commit,sample_std_pct,mean,60,16.155931459138767,5000,15.87162190010454,14.947550559045798,16.710271741075704,14.163946487833565,17.28359702960803
six_workloads,blockchain,Algorand,latency_positive_commit,sample_std_pct,median,60,13.194791488259103,5000,13.760670296695459,12.49129941973017,14.771048561890295,11.582708228137943,15.37166447549184
six_workloads,blockchain,Algorand,latency_positive_commit,delta_min_pct,mean,60,-23.444823118358876,5000,-21.285478828331467,-22.357332079865497,-20.000643280046848,-23.055743439543896,-18.792597387828547
six_workloads,blockchain,Algorand,latency_positive_commit,delta_min_pct,median,60,-21.80423573855564,5000,-18.330257598996404,-20.835313495682602,-16.545625613023276,-22.740766331449397,-15.102409359743449
six_workloads,blockchain,Algorand,latency_positive_commit,delta_max_pct,mean,60,30.427254020525474,5000,26.494733461786968,24.27745040353995,28.50549780422162,22.42657546943156,30.652228239738676
six_workloads,blockchain,Algorand,latency_positive_commit,delta_max_pct,median,60,25.155079229826033,5000,22.516497979439414,20.355998598966416,24.775371196189308,18.34222566738746,26.272151487765974
six_workloads,blockchain,Algorand,latency_positive_commit,range_abs,mean,60,26.959333333333333,5000,24.01558333333333,22.488208333333322,25.28923333333333,20.364499999999996,26.071999999999992
six_workloads,blockchain,Algorand,latency_positive_commit,range_abs,median,60,22.66,5000,18.519999999999996,16.315,22.265,14.939999999999998,22.66
six_workloads,blockchain,Algorand,latency_positive_commit,wcd_abs,mean,60,16.42009376815994,5000,14.585305555555552,13.553810648148149,15.476333796296297,12.287444444444443,16.033055555555553
six_workloads,blockchain,Algorand,latency_positive_commit,wcd_abs,median,60,14.463986013986016,5000,11.078888888888883,9.357208333333338,13.621902777777773,8.189444444444446,15.068333333333321
six_workloads,blockchain,Algorand,latency_positive_commit,wcd_pct,mean,60,33.734226883043355,5000,29.658309144910582,27.591789099048274,31.485959389118904,25.9201996852514,33.4373388921143
six_workloads,blockchain,Algorand,latency_positive_commit,wcd_pct,median,60,28.061810136291065,5000,25.406539893487864,22.937434011221633,27.545169285093152,20.790741267900728,29.62041885467741
six_workloads,blockchain,Diem,latency_positive_commit,mean,mean,60,72.89303716738485,5000,72.89364351851853,72.2722302662037,73.53385312500002,71.80289583333337,74.06094675925928
six_workloads,blockchain,Diem,latency_positive_commit,mean,median,60,65.42867132867133,5000,65.62027777777777,62.52829166666667,67.63730555555556,60.785,69.16388888888889
six_workloads,blockchain,Diem,latency_positive_commit,iqr_pct,mean,60,17.34419402869723,5000,16.266688893212848,14.21965439803904,17.992914346435466,12.285886949677478,19.454221794757068
six_workloads,blockchain,Diem,latency_positive_commit,iqr_pct,median,60,12.809946089007777,5000,11.42605374147023,9.833197117053682,12.936281480541576,7.975514876142854,14.644527536733985
six_workloads,blockchain,Diem,latency_positive_commit,sample_std_pct,mean,60,14.58909286926204,5000,14.42559096108166,13.622476579868067,15.138877951712166,12.958655798254517,15.67815120992694
six_workloads,blockchain,Diem,latency_positive_commit,sample_std_pct,median,60,12.221032412587434,5000,11.888007188169857,10.846534634099694,13.367805958749639,9.873742501191632,14.245560897814755
six_workloads,blockchain,Diem,latency_positive_commit,delta_min_pct,mean,60,-23.261139655951347,5000,-20.530938601558113,-21.716978471544298,-19.195817190631082,-22.650514970632365,-18.025333609364573
six_workloads,blockchain,Diem,latency_positive_commit,delta_min_pct,median,60,-21.536716414689348,5000,-17.349731670055995,-19.90393034737576,-15.17411042350638,-22.06181823640439,-13.013799449129344
six_workloads,blockchain,Diem,latency_positive_commit,delta_max_pct,mean,60,26.28193001782072,5000,22.908529939409615,21.11769036462097,24.713871348321675,19.816929810384703,26.602851422211426
six_workloads,blockchain,Diem,latency_positive_commit,delta_max_pct,median,60,20.829691208771848,5000,17.85766139251551,15.797912438000322,19.812773566174613,14.258955923796282,21.22268357354206
six_workloads,blockchain,Diem,latency_positive_commit,range_abs,mean,60,31.344833333333334,5000,27.139416666666673,25.132808333333333,28.86122500000001,22.99616666666667,30.269000000000013
six_workloads,blockchain,Diem,latency_positive_commit,range_abs,median,60,22.060000000000002,5000,19.429999999999996,17.174875,21.089999999999996,14.13000000000001,22.060000000000002
six_workloads,blockchain,Diem,latency_positive_commit,wcd_abs,mean,60,19.37042352076758,5000,16.665305555555555,15.063489467592596,17.973064525462966,13.512314814814811,18.85301851851852
six_workloads,blockchain,Diem,latency_positive_commit,wcd_abs,median,60,13.355345394736858,5000,11.58944444444445,10.317638888888885,12.822791666666662,8.608333333333363,13.71555555555554
six_workloads,blockchain,Diem,latency_positive_commit,wcd_pct,mean,60,29.790082198286363,5000,26.081862872114137,24.216179451819787,27.856253074526904,22.76483991875978,29.273445452964403
six_workloads,blockchain,Diem,latency_positive_commit,wcd_pct,median,60,24.91819920017596,5000,21.48475422125219,19.58399932675429,23.685108051559393,17.013288266583316,25.817287824254837
six_workloads,blockchain,Ethereum,latency_positive_commit,mean,mean,60,85.91545712135085,5000,85.91114004629628,85.27251018518521,86.5723251736111,84.72256250000001,87.03587499999999
six_workloads,blockchain,Ethereum,latency_positive_commit,mean,median,60,90.13576923076923,5000,89.66222222222223,88.29166666666666,90.85058333333333,87.43666666666667,91.65333333333334
six_workloads,blockchain,Ethereum,latency_positive_commit,iqr_pct,mean,60,22.525934764850714,5000,21.325173096439986,19.043911796980925,23.611760317156854,17.31930461075829,24.973414132641086
six_workloads,blockchain,Ethereum,latency_positive_commit,iqr_pct,median,60,13.18693154659582,5000,12.076813068808022,10.534643613090022,14.375923449923272,9.260714674818072,16.239062133265847
six_workloads,blockchain,Ethereum,latency_positive_commit,sample_std_pct,mean,60,19.407569741966785,5000,19.173896495315958,18.0973646548367,20.162023232426144,17.30528023845072,20.854313280162
six_workloads,blockchain,Ethereum,latency_positive_commit,sample_std_pct,median,60,12.14688809538089,5000,11.890084044621663,10.334596777216563,13.51562936768667,8.755684995224286,14.621813740056957
six_workloads,blockchain,Ethereum,latency_positive_commit,delta_min_pct,mean,60,-28.734080229741437,5000,-26.129138763343917,-27.324959238018742,-24.68025482128275,-28.101847453744444,-23.203342061975775
six_workloads,blockchain,Ethereum,latency_positive_commit,delta_min_pct,median,60,-17.049837775260496,5000,-16.07161706830427,-17.404864170841716,-14.08014025402177,-18.378703057975613,-12.476837100421472
six_workloads,blockchain,Ethereum,latency_positive_commit,delta_max_pct,mean,60,36.744463088296534,5000,31.991418110384473,29.257437886915884,34.55946800043378,27.000955142839498,36.66036848600513
six_workloads,blockchain,Ethereum,latency_positive_commit,delta_max_pct,median,60,23.67526820123276,5000,19.523806822338216,16.21890857076037,23.674137027377917,14.073722966089226,27.49194761218275
six_workloads,blockchain,Ethereum,latency_positive_commit,range_abs,mean,60,38.71566666666667,5000,33.894916666666674,31.590391666666672,35.811720833333325,29.827166666666667,36.76933333333333
six_workloads,blockchain,Ethereum,latency_positive_commit,range_abs,median,60,27.114999999999995,5000,24.099999999999994,22.040000000000006,26.07,20.93,27.114999999999995
six_workloads,blockchain,Ethereum,latency_positive_commit,wcd_abs,mean,60,23.890960128066375,5000,20.80304629629629,19.04552644675926,22.217724074074074,17.74501851851852,23.00273611111111
six_workloads,blockchain,Ethereum,latency_positive_commit,wcd_abs,median,60,15.574720279720271,5000,14.30777777777778,12.919944444444447,15.51556944444445,11.963333333333338,16.68555555555555
six_workloads,blockchain,Ethereum,latency_positive_commit,wcd_pct,mean,60,39.81355994455834,5000,35.083843185930675,32.567961795294416,37.48648409046182,30.93082671560955,39.31658460416044
six_workloads,blockchain,Ethereum,latency_positive_commit,wcd_pct,median,60,29.376266976410655,5000,22.140459202762216,18.109594360811634,27.68520408536668,15.961450683132162,29.791498356553213
six_workloads,blockchain,Quorum,latency_positive_commit,mean,mean,60,48.789900097240945,5000,48.83894066820277,44.12855429787507,53.52533506464413,39.16644252873562,58.402080687830676
six_workloads,blockchain,Quorum,latency_positive_commit,mean,median,60,32.45666666666666,5000,32.45666666666666,23.5,45.05715277777777,15.86125,49.64375
six_workloads,blockchain,Quorum,latency_positive_commit,iqr_pct,mean,60,50.11673853457047,5000,43.87585374332016,33.90400884574533,53.46097919715635,26.274920030648392,60.7327385562808
six_workloads,blockchain,Quorum,latency_positive_commit,iqr_pct,median,60,34.954552150216195,5000,31.429940541386323,22.00210485851604,44.35083482587599,9.219356360283875,56.015468053221326
six_workloads,blockchain,Quorum,latency_positive_commit,sample_std_pct,mean,60,72.669296489508,5000,65.19872750838232,55.70683185898735,73.86167100719878,46.62940390897419,79.16194710035612
six_workloads,blockchain,Quorum,latency_positive_commit,sample_std_pct,median,60,54.97196929346116,5000,45.36334131783663,35.80028424720564,61.69202235046741,29.94405721871774,76.33530048959592
six_workloads,blockchain,Quorum,latency_positive_commit,delta_min_pct,mean,60,-53.60937195691254,5000,-47.485671235938966,-52.31709338865498,-41.77305208850749,-55.80535789463225,-37.09811509175133
six_workloads,blockchain,Quorum,latency_positive_commit,delta_min_pct,median,60,-58.20510361542419,5000,-48.79209202716288,-58.652215162579424,-38.6896854400748,-65.88517244972387,-31.414882083445043
six_workloads,blockchain,Quorum,latency_positive_commit,delta_max_pct,mean,60,160.85241283324663,5000,110.4918651995424,89.08209025686821,132.43329777323848,64.05964263052617,149.20491101329
six_workloads,blockchain,Quorum,latency_positive_commit,delta_max_pct,median,60,69.78750575412444,5000,57.93143549682728,48.034742749767325,72.64648887341758,32.18733555516576,93.93100511073256
six_workloads,blockchain,Quorum,latency_positive_commit,range_abs,mean,60,85.12774193548388,5000,68.738,57.3578064516129,78.84542018909899,48.68225806451613,84.41133333333333
six_workloads,blockchain,Quorum,latency_positive_commit,range_abs,median,60,94.1,5000,72.21000000000001,36.1,88.22,14.64,95.24000000000001
six_workloads,blockchain,Quorum,latency_positive_commit,wcd_abs,mean,60,59.11058350786362,5000,46.141213517665136,38.00290851894522,53.51555259557945,32.056439324116745,57.718862698412686
six_workloads,blockchain,Quorum,latency_positive_commit,wcd_abs,median,60,59.61555555555556,5000,43.056666666666665,23.320392361111114,56.06329166666667,9.846666666666666,60.68000000000001
six_workloads,blockchain,Quorum,latency_positive_commit,wcd_pct,mean,60,164.1800723159726,5000,113.7610653329551,92.49435641903108,135.40067696512585,67.82890999031501,152.6048424182285
six_workloads,blockchain,Quorum,latency_positive_commit,wcd_pct,median,60,69.78750575412444,5000,63.67758186397984,55.15823552547525,75.41171516262933,39.67651427628323,93.93100511073256
six_workloads,blockchain,Solana,latency_positive_commit,mean,mean,60,78.08078467920967,5000,77.5731504224004,74.54112272347535,80.3232799054929,71.0660755040755,82.7580136800334
six_workloads,blockchain,Solana,latency_positive_commit,mean,median,60,72.83692307692309,5000,72.75305555555556,71.16,76.05001388888888,69.15666666666667,79.59125
six_workloads,blockchain,Solana,latency_positive_commit,iqr_pct,mean,60,21.579688392135203,5000,19.143755737199022,15.733336265897139,22.52955551137941,13.754042466173201,24.993810960131636
six_workloads,blockchain,Solana,latency_positive_commit,iqr_pct,median,60,13.579689732247502,5000,13.061541828747995,10.329573220262912,17.59986926348839,7.96601168348382,22.52156146599887
six_workloads,blockchain,Solana,latency_positive_commit,sample_std_pct,mean,60,21.39179596485694,5000,20.48196093341408,18.24430662942941,22.814758998193856,16.31568813223483,24.6537003842368
six_workloads,blockchain,Solana,latency_positive_commit,sample_std_pct,median,60,17.623858417871986,5000,16.121376667075197,13.53908051538768,18.871351369211503,11.369614519884514,20.92128520564996
six_workloads,blockchain,Solana,latency_positive_commit,delta_min_pct,mean,60,-23.96329913748485,5000,-20.564195809326634,-23.18228286297671,-17.919611958774947,-25.53708529179282,-15.943289817525502
six_workloads,blockchain,Solana,latency_positive_commit,delta_min_pct,median,60,-21.031452259174177,5000,-18.52336694195104,-21.35463355104863,-15.275209473415197,-24.303673759495357,-12.82545805207329
six_workloads,blockchain,Solana,latency_positive_commit,delta_max_pct,mean,60,31.566932309956478,5000,26.822202039812097,23.37184140995152,30.395888601235374,20.56839120724877,33.543134993507216
six_workloads,blockchain,Solana,latency_positive_commit,delta_max_pct,median,60,23.583159335460252,5000,19.37806905355088,15.983064961925415,26.11646634736528,13.362759297997018,32.67878281456724
six_workloads,blockchain,Solana,latency_positive_commit,range_abs,mean,60,44.9585,5000,38.04370495495496,33.039812500000004,42.69793201754386,29.212307692307693,46.52194444444445
six_workloads,blockchain,Solana,latency_positive_commit,range_abs,median,60,37.37,5000,30.560000000000002,24.609125,35.51187499999997,18.330000000000005,40.065
six_workloads,blockchain,Solana,latency_positive_commit,wcd_abs,mean,60,27.17417405927406,5000,22.855263843730953,19.70678909232893,25.859493044532634,17.368374643874642,29.039600907029484
six_workloads,blockchain,Solana,latency_positive_commit,wcd_abs,median,60,20.59541666666667,5000,17.61159722222222,14.486187499999991,21.01445833333335,11.286249999999995,24.109999999999992
six_workloads,blockchain,Solana,latency_positive_commit,wcd_pct,mean,60,33.573751521570266,5000,28.508069390459042,24.960207027582722,32.18880022529203,22.080463611553448,35.39258968016608
six_workloads,blockchain,Solana,latency_positive_commit,wcd_pct,median,60,27.465341268559584,5000,22.603080595118605,18.138107754395918,27.501846349933693,15.93059936908517,32.67878281456724
six_workloads,mode,fat-tree,latency_positive_commit,mean,mean,60,67.06281861952033,5000,67.0576915079365,65.33872828174603,68.78373102777778,64.02563849206349,70.28576285714286
six_workloads,mode,fat-tree,latency_positive_commit,mean,median,60,62.340769230769226,5000,62.35638888888889,56.080958333333335,68.56276388888885,52.99,70.70333333333332
six_workloads,mode,fat-tree,latency_positive_commit,iqr_pct,mean,60,31.117498956372355,5000,27.957579150782227,24.100996145410768,31.92845979191845,21.417334934426112,34.466503067749734
six_workloads,mode,fat-tree,latency_positive_commit,iqr_pct,median,60,19.084848121720725,5000,16.26065924937941,13.007879125260873,19.441096145539724,10.521138871758078,21.919639715881466
six_workloads,mode,fat-tree,latency_positive_commit,sample_std_pct,mean,60,26.562425685896596,5000,26.209680415808712,24.067475541889696,28.05051309743688,21.35709855460594,29.584621952327858
six_workloads,mode,fat-tree,latency_positive_commit,sample_std_pct,median,60,16.430497623004158,5000,17.23267873080929,14.577385436261597,19.925436202553687,13.04380582422414,22.074670663154258
six_workloads,mode,fat-tree,latency_positive_commit,delta_min_pct,mean,60,-30.71328103599651,5000,-27.526675925911753,-29.10050796384047,-25.687641351194156,-30.234599367225886,-23.849356795304146
six_workloads,mode,fat-tree,latency_positive_commit,delta_min_pct,median,60,-29.06861150663468,5000,-21.680322678076116,-25.869990072527017,-18.774539611842982,-29.009562411863683,-16.333136181312838
six_workloads,mode,fat-tree,latency_positive_commit,delta_max_pct,mean,60,49.37091299600995,5000,42.67426694546357,37.7696467120103,47.99929122260474,32.2012134066637,52.13843550715789
six_workloads,mode,fat-tree,latency_positive_commit,delta_max_pct,median,60,36.07077711197941,5000,27.440487425919734,23.23553885616627,33.24629693800365,20.159358618150755,37.322252352961904
six_workloads,mode,fat-tree,latency_positive_commit,range_abs,mean,60,46.6912,5000,40.521699999999996,36.803485,43.41846551020407,32.888000000000005,45.11836734693878
six_workloads,mode,fat-tree,latency_positive_commit,range_abs,median,60,38.58000000000001,5000,28.455,24.480000000000004,34.66,21.019999999999996,39.91000000000001
six_workloads,mode,fat-tree,latency_positive_commit,wcd_abs,mean,60,29.006059660808045,5000,25.195866559766763,22.609422144841268,27.145837578393266,20.19950571428571,28.953476595400065
six_workloads,mode,fat-tree,latency_positive_commit,wcd_abs,median,60,22.284096153846168,5000,17.242777777777775,14.928763888888888,21.023347222222224,12.874444444444446,23.133333333333326
six_workloads,mode,fat-tree,latency_positive_commit,wcd_pct,mean,60,51.230909719361236,5000,44.75295330894561,39.928503967651295,49.92187256380793,34.67453614316149,54.51895501349145
six_workloads,mode,fat-tree,latency_positive_commit,wcd_pct,median,60,38.1563885777952,5000,30.575207061983512,26.40392497609685,36.624405584641345,21.85505749179458,40.181608965379226
six_workloads,mode,full mesh,latency_positive_commit,mean,mean,60,62.27414255585685,5000,62.20199748947198,60.721818413997546,63.55398475461614,59.74891989087302,64.31264569160996
six_workloads,mode,full mesh,latency_positive_commit,mean,median,60,60.41384615384615,5000,57.86638888888889,53.75773611111111,62.44805555555555,50.782222222222224,64.61285714285714
six_workloads,mode,full mesh,latency_positive_commit,iqr_pct,mean,60,19.111632995814833,5000,19.086520595788652,15.602889174929377,22.44533973383308,13.619380180628989,24.619225693519233
six_workloads,mode,full mesh,latency_positive_commit,iqr_pct,median,60,12.925466123047329,5000,11.478399497578476,9.346034025204816,13.512305749962607,7.867346560813896,15.701165415134792
six_workloads,mode,full mesh,latency_positive_commit,sample_std_pct,mean,60,24.16523432290154,5000,23.00236147437353,20.522314179700995,25.308339104168354,17.925128826610127,27.383478588242678
six_workloads,mode,full mesh,latency_positive_commit,sample_std_pct,median,60,11.100144257541105,5000,11.355098704343147,10.492537316404716,12.313945790948743,9.069364643047077,13.440271021008808
six_workloads,mode,full mesh,latency_positive_commit,delta_min_pct,mean,60,-27.372045966828132,5000,-24.79683715996228,-26.258115043107814,-23.11561915857493,-27.265018445631586,-21.864371441027707
six_workloads,mode,full mesh,latency_positive_commit,delta_min_pct,median,60,-18.810342914215962,5000,-16.55168607539048,-18.366450730675535,-14.722589947270766,-20.178130379462612,-13.186937849444924
six_workloads,mode,full mesh,latency_positive_commit,delta_max_pct,mean,60,53.48544837193516,5000,42.52984429548229,35.70117225126194,49.22691420959479,28.869143758075477,54.565963517050754
six_workloads,mode,full mesh,latency_positive_commit,delta_max_pct,median,60,19.72141179530105,5000,18.24615310448528,16.05106634336493,20.244408984555967,14.315392791574062,21.750269933934796
six_workloads,mode,full mesh,latency_positive_commit,range_abs,mean,60,37.80938775510204,5000,32.1604081632653,27.696779655612247,35.3336887755102,24.276734693877547,36.68224489795918
six_workloads,mode,full mesh,latency_positive_commit,range_abs,median,60,22.830000000000002,5000,20.609999999999992,16.539999999999992,22.590000000000003,15.139999999999997,22.830000000000002
six_workloads,mode,full mesh,latency_positive_commit,wcd_abs,mean,60,24.67522288822289,5000,20.68642780207321,17.337695380198213,22.935900228866352,14.85981980887593,24.154201490119856
six_workloads,mode,full mesh,latency_positive_commit,wcd_abs,median,60,14.470769230769228,5000,11.97499999999999,9.611999999999993,14.31376736111111,8.62333333333332,15.346666666666671
six_workloads,mode,full mesh,latency_positive_commit,wcd_pct,mean,60,56.272916541680985,5000,45.17199041455105,38.43108848400212,51.73901044833718,31.508203650074403,56.651631369561734
six_workloads,mode,full mesh,latency_positive_commit,wcd_pct,median,60,23.388701014521583,5000,20.945461276812352,18.34577578096578,23.298212808802905,16.702512349034535,25.12566474830626
six_workloads,mode,hypercube,latency_positive_commit,mean,mean,60,62.60799785700651,5000,62.759372312480565,61.50492471230157,64.1541257281746,60.108276904761915,65.27893373015876
six_workloads,mode,hypercube,latency_positive_commit,mean,median,60,57.218,5000,57.854444444444454,55.647777777777776,61.38333333333333,53.22888888888889,69.33611111111111
six_workloads,mode,hypercube,latency_positive_commit,iqr_pct,mean,60,20.081307173784452,5000,19.359924521267175,16.771580936678276,21.773032031786492,14.535992632585023,24.185850210544842
six_workloads,mode,hypercube,latency_positive_commit,iqr_pct,median,60,17.08174371090496,5000,14.202045883352437,11.777979643354378,16.964725831575215,10.033753696964366,20.225929527941943
six_workloads,mode,hypercube,latency_positive_commit,sample_std_pct,mean,60,24.161784530786996,5000,22.30720936796791,19.19795609297675,24.981821818570126,17.273257414951942,26.23482342460086
six_workloads,mode,hypercube,latency_positive_commit,sample_std_pct,median,60,17.331759180699688,5000,15.923683273571514,14.279344577430944,17.440762266474575,12.507581438860832,19.901374349893295
six_workloads,mode,hypercube,latency_positive_commit,delta_min_pct,mean,60,-27.819825779909177,5000,-25.246379573040553,-27.08176600346012,-22.90896415318237,-28.281620295717026,-20.767833720940903
six_workloads,mode,hypercube,latency_positive_commit,delta_min_pct,median,60,-22.359811050536855,5000,-21.132905902494805,-24.085808418176786,-18.299125994304234,-26.26094879943959,-15.795300775003064
six_workloads,mode,hypercube,latency_positive_commit,delta_max_pct,mean,60,49.677212617475135,5000,37.52332444943828,30.409929839758053,43.69910305857758,26.312979215826434,46.76439214116609
six_workloads,mode,hypercube,latency_positive_commit,delta_max_pct,median,60,26.880715901268555,5000,25.19202994023731,21.20918398255287,28.22543863758863,16.82407204041291,31.439440422137693
six_workloads,mode,hypercube,latency_positive_commit,range_abs,mean,60,37.174313725490194,5000,32.15478191276511,28.552416666666673,35.27122549019608,25.397647058823516,36.914693877551024
six_workloads,mode,hypercube,latency_positive_commit,range_abs,median,60,29.75999999999999,5000,24.680000000000007,20.464999999999996,29.75999999999999,18.510000000000005,33.08
six_workloads,mode,hypercube,latency_positive_commit,wcd_abs,mean,60,23.594692942390182,5000,19.87212958061002,17.205279771630874,22.206466902777773,14.91493308434485,23.312527858762554
six_workloads,mode,hypercube,latency_positive_commit,wcd_abs,median,60,15.628,5000,13.628333333333341,12.182222222222222,16.382875000000002,10.651111111111106,18.90888888888888
six_workloads,mode,hypercube,latency_positive_commit,wcd_pct,mean,60,52.051369186685655,5000,39.968188396215425,32.75357308062732,46.075748415764394,29.215249526456844,48.775232119501325
six_workloads,mode,hypercube,latency_positive_commit,wcd_pct,median,60,31.372167827224207,5000,28.47092872567353,25.29815606221562,31.18951797172515,20.697560396415447,33.97374440426671
six_workloads,mode,scale-free,latency_positive_commit,mean,mean,60,77.29604021362883,5000,76.99379954648525,74.44680479024944,79.42398090353164,71.67489739229026,81.25127936507937
six_workloads,mode,scale-free,latency_positive_commit,mean,median,60,77.51659090909091,5000,74.76555555555555,70.44316666666666,79.34881944444443,63.28555555555556,82.47666666666666
six_workloads,mode,scale-free,latency_positive_commit,iqr_pct,mean,60,24.338637244038054,5000,20.41667172816566,16.515045780466387,24.10429580116174,14.100899216734181,26.350859693726136
six_workloads,mode,scale-free,latency_positive_commit,iqr_pct,median,60,13.873193677291244,5000,12.12319838907387,10.158683650186743,14.602952403055546,8.154113663402583,17.862504938759393
six_workloads,mode,scale-free,latency_positive_commit,sample_std_pct,mean,60,24.179432744095944,5000,22.288283421406618,19.203547173847873,25.18422099550532,16.659466056230716,27.016105662042648
six_workloads,mode,scale-free,latency_positive_commit,sample_std_pct,median,60,14.705481590308137,5000,13.925365442552998,11.914677144819898,15.533396166867673,10.607291078752485,16.63674626610955
six_workloads,mode,scale-free,latency_positive_commit,delta_min_pct,mean,60,-28.447417707576573,5000,-24.259596930339725,-26.5552512079802,-21.851075535766874,-28.012308483501933,-19.973031990471252
six_workloads,mode,scale-free,latency_positive_commit,delta_min_pct,median,60,-22.254311004795944,5000,-18.14856882417537,-21.399459716722507,-15.28178574072585,-24.30712248286433,-12.830127662195643
six_workloads,mode,scale-free,latency_positive_commit,delta_max_pct,mean,60,45.34215919188412,5000,33.612102091489504,27.389746360062865,39.94820893895456,23.319422687158216,44.72366004047557
six_workloads,mode,scale-free,latency_positive_commit,delta_max_pct,median,60,27.40696140140077,5000,19.893278901289776,15.991261350910168,24.42599685302813,14.227007709302104,27.853333141649536
six_workloads,mode,scale-free,latency_positive_commit,range_abs,mean,60,46.490600000000015,5000,37.317271428571416,32.490145,41.800265624999994,28.70979591836734,44.885
six_workloads,mode,scale-free,latency_positive_commit,range_abs,median,60,30.79999999999999,5000,24.78,21.010000000000005,29.435,19.269999999999996,31.779999999999994
six_workloads,mode,scale-free,latency_positive_commit,wcd_abs,mean,60,29.199211587347982,5000,23.00019220238095,19.714804108796294,26.110962532178522,16.998899821833493,28.324443287037038
six_workloads,mode,scale-free,latency_positive_commit,wcd_abs,median,60,18.508597285067868,5000,14.727777777777783,11.881097222222218,17.1372361111111,10.757777777777783,18.95666666666666
six_workloads,mode,scale-free,latency_positive_commit,wcd_pct,mean,60,48.891667975075826,5000,36.667075447389394,30.576321514556398,43.017621885534105,26.255165804271755,48.24326206221016
six_workloads,mode,scale-free,latency_positive_commit,wcd_pct,median,60,29.801256937722474,5000,24.19395747855276,19.19127657232216,28.444944468747693,16.546882532344043,30.958100899873774
six_workloads,mode,torus,latency_positive_commit,mean,mean,60,65.63749023498286,5000,65.38060873716151,63.69483719246031,66.74920847338934,62.22464812115323,67.85516666666666
six_workloads,mode,torus,latency_positive_commit,mean,median,60,64.37,5000,63.26444444444446,58.69107341269841,65.10289682539683,54.242222222222225,69.22375
six_workloads,mode,torus,latency_positive_commit,iqr_pct,mean,60,21.919118890047507,5000,20.11149665211719,16.597024416062812,22.91470124768791,13.74242650053328,25.311173881189724
six_workloads,mode,torus,latency_positive_commit,iqr_pct,median,60,12.443958299573278,5000,12.649457545768596,9.937511704971003,15.275624720122016,8.12940506938668,17.030312439535585
six_workloads,mode,torus,latency_positive_commit,sample_std_pct,mean,60,22.008199613385223,5000,20.696914866223164,17.198269804513178,22.86602127786,15.422916637377034,24.01597298172395
six_workloads,mode,torus,latency_positive_commit,sample_std_pct,median,60,12.968263840593346,5000,14.129898928890036,12.182533388314575,14.801306505903522,10.700822114046192,15.424071891760525
six_workloads,mode,torus,latency_positive_commit,delta_min_pct,mean,60,-28.014681805454543,5000,-25.11290019688101,-27.0659013612051,-22.549413115368992,-28.219048039183885,-20.815951516660135
six_workloads,mode,torus,latency_positive_commit,delta_min_pct,median,60,-21.98349042796088,5000,-17.623256044883572,-21.253606111231534,-14.882960754895157,-24.48133388032585,-12.876361306854584
six_workloads,mode,torus,latency_positive_commit,delta_max_pct,mean,60,38.55573519052371,5000,30.818908017630037,25.293408884030875,35.72312584408817,21.573914839928978,39.12718530873585
six_workloads,mode,torus,latency_positive_commit,delta_max_pct,median,60,23.175725412238705,5000,20.95776163572776,17.45190507400862,23.65090547047237,14.497041420118345,25.745203784282353
six_workloads,mode,torus,latency_positive_commit,range_abs,mean,60,36.29117647058824,5000,32.091480392156875,28.866829999999997,34.577398265306115,26.331764705882353,36.72224489795918
six_workloads,mode,torus,latency_positive_commit,range_abs,median,60,23.760000000000005,5000,20.54,18.740000000000002,23.760000000000005,15.830000000000005,24.25999999999999
six_workloads,mode,torus,latency_positive_commit,wcd_abs,mean,60,23.090291610622497,5000,20.099396661045375,17.72757505057579,22.002621068310656,16.177389050858434,23.776867508908325
six_workloads,mode,torus,latency_positive_commit,wcd_abs,median,60,15.86800000000001,5000,12.358888888888886,10.711055555555554,15.293361111111114,9.295714285714283,16.786666666666676
six_workloads,mode,torus,latency_positive_commit,wcd_pct,mean,60,43.42515334168737,5000,35.154421626394274,29.558001113159133,40.310775779485155,26.39026416360775,44.011437937117385
six_workloads,mode,torus,latency_positive_commit,wcd_pct,median,60,25.338798419556124,5000,24.03719268409471,21.12739173822405,26.559114221022128,18.070312971114994,29.78741562572737
six_workloads,workload,DDoS,latency_positive_commit,mean,mean,50,57.37685165143499,5000,57.59215222663139,56.67699517746913,58.956528560090696,55.978074845679004,59.935183673469396
six_workloads,workload,DDoS,latency_positive_commit,mean,median,50,57.17192307692308,5000,57.78333333333333,56.061638888888886,60.068347222222215,54.95555555555555,62.63666666666667
six_workloads,workload,DDoS,latency_positive_commit,iqr_pct,mean,50,14.942247826630929,5000,14.487886252945192,12.674653547032378,16.892655456384407,11.040750620798194,18.606798476622078
six_workloads,workload,DDoS,latency_positive_commit,iqr_pct,median,50,14.651372790350344,5000,13.076381644117868,10.713798254437815,15.210621356339525,8.20485792232784,16.99369531652085
six_workloads,workload,DDoS,latency_positive_commit,sample_std_pct,mean,50,14.534332291152404,5000,14.258900874351589,13.237899783430773,15.175640036174986,12.214446318150321,16.0036322924773
six_workloads,workload,DDoS,latency_positive_commit,sample_std_pct,median,50,12.144186058250904,5000,11.427426734769796,10.35519499221602,12.937837939998703,9.262985152284054,13.849334483111258
six_workloads,workload,DDoS,latency_positive_commit,delta_min_pct,mean,50,-20.203756223077292,5000,-18.0904050934411,-19.460191007282962,-16.677743980623056,-20.49573529040272,-15.30561947403701
six_workloads,workload,DDoS,latency_positive_commit,delta_min_pct,median,50,-17.174776084704874,5000,-14.811637757632244,-17.12816260003574,-12.929114445855472,-19.420883299210306,-11.520877122522606
six_workloads,workload,DDoS,latency_positive_commit,delta_max_pct,mean,50,26.729627871249843,5000,23.553145260809757,21.10381717141907,25.724088166598666,18.206003218402046,27.365225135105
six_workloads,workload,DDoS,latency_positive_commit,delta_max_pct,median,50,20.106590318816433,5000,17.302640637918074,15.398937257604073,19.513005957901033,13.999527587813347,21.2640664099375
six_workloads,workload,DDoS,latency_positive_commit,range_abs,mean,50,26.591666666666665,5000,23.32915476190476,21.285118055555554,25.11068214285714,19.47694444444444,26.48914285714285
six_workloads,workload,DDoS,latency_positive_commit,range_abs,median,50,20.855000000000004,5000,19.43999999999999,16.714874999999996,20.855000000000004,14.389999999999997,21.02000000000001
six_workloads,workload,DDoS,latency_positive_commit,wcd_abs,mean,50,16.04186086752754,5000,14.063249614197531,12.699106839726634,15.25423080790186,11.420536265432096,16.06229138321995
six_workloads,workload,DDoS,latency_positive_commit,wcd_abs,median,50,12.261826923076924,5000,11.154444444444444,9.587750000000003,12.488944444444439,8.483888888888888,13.694444444444429
six_workloads,workload,DDoS,latency_positive_commit,wcd_pct,mean,50,28.31100111993708,5000,25.08941181202237,22.82935132845018,27.207534676402908,20.89194431709836,28.812302194221658
six_workloads,workload,DDoS,latency_positive_commit,wcd_pct,median,50,22.665270845347273,5000,19.4769296193919,17.003582757246892,21.771303613450677,15.2051198026221,24.37836641334022
six_workloads,workload,FIFA,latency_positive_commit,mean,mean,50,48.03414647985911,5000,47.49032385361553,44.73778676470589,48.8378997574956,43.700957049486476,49.9463888888889
six_workloads,workload,FIFA,latency_positive_commit,mean,median,50,46.213846153846156,5000,45.53472222222222,44.06423611111111,48.06615277777778,42.388888888888886,49.55499999999999
six_workloads,workload,FIFA,latency_positive_commit,iqr_pct,mean,50,33.447107588784235,5000,31.62315155739456,27.826483417045665,35.4508297960262,24.09507649936758,38.55139909316545
six_workloads,workload,FIFA,latency_positive_commit,iqr_pct,median,50,28.1994635113012,5000,25.954675446396383,20.83613657030984,32.17470548181723,18.509080488227,39.36651583710407
six_workloads,workload,FIFA,latency_positive_commit,sample_std_pct,mean,50,29.16050950276464,5000,29.12288455622361,27.31407477256709,30.779284208071918,25.258330425375657,31.83404139354868
six_workloads,workload,FIFA,latency_positive_commit,sample_std_pct,median,50,30.478710914402257,5000,28.236694149918897,24.99215547955385,31.61327701053563,21.884049627102875,34.36185807979787
six_workloads,workload,FIFA,latency_positive_commit,delta_min_pct,mean,50,-41.71955128403776,5000,-38.54095828187918,-41.11214482900913,-35.906876854534474,-42.85076397071207,-32.96171618487702
six_workloads,workload,FIFA,latency_positive_commit,delta_min_pct,median,50,-34.98013538075715,5000,-33.8925031607305,-38.24711289199304,-30.549333174397795,-42.01053844313458,-28.643654605273536
six_workloads,workload,FIFA,latency_positive_commit,delta_max_pct,mean,50,51.93664860007858,5000,45.857611014493486,41.452505030355965,50.351930330998364,38.43445648750234,53.57430245965877
six_workloads,workload,FIFA,latency_positive_commit,delta_max_pct,median,50,43.99416788815658,5000,38.87849614454534,34.65572559374317,45.51395370913277,29.32904601991197,53.270873061935156
six_workloads,workload,FIFA,latency_positive_commit,range_abs,mean,50,38.00416666666667,5000,33.92861111111112,31.15814583333333,36.42775753968254,28.66111111111111,38.115882352941185
six_workloads,workload,FIFA,latency_positive_commit,range_abs,median,50,29.67,5000,27.75999999999999,23.959625,31.42,21.02,32.80499999999999
six_workloads,workload,FIFA,latency_positive_commit,wcd_abs,mean,50,22.855047150584525,5000,20.402435859529,18.538659413580245,22.029316850198413,16.914265873015875,23.133976190476186
six_workloads,workload,FIFA,latency_positive_commit,wcd_abs,median,50,17.902447552447548,5000,16.418055555555547,13.927680555555558,18.59455555555555,12.292777777777781,19.517777777777773
six_workloads,workload,FIFA,latency_positive_commit,wcd_pct,mean,50,56.50253221966357,5000,50.53892283201612,46.3897909589913,54.73068642856963,42.33870376506375,57.685766380168324
six_workloads,workload,FIFA,latency_positive_commit,wcd_pct,median,50,56.87073735571464,5000,51.96250694661428,40.828891673800854,57.422812379821984,34.200298112246465,60.90216089216286
six_workloads,workload,GAFAM,latency_positive_commit,mean,mean,50,68.5914071925005,5000,68.46183837301588,66.32518143849207,70.60384116865079,64.53400907029479,71.81338968253968
six_workloads,workload,GAFAM,latency_positive_commit,mean,median,50,82.07204326923076,5000,80.06847222222223,65.46722222222222,85.54991666666666,58.98499999999999,88.78166666666667
six_workloads,workload,GAFAM,latency_positive_commit,iqr_pct,mean,50,27.91385146651849,5000,24.162895602195952,20.577260369019214,27.376374347141887,18.019782739264258,29.27986667396742
six_workloads,workload,GAFAM,latency_positive_commit,iqr_pct,median,50,14.617513059712731,5000,12.340801087380738,10.52327364273816,14.991202437824176,8.988743635327717,18.17538458949376
six_workloads,workload,GAFAM,latency_positive_commit,sample_std_pct,mean,50,23.769296401210287,5000,22.37275047428738,19.9993106434041,24.377037986774845,17.791241797954086,25.987946716191683
six_workloads,workload,GAFAM,latency_positive_commit,sample_std_pct,median,50,11.39874717785507,5000,11.738364555703555,10.404070597178313,12.955977930242948,9.308182851537733,13.98696643945451
six_workloads,workload,GAFAM,latency_positive_commit,delta_min_pct,mean,50,-28.879783815545274,5000,-25.31920189639839,-27.00490892555313,-23.25397483723766,-28.29214476603997,-21.251355206917584
six_workloads,workload,GAFAM,latency_positive_commit,delta_min_pct,median,50,-21.5449363825132,5000,-17.898883448745462,-20.46990866436883,-16.19165015962641,-23.26952999798103,-13.563338235128374
six_workloads,workload,GAFAM,latency_positive_commit,delta_max_pct,mean,50,39.05247532550891,5000,32.45219225255103,28.302305128918803,36.73772811637886,25.33754256767471,39.26283894184171
six_workloads,workload,GAFAM,latency_positive_commit,delta_max_pct,median,50,20.624988936231013,5000,18.362305230944415,16.18681404913607,20.877625268020797,14.030133927959692,22.403596564073595
six_workloads,workload,GAFAM,latency_positive_commit,range_abs,mean,50,44.257600000000004,5000,37.963734693877555,34.081435,40.95852163265305,31.102200000000003,42.5266
six_workloads,workload,GAFAM,latency_positive_commit,range_abs,median,50,29.119999999999994,5000,23.659999999999997,20.070000000000007,26.330000000000002,16.869999999999997,29.119999999999994
six_workloads,workload,GAFAM,latency_positive_commit,wcd_abs,mean,50,26.536787532774248,5000,22.87562488095238,20.369585515306124,24.820994135487524,18.127054502753477,26.089323333333333
six_workloads,workload,GAFAM,latency_positive_commit,wcd_abs,median,50,16.79,5000,13.983888888888888,11.758805555555558,15.885027777777783,9.903333333333336,16.871666666666666
six_workloads,workload,GAFAM,latency_positive_commit,wcd_pct,mean,50,41.85511809808816,5000,35.37408762856532,31.2821864174329,39.43792845829545,28.3845934731023,41.959945739141304
six_workloads,workload,GAFAM,latency_positive_commit,wcd_pct,median,50,27.05739452619805,5000,20.423329171786676,18.08855031987081,24.755795346687535,16.49318596415925,27.599472879820627
six_workloads,workload,Gaming,latency_positive_commit,mean,mean,50,90.65648929710812,5000,90.77169671201813,89.4457639739229,92.08194442777108,88.52861451247163,93.26800566893422
six_workloads,workload,Gaming,latency_positive_commit,mean,median,50,86.88538461538464,5000,87.42916666666667,84.21983333333333,89.78238888888887,81.67555555555556,91.86111111111111
six_workloads,workload,Gaming,latency_positive_commit,iqr_pct,mean,50,26.81109550099382,5000,24.691962792752726,21.462465241034913,27.910125392664472,18.90032515878447,30.762952471901286
six_workloads,workload,Gaming,latency_positive_commit,iqr_pct,median,50,19.090768718152937,5000,18.137166383762512,14.803279230777873,21.94364902777412,12.095709143641395,25.779914998028296
six_workloads,workload,Gaming,latency_positive_commit,sample_std_pct,mean,50,21.27061163240072,5000,21.271529307919845,19.876087297731306,22.562295069625208,18.74105909710999,23.48050540867284
six_workloads,workload,Gaming,latency_positive_commit,sample_std_pct,median,50,16.723502468808675,5000,17.173813980629767,15.522359635625586,18.73609335895635,13.235933372231056,19.7928262933672
six_workloads,workload,Gaming,latency_positive_commit,delta_min_pct,mean,50,-35.345422589429845,5000,-31.885984207579646,-33.98162216028278,-29.52396583117208,-35.614647843704965,-27.32834892331245
six_workloads,workload,Gaming,latency_positive_commit,delta_min_pct,median,50,-30.073901988402522,5000,-28.305248175620903,-30.327194269069913,-24.96077297426303,-32.49282571264587,-22.558374960585486
six_workloads,workload,Gaming,latency_positive_commit,delta_max_pct,mean,50,33.23684875967467,5000,30.059244443865964,27.274910520646117,33.01427709849073,25.079430676287117,35.128306834772566
six_workloads,workload,Gaming,latency_positive_commit,delta_max_pct,median,50,24.97136004009594,5000,23.19266055045871,20.20204105482829,26.212569441464122,17.09529360338044,29.140336276804305
six_workloads,workload,Gaming,latency_positive_commit,range_abs,mean,50,57.11942857142857,5000,51.37714285714286,47.91402899159665,54.52166176470588,45.272857142857134,56.309705882352944
six_workloads,workload,Gaming,latency_positive_commit,range_abs,median,50,57.420000000000016,5000,45.915,40.44,52.60499999999999,37.25,57.515000000000015
six_workloads,workload,Gaming,latency_positive_commit,wcd_abs,mean,50,33.91337465227582,5000,30.7247662815126,28.232589895124715,32.94034510679271,26.034038548752836,34.338707983193274
six_workloads,workload,Gaming,latency_positive_commit,wcd_abs,median,50,30.847692307692306,5000,26.139444444444432,22.85111111111111,30.903430555555556,21.163333333333327,34.058888888888895
six_workloads,workload,Gaming,latency_positive_commit,wcd_pct,mean,50,40.28198650855404,5000,36.62290488452594,33.76489636103211,39.605535893293315,31.15342881457146,41.8439446753747
six_workloads,workload,Gaming,latency_positive_commit,wcd_pct,median,50,30.113471612766045,5000,30.23908738023302,27.91907860656938,33.90406115585438,23.509236253645895,36.764960368184944
six_workloads,workload,PayPal,latency_positive_commit,mean,mean,50,47.74571089442151,5000,47.48315435030396,45.98218480876394,48.86099436383928,44.379529330572815,49.975132275132275
six_workloads,workload,PayPal,latency_positive_commit,mean,median,50,19.886153846153846,5000,18.741666666666667,15.381111111111112,20.777263888888886,13.315555555555555,22.756666666666668
six_workloads,workload,PayPal,latency_positive_commit,iqr_pct,mean,50,14.370848857284761,5000,13.954916029220385,9.765200271403371,18.288273932812103,7.20718603952108,21.081158643541695
six_workloads,workload,PayPal,latency_positive_commit,iqr_pct,median,50,6.10261244446626,5000,5.469104530204866,3.8738554999142707,7.560156476870015,2.4925534203160136,9.954146408903418
six_workloads,workload,PayPal,latency_positive_commit,sample_std_pct,mean,50,24.63030032112574,5000,22.810251962198265,19.23102846230945,26.11643754440829,16.505067847840305,28.590294054251434
six_workloads,workload,PayPal,latency_positive_commit,sample_std_pct,median,50,11.050116557881179,5000,10.26120192345126,8.187549479730382,12.539221781757503,6.964809989481489,13.906243743452817
six_workloads,workload,PayPal,latency_positive_commit,delta_min_pct,mean,50,-19.826440991298828,5000,-17.665979181620713,-19.492388073241123,-15.556420001420204,-20.533686916146856,-13.410746888152525
six_workloads,workload,PayPal,latency_positive_commit,delta_min_pct,median,50,-12.85899576374686,5000,-10.860959053336902,-12.960233971065174,-8.54405455476823,-14.178738453875452,-6.453522527129547
six_workloads,workload,PayPal,latency_positive_commit,delta_max_pct,mean,50,60.86140463870431,5000,45.3233500462008,35.84316602971348,54.52806646268587,28.02678175203249,61.43400762608974
six_workloads,workload,PayPal,latency_positive_commit,delta_max_pct,median,50,14.972964386371505,5000,12.530503156834646,9.675616583519599,16.683531247908725,7.22319847271034,20.49763033175355
six_workloads,workload,PayPal,latency_positive_commit,range_abs,mean,50,30.105000000000004,5000,24.29000905797102,19.56018085106383,28.129848958333326,15.555217391304351,30.408260869565222
six_workloads,workload,PayPal,latency_positive_commit,range_abs,median,50,6.58,5000,6.389999999999999,5.649625,7.140000000000001,4.715000000000001,7.5849999999999955
six_workloads,workload,PayPal,latency_positive_commit,wcd_abs,mean,50,22.262248284709543,5000,17.31055946232178,13.550430838886731,20.279896230466548,10.703332039337473,21.90067460317461
six_workloads,workload,PayPal,latency_positive_commit,wcd_abs,median,50,4.793321678321678,5000,4.539444444444444,3.3987760416666677,5.292486111111106,2.675714285714289,5.719999999999999
six_workloads,workload,PayPal,latency_positive_commit,wcd_pct,mean,50,62.496297676983204,5000,46.55385681864301,37.01773718766278,55.66865442847595,29.457020945510866,62.916012184634724
six_workloads,workload,PayPal,latency_positive_commit,wcd_pct,median,50,22.098234398672613,5000,15.995283581430456,12.161797058532915,21.51735053043884,8.848045199316422,23.92847751774914
six_workloads,workload,VISA,latency_positive_commit,mean,mean,50,89.58170171528855,5000,89.36933993271222,86.71948808201054,91.92337145876468,84.51537398589066,94.0469974120083
six_workloads,workload,VISA,latency_positive_commit,mean,median,50,117.33166666666666,5000,115.42,89.26818035714287,122.97161111111109,77.86444444444444,125.44444444444444
six_workloads,workload,VISA,latency_positive_commit,iqr_pct,mean,50,23.595654350120764,5000,20.959878136472685,16.36165889368914,24.743723727689797,12.967856185269994,27.534796245561697
six_workloads,workload,VISA,latency_positive_commit,iqr_pct,median,50,9.97514031497366,5000,9.810064620450161,7.383976747337683,11.66271589953491,5.5763408416578875,13.451194780001765
six_workloads,workload,VISA,latency_positive_commit,sample_std_pct,mean,50,30.313104197527224,5000,26.869054131309127,21.858654809937978,30.998329781182314,18.156102206351715,33.15386221235391
six_workloads,workload,VISA,latency_positive_commit,sample_std_pct,median,50,12.68768810328116,5000,12.155293718630123,10.458252930578427,14.632025698060588,8.6116957094416,15.406638832003887
six_workloads,workload,VISA,latency_positive_commit,delta_min_pct,mean,50,-27.93125776436931,5000,-24.056635354880395,-26.613717969645016,-20.76611037822391,-28.295455297824347,-17.674547163403695
six_workloads,workload,VISA,latency_positive_commit,delta_min_pct,median,50,-16.932820370352125,5000,-13.385295444365696,-17.06857419688837,-11.018926664439418,-19.027225664922423,-9.447640554151668
six_workloads,workload,VISA,latency_positive_commit,delta_max_pct,mean,50,64.93639281169088,5000,44.12557212249388,34.284130773355166,53.94627340971457,24.725937267132934,60.14367875589517
six_workloads,workload,VISA,latency_positive_commit,delta_max_pct,median,50,26.718757837542213,5000,21.55726292060422,14.292142862512069,25.688142412119618,10.603015102757295,28.114754098360663
six_workloads,workload,VISA,latency_positive_commit,range_abs,mean,50,49.47695652173912,5000,39.4806231884058,33.086001449275365,44.76451135265701,28.379347826086956,47.894222222222226
six_workloads,workload,VISA,latency_positive_commit,range_abs,median,50,25.925,5000,20.659999999999997,17.285000000000004,23.945000000000004,14.700000000000001,27.169999999999995
six_workloads,workload,VISA,latency_positive_commit,wcd_abs,mean,50,32.99129565973719,5000,25.365734489302973,20.98163789021164,29.123110566195074,17.3803952726018,31.40472248677248
six_workloads,workload,VISA,latency_positive_commit,wcd_abs,median,50,15.554038461538465,5000,12.36833333333334,10.22751388888889,14.816805555555565,8.538333333333318,16.502222222222244
six_workloads,workload,VISA,latency_positive_commit,wcd_pct,mean,50,66.89281571275279,5000,45.78877440710835,35.9295923597804,55.591272181252236,27.188451537797032,62.669296013935245
six_workloads,workload,VISA,latency_positive_commit,wcd_pct,median,50,30.495688116154533,5000,23.606776819959236,17.2502449799391,28.266447742260816,11.881924058464737,30.49312996416557
six_workloads,network_size,10 nodes,latency_positive_commit,mean,mean,150,64.59768774050325,5000,64.51148712522047,63.384678068512294,65.62331220605523,62.40978606965176,66.86503421516757
six_workloads,network_size,10 nodes,latency_positive_commit,mean,median,150,61.87076923076923,5000,61.26777777777777,58.14075,63.910069444444446,54.82111111111111,65.9688888888889
six_workloads,network_size,10 nodes,latency_positive_commit,iqr_pct,mean,150,26.044720540901874,5000,23.443016089243436,21.05262744856304,25.72820368856245,18.688052491703697,27.41080573395242
six_workloads,network_size,10 nodes,latency_positive_commit,iqr_pct,median,150,14.871048252911821,5000,13.85165089730309,12.255333929772277,15.673795640080806,11.203646883492592,17.47377328621114
six_workloads,network_size,10 nodes,latency_positive_commit,sample_std_pct,mean,150,26.447970222961853,5000,25.163704979977133,23.331025362850042,26.71319743276226,21.809117347765543,27.819730640340204
six_workloads,network_size,10 nodes,latency_positive_commit,sample_std_pct,median,150,15.31399388459163,5000,15.046348146471344,14.074988370517351,16.29022063330486,12.933022771182,17.355016539365188
six_workloads,network_size,10 nodes,latency_positive_commit,delta_min_pct,mean,150,-30.93842943203316,5000,-27.55216630541816,-28.68675704652306,-26.18941579973729,-29.580611014329463,-25.081652310552972
six_workloads,network_size,10 nodes,latency_positive_commit,delta_min_pct,median,150,-23.83749776728123,5000,-20.58823529411765,-22.448741084573737,-18.122907661755978,-23.750880967394924,-17.008069522036003
six_workloads,network_size,10 nodes,latency_positive_commit,delta_max_pct,mean,150,51.68572661033298,5000,41.57630502283097,37.5352132023958,45.51092575459986,33.94923110714327,49.18751436485563
six_workloads,network_size,10 nodes,latency_positive_commit,delta_max_pct,median,150,30.782191725036636,5000,25.284169476003154,22.709292771015278,27.40728993469723,20.31966549770703,29.476861167002028
six_workloads,network_size,10 nodes,latency_positive_commit,range_abs,mean,150,46.534296296296304,5000,39.39992509258221,36.773598148148146,41.65272222222223,34.21481481481483,43.229029850746294
six_workloads,network_size,10 nodes,latency_positive_commit,range_abs,median,150,32.78,5000,27.355000000000004,23.939999999999998,28.9,22.32,31.860000000000003
six_workloads,network_size,10 nodes,latency_positive_commit,wcd_abs,mean,150,29.399555938451527,5000,24.582167872498175,22.73058639869983,26.201270642093768,21.224215196942975,27.172355979233792
six_workloads,network_size,10 nodes,latency_positive_commit,wcd_abs,median,150,18.81307692307692,5000,15.678888888888892,14.059964285714289,17.25783333333333,12.594444444444441,19.033611111111114
six_workloads,network_size,10 nodes,latency_positive_commit,wcd_pct,mean,150,54.46428148762276,5000,44.44855692064824,40.44448043034618,48.324226576546025,36.976655139119416,52.521600384625124
six_workloads,network_size,10 nodes,latency_positive_commit,wcd_pct,median,150,31.372167827224207,5000,27.758428496422297,25.373890358449614,29.742666474200963,23.028161317352183,31.353799698037264
six_workloads,network_size,40 nodes,latency_positive_commit,mean,mean,150,69.73455150532725,5000,69.56244228036878,68.44112352419582,70.6372768098689,67.41585996240602,71.29987061403509
six_workloads,network_size,40 nodes,latency_positive_commit,mean,median,150,66.45000000000002,5000,65.91555555555556,62.993305555555544,69.1,61.39888888888888,70.99888888888889
six_workloads,network_size,40 nodes,latency_positive_commit,iqr_pct,mean,150,20.131562784906244,5000,18.930234008656434,17.098746559708072,20.725846188879384,15.405007900651455,21.823033189739977
six_workloads,network_size,40 nodes,latency_positive_commit,iqr_pct,median,150,13.410186371449416,5000,12.141065520887583,10.692153957202988,13.799305230824936,9.144455897511403,15.340985417257492
six_workloads,network_size,40 nodes,latency_positive_commit,sample_std_pct,mean,150,21.52129021209275,5000,20.12675214274978,18.363672436882894,21.78983549492121,17.15477905946404,22.975123374899216
six_workloads,network_size,40 nodes,latency_positive_commit,sample_std_pct,median,150,13.874835901606628,5000,13.644804240049137,12.338920375869126,14.277961293665568,11.580054528919181,15.161637104342098
six_workloads,network_size,40 nodes,latency_positive_commit,delta_min_pct,mean,150,-25.604630198985394,5000,-22.788386311793808,-24.050663587785653,-21.44782818481433,-24.96143603702355,-20.34189660470096
six_workloads,network_size,40 nodes,latency_positive_commit,delta_min_pct,median,150,-21.44365109001701,5000,-17.791802833435618,-19.583019267305872,-16.27656290757446,-21.359730397039435,-14.339302640163368
six_workloads,network_size,40 nodes,latency_positive_commit,delta_max_pct,mean,150,42.05817090890099,5000,32.31787943307346,28.33679799562302,36.37305848038217,25.789806359363375,39.161245059124994
six_workloads,network_size,40 nodes,latency_positive_commit,delta_max_pct,median,150,21.20690312547095,5000,18.591418230061937,16.881304736206978,20.414431538594034,15.329292563777813,21.426433712137772
six_workloads,network_size,40 nodes,latency_positive_commit,range_abs,mean,150,34.27896551724138,5000,29.328956521739123,27.13686935258501,31.358890370284104,24.763913043478265,32.85168141592921
six_workloads,network_size,40 nodes,latency_positive_commit,range_abs,median,150,24.47,5000,21.070000000000007,19.67000000000001,22.581249999999986,18.740000000000002,24.25999999999999
six_workloads,network_size,40 nodes,latency_positive_commit,wcd_abs,mean,150,21.821927969339765,5000,18.328820630985682,16.695020457516776,19.811279246558506,15.338554830917877,20.982694198623392
six_workloads,network_size,40 nodes,latency_positive_commit,wcd_abs,median,150,15.462095238095237,5000,12.636666666666667,11.422194444444447,14.10455555555555,10.61,15.551111111111112
six_workloads,network_size,40 nodes,latency_positive_commit,wcd_pct,mean,150,45.518331408467006,5000,35.31299434027811,31.305760990671555,39.359266808851025,28.516944965480448,42.290864438867544
six_workloads,network_size,40 nodes,latency_positive_commit,wcd_pct,median,150,25.659608000327257,5000,22.505591481888047,20.390652752279856,24.629754972243163,18.997470235223723,26.23515118790496
legacy_three_workloads,blockchain,Algorand,latency_positive_commit,mean,mean,30,23.10127106227106,5000,23.10322222222222,22.727252777777775,23.450037962962963,22.411555555555555,23.67796296296296
legacy_three_workloads,blockchain,Algorand,latency_positive_commit,mean,median,30,20.857912087912087,5000,20.8575,20.28106944444444,21.459486111111108,19.92055555555556,21.791666666666664
legacy_three_workloads,blockchain,Algorand,latency_positive_commit,iqr_pct,mean,30,11.693636166102799,5000,11.006691771143071,9.170244551058907,12.593075843301675,7.450727239434577,13.834638402317154
legacy_three_workloads,blockchain,Algorand,latency_positive_commit,iqr_pct,median,30,5.910727542627023,5000,5.334100960554974,4.058974093515872,6.851777674998716,3.4339262135196593,8.151175931058752
legacy_three_workloads,blockchain,Algorand,latency_positive_commit,sample_std_pct,mean,30,12.465862879294498,5000,12.089409531235919,10.838666945059208,13.11001437594066,9.719703837250206,13.687027383254813
legacy_three_workloads,blockchain,Algorand,latency_positive_commit,sample_std_pct,median,30,11.729161769590956,5000,11.326419611830662,9.341748598562607,13.24834564717999,6.254985613886648,14.404634949928711
legacy_three_workloads,blockchain,Algorand,latency_positive_commit,delta_min_pct,mean,30,-14.932110167034107,5000,-13.663023693871125,-14.69647355274168,-12.419053597274688,-15.50867640339663,-11.110607228035839
legacy_three_workloads,blockchain,Algorand,latency_positive_commit,delta_min_pct,median,30,-14.146087568377975,5000,-11.555178214824357,-14.425864854135177,-7.958897460942559,-15.620857434996493,-5.338211191055464
legacy_three_workloads,blockchain,Algorand,latency_positive_commit,delta_max_pct,mean,30,27.10743964317139,5000,22.857435198955613,19.589114366466806,25.614726359344186,16.21326695994571,27.459583317559925
legacy_three_workloads,blockchain,Algorand,latency_positive_commit,delta_max_pct,median,30,26.022566577932267,5000,21.060872698559955,14.428397393771903,25.11464666625367,7.000256637690528,27.37047904152761
legacy_three_workloads,blockchain,Algorand,latency_positive_commit,range_abs,mean,30,12.196333333333333,5000,10.771499999999998,9.602625,11.650366666666663,8.644666666666666,12.010333333333334
legacy_three_workloads,blockchain,Algorand,latency_positive_commit,range_abs,median,30,8.125,5000,6.6850000000000005,5.75,8.125,3.8000000000000007,8.125
legacy_three_workloads,blockchain,Algorand,latency_positive_commit,wcd_abs,mean,30,7.926117216117215,5000,6.870666666666665,5.987112962962961,7.562136111111109,5.228777777777778,7.9634074074074075
legacy_three_workloads,blockchain,Algorand,latency_positive_commit,wcd_abs,median,30,5.753296703296701,5000,4.9497222222222215,4.011652777777779,5.64672222222222,2.1477777777777796,5.96222222222222
legacy_three_workloads,blockchain,Algorand,latency_positive_commit,wcd_pct,mean,30,28.100334888275704,5000,23.86020030483582,20.714120378660166,26.5348454301153,17.842803913794512,28.288369395947598
legacy_three_workloads,blockchain,Algorand,latency_positive_commit,wcd_pct,median,30,27.519804805298044,5000,24.043545199248406,18.132563153622414,27.37335176711346,9.442758944267908,29.09058826552632
legacy_three_workloads,blockchain,Diem,latency_positive_commit,mean,mean,30,68.49636945920953,5000,68.49537037037038,67.86573703703704,69.14342222222224,67.2257037037037,69.57062962962962
legacy_three_workloads,blockchain,Diem,latency_positive_commit,mean,median,30,48.78192307692307,5000,49.07111111111111,47.49054166666667,51.71058333333333,46.37722222222222,55.169444444444444
legacy_three_workloads,blockchain,Diem,latency_positive_commit,iqr_pct,mean,30,15.79010819228309,5000,15.152947951400257,11.940199803466156,16.99380551357332,9.52625706796081,18.70828312574183
legacy_three_workloads,blockchain,Diem,latency_positive_commit,iqr_pct,median,30,10.610808329900852,5000,9.926444361606649,7.445983709286334,11.890607484318272,5.6539756786476385,13.82561398830002
legacy_three_workloads,blockchain,Diem,latency_positive_commit,sample_std_pct,mean,30,13.10068021752579,5000,12.937132748972134,11.699733168174328,14.026119036858397,10.548876085728624,14.984047101130715
legacy_three_workloads,blockchain,Diem,latency_positive_commit,sample_std_pct,median,30,10.526954503992918,5000,9.891792383715995,8.36529907465293,11.349429714837319,7.5241537498722035,12.12940643941982
legacy_three_workloads,blockchain,Diem,latency_positive_commit,delta_min_pct,mean,30,-20.45533870123544,5000,-17.686110892029024,-19.3434501049068,-15.738089309440165,-20.513974584941728,-14.277442618983839
legacy_three_workloads,blockchain,Diem,latency_positive_commit,delta_min_pct,median,30,-16.705777117590493,5000,-14.639588093395066,-16.507045534600287,-12.014494720553996,-17.896371989175393,-10.099806135610848
legacy_three_workloads,blockchain,Diem,latency_positive_commit,delta_max_pct,mean,30,24.82851842144413,5000,21.105309335519067,18.34251777779931,24.059866119956624,16.322660089857322,27.097255569505606
legacy_three_workloads,blockchain,Diem,latency_positive_commit,delta_max_pct,median,30,16.43853812703238,5000,14.778915755140481,12.562587824379865,16.970989302938573,10.801813241066554,18.488080342513193
legacy_three_workloads,blockchain,Diem,latency_positive_commit,range_abs,mean,30,21.338,5000,17.424666666666667,14.528941666666665,19.84133333333333,13.05133333333333,20.790999999999997
legacy_three_workloads,blockchain,Diem,latency_positive_commit,range_abs,median,30,14.13000000000001,5000,11.575000000000006,10.24999999999999,14.090999999999989,9.405000000000001,14.13000000000001
legacy_three_workloads,blockchain,Diem,latency_positive_commit,wcd_abs,mean,30,13.685092694096102,5000,10.915722222222225,8.570380555555555,12.739223148148147,7.508592592592596,13.458185185185185
legacy_three_workloads,blockchain,Diem,latency_positive_commit,wcd_abs,median,30,8.443173076923081,5000,6.693055555555551,5.791513888888878,8.427819444444454,5.324999999999999,9.287777777777777
legacy_three_workloads,blockchain,Diem,latency_positive_commit,wcd_pct,mean,30,27.626466419867402,5000,23.41633512676074,20.583804983344674,26.402999060778043,18.54775498336541,29.124700544307817
legacy_three_workloads,blockchain,Diem,latency_positive_commit,wcd_pct,median,30,18.768880279489135,5000,17.06395915989415,14.897144105098128,19.252575955235763,13.10005443122418,20.71083247550198
legacy_three_workloads,blockchain,Ethereum,latency_positive_commit,mean,mean,30,124.13654957264956,5000,124.13799999999999,123.29429629629631,124.96264814814815,122.62222222222222,125.65148148148151
legacy_three_workloads,blockchain,Ethereum,latency_positive_commit,mean,median,30,133.96692307692308,5000,133.88694444444445,132.7393888888889,135.12295833333334,131.71555555555557,136.6761111111111
legacy_three_workloads,blockchain,Ethereum,latency_positive_commit,iqr_pct,mean,30,8.232265761782159,5000,7.819617206789406,6.967661136277919,8.749135507481805,6.305817094890671,9.54537401451609
legacy_three_workloads,blockchain,Ethereum,latency_positive_commit,iqr_pct,median,30,7.399495096297049,5000,6.9471210663479255,5.802060725273483,8.11189136269194,5.181836326656777,9.542612399808295
legacy_three_workloads,blockchain,Ethereum,latency_positive_commit,sample_std_pct,mean,30,8.064906634649027,5000,7.879975121801518,7.135697144901446,8.511175016468604,6.2627138486360625,8.856835695668858
legacy_three_workloads,blockchain,Ethereum,latency_positive_commit,sample_std_pct,median,30,7.137773249172459,5000,6.922118541816301,6.057473560868531,7.719985879277726,5.336490024064143,8.014140217886236
legacy_three_workloads,blockchain,Ethereum,latency_positive_commit,delta_min_pct,mean,30,-11.66088880212107,5000,-10.486871153637276,-11.232390553994014,-9.655800775001344,-11.744110455630414,-9.19422236885594
legacy_three_workloads,blockchain,Ethereum,latency_positive_commit,delta_min_pct,median,30,-11.004405243982813,5000,-10.067370346730208,-11.264815862336375,-8.937983963985905,-12.477358107973963,-8.017047594313414
legacy_three_workloads,blockchain,Ethereum,latency_positive_commit,delta_max_pct,mean,30,17.01720115582931,5000,14.096923691445033,11.982347603137535,15.767026257150707,9.911931224119519,16.44635836826665
legacy_three_workloads,blockchain,Ethereum,latency_positive_commit,delta_max_pct,median,30,11.710660766858293,5000,9.988003078822008,8.67089157514889,11.505226686052128,7.617820036118088,13.21242011634876
legacy_three_workloads,blockchain,Ethereum,latency_positive_commit,range_abs,mean,30,37.126333333333335,5000,31.78,27.854308333333332,34.82935833333334,23.62566666666667,36.001333333333335
legacy_three_workloads,blockchain,Ethereum,latency_positive_commit,range_abs,median,30,24.22,5000,23.215000000000003,20.660000000000004,24.22,17.875,24.22
legacy_three_workloads,blockchain,Ethereum,latency_positive_commit,wcd_abs,mean,30,23.62934786324787,5000,19.95614814814815,17.017019444444443,22.267448148148144,13.980333333333334,23.110000000000003
legacy_three_workloads,blockchain,Ethereum,latency_positive_commit,wcd_abs,median,30,14.445,5000,13.176944444444445,11.717722222222214,14.746180555555535,10.713888888888889,15.73777777777778
legacy_three_workloads,blockchain,Ethereum,latency_positive_commit,wcd_pct,mean,30,17.96403595124847,5000,15.255426789414116,13.311760263704489,16.81725521920364,11.265228537422109,17.52849309468554
legacy_three_workloads,blockchain,Ethereum,latency_positive_commit,wcd_pct,median,30,13.267595372008852,5000,11.638364994222933,10.244760947156621,13.467941563203732,9.150585915899555,14.968725455035784
legacy_three_workloads,blockchain,Quorum,latency_positive_commit,mean,mean,30,49.63289676714898,5000,49.3770787037037,44.606043578042325,54.033767003968244,39.725958333333324,58.402080687830676
legacy_three_workloads,blockchain,Quorum,latency_positive_commit,mean,median,30,35.04333333333334,5000,34.12375,22.948027777777774,45.76394444444444,13.05,52.00277777777778
legacy_three_workloads,blockchain,Quorum,latency_positive_commit,iqr_pct,mean,30,51.78729648572283,5000,44.872540440167754,34.84353308619551,54.5328462377315,27.15075069833667,61.04893133536422
legacy_three_workloads,blockchain,Quorum,latency_positive_commit,iqr_pct,median,30,35.40279798596008,5000,32.335049944899424,22.893628292097908,45.37280787063767,9.219356360283875,56.015468053221326
legacy_three_workloads,blockchain,Quorum,latency_positive_commit,sample_std_pct,mean,30,72.66929648950801,5000,65.19872750838232,55.70683185898735,73.86167100719878,46.62940390897419,79.16194710035612
legacy_three_workloads,blockchain,Quorum,latency_positive_commit,sample_std_pct,median,30,54.97196929346116,5000,45.36334131783663,35.80028424720564,61.69202235046741,29.94405721871774,76.33530048959592
legacy_three_workloads,blockchain,Quorum,latency_positive_commit,delta_min_pct,mean,30,-55.39635102214296,5000,-48.62195428184175,-53.13553270275937,-42.83841318033824,-56.51899712537771,-38.37736043974276
legacy_three_workloads,blockchain,Quorum,latency_positive_commit,delta_min_pct,median,30,-58.93067203630346,5000,-50.38226238352518,-59.50341356866508,-40.01224558352112,-66.6075569499386,-33.739756649630415
legacy_three_workloads,blockchain,Quorum,latency_positive_commit,delta_max_pct,mean,30,166.2141599276882,5000,112.94856641763138,91.56315357081802,134.93684953318552,66.19496405154372,149.20491101329
legacy_three_workloads,blockchain,Quorum,latency_positive_commit,delta_max_pct,median,30,71.2935807229843,5000,59.46072963296814,50.529257053898384,75.28290959102556,34.56636976633317,93.93100511073256
legacy_three_workloads,blockchain,Quorum,latency_positive_commit,range_abs,mean,30,87.96533333333335,5000,70.37883333333335,59.031108333333336,80.123725,50.30499999999999,86.771
legacy_three_workloads,blockchain,Quorum,latency_positive_commit,range_abs,median,30,95.24000000000001,5000,73.865,44.744375000000005,90.32,16.03,96.38000000000001
legacy_three_workloads,blockchain,Quorum,latency_positive_commit,wcd_abs,mean,30,61.08093629145908,5000,47.16062055281882,38.96010766534391,54.47253344576717,33.1249873015873,58.80806294471812
legacy_three_workloads,blockchain,Quorum,latency_positive_commit,wcd_abs,median,30,60.20736111111111,5000,44.45051587301587,26.681111111111136,56.85206111111112,10.160833333333336,63.22333333333333
legacy_three_workloads,blockchain,Quorum,latency_positive_commit,wcd_pct,mean,30,169.6527413931717,5000,116.38221464062694,94.76264152961451,138.31116106335625,70.08987365665885,152.6048424182285
legacy_three_workloads,blockchain,Quorum,latency_positive_commit,wcd_pct,median,30,72.1435914826142,5000,64.69837221176036,56.067370302334794,77.62451503687714,47.13696380042512,93.93100511073256
legacy_three_workloads,blockchain,Solana,latency_positive_commit,mean,mean,30,78.37958981758983,5000,78.11291244320796,73.81010100559163,82.27383498670713,69.32755104617604,85.14239648033127
legacy_three_workloads,blockchain,Solana,latency_positive_commit,mean,median,30,81.3823076923077,5000,80.73880456349207,72.8643169642857,90.57781944444444,68.90291666666667,95.455
legacy_three_workloads,blockchain,Solana,latency_positive_commit,iqr_pct,mean,30,22.741425850184253,5000,20.055943115646386,15.195565878262167,25.136761047487706,11.511086566582867,28.899700916788507
legacy_three_workloads,blockchain,Solana,latency_positive_commit,iqr_pct,median,30,13.660305503975104,5000,12.961499895491865,9.186399064267889,19.146201076636988,6.408825686318275,27.75834258001604
legacy_three_workloads,blockchain,Solana,latency_positive_commit,sample_std_pct,mean,30,23.644092242462104,5000,22.20058332552388,18.709301060807178,25.810504952400642,15.255143753335721,28.334529257851393
legacy_three_workloads,blockchain,Solana,latency_positive_commit,sample_std_pct,median,30,17.162819841788732,5000,15.34948212967371,12.033884370227442,21.066818533681555,10.110835202953377,24.416775926299408
legacy_three_workloads,blockchain,Solana,latency_positive_commit,delta_min_pct,mean,30,-25.29814811435784,5000,-21.259780459591568,-25.189104069820342,-17.44031126282482,-28.788756866841208,-15.02638122260784
legacy_three_workloads,blockchain,Solana,latency_positive_commit,delta_min_pct,median,30,-21.603433562257045,5000,-18.575950378872655,-22.30907698059706,-14.923626471532451,-26.97326475963786,-10.805142767755012
legacy_three_workloads,blockchain,Solana,latency_positive_commit,delta_max_pct,mean,30,33.584403492793385,5000,28.721176784619264,23.878768781849733,33.934855994263394,20.107694687613265,37.992229308737514
legacy_three_workloads,blockchain,Solana,latency_positive_commit,delta_max_pct,median,30,23.583159335460252,5000,19.041255429766444,15.065518077400874,27.685879282507116,12.815416045497233,41.08843537414964
legacy_three_workloads,blockchain,Solana,latency_positive_commit,range_abs,mean,30,48.96166666666667,5000,40.98681818181818,33.67844791666666,47.846695652173906,27.987826086956517,52.22818181818183
legacy_three_workloads,blockchain,Solana,latency_positive_commit,range_abs,median,30,39.665,5000,31.599999999999994,23.85000000000001,39.665,16.79,47.334999999999994
legacy_three_workloads,blockchain,Solana,latency_positive_commit,wcd_abs,mean,30,30.140919696044694,5000,25.026480158730156,20.459384577546295,29.38196876156752,16.343050379572116,32.608886183261184
legacy_three_workloads,blockchain,Solana,latency_positive_commit,wcd_abs,median,30,21.478749999999998,5000,18.383784722222217,14.282423611111117,23.29359375,9.751319444444444,27.210555555555544
legacy_three_workloads,blockchain,Solana,latency_positive_commit,wcd_pct,mean,30,36.22251485872216,5000,30.617208697224214,25.48152691159608,35.955902160712064,20.933730308968396,39.62519903770667
legacy_three_workloads,blockchain,Solana,latency_positive_commit,wcd_pct,median,30,25.5933358452683,5000,21.43234331215966,17.252303902282055,28.34965215956976,15.614601631385828,41.08843537414964
legacy_three_workloads,mode,fat-tree,latency_positive_commit,mean,mean,30,69.32179774464207,5000,69.30597550629449,66.56276000371413,72.1432228927203,64.69719157088123,74.30720019157087
legacy_three_workloads,mode,fat-tree,latency_positive_commit,mean,median,30,50.1325,5000,54.14,44.201625,67.902,37.43666666666666,70.57
legacy_three_workloads,mode,fat-tree,latency_positive_commit,iqr_pct,mean,30,29.01133679795563,5000,25.407324058150976,19.848371606634306,31.09578192311434,15.861299039725019,34.91362671174975
legacy_three_workloads,mode,fat-tree,latency_positive_commit,iqr_pct,median,30,14.837871644376042,5000,10.797396319590028,7.536481844352427,15.408337256289848,6.07891412096278,17.475728155339812
legacy_three_workloads,mode,fat-tree,latency_positive_commit,sample_std_pct,mean,30,27.611850130897846,5000,27.115608814207935,23.654743846642827,30.156403506241308,19.292296055334187,33.784683862503364
legacy_three_workloads,mode,fat-tree,latency_positive_commit,sample_std_pct,median,30,15.354291453075488,5000,13.296539187316329,11.073247388136185,17.91894717100124,9.153554892245882,19.145245368239884
legacy_three_workloads,mode,fat-tree,latency_positive_commit,delta_min_pct,mean,30,-27.76396032144894,5000,-24.387505364673178,-26.71102740984942,-21.510195033342715,-28.102996769092975,-18.604830177440682
legacy_three_workloads,mode,fat-tree,latency_positive_commit,delta_min_pct,median,30,-20.63440983794966,5000,-16.957903097696587,-20.05792765510665,-13.948996204825738,-22.42522469426846,-10.942956926658907
legacy_three_workloads,mode,fat-tree,latency_positive_commit,delta_max_pct,mean,30,54.518373405820455,5000,45.59147071161796,37.723799111567494,54.527017096221854,29.087527831881697,64.06999037209408
legacy_three_workloads,mode,fat-tree,latency_positive_commit,delta_max_pct,median,30,27.889482512728417,5000,23.069690534472418,16.813730666339872,28.156187179179298,11.270513687657967,32.56867595365186
legacy_three_workloads,mode,fat-tree,latency_positive_commit,range_abs,mean,30,47.528965517241375,5000,39.97724137931034,33.64650862068965,44.7670948275862,28.02896551724138,47.4875
legacy_three_workloads,mode,fat-tree,latency_positive_commit,range_abs,median,30,28.85,5000,23.78,17.099999999999994,28.85,13.79000000000002,29.51
legacy_three_workloads,mode,fat-tree,latency_positive_commit,wcd_abs,mean,30,31.02859369600125,5000,25.89778781081398,21.622284527230434,29.107732268575532,17.652999042145595,31.40903854875283
legacy_three_workloads,mode,fat-tree,latency_positive_commit,wcd_abs,median,30,16.773846153846165,5000,14.42222222222222,10.510912698412707,16.75686111111111,6.997777777777777,18.854444444444447
legacy_three_workloads,mode,fat-tree,latency_positive_commit,wcd_pct,mean,30,55.70355749356385,5000,46.87332617405684,38.95174751455914,55.636722921802914,30.822788268327496,64.77517152479865
legacy_three_workloads,mode,fat-tree,latency_positive_commit,wcd_pct,median,30,33.31343754778687,5000,24.096863834855093,17.647882409565522,33.955409578918385,14.457922668688406,39.60158568765658
legacy_three_workloads,mode,full mesh,latency_positive_commit,mean,mean,30,63.550801979766256,5000,63.42266652494331,60.9747677154195,65.68995804988663,59.46367136978247,67.0906646825397
legacy_three_workloads,mode,full mesh,latency_positive_commit,mean,median,30,47.699230769230766,5000,47.31277777777778,37.365388888888894,48.73834722222222,26.05666666666667,49.38444444444444
legacy_three_workloads,mode,full mesh,latency_positive_commit,iqr_pct,mean,30,16.416712278827493,5000,17.13484612461965,11.669743909075928,22.555039174213118,8.764953284445967,27.21934831617424
legacy_three_workloads,mode,full mesh,latency_positive_commit,iqr_pct,median,30,8.471617576763034,5000,7.972400425504917,6.172337491049213,10.203263155237467,5.199875078076199,12.282258959281036
legacy_three_workloads,mode,full mesh,latency_positive_commit,sample_std_pct,mean,30,27.154364825520023,5000,25.33465830653106,21.324061118249542,29.207379223146404,17.355961376120185,32.5346300897541
legacy_three_workloads,mode,full mesh,latency_positive_commit,sample_std_pct,median,30,9.987197535845858,5000,10.353402961935696,8.404572559835627,11.338972243199107,7.038188012110495,12.111843916200785
legacy_three_workloads,mode,full mesh,latency_positive_commit,delta_min_pct,mean,30,-23.639293092941095,5000,-21.47059367585058,-23.1252552055361,-19.336205994391104,-23.874749104389167,-17.726237676240707
legacy_three_workloads,mode,full mesh,latency_positive_commit,delta_min_pct,median,30,-16.359854085298597,5000,-14.448525402516866,-16.460547257148914,-11.445849791851037,-17.326480988266077,-8.526671139494958
legacy_three_workloads,mode,full mesh,latency_positive_commit,delta_max_pct,mean,30,66.14224728827176,5000,50.172570730768925,38.69564606752258,61.54009195577619,27.90034512161414,70.85999410837304
legacy_three_workloads,mode,full mesh,latency_positive_commit,delta_max_pct,median,30,19.31754256424901,5000,16.40801725992373,12.473228295502167,19.63890291648393,9.632799700308945,22.458298055464653
legacy_three_workloads,mode,full mesh,latency_positive_commit,range_abs,mean,30,38.67714285714286,5000,32.16285714285715,24.56800892857143,36.77047321428572,18.876071428571432,38.08642857142858
legacy_three_workloads,mode,full mesh,latency_positive_commit,range_abs,median,30,19.170000000000005,5000,15.10500000000001,12.60975,18.535000000000004,10.099999999999996,19.170000000000005
legacy_three_workloads,mode,full mesh,latency_positive_commit,wcd_abs,mean,30,26.846201552415838,5000,21.90487705498867,16.191967286706348,25.375450892857145,12.326569586167798,26.635048894557826
legacy_three_workloads,mode,full mesh,latency_positive_commit,wcd_abs,median,30,11.333461538461538,5000,8.803888888888896,7.1216527777777845,10.963388888888893,5.903888888888889,12.210000000000004
legacy_three_workloads,mode,full mesh,latency_positive_commit,wcd_pct,mean,30,67.25346578421795,5000,51.49141261049993,39.99508184048849,62.78181729835432,29.343634278207926,72.08923119509497
legacy_three_workloads,mode,full mesh,latency_positive_commit,wcd_pct,median,30,21.063102249957424,5000,18.09536409186111,15.587686458458354,21.280761488246046,12.306203782625717,23.7851811341405
legacy_three_workloads,mode,hypercube,latency_positive_commit,mean,mean,30,61.99891105592626,5000,61.88504588660176,59.94332483579638,63.6626271072797,58.50580059523811,65.21066023535849
legacy_three_workloads,mode,hypercube,latency_positive_commit,mean,median,30,46.9525,5000,46.9525,30.342222222222226,57.336666666666645,27.45777777777778,60.53444444444445
legacy_three_workloads,mode,hypercube,latency_positive_commit,iqr_pct,mean,30,18.83295063797399,5000,18.263592420855876,14.347119726088208,21.835040313546575,11.225667445238141,25.28330626892712
legacy_three_workloads,mode,hypercube,latency_positive_commit,iqr_pct,median,30,12.287801830676047,5000,10.553567349425105,6.855307205726625,13.353767297296931,5.3380782918149405,16.88793335124967
legacy_three_workloads,mode,hypercube,latency_positive_commit,sample_std_pct,mean,30,26.04808609111015,5000,23.055451818080897,17.73905008045833,27.512599194484245,14.208948100696158,29.300290457053446
legacy_three_workloads,mode,hypercube,latency_positive_commit,sample_std_pct,median,30,12.446899719579324,5000,12.18359696445936,9.953200159676003,14.032832118123345,8.023295534400708,15.04701510058154
legacy_three_workloads,mode,hypercube,latency_positive_commit,delta_min_pct,mean,30,-26.055498824912014,5000,-23.11368554694692,-25.840447037159652,-19.32924774316813,-27.50051009729028,-16.964651924203768
legacy_three_workloads,mode,hypercube,latency_positive_commit,delta_min_pct,median,30,-15.800849668331233,5000,-14.601729785722512,-17.18157411364562,-12.254017282674706,-19.512981319037007,-9.653179190751445
legacy_three_workloads,mode,hypercube,latency_positive_commit,delta_max_pct,mean,30,56.61659405077471,5000,39.16587373269557,27.03953339567215,49.13914394699196,21.431348134360757,53.164294878505515
legacy_three_workloads,mode,hypercube,latency_positive_commit,delta_max_pct,median,30,24.698521444300727,5000,18.979299036687827,14.48919826706289,24.648454784262825,11.483253588516755,26.316905889839493
legacy_three_workloads,mode,hypercube,latency_positive_commit,range_abs,mean,30,33.4051724137931,5000,27.627413793103454,21.88460437192118,32.14001785714285,17.608275862068965,33.95285714285714
legacy_three_workloads,mode,hypercube,latency_positive_commit,range_abs,median,30,16.150000000000006,5000,15.009999999999998,11.869999999999997,17.545,9.649999999999999,17.615000000000002
legacy_three_workloads,mode,hypercube,latency_positive_commit,wcd_abs,mean,30,21.43624013770769,5000,17.091165603741494,12.963517479621158,20.441406923185934,10.051517651888345,22.095076247165537
legacy_three_workloads,mode,hypercube,latency_positive_commit,wcd_abs,median,30,8.902307692307701,5000,8.441111111111127,6.721083333333334,10.37391666666667,5.362222222222224,11.305555555555559
legacy_three_workloads,mode,hypercube,latency_positive_commit,wcd_pct,mean,30,58.38085845598111,5000,41.056209360211476,28.929137497261664,50.89706003799909,23.44335538309524,53.96418884071568
legacy_three_workloads,mode,hypercube,latency_positive_commit,wcd_pct,median,30,25.589836660617042,5000,21.282074364680035,17.249040597859018,25.685943436048966,13.282930874911353,26.782221842959416
legacy_three_workloads,mode,scale-free,latency_positive_commit,mean,mean,30,79.98355886396394,5000,79.96663137755102,75.98941448767008,83.90922028061223,72.83262797619048,86.93101870748299
legacy_three_workloads,mode,scale-free,latency_positive_commit,mean,median,30,84.54923076923077,5000,82.90555555555557,71.26919791666667,87.38115277777779,54.97833333333333,90.04166666666667
legacy_three_workloads,mode,scale-free,latency_positive_commit,iqr_pct,mean,30,25.91067704988041,5000,20.211160397225285,13.863875007602696,25.593819759729435,10.620879262726032,27.989104462103942
legacy_three_workloads,mode,scale-free,latency_positive_commit,iqr_pct,median,30,12.451112311313516,5000,11.107188413659877,8.275120362595802,13.47658892257332,5.609655683834756,17.663681716996017
legacy_three_workloads,mode,scale-free,latency_positive_commit,sample_std_pct,mean,30,27.42147661524239,5000,24.068726101412526,19.025274565142062,28.687582837541903,15.380205499804129,30.689760564178624
legacy_three_workloads,mode,scale-free,latency_positive_commit,sample_std_pct,median,30,12.442571127685994,5000,12.35273596327559,10.592584656033305,14.18784668126476,7.5778353808953485,15.08168564449911
legacy_three_workloads,mode,scale-free,latency_positive_commit,delta_min_pct,mean,30,-28.25500798834458,5000,-22.926759618510737,-26.281713632520297,-19.170876800814032,-28.087675401964894,-16.381377930257038
legacy_three_workloads,mode,scale-free,latency_positive_commit,delta_min_pct,median,30,-21.632391243352828,5000,-16.569205468642643,-20.510008472963932,-12.406052576584667,-23.27317983820784,-9.848031234728294
legacy_three_workloads,mode,scale-free,latency_positive_commit,delta_max_pct,mean,30,56.16926748452106,5000,38.70438384104282,28.514080801702036,49.09899418085393,22.322875131667153,57.142973858454994
legacy_three_workloads,mode,scale-free,latency_positive_commit,delta_max_pct,median,30,28.034690463122075,5000,19.822875087163034,14.002053769074106,26.294480107312406,10.734699299483458,29.818816852215686
legacy_three_workloads,mode,scale-free,latency_positive_commit,range_abs,mean,30,54.66821428571428,5000,42.16267857142857,33.99132142857143,49.32701785714285,27.208571428571425,53.492142857142845
legacy_three_workloads,mode,scale-free,latency_positive_commit,range_abs,median,30,26.48,5000,21.490000000000002,18.959375,26.07025,14.854999999999999,26.48
legacy_three_workloads,mode,scale-free,latency_positive_commit,wcd_abs,mean,30,35.58983949858621,5000,26.646935941043083,21.1285961061508,31.62078492850844,16.300594529478456,35.09700595238096
legacy_three_workloads,mode,scale-free,latency_positive_commit,wcd_abs,median,30,15.953461538461536,5000,12.476111111111111,10.669986111111113,15.423402777777772,9.257777777777779,17.317777777777774
legacy_three_workloads,mode,scale-free,latency_positive_commit,wcd_pct,mean,30,59.74117238128235,5000,41.07702626376671,30.947769404272652,51.561628640317636,24.39094700677192,59.755447174935874
legacy_three_workloads,mode,scale-free,latency_positive_commit,wcd_pct,median,30,30.300259711449492,5000,24.343872024582495,17.259331174261504,29.429625248177082,13.491227229957628,31.082495915745653
legacy_three_workloads,mode,torus,latency_positive_commit,mean,mean,30,67.16200342065342,5000,66.78524553571428,63.94551200282796,68.88980825066137,61.899645593869735,70.6534674329502
legacy_three_workloads,mode,torus,latency_positive_commit,mean,median,30,63.362307692307695,5000,62.53736111111111,45.89080277777778,64.20833333333334,36.28833333333333,78.73875
legacy_three_workloads,mode,torus,latency_positive_commit,iqr_pct,mean,30,19.9414060578456,5000,17.92776532654962,12.36691618442615,21.293469897962943,10.355055975159667,24.774390109058782
legacy_three_workloads,mode,torus,latency_positive_commit,iqr_pct,median,30,9.377806155437536,5000,8.608784694555125,6.753156064191966,10.739185139473172,5.5029515787536125,14.045649164600972
legacy_three_workloads,mode,torus,latency_positive_commit,sample_std_pct,mean,30,22.40481067973409,5000,20.27114331683321,14.324713336744779,23.74365895708901,10.97534532176207,24.920475463205513
legacy_three_workloads,mode,torus,latency_positive_commit,sample_std_pct,median,30,11.072440070902042,5000,9.745047751842513,7.920199459598343,12.418108295624352,6.721115921354745,13.710305345087217
legacy_three_workloads,mode,torus,latency_positive_commit,delta_min_pct,mean,30,-22.223049000004284,5000,-20.305426079582915,-22.52360388706138,-16.360852908915263,-23.775460009414054,-13.993401033432383
legacy_three_workloads,mode,torus,latency_positive_commit,delta_min_pct,median,30,-14.858063658416768,5000,-12.62962540717707,-15.405049194537412,-9.768792382133688,-16.660800563145926,-7.86337470049308
legacy_three_workloads,mode,torus,latency_positive_commit,delta_max_pct,mean,30,40.44695961305247,5000,29.91173798549621,20.93275802874369,38.016400022957555,15.981994496355174,43.17936499924109
legacy_three_workloads,mode,torus,latency_positive_commit,delta_max_pct,median,30,15.864101974343559,5000,13.587402754230679,10.578098580729426,17.37281461647502,9.356947502017888,21.240849513601987
legacy_three_workloads,mode,torus,latency_positive_commit,range_abs,mean,30,32.43666666666666,5000,28.44507471264368,23.332933333333337,31.96559482758621,18.697,34.25071428571428
legacy_three_workloads,mode,torus,latency_positive_commit,range_abs,median,30,15.350000000000001,5000,14.140000000000004,11.520000000000003,15.830000000000005,10.240000000000002,18.430000000000003
legacy_three_workloads,mode,torus,latency_positive_commit,wcd_abs,mean,30,21.44458546823547,5000,18.140505268199234,14.534513888888892,20.914541652494332,10.921915343915344,23.338988095238097
legacy_three_workloads,mode,torus,latency_positive_commit,wcd_abs,median,30,9.473461538461539,5000,8.278888888888881,6.594277777777778,9.976687500000006,5.490000000000001,11.693333333333335
legacy_three_workloads,mode,torus,latency_positive_commit,wcd_pct,mean,30,43.51165950051394,5000,32.615130658747006,23.794558816583496,40.92986608037222,18.36595216431332,46.224947280395085
legacy_three_workloads,mode,torus,latency_positive_commit,wcd_pct,median,30,21.923824210511007,5000,16.863275535166117,13.305412012464794,21.86423902110264,10.750291564079305,24.07213103957836
legacy_three_workloads,workload,GAFAM,latency_positive_commit,mean,mean,50,68.5914071925005,5000,68.46183837301588,66.32518143849207,70.60384116865079,64.53400907029479,71.81338968253968
legacy_three_workloads,workload,GAFAM,latency_positive_commit,mean,median,50,82.07204326923076,5000,80.06847222222223,65.46722222222222,85.54991666666666,58.98499999999999,88.78166666666667
legacy_three_workloads,workload,GAFAM,latency_positive_commit,iqr_pct,mean,50,27.91385146651849,5000,24.162895602195952,20.577260369019214,27.376374347141887,18.019782739264258,29.27986667396742
legacy_three_workloads,workload,GAFAM,latency_positive_commit,iqr_pct,median,50,14.617513059712731,5000,12.340801087380738,10.52327364273816,14.991202437824176,8.988743635327717,18.17538458949376
legacy_three_workloads,workload,GAFAM,latency_positive_commit,sample_std_pct,mean,50,23.769296401210287,5000,22.37275047428738,19.9993106434041,24.377037986774845,17.791241797954086,25.987946716191683
legacy_three_workloads,workload,GAFAM,latency_positive_commit,sample_std_pct,median,50,11.39874717785507,5000,11.738364555703555,10.404070597178313,12.955977930242948,9.308182851537733,13.98696643945451
legacy_three_workloads,workload,GAFAM,latency_positive_commit,delta_min_pct,mean,50,-28.879783815545274,5000,-25.31920189639839,-27.00490892555313,-23.25397483723766,-28.29214476603997,-21.251355206917584
legacy_three_workloads,workload,GAFAM,latency_positive_commit,delta_min_pct,median,50,-21.5449363825132,5000,-17.898883448745462,-20.46990866436883,-16.19165015962641,-23.26952999798103,-13.563338235128374
legacy_three_workloads,workload,GAFAM,latency_positive_commit,delta_max_pct,mean,50,39.05247532550891,5000,32.45219225255103,28.302305128918803,36.73772811637886,25.33754256767471,39.26283894184171
legacy_three_workloads,workload,GAFAM,latency_positive_commit,delta_max_pct,median,50,20.624988936231013,5000,18.362305230944415,16.18681404913607,20.877625268020797,14.030133927959692,22.403596564073595
legacy_three_workloads,workload,GAFAM,latency_positive_commit,range_abs,mean,50,44.257600000000004,5000,37.963734693877555,34.081435,40.95852163265305,31.102200000000003,42.5266
legacy_three_workloads,workload,GAFAM,latency_positive_commit,range_abs,median,50,29.119999999999994,5000,23.659999999999997,20.070000000000007,26.330000000000002,16.869999999999997,29.119999999999994
legacy_three_workloads,workload,GAFAM,latency_positive_commit,wcd_abs,mean,50,26.536787532774248,5000,22.87562488095238,20.369585515306124,24.820994135487524,18.127054502753477,26.089323333333333
legacy_three_workloads,workload,GAFAM,latency_positive_commit,wcd_abs,median,50,16.79,5000,13.983888888888888,11.758805555555558,15.885027777777783,9.903333333333336,16.871666666666666
legacy_three_workloads,workload,GAFAM,latency_positive_commit,wcd_pct,mean,50,41.85511809808816,5000,35.37408762856532,31.2821864174329,39.43792845829545,28.3845934731023,41.959945739141304
legacy_three_workloads,workload,GAFAM,latency_positive_commit,wcd_pct,median,50,27.05739452619805,5000,20.423329171786676,18.08855031987081,24.755795346687535,16.49318596415925,27.599472879820627
legacy_three_workloads,workload,PayPal,latency_positive_commit,mean,mean,50,47.74571089442151,5000,47.48315435030396,45.98218480876394,48.86099436383928,44.379529330572815,49.975132275132275
legacy_three_workloads,workload,PayPal,latency_positive_commit,mean,median,50,19.886153846153846,5000,18.741666666666667,15.381111111111112,20.777263888888886,13.315555555555555,22.756666666666668
legacy_three_workloads,workload,PayPal,latency_positive_commit,iqr_pct,mean,50,14.370848857284761,5000,13.954916029220385,9.765200271403371,18.288273932812103,7.20718603952108,21.081158643541695
legacy_three_workloads,workload,PayPal,latency_positive_commit,iqr_pct,median,50,6.10261244446626,5000,5.469104530204866,3.8738554999142707,7.560156476870015,2.4925534203160136,9.954146408903418
legacy_three_workloads,workload,PayPal,latency_positive_commit,sample_std_pct,mean,50,24.63030032112574,5000,22.810251962198265,19.23102846230945,26.11643754440829,16.505067847840305,28.590294054251434
legacy_three_workloads,workload,PayPal,latency_positive_commit,sample_std_pct,median,50,11.050116557881179,5000,10.26120192345126,8.187549479730382,12.539221781757503,6.964809989481489,13.906243743452817
legacy_three_workloads,workload,PayPal,latency_positive_commit,delta_min_pct,mean,50,-19.826440991298828,5000,-17.665979181620713,-19.492388073241123,-15.556420001420204,-20.533686916146856,-13.410746888152525
legacy_three_workloads,workload,PayPal,latency_positive_commit,delta_min_pct,median,50,-12.85899576374686,5000,-10.860959053336902,-12.960233971065174,-8.54405455476823,-14.178738453875452,-6.453522527129547
legacy_three_workloads,workload,PayPal,latency_positive_commit,delta_max_pct,mean,50,60.86140463870431,5000,45.3233500462008,35.84316602971348,54.52806646268587,28.02678175203249,61.43400762608974
legacy_three_workloads,workload,PayPal,latency_positive_commit,delta_max_pct,median,50,14.972964386371505,5000,12.530503156834646,9.675616583519599,16.683531247908725,7.22319847271034,20.49763033175355
legacy_three_workloads,workload,PayPal,latency_positive_commit,range_abs,mean,50,30.105000000000004,5000,24.29000905797102,19.56018085106383,28.129848958333326,15.555217391304351,30.408260869565222
legacy_three_workloads,workload,PayPal,latency_positive_commit,range_abs,median,50,6.58,5000,6.389999999999999,5.649625,7.140000000000001,4.715000000000001,7.5849999999999955
legacy_three_workloads,workload,PayPal,latency_positive_commit,wcd_abs,mean,50,22.262248284709543,5000,17.31055946232178,13.550430838886731,20.279896230466548,10.703332039337473,21.90067460317461
legacy_three_workloads,workload,PayPal,latency_positive_commit,wcd_abs,median,50,4.793321678321678,5000,4.539444444444444,3.3987760416666677,5.292486111111106,2.675714285714289,5.719999999999999
legacy_three_workloads,workload,PayPal,latency_positive_commit,wcd_pct,mean,50,62.496297676983204,5000,46.55385681864301,37.01773718766278,55.66865442847595,29.457020945510866,62.916012184634724
legacy_three_workloads,workload,PayPal,latency_positive_commit,wcd_pct,median,50,22.098234398672613,5000,15.995283581430456,12.161797058532915,21.51735053043884,8.848045199316422,23.92847751774914
legacy_three_workloads,workload,VISA,latency_positive_commit,mean,mean,50,89.58170171528855,5000,89.36933993271222,86.71948808201054,91.92337145876468,84.51537398589066,94.0469974120083
legacy_three_workloads,workload,VISA,latency_positive_commit,mean,median,50,117.33166666666666,5000,115.42,89.26818035714287,122.97161111111109,77.86444444444444,125.44444444444444
legacy_three_workloads,workload,VISA,latency_positive_commit,iqr_pct,mean,50,23.595654350120764,5000,20.959878136472685,16.36165889368914,24.743723727689797,12.967856185269994,27.534796245561697
legacy_three_workloads,workload,VISA,latency_positive_commit,iqr_pct,median,50,9.97514031497366,5000,9.810064620450161,7.383976747337683,11.66271589953491,5.5763408416578875,13.451194780001765
legacy_three_workloads,workload,VISA,latency_positive_commit,sample_std_pct,mean,50,30.313104197527224,5000,26.869054131309127,21.858654809937978,30.998329781182314,18.156102206351715,33.15386221235391
legacy_three_workloads,workload,VISA,latency_positive_commit,sample_std_pct,median,50,12.68768810328116,5000,12.155293718630123,10.458252930578427,14.632025698060588,8.6116957094416,15.406638832003887
legacy_three_workloads,workload,VISA,latency_positive_commit,delta_min_pct,mean,50,-27.93125776436931,5000,-24.056635354880395,-26.613717969645016,-20.76611037822391,-28.295455297824347,-17.674547163403695
legacy_three_workloads,workload,VISA,latency_positive_commit,delta_min_pct,median,50,-16.932820370352125,5000,-13.385295444365696,-17.06857419688837,-11.018926664439418,-19.027225664922423,-9.447640554151668
legacy_three_workloads,workload,VISA,latency_positive_commit,delta_max_pct,mean,50,64.93639281169088,5000,44.12557212249388,34.284130773355166,53.94627340971457,24.725937267132934,60.14367875589517
legacy_three_workloads,workload,VISA,latency_positive_commit,delta_max_pct,median,50,26.718757837542213,5000,21.55726292060422,14.292142862512069,25.688142412119618,10.603015102757295,28.114754098360663
legacy_three_workloads,workload,VISA,latency_positive_commit,range_abs,mean,50,49.47695652173912,5000,39.4806231884058,33.086001449275365,44.76451135265701,28.379347826086956,47.894222222222226
legacy_three_workloads,workload,VISA,latency_positive_commit,range_abs,median,50,25.925,5000,20.659999999999997,17.285000000000004,23.945000000000004,14.700000000000001,27.169999999999995
legacy_three_workloads,workload,VISA,latency_positive_commit,wcd_abs,mean,50,32.99129565973719,5000,25.365734489302973,20.98163789021164,29.123110566195074,17.3803952726018,31.40472248677248
legacy_three_workloads,workload,VISA,latency_positive_commit,wcd_abs,median,50,15.554038461538465,5000,12.36833333333334,10.22751388888889,14.816805555555565,8.538333333333318,16.502222222222244
legacy_three_workloads,workload,VISA,latency_positive_commit,wcd_pct,mean,50,66.89281571275279,5000,45.78877440710835,35.9295923597804,55.591272181252236,27.188451537797032,62.669296013935245
legacy_three_workloads,workload,VISA,latency_positive_commit,wcd_pct,median,50,30.495688116154533,5000,23.606776819959236,17.2502449799391,28.266447742260816,11.881924058464737,30.49312996416557
legacy_three_workloads,network_size,10 nodes,latency_positive_commit,mean,mean,75,68.70862409646998,5000,68.65707888888889,66.75962977498926,70.55055102910052,65.27686470899472,72.2622396296296
legacy_three_workloads,network_size,10 nodes,latency_positive_commit,mean,median,75,55.49769230769231,5000,54.54822222222222,47.6105625,65.03,44.36555555555556,77.39750000000001
legacy_three_workloads,network_size,10 nodes,latency_positive_commit,iqr_pct,mean,75,23.244497170006458,5000,20.40270686058046,16.69055839742996,23.917122256946815,14.20449168195643,26.678887671309738
legacy_three_workloads,network_size,10 nodes,latency_positive_commit,iqr_pct,median,75,11.995853549062769,5000,10.454951125716285,8.744504218683348,11.851333545660076,6.897858400156459,13.817584108554255
legacy_three_workloads,network_size,10 nodes,latency_positive_commit,sample_std_pct,mean,75,28.379072593804377,5000,26.103945155970976,22.918660363152306,28.704167793062968,20.888736484378228,30.713415316748012
legacy_three_workloads,network_size,10 nodes,latency_positive_commit,sample_std_pct,median,75,11.998598590622324,5000,11.732403291044006,10.779628208275286,13.011282753865133,9.382181170553258,13.94075026768929
legacy_three_workloads,network_size,10 nodes,latency_positive_commit,delta_min_pct,mean,75,-27.183914464587488,5000,-23.578950117534845,-25.276574533006276,-21.40031064643006,-26.362687905713486,-19.17119750083063
legacy_three_workloads,network_size,10 nodes,latency_positive_commit,delta_min_pct,median,75,-16.682312942430148,5000,-15.661799855354495,-16.875139197715704,-14.131499472302977,-17.838814600650537,-12.90233837689132
legacy_three_workloads,network_size,10 nodes,latency_positive_commit,delta_max_pct,mean,75,59.586072922776474,5000,45.39393393773221,38.58606381413763,52.050882649579265,33.95280054091744,58.48120793755679
legacy_three_workloads,network_size,10 nodes,latency_positive_commit,delta_max_pct,median,75,26.880715901268555,5000,21.2041967571355,17.310188978797495,24.933847041116614,13.81495102501547,27.075891302401022
legacy_three_workloads,network_size,10 nodes,latency_positive_commit,range_abs,mean,75,51.073466666666654,5000,41.8886,37.519505270270265,45.69923436936936,34.432933333333324,48.5344
legacy_three_workloads,network_size,10 nodes,latency_positive_commit,range_abs,median,75,24.180000000000007,5000,20.735,16.659625000000005,23.79,12.739999999999998,24.180000000000007
legacy_three_workloads,network_size,10 nodes,latency_positive_commit,wcd_abs,mean,75,33.97846675342087,5000,27.314436084656084,24.205211276455024,29.94469680687831,21.693347543972546,31.85271740740741
legacy_three_workloads,network_size,10 nodes,latency_positive_commit,wcd_abs,median,75,14.941538461538471,5000,12.006944444444452,9.605388888888887,14.5657738095238,7.081111111111113,16.332222222222242
legacy_three_workloads,network_size,10 nodes,latency_positive_commit,wcd_pct,mean,75,61.69525696104729,5000,47.39143774680322,40.588034632445996,54.07774731829396,36.31651386678394,60.31839002037516
legacy_three_workloads,network_size,10 nodes,latency_positive_commit,wcd_pct,median,75,29.81832769786235,5000,22.774178613139938,18.968413897446425,26.59184401298685,16.68413837593743,29.168996594069768
legacy_three_workloads,network_size,40 nodes,latency_positive_commit,mean,mean,75,67.95617324964176,5000,67.6866001243781,66.12614369893791,69.08572231280198,64.88824828239756,70.0415420751634
legacy_three_workloads,network_size,40 nodes,latency_positive_commit,mean,median,75,60.739999999999995,5000,58.68055555555556,52.576850694444445,63.2185,49.25,64.80722222222222
legacy_three_workloads,network_size,40 nodes,latency_positive_commit,iqr_pct,mean,75,20.689219287400924,5000,18.997828834411052,16.26584949443663,21.546445563783685,14.397086030366731,23.45224936961729
legacy_three_workloads,network_size,40 nodes,latency_positive_commit,iqr_pct,median,75,9.193385399938874,5000,8.160133506536003,6.560576035477636,10.235929264837434,5.954198473282447,11.691708007967591
legacy_three_workloads,network_size,40 nodes,latency_positive_commit,sample_std_pct,mean,75,23.592695139177206,5000,21.444961384926696,18.56678328831209,24.171316920494085,16.546516958830424,25.834367837155547
legacy_three_workloads,network_size,40 nodes,latency_positive_commit,sample_std_pct,median,75,10.728216190323089,5000,10.893865990551706,9.088019906839198,12.52429781374326,7.781969569788268,14.05837472391434
legacy_three_workloads,network_size,40 nodes,latency_positive_commit,delta_min_pct,mean,75,-23.79279174893528,5000,-21.02055532277968,-22.68915762014395,-19.153519743401308,-24.760797749672694,-17.295507999189482
legacy_three_workloads,network_size,40 nodes,latency_positive_commit,delta_min_pct,median,75,-17.140124197197203,5000,-11.749532143037783,-16.004518212648918,-9.945219891845374,-17.619519223611974,-8.543889200823504
legacy_three_workloads,network_size,40 nodes,latency_positive_commit,delta_max_pct,mean,75,49.16072158062023,5000,34.94265511865035,28.41904020336343,41.54326415684679,24.159851305612815,46.11523837956601
legacy_three_workloads,network_size,40 nodes,latency_positive_commit,delta_max_pct,median,75,16.33979275218079,5000,13.993651240277046,11.110028927019378,16.381897939070353,8.850641034662296,19.280280866003526
legacy_three_workloads,network_size,40 nodes,latency_positive_commit,range_abs,mean,75,30.483333333333338,5000,24.96780661907852,21.711655138339914,27.971952898550725,18.439705882352946,30.22681818181819
legacy_three_workloads,network_size,40 nodes,latency_positive_commit,range_abs,median,75,19.61,5000,16.310000000000002,14.744874999999999,19.080000000000002,13.659999999999998,19.61
legacy_three_workloads,network_size,40 nodes,latency_positive_commit,wcd_abs,mean,75,19.777418668784282,5000,15.680971883840604,13.27696911092335,17.95119951444593,11.117523284313723,19.15771043771044
legacy_three_workloads,network_size,40 nodes,latency_positive_commit,wcd_abs,median,75,11.179999999999993,5000,9.57111111111111,8.474388888888889,10.887875000000001,7.6422222222222445,12.16722222222223
legacy_three_workloads,network_size,40 nodes,latency_positive_commit,wcd_pct,mean,75,51.34062962474903,5000,36.82524404095331,30.350071692571643,43.38542258427299,26.395311105474594,48.09862610916004
legacy_three_workloads,network_size,40 nodes,latency_positive_commit,wcd_pct,median,75,19.276836158192086,5000,17.036222021933483,13.961275888718344,20.15680427716136,10.492946162282902,22.68208718523961
six_workloads,blockchain,Algorand,energy_observed,mean,mean,60,16.70911940179835,5000,16.707390407234904,16.58621732144292,16.82535760873887,16.483659843290003,16.917639019878802
six_workloads,blockchain,Algorand,energy_observed,mean,median,60,18.013986266149153,5000,17.896753363700526,17.284182976736634,18.39304383002907,16.724945040168468,18.756227274991332
six_workloads,blockchain,Algorand,energy_observed,iqr_pct,mean,60,17.67080605586839,5000,16.998575264145536,15.840766154223017,18.194365940193915,14.653233461127789,19.143464704105668
six_workloads,blockchain,Algorand,energy_observed,iqr_pct,median,60,16.94697747483548,5000,16.104425050392553,14.623634222603883,17.722365180974858,13.455000511531168,19.24487043752076
six_workloads,blockchain,Algorand,energy_observed,sample_std_pct,mean,60,14.779517951033476,5000,14.6457723302562,14.110693507963537,15.1630259569891,13.5888226235993,15.646891140255024
six_workloads,blockchain,Algorand,energy_observed,sample_std_pct,median,60,14.670471432589872,5000,14.329806392542505,13.539561485273548,15.139975480960878,12.902004973970556,15.745178458946622
six_workloads,blockchain,Algorand,energy_observed,delta_min_pct,mean,60,-25.050829944510262,5000,-22.31861450356434,-23.327839144147653,-21.172160639614766,-23.964696185782763,-19.935651027534544
six_workloads,blockchain,Algorand,energy_observed,delta_min_pct,median,60,-25.923958077351898,5000,-22.806046393666254,-24.446814309888858,-20.717201825515744,-25.544825768090828,-18.420394639957564
six_workloads,blockchain,Algorand,energy_observed,delta_max_pct,mean,60,25.5796093969836,5000,22.92271255254146,21.74499314315473,24.014972177699644,20.706826797593923,24.86233567094745
six_workloads,blockchain,Algorand,energy_observed,delta_max_pct,median,60,25.122036152943828,5000,22.33214025223176,20.600062876643236,24.01469382084517,19.33878562721349,25.209449453098784
six_workloads,blockchain,Algorand,energy_observed,range_abs,mean,60,8.26148852257221,5000,7.38348822938622,7.056585624498749,7.673460703653364,6.668303536368697,7.8462249506537916
six_workloads,blockchain,Algorand,energy_observed,range_abs,median,60,7.7465774721787195,5000,6.775388642282182,6.384948972169532,7.29602527269526,5.839350153078758,7.726112711093742
six_workloads,blockchain,Algorand,energy_observed,wcd_abs,mean,60,4.658516703010453,5000,4.215166737895808,3.9959038061782346,4.407665840878747,3.7821134395093505,4.525844358595348
six_workloads,blockchain,Algorand,energy_observed,wcd_abs,median,60,4.214796612490085,5000,3.8431346563607516,3.501699080808663,4.192019455067502,3.2455443286688155,4.5722052568456695
six_workloads,blockchain,Algorand,energy_observed,wcd_pct,mean,60,28.273332127106627,5000,25.6650378861018,24.49556144273211,26.752536119069994,23.448819144927118,27.547692919864406
six_workloads,blockchain,Algorand,energy_observed,wcd_pct,median,60,28.41386474865128,5000,25.608654312110076,24.132330505556084,26.900178455916755,22.510627621580895,27.877600146783784
six_workloads,blockchain,Diem,energy_observed,mean,mean,60,16.70648596681217,5000,16.70553092666471,16.59035024308972,16.822486849374666,16.463891496762315,16.924846968671726
six_workloads,blockchain,Diem,energy_observed,mean,median,60,17.693439561406976,5000,17.714719819542246,17.26941778110614,18.19675127659734,16.757573704642773,18.61081936276544
six_workloads,blockchain,Diem,energy_observed,iqr_pct,mean,60,17.173342488375443,5000,16.50321556661688,15.281556473545129,17.774338799348392,14.166402627642409,18.79251421627743
six_workloads,blockchain,Diem,energy_observed,iqr_pct,median,60,17.181064393201535,5000,14.855455024820763,13.687669773506531,16.5707827813357,11.883236486446103,18.205155073982304
six_workloads,blockchain,Diem,energy_observed,sample_std_pct,mean,60,13.83633043174759,5000,13.733589090110712,13.214857591991862,14.220077131099302,12.828978540584142,14.600860398481064
six_workloads,blockchain,Diem,energy_observed,sample_std_pct,median,60,13.602587765682642,5000,12.98366683663216,12.264489738048642,13.985967774617334,11.575571560043386,14.883493149622183
six_workloads,blockchain,Diem,energy_observed,delta_min_pct,mean,60,-23.338242224662807,5000,-21.04799007129779,-21.948383454758464,-20.03380717343313,-22.495929110923704,-19.008209120060123
six_workloads,blockchain,Diem,energy_observed,delta_min_pct,median,60,-22.599056132776855,5000,-19.873449094283835,-21.568015671682744,-18.553426328341434,-22.78494679543645,-16.982519540336696
six_workloads,blockchain,Diem,energy_observed,delta_max_pct,mean,60,23.2164034723645,5000,20.758442622347204,19.675456666280223,21.823574330388624,18.91112601367358,22.622407274555663
six_workloads,blockchain,Diem,energy_observed,delta_max_pct,median,60,23.151756149985342,5000,19.909125177218968,18.509808410154502,21.01009169799862,17.227194116445673,22.18182526220109
six_workloads,blockchain,Diem,energy_observed,range_abs,mean,60,7.645720054162251,5000,6.847256377559045,6.5607016913287906,7.100840300428234,6.3525598291792615,7.291490458912748
six_workloads,blockchain,Diem,energy_observed,range_abs,median,60,7.5301806144657615,5000,6.6451730255429435,6.041646965056557,7.131867754328794,5.89979578668871,7.417103622148586
six_workloads,blockchain,Diem,energy_observed,wcd_abs,mean,60,4.3020674451384435,5000,3.905592050767509,3.721651170937864,4.066245884141972,3.588975887450388,4.201353510879841
six_workloads,blockchain,Diem,energy_observed,wcd_abs,median,60,4.056128276045624,5000,3.742969236932141,3.433837897458319,4.00828819852337,3.1757887452611886,4.248214375494274
six_workloads,blockchain,Diem,energy_observed,wcd_pct,mean,60,26.09315361471859,5000,23.737289910566417,22.68464622813306,24.704969146059096,21.90748911900329,25.37802616746797
six_workloads,blockchain,Diem,energy_observed,wcd_pct,median,60,25.19120236670615,5000,22.6399749590026,21.111916280449602,24.20843893265806,19.770803283876656,25.415659036806794
six_workloads,blockchain,Ethereum,energy_observed,mean,mean,60,16.637324833943264,5000,16.63681785962337,16.513903850312087,16.757964985937125,16.40818808789189,16.88816637698691
six_workloads,blockchain,Ethereum,energy_observed,mean,median,60,17.684050241628142,5000,17.57419069832959,17.148327320483848,18.01080394018718,16.819051907885058,18.323543396197387
six_workloads,blockchain,Ethereum,energy_observed,iqr_pct,mean,60,18.317505920107557,5000,17.52712223632254,16.340541851862604,18.71456174875807,15.316871747028292,19.736530267778832
six_workloads,blockchain,Ethereum,energy_observed,iqr_pct,median,60,17.785655646938213,5000,16.73453635253801,15.026700639646597,18.227526731494898,13.717438576821497,19.741765264531658
six_workloads,blockchain,Ethereum,energy_observed,sample_std_pct,mean,60,14.244920504905451,5000,14.133100290396172,13.631196207642853,14.61188106018139,13.186088319433262,14.929010843976101
six_workloads,blockchain,Ethereum,energy_observed,sample_std_pct,median,60,14.03550082514009,5000,13.820675850417645,13.092309278035318,14.449734771299203,12.133965543382352,15.253279737755285
six_workloads,blockchain,Ethereum,energy_observed,delta_min_pct,mean,60,-23.507274517615357,5000,-21.300698601624802,-22.17046293031867,-20.313336502189966,-22.87588037646619,-19.294657296614105
six_workloads,blockchain,Ethereum,energy_observed,delta_min_pct,median,60,-23.161304788799985,5000,-20.833636323589058,-22.14605198212113,-19.262702765309296,-22.884099116561906,-18.001020848728714
six_workloads,blockchain,Ethereum,energy_observed,delta_max_pct,mean,60,23.8274408261672,5000,21.31505121080126,20.230851715580005,22.34863003443433,18.994068172995608,23.1190612174806
six_workloads,blockchain,Ethereum,energy_observed,delta_max_pct,median,60,23.836415458824675,5000,20.33709008259172,18.672756629912417,22.01597496096724,17.56095271531666,23.396139499609006
six_workloads,blockchain,Ethereum,energy_observed,range_abs,mean,60,7.961112706751669,5000,7.129716644208745,6.8221064522212815,7.401733656422821,6.574154739964877,7.558102345566937
six_workloads,blockchain,Ethereum,energy_observed,range_abs,median,60,7.612668805326987,5000,6.493860838480686,5.905254856572579,6.83980825612025,5.49090081998167,7.612668805326987
six_workloads,blockchain,Ethereum,energy_observed,wcd_abs,mean,60,4.481617028485137,5000,4.070614803177593,3.8739694991862037,4.241263141813526,3.7099171828707838,4.375913035014923
six_workloads,blockchain,Ethereum,energy_observed,wcd_abs,median,60,4.062141537264171,5000,3.5593754512082647,3.2749597830544093,3.9339598700258187,3.023327847431371,4.194555630916923
six_workloads,blockchain,Ethereum,energy_observed,wcd_pct,mean,60,26.647959296956852,5000,24.281912416513656,23.21384564671009,25.23872740998541,22.25572337096178,26.057475492995696
six_workloads,blockchain,Ethereum,energy_observed,wcd_pct,median,60,25.726629732838035,5000,23.644490663667042,22.415922975116988,24.973420661832687,21.276633349738205,26.19123169507548
six_workloads,blockchain,Quorum,energy_observed,mean,mean,60,16.72488943875342,5000,16.725599178611247,16.602796351408383,16.84571727078385,16.528853931146966,17.012889645726215
six_workloads,blockchain,Quorum,energy_observed,mean,median,60,17.686761044528183,5000,17.563769957508764,17.053700951899874,17.98894863738754,16.664280451149466,18.24411224350535
six_workloads,blockchain,Quorum,energy_observed,iqr_pct,mean,60,17.341094314193704,5000,16.486749993546916,15.248156042401096,17.828135310931753,14.094533420978431,18.729913437784397
six_workloads,blockchain,Quorum,energy_observed,iqr_pct,median,60,17.730695327470986,5000,16.009936882815133,13.893633241557328,17.807050047833787,12.631415272897412,18.909072885775064
six_workloads,blockchain,Quorum,energy_observed,sample_std_pct,mean,60,14.315472912454046,5000,14.18028072042742,13.628193912882844,14.697486525721462,13.23244625648448,15.145344902635655
six_workloads,blockchain,Quorum,energy_observed,sample_std_pct,median,60,13.814757548782595,5000,13.84811017290808,13.137871933733829,14.537691779091853,12.336215414858014,15.211952401652578
six_workloads,blockchain,Quorum,energy_observed,delta_min_pct,mean,60,-24.848933565646213,5000,-21.932212644788493,-22.999378001573135,-20.799239537924052,-24.02336645920729,-19.759762696624318
six_workloads,blockchain,Quorum,energy_observed,delta_min_pct,median,60,-23.3679836006718,5000,-20.857234869492423,-22.41191922400005,-19.299929588104856,-24.216867491094284,-18.33983389922892
six_workloads,blockchain,Quorum,energy_observed,delta_max_pct,mean,60,23.794821978555344,5000,21.401889663649943,20.35160267594551,22.406337890924537,19.414518238885595,23.38052748796046
six_workloads,blockchain,Quorum,energy_observed,delta_max_pct,median,60,22.25865685972743,5000,20.504242826297688,18.92814100753022,22.11400645209042,17.806849064743332,23.98249915668775
six_workloads,blockchain,Quorum,energy_observed,range_abs,mean,60,7.932446931791123,5000,7.056237233247157,6.76116070863403,7.3251982759732375,6.544545200567502,7.531620313618336
six_workloads,blockchain,Quorum,energy_observed,range_abs,median,60,7.860185663765593,5000,6.784212088913776,6.395377508851108,7.277652245933451,5.75948531533475,7.794978329702625
six_workloads,blockchain,Quorum,energy_observed,wcd_abs,mean,60,4.527994068044108,5000,4.0493958248311985,3.8614136448920964,4.227427063802506,3.70935420654749,4.360600459046927
six_workloads,blockchain,Quorum,energy_observed,wcd_abs,median,60,4.314789283405309,5000,3.9192363138948982,3.5978491667785892,4.200402003664171,3.3056882457264707,4.47811898074395
six_workloads,blockchain,Quorum,energy_observed,wcd_pct,mean,60,27.754945294920446,5000,24.86169389926449,23.731510447003664,25.950895296239036,22.83680636832907,26.715243818188753
six_workloads,blockchain,Quorum,energy_observed,wcd_pct,median,60,27.855361170078787,5000,24.24467644849834,22.70545057976872,25.90269851543142,20.540783052812806,27.225801208047976
six_workloads,blockchain,Solana,energy_observed,mean,mean,60,16.68480425122678,5000,16.6853984220411,16.567999389757947,16.80209988577951,16.45236335930258,16.950472924524043
six_workloads,blockchain,Solana,energy_observed,mean,median,60,17.800176546170572,5000,17.626519344187198,17.094324234228075,18.133395043953993,16.599687537329267,18.578441077651675
six_workloads,blockchain,Solana,energy_observed,iqr_pct,mean,60,17.247540616397433,5000,16.131011665397466,14.976993300823276,17.340825344115554,13.565108994588773,18.326652110891498
six_workloads,blockchain,Solana,energy_observed,iqr_pct,median,60,17.54508933621517,5000,15.531837620680998,14.26027960889296,17.1059727991288,12.76636023251321,18.292623417226995
six_workloads,blockchain,Solana,energy_observed,sample_std_pct,mean,60,13.307516303665501,5000,13.17174734287981,12.627401513671318,13.672821447604862,12.11518377921064,14.012885481555193
six_workloads,blockchain,Solana,energy_observed,sample_std_pct,median,60,14.07979334224449,5000,13.303083585338054,12.42717123941548,14.060904931626343,11.637289479668972,14.830936231363335
six_workloads,blockchain,Solana,energy_observed,delta_min_pct,mean,60,-22.603064968719238,5000,-19.786036754347748,-20.820107017422067,-18.655288594651484,-21.536645280630417,-17.36417981789738
six_workloads,blockchain,Solana,energy_observed,delta_min_pct,median,60,-22.614895088711506,5000,-19.455834846557295,-21.002777220690795,-17.837173422115523,-22.212171019290878,-16.166885889332363
six_workloads,blockchain,Solana,energy_observed,delta_max_pct,mean,60,23.00412596058352,5000,20.081587848138643,18.918163446210603,21.170913009812242,18.113083886656455,21.968004677439986
six_workloads,blockchain,Solana,energy_observed,delta_max_pct,median,60,22.57709774052307,5000,19.394453796847927,17.630478152667294,21.137124915444065,16.269914150251218,22.4114162489049
six_workloads,blockchain,Solana,energy_observed,range_abs,mean,60,7.436709964437734,5000,6.492461828636817,6.193369319954647,6.776121423923996,5.929530409977445,6.931445623427041
six_workloads,blockchain,Solana,energy_observed,range_abs,median,60,7.073204065785262,5000,6.041548307855364,5.568466008006167,6.598997863389187,5.091171579410416,7.025882313285938
six_workloads,blockchain,Solana,energy_observed,wcd_abs,mean,60,4.2445902185978435,5000,3.741166442627499,3.545020049157092,3.927357178021842,3.3876067737734368,4.062917086210852
six_workloads,blockchain,Solana,energy_observed,wcd_abs,median,60,4.050389257072023,5000,3.5513651979282876,3.2361598157774814,3.830060742469628,3.0338245422802945,4.016884450738264
six_workloads,blockchain,Solana,energy_observed,wcd_pct,mean,60,26.19282084068647,5000,23.042821020259453,21.81398755833613,24.168039971258708,20.745788155732146,24.994859061787125
six_workloads,blockchain,Solana,energy_observed,wcd_pct,median,60,25.447237420468365,5000,22.811529294411162,21.293731521721103,24.241854789595298,19.822333253947033,25.612115296563637
six_workloads,mode,fat-tree,energy_observed,mean,mean,60,16.683639944259077,5000,16.683272591920158,16.555634020786528,16.816520135735068,16.46285405667783,16.930133372047646
six_workloads,mode,fat-tree,energy_observed,mean,median,60,17.99334648077258,5000,17.780698020497297,17.194152126315533,18.322315038313658,16.588602092866203,18.798729628512916
six_workloads,mode,fat-tree,energy_observed,iqr_pct,mean,60,18.785576838895455,5000,17.91711604200065,16.604697466981943,19.220136064831628,15.618431575265511,20.26940350991037
six_workloads,mode,fat-tree,energy_observed,iqr_pct,median,60,18.089620331636237,5000,16.852503012078166,15.120200597294845,18.514437882475537,13.423072161656815,20.130890264881803
six_workloads,mode,fat-tree,energy_observed,sample_std_pct,mean,60,14.669085379485116,5000,14.54341154231801,13.982229177879566,15.067000088306763,13.603179652464608,15.537356434135024
six_workloads,mode,fat-tree,energy_observed,sample_std_pct,median,60,14.866760618634707,5000,14.330716447460913,13.558404402465676,15.187526688534048,12.860197465327772,15.950827000141935
six_workloads,mode,fat-tree,energy_observed,delta_min_pct,mean,60,-25.13914529077726,5000,-22.286684906276534,-23.355133719680556,-21.13862647191337,-24.08262405879466,-19.846172005669647
six_workloads,mode,fat-tree,energy_observed,delta_min_pct,median,60,-25.354345140322657,5000,-22.302016297899797,-23.666084095847353,-20.67917931978196,-24.7284012106108,-19.448956479648785
six_workloads,mode,fat-tree,energy_observed,delta_max_pct,mean,60,24.29863455645223,5000,21.6237251087571,20.51729766253881,22.69074345539194,19.754714334933357,23.432047097311475
six_workloads,mode,fat-tree,energy_observed,delta_max_pct,median,60,24.833373746796923,5000,21.410498157686515,19.56529580331652,23.210353607849093,18.00566309372961,24.945481429517947
six_workloads,mode,fat-tree,energy_observed,range_abs,mean,60,8.120343919850884,5000,7.223108937437195,6.929538919603094,7.50031449696631,6.696567853500811,7.686057214701398
six_workloads,mode,fat-tree,energy_observed,range_abs,median,60,7.963865018184908,5000,6.699786769669265,6.128985191406287,7.298787693590263,5.687287415449784,7.963865018184908
six_workloads,mode,fat-tree,energy_observed,wcd_abs,mean,60,4.5906570762179495,5000,4.127126870595694,3.937942383255373,4.317489708909144,3.8019193987656803,4.458812941368676
six_workloads,mode,fat-tree,energy_observed,wcd_abs,median,60,4.390755568421759,5000,3.833150209024449,3.436122929670589,4.187235701691936,3.1551854292541757,4.536176562204764
six_workloads,mode,fat-tree,energy_observed,wcd_pct,mean,60,27.94728066751815,5000,25.091838682078546,23.95536418457894,26.22679270292944,22.934260961269786,27.12289591991545
six_workloads,mode,fat-tree,energy_observed,wcd_pct,median,60,28.05423952637523,5000,24.918422454435614,23.40013248496124,26.268508362015158,22.153185163672184,27.229443865687486
six_workloads,mode,full mesh,energy_observed,mean,mean,60,16.72503830513937,5000,16.724568863118407,16.611965931989044,16.838285591601252,16.528940309714812,16.929283423063186
six_workloads,mode,full mesh,energy_observed,mean,median,60,17.816180983561303,5000,17.757222066291753,17.374980630660296,18.197663457683163,17.130620300861796,18.52548391197594
six_workloads,mode,full mesh,energy_observed,iqr_pct,mean,60,17.1656577007617,5000,16.197072360449447,15.062723948325402,17.370842448472104,14.04563198915133,18.75011892781006
six_workloads,mode,full mesh,energy_observed,iqr_pct,median,60,16.992168740667665,5000,15.52801113527507,14.068665072592918,17.231304775509336,12.786097288202244,18.655063233361098
six_workloads,mode,full mesh,energy_observed,sample_std_pct,mean,60,13.736481891113938,5000,13.610302980692168,13.112693814079108,14.103618610495325,12.554821210813875,14.523610791162822
six_workloads,mode,full mesh,energy_observed,sample_std_pct,median,60,13.524252489364844,5000,13.35738127732197,12.640069571318099,14.054641378807057,12.129038352511717,14.6163564825805
six_workloads,mode,full mesh,energy_observed,delta_min_pct,mean,60,-22.35104017685125,5000,-20.245187238260854,-21.08009251423543,-19.305631258153884,-21.86111323878042,-18.473273525928978
six_workloads,mode,full mesh,energy_observed,delta_min_pct,median,60,-21.891363999613592,5000,-19.808002413994807,-21.05712426458863,-18.55967813838162,-21.84475889422588,-17.098121388104484
six_workloads,mode,full mesh,energy_observed,delta_max_pct,mean,60,24.02585762453417,5000,21.337101205980456,20.138039217148204,22.466842034615965,19.298262210950043,23.129730753476963
six_workloads,mode,full mesh,energy_observed,delta_max_pct,median,60,23.52051964291075,5000,20.388975474612188,18.96118500488095,21.9594238316975,17.56897986158299,23.446807965812972
six_workloads,mode,full mesh,energy_observed,range_abs,mean,60,7.632111671867418,5000,6.835975524954349,6.5360299615603275,7.0966361790914645,6.341195887245639,7.312838876685047
six_workloads,mode,full mesh,energy_observed,range_abs,median,60,7.073518343816687,5000,6.323693130559358,5.8837993228812175,6.864318354970168,5.512950409249615,7.073518343816687
six_workloads,mode,full mesh,energy_observed,wcd_abs,mean,60,4.272155783292972,5000,3.8873910696150658,3.6868339903918175,4.0545028297634556,3.5561465818173867,4.163358071385684
six_workloads,mode,full mesh,energy_observed,wcd_abs,median,60,3.8025896638646755,5000,3.618756957806409,3.372083952353733,3.8480576079006523,3.138481466368707,3.996255621714649
six_workloads,mode,full mesh,energy_observed,wcd_pct,mean,60,26.099771651926996,5000,23.692331637307205,22.600454597657816,24.706998335048336,21.79614764304371,25.309202520854733
six_workloads,mode,full mesh,energy_observed,wcd_pct,median,60,24.915479345930763,5000,22.817179694511317,21.57266426080458,24.028568731234945,20.198665889454603,25.493239133132782
six_workloads,mode,hypercube,energy_observed,mean,mean,60,16.629297046235383,5000,16.62746264957339,16.515947080066926,16.744799004153997,16.41834490171508,16.851857595502416
six_workloads,mode,hypercube,energy_observed,mean,median,60,17.668178298438185,5000,17.40757371527779,16.94627334706003,17.834038541423087,16.586342536040526,18.187229551047416
six_workloads,mode,hypercube,energy_observed,iqr_pct,mean,60,17.4503260536336,5000,16.94519943841503,15.770408987394914,18.171562647855577,14.813929614457356,19.308100327598382
six_workloads,mode,hypercube,energy_observed,iqr_pct,median,60,17.52109177383967,5000,16.129761426938764,14.414586968820423,18.00455301219889,13.266355238151789,19.354922274445347
six_workloads,mode,hypercube,energy_observed,sample_std_pct,mean,60,14.294545091634658,5000,14.179913416587123,13.671061677693135,14.677986863860786,13.265510070015806,15.061535831413948
six_workloads,mode,hypercube,energy_observed,sample_std_pct,median,60,13.98197163494356,5000,13.774031927679726,12.99725406216617,14.525705651408893,12.300621685826865,15.155482033999437
six_workloads,mode,hypercube,energy_observed,delta_min_pct,mean,60,-23.981103526356307,5000,-21.646890533430206,-22.585798961590825,-20.620200379285716,-23.400475905160533,-19.45873466655221
six_workloads,mode,hypercube,energy_observed,delta_min_pct,median,60,-23.81872074434706,5000,-20.411859377579816,-22.339769393307723,-18.739298834497326,-24.323248723812924,-17.47050614544068
six_workloads,mode,hypercube,energy_observed,delta_max_pct,mean,60,23.780895692628594,5000,21.395116000318737,20.320254896885615,22.412559779298302,19.090827391206567,23.427204699604808
six_workloads,mode,hypercube,energy_observed,delta_max_pct,median,60,22.716030537119046,5000,20.475601381261086,18.777501214205028,22.275540960274622,17.24676122087751,23.526629332923157
six_workloads,mode,hypercube,energy_observed,range_abs,mean,60,7.857530856777373,5000,7.048340934371269,6.753890805740203,7.32751252625032,6.500719232645474,7.538176656031922
six_workloads,mode,hypercube,energy_observed,range_abs,median,60,7.357099944460092,5000,6.4781756577704535,6.034296300080041,6.930249395710932,5.648243108157827,7.357099944460092
six_workloads,mode,hypercube,energy_observed,wcd_abs,mean,60,4.489607164422767,5000,4.061405656165378,3.8663339777331855,4.240515796776894,3.673145350134298,4.368193610361282
six_workloads,mode,hypercube,energy_observed,wcd_abs,median,60,4.062141537264171,5000,3.6411952374333323,3.3296130875504355,3.955516265619691,3.0631128595525956,4.184771624451315
six_workloads,mode,hypercube,energy_observed,wcd_pct,mean,60,27.133914443225244,5000,24.65089828403536,23.566984213596626,25.644475410223855,22.713947644546572,26.485404524775245
six_workloads,mode,hypercube,energy_observed,wcd_pct,median,60,26.599123448035947,5000,24.16147106715993,22.625060055018164,25.765893744452082,21.239155587062704,26.97021538731913
six_workloads,mode,scale-free,energy_observed,mean,mean,60,16.74045238676272,5000,16.74020992183234,16.619417818668122,16.863218605875847,16.512503272598863,16.94340381189234
six_workloads,mode,scale-free,energy_observed,mean,median,60,17.69000682527712,5000,17.618714934539213,17.10230769642928,18.09434329920117,16.618711349153283,18.401382339064455
six_workloads,mode,scale-free,energy_observed,iqr_pct,mean,60,17.271629476212034,5000,16.018652902186588,14.785463900543478,17.272612466193358,13.373383381239398,18.67097976333629
six_workloads,mode,scale-free,energy_observed,iqr_pct,median,60,17.743778999161293,5000,15.347755100569213,13.755771504663274,16.953890511358406,12.187848125280006,18.41201880895491
six_workloads,mode,scale-free,energy_observed,sample_std_pct,mean,60,13.702291582202992,5000,13.556380941929778,13.003161137022671,14.093974553221113,12.348872972987618,14.669268118817866
six_workloads,mode,scale-free,energy_observed,sample_std_pct,median,60,13.434263881751233,5000,13.473394826904372,12.654067577268012,14.257432165944028,11.844190269247477,14.859366409555893
six_workloads,mode,scale-free,energy_observed,delta_min_pct,mean,60,-23.92533590976548,5000,-20.72506210655849,-21.830724313829492,-19.55752376075404,-22.848912196708856,-18.436585253329547
six_workloads,mode,scale-free,energy_observed,delta_min_pct,median,60,-24.51801853256962,5000,-20.278239766018352,-22.076026221246753,-18.43661343932011,-23.394625124618827,-17.235829365893316
six_workloads,mode,scale-free,energy_observed,delta_max_pct,mean,60,23.880086572063927,5000,20.885537889091324,19.744316922227334,21.981369742502228,19.137450345598186,23.09273472138769
six_workloads,mode,scale-free,energy_observed,delta_max_pct,median,60,23.052221448754654,5000,20.000356391195282,18.543356874641958,21.5409071294936,17.17973232426312,22.757748845503805
six_workloads,mode,scale-free,energy_observed,range_abs,mean,60,7.821272441025957,5000,6.800091732369879,6.490287970640841,7.0968567337897674,6.1848558883330815,7.327783897742846
six_workloads,mode,scale-free,energy_observed,range_abs,median,60,7.787528366412005,5000,6.69924558394842,6.042325581069638,7.32870288631607,5.580319704108413,7.730154812590437
six_workloads,mode,scale-free,energy_observed,wcd_abs,mean,60,4.385059221988959,5000,3.882641451598112,3.6899907863121966,4.069175754202286,3.5055546945220573,4.2401887940059835
six_workloads,mode,scale-free,energy_observed,wcd_abs,median,60,4.375668667961567,5000,3.828584057441274,3.4655539074787054,4.144792544556082,3.1741858250278217,4.4100194052453165
six_workloads,mode,scale-free,energy_observed,wcd_pct,mean,60,26.67255292986889,5000,23.64905527195237,22.511889753796577,24.750532095946685,21.596999927582836,25.63768663313069
six_workloads,mode,scale-free,energy_observed,wcd_pct,median,60,25.721980390918443,5000,23.37684859296038,21.672819294805826,24.903398553017908,19.661514599930292,26.426338768990007
six_workloads,mode,torus,energy_observed,mean,mean,60,16.684196210137436,5000,16.683459378443256,16.566923849123963,16.796471120077474,16.467466500501246,16.905714725545224
six_workloads,mode,torus,energy_observed,mean,median,60,17.746936116096002,5000,17.725968638717703,17.282997479005683,18.166040354385622,16.852271414891376,18.488193718262465
six_workloads,mode,torus,energy_observed,iqr_pct,mean,60,17.077099325439715,5000,16.60833326451974,15.269761924866598,17.984832516577274,13.831376450183535,19.297869987514296
six_workloads,mode,torus,energy_observed,iqr_pct,median,60,17.13587312736935,5000,15.701063470822211,14.087139328633564,17.327859956323053,12.855507358496101,18.59031319253105
six_workloads,mode,torus,energy_observed,sample_std_pct,mean,60,14.081354159369353,5000,13.964243166520472,13.447519749569024,14.443846037449548,13.039223573760554,14.912937906949573
six_workloads,mode,torus,energy_observed,sample_std_pct,median,60,14.47653500254922,5000,13.753272907139312,12.834647334096449,14.612261987198245,12.194966550505189,15.33602209095801
six_workloads,mode,torus,energy_observed,delta_min_pct,mean,60,-23.95172031740358,5000,-21.450048677304565,-22.492034810223643,-20.277017421071324,-23.212799280411936,-19.324293513874956
six_workloads,mode,torus,energy_observed,delta_min_pct,median,60,-23.51813761822884,5000,-20.757429107870536,-22.579761293016723,-19.130105117223852,-23.74244318369743,-17.3357827597518
six_workloads,mode,torus,energy_observed,delta_max_pct,mean,60,23.436927188975243,5000,21.216962302240105,20.193737167455673,22.201753226267154,19.17407536445029,22.92371609118768
six_workloads,mode,torus,energy_observed,delta_max_pct,median,60,22.448131828243167,5000,20.217011607704173,18.78968459895985,21.58816096219429,17.438990948854467,23.275913757155895
six_workloads,mode,torus,energy_observed,range_abs,mean,60,7.806219290193353,5000,6.999167851314885,6.701579868079757,7.2721499094822075,6.366703890295341,7.454392265685732
six_workloads,mode,torus,energy_observed,range_abs,median,60,7.724968739575248,5000,6.699556347410209,6.242790657870149,7.073204065785262,5.672646659617174,7.68458415010514
six_workloads,mode,torus,energy_observed,wcd_abs,mean,60,4.477306217353336,5000,4.021180476424951,3.8247235970414897,4.19674368870126,3.634992997129117,4.3119259720060645
six_workloads,mode,torus,energy_observed,wcd_abs,median,60,4.1373192201150895,5000,3.7886552345847653,3.4789319104055716,4.094976646211312,3.0971868642303857,4.295107497998802
six_workloads,mode,torus,energy_observed,wcd_pct,mean,60,27.1086914818497,5000,24.474186145782497,23.296881923085927,25.508851654116864,22.040220427266703,26.34369282513597
six_workloads,mode,torus,energy_observed,wcd_pct,median,60,27.07830680272629,5000,24.070845785712187,22.40618759975229,25.717075106429565,21.061988904317698,26.918492226034026
six_workloads,workload,DDoS,energy_observed,mean,mean,50,10.422750798677606,5000,10.423019709522048,10.339018429232462,10.504125516296265,10.272518348587038,10.574208419062147
six_workloads,workload,DDoS,energy_observed,mean,median,50,10.45906918704376,5000,10.45459049891711,10.339357642240104,10.559003066136592,10.23384167862742,10.641852834377001
six_workloads,workload,DDoS,energy_observed,iqr_pct,mean,50,17.87242341413045,5000,17.54634708403445,16.068739996327015,19.159264491309855,15.0306408919594,20.621439521607545
six_workloads,workload,DDoS,energy_observed,iqr_pct,median,50,18.05067645917093,5000,17.126963121568597,15.048726537461633,18.990617144327317,13.122502349834145,20.65079210245918
six_workloads,workload,DDoS,energy_observed,sample_std_pct,mean,50,14.850371990489561,5000,14.719513109981737,14.113592392573366,15.29959522959343,13.486188464806869,15.793232910332431
six_workloads,workload,DDoS,energy_observed,sample_std_pct,median,50,15.046065397389805,5000,14.688719048469064,13.802060614757302,15.613534213577852,13.104328621743008,16.271768280921528
six_workloads,workload,DDoS,energy_observed,delta_min_pct,mean,50,-25.112704534224864,5000,-22.26131683465174,-23.470472506765628,-20.991408373290763,-24.208866575957217,-19.991679401383287
six_workloads,workload,DDoS,energy_observed,delta_min_pct,median,50,-25.14023532315465,5000,-21.895430660340715,-23.867302864585568,-19.811259542629685,-25.461279286551036,-18.11175785390185
six_workloads,workload,DDoS,energy_observed,delta_max_pct,mean,50,25.10848132356473,5000,22.61681811750093,21.404573299950393,23.754815715679705,20.166104264453793,24.504561375725178
six_workloads,workload,DDoS,energy_observed,delta_max_pct,median,50,24.891453120187577,5000,22.050213826749555,20.34925560266098,23.767866655863664,19.01637290001139,24.895870115072515
six_workloads,workload,DDoS,energy_observed,range_abs,mean,50,5.221980021336484,5000,4.662375021438413,4.46043110831925,4.848470586929267,4.249092908619145,5.014266593358749
six_workloads,workload,DDoS,energy_observed,range_abs,median,50,5.32363949364371,5000,4.679588157691327,4.439913253684822,4.91981963898919,4.07953959091939,5.207298930776654
six_workloads,workload,DDoS,energy_observed,wcd_abs,mean,50,2.9596970144469474,5000,2.6550583593895967,2.521145207059545,2.778261856008125,2.37294652079967,2.873174465370778
six_workloads,workload,DDoS,energy_observed,wcd_abs,median,50,2.9870027465090434,5000,2.646560373639762,2.454511851657487,2.8465634802200483,2.2578040721605186,2.9890466547741323
six_workloads,workload,DDoS,energy_observed,wcd_pct,mean,50,28.448365353470678,5000,25.557629637692962,24.258471693023218,26.772284247821386,22.877273725111113,27.63459183943418
six_workloads,workload,DDoS,energy_observed,wcd_pct,median,50,28.683527229077733,5000,25.447780962324178,23.498611109915846,27.328194575570738,21.52605015009194,28.86853538915831
six_workloads,workload,FIFA,energy_observed,mean,mean,50,9.207038813603019,5000,9.207444297364031,9.137273272980758,9.278230161918946,9.062948017227736,9.331638605532017
six_workloads,workload,FIFA,energy_observed,mean,median,50,9.193236630258898,5000,9.189788090588442,9.105986595508712,9.293848899885603,9.028686946050051,9.38822699704481
six_workloads,workload,FIFA,energy_observed,iqr_pct,mean,50,19.413794011815245,5000,18.43028588785956,17.101687923909555,19.835849926587958,16.072216242892456,20.88279499880879
six_workloads,workload,FIFA,energy_observed,iqr_pct,median,50,18.132977259414382,5000,17.289016713644223,15.718922410927165,19.206861365120297,14.210793987569826,20.947276053729208
six_workloads,workload,FIFA,energy_observed,sample_std_pct,mean,50,14.958108295757832,5000,14.856164821077105,14.282773353325213,15.407415392430906,13.642253140769203,15.844059444373288
six_workloads,workload,FIFA,energy_observed,sample_std_pct,median,50,14.605310889138286,5000,14.343096525565098,13.595017938408663,15.160851818526629,12.898055606957552,15.900057274192374
six_workloads,workload,FIFA,energy_observed,delta_min_pct,mean,50,-25.45357599210687,5000,-22.788462096704045,-23.891563494942442,-21.581842226777482,-24.63411195010995,-20.414086343183044
six_workloads,workload,FIFA,energy_observed,delta_min_pct,median,50,-25.061513189756983,5000,-21.858924383089217,-23.611536031440092,-19.978577851795887,-25.35038074494791,-18.55748646659177
six_workloads,workload,FIFA,energy_observed,delta_max_pct,mean,50,24.824693481071634,5000,22.25063329861772,21.080182817762093,23.42849708715744,20.026927103807324,24.28746955375733
six_workloads,workload,FIFA,energy_observed,delta_max_pct,median,50,25.35157087145289,5000,21.276613647272363,19.73889610718811,23.212638379074953,18.56037806044746,24.55509452797437
six_workloads,workload,FIFA,energy_observed,range_abs,mean,50,4.625992711847261,5000,4.140460537985111,3.968727481124325,4.299190544723136,3.7874949059279945,4.397629676247419
six_workloads,workload,FIFA,energy_observed,range_abs,median,50,4.397375659768294,5000,3.9776563238263,3.761258390565142,4.185582093506276,3.5844584043772776,4.374851017388567
six_workloads,workload,FIFA,energy_observed,wcd_abs,mean,50,2.579537220374631,5000,2.3398202006123516,2.2326465990472055,2.438433296968269,2.127139827684627,2.5076436276159755
six_workloads,workload,FIFA,energy_observed,wcd_abs,median,50,2.5513966592402095,5000,2.290658645267956,2.1369662734931816,2.4339675995030867,1.9561653293893388,2.571738656724618
six_workloads,workload,FIFA,energy_observed,wcd_pct,mean,50,28.029818420196197,5000,25.4436483853412,24.272232838144898,26.573507211266307,22.97087448904595,27.278011264242938
six_workloads,workload,FIFA,energy_observed,wcd_pct,median,50,27.41248850905068,5000,24.76587230950591,23.196218654422466,26.38121413009706,21.470445542614186,27.70086451636614
six_workloads,workload,GAFAM,energy_observed,mean,mean,50,14.645680129257283,5000,14.645565709726576,14.532745337493225,14.755470738054171,14.39444497367493,14.850518300105461
six_workloads,workload,GAFAM,energy_observed,mean,median,50,14.671976925433135,5000,14.648884839778711,14.488200055482984,14.811976432211923,14.303460543205645,14.97117859668053
six_workloads,workload,GAFAM,energy_observed,iqr_pct,mean,50,18.388384164994296,5000,17.391484511102362,16.11708218866552,18.70894788749917,15.059022304563161,20.166317037342903
six_workloads,workload,GAFAM,energy_observed,iqr_pct,median,50,17.764660993801172,5000,16.58244326945275,14.631182759507265,18.0595883293395,13.317889880686414,20.32056906709274
six_workloads,workload,GAFAM,energy_observed,sample_std_pct,mean,50,14.486015747404048,5000,14.362928165270604,13.7768069323671,14.9260729991358,13.316811743107259,15.436686069642423
six_workloads,workload,GAFAM,energy_observed,sample_std_pct,median,50,14.71304482165488,5000,14.250827057717583,13.372576948388858,15.199772547091648,12.557203443267742,16.73292192746363
six_workloads,workload,GAFAM,energy_observed,delta_min_pct,mean,50,-24.139864059152497,5000,-21.699259811602225,-22.7696139464543,-20.512160881510717,-23.755081446235963,-19.49074511915635
six_workloads,workload,GAFAM,energy_observed,delta_min_pct,median,50,-23.135245109689137,5000,-21.29085095146289,-22.786077909522383,-19.73578224323798,-24.21947231306291,-18.295371032343088
six_workloads,workload,GAFAM,energy_observed,delta_max_pct,mean,50,24.71787643645405,5000,21.95969862121138,20.645408985943067,23.157581207154646,19.505550462716617,24.388084955988255
six_workloads,workload,GAFAM,energy_observed,delta_max_pct,median,50,24.710879834494722,5000,21.332583295596248,19.274667102417265,23.371529575544677,17.537305440277432,25.060583380370595
six_workloads,workload,GAFAM,energy_observed,range_abs,mean,50,7.147947191007375,5000,6.385410224515059,6.0996869999627386,6.653280992162252,5.834332704024035,6.824902255669109
six_workloads,workload,GAFAM,energy_observed,range_abs,median,50,7.193066628928234,5000,6.48072648731311,6.025900018236574,6.77756278488977,5.61694686583586,7.035742522202672
six_workloads,workload,GAFAM,energy_observed,wcd_abs,mean,50,4.034525796460627,5000,3.636627390511375,3.4437974538858507,3.8132282514409948,3.320444837674758,3.9538073811364502
six_workloads,workload,GAFAM,energy_observed,wcd_abs,median,50,4.043769371195237,5000,3.636520258815924,3.3917003612287915,3.8711310902435843,3.1078725667168934,4.061194480430775
six_workloads,workload,GAFAM,energy_observed,wcd_pct,mean,50,27.587607594383254,5000,24.878506579094662,23.52401166889397,26.08895371068826,22.7281152567757,27.15085861832465
six_workloads,workload,GAFAM,energy_observed,wcd_pct,median,50,27.75279992454231,5000,24.595156848259045,22.907516944467268,26.256262705903133,21.61481444843418,28.233455476034116
six_workloads,workload,Gaming,energy_observed,mean,mean,50,20.93369890139911,5000,20.932785773466158,20.766152225844277,21.09529371475923,20.626621468088764,21.277231701794054
six_workloads,workload,Gaming,energy_observed,mean,median,50,20.828257366134114,5000,20.89952906625893,20.672629239792965,21.11420890772496,20.47261784261695,21.33296111133467
six_workloads,workload,Gaming,energy_observed,iqr_pct,mean,50,17.573986062270684,5000,16.63034184762184,15.231041925789048,18.003365387495922,13.944043443406217,19.065430060655547
six_workloads,workload,Gaming,energy_observed,iqr_pct,median,50,17.772832784812035,5000,15.758845469873593,14.09124627472518,17.636702843607864,12.274258825510387,19.02629217530042
six_workloads,workload,Gaming,energy_observed,sample_std_pct,mean,50,14.474942361300105,5000,14.342505968282499,13.70698619590962,14.916162065737598,13.099549721042536,15.360609060766585
six_workloads,workload,Gaming,energy_observed,sample_std_pct,median,50,13.826675641628654,5000,13.826664478992853,13.06722048833795,14.656904203160906,12.43224350345869,15.31965529309697
six_workloads,workload,Gaming,energy_observed,delta_min_pct,mean,50,-24.913451473542317,5000,-22.262631826007826,-23.355596627963124,-21.023347609263457,-23.968287518664997,-19.709682859504298
six_workloads,workload,Gaming,energy_observed,delta_min_pct,median,50,-24.633402761590844,5000,-21.576419645393187,-23.16067484451609,-19.821582775585018,-24.48991230545456,-18.257812206980933
six_workloads,workload,Gaming,energy_observed,delta_max_pct,mean,50,24.470362068599687,5000,21.75298257929924,20.498712187562756,22.93016326087022,19.531368763715964,23.875851019479406
six_workloads,workload,Gaming,energy_observed,delta_max_pct,median,50,23.7191574098767,5000,21.20186657297002,19.44197485124037,22.957895458871366,17.946777422250523,24.65000471976716
six_workloads,workload,Gaming,energy_observed,range_abs,mean,50,10.344856890486103,5000,9.21268229130671,8.796099288418322,9.579687424003337,8.42475439201165,9.860877877811175
six_workloads,workload,Gaming,energy_observed,range_abs,median,50,9.889513396151884,5000,8.871925920225115,8.437836720126104,9.286648918773821,8.035718602932182,9.743802441628716
six_workloads,workload,Gaming,energy_observed,wcd_abs,mean,50,5.7948560264241,5000,5.263780749548161,4.9995105643038045,5.496549889785878,4.739619948273275,5.691289237261483
six_workloads,workload,Gaming,energy_observed,wcd_abs,median,50,5.522584483334238,5000,5.126138198355015,4.776447694489836,5.452014642735315,4.535185617424427,5.659485902591372
six_workloads,workload,Gaming,energy_observed,wcd_pct,mean,50,27.66766448763697,5000,25.149957377984332,23.85613138025142,26.278819563277345,22.55024489544494,27.37164657934752
six_workloads,workload,Gaming,energy_observed,wcd_pct,median,50,25.863110803093203,5000,24.523750883860323,22.91181871569941,25.99398300271168,21.66953165596714,27.04917939285101
six_workloads,workload,PayPal,energy_observed,mean,mean,50,22.49007753133614,5000,22.491592003221854,22.332852252530916,22.651949204804495,22.18830567686984,22.785485917031295
six_workloads,workload,PayPal,energy_observed,mean,median,50,22.60337711221385,5000,22.493841323710477,22.264465208335285,22.71827735424503,22.11049319030063,22.8993797808808
six_workloads,workload,PayPal,energy_observed,iqr_pct,mean,50,15.932988761214098,5000,15.365962320247927,14.025257759717139,16.66666093586517,12.998532697401517,18.873933972922877
six_workloads,workload,PayPal,energy_observed,iqr_pct,median,50,14.95332426818538,5000,14.389520198295827,12.665298288689065,16.08915088069753,11.344348459008309,18.483403455389865
six_workloads,workload,PayPal,energy_observed,sample_std_pct,mean,50,12.933615282818787,5000,12.820047855870833,12.252231793897154,13.329074566286188,11.64876313003212,13.846815225516146
six_workloads,workload,PayPal,energy_observed,sample_std_pct,median,50,12.68421489839004,5000,12.652178193805053,11.731475711948617,13.434911688075005,10.891189346494475,13.965440655949376
six_workloads,workload,PayPal,energy_observed,delta_min_pct,mean,50,-22.450168442080034,5000,-19.830648994224497,-20.856520489210265,-18.65359777155258,-21.589166007375688,-17.399915648413618
six_workloads,workload,PayPal,energy_observed,delta_min_pct,median,50,-22.262439684626017,5000,-19.027853195070552,-20.825323779923412,-17.32567655929494,-22.377905749847777,-15.56565719130571
six_workloads,workload,PayPal,energy_observed,delta_max_pct,mean,50,21.588136783691958,5000,19.212804064922953,18.08654857516745,20.263193547499142,17.097459754263006,21.06116986580012
six_workloads,workload,PayPal,energy_observed,delta_max_pct,median,50,20.355484884179447,5000,18.359655758692885,16.919658353154084,19.857041578263214,15.375853723350438,21.29115001813065
six_workloads,workload,PayPal,energy_observed,range_abs,mean,50,9.91975613976102,5000,8.782608572133888,8.382436134805442,9.150955460562628,7.91212767490046,9.38175868748249
six_workloads,workload,PayPal,energy_observed,range_abs,median,50,9.660387807462119,5000,8.564066600351236,7.975790348307893,9.092482704184162,7.464917005158426,9.36436125547851
six_workloads,workload,PayPal,energy_observed,wcd_abs,mean,50,5.674325307739215,5000,5.074578018137459,4.817947500333514,5.310596082834601,4.557644854329934,5.447050058106779
six_workloads,workload,PayPal,energy_observed,wcd_abs,median,50,5.637426685897591,5000,4.953580969974174,4.590363464326211,5.314402549091288,4.2673564190441855,5.5246990333465416
six_workloads,workload,PayPal,energy_observed,wcd_pct,mean,50,25.216217409902345,5000,22.57102880405896,21.39106262703709,23.613210991332533,20.358826134960932,24.20766139198879
six_workloads,workload,PayPal,energy_observed,wcd_pct,median,50,24.88201826271662,5000,22.193306104268164,20.42526247667456,23.696045746465835,18.780396328176785,24.708092645069016
six_workloads,workload,VISA,energy_observed,mean,mean,50,22.455902496767624,5000,22.45655272633443,22.296999668652727,22.62414721178508,22.13387202224393,22.750018961623383
six_workloads,workload,VISA,energy_observed,mean,median,50,22.425339435718147,5000,22.442800368878395,22.22955986472674,22.661180990858636,22.087898335676652,22.822410833002138
six_workloads,workload,VISA,energy_observed,iqr_pct,mean,50,16.118770859506242,5000,15.055389398560639,13.831008895163086,16.263049046691336,12.745357655757779,17.22244965095939
six_workloads,workload,VISA,energy_observed,iqr_pct,median,50,15.491978411790807,5000,14.062981508637748,12.175733503799753,15.520707082312715,10.622397162268198,16.957770613781218
six_workloads,workload,VISA,energy_observed,sample_std_pct,mean,50,12.87745604679694,5000,12.748356098871437,12.188433905407157,13.272990599212642,11.597700978610412,13.839518162814686
six_workloads,workload,VISA,energy_observed,sample_std_pct,median,50,12.55616448419886,5000,12.390506385585532,11.564203950660126,13.227632586354778,10.851354329313516,13.89393085159254
six_workloads,workload,VISA,energy_observed,delta_min_pct,mean,50,-21.148249764278063,5000,-18.80838496256669,-19.784189118334716,-17.751575206641302,-20.70948633002462,-16.334813516832217
six_workloads,workload,VISA,energy_observed,delta_min_pct,median,50,-21.913679578661664,5000,-18.515531291626765,-20.129932393907676,-16.74256905793502,-21.673356299716787,-14.610066064918032
six_workloads,workload,VISA,energy_observed,delta_max_pct,mean,50,22.59733186820292,5000,19.989672505913838,18.78432549912564,21.14017876541093,17.622509441254163,21.920294948648657
six_workloads,workload,VISA,energy_observed,delta_max_pct,median,50,21.523046589520014,5000,18.566499006066067,16.877126580111923,20.293444273343194,15.616250952637376,21.559510591699386
six_workloads,workload,VISA,energy_observed,range_abs,mean,50,9.824440861219742,5000,8.712622276605462,8.301143747132937,9.088419246986644,7.844252521505065,9.418625501654526
six_workloads,workload,VISA,energy_observed,range_abs,median,50,9.289470173326448,5000,8.471690461611093,7.9460422557564465,8.93162845567283,7.447456037450836,9.11891571420322
six_workloads,workload,VISA,energy_observed,wcd_abs,mean,50,5.614801190485661,5000,5.013928840565633,4.73606292440554,5.260352498043378,4.452326071784601,5.417337564635171
six_workloads,workload,VISA,energy_observed,wcd_abs,median,50,5.422781563041246,5000,4.8513858063463795,4.498807784395546,5.2119713419184475,4.2099499139772085,5.5038025617672535
six_workloads,workload,VISA,energy_observed,wcd_pct,mean,50,25.00498014367731,5000,22.334644328369922,21.122690172795895,23.444935380529593,19.882616133592173,24.274268079547877
six_workloads,workload,VISA,energy_observed,wcd_pct,median,50,24.41098893431714,5000,21.657783475664033,20.10810853098188,23.157446716876887,18.631948656186452,24.416226237779043
six_workloads,network_size,10 nodes,energy_observed,mean,mean,150,16.66796393270479,5000,16.66796377549779,16.589738971952656,16.74533198151164,16.49917244120092,16.812421337594213
six_workloads,network_size,10 nodes,energy_observed,mean,median,150,17.746936116096002,5000,17.661446461576144,17.20027472451365,18.075572509008584,16.711364252326028,18.432417287238636
six_workloads,network_size,10 nodes,energy_observed,iqr_pct,mean,150,17.25735001431591,5000,16.540557822197535,15.774401920713808,17.314461556797298,15.16747511832105,17.961951425882315
six_workloads,network_size,10 nodes,energy_observed,iqr_pct,median,150,16.754251389085532,5000,15.710917314683314,14.566215811873695,16.74790827301832,13.804551540168976,17.80820141027453
six_workloads,network_size,10 nodes,energy_observed,sample_std_pct,mean,150,14.211898575353214,5000,14.079222096409893,13.73338333367136,14.413420847976976,13.456428364311057,14.696429858182691
six_workloads,network_size,10 nodes,energy_observed,sample_std_pct,median,150,13.834705848907287,5000,13.615599593447794,13.109912913647863,14.0892339960839,12.78047056989063,14.64538927392029
six_workloads,network_size,10 nodes,energy_observed,delta_min_pct,mean,150,-24.611147939028776,5000,-21.779424450763404,-22.45284700962344,-21.035936532599546,-22.88080762910402,-20.257955262404362
six_workloads,network_size,10 nodes,energy_observed,delta_min_pct,median,150,-24.10731434365292,5000,-21.24330351276833,-22.35738983192337,-20.031548801854367,-23.237642931562522,-19.08789223253815
six_workloads,network_size,10 nodes,energy_observed,delta_max_pct,mean,150,24.09686827545913,5000,21.365672730773053,20.63721919012263,22.08080619018012,20.17296511805579,22.711184899760028
six_workloads,network_size,10 nodes,energy_observed,delta_max_pct,median,150,23.366430032548283,5000,20.302155472614224,19.220399039974197,21.383710116769628,18.37374927869489,22.227994994434866
six_workloads,network_size,10 nodes,energy_observed,range_abs,mean,150,8.022850956684294,5000,7.080119392107401,6.874390314258928,7.273065367235856,6.718160970697816,7.4588057753235155
six_workloads,network_size,10 nodes,energy_observed,range_abs,median,150,7.700589286555624,5000,6.749368881149579,6.464133608771542,7.073518343816687,6.059354197055085,7.3657358568248945
six_workloads,network_size,10 nodes,energy_observed,wcd_abs,mean,150,4.5785108254262274,5000,4.083300901248709,3.9453630480990927,4.20490074289027,3.84470263080711,4.286475835806667
six_workloads,network_size,10 nodes,energy_observed,wcd_abs,median,150,4.304805803568989,5000,3.852719480054422,3.639120300390271,4.051228409416692,3.4091236970069474,4.224305986856215
six_workloads,network_size,10 nodes,energy_observed,wcd_pct,mean,150,27.66955144164926,5000,24.783179063426886,24.03014792236037,25.504867340947467,23.378091012651762,25.931774364504427
six_workloads,network_size,10 nodes,energy_observed,wcd_pct,median,150,26.68515431313204,5000,23.96555135895682,22.966005131784286,24.966680513000433,22.073771080051205,25.72489212674555
six_workloads,network_size,40 nodes,energy_observed,mean,mean,150,16.717085624308805,5000,16.71791866258502,16.640492621605112,16.789274872313406,16.573351670671,16.84171422159108
six_workloads,network_size,40 nodes,energy_observed,mean,median,150,17.684050241628142,5000,17.629637695167617,17.209154052818537,18.065092185716,16.808064216328575,18.455248674368516
six_workloads,network_size,40 nodes,energy_observed,iqr_pct,mean,150,17.842765743661094,5000,16.94127252160683,16.128082987735294,17.730597594264548,15.407886087471937,18.56846611683053
six_workloads,network_size,40 nodes,energy_observed,iqr_pct,median,150,18.124163796584277,5000,16.014063687179984,14.974040656665151,17.17535057958332,14.053001744780014,18.28477335834763
six_workloads,network_size,40 nodes,energy_observed,sample_std_pct,mean,150,13.981604666169211,5000,13.859346467247713,13.537526957593634,14.169296633540732,13.236457016600406,14.426408688617867
six_workloads,network_size,40 nodes,energy_observed,sample_std_pct,median,150,14.124762099013067,5000,13.826809071215617,13.31367062694948,14.298889342490607,12.830946212531728,14.731145468184344
six_workloads,network_size,40 nodes,energy_observed,delta_min_pct,mean,150,-23.128190149432772,5000,-20.754214753068844,-21.36423391114392,-20.112475858481666,-21.880031314103743,-19.50750350466631
six_workloads,network_size,40 nodes,energy_observed,delta_min_pct,median,150,-22.685500443134075,5000,-20.255561238116165,-21.226863119406456,-19.36703621034797,-22.317262678252085,-18.684088951628276
six_workloads,network_size,40 nodes,energy_observed,delta_max_pct,mean,150,23.67209237840253,5000,21.211976330499947,20.555329152459915,21.873633499269232,19.771089966539286,22.512791345323485
six_workloads,network_size,40 nodes,energy_observed,delta_max_pct,median,150,23.212426500829594,5000,20.535146060978064,19.653992968201127,21.56565193376535,18.93074063186388,22.542881282743377
six_workloads,network_size,40 nodes,energy_observed,range_abs,mean,150,7.672140315201702,5000,6.878990685854087,6.703315724726574,7.041772398437019,6.585467319223046,7.211374036375778
six_workloads,network_size,40 nodes,energy_observed,range_abs,median,150,7.109505729226662,5000,6.415942135592856,6.03486718361638,6.640392025254132,5.800195258334189,6.826419874596971
six_workloads,network_size,40 nodes,energy_observed,wcd_abs,mean,150,4.307403359884167,5000,3.9072920950329064,3.798245935981574,4.013641987876737,3.7003454554727053,4.081797239306775
six_workloads,network_size,40 nodes,energy_observed,wcd_abs,median,150,4.028842649316285,5000,3.5977042610636456,3.4164871037840534,3.7859836985600874,3.272576155957551,3.9732724453249206
six_workloads,network_size,40 nodes,energy_observed,wcd_pct,mean,150,26.315333028106323,5000,23.84271752471041,23.17892845358864,24.48022211995482,22.674474518527994,24.985973499761002
six_workloads,network_size,40 nodes,energy_observed,wcd_pct,median,150,25.863110803093203,5000,23.691325089947206,22.729304826954564,24.645998096821117,21.765878259391535,25.517070167674802
legacy_three_workloads,blockchain,Algorand,energy_observed,mean,mean,30,19.826396509119704,5000,19.82362081614345,19.641129171756763,19.99737515143113,19.470948550310823,20.176120874195412
legacy_three_workloads,blockchain,Algorand,energy_observed,mean,median,30,22.064421229403536,5000,21.877843173011144,21.544243398847044,22.21649047497663,21.26616087436193,22.455455901609056
legacy_three_workloads,blockchain,Algorand,energy_observed,iqr_pct,mean,30,15.956732349963769,5000,15.076016732653182,13.496728764961315,16.665223212102692,12.221218172561729,17.659204315601723
legacy_three_workloads,blockchain,Algorand,energy_observed,iqr_pct,median,30,14.7530945913227,5000,14.326385826334006,12.06002760662087,16.146767876763167,10.742039474786178,18.544874245040795
legacy_three_workloads,blockchain,Algorand,energy_observed,sample_std_pct,mean,30,13.64725716364904,5000,13.507680248168299,12.727307691328573,14.2122534174907,11.813811231750018,14.782682897138278
legacy_three_workloads,blockchain,Algorand,energy_observed,sample_std_pct,median,30,12.912908318747771,5000,13.211756811724179,12.272451653070819,14.020354274964356,11.539533196429296,14.976207704917169
legacy_three_workloads,blockchain,Algorand,energy_observed,delta_min_pct,mean,30,-22.428639555713648,5000,-19.946689500354715,-21.29171396330153,-18.375138351309687,-22.335585848036906,-16.423598589582845
legacy_three_workloads,blockchain,Algorand,energy_observed,delta_min_pct,median,30,-24.13536401716973,5000,-20.05634920566696,-22.770504653835346,-17.51757861696743,-24.03377588454164,-15.363975611890098
legacy_three_workloads,blockchain,Algorand,energy_observed,delta_max_pct,mean,30,24.53230689897693,5000,21.93942697387258,20.154049962972294,23.41846799807108,18.505927405670313,24.672120034917224
legacy_three_workloads,blockchain,Algorand,energy_observed,delta_max_pct,median,30,23.785933987728697,5000,21.37524128214053,18.874149800045117,23.84519603152242,16.630499567618987,25.938382797314816
legacy_three_workloads,blockchain,Algorand,energy_observed,range_abs,mean,30,9.261953534664462,5000,8.23365683246533,7.659929587550256,8.722489587020714,6.975409694081156,9.041908095935495
legacy_three_workloads,blockchain,Algorand,energy_observed,range_abs,median,30,9.077230174915877,5000,7.893995525297185,7.209066673092111,8.561846895156373,6.083305572948168,9.077230174915877
legacy_three_workloads,blockchain,Algorand,energy_observed,wcd_abs,mean,30,5.383548628764597,5000,4.795852433526695,4.403449259035471,5.119207461279396,4.053555905752192,5.349185429338886
legacy_three_workloads,blockchain,Algorand,energy_observed,wcd_abs,median,30,5.2595677439420685,5000,4.635192747779977,4.121278551526888,5.155735036736504,3.623334485571724,5.761050371248913
legacy_three_workloads,blockchain,Algorand,energy_observed,wcd_pct,mean,30,27.158879930959515,5000,24.2575157030646,22.46943775379488,25.79957585437063,20.85964905104846,27.15135888096119
legacy_three_workloads,blockchain,Algorand,energy_observed,wcd_pct,median,30,26.656218630616483,5000,24.461336269627413,21.970145863328426,26.1772738316241,19.688870824981606,27.73505419673528
legacy_three_workloads,blockchain,Diem,energy_observed,mean,mean,30,19.93071993636553,5000,19.92926545129612,19.749649598698095,20.113582797629086,19.528400664045254,20.25864502059413
legacy_three_workloads,blockchain,Diem,energy_observed,mean,median,30,22.03120199776769,5000,21.999465374148997,21.622398366971286,22.255288073661198,21.348555881157914,22.5390388541485
legacy_three_workloads,blockchain,Diem,energy_observed,iqr_pct,mean,30,16.118666627153846,5000,15.320295040821733,13.703443436632782,16.978767354903233,12.101932544520231,18.796144213348736
legacy_three_workloads,blockchain,Diem,energy_observed,iqr_pct,median,30,15.961938520411364,5000,13.679662996926824,11.669323533954557,15.978863642154646,10.600202954756607,17.87041425364407
legacy_three_workloads,blockchain,Diem,energy_observed,sample_std_pct,mean,30,12.869730815026704,5000,12.766497812954036,12.059010044713848,13.44852723686027,11.564340087036362,13.84659621629844
legacy_three_workloads,blockchain,Diem,energy_observed,sample_std_pct,median,30,12.109537780862492,5000,11.885383976349729,10.948228600636382,12.847833137512543,10.151502387412933,13.61029645333609
legacy_three_workloads,blockchain,Diem,energy_observed,delta_min_pct,mean,30,-21.830261858622357,5000,-19.70045020488522,-20.861102543735726,-18.294837489317135,-21.496814987807657,-17.264683967410047
legacy_three_workloads,blockchain,Diem,energy_observed,delta_min_pct,median,30,-21.678209302493634,5000,-18.89471825578399,-21.414532974522153,-16.1833352820676,-23.177837599703782,-14.72148484147003
legacy_three_workloads,blockchain,Diem,energy_observed,delta_max_pct,mean,30,21.83762283366241,5000,19.200811685591923,17.6889912141576,20.719716571229828,16.360882101296205,21.958838896134992
legacy_three_workloads,blockchain,Diem,energy_observed,delta_max_pct,median,30,19.929732092469614,5000,18.00661781076426,16.106644406611498,19.675746647538556,14.911972743721872,20.87320985288041
legacy_three_workloads,blockchain,Diem,energy_observed,range_abs,mean,30,8.578442916869495,5000,7.636248878032106,7.171132464811872,8.030761714412625,6.862344672198831,8.334624799028862
legacy_three_workloads,blockchain,Diem,energy_observed,range_abs,median,30,8.50978929337528,5000,7.509266588534206,6.925063512565599,8.084978384287181,6.533699301404871,8.50978929337528
legacy_three_workloads,blockchain,Diem,energy_observed,wcd_abs,mean,30,4.800892674956854,5000,4.3475022998323265,4.066040554653112,4.590687218196989,3.8234235182987018,4.794962059760992
legacy_three_workloads,blockchain,Diem,energy_observed,wcd_abs,median,30,4.5726616378687845,5000,4.192946769679409,3.8430805189867683,4.5202848931343045,3.4160601249832965,4.787024846905977
legacy_three_workloads,blockchain,Diem,energy_observed,wcd_pct,mean,30,24.48154425251262,5000,22.171379768753468,20.71893606842071,23.48006726224879,19.42522508498282,24.27532422562473
legacy_three_workloads,blockchain,Diem,energy_observed,wcd_pct,median,30,23.479539092859767,5000,21.07893328636343,19.016972984380722,23.191983577997018,16.565040467519296,24.788257601817705
legacy_three_workloads,blockchain,Ethereum,energy_observed,mean,mean,30,19.81813966585546,5000,19.818869952531983,19.605181358594066,20.02155892882041,19.429239565356067,20.178916609471184
legacy_three_workloads,blockchain,Ethereum,energy_observed,mean,median,30,21.97437777244587,5000,21.830814008628614,21.413451351662427,22.192439076940516,21.065671192527073,22.608668766427478
legacy_three_workloads,blockchain,Ethereum,energy_observed,iqr_pct,mean,30,18.255363192478193,5000,17.557881917700556,15.864039169024748,19.264336452132564,14.380519121889645,20.474447872424808
legacy_three_workloads,blockchain,Ethereum,energy_observed,iqr_pct,median,30,15.861765826188513,5000,16.26845691837361,13.966672140733369,18.715580758395106,12.036818068483917,21.674587357225178
legacy_three_workloads,blockchain,Ethereum,energy_observed,sample_std_pct,mean,30,14.37241014389975,5000,14.277610388619571,13.49917613567494,14.933431425850422,12.729997679369124,15.466986852325302
legacy_three_workloads,blockchain,Ethereum,energy_observed,sample_std_pct,median,30,13.93346089245971,5000,13.779567277650564,12.744764875627029,14.70477030424557,11.749153217419572,15.577480495644966
legacy_three_workloads,blockchain,Ethereum,energy_observed,delta_min_pct,mean,30,-24.442715777366416,5000,-21.998479740935178,-23.260804195351607,-20.453684595893783,-24.20226568162941,-19.144084900632553
legacy_three_workloads,blockchain,Ethereum,energy_observed,delta_min_pct,median,30,-23.161304788799985,5000,-21.265553314452873,-23.085163794237726,-19.075404217895475,-24.561117208166383,-16.831654016069457
legacy_three_workloads,blockchain,Ethereum,energy_observed,delta_max_pct,mean,30,23.54732109667875,5000,20.99844198655792,19.517077288096324,22.424797268353533,18.145275131814376,23.63525936865904
legacy_three_workloads,blockchain,Ethereum,energy_observed,delta_max_pct,median,30,22.92542146734467,5000,20.12319300443576,17.737452682009057,22.242626131425567,15.549285762656668,24.138283735443128
legacy_three_workloads,blockchain,Ethereum,energy_observed,range_abs,mean,30,9.566987650891045,5000,8.547562777762721,8.066036737221067,8.983254168997258,7.604063178610152,9.314282235340503
legacy_three_workloads,blockchain,Ethereum,energy_observed,range_abs,median,30,9.184707330385688,5000,8.113767829370719,7.505527349102353,8.844719371432387,6.833291129774763,9.184707330385688
legacy_three_workloads,blockchain,Ethereum,energy_observed,wcd_abs,mean,30,5.3776336236759645,5000,4.889715492735235,4.568303966527226,5.161839225451365,4.250777621038848,5.33759547137211
legacy_three_workloads,blockchain,Ethereum,energy_observed,wcd_abs,median,30,5.265660682254569,5000,4.64142430537031,4.112073462928715,5.124343282491137,3.6986174907861953,5.4295828115639235
legacy_three_workloads,blockchain,Ethereum,energy_observed,wcd_pct,mean,30,26.898836639404244,5000,24.529156869020408,22.927970727864135,25.873373406211694,21.271602009999146,26.875203210213826
legacy_three_workloads,blockchain,Ethereum,energy_observed,wcd_pct,median,30,25.292291696432233,5000,23.622602753162564,21.853199114984356,25.40678853922557,19.41054213726925,27.464669848126263
legacy_three_workloads,blockchain,Quorum,energy_observed,mean,mean,30,19.87751114374071,5000,19.878922701319397,19.676081434462983,20.077001166233266,19.549512845553256,20.23255579880046
legacy_three_workloads,blockchain,Quorum,energy_observed,mean,median,30,22.17581231493172,5000,21.938542117708895,21.493916926164474,22.357481168000792,21.144370847822024,22.66563455497523
legacy_three_workloads,blockchain,Quorum,energy_observed,iqr_pct,mean,30,17.499183490206953,5000,16.65829014579294,14.896046146124641,18.516492974025372,13.611243235455628,19.923835396095356
legacy_three_workloads,blockchain,Quorum,energy_observed,iqr_pct,median,30,17.995061176761702,5000,16.70192320965931,13.853204355203895,18.77271557900173,10.520738340804936,21.106533503965075
legacy_three_workloads,blockchain,Quorum,energy_observed,sample_std_pct,mean,30,13.957846786620527,5000,13.834784517002397,13.125876115747818,14.489664453481918,12.411546215328077,15.077568379327147
legacy_three_workloads,blockchain,Quorum,energy_observed,sample_std_pct,median,30,13.683047395844698,5000,13.662463231082324,12.677373979935735,14.575797697894604,11.815032092337987,15.402467145488636
legacy_three_workloads,blockchain,Quorum,energy_observed,delta_min_pct,mean,30,-23.294427345851563,5000,-20.709728184007396,-21.999520390023566,-19.31440775961049,-22.964176559575417,-17.87637889098701
legacy_three_workloads,blockchain,Quorum,energy_observed,delta_min_pct,median,30,-22.888596240504118,5000,-20.043568592777092,-21.78608914595236,-18.38683339742706,-23.171746049188712,-16.98980391881461
legacy_three_workloads,blockchain,Quorum,energy_observed,delta_max_pct,mean,30,23.605780006473076,5000,21.27755644535839,19.8160128843307,22.656166451778617,18.643340581924697,23.58907606084889
legacy_three_workloads,blockchain,Quorum,energy_observed,delta_max_pct,median,30,23.034384797064625,5000,20.241722596549774,18.122387069628964,22.450107477794432,16.62562906017721,24.761145312908525
legacy_three_workloads,blockchain,Quorum,energy_observed,range_abs,mean,30,9.193319837503417,5000,8.230241203123512,7.789587626674889,8.624895034840968,7.398984144765545,8.888970758928032
legacy_three_workloads,blockchain,Quorum,energy_observed,range_abs,median,30,8.939948263813543,5000,8.117220993486086,7.496154307631057,8.545005978297063,6.870042871303847,8.939948263813543
legacy_three_workloads,blockchain,Quorum,energy_observed,wcd_abs,mean,30,5.201845105053725,5000,4.680672575591666,4.399829504174602,4.9494761751198055,4.199847815073986,5.154141768314133
legacy_three_workloads,blockchain,Quorum,energy_observed,wcd_abs,median,30,4.9280686048130455,5000,4.514915041656561,4.178701314253706,4.875374665864381,3.875241399333584,5.156286379669908
legacy_three_workloads,blockchain,Quorum,energy_observed,wcd_pct,mean,30,26.45572479236203,5000,23.81854389737407,22.410893186768305,25.170522853874925,21.398933812417486,26.28644128838294
legacy_three_workloads,blockchain,Quorum,energy_observed,wcd_pct,median,30,25.621346701630586,5000,22.923285965839817,21.17199967212685,24.72841109551007,19.876778070648975,27.377605550130227
legacy_three_workloads,blockchain,Solana,energy_observed,mean,mean,30,19.866666340520347,5000,19.867810567052707,19.689845295335555,20.044229129744824,19.53318392315748,20.170636833214303
legacy_three_workloads,blockchain,Solana,energy_observed,mean,median,30,22.27637613742494,5000,22.03133961470934,21.643261386449225,22.36417473672076,21.322257640298744,22.619001931372814
legacy_three_workloads,blockchain,Solana,energy_observed,iqr_pct,mean,30,16.236960649721627,5000,15.04183108728941,13.552625305807274,16.633025651535384,12.430643395934545,17.9237594421676
legacy_three_workloads,blockchain,Solana,energy_observed,iqr_pct,median,30,16.207426383816966,5000,14.327131369640751,12.336810624185292,16.017309285071065,10.294642702096414,18.412165999592304
legacy_three_workloads,blockchain,Solana,energy_observed,sample_std_pct,mean,30,12.314566885836943,5000,12.195716073586876,11.44059855397197,12.851334583850969,10.683937520995102,13.325099724755145
legacy_three_workloads,blockchain,Solana,energy_observed,sample_std_pct,median,30,12.99357382919533,5000,12.132303285019495,10.709793227500642,13.543342665622827,9.722315405584379,14.410914378019175
legacy_three_workloads,blockchain,Solana,energy_observed,delta_min_pct,mean,30,-20.90109257163033,5000,-18.29445219175779,-19.658842798631174,-16.663270374817518,-20.55609054343704,-15.157680430501292
legacy_three_workloads,blockchain,Solana,energy_observed,delta_min_pct,median,30,-21.347861427725384,5000,-17.709522321184572,-19.883398232880143,-14.947006410028097,-21.822342933879384,-12.60306168491676
legacy_three_workloads,blockchain,Solana,energy_observed,delta_max_pct,mean,30,21.31587764479038,5000,18.532894965820482,17.03277518307758,19.958082407921275,15.395693891876002,21.1266825956583
legacy_three_workloads,blockchain,Solana,energy_observed,delta_max_pct,median,30,19.836034677190238,5000,17.032577993077187,15.132053610087349,19.39108922215925,13.784078560374313,21.387860149820966
legacy_three_workloads,blockchain,Solana,energy_observed,range_abs,mean,30,8.21953638005181,5000,7.159001892673244,6.688102302329159,7.591088870085116,6.251945608842592,7.861484324011259
legacy_three_workloads,blockchain,Solana,energy_observed,range_abs,median,30,7.8712703383324225,5000,6.93946323405633,6.193564874464553,7.492154674357569,5.669310087446895,7.8712703383324225
legacy_three_workloads,blockchain,Solana,energy_observed,wcd_abs,mean,30,4.775500458691362,5000,4.170936430443715,3.846019906599087,4.455662386505878,3.6067296379742815,4.654654301732994
legacy_three_workloads,blockchain,Solana,energy_observed,wcd_abs,median,30,4.465330081132518,5000,3.9936695409092695,3.5981566385336756,4.3702985858397865,3.2145240713510415,4.676912270390263
legacy_three_workloads,blockchain,Solana,energy_observed,wcd_pct,mean,30,24.686356298033107,5000,21.555631901112168,19.793623088140368,23.10473189665148,18.548899850623922,24.211970131263666
legacy_three_workloads,blockchain,Solana,energy_observed,wcd_pct,median,30,23.917732081911744,5000,20.98362588039684,18.461284653270553,23.30556232296575,16.35101721736381,25.185885103624145
legacy_three_workloads,mode,fat-tree,energy_observed,mean,mean,30,19.806325983918146,5000,19.807602583881128,19.60897984635955,20.01432707119854,19.44789925794775,20.141922906827443
legacy_three_workloads,mode,fat-tree,energy_observed,mean,median,30,21.95892304573929,5000,21.84867295531408,21.459214673064494,22.228509469251787,21.03568430143332,22.592748821644495
legacy_three_workloads,mode,fat-tree,energy_observed,iqr_pct,mean,30,18.419465903316574,5000,17.511820309172,15.743568030804928,19.23560155465741,14.414870334937737,20.356502196911936
legacy_three_workloads,mode,fat-tree,energy_observed,iqr_pct,median,30,18.089620331636237,5000,16.294687746839582,14.133663735217747,18.451673925378927,12.28074614669193,21.694541053527676
legacy_three_workloads,mode,fat-tree,energy_observed,sample_std_pct,mean,30,14.034478677130815,5000,13.91848851294367,13.170166691475664,14.608341523075746,12.397749210340534,15.265986374072089
legacy_three_workloads,mode,fat-tree,energy_observed,sample_std_pct,median,30,13.913867571053963,5000,13.76810269004781,12.442734430095156,14.945122744525554,11.03333925022853,16.090419544869512
legacy_three_workloads,mode,fat-tree,energy_observed,delta_min_pct,mean,30,-23.898273608337956,5000,-21.033606953039502,-22.455940267303482,-19.37800848803066,-23.75673387603538,-18.334338439822695
legacy_three_workloads,mode,fat-tree,energy_observed,delta_min_pct,median,30,-23.647433825530005,5000,-21.55754914667179,-23.302571231656795,-19.208138589810655,-24.495870887946054,-17.206857648772594
legacy_three_workloads,mode,fat-tree,energy_observed,delta_max_pct,mean,30,23.211077534895004,5000,20.86169420502108,19.364432263941197,22.23542305575448,18.333292306841997,23.35100592951968
legacy_three_workloads,mode,fat-tree,energy_observed,delta_max_pct,median,30,23.499245038270075,5000,19.8225905500637,17.448565306853425,22.20053635516859,15.217054696540332,24.13870617714843
legacy_three_workloads,mode,fat-tree,energy_observed,range_abs,mean,30,9.237236932440918,5000,8.205221088241696,7.735635334004708,8.632541667124087,7.420785936660817,8.953629230406309
legacy_three_workloads,mode,fat-tree,energy_observed,range_abs,median,30,8.660942921859357,5000,7.963865018184908,7.131185956810481,8.45470383462958,6.550748236576369,8.660942921859357
legacy_three_workloads,mode,fat-tree,energy_observed,wcd_abs,mean,30,5.228889790539055,5000,4.679669530779408,4.391292398870294,4.960699619669454,4.132803454153919,5.146335408583488
legacy_three_workloads,mode,fat-tree,energy_observed,wcd_abs,median,30,5.157595174095221,5000,4.584419026749731,4.081277309775786,5.012077623532741,3.7111194471489632,5.399693805482476
legacy_three_workloads,mode,fat-tree,energy_observed,wcd_pct,mean,30,26.777960046651582,5000,23.90815126150507,22.36486845268225,25.411952142993446,21.002072798067974,26.392577623543676
legacy_three_workloads,mode,fat-tree,energy_observed,wcd_pct,median,30,26.555270790226515,5000,23.646284176958822,21.754609926671463,25.572575725934655,19.804289329531873,27.234010644675525
legacy_three_workloads,mode,full mesh,energy_observed,mean,mean,30,19.95895348727171,5000,19.957166237888075,19.783724690610583,20.140488640174684,19.578688560567336,20.257704567416724
legacy_three_workloads,mode,full mesh,energy_observed,mean,median,30,22.099601884968052,5000,21.95983975218588,21.61183055009251,22.285639925791425,21.307630507229515,22.54307311788292
legacy_three_workloads,mode,full mesh,energy_observed,iqr_pct,mean,30,16.186907407103142,5000,15.242453176222146,13.694196555622407,16.81257503919516,12.47588091081236,18.323413258499272
legacy_three_workloads,mode,full mesh,energy_observed,iqr_pct,median,30,14.830814033229078,5000,14.184688884425471,12.154448880170403,16.72253762924398,10.304151307942043,18.097978496328246
legacy_three_workloads,mode,full mesh,energy_observed,sample_std_pct,mean,30,12.789799875655218,5000,12.677912788274174,12.013158704841924,13.306380942590962,11.411808132211661,13.844387011272408
legacy_three_workloads,mode,full mesh,energy_observed,sample_std_pct,median,30,12.214352495049802,5000,12.370541423325689,11.455495714458728,13.240829436855801,10.852054317576744,13.939494303964109
legacy_three_workloads,mode,full mesh,energy_observed,delta_min_pct,mean,30,-20.41448948226731,5000,-18.496954754909872,-19.50744070368597,-17.316377277043127,-20.402747358470144,-16.257864530028986
legacy_three_workloads,mode,full mesh,energy_observed,delta_min_pct,median,30,-20.6513333109418,5000,-18.827635943251003,-20.544811890650653,-16.759376802313724,-21.89229869632147,-14.883513009730626
legacy_three_workloads,mode,full mesh,energy_observed,delta_max_pct,mean,30,22.57558416504526,5000,20.04473901297286,18.43114971663693,21.438975214927687,17.277550658897646,22.232458992289825
legacy_three_workloads,mode,full mesh,energy_observed,delta_max_pct,median,30,21.61820955607028,5000,19.19683739196896,17.19933182488818,20.972959205967644,15.10691971847144,22.618524530470708
legacy_three_workloads,mode,full mesh,energy_observed,range_abs,mean,30,8.58375501130789,5000,7.690790146125395,7.212945321963874,8.088088771464381,6.84288691387261,8.344237082256315
legacy_three_workloads,mode,full mesh,energy_observed,range_abs,median,30,8.127145382902098,5000,7.340278125569258,6.914701288460828,7.741549248843119,6.394163797137537,8.127145382902098
legacy_three_workloads,mode,full mesh,energy_observed,wcd_abs,mean,30,4.786394650549087,5000,4.370020293235669,4.037786459559925,4.616704339391314,3.83360218611031,4.751917938615562
legacy_three_workloads,mode,full mesh,energy_observed,wcd_abs,median,30,4.625916420987867,5000,4.158082918319896,3.8024532106722537,4.523154121818583,3.4652600995946834,4.8380195222470395
legacy_three_workloads,mode,full mesh,energy_observed,wcd_pct,mean,30,23.951800159244655,5000,21.82147097523075,20.330096095075607,23.0878035046003,19.339218764797803,23.816684140814683
legacy_three_workloads,mode,full mesh,energy_observed,wcd_pct,median,30,23.111464487072187,5000,21.251374237808914,19.687431121009855,22.66619347774451,18.157747953515027,23.77836598032983
legacy_three_workloads,mode,hypercube,energy_observed,mean,mean,30,19.749553234068554,5000,19.74869652636039,19.58154503735659,19.92385961326695,19.405022418862995,20.056726697283587
legacy_three_workloads,mode,hypercube,energy_observed,mean,median,30,22.096512574312392,5000,21.96759854137064,21.587523218708835,22.236218628745917,21.15595396545985,22.588376031926977
legacy_three_workloads,mode,hypercube,energy_observed,iqr_pct,mean,30,15.777502685713673,5000,15.0167672653863,13.492857458090324,16.512236543886655,12.35044193067526,17.632426239157656
legacy_three_workloads,mode,hypercube,energy_observed,iqr_pct,median,30,14.687711372403053,5000,14.076673294199999,11.939619036504695,16.46137154474651,10.366643699843138,18.591648499940266
legacy_three_workloads,mode,hypercube,energy_observed,sample_std_pct,mean,30,13.056713206652821,5000,12.951658498027797,12.24508245816254,13.588976354353928,11.710710818516969,14.033212616391362
legacy_three_workloads,mode,hypercube,energy_observed,sample_std_pct,median,30,13.000860920430092,5000,13.065036895219375,11.839869334784858,14.042877859134888,11.031591993262428,14.954407703812425
legacy_three_workloads,mode,hypercube,energy_observed,delta_min_pct,mean,30,-22.174090497356378,5000,-20.021660651887878,-21.24920897555651,-18.570699788408724,-22.200416225634193,-17.411886848967164
legacy_three_workloads,mode,hypercube,energy_observed,delta_min_pct,median,30,-21.143979166870885,5000,-18.782395932770513,-20.737059238312447,-17.072711452159623,-22.46809113615202,-15.327706277479859
legacy_three_workloads,mode,hypercube,energy_observed,delta_max_pct,mean,30,21.67050966515721,5000,19.32336588030951,17.856543498803592,20.677167047450567,16.88633439030624,21.677327756991925
legacy_three_workloads,mode,hypercube,energy_observed,delta_max_pct,median,30,21.530756734860283,5000,18.303453216736425,15.956694175956953,20.895861639202263,14.779749896143791,23.92971833400071
legacy_three_workloads,mode,hypercube,energy_observed,range_abs,mean,30,8.57771246152911,5000,7.685901887720819,7.226509622630387,8.09744119891556,6.8811916046855,8.411785168527368
legacy_three_workloads,mode,hypercube,energy_observed,range_abs,median,30,8.011876616638093,5000,7.405241248614111,6.730216059545523,7.9555610167050945,6.133120119026354,8.011876616638093
legacy_three_workloads,mode,hypercube,energy_observed,wcd_abs,mean,30,5.015023771103841,5000,4.495690596090119,4.187260196493575,4.766085676074002,3.9390900008465684,4.9591005606229945
legacy_three_workloads,mode,hypercube,energy_observed,wcd_abs,median,30,4.615310320574581,5000,4.162306083356841,3.811984268479978,4.51968085334445,3.4160730640203907,4.846238679067426
legacy_three_workloads,mode,hypercube,energy_observed,wcd_pct,mean,30,25.48271700386328,5000,22.925316078444716,21.3935346861613,24.29421001223844,20.444903515545914,25.17155149448896
legacy_three_workloads,mode,hypercube,energy_observed,wcd_pct,median,30,26.599123448035947,5000,22.910894846965448,20.386301077280894,25.08384079536545,18.259814449961084,26.602800310402586
legacy_three_workloads,mode,scale-free,energy_observed,mean,mean,30,19.90623004582329,5000,19.90459085434722,19.707171178415713,20.102063120426063,19.56723512239484,20.24686546280676
legacy_three_workloads,mode,scale-free,energy_observed,mean,median,30,22.28428583856971,5000,21.978503501539603,21.583306682711875,22.327691434456067,21.04328448387593,22.669262695870295
legacy_three_workloads,mode,scale-free,energy_observed,iqr_pct,mean,30,15.517546653745645,5000,14.458980499264559,12.81293583517543,16.05023300782116,11.880221062415206,17.279728232945413
legacy_three_workloads,mode,scale-free,energy_observed,iqr_pct,median,30,14.380673132505635,5000,13.82105872028612,11.414795663482638,15.975139296190603,9.696462604425605,18.165010373197116
legacy_three_workloads,mode,scale-free,energy_observed,sample_std_pct,mean,30,12.852528380342324,5000,12.71637370194906,11.962216432277948,13.438333059390006,11.085225933289994,14.096532277699453
legacy_three_workloads,mode,scale-free,energy_observed,sample_std_pct,median,30,12.976542620456856,5000,12.915481999979043,11.82987814815566,13.928280331324428,10.67762280182509,15.001258862980071
legacy_three_workloads,mode,scale-free,energy_observed,delta_min_pct,mean,30,-22.217255681794303,5000,-19.421781663788646,-20.85832669183823,-17.853351138101377,-21.562287431660614,-16.53540087741407
legacy_three_workloads,mode,scale-free,energy_observed,delta_min_pct,median,30,-22.685500443134075,5000,-18.989052805928452,-21.282838998231178,-16.816963585965272,-23.394056948141998,-15.11200861963859
legacy_three_workloads,mode,scale-free,energy_observed,delta_max_pct,mean,30,22.70571049459965,5000,19.75864084650286,18.208150306660702,21.284343144515663,17.053036658472735,22.556018387582395
legacy_three_workloads,mode,scale-free,energy_observed,delta_max_pct,median,30,22.230911888345076,5000,19.00940474831463,16.8295959536702,21.287871252965797,14.608206588927107,23.824685870005013
legacy_three_workloads,mode,scale-free,energy_observed,range_abs,mean,30,8.868800297929626,5000,7.7227648858316105,7.215202196347597,8.18478214637255,6.831156424342498,8.490317801891964
legacy_three_workloads,mode,scale-free,energy_observed,range_abs,median,30,8.742692477241956,5000,7.8856805987856635,6.867814459372525,8.370078316636546,6.250326884700196,8.742692477241956
legacy_three_workloads,mode,scale-free,energy_observed,wcd_abs,mean,30,4.981670455154306,5000,4.44370399141569,4.131320100837938,4.719718892977264,3.8957554402486934,4.9483476105113855
legacy_three_workloads,mode,scale-free,energy_observed,wcd_abs,median,30,4.620547211548993,5000,4.332919046830269,3.936832928135821,4.677176893773642,3.5815113831979764,5.0534392633318435
legacy_three_workloads,mode,scale-free,energy_observed,wcd_pct,mean,30,25.12993938310913,5000,22.49359077216281,20.962001486875522,23.88869066589139,19.59267715466954,25.041340013610057
legacy_three_workloads,mode,scale-free,energy_observed,wcd_pct,median,30,25.99511981828769,5000,22.588412423920417,19.97777950440429,25.05884764744487,18.204104237034983,26.461471462100537
legacy_three_workloads,mode,torus,energy_observed,mean,mean,30,19.89837084452005,5000,19.89802778969168,19.69746386994571,20.09340228006415,19.53462328106616,20.263436138889315
legacy_three_workloads,mode,torus,energy_observed,mean,median,30,22.09232701073413,5000,21.87070272066335,21.4563359178414,22.277930162905584,21.121210565761977,22.619864503514943
legacy_three_workloads,mode,torus,energy_observed,iqr_pct,mean,30,18.165483659645346,5000,17.462029825660437,15.61305676149787,19.414109116275583,14.115088396239054,21.082399705673602
legacy_three_workloads,mode,torus,energy_observed,iqr_pct,median,30,17.35140749988272,5000,16.272624245394645,14.186195345668503,18.873996645627635,12.279516713940033,21.415890417389328
legacy_three_workloads,mode,torus,energy_observed,sample_std_pct,mean,30,14.428291655251785,5000,14.307251801908041,13.540647528797203,15.025376405921453,12.801097336554506,15.534322302406274
legacy_three_workloads,mode,torus,energy_observed,sample_std_pct,median,30,14.789515472644338,5000,13.93267299949946,12.675057914880478,15.444817558669598,11.5134085330481,16.671362137842195
legacy_three_workloads,mode,torus,energy_observed,delta_min_pct,mean,30,-24.193027839428375,5000,-21.66842009830973,-23.03741894676348,-20.04482214370516,-23.811585287977,-18.704426905081657
legacy_three_workloads,mode,torus,energy_observed,delta_min_pct,median,30,-23.846226510440996,5000,-21.02725847906164,-23.31405839852392,-18.402680582115526,-25.035983746475466,-16.576975787177417
legacy_three_workloads,mode,torus,energy_observed,delta_max_pct,mean,30,24.676026620884432,5000,21.958037145203146,20.339271845571258,23.519040019747617,18.98601979342162,24.726654472164945
legacy_three_workloads,mode,torus,energy_observed,delta_max_pct,median,30,21.806769735921716,5000,19.975939171482047,17.918229193611687,22.28603993341238,16.043557348054428,24.434274031348696
legacy_three_workloads,mode,torus,energy_observed,range_abs,mean,30,9.552735616772676,5000,8.50235876883179,8.006861720996305,8.964707764610075,7.531737582976655,9.20725527460615
legacy_three_workloads,mode,torus,energy_observed,range_abs,median,30,9.143021791098345,5000,8.082976887447096,7.578805209601032,8.727027768551055,6.940589281251445,9.143021791098345
legacy_three_workloads,mode,torus,energy_observed,wcd_abs,mean,30,5.527441823796218,5000,4.901488422304899,4.560882564627324,5.205736108971921,4.3003962781863665,5.398986763772843
legacy_three_workloads,mode,torus,energy_observed,wcd_abs,median,30,5.406267395689449,5000,4.702335494272077,4.2096305309380915,5.268255628605673,3.8819628187400186,5.688136188667477
legacy_three_workloads,mode,torus,energy_observed,wcd_pct,mean,30,28.338925320402875,5000,25.162981380070818,23.361529622581227,26.758666098134213,21.717648925281384,28.03562731690135
legacy_three_workloads,mode,torus,energy_observed,wcd_pct,median,30,29.48924392459077,5000,24.288532175112817,22.118862763895045,26.633028165741116,19.5226855794253,28.758698315436163
legacy_three_workloads,workload,GAFAM,energy_observed,mean,mean,50,14.645680129257283,5000,14.645565709726576,14.532745337493225,14.755470738054171,14.39444497367493,14.850518300105461
legacy_three_workloads,workload,GAFAM,energy_observed,mean,median,50,14.671976925433135,5000,14.648884839778711,14.488200055482984,14.811976432211923,14.303460543205645,14.97117859668053
legacy_three_workloads,workload,GAFAM,energy_observed,iqr_pct,mean,50,18.388384164994296,5000,17.391484511102362,16.11708218866552,18.70894788749917,15.059022304563161,20.166317037342903
legacy_three_workloads,workload,GAFAM,energy_observed,iqr_pct,median,50,17.764660993801172,5000,16.58244326945275,14.631182759507265,18.0595883293395,13.317889880686414,20.32056906709274
legacy_three_workloads,workload,GAFAM,energy_observed,sample_std_pct,mean,50,14.486015747404048,5000,14.362928165270604,13.7768069323671,14.9260729991358,13.316811743107259,15.436686069642423
legacy_three_workloads,workload,GAFAM,energy_observed,sample_std_pct,median,50,14.71304482165488,5000,14.250827057717583,13.372576948388858,15.199772547091648,12.557203443267742,16.73292192746363
legacy_three_workloads,workload,GAFAM,energy_observed,delta_min_pct,mean,50,-24.139864059152497,5000,-21.699259811602225,-22.7696139464543,-20.512160881510717,-23.755081446235963,-19.49074511915635
legacy_three_workloads,workload,GAFAM,energy_observed,delta_min_pct,median,50,-23.135245109689137,5000,-21.29085095146289,-22.786077909522383,-19.73578224323798,-24.21947231306291,-18.295371032343088
legacy_three_workloads,workload,GAFAM,energy_observed,delta_max_pct,mean,50,24.71787643645405,5000,21.95969862121138,20.645408985943067,23.157581207154646,19.505550462716617,24.388084955988255
legacy_three_workloads,workload,GAFAM,energy_observed,delta_max_pct,median,50,24.710879834494722,5000,21.332583295596248,19.274667102417265,23.371529575544677,17.537305440277432,25.060583380370595
legacy_three_workloads,workload,GAFAM,energy_observed,range_abs,mean,50,7.147947191007375,5000,6.385410224515059,6.0996869999627386,6.653280992162252,5.834332704024035,6.824902255669109
legacy_three_workloads,workload,GAFAM,energy_observed,range_abs,median,50,7.193066628928234,5000,6.48072648731311,6.025900018236574,6.77756278488977,5.61694686583586,7.035742522202672
legacy_three_workloads,workload,GAFAM,energy_observed,wcd_abs,mean,50,4.034525796460627,5000,3.636627390511375,3.4437974538858507,3.8132282514409948,3.320444837674758,3.9538073811364502
legacy_three_workloads,workload,GAFAM,energy_observed,wcd_abs,median,50,4.043769371195237,5000,3.636520258815924,3.3917003612287915,3.8711310902435843,3.1078725667168934,4.061194480430775
legacy_three_workloads,workload,GAFAM,energy_observed,wcd_pct,mean,50,27.587607594383254,5000,24.878506579094662,23.52401166889397,26.08895371068826,22.7281152567757,27.15085861832465
legacy_three_workloads,workload,GAFAM,energy_observed,wcd_pct,median,50,27.75279992454231,5000,24.595156848259045,22.907516944467268,26.256262705903133,21.61481444843418,28.233455476034116
legacy_three_workloads,workload,PayPal,energy_observed,mean,mean,50,22.49007753133614,5000,22.491592003221854,22.332852252530916,22.651949204804495,22.18830567686984,22.785485917031295
legacy_three_workloads,workload,PayPal,energy_observed,mean,median,50,22.60337711221385,5000,22.493841323710477,22.264465208335285,22.71827735424503,22.11049319030063,22.8993797808808
legacy_three_workloads,workload,PayPal,energy_observed,iqr_pct,mean,50,15.932988761214098,5000,15.365962320247927,14.025257759717139,16.66666093586517,12.998532697401517,18.873933972922877
legacy_three_workloads,workload,PayPal,energy_observed,iqr_pct,median,50,14.95332426818538,5000,14.389520198295827,12.665298288689065,16.08915088069753,11.344348459008309,18.483403455389865
legacy_three_workloads,workload,PayPal,energy_observed,sample_std_pct,mean,50,12.933615282818787,5000,12.820047855870833,12.252231793897154,13.329074566286188,11.64876313003212,13.846815225516146
legacy_three_workloads,workload,PayPal,energy_observed,sample_std_pct,median,50,12.68421489839004,5000,12.652178193805053,11.731475711948617,13.434911688075005,10.891189346494475,13.965440655949376
legacy_three_workloads,workload,PayPal,energy_observed,delta_min_pct,mean,50,-22.450168442080034,5000,-19.830648994224497,-20.856520489210265,-18.65359777155258,-21.589166007375688,-17.399915648413618
legacy_three_workloads,workload,PayPal,energy_observed,delta_min_pct,median,50,-22.262439684626017,5000,-19.027853195070552,-20.825323779923412,-17.32567655929494,-22.377905749847777,-15.56565719130571
legacy_three_workloads,workload,PayPal,energy_observed,delta_max_pct,mean,50,21.588136783691958,5000,19.212804064922953,18.08654857516745,20.263193547499142,17.097459754263006,21.06116986580012
legacy_three_workloads,workload,PayPal,energy_observed,delta_max_pct,median,50,20.355484884179447,5000,18.359655758692885,16.919658353154084,19.857041578263214,15.375853723350438,21.29115001813065
legacy_three_workloads,workload,PayPal,energy_observed,range_abs,mean,50,9.91975613976102,5000,8.782608572133888,8.382436134805442,9.150955460562628,7.91212767490046,9.38175868748249
legacy_three_workloads,workload,PayPal,energy_observed,range_abs,median,50,9.660387807462119,5000,8.564066600351236,7.975790348307893,9.092482704184162,7.464917005158426,9.36436125547851
legacy_three_workloads,workload,PayPal,energy_observed,wcd_abs,mean,50,5.674325307739215,5000,5.074578018137459,4.817947500333514,5.310596082834601,4.557644854329934,5.447050058106779
legacy_three_workloads,workload,PayPal,energy_observed,wcd_abs,median,50,5.637426685897591,5000,4.953580969974174,4.590363464326211,5.314402549091288,4.2673564190441855,5.5246990333465416
legacy_three_workloads,workload,PayPal,energy_observed,wcd_pct,mean,50,25.216217409902345,5000,22.57102880405896,21.39106262703709,23.613210991332533,20.358826134960932,24.20766139198879
legacy_three_workloads,workload,PayPal,energy_observed,wcd_pct,median,50,24.88201826271662,5000,22.193306104268164,20.42526247667456,23.696045746465835,18.780396328176785,24.708092645069016
legacy_three_workloads,workload,VISA,energy_observed,mean,mean,50,22.455902496767624,5000,22.45655272633443,22.296999668652727,22.62414721178508,22.13387202224393,22.750018961623383
legacy_three_workloads,workload,VISA,energy_observed,mean,median,50,22.425339435718147,5000,22.442800368878395,22.22955986472674,22.661180990858636,22.087898335676652,22.822410833002138
legacy_three_workloads,workload,VISA,energy_observed,iqr_pct,mean,50,16.118770859506242,5000,15.055389398560639,13.831008895163086,16.263049046691336,12.745357655757779,17.22244965095939
legacy_three_workloads,workload,VISA,energy_observed,iqr_pct,median,50,15.491978411790807,5000,14.062981508637748,12.175733503799753,15.520707082312715,10.622397162268198,16.957770613781218
legacy_three_workloads,workload,VISA,energy_observed,sample_std_pct,mean,50,12.87745604679694,5000,12.748356098871437,12.188433905407157,13.272990599212642,11.597700978610412,13.839518162814686
legacy_three_workloads,workload,VISA,energy_observed,sample_std_pct,median,50,12.55616448419886,5000,12.390506385585532,11.564203950660126,13.227632586354778,10.851354329313516,13.89393085159254
legacy_three_workloads,workload,VISA,energy_observed,delta_min_pct,mean,50,-21.148249764278063,5000,-18.80838496256669,-19.784189118334716,-17.751575206641302,-20.70948633002462,-16.334813516832217
legacy_three_workloads,workload,VISA,energy_observed,delta_min_pct,median,50,-21.913679578661664,5000,-18.515531291626765,-20.129932393907676,-16.74256905793502,-21.673356299716787,-14.610066064918032
legacy_three_workloads,workload,VISA,energy_observed,delta_max_pct,mean,50,22.59733186820292,5000,19.989672505913838,18.78432549912564,21.14017876541093,17.622509441254163,21.920294948648657
legacy_three_workloads,workload,VISA,energy_observed,delta_max_pct,median,50,21.523046589520014,5000,18.566499006066067,16.877126580111923,20.293444273343194,15.616250952637376,21.559510591699386
legacy_three_workloads,workload,VISA,energy_observed,range_abs,mean,50,9.824440861219742,5000,8.712622276605462,8.301143747132937,9.088419246986644,7.844252521505065,9.418625501654526
legacy_three_workloads,workload,VISA,energy_observed,range_abs,median,50,9.289470173326448,5000,8.471690461611093,7.9460422557564465,8.93162845567283,7.447456037450836,9.11891571420322
legacy_three_workloads,workload,VISA,energy_observed,wcd_abs,mean,50,5.614801190485661,5000,5.013928840565633,4.73606292440554,5.260352498043378,4.452326071784601,5.417337564635171
legacy_three_workloads,workload,VISA,energy_observed,wcd_abs,median,50,5.422781563041246,5000,4.8513858063463795,4.498807784395546,5.2119713419184475,4.2099499139772085,5.5038025617672535
legacy_three_workloads,workload,VISA,energy_observed,wcd_pct,mean,50,25.00498014367731,5000,22.334644328369922,21.122690172795895,23.444935380529593,19.882616133592173,24.274268079547877
legacy_three_workloads,workload,VISA,energy_observed,wcd_pct,median,50,24.41098893431714,5000,21.657783475664033,20.10810853098188,23.157446716876887,18.631948656186452,24.416226237779043
legacy_three_workloads,network_size,10 nodes,energy_observed,mean,mean,75,19.83358705566521,5000,19.83443054373621,19.71016300498338,19.95668238753324,19.591858901822814,20.03596680064742
legacy_three_workloads,network_size,10 nodes,energy_observed,mean,median,75,21.929709153751,5000,21.847488305596997,21.596070197802362,22.101833693684572,21.338966907141394,22.35314553386294
legacy_three_workloads,network_size,10 nodes,energy_observed,iqr_pct,mean,75,16.50449227999235,5000,15.912812970601607,14.847669664847277,16.9402117265081,14.053908316622746,18.0071918794017
legacy_three_workloads,network_size,10 nodes,energy_observed,iqr_pct,median,75,15.242443853379733,5000,14.604439290855403,13.314809168090665,16.300745294516354,11.42537639428318,17.182154458442252
legacy_three_workloads,network_size,10 nodes,energy_observed,sample_std_pct,mean,75,13.717890600740294,5000,13.58828549051361,13.11666224071259,14.045487015805612,12.73672704587902,14.374974408753166
legacy_three_workloads,network_size,10 nodes,energy_observed,sample_std_pct,median,75,13.601158355109106,5000,13.155404860192231,12.433218286625312,13.866757090055716,11.920753664178346,14.593622491494266
legacy_three_workloads,network_size,10 nodes,energy_observed,delta_min_pct,mean,75,-23.299351154011703,5000,-20.7371127925701,-21.61323828904761,-19.78011100888114,-22.378781939131347,-18.899041575619965
legacy_three_workloads,network_size,10 nodes,energy_observed,delta_min_pct,median,75,-23.40450636329325,5000,-20.750536090477425,-22.249314957545042,-19.058099777840024,-23.489756973893265,-17.68947388843199
legacy_three_workloads,network_size,10 nodes,energy_observed,delta_max_pct,mean,75,23.719828661081365,5000,20.93288908376154,19.86821991802368,21.91330702658421,18.838902072636852,22.790487231369283
legacy_three_workloads,network_size,10 nodes,energy_observed,delta_max_pct,median,75,22.729538300252205,5000,19.298555437324662,17.75108491287504,20.85406198161435,16.82539330037937,22.274955218414703
legacy_three_workloads,network_size,10 nodes,energy_observed,range_abs,mean,75,9.232825969298487,5000,8.157479186877426,7.832027250737536,8.460157746198002,7.587840911275633,8.682012685890122
legacy_three_workloads,network_size,10 nodes,energy_observed,range_abs,median,75,8.640404447773985,5000,7.943627656604804,7.416856598296722,8.298101326817878,6.981171336987517,8.559158516437016
legacy_three_workloads,network_size,10 nodes,energy_observed,wcd_abs,mean,75,5.284111558840895,5000,4.709742434008101,4.489007458327311,4.905702592841199,4.347440517049252,5.031203324051684
legacy_three_workloads,network_size,10 nodes,energy_observed,wcd_abs,median,75,5.153695577594695,5000,4.502439322678619,4.216136628300861,4.802352658663646,3.999017420842259,5.027696783168043
legacy_three_workloads,network_size,10 nodes,energy_observed,wcd_pct,mean,75,26.812997253540455,5000,23.976703670012427,22.909171341910017,24.958327131667552,22.208899830522437,25.617281014344062
legacy_three_workloads,network_size,10 nodes,energy_observed,wcd_pct,median,75,25.7296236264578,5000,23.29603682946777,22.109650445350894,24.55574043134285,20.728722114333266,25.30785884417261
legacy_three_workloads,network_size,40 nodes,energy_observed,mean,mean,75,19.894186382575494,5000,19.894465241214434,19.773817777498024,20.01388656112367,19.673006962942495,20.09872074736604
legacy_three_workloads,network_size,40 nodes,energy_observed,mean,median,75,22.13686574752701,5000,22.003088325519712,21.749062266032162,22.195967662359315,21.449569776923603,22.3624867005172
legacy_three_workloads,network_size,40 nodes,energy_observed,iqr_pct,mean,75,17.122270243817407,5000,15.976885170104124,14.924359276909868,17.02166682677209,13.951458808672003,18.10268888562865
legacy_three_workloads,network_size,40 nodes,energy_observed,iqr_pct,median,75,17.67716174462615,5000,15.0042004684787,13.722025674759808,16.63348464148415,12.775234574108786,17.78742173632806
legacy_three_workloads,network_size,40 nodes,energy_observed,sample_std_pct,mean,75,13.14683411727289,5000,13.024599929862966,12.583582820547376,13.45799795438145,12.175144354035988,13.926396403677147
legacy_three_workloads,network_size,40 nodes,energy_observed,sample_std_pct,median,75,12.991513757691937,5000,13.06389032342907,12.364606907624394,13.777716785105985,11.788034464024076,14.302762487287458
legacy_three_workloads,network_size,40 nodes,energy_observed,delta_min_pct,mean,75,-21.859503689662027,5000,-19.479349020061946,-20.317170984546024,-18.57945360433934,-20.779887531548237,-17.62071074989454
legacy_three_workloads,network_size,40 nodes,energy_observed,delta_min_pct,median,75,-21.908741335356158,5000,-18.886579627957698,-20.154097294006444,-17.642348415172027,-21.366841878772963,-16.704749583094692
legacy_three_workloads,network_size,40 nodes,energy_observed,delta_max_pct,mean,75,22.215734731151255,5000,19.82959674569209,18.91826574721476,20.69544815555635,18.132932383911804,21.248774450661344
legacy_three_workloads,network_size,40 nodes,energy_observed,delta_max_pct,median,75,21.543880582605833,5000,19.245409975027044,17.880879046902823,20.564268364779615,16.64841984465679,21.886145194097367
legacy_three_workloads,network_size,40 nodes,energy_observed,range_abs,mean,75,8.695270158693601,5000,7.757516508203397,7.479876918230792,8.014368982350511,7.261947483582308,8.234649862580047
legacy_three_workloads,network_size,40 nodes,energy_observed,range_abs,median,75,8.084788992430347,5000,7.491699949709027,7.0230054736118195,7.915332180191978,6.704004735337721,8.027963380057974
legacy_three_workloads,network_size,40 nodes,energy_observed,wcd_abs,mean,75,4.931656637616106,5000,4.4366947747226995,4.260580203325937,4.605784795620198,4.093891898900247,4.709124254977081
legacy_three_workloads,network_size,40 nodes,energy_observed,wcd_abs,median,75,4.654124701646117,5000,4.214417623274878,3.9779142716182965,4.475604423424431,3.772833246030803,4.661422034506465
legacy_three_workloads,network_size,40 nodes,energy_observed,wcd_pct,mean,75,25.059539511768154,5000,22.52252545967978,21.586883914061815,23.401174811452762,20.784372221978455,23.894711989751976
legacy_three_workloads,network_size,40 nodes,energy_observed,wcd_pct,median,75,24.976568369283285,5000,22.1554556525874,20.74127325061929,23.515407644602075,19.20388023971302,24.64898886045285
six_workloads,blockchain,Algorand,energy_positive_commit,mean,mean,60,16.70911940179835,5000,16.707390407234904,16.58621732144292,16.82535760873887,16.483659843290003,16.917639019878802
six_workloads,blockchain,Algorand,energy_positive_commit,mean,median,60,18.013986266149153,5000,17.896753363700526,17.284182976736634,18.39304383002907,16.724945040168468,18.756227274991332
six_workloads,blockchain,Algorand,energy_positive_commit,iqr_pct,mean,60,17.67080605586839,5000,16.998575264145536,15.840766154223017,18.194365940193915,14.653233461127789,19.143464704105668
six_workloads,blockchain,Algorand,energy_positive_commit,iqr_pct,median,60,16.94697747483548,5000,16.104425050392553,14.623634222603883,17.722365180974858,13.455000511531168,19.24487043752076
six_workloads,blockchain,Algorand,energy_positive_commit,sample_std_pct,mean,60,14.779517951033476,5000,14.6457723302562,14.110693507963537,15.1630259569891,13.5888226235993,15.646891140255024
six_workloads,blockchain,Algorand,energy_positive_commit,sample_std_pct,median,60,14.670471432589872,5000,14.329806392542505,13.539561485273548,15.139975480960878,12.902004973970556,15.745178458946622
six_workloads,blockchain,Algorand,energy_positive_commit,delta_min_pct,mean,60,-25.050829944510262,5000,-22.31861450356434,-23.327839144147653,-21.172160639614766,-23.964696185782763,-19.935651027534544
six_workloads,blockchain,Algorand,energy_positive_commit,delta_min_pct,median,60,-25.923958077351898,5000,-22.806046393666254,-24.446814309888858,-20.717201825515744,-25.544825768090828,-18.420394639957564
six_workloads,blockchain,Algorand,energy_positive_commit,delta_max_pct,mean,60,25.5796093969836,5000,22.92271255254146,21.74499314315473,24.014972177699644,20.706826797593923,24.86233567094745
six_workloads,blockchain,Algorand,energy_positive_commit,delta_max_pct,median,60,25.122036152943828,5000,22.33214025223176,20.600062876643236,24.01469382084517,19.33878562721349,25.209449453098784
six_workloads,blockchain,Algorand,energy_positive_commit,range_abs,mean,60,8.26148852257221,5000,7.38348822938622,7.056585624498749,7.673460703653364,6.668303536368697,7.8462249506537916
six_workloads,blockchain,Algorand,energy_positive_commit,range_abs,median,60,7.7465774721787195,5000,6.775388642282182,6.384948972169532,7.29602527269526,5.839350153078758,7.726112711093742
six_workloads,blockchain,Algorand,energy_positive_commit,wcd_abs,mean,60,4.658516703010453,5000,4.215166737895808,3.9959038061782346,4.407665840878747,3.7821134395093505,4.525844358595348
six_workloads,blockchain,Algorand,energy_positive_commit,wcd_abs,median,60,4.214796612490085,5000,3.8431346563607516,3.501699080808663,4.192019455067502,3.2455443286688155,4.5722052568456695
six_workloads,blockchain,Algorand,energy_positive_commit,wcd_pct,mean,60,28.273332127106627,5000,25.6650378861018,24.49556144273211,26.752536119069994,23.448819144927118,27.547692919864406
six_workloads,blockchain,Algorand,energy_positive_commit,wcd_pct,median,60,28.41386474865128,5000,25.608654312110076,24.132330505556084,26.900178455916755,22.510627621580895,27.877600146783784
six_workloads,blockchain,Diem,energy_positive_commit,mean,mean,60,16.70655614894247,5000,16.705611245847248,16.59027533646025,16.8224478327677,16.463794684220513,16.924846968671726
six_workloads,blockchain,Diem,energy_positive_commit,mean,median,60,17.693439561406976,5000,17.714719819542246,17.26941778110614,18.19675127659734,16.757573704642773,18.61081936276544
six_workloads,blockchain,Diem,energy_positive_commit,iqr_pct,mean,60,17.19169184329717,5000,16.50962242460687,15.29840120145699,17.777748240948853,14.145255712052363,18.805862312076993
six_workloads,blockchain,Diem,energy_positive_commit,iqr_pct,median,60,17.181064393201535,5000,14.870443696337526,13.689366914503143,16.589865579500216,11.883236486446103,18.205155073982304
six_workloads,blockchain,Diem,energy_positive_commit,sample_std_pct,mean,60,13.842511878102782,5000,13.740351844007547,13.21937683898013,14.228625403475545,12.828978540584142,14.616776908648264
six_workloads,blockchain,Diem,energy_positive_commit,sample_std_pct,median,60,13.602587765682642,5000,12.989616542996078,12.267653384763353,13.997293049642572,11.575571560043386,14.883493149622183
six_workloads,blockchain,Diem,energy_positive_commit,delta_min_pct,mean,60,-23.338701834017208,5000,-21.048186375548173,-21.948360490247683,-20.033756256923493,-22.49912699187959,-19.008209120060123
six_workloads,blockchain,Diem,energy_positive_commit,delta_min_pct,median,60,-22.599056132776855,5000,-19.874452450114774,-21.568015671682744,-18.561973826829924,-22.78494679543645,-16.982519540336696
six_workloads,blockchain,Diem,energy_positive_commit,delta_max_pct,mean,60,23.215623067321314,5000,20.75842666822158,19.673870160115413,21.824178669250298,18.899273970392677,22.622407274555663
six_workloads,blockchain,Diem,energy_positive_commit,delta_max_pct,median,60,23.151756149985342,5000,19.909509581928866,18.522710124978307,21.013360185293926,17.1578161346745,22.18182526220109
six_workloads,blockchain,Diem,energy_positive_commit,range_abs,mean,60,7.645720054162251,5000,6.847256377559045,6.560346006776157,7.100840300428234,6.3525598291792615,7.291490458912748
six_workloads,blockchain,Diem,energy_positive_commit,range_abs,median,60,7.5301806144657615,5000,6.6451730255429435,6.041646965056557,7.131867754328794,5.89979578668871,7.417103622148586
six_workloads,blockchain,Diem,energy_positive_commit,wcd_abs,mean,60,4.302137627268741,5000,3.9055791610347335,3.7217091700443055,4.065885721165981,3.588975887450388,4.200304071293563
six_workloads,blockchain,Diem,energy_positive_commit,wcd_abs,median,60,4.056128276045624,5000,3.742969236932141,3.433837897458319,4.00828819852337,3.1757887452611886,4.248214375494274
six_workloads,blockchain,Diem,energy_positive_commit,wcd_pct,mean,60,26.09361322407299,5000,23.73771047463277,22.684015837538915,24.70447313583216,21.90748911900329,25.37765604740145
six_workloads,blockchain,Diem,energy_positive_commit,wcd_pct,median,60,25.19120236670615,5000,22.6399749590026,21.111916280449602,24.20843893265806,19.770803283876656,25.415659036806794
six_workloads,blockchain,Ethereum,energy_positive_commit,mean,mean,60,16.637734531206906,5000,16.637227008088146,16.513903850312087,16.758640808617226,16.40778003982838,16.88858263673675
six_workloads,blockchain,Ethereum,energy_positive_commit,mean,median,60,17.684050241628142,5000,17.571672861156483,17.146508429234252,18.012268765199995,16.819051907885058,18.323543396197387
six_workloads,blockchain,Ethereum,energy_positive_commit,iqr_pct,mean,60,18.33608702187635,5000,17.548206374290572,16.363177108231767,18.734267917991236,15.347202239319005,19.736530267778832
six_workloads,blockchain,Ethereum,energy_positive_commit,iqr_pct,median,60,17.785655646938213,5000,16.77612892760302,15.057780019701237,18.259065689013923,13.717438576821497,19.741765264531658
six_workloads,blockchain,Ethereum,energy_positive_commit,sample_std_pct,mean,60,14.251595842138915,5000,14.139478308850641,13.634754109928338,14.61608230699005,13.198067228592711,14.929010843976101
six_workloads,blockchain,Ethereum,energy_positive_commit,sample_std_pct,median,60,14.03550082514009,5000,13.821140130420938,13.097876817611422,14.45077362250302,12.133965543382352,15.253279737755285
six_workloads,blockchain,Ethereum,energy_positive_commit,delta_min_pct,mean,60,-23.50896607123849,5000,-21.303742745943072,-22.174054873206003,-20.309292410124044,-22.878453978429125,-19.300349862852286
six_workloads,blockchain,Ethereum,energy_positive_commit,delta_min_pct,median,60,-23.161304788799985,5000,-20.833636323589058,-22.14605198212113,-19.262702765309296,-22.884099116561906,-18.001020848728714
six_workloads,blockchain,Ethereum,energy_positive_commit,delta_max_pct,mean,60,23.825103657191615,5000,21.314156098184487,20.224343653819624,22.346765313396386,18.98626679760904,23.12218044902176
six_workloads,blockchain,Ethereum,energy_positive_commit,delta_max_pct,median,60,23.836415458824675,5000,20.337412985222326,18.672699770058703,22.01597496096724,17.56095271531666,23.396139499609006
six_workloads,blockchain,Ethereum,energy_positive_commit,range_abs,mean,60,7.961112706751669,5000,7.129716644208745,6.8221064522212815,7.401733656422821,6.574154739964877,7.558102345566937
six_workloads,blockchain,Ethereum,energy_positive_commit,range_abs,median,60,7.612668805326987,5000,6.493860838480686,5.905254856572579,6.83980825612025,5.49090081998167,7.612668805326987
six_workloads,blockchain,Ethereum,energy_positive_commit,wcd_abs,mean,60,4.481207331221497,5000,4.070948537900861,3.874191846135646,4.2412463408804095,3.7113341681636163,4.37741716678737
six_workloads,blockchain,Ethereum,energy_positive_commit,wcd_abs,median,60,4.062141537264171,5000,3.5625652301612303,3.2749597830544093,3.936000732513356,3.023327847431371,4.194555630916923
six_workloads,blockchain,Ethereum,energy_positive_commit,wcd_pct,mean,60,26.645622127981266,5000,24.28364698972939,23.218080767471104,25.239419146574296,22.261387834393695,26.06708310675089
six_workloads,blockchain,Ethereum,energy_positive_commit,wcd_pct,median,60,25.726629732838035,5000,23.644490663667042,22.415922975116988,24.973420661832687,21.276633349738205,26.19123169507548
six_workloads,blockchain,Quorum,energy_positive_commit,mean,mean,60,19.58731075271828,5000,19.665867013418485,19.341434747819182,20.068998978190393,19.1048956025517,20.3196304603941
six_workloads,blockchain,Quorum,energy_positive_commit,mean,median,60,21.895881630474882,5000,21.738651904097395,21.163401869183406,22.15744408805893,20.782286505677483,22.488645178857418
six_workloads,blockchain,Quorum,energy_positive_commit,iqr_pct,mean,60,15.345674601567804,5000,14.568436971773902,12.662090193048897,16.580706175259245,11.442651555314287,18.073978857395907
six_workloads,blockchain,Quorum,energy_positive_commit,iqr_pct,median,60,16.114409376301012,5000,14.877236621273095,11.116445741829331,17.93657870519334,9.201536750001376,20.697754716723612
six_workloads,blockchain,Quorum,energy_positive_commit,sample_std_pct,mean,60,13.812036153990551,5000,13.464331934030659,12.23475188488009,14.528081283656377,11.475885029027053,15.470957297807482
six_workloads,blockchain,Quorum,energy_positive_commit,sample_std_pct,median,60,13.529362483779796,5000,13.390994529997784,12.182710866344118,14.63059276657209,11.283285111295479,15.922240281377075
six_workloads,blockchain,Quorum,energy_positive_commit,delta_min_pct,mean,60,-20.240191083238525,5000,-17.293085068667608,-18.939979455227107,-15.573326203409811,-20.43183339105549,-14.40330859439775
six_workloads,blockchain,Quorum,energy_positive_commit,delta_min_pct,median,60,-19.77189540349061,5000,-17.46530641549057,-19.38693581488178,-15.57443025309199,-20.75298644932786,-13.484903105242642
six_workloads,blockchain,Quorum,energy_positive_commit,delta_max_pct,mean,60,20.11550639749905,5000,17.357219392614677,15.737614271596863,19.090221125619646,13.76784175017139,20.534052842188355
six_workloads,blockchain,Quorum,energy_positive_commit,delta_max_pct,median,60,21.316935112044582,5000,17.55501085880222,15.09138160492578,19.814262051744414,12.981163803481406,22.14594539849281
six_workloads,blockchain,Quorum,energy_positive_commit,range_abs,mean,60,7.935552264185833,5000,6.839285035961652,6.238772242273856,7.41752566757262,5.721784338507145,7.79466883645332
six_workloads,blockchain,Quorum,energy_positive_commit,range_abs,median,60,8.179906924245484,5000,6.931055142356442,6.125552283912626,8.149652994541825,5.093568416915517,8.257620110793237
six_workloads,blockchain,Quorum,energy_positive_commit,wcd_abs,mean,60,4.539412673817983,5000,3.9141506491175124,3.549290447632674,4.273612681237841,3.2182867884039355,4.4827456776764425
six_workloads,blockchain,Quorum,energy_positive_commit,wcd_abs,median,60,4.542282030863877,5000,3.9978397710744424,3.4792766015706036,4.450116073997258,3.045995315793263,4.85527872383242
six_workloads,blockchain,Quorum,energy_positive_commit,wcd_pct,mean,60,22.8373071069618,5000,19.723380855063773,17.94723967262381,21.4967729726337,16.27506947437897,22.647867338619342
six_workloads,blockchain,Quorum,energy_positive_commit,wcd_pct,median,60,23.18211341595509,5000,20.071764106725972,17.991432709213125,22.2460565257623,16.069779699070285,23.994795443217292
six_workloads,blockchain,Solana,energy_positive_commit,mean,mean,60,17.076624853260373,5000,16.99363776368769,16.515793560617436,17.403491249992303,16.113269820282444,17.707674243297667
six_workloads,blockchain,Solana,energy_positive_commit,mean,median,60,15.558572293102081,5000,15.48398617354146,14.922566267545971,17.726240512689476,14.434385787455593,20.825350947386195
six_workloads,blockchain,Solana,energy_positive_commit,iqr_pct,mean,60,14.423457686899678,5000,13.055796795911927,11.465466334342844,14.862207076780958,10.3877706191339,16.784978652012164
six_workloads,blockchain,Solana,energy_positive_commit,iqr_pct,median,60,14.757154680696761,5000,13.21934437627392,10.932657778658246,15.465971620025357,9.353758436953552,17.509123947362887
six_workloads,blockchain,Solana,energy_positive_commit,sample_std_pct,mean,60,12.428254792861345,5000,12.844262201268846,11.822591256710282,13.82389868904714,10.56269917605821,14.68192516667786
six_workloads,blockchain,Solana,energy_positive_commit,sample_std_pct,median,60,12.906058617851208,5000,12.846509508218906,11.520193541063012,14.312255104335353,10.344083441493817,15.714775920131483
six_workloads,blockchain,Solana,energy_positive_commit,delta_min_pct,mean,60,-18.290361964658526,5000,-16.236843779722363,-17.93876577929072,-14.570594686241927,-19.647186942711194,-12.987123834130207
six_workloads,blockchain,Solana,energy_positive_commit,delta_min_pct,median,60,-20.052984807575548,5000,-16.379897042767148,-18.837358576341643,-13.51604902314168,-20.92297223946518,-11.70322963983736
six_workloads,blockchain,Solana,energy_positive_commit,delta_max_pct,mean,60,17.235003217032364,5000,15.410807362592124,13.898184920026537,17.06900335495419,12.805149012170505,18.35018399360053
six_workloads,blockchain,Solana,energy_positive_commit,delta_max_pct,median,60,19.78252984812485,5000,16.17561841708701,13.63541290327145,18.717462021112254,11.761191725937968,20.583094473487957
six_workloads,blockchain,Solana,energy_positive_commit,range_abs,mean,60,5.75971608757793,5000,5.088625029921514,4.617014662920387,5.586797420029188,4.292441766293847,6.062913605079717
six_workloads,blockchain,Solana,energy_positive_commit,range_abs,median,60,5.743854985189638,5000,4.846438578983881,4.3909991326856534,5.8439260217689455,3.990404070516629,6.6482833137290775
six_workloads,blockchain,Solana,energy_positive_commit,wcd_abs,mean,60,3.357433349571699,5000,2.9912988481161875,2.698259025231984,3.298434626573949,2.468230545841365,3.5485757200670394
six_workloads,blockchain,Solana,energy_positive_commit,wcd_abs,median,60,3.6161651281511364,5000,2.973380581679585,2.5014777907914105,3.5386720067105517,2.2600323461933893,3.803921064326298
six_workloads,blockchain,Solana,energy_positive_commit,wcd_pct,mean,60,20.79031986669553,5000,18.647811620588254,16.831131139081442,20.56041435481524,14.944821296303965,22.30407610010807
six_workloads,blockchain,Solana,energy_positive_commit,wcd_pct,median,60,23.317457858760065,5000,20.061928448986116,17.685437736508227,22.52676804156851,15.422708532866304,24.72046959212492
six_workloads,mode,fat-tree,energy_positive_commit,mean,mean,60,17.23956207237114,5000,17.2294153416069,16.99340120670551,17.41013091653809,16.68993006858908,17.515451510517437
six_workloads,mode,fat-tree,energy_positive_commit,mean,median,60,20.729830505640763,5000,20.182806304102,19.010914896504186,20.807890311185695,17.494792440608695,21.286317585503923
six_workloads,mode,fat-tree,energy_positive_commit,iqr_pct,mean,60,18.495645507741298,5000,17.417942394795936,15.913061822483876,18.924498137955627,14.460948269758612,20.186157242048854
six_workloads,mode,fat-tree,energy_positive_commit,iqr_pct,median,60,18.1490440919279,5000,16.70589665291097,14.580561393529422,18.558552403504542,12.990357050238282,20.50469934077649
six_workloads,mode,fat-tree,energy_positive_commit,sample_std_pct,mean,60,14.451371634951805,5000,14.399733640806195,13.566103245456931,15.146981151745113,12.865400037428532,15.61004902904084
six_workloads,mode,fat-tree,energy_positive_commit,sample_std_pct,median,60,14.878963032118733,5000,14.358900089029657,13.35716239532172,15.342603305544074,11.955616292724773,16.193812245597393
six_workloads,mode,fat-tree,energy_positive_commit,delta_min_pct,mean,60,-24.075128985752382,5000,-21.11762188655016,-22.35740825116537,-19.817715605090445,-23.13306797086084,-18.726571917799102
six_workloads,mode,fat-tree,energy_positive_commit,delta_min_pct,median,60,-24.869761679536285,5000,-21.753504760708665,-23.455397250749552,-19.78664003731235,-24.459307364309943,-18.346649536064646
six_workloads,mode,fat-tree,energy_positive_commit,delta_max_pct,mean,60,22.943589141128573,5000,20.26573348450723,19.043816739327088,21.52228547314056,18.007322489363407,22.67033671284091
six_workloads,mode,fat-tree,energy_positive_commit,delta_max_pct,median,60,24.396801393296673,5000,20.01972808478365,17.898049614069034,22.204979155249582,16.50007620582663,23.68551027686489
six_workloads,mode,fat-tree,energy_positive_commit,range_abs,mean,60,7.981792630994819,5000,7.021294404648339,6.6320781602854755,7.372829554528261,6.201165346125776,7.599468734841931
six_workloads,mode,fat-tree,energy_positive_commit,range_abs,median,60,7.60550715937247,5000,6.540427080942929,5.841433576686432,7.0228994879918725,5.15009518492243,7.916294657944235
six_workloads,mode,fat-tree,energy_positive_commit,wcd_abs,mean,60,4.579225335201624,5000,4.049023186876189,3.804907650422789,4.277099505852666,3.560687241550662,4.463974643851747
six_workloads,mode,fat-tree,energy_positive_commit,wcd_abs,median,60,4.337314608301818,5000,3.7704316386114325,3.230967479526624,4.153608958673447,2.87758419657991,4.420020208174876
six_workloads,mode,fat-tree,energy_positive_commit,wcd_pct,mean,60,26.98073105446326,5000,23.878958112730043,22.51656389263942,25.177528302102054,20.955200130356886,26.116585994310327
six_workloads,mode,fat-tree,energy_positive_commit,wcd_pct,median,60,26.93841891026261,5000,24.407186247513604,22.673487044331317,25.723255388299652,20.372927591971386,26.76280477732736
six_workloads,mode,full mesh,energy_positive_commit,mean,mean,60,17.060500584554624,5000,17.066607495324547,16.92599358345232,17.206398520849017,16.819936941197717,17.34132895305975
six_workloads,mode,full mesh,energy_positive_commit,mean,median,60,20.418167971616057,5000,20.068012495079877,19.27332162043096,20.727787561262783,18.97934364845328,21.252753705222442
six_workloads,mode,full mesh,energy_positive_commit,iqr_pct,mean,60,17.101342689754016,5000,16.084396856705133,14.767726774035214,17.44661413400469,13.545477831934178,19.026512728877755
six_workloads,mode,full mesh,energy_positive_commit,iqr_pct,median,60,16.8806360819946,5000,15.330820033768823,13.73419816984589,17.310372252485532,11.738766001174975,19.348008551734118
six_workloads,mode,full mesh,energy_positive_commit,sample_std_pct,mean,60,13.801912213118511,5000,13.659423422093043,13.092354437474585,14.20033762124784,12.423823420709732,14.68376298808402
six_workloads,mode,full mesh,energy_positive_commit,sample_std_pct,median,60,13.623141663500762,5000,13.387431116343535,12.577371930821354,14.215020957414508,11.775774697340257,14.909874251541702
six_workloads,mode,full mesh,energy_positive_commit,delta_min_pct,mean,60,-22.34167557738516,5000,-20.11447802316151,-21.079753205011308,-19.02362129909937,-22.130099791931713,-18.031316198984726
six_workloads,mode,full mesh,energy_positive_commit,delta_min_pct,median,60,-21.423366851167692,5000,-19.887266528874235,-21.233303692466635,-18.351902799640477,-22.564613337323657,-16.855214670144374
six_workloads,mode,full mesh,energy_positive_commit,delta_max_pct,mean,60,23.606162229056643,5000,20.813252398624513,19.43197410091644,22.042844266734257,18.533767378625132,22.880346325395706
six_workloads,mode,full mesh,energy_positive_commit,delta_max_pct,median,60,23.555462149056233,5000,20.101696965313494,18.499355984184206,21.711254322376636,17.269448946417338,23.79509016276344
six_workloads,mode,full mesh,energy_positive_commit,range_abs,mean,60,7.7534763349291485,5000,6.887353792725033,6.527929236966486,7.2066032894691165,6.257720725082359,7.393947246756825
six_workloads,mode,full mesh,energy_positive_commit,range_abs,median,60,7.208008123843399,5000,6.392272721424327,5.869568150251222,7.01168477850198,5.402362974485822,7.270183358914775
six_workloads,mode,full mesh,energy_positive_commit,wcd_abs,mean,60,4.290871720846596,5000,3.8925219514527325,3.6590420342844596,4.08629925451804,3.4863700341197097,4.205779111904625
six_workloads,mode,full mesh,energy_positive_commit,wcd_abs,median,60,3.8052739160692255,5000,3.626047982473521,3.3201662450260123,3.8881666482701704,3.0215010795268054,4.114341213586792
six_workloads,mode,full mesh,energy_positive_commit,wcd_pct,mean,60,25.47580670743502,5000,23.117708983348187,21.854843561605033,24.240325952713903,20.779621795554164,24.930423375641524
six_workloads,mode,full mesh,energy_positive_commit,wcd_pct,median,60,24.6074557327636,5000,22.25150741553592,20.98069295966256,23.69323405003979,19.606504841769894,25.50945481402907
six_workloads,mode,hypercube,energy_positive_commit,mean,mean,60,16.94018303721089,5000,16.930055256066147,16.73702502242638,17.108730350410347,16.620449494274595,17.26269202416445
six_workloads,mode,hypercube,energy_positive_commit,mean,median,60,18.99823529795845,5000,18.937131518222767,16.436793048135478,20.132046145954842,15.01528263645339,20.688517025858925
six_workloads,mode,hypercube,energy_positive_commit,iqr_pct,mean,60,16.443941377253218,5000,16.233928663139274,14.96000227199146,17.52787683244211,13.894572903086056,18.92068648974092
six_workloads,mode,hypercube,energy_positive_commit,iqr_pct,median,60,16.3163079332614,5000,15.428006416810042,13.579425127657606,17.606847443107466,12.046439515973429,19.257088556119673
six_workloads,mode,hypercube,energy_positive_commit,sample_std_pct,mean,60,14.33593000882664,5000,14.205637566560092,13.61989077415538,14.789685167283805,13.030967027053894,15.360593478067791
six_workloads,mode,hypercube,energy_positive_commit,sample_std_pct,median,60,13.919939487098166,5000,13.796160371192151,12.906254527181453,14.696291809229773,12.17137310258109,15.56751362869959
six_workloads,mode,hypercube,energy_positive_commit,delta_min_pct,mean,60,-23.007035687100892,5000,-20.906221858463123,-22.090577975069788,-19.697624341920907,-23.474259075379326,-18.106324153318248
six_workloads,mode,hypercube,energy_positive_commit,delta_min_pct,median,60,-22.943790214724388,5000,-19.717486332859636,-21.722024492104097,-18.028896706418564,-23.188224129959092,-17.05153833061161
six_workloads,mode,hypercube,energy_positive_commit,delta_max_pct,mean,60,22.53503767108082,5000,20.516117004253047,19.283891144600297,21.747296676536806,17.97389328192505,22.70306043446037
six_workloads,mode,hypercube,energy_positive_commit,delta_max_pct,median,60,21.788535392368157,5000,20.001968185800912,18.03652884131205,21.996162323882835,16.096439483129824,23.339619715559618
six_workloads,mode,hypercube,energy_positive_commit,range_abs,mean,60,7.599168840031697,5000,6.8794049175919705,6.518834448376265,7.244054232416109,6.263890774353861,7.531366455881452
six_workloads,mode,hypercube,energy_positive_commit,range_abs,median,60,7.383982992965532,5000,6.397793856378338,6.023320760321983,6.867748680018516,5.47260326081167,7.383982992965532
six_workloads,mode,hypercube,energy_positive_commit,wcd_abs,mean,60,4.360677085079445,5000,3.9684234553093285,3.7370062060742484,4.19685692592645,3.561520020242026,4.34689474047457
six_workloads,mode,hypercube,energy_positive_commit,wcd_abs,median,60,4.008552964291896,5000,3.548499600049662,3.2365245065696118,3.8953805272167914,3.0641827514063564,4.17401664447457
six_workloads,mode,hypercube,energy_positive_commit,wcd_pct,mean,60,25.87460051898547,5000,23.700563383622235,22.403360548717743,24.991183918614233,21.328493216885885,25.72085073017461
six_workloads,mode,hypercube,energy_positive_commit,wcd_pct,median,60,26.52582727611776,5000,23.680705211203154,21.934338114535144,25.36728939866129,20.169156633614698,26.90798040923866
six_workloads,mode,scale-free,energy_positive_commit,mean,mean,60,16.968532959736734,5000,17.027334760544882,16.800431519201904,17.308818872840867,16.639222603475435,17.524300289485367
six_workloads,mode,scale-free,energy_positive_commit,mean,median,60,17.69000682527712,5000,18.006776688145955,15.432684551558124,20.40537508305144,14.940133426084117,21.10469585595248
six_workloads,mode,scale-free,energy_positive_commit,iqr_pct,mean,60,15.408638436644138,5000,14.131491536778572,12.775765550736788,15.553397905095759,11.587348067588003,17.08200510847043
six_workloads,mode,scale-free,energy_positive_commit,iqr_pct,median,60,14.492749125998355,5000,13.933008860613713,12.021807939153222,16.024911460605626,10.82191290492525,18.024587221222514
six_workloads,mode,scale-free,energy_positive_commit,sample_std_pct,mean,60,13.021057343494919,5000,13.154300068652837,12.408784793740148,13.893830687480792,11.799194306372842,14.396650466004573
six_workloads,mode,scale-free,energy_positive_commit,sample_std_pct,median,60,12.991513757691937,5000,13.121370946213599,12.217427477489881,14.003504329400629,11.273042903437103,14.8529551938819
six_workloads,mode,scale-free,energy_positive_commit,delta_min_pct,mean,60,-20.898408618405032,5000,-18.32651807186678,-19.64725403338206,-17.02648859233408,-20.740171143746522,-15.759601225200463
six_workloads,mode,scale-free,energy_positive_commit,delta_min_pct,median,60,-21.923331809226696,5000,-18.327610986254413,-20.184303331695013,-16.42804550029118,-21.480569622286954,-15.313676665087819
six_workloads,mode,scale-free,energy_positive_commit,delta_max_pct,mean,60,21.482116499897653,5000,18.868227967555313,17.48117001759208,20.263940700020953,16.37944130230734,21.29617330003373
six_workloads,mode,scale-free,energy_positive_commit,delta_max_pct,median,60,21.689228812039104,5000,19.134418063347898,17.426521794758465,20.86291348296711,16.146461012340495,22.666784077879136
six_workloads,mode,scale-free,energy_positive_commit,range_abs,mean,60,7.126785257640122,5000,6.223025876125168,5.817406872680883,6.627440338927333,5.529423021702914,6.9249879882353405
six_workloads,mode,scale-free,energy_positive_commit,range_abs,median,60,7.730154812590437,5000,6.360152239278648,5.42453889800068,6.935082418911434,4.9071533476655045,7.661471518789591
six_workloads,mode,scale-free,energy_positive_commit,wcd_abs,mean,60,3.998660298378102,5000,3.572120395811522,3.3188519257667357,3.818037001965788,3.144012268768142,4.020454886023941
six_workloads,mode,scale-free,energy_positive_commit,wcd_abs,median,60,4.324121089315943,5000,3.6147386459075097,3.145253270998096,4.015686375706704,2.702355837069736,4.260109660468419
six_workloads,mode,scale-free,energy_positive_commit,wcd_pct,mean,60,23.545859387387264,5000,21.190272422908997,19.81479348773923,22.601348087300003,18.733805464826222,23.600049376212688
six_workloads,mode,scale-free,energy_positive_commit,wcd_pct,median,60,24.4469013531139,5000,21.864014199902254,19.881165207984353,23.73862948988393,18.332740912162173,25.11389910745841
six_workloads,mode,torus,energy_positive_commit,mean,mean,60,17.31681602421999,5000,17.244496751711225,16.99071540303652,17.41986366790357,16.851503047003376,17.569225300713995
six_workloads,mode,torus,energy_positive_commit,mean,median,60,20.45491628909281,5000,20.13256956828412,19.55787278129969,20.656431557394527,19.03363781751634,21.009322930464386
six_workloads,mode,torus,energy_positive_commit,iqr_pct,mean,60,17.112712080979815,5000,16.65964131995383,15.182266832003306,18.18263092328069,13.844741532472037,19.874933332228668
six_workloads,mode,torus,energy_positive_commit,iqr_pct,median,60,17.545772814561953,5000,15.97425856536437,14.217977767849876,17.80709805070264,13.186322336680155,19.723513220235503
six_workloads,mode,torus,energy_positive_commit,sample_std_pct,mean,60,14.180431367042473,5000,14.06519105354408,13.47943763191088,14.640478373672488,12.908085300308729,14.964008925874404
six_workloads,mode,torus,energy_positive_commit,sample_std_pct,median,60,14.604721655946642,5000,13.748369736959539,12.688473222214851,14.911327472102442,12.176556691025224,15.839769250971628
six_workloads,mode,torus,energy_positive_commit,delta_min_pct,mean,60,-22.67044058060399,5000,-20.542114628150763,-21.76954895476019,-19.232382250603926,-23.140255640912457,-17.965574309127565
six_workloads,mode,torus,energy_positive_commit,delta_min_pct,median,60,-23.233531402992604,5000,-20.123474041115955,-22.200927952852908,-18.353547061726978,-23.375379989040198,-16.68144047750036
six_workloads,mode,torus,energy_positive_commit,delta_max_pct,mean,60,22.410330231242124,5000,20.425528061658888,19.23791496241116,21.665814568758414,18.415135128455617,22.65713996348542
six_workloads,mode,torus,energy_positive_commit,delta_max_pct,median,60,21.742326421334603,5000,19.89451905759092,18.23346198578747,21.328529285238027,16.848253844750786,22.419211919583077
six_workloads,mode,torus,energy_positive_commit,range_abs,mean,60,7.560454804257919,5000,6.848528247202717,6.5007841554989705,7.209462975717805,6.204029054529221,7.468767475667357
six_workloads,mode,torus,energy_positive_commit,range_abs,median,60,6.981171336987517,5000,6.6608888229617875,6.1897048811304085,6.934590922679402,5.740978157988676,7.276558799691921
six_workloads,mode,torus,energy_positive_commit,wcd_abs,mean,60,4.313515671014621,5000,3.9161400891012574,3.6953091966371767,4.143331819827113,3.506310886257648,4.311083604539242
six_workloads,mode,torus,energy_positive_commit,wcd_abs,median,60,4.089176199348836,5000,3.7311175893645774,3.416920080861201,4.07903801340021,3.172687917021431,4.378680430161726
six_workloads,mode,torus,energy_positive_commit,wcd_pct,mean,60,25.609307578591935,5000,23.369141390177887,22.048471598117874,24.662064014618743,20.79504874759918,25.747403625777423
six_workloads,mode,torus,energy_positive_commit,wcd_pct,median,60,25.478525828652312,5000,23.155566371081253,21.2358476048191,25.000417992432652,19.534520701647637,26.67329315254415
six_workloads,workload,DDoS,energy_positive_commit,mean,mean,50,10.47655735880697,5000,10.455230104076264,10.327610574715395,10.567965106090073,10.208594842008214,10.663544633001536
six_workloads,workload,DDoS,energy_positive_commit,mean,median,50,10.460728519582144,5000,10.459454362181937,10.316015291204206,10.591086998662973,10.219592831827834,10.712249220611334
six_workloads,workload,DDoS,energy_positive_commit,iqr_pct,mean,50,18.123462496722258,5000,17.505282937560715,15.668317371118572,19.464151946406716,13.844193823942593,20.86229719328273
six_workloads,workload,DDoS,energy_positive_commit,iqr_pct,median,50,18.09842806822253,5000,17.275367902670233,14.66195743152598,19.25477290567523,12.832487610559625,21.71007905425578
six_workloads,workload,DDoS,energy_positive_commit,sample_std_pct,mean,50,14.941165409698081,5000,14.792372660086087,14.007006305477447,15.509588626878967,13.32896989282428,16.04734566903257
six_workloads,workload,DDoS,energy_positive_commit,sample_std_pct,median,50,15.57543313106978,5000,14.81930305775506,13.752635288735238,15.860457949614403,12.647258138959508,16.515148740513975
six_workloads,workload,DDoS,energy_positive_commit,delta_min_pct,mean,50,-24.014907881621,5000,-21.523854520063104,-22.99408785679768,-20.00518677346296,-24.232461072046814,-18.149538441865023
six_workloads,workload,DDoS,energy_positive_commit,delta_min_pct,median,50,-25.02395250316429,5000,-22.140270338367415,-24.11696245139912,-19.52029228838276,-25.75528908626199,-16.959208153835224
six_workloads,workload,DDoS,energy_positive_commit,delta_max_pct,mean,50,24.269551050114273,5000,21.893635580693957,20.284825998401242,23.425953352475936,18.769288177043904,24.736369732568978
six_workloads,workload,DDoS,energy_positive_commit,delta_max_pct,median,50,24.891453120187577,5000,21.703901183051343,19.72412785923926,23.79964792796239,17.99491905178592,25.664198000232428
six_workloads,workload,DDoS,energy_positive_commit,range_abs,mean,50,5.009617235679711,5000,4.500801622901992,4.241922314854549,4.754615759914082,3.9810704825822834,4.939290803864996
six_workloads,workload,DDoS,energy_positive_commit,range_abs,median,50,5.133134889225179,5000,4.614763870720553,4.291769374079628,4.893789966284169,3.8770219663057963,5.132415439849769
six_workloads,workload,DDoS,energy_positive_commit,wcd_abs,mean,50,2.8081375400370066,5000,2.557352938192521,2.3852601940581706,2.7161831885449486,2.237895466185668,2.8422719643420735
six_workloads,workload,DDoS,energy_positive_commit,wcd_abs,median,50,2.9097648600314607,5000,2.6026992926433525,2.3924617054050965,2.8143212698660482,2.215707057391768,2.968090358793316
six_workloads,workload,DDoS,energy_positive_commit,wcd_pct,mean,50,27.04966420298869,5000,24.65760068372156,23.03710465186108,26.216768637740937,21.643794218939387,27.507614810126494
six_workloads,workload,DDoS,energy_positive_commit,wcd_pct,median,50,28.11568375637387,5000,25.104729196544,22.949128087360585,27.03511920017329,20.621649878986407,28.680483369390515
six_workloads,workload,FIFA,energy_positive_commit,mean,mean,50,9.270989565995993,5000,9.252283444962242,9.155344419742129,9.341682622831549,9.061389421459296,9.401193498385572
six_workloads,workload,FIFA,energy_positive_commit,mean,median,50,9.201918769876402,5000,9.186209546739512,9.085677950410753,9.317289706975362,8.963191698489315,9.44866359872337
six_workloads,workload,FIFA,energy_positive_commit,iqr_pct,mean,50,18.258074490699567,5000,17.889758018441313,16.361442226721167,19.574929486401675,15.221423779726722,21.042437666858905
six_workloads,workload,FIFA,energy_positive_commit,iqr_pct,median,50,17.565244288573304,5000,17.116172692545142,15.351905966982539,19.4020961911403,13.621962803967072,20.831337912861443
six_workloads,workload,FIFA,energy_positive_commit,sample_std_pct,mean,50,14.578510792023167,5000,14.753712798436851,13.993450056413492,15.415994530826131,13.461214601135369,15.885899700298156
six_workloads,workload,FIFA,energy_positive_commit,sample_std_pct,median,50,14.648809141206145,5000,14.427937444638589,13.398386166507047,15.36801387114965,12.535231938635377,16.28937849839327
six_workloads,workload,FIFA,energy_positive_commit,delta_min_pct,mean,50,-23.59318274330826,5000,-21.601339962543733,-23.105731421597525,-20.135427890274695,-24.322954474262183,-18.87968455166113
six_workloads,workload,FIFA,energy_positive_commit,delta_min_pct,median,50,-23.491276722680883,5000,-20.97228826944104,-23.036240960576485,-19.3211031401477,-24.055206800508508,-17.838589461706484
six_workloads,workload,FIFA,energy_positive_commit,delta_max_pct,mean,50,23.124846637789137,5000,21.10668797329038,19.65023172729386,22.65090745592022,18.54280921621266,24.389932628789353
six_workloads,workload,FIFA,energy_positive_commit,delta_max_pct,median,50,24.232158526072773,5000,20.81533136748748,19.144850030277833,22.92059131456072,17.439588697036523,24.55509452797437
six_workloads,workload,FIFA,energy_positive_commit,range_abs,mean,50,4.2927982739995105,5000,3.9189131981864747,3.6904832788658233,4.161633184152955,3.5417281541212415,4.38990651004638
six_workloads,workload,FIFA,energy_positive_commit,range_abs,median,50,4.19035495575966,5000,3.9364263521488883,3.5928411687326065,4.108932949025206,3.5292331943085724,4.236613175856765
six_workloads,workload,FIFA,energy_positive_commit,wcd_abs,mean,50,2.3701209113899804,5000,2.1953518831002112,2.0583022044069197,2.339407717311676,1.9381034987571926,2.456804850487831
six_workloads,workload,FIFA,energy_positive_commit,wcd_abs,median,50,2.3790828401178854,5000,2.2098328171734867,2.0342491928877835,2.3737076070416756,1.8793188254728137,2.499631301756706
six_workloads,workload,FIFA,energy_positive_commit,wcd_pct,mean,50,25.782166643783178,5000,23.91416583324057,22.413848675465275,25.47616616465435,21.13073626080946,26.775957607986633
six_workloads,workload,FIFA,energy_positive_commit,wcd_pct,median,50,25.937206328804617,5000,23.8436905684854,22.039406303811777,25.652014011576842,20.785721129766387,26.941630892748705
six_workloads,workload,GAFAM,energy_positive_commit,mean,mean,50,14.607200098639137,5000,14.610809120297606,14.484334257491277,14.741672618488959,14.332554152467765,14.864634550926054
six_workloads,workload,GAFAM,energy_positive_commit,mean,median,50,14.649230632502672,5000,14.632041259579221,14.4533470748094,14.81482451400356,14.272376959800294,14.960772351332439
six_workloads,workload,GAFAM,energy_positive_commit,iqr_pct,mean,50,18.148306790452864,5000,16.987159628382607,15.66451345784425,18.364772200429684,14.643260944677598,19.6673955946132
six_workloads,workload,GAFAM,energy_positive_commit,iqr_pct,median,50,17.764660993801172,5000,16.48017850051965,14.390152143770814,17.926545993526908,12.886206411173482,20.32056906709274
six_workloads,workload,GAFAM,energy_positive_commit,sample_std_pct,mean,50,14.347669693148132,5000,14.320362023721493,13.659915533685266,14.956335334575897,13.152869247524498,15.45372086131608
six_workloads,workload,GAFAM,energy_positive_commit,sample_std_pct,median,50,14.694392040349157,5000,14.20648431968949,13.223754463285752,15.33824204213371,12.489323185369955,16.46451028026012
six_workloads,workload,GAFAM,energy_positive_commit,delta_min_pct,mean,50,-22.782727593948465,5000,-20.433300094288064,-21.5431164250617,-19.210432604408382,-22.459144840315396,-17.90437716098227
six_workloads,workload,GAFAM,energy_positive_commit,delta_min_pct,median,50,-22.47156205599357,5000,-20.453483282659654,-21.96561510870276,-18.777815124412793,-22.929028930866238,-17.04397425349993
six_workloads,workload,GAFAM,energy_positive_commit,delta_max_pct,mean,50,23.54609630592679,5000,20.6419399726625,19.297380610824476,21.928263026469324,18.219473291541135,22.98566510623238
six_workloads,workload,GAFAM,energy_positive_commit,delta_max_pct,median,50,23.60943148683775,5000,20.016014654350414,18.010445776177257,22.109283139521825,16.268358087862133,23.656050986709015
six_workloads,workload,GAFAM,energy_positive_commit,range_abs,mean,50,6.7733520979428485,5000,6.005325480453351,5.699819579946449,6.302565484952465,5.432675006669216,6.504941600206
six_workloads,workload,GAFAM,energy_positive_commit,range_abs,median,50,6.776616585022731,5000,6.109195727463029,5.641637897214419,6.549309253183067,5.2687233703372645,6.748575032815436
six_workloads,workload,GAFAM,energy_positive_commit,wcd_abs,mean,50,3.7804416118298088,5000,3.403309956829042,3.2116747977341635,3.5834540830791504,3.0650204565516814,3.7278425993273587
six_workloads,workload,GAFAM,energy_positive_commit,wcd_abs,median,50,3.800858697863424,5000,3.458886664881465,3.2030445120067843,3.7023561329012957,2.9447434579530123,3.9025145542464266
six_workloads,workload,GAFAM,energy_positive_commit,wcd_pct,mean,50,25.86504759995012,5000,23.27673765389485,21.94569448215565,24.53419328975321,20.87591151815145,25.580540700825896
six_workloads,workload,GAFAM,energy_positive_commit,wcd_pct,median,50,25.526625676539908,5000,23.302589977283507,21.6976468709111,24.92330770356491,19.549158379748402,26.565577051839146
six_workloads,workload,Gaming,energy_positive_commit,mean,mean,50,20.963642946891024,5000,20.962341284482115,20.751985189866375,21.16381990536653,20.60739290864922,21.368777019500893
six_workloads,workload,Gaming,energy_positive_commit,mean,median,50,20.914660929314866,5000,20.94135484520976,20.676944673160875,21.198246152513818,20.39754643704267,21.652600238753895
six_workloads,workload,Gaming,energy_positive_commit,iqr_pct,mean,50,17.623450186486824,5000,16.574933882374417,14.920027560641678,18.253251094810153,13.564674408943997,19.894482383119765
six_workloads,workload,Gaming,energy_positive_commit,iqr_pct,median,50,18.588794866612965,5000,15.712108402168823,13.776586224716787,18.25505763497473,11.044431041827691,19.683458466399227
six_workloads,workload,Gaming,energy_positive_commit,sample_std_pct,mean,50,14.452457660506361,5000,14.449458585016401,13.668233569071914,15.114466721563796,12.861127495213886,15.787750830632216
six_workloads,workload,Gaming,energy_positive_commit,sample_std_pct,median,50,13.846623941753347,5000,13.777734051066272,12.756049949356967,14.813890393984247,11.701658800180951,15.775641983194605
six_workloads,workload,Gaming,energy_positive_commit,delta_min_pct,mean,50,-24.365265974275065,5000,-21.840132495363505,-23.30604551636327,-20.34525793155654,-24.493631417118316,-18.7681485557947
six_workloads,workload,Gaming,energy_positive_commit,delta_min_pct,median,50,-23.382418474441767,5000,-20.755986427739806,-22.67319957079513,-18.782280288546,-23.781827941682977,-16.84319626456667
six_workloads,workload,Gaming,energy_positive_commit,delta_max_pct,mean,50,23.94898652304084,5000,21.525082864678158,19.956272189237435,23.034446023031744,18.48412454349042,24.5283729873856
six_workloads,workload,Gaming,energy_positive_commit,delta_max_pct,median,50,23.95273768298813,5000,20.995888898551122,18.725381690850007,23.231521027287283,16.379586698806147,25.190950629763528
six_workloads,workload,Gaming,energy_positive_commit,range_abs,mean,50,10.145320573973851,5000,9.096040637992743,8.57370095588408,9.604930900991988,8.17353336892785,10.097852547233671
six_workloads,workload,Gaming,energy_positive_commit,range_abs,median,50,9.766960421510795,5000,8.7025086663371,7.991863397076536,9.303620482366071,7.501848650311022,10.063777237637023
six_workloads,workload,Gaming,energy_positive_commit,wcd_abs,mean,50,5.695146914951414,5000,5.189498336937081,4.861065914460493,5.506850715831259,4.569666561965958,5.801758194339789
six_workloads,workload,Gaming,energy_positive_commit,wcd_abs,median,50,5.4955255283591775,5000,4.985566704902633,4.485526882806813,5.494864250803527,4.193472592764149,5.8236556023529555
six_workloads,workload,Gaming,energy_positive_commit,wcd_pct,mean,50,27.120670285037754,5000,24.747751688549414,23.17681105873892,26.253182480001477,21.298958989796382,27.754849749333435
six_workloads,workload,Gaming,energy_positive_commit,wcd_pct,median,50,25.57299643169435,5000,23.767979483492727,21.598765376569506,25.983665663887066,20.323673766760514,27.670285335656377
six_workloads,workload,PayPal,energy_positive_commit,mean,mean,50,22.647370223026275,5000,22.623743294081187,22.42780504972786,22.80911242767421,22.16033479109228,22.96238114446131
six_workloads,workload,PayPal,energy_positive_commit,mean,median,50,22.61325550770223,5000,22.540912595599206,22.287943590680534,22.774678506382944,22.050405316803324,22.937050209053
six_workloads,workload,PayPal,energy_positive_commit,iqr_pct,mean,50,14.843500646643461,5000,14.34946579828695,12.931560591302075,15.815712834218008,12.019452565511541,17.41555378950674
six_workloads,workload,PayPal,energy_positive_commit,iqr_pct,median,50,14.067792001734563,5000,13.730753237614309,11.77327885546246,15.824417973218615,10.4657704478843,18.156768518005396
six_workloads,workload,PayPal,energy_positive_commit,sample_std_pct,mean,50,12.758787335467037,5000,12.75959170709551,12.085343233431711,13.410584814858751,11.341163033110465,13.975802478876547
six_workloads,workload,PayPal,energy_positive_commit,sample_std_pct,median,50,12.468704203135074,5000,12.61209813078667,11.62579029550224,13.442975953795495,10.616758089751787,13.989055781312702
six_workloads,workload,PayPal,energy_positive_commit,delta_min_pct,mean,50,-21.265999897460073,5000,-18.89794636623032,-20.1600415020917,-17.58824876911391,-21.0777927485465,-16.512005147370427
six_workloads,workload,PayPal,energy_positive_commit,delta_min_pct,median,50,-21.78540880694724,5000,-18.379086280213915,-20.640564551450147,-16.456634795799594,-22.406881384644144,-14.619881839460458
six_workloads,workload,PayPal,energy_positive_commit,delta_max_pct,mean,50,19.996769778048417,5000,17.944075858688315,16.73296155275324,19.18667417567225,15.744918392469694,20.327361608294954
six_workloads,workload,PayPal,energy_positive_commit,delta_max_pct,median,50,20.17982636822463,5000,17.921754229560264,16.315045649142476,19.463621860667967,14.689820419210276,20.83986644454593
six_workloads,workload,PayPal,energy_positive_commit,range_abs,mean,50,9.29591387506253,5000,8.295377534598568,7.806407978518036,8.769776399252875,7.465541282642615,9.103931264940904
six_workloads,workload,PayPal,energy_positive_commit,range_abs,median,50,9.53276015582463,5000,8.343807205798926,7.714978102413847,9.031209641030248,7.294719660800705,9.410178330652734
six_workloads,workload,PayPal,energy_positive_commit,wcd_abs,mean,50,5.341159760131705,5000,4.81896089530289,4.518433846591224,5.118685734795917,4.299859917097391,5.382395024787079
six_workloads,workload,PayPal,energy_positive_commit,wcd_abs,median,50,5.5943070743001115,5000,4.892134920466068,4.4625309496501115,5.294655668033024,4.087739367545739,5.621844751896212
six_workloads,workload,PayPal,energy_positive_commit,wcd_pct,mean,50,23.73737591858547,5000,21.42889054896175,20.078827951867023,22.762532105301016,19.15272198192832,23.96266085275213
six_workloads,workload,PayPal,energy_positive_commit,wcd_pct,median,50,24.624135290323352,5000,21.92945383129304,19.841034811155392,23.633259620896858,18.384965078623637,24.56268839605298
six_workloads,workload,VISA,energy_positive_commit,mean,mean,50,22.421810093700763,5000,22.4210437803514,22.21254960249246,22.621754721146257,22.02546390054496,22.769414427964644
six_workloads,workload,VISA,energy_positive_commit,mean,median,50,22.29517015012027,5000,22.39486951084433,22.15201909967599,22.619476712669712,21.971298075189438,22.806203759209655
six_workloads,workload,VISA,energy_positive_commit,iqr_pct,mean,50,15.176301233724985,5000,14.183264681198327,12.82773367787704,15.566018718964427,11.875797621700512,16.778536449904166
six_workloads,workload,VISA,energy_positive_commit,iqr_pct,median,50,14.561710648044059,5000,13.217933017757067,11.27214363426647,14.886598601396075,10.442271706088771,16.679007064562498
six_workloads,workload,VISA,energy_positive_commit,sample_std_pct,mean,50,13.130742448275068,5000,12.892943621483763,12.040998953907325,13.634081050855347,11.343696306649196,14.224809929245026
six_workloads,workload,VISA,energy_positive_commit,sample_std_pct,median,50,12.641478275853585,5000,12.406226080502547,11.48333071357414,13.392428974347078,10.762201084947671,14.295306249321595
six_workloads,workload,VISA,energy_positive_commit,delta_min_pct,mean,50,-20.57370275608924,5000,-17.992169906597987,-19.227355915136876,-16.668085529383948,-20.191398760646344,-14.737472197937173
six_workloads,workload,VISA,energy_positive_commit,delta_min_pct,median,50,-20.24735697782052,5000,-17.704517955980656,-19.406083771238844,-15.945834397621152,-20.55686730635172,-14.380252541364232
six_workloads,workload,VISA,energy_positive_commit,delta_max_pct,mean,50,21.492138795216114,5000,18.900493451162724,17.556003092773388,20.2406128639342,16.003036075556377,21.38188026461568
six_workloads,workload,VISA,energy_positive_commit,delta_max_pct,median,50,21.523046589520014,5000,18.14354566116491,16.008612882281987,20.08158934984851,14.232944582364883,21.16467963948338
six_workloads,workload,VISA,energy_positive_commit,range_abs,mean,50,9.427073725312285,5000,8.261284842847703,7.748260721351969,8.738873378953596,7.278021108738191,9.211565240029138
six_workloads,workload,VISA,energy_positive_commit,range_abs,median,50,9.018667788469704,5000,8.34757836725548,7.594395392072933,8.64579037782726,6.951420841308648,9.018667788469704
six_workloads,workload,VISA,energy_positive_commit,wcd_abs,mean,50,5.443165895843121,5000,4.776114893915322,4.438831539236906,5.075028990460243,4.201181167965109,5.314172592897653
six_workloads,workload,VISA,energy_positive_commit,wcd_abs,median,50,5.422781563041246,5000,4.697190661972836,4.321178774739463,5.116383440408992,3.9207593038811925,5.52661027725485
six_workloads,workload,VISA,energy_positive_commit,wcd_pct,mean,50,24.271903677903744,5000,21.333006665499486,19.848680224236357,22.661086871152907,18.680213092573243,23.738335380165736
six_workloads,workload,VISA,energy_positive_commit,wcd_pct,median,50,24.428500473975827,5000,21.05959150847758,19.319276647893933,22.883010505607373,17.739866840996328,24.376232978101452
six_workloads,network_size,10 nodes,energy_positive_commit,mean,mean,150,17.03343237127633,5000,17.03960380300532,16.932492049360903,17.15213192148786,16.845475450960627,17.240835544425156
six_workloads,network_size,10 nodes,energy_positive_commit,mean,median,150,20.310405395205635,5000,19.86148744676801,19.33972821246214,20.316646418153347,18.15515261642012,20.635318239976016
six_workloads,network_size,10 nodes,energy_positive_commit,iqr_pct,mean,150,16.58309014181338,5000,15.785393942139226,14.944758721079157,16.611210909566392,14.366507025680498,17.198754659726596
six_workloads,network_size,10 nodes,energy_positive_commit,iqr_pct,median,150,16.216773806720308,5000,14.983542811716951,13.864182987429162,16.269398608636905,12.955152216551983,17.221121064545144
six_workloads,network_size,10 nodes,energy_positive_commit,sample_std_pct,mean,150,13.814413256300645,5000,13.77234296479645,13.323824297793598,14.186775007654854,13.047947055045704,14.50191599244557
six_workloads,network_size,10 nodes,energy_positive_commit,sample_std_pct,median,150,13.512236107127325,5000,13.291810795656776,12.7351392313495,13.897945286426152,12.37304491586756,14.55038118307072
six_workloads,network_size,10 nodes,energy_positive_commit,delta_min_pct,mean,150,-22.91818945508162,5000,-20.28453938257947,-21.00700724939695,-19.484240128828578,-21.499016006997447,-18.91765077693009
six_workloads,network_size,10 nodes,energy_positive_commit,delta_min_pct,median,150,-23.328831149578818,5000,-19.684984486245778,-20.95200500373143,-18.408040607376428,-22.017841034939384,-17.53505851931006
six_workloads,network_size,10 nodes,energy_positive_commit,delta_max_pct,mean,150,22.74748453816306,5000,20.126063031640044,19.318015939365,20.93022045460738,18.595330069581642,21.756846739346024
six_workloads,network_size,10 nodes,energy_positive_commit,delta_max_pct,median,150,23.059934607349124,5000,19.458761095168907,18.240996865745995,20.56242039759396,17.203914686333626,21.660013584686993
six_workloads,network_size,10 nodes,energy_positive_commit,range_abs,mean,150,7.66226690353996,5000,6.7450319053521035,6.499087975035957,6.962560155144843,6.312707044161706,7.151414379431335
six_workloads,network_size,10 nodes,energy_positive_commit,range_abs,median,150,7.383982992965532,5000,6.453999211860355,6.023320760321983,6.722659220255464,5.862853469200033,7.098557116839849
six_workloads,network_size,10 nodes,energy_positive_commit,wcd_abs,mean,150,4.3884102248186245,5000,3.898593727093564,3.7409031405243174,4.037956512488403,3.635615520242975,4.159744792224941
six_workloads,network_size,10 nodes,energy_positive_commit,wcd_abs,median,150,4.139637827514527,5000,3.67439310661676,3.4313773103771856,3.887763376583546,3.257703018275687,4.0904920969456775
six_workloads,network_size,10 nodes,energy_positive_commit,wcd_pct,mean,150,25.968800336126744,5000,23.227924703529627,22.38207496121722,24.003263100263887,21.65234649211111,24.761917148787866
six_workloads,network_size,10 nodes,energy_positive_commit,wcd_pct,median,150,25.30682666726819,5000,22.87171271733501,21.796736792874622,23.91875651646071,20.727102410154377,24.762954989789286
six_workloads,network_size,40 nodes,energy_positive_commit,mean,mean,150,17.189335019476214,5000,17.166116822290306,17.01107512751304,17.31086030276692,16.84592296440811,17.43768639584637
six_workloads,network_size,40 nodes,energy_positive_commit,mean,median,150,20.20210061389661,5000,19.74133966748402,17.44163082367488,20.36857902333283,15.4023011415858,20.771309997659117
six_workloads,network_size,40 nodes,energy_positive_commit,iqr_pct,mean,150,17.291828846916353,5000,16.51380101477504,15.574925148936304,17.472932662625308,14.789824448101038,18.41729350105715
six_workloads,network_size,40 nodes,energy_positive_commit,iqr_pct,median,150,17.947244151275598,5000,15.918901129504729,14.693543549495296,17.255936828920962,13.633911980490213,18.36738259814152
six_workloads,network_size,40 nodes,energy_positive_commit,sample_std_pct,mean,150,14.137387458005835,5000,14.060670747644672,13.638160492987497,14.46134890573369,13.271337333792733,14.89591787904723
six_workloads,network_size,40 nodes,energy_positive_commit,sample_std_pct,median,150,14.360116452087883,5000,14.025625137364921,13.411601044863321,14.643559223659476,12.734429289140909,15.128886972686635
six_workloads,network_size,40 nodes,energy_positive_commit,delta_min_pct,mean,150,-22.23288531652305,5000,-20.141051037303466,-20.941079296427624,-19.31708986746327,-21.443521231532007,-18.73448466135868
six_workloads,network_size,40 nodes,energy_positive_commit,delta_min_pct,median,150,-22.498672933800513,5000,-20.19629982914048,-21.30664131833372,-19.25960235471652,-22.563236997691305,-18.27880012969503
six_workloads,network_size,40 nodes,energy_positive_commit,delta_max_pct,mean,150,22.40767742794434,5000,20.22740096571965,19.41637578052513,21.094687157051737,18.831993934285517,21.764236665676734
six_workloads,network_size,40 nodes,energy_positive_commit,delta_max_pct,median,150,22.152391865773176,5000,20.220647587419627,19.112149547195607,21.265793602521548,18.09938942184529,22.450183713539886
six_workloads,network_size,40 nodes,energy_positive_commit,range_abs,mean,150,7.535206971759923,5000,6.806540804552273,6.572285341589004,7.0498256014840734,6.304109121677459,7.257038788391126
six_workloads,network_size,40 nodes,energy_positive_commit,range_abs,median,150,7.3172538140530445,5000,6.48457600874917,6.040011528575947,6.760558261569891,5.817487959579275,7.00309033430781
six_workloads,network_size,40 nodes,energy_positive_commit,wcd_abs,mean,150,4.216340053540971,5000,3.8591166959602403,3.71606801601737,4.0070971757725,3.5217652878809576,4.0983165533633725
six_workloads,network_size,40 nodes,energy_positive_commit,wcd_abs,median,150,4.015816658517154,5000,3.6087419627932693,3.3801424979609482,3.854840252583367,3.223987802938037,4.035292816315032
six_workloads,network_size,40 nodes,energy_positive_commit,wcd_pct,mean,150,24.9528906754843,5000,22.852300408010876,22.02570241517467,23.72505595575342,21.099187286748315,24.237662675977614
six_workloads,network_size,40 nodes,energy_positive_commit,wcd_pct,median,150,25.62488776667926,5000,23.33588164830354,22.166096420457215,24.50474344106563,21.169626250203027,25.539625364044536
legacy_three_workloads,blockchain,Algorand,energy_positive_commit,mean,mean,30,19.826396509119704,5000,19.82362081614345,19.641129171756763,19.99737515143113,19.470948550310823,20.176120874195412
legacy_three_workloads,blockchain,Algorand,energy_positive_commit,mean,median,30,22.064421229403536,5000,21.877843173011144,21.544243398847044,22.21649047497663,21.26616087436193,22.455455901609056
legacy_three_workloads,blockchain,Algorand,energy_positive_commit,iqr_pct,mean,30,15.956732349963769,5000,15.076016732653182,13.496728764961315,16.665223212102692,12.221218172561729,17.659204315601723
legacy_three_workloads,blockchain,Algorand,energy_positive_commit,iqr_pct,median,30,14.7530945913227,5000,14.326385826334006,12.06002760662087,16.146767876763167,10.742039474786178,18.544874245040795
legacy_three_workloads,blockchain,Algorand,energy_positive_commit,sample_std_pct,mean,30,13.64725716364904,5000,13.507680248168299,12.727307691328573,14.2122534174907,11.813811231750018,14.782682897138278
legacy_three_workloads,blockchain,Algorand,energy_positive_commit,sample_std_pct,median,30,12.912908318747771,5000,13.211756811724179,12.272451653070819,14.020354274964356,11.539533196429296,14.976207704917169
legacy_three_workloads,blockchain,Algorand,energy_positive_commit,delta_min_pct,mean,30,-22.428639555713648,5000,-19.946689500354715,-21.29171396330153,-18.375138351309687,-22.335585848036906,-16.423598589582845
legacy_three_workloads,blockchain,Algorand,energy_positive_commit,delta_min_pct,median,30,-24.13536401716973,5000,-20.05634920566696,-22.770504653835346,-17.51757861696743,-24.03377588454164,-15.363975611890098
legacy_three_workloads,blockchain,Algorand,energy_positive_commit,delta_max_pct,mean,30,24.53230689897693,5000,21.93942697387258,20.154049962972294,23.41846799807108,18.505927405670313,24.672120034917224
legacy_three_workloads,blockchain,Algorand,energy_positive_commit,delta_max_pct,median,30,23.785933987728697,5000,21.37524128214053,18.874149800045117,23.84519603152242,16.630499567618987,25.938382797314816
legacy_three_workloads,blockchain,Algorand,energy_positive_commit,range_abs,mean,30,9.261953534664462,5000,8.23365683246533,7.659929587550256,8.722489587020714,6.975409694081156,9.041908095935495
legacy_three_workloads,blockchain,Algorand,energy_positive_commit,range_abs,median,30,9.077230174915877,5000,7.893995525297185,7.209066673092111,8.561846895156373,6.083305572948168,9.077230174915877
legacy_three_workloads,blockchain,Algorand,energy_positive_commit,wcd_abs,mean,30,5.383548628764597,5000,4.795852433526695,4.403449259035471,5.119207461279396,4.053555905752192,5.349185429338886
legacy_three_workloads,blockchain,Algorand,energy_positive_commit,wcd_abs,median,30,5.2595677439420685,5000,4.635192747779977,4.121278551526888,5.155735036736504,3.623334485571724,5.761050371248913
legacy_three_workloads,blockchain,Algorand,energy_positive_commit,wcd_pct,mean,30,27.158879930959515,5000,24.2575157030646,22.46943775379488,25.79957585437063,20.85964905104846,27.15135888096119
legacy_three_workloads,blockchain,Algorand,energy_positive_commit,wcd_pct,median,30,26.656218630616483,5000,24.461336269627413,21.970145863328426,26.1772738316241,19.688870824981606,27.73505419673528
legacy_three_workloads,blockchain,Diem,energy_positive_commit,mean,mean,30,19.93071993636553,5000,19.92926545129612,19.749649598698095,20.113582797629086,19.528400664045254,20.25864502059413
legacy_three_workloads,blockchain,Diem,energy_positive_commit,mean,median,30,22.03120199776769,5000,21.999465374148997,21.622398366971286,22.255288073661198,21.348555881157914,22.5390388541485
legacy_three_workloads,blockchain,Diem,energy_positive_commit,iqr_pct,mean,30,16.118666627153846,5000,15.320295040821733,13.703443436632782,16.978767354903233,12.101932544520231,18.796144213348736
legacy_three_workloads,blockchain,Diem,energy_positive_commit,iqr_pct,median,30,15.961938520411364,5000,13.679662996926824,11.669323533954557,15.978863642154646,10.600202954756607,17.87041425364407
legacy_three_workloads,blockchain,Diem,energy_positive_commit,sample_std_pct,mean,30,12.869730815026704,5000,12.766497812954036,12.059010044713848,13.44852723686027,11.564340087036362,13.84659621629844
legacy_three_workloads,blockchain,Diem,energy_positive_commit,sample_std_pct,median,30,12.109537780862492,5000,11.885383976349729,10.948228600636382,12.847833137512543,10.151502387412933,13.61029645333609
legacy_three_workloads,blockchain,Diem,energy_positive_commit,delta_min_pct,mean,30,-21.830261858622357,5000,-19.70045020488522,-20.861102543735726,-18.294837489317135,-21.496814987807657,-17.264683967410047
legacy_three_workloads,blockchain,Diem,energy_positive_commit,delta_min_pct,median,30,-21.678209302493634,5000,-18.89471825578399,-21.414532974522153,-16.1833352820676,-23.177837599703782,-14.72148484147003
legacy_three_workloads,blockchain,Diem,energy_positive_commit,delta_max_pct,mean,30,21.83762283366241,5000,19.200811685591923,17.6889912141576,20.719716571229828,16.360882101296205,21.958838896134992
legacy_three_workloads,blockchain,Diem,energy_positive_commit,delta_max_pct,median,30,19.929732092469614,5000,18.00661781076426,16.106644406611498,19.675746647538556,14.911972743721872,20.87320985288041
legacy_three_workloads,blockchain,Diem,energy_positive_commit,range_abs,mean,30,8.578442916869495,5000,7.636248878032106,7.171132464811872,8.030761714412625,6.862344672198831,8.334624799028862
legacy_three_workloads,blockchain,Diem,energy_positive_commit,range_abs,median,30,8.50978929337528,5000,7.509266588534206,6.925063512565599,8.084978384287181,6.533699301404871,8.50978929337528
legacy_three_workloads,blockchain,Diem,energy_positive_commit,wcd_abs,mean,30,4.800892674956854,5000,4.3475022998323265,4.066040554653112,4.590687218196989,3.8234235182987018,4.794962059760992
legacy_three_workloads,blockchain,Diem,energy_positive_commit,wcd_abs,median,30,4.5726616378687845,5000,4.192946769679409,3.8430805189867683,4.5202848931343045,3.4160601249832965,4.787024846905977
legacy_three_workloads,blockchain,Diem,energy_positive_commit,wcd_pct,mean,30,24.48154425251262,5000,22.171379768753468,20.71893606842071,23.48006726224879,19.42522508498282,24.27532422562473
legacy_three_workloads,blockchain,Diem,energy_positive_commit,wcd_pct,median,30,23.479539092859767,5000,21.07893328636343,19.016972984380722,23.191983577997018,16.565040467519296,24.788257601817705
legacy_three_workloads,blockchain,Ethereum,energy_positive_commit,mean,mean,30,19.81813966585546,5000,19.818869952531983,19.605181358594066,20.02155892882041,19.429239565356067,20.178916609471184
legacy_three_workloads,blockchain,Ethereum,energy_positive_commit,mean,median,30,21.97437777244587,5000,21.830814008628614,21.413451351662427,22.192439076940516,21.065671192527073,22.608668766427478
legacy_three_workloads,blockchain,Ethereum,energy_positive_commit,iqr_pct,mean,30,18.255363192478193,5000,17.557881917700556,15.864039169024748,19.264336452132564,14.380519121889645,20.474447872424808
legacy_three_workloads,blockchain,Ethereum,energy_positive_commit,iqr_pct,median,30,15.861765826188513,5000,16.26845691837361,13.966672140733369,18.715580758395106,12.036818068483917,21.674587357225178
legacy_three_workloads,blockchain,Ethereum,energy_positive_commit,sample_std_pct,mean,30,14.37241014389975,5000,14.277610388619571,13.49917613567494,14.933431425850422,12.729997679369124,15.466986852325302
legacy_three_workloads,blockchain,Ethereum,energy_positive_commit,sample_std_pct,median,30,13.93346089245971,5000,13.779567277650564,12.744764875627029,14.70477030424557,11.749153217419572,15.577480495644966
legacy_three_workloads,blockchain,Ethereum,energy_positive_commit,delta_min_pct,mean,30,-24.442715777366416,5000,-21.998479740935178,-23.260804195351607,-20.453684595893783,-24.20226568162941,-19.144084900632553
legacy_three_workloads,blockchain,Ethereum,energy_positive_commit,delta_min_pct,median,30,-23.161304788799985,5000,-21.265553314452873,-23.085163794237726,-19.075404217895475,-24.561117208166383,-16.831654016069457
legacy_three_workloads,blockchain,Ethereum,energy_positive_commit,delta_max_pct,mean,30,23.54732109667875,5000,20.99844198655792,19.517077288096324,22.424797268353533,18.145275131814376,23.63525936865904
legacy_three_workloads,blockchain,Ethereum,energy_positive_commit,delta_max_pct,median,30,22.92542146734467,5000,20.12319300443576,17.737452682009057,22.242626131425567,15.549285762656668,24.138283735443128
legacy_three_workloads,blockchain,Ethereum,energy_positive_commit,range_abs,mean,30,9.566987650891045,5000,8.547562777762721,8.066036737221067,8.983254168997258,7.604063178610152,9.314282235340503
legacy_three_workloads,blockchain,Ethereum,energy_positive_commit,range_abs,median,30,9.184707330385688,5000,8.113767829370719,7.505527349102353,8.844719371432387,6.833291129774763,9.184707330385688
legacy_three_workloads,blockchain,Ethereum,energy_positive_commit,wcd_abs,mean,30,5.3776336236759645,5000,4.889715492735235,4.568303966527226,5.161839225451365,4.250777621038848,5.33759547137211
legacy_three_workloads,blockchain,Ethereum,energy_positive_commit,wcd_abs,median,30,5.265660682254569,5000,4.64142430537031,4.112073462928715,5.124343282491137,3.6986174907861953,5.4295828115639235
legacy_three_workloads,blockchain,Ethereum,energy_positive_commit,wcd_pct,mean,30,26.898836639404244,5000,24.529156869020408,22.927970727864135,25.873373406211694,21.271602009999146,26.875203210213826
legacy_three_workloads,blockchain,Ethereum,energy_positive_commit,wcd_pct,median,30,25.292291696432233,5000,23.622602753162564,21.853199114984356,25.40678853922557,19.41054213726925,27.464669848126263
legacy_three_workloads,blockchain,Quorum,energy_positive_commit,mean,mean,30,19.808177506647908,5000,19.82322645558854,19.53270464977681,20.143426188561357,19.309681851475776,20.338110035429278
legacy_three_workloads,blockchain,Quorum,energy_positive_commit,mean,median,30,21.896637198875965,5000,21.77418565818332,21.265175931022394,22.191593917239633,20.822454681449788,22.492175115081064
legacy_three_workloads,blockchain,Quorum,energy_positive_commit,iqr_pct,mean,30,15.857197088286734,5000,14.877087202302313,12.954359350282388,16.83570994755818,11.784902959110566,18.116440387655967
legacy_three_workloads,blockchain,Quorum,energy_positive_commit,iqr_pct,median,30,16.95946637830475,5000,15.221007653092894,11.430866808615654,18.08968009606964,9.567816799672165,20.697754716723612
legacy_three_workloads,blockchain,Quorum,energy_positive_commit,sample_std_pct,mean,30,13.81203615399055,5000,13.464331934030659,12.23475188488009,14.528081283656377,11.475885029027053,15.470957297807482
legacy_three_workloads,blockchain,Quorum,energy_positive_commit,sample_std_pct,median,30,13.529362483779796,5000,13.390994529997784,12.182710866344118,14.63059276657209,11.283285111295479,15.922240281377075
legacy_three_workloads,blockchain,Quorum,energy_positive_commit,delta_min_pct,mean,30,-20.914864119346475,5000,-17.696853343684545,-19.26373375629915,-15.98649349543475,-20.43183339105549,-14.883418880877676
legacy_three_workloads,blockchain,Quorum,energy_positive_commit,delta_min_pct,median,30,-20.005150891446846,5000,-17.605031221926296,-19.503575040417957,-15.787622886754933,-21.044563161661376,-14.084684041972126
legacy_three_workloads,blockchain,Quorum,energy_positive_commit,delta_max_pct,mean,30,20.786023277415687,5000,17.76051956662844,16.118262245392774,19.41751092283554,14.226769808510436,20.756314752712466
legacy_three_workloads,blockchain,Quorum,energy_positive_commit,delta_max_pct,median,30,21.453118143071897,5000,17.777296423757292,15.442995646861746,19.905590426143842,13.079542144554665,22.174830563713854
legacy_three_workloads,blockchain,Quorum,energy_positive_commit,range_abs,mean,30,8.200070672992027,5000,7.001351086453699,6.411851645864732,7.529900169992068,5.91251048312405,7.862227776803213
legacy_three_workloads,blockchain,Quorum,energy_positive_commit,range_abs,median,30,8.21876351751936,5000,7.094423688971163,6.28977574788649,8.157407155606837,5.574482620988647,8.257620110793237
legacy_three_workloads,blockchain,Quorum,energy_positive_commit,wcd_abs,mean,30,4.690726429611915,5000,4.006204629174709,3.640754326816382,4.338115556871527,3.3255630146840667,4.574253871813731
legacy_three_workloads,blockchain,Quorum,energy_positive_commit,wcd_abs,median,30,4.60833393358638,5000,4.058515258143826,3.564922444912556,4.469105876984745,3.135885216683869,4.85527872383242
legacy_three_workloads,blockchain,Quorum,energy_positive_commit,wcd_pct,mean,30,23.59855067719386,5000,20.186782404599874,18.420752147257502,21.8119210345959,16.8175717901916,23.237165030574157
legacy_three_workloads,blockchain,Quorum,energy_positive_commit,wcd_pct,median,30,23.255472282766952,5000,20.265580358193752,18.268271785369134,22.369980591070025,16.739325921006817,24.29758883463286
legacy_three_workloads,blockchain,Solana,energy_positive_commit,mean,mean,30,19.472251308658127,5000,19.33721076719803,18.80191586759708,19.78701114155793,18.23572609936395,20.059480590985707
legacy_three_workloads,blockchain,Solana,energy_positive_commit,mean,median,30,21.7443968646314,5000,21.4538651529939,20.25795329499859,22.193991892752326,18.014101027186157,22.64131195472553
legacy_three_workloads,blockchain,Solana,energy_positive_commit,iqr_pct,mean,30,13.848935399016755,5000,12.561478442028996,10.619810021394242,14.816044468501207,9.432665390729802,16.972386517884036
legacy_three_workloads,blockchain,Solana,energy_positive_commit,iqr_pct,median,30,14.485402986220766,5000,12.69413562712669,9.868723764589546,15.391426497539673,7.459116637335969,17.525941231725852
legacy_three_workloads,blockchain,Solana,energy_positive_commit,sample_std_pct,mean,30,12.10133733163273,5000,12.462532099695238,11.110031543460162,13.739919795890108,10.131292850348933,14.899592479090487
legacy_three_workloads,blockchain,Solana,energy_positive_commit,sample_std_pct,median,30,13.369531653537997,5000,12.393028780993168,10.540293696222768,14.896150481188469,8.867582903319862,16.12194555240986
legacy_three_workloads,blockchain,Solana,energy_positive_commit,delta_min_pct,mean,30,-17.408344259339366,5000,-15.577552473720509,-17.82905694170147,-13.387882604701014,-20.62477635784925,-11.3210318977668
legacy_three_workloads,blockchain,Solana,energy_positive_commit,delta_min_pct,median,30,-18.66830223767981,5000,-15.313122927663363,-18.764160491584704,-11.848644504404973,-22.54547323877095,-9.826386738968734
legacy_three_workloads,blockchain,Solana,energy_positive_commit,delta_max_pct,mean,30,16.862080250857964,5000,15.105232833296638,13.132653430238582,17.248724743975718,11.96733521810029,19.282042334901245
legacy_three_workloads,blockchain,Solana,energy_positive_commit,delta_max_pct,median,30,18.15123029117597,5000,15.066021268974886,12.030365343144554,18.49911826942713,9.883004641212946,22.207716222895556
legacy_three_workloads,blockchain,Solana,energy_positive_commit,range_abs,mean,30,6.262217458416586,5000,5.561262159081441,4.898035432234035,6.312126266155553,4.343344482400764,7.110858986580274
legacy_three_workloads,blockchain,Solana,energy_positive_commit,range_abs,median,30,6.847946290588864,5000,6.02017786743043,4.7277725594762945,6.714721244190212,4.291517186458666,7.1977677494860615
legacy_three_workloads,blockchain,Solana,energy_positive_commit,wcd_abs,mean,30,3.6749724823464978,5000,3.291919117289945,2.874697610079505,3.749431401838775,2.4859753209056774,4.243296979146491
legacy_three_workloads,blockchain,Solana,energy_positive_commit,wcd_abs,median,30,4.0756775864956865,5000,3.540537643615769,2.797211070969617,4.030240398241604,2.3933461959620317,4.487881290343839
legacy_three_workloads,blockchain,Solana,energy_positive_commit,wcd_pct,mean,30,20.20915201129473,5000,18.19664222929534,15.894372266162447,20.689387152818597,13.840214876378628,23.089126474421168
legacy_three_workloads,blockchain,Solana,energy_positive_commit,wcd_pct,median,30,22.854927290277484,5000,19.31881604724243,15.409459221042686,23.199110260706593,11.587405249353392,25.515108270007403
legacy_three_workloads,mode,fat-tree,energy_positive_commit,mean,mean,30,19.922282602848465,5000,19.90925735081779,19.577174339117295,20.17438306951394,19.278532535560522,20.351384077605193
legacy_three_workloads,mode,fat-tree,energy_positive_commit,mean,median,30,21.79835938637264,5000,21.809326271930807,21.350890126110784,22.242650153850473,20.71355370045515,22.696432303820938
legacy_three_workloads,mode,fat-tree,energy_positive_commit,iqr_pct,mean,30,17.648559636316726,5000,16.560610114941298,14.579933833771006,18.473084639372484,13.315719614625566,19.90151000303787
legacy_three_workloads,mode,fat-tree,energy_positive_commit,iqr_pct,median,30,18.09430628837323,5000,15.889003783702911,13.039626940540758,18.22057588025613,10.708981796683497,19.84204842747501
legacy_three_workloads,mode,fat-tree,energy_positive_commit,sample_std_pct,mean,30,13.93388656237266,5000,13.955140278663649,12.728719833035282,15.005832806352487,11.79632893147176,15.589815925331852
legacy_three_workloads,mode,fat-tree,energy_positive_commit,sample_std_pct,median,30,13.940422763083316,5000,13.961982193863756,12.069515383044697,15.522489728501716,11.01611758848776,16.56785484879076
legacy_three_workloads,mode,fat-tree,energy_positive_commit,delta_min_pct,mean,30,-22.747653773375557,5000,-19.709963733034176,-21.276886194036162,-17.995384589938684,-22.612875510182793,-16.344176622073288
legacy_three_workloads,mode,fat-tree,energy_positive_commit,delta_min_pct,median,30,-23.51647694492931,5000,-20.895473773131016,-23.23067360844873,-18.107319236337972,-24.67409762982546,-15.70261279871646
legacy_three_workloads,mode,fat-tree,energy_positive_commit,delta_max_pct,mean,30,22.168847053998995,5000,19.592788009546346,17.9766122851693,21.23934286018959,16.191133090309403,22.737803322369825
legacy_three_workloads,mode,fat-tree,energy_positive_commit,delta_max_pct,median,30,22.729538300252205,5000,19.26235441566061,16.41245734699107,21.946107121957525,14.409219823547764,24.322088441112527
legacy_three_workloads,mode,fat-tree,energy_positive_commit,range_abs,mean,30,8.809462022168601,5000,7.702596921492873,7.122863233907664,8.232778879648393,6.569431100465403,8.606979986394864
legacy_three_workloads,mode,fat-tree,energy_positive_commit,range_abs,median,30,8.460285364719798,5000,7.531287425581574,6.5544206602285815,8.197561708651808,5.89809741063959,8.537054103278127
legacy_three_workloads,mode,fat-tree,energy_positive_commit,wcd_abs,mean,30,5.013782577946285,5000,4.402926389236909,4.059511742268365,4.733754241065915,3.717445065633252,5.0186884272910195
legacy_three_workloads,mode,fat-tree,energy_positive_commit,wcd_abs,median,30,5.118158709323591,5000,4.377461698137875,3.8468220773834405,4.872759270664136,3.3044558178375283,5.385585185444587
legacy_three_workloads,mode,fat-tree,energy_positive_commit,wcd_pct,mean,30,25.576075180014985,5000,22.48318308531239,20.777200208257884,24.162080369523903,19.349254915278365,25.61314498026824
legacy_three_workloads,mode,fat-tree,energy_positive_commit,wcd_pct,median,30,25.53543837797944,5000,23.3342992485158,20.78662078716473,25.163767863074025,18.07381103454834,26.672067955526966
legacy_three_workloads,mode,full mesh,energy_positive_commit,mean,mean,30,19.731965179426716,5000,19.747263381274276,19.542435629173962,20.020779733035635,19.305013671453434,20.200245435008856
legacy_three_workloads,mode,full mesh,energy_positive_commit,mean,median,30,21.95534889141863,5000,21.840689433278538,21.45902513387376,22.205604232526092,21.113489384119916,22.45014121937518
legacy_three_workloads,mode,full mesh,energy_positive_commit,iqr_pct,mean,30,15.520454957305002,5000,14.550936229018276,12.913431259210988,16.24767746169153,11.279392194041062,17.702102085142606
legacy_three_workloads,mode,full mesh,energy_positive_commit,iqr_pct,median,30,14.507056959043158,5000,13.489137849482766,11.308363958208645,16.018777180767806,10.304151307942043,17.493025918255096
legacy_three_workloads,mode,full mesh,energy_positive_commit,sample_std_pct,mean,30,12.780870913781005,5000,12.605121792786797,11.883269689888646,13.272500364855876,11.239797709039454,13.689489317326194
legacy_three_workloads,mode,full mesh,energy_positive_commit,sample_std_pct,median,30,12.214352495049802,5000,12.293542485460407,11.306288836759025,13.233472163497174,10.523002381533399,13.939241910289969
legacy_three_workloads,mode,full mesh,energy_positive_commit,delta_min_pct,mean,30,-19.966987041972438,5000,-17.892313112066773,-19.060475631242518,-16.593613802908884,-19.88752203989044,-15.59678744505226
legacy_three_workloads,mode,full mesh,energy_positive_commit,delta_min_pct,median,30,-20.302102303850873,5000,-18.26716356938467,-20.045052607776988,-16.06582710980493,-21.348137639797976,-14.481046151313354
legacy_three_workloads,mode,full mesh,energy_positive_commit,delta_max_pct,mean,30,21.946994824579146,5000,19.234882114117298,17.51351446606221,20.819478084346237,16.254764085553763,22.02135002136316
legacy_three_workloads,mode,full mesh,energy_positive_commit,delta_max_pct,median,30,20.937656181231993,5000,18.587906736768858,16.4230981811031,20.48948285785164,14.683858733143374,22.856679344722615
legacy_three_workloads,mode,full mesh,energy_positive_commit,range_abs,mean,30,8.328631624989276,5000,7.386186308113061,6.863647762352091,7.857162328686657,6.4773259401,8.160710726080707
legacy_three_workloads,mode,full mesh,energy_positive_commit,range_abs,median,30,7.92830695271919,5000,7.16787954776737,6.425681074637731,7.525846255649629,5.537482270474183,8.298101326817878
legacy_three_workloads,mode,full mesh,energy_positive_commit,wcd_abs,mean,30,4.6350997807528955,5000,4.197009852460708,3.8415547661766705,4.484204001266175,3.6130360779316284,4.759216809984058
legacy_three_workloads,mode,full mesh,energy_positive_commit,wcd_abs,median,30,4.479797368080913,5000,3.991240970140291,3.6424600525873223,4.385459302108163,3.1968875027021806,4.684550467705604
legacy_three_workloads,mode,full mesh,energy_positive_commit,wcd_pct,mean,30,23.303875578872503,5000,21.009250799958906,19.423375244267387,22.466395190934655,18.36597071525693,23.78498449762663
legacy_three_workloads,mode,full mesh,energy_positive_commit,wcd_pct,median,30,22.66871749636629,5000,20.741782319739265,18.863427012029803,22.21004126139715,17.149216980718766,23.526913949256947
legacy_three_workloads,mode,hypercube,energy_positive_commit,mean,mean,30,19.528340307044406,5000,19.495307443721547,19.275069915192958,19.697198706855552,19.113037896180508,19.833098478120466
legacy_three_workloads,mode,hypercube,energy_positive_commit,mean,median,30,21.89739276727705,5000,21.773857994465956,21.303534180381106,22.151437431248436,20.806149704022683,22.46168757955707
legacy_three_workloads,mode,hypercube,energy_positive_commit,iqr_pct,mean,30,14.88853640143577,5000,14.359392906429278,12.768946902855491,15.974834315221445,11.788684038298166,17.633069938944647
legacy_three_workloads,mode,hypercube,energy_positive_commit,iqr_pct,median,30,14.554238659112404,5000,13.462386458792103,11.266606760979924,15.889075154328161,10.341610167251538,17.956502458875235
legacy_three_workloads,mode,hypercube,energy_positive_commit,sample_std_pct,mean,30,13.155597832000504,5000,13.017549504342156,12.202898394232406,13.78250042573551,11.575250191299721,14.339856745304871
legacy_three_workloads,mode,hypercube,energy_positive_commit,sample_std_pct,median,30,13.278827630243725,5000,13.109872482055938,11.95491951691902,14.18153123915831,11.036747950843068,15.226407116944756
legacy_three_workloads,mode,hypercube,energy_positive_commit,delta_min_pct,mean,30,-21.414536993958198,5000,-19.32288180220828,-20.811673001545987,-17.7062853372254,-21.766364461338195,-16.282848580026418
legacy_three_workloads,mode,hypercube,energy_positive_commit,delta_min_pct,median,30,-21.06370016678529,5000,-18.458919776195117,-20.596209212927526,-16.614706509683174,-22.733997190424144,-14.886157902482728
legacy_three_workloads,mode,hypercube,energy_positive_commit,delta_max_pct,mean,30,20.454758462426067,5000,18.298600239600372,16.754417035170945,19.863741675543874,15.620745917981015,21.4685038203723
legacy_three_workloads,mode,hypercube,energy_positive_commit,delta_max_pct,median,30,19.789086020754876,5000,17.501997027396072,15.223056553260651,20.18205006152479,12.815800293717983,22.123828882595276
legacy_three_workloads,mode,hypercube,energy_positive_commit,range_abs,mean,30,8.098255688245814,5000,7.265095104276227,6.742301448955624,7.779528454990365,6.423408147816713,8.231284377319975
legacy_three_workloads,mode,hypercube,energy_positive_commit,range_abs,median,30,7.995789853218211,5000,7.324910073253254,6.486178140949741,7.915332180191978,5.984777516995727,8.011876616638093
legacy_three_workloads,mode,hypercube,energy_positive_commit,wcd_abs,mean,30,4.729971115024375,5000,4.256067720299537,3.921897989185889,4.590707160455091,3.7007403148053712,4.8272133768442504
legacy_three_workloads,mode,hypercube,energy_positive_commit,wcd_abs,median,30,4.2403187046739,5000,4.043693535570759,3.5950861760108923,4.428775798646605,3.223987802938037,4.76808741427919
legacy_three_workloads,mode,hypercube,energy_positive_commit,wcd_pct,mean,30,24.234431885069025,5000,21.92614153482257,20.241688781797016,23.57343812944504,19.108807916660485,24.824868050439427
legacy_three_workloads,mode,hypercube,energy_positive_commit,wcd_pct,median,30,25.371717960912694,5000,22.37055772169942,19.657875482917895,24.586127878073597,17.249670658014796,26.258784052127027
legacy_three_workloads,mode,scale-free,energy_positive_commit,mean,mean,30,19.715005609384782,5000,19.738678279714236,19.473932230202223,20.10375117577364,19.29140226099636,20.3740872116773
legacy_three_workloads,mode,scale-free,energy_positive_commit,mean,median,30,21.914934739915758,5000,21.80026483680277,21.193675481635978,22.277474405657024,20.616003558689055,22.576887306006718
legacy_three_workloads,mode,scale-free,energy_positive_commit,iqr_pct,mean,30,15.156539120943666,5000,13.669631969899285,11.883691197260074,15.48360040901677,10.665736569174303,16.9746751159795
legacy_three_workloads,mode,scale-free,energy_positive_commit,iqr_pct,median,30,14.283392186027925,5000,13.072868714179826,10.777067385183841,15.74125692092372,9.242774142840027,18.322570448741573
legacy_three_workloads,mode,scale-free,energy_positive_commit,sample_std_pct,mean,30,12.788544752487493,5000,12.74780461656291,11.711643921359276,13.728618936806365,10.640027365106768,14.417173676021385
legacy_three_workloads,mode,scale-free,energy_positive_commit,sample_std_pct,median,30,12.684103567997248,5000,12.825340319440066,11.70159176419591,13.917466805561515,10.356363901080123,14.91373471510686
legacy_three_workloads,mode,scale-free,energy_positive_commit,delta_min_pct,mean,30,-21.287531059831114,5000,-18.33656223440566,-19.98137026325325,-16.491553140616965,-21.200295534193852,-14.402185858640822
legacy_three_workloads,mode,scale-free,energy_positive_commit,delta_min_pct,median,30,-20.33299810113933,5000,-17.81289212551341,-19.872932209395373,-15.66357664694625,-21.69290283616303,-13.834587842645915
legacy_three_workloads,mode,scale-free,energy_positive_commit,delta_max_pct,mean,30,21.518409772731804,5000,18.471996983751055,16.74094331586958,20.186163117220747,15.492022323864461,21.552590487505125
legacy_three_workloads,mode,scale-free,energy_positive_commit,delta_max_pct,median,30,21.600931362685117,5000,18.479231717746792,16.025005239012344,20.72310451314346,12.456802806611137,23.164209320851477
legacy_three_workloads,mode,scale-free,energy_positive_commit,range_abs,mean,30,8.388471909032493,5000,7.193874684260878,6.596185791857403,7.749249605025618,6.042595480907025,8.17545872409312
legacy_three_workloads,mode,scale-free,energy_positive_commit,range_abs,median,30,8.5997814821055,5000,7.465646161073432,6.474551291647908,8.121786710384878,5.5157559654243,8.559158516437016
legacy_three_workloads,mode,scale-free,energy_positive_commit,wcd_abs,mean,30,4.731633095070429,5000,4.16004519575498,3.791736393591236,4.4973333405460405,3.442990869012793,4.699834125155274
legacy_three_workloads,mode,scale-free,energy_positive_commit,wcd_abs,median,30,4.55449530882649,5000,4.165715168866102,3.735088288059042,4.5297296851519775,3.274804655112283,4.753919673913817
legacy_three_workloads,mode,scale-free,energy_positive_commit,wcd_pct,mean,30,23.966951233422655,5000,21.207499182190755,19.400827753997046,22.852095563250046,17.983659058478302,23.993842912308416
legacy_three_workloads,mode,scale-free,energy_positive_commit,wcd_pct,median,30,25.284648460892875,5000,21.37995809417241,19.03033426533292,24.06023831377055,16.818827306758898,25.84024969839904
legacy_three_workloads,mode,torus,energy_positive_commit,mean,mean,30,20.008459782461255,5000,19.933040834370445,19.626342970709896,20.17081119649006,19.41367443989551,20.34099809582697
legacy_three_workloads,mode,torus,energy_positive_commit,mean,median,30,22.09959963909118,5000,21.898234398940325,21.476387349946098,22.28689934317544,20.87617245251044,22.592861074375936
legacy_three_workloads,mode,torus,energy_positive_commit,iqr_pct,mean,30,17.182720267569778,5000,16.793923048442892,14.863768042502898,18.887318768227757,13.414615893839843,20.590814919146474
legacy_three_workloads,mode,torus,energy_positive_commit,iqr_pct,median,30,17.35140749988272,5000,16.078598348891262,14.007029593872582,18.764172910780747,11.883986868209224,21.168427518775385
legacy_three_workloads,mode,torus,energy_positive_commit,sample_std_pct,mean,30,14.528143714318906,5000,14.398540111199251,13.557415516753915,15.223178466115426,12.95687819173914,15.834892878104707
legacy_three_workloads,mode,torus,energy_positive_commit,sample_std_pct,median,30,14.786674027728893,5000,14.066374504343688,12.751690173187075,15.633689952833384,11.557060193140885,16.740789744073915
legacy_three_workloads,mode,torus,energy_positive_commit,delta_min_pct,mean,30,-22.348822081747777,5000,-20.39292362055602,-22.16448342423112,-18.643724039472417,-23.684307271667855,-16.613095155719133
legacy_three_workloads,mode,torus,energy_positive_commit,delta_min_pct,median,30,-23.846226510440996,5000,-20.58597215915622,-23.35965363292478,-17.195407327140742,-25.224960021569128,-14.576558694318244
legacy_three_workloads,mode,torus,energy_positive_commit,delta_max_pct,mean,30,22.422408684052375,5000,20.327215846718612,18.611750287164497,22.202889789406978,17.002993705738103,23.781396555376023
legacy_three_workloads,mode,torus,energy_positive_commit,delta_max_pct,median,30,21.52192062134932,5000,19.36231500362129,17.190195801126503,21.641542168312476,15.448726504802371,23.708412245010294
legacy_three_workloads,mode,torus,energy_positive_commit,range_abs,mean,30,8.670471656996044,5000,7.865938447303589,7.302588215038099,8.482497047965516,6.850394373436732,8.84868612141273
legacy_three_workloads,mode,torus,energy_positive_commit,range_abs,median,30,8.903400480543196,5000,7.933988266842668,7.222035887138137,8.549505159254249,6.220751321979534,9.143021791098345
legacy_three_workloads,mode,torus,energy_positive_commit,wcd_abs,mean,30,5.031533422246456,5000,4.5369071246432355,4.178275778538689,4.928459122348174,3.9368865849216452,5.206621323474049
legacy_three_workloads,mode,torus,energy_positive_commit,wcd_abs,median,30,5.357238340199851,5000,4.564268355304823,4.072645313874055,5.182406635568035,3.7748408405347362,5.657549062789064
legacy_three_workloads,mode,torus,energy_positive_commit,wcd_pct,mean,30,26.03553792138267,5000,23.512598336396472,21.57265509222002,25.55675482771879,20.28125119771282,27.06720607627745
legacy_three_workloads,mode,torus,energy_positive_commit,wcd_pct,median,30,25.514628247094446,5000,23.648001827967207,21.301579214088907,25.790079131257954,18.49078247514102,27.385418193901742
legacy_three_workloads,workload,GAFAM,energy_positive_commit,mean,mean,50,14.607200098639137,5000,14.610809120297606,14.484334257491277,14.741672618488959,14.332554152467765,14.864634550926054
legacy_three_workloads,workload,GAFAM,energy_positive_commit,mean,median,50,14.649230632502672,5000,14.632041259579221,14.4533470748094,14.81482451400356,14.272376959800294,14.960772351332439
legacy_three_workloads,workload,GAFAM,energy_positive_commit,iqr_pct,mean,50,18.148306790452864,5000,16.987159628382607,15.66451345784425,18.364772200429684,14.643260944677598,19.6673955946132
legacy_three_workloads,workload,GAFAM,energy_positive_commit,iqr_pct,median,50,17.764660993801172,5000,16.48017850051965,14.390152143770814,17.926545993526908,12.886206411173482,20.32056906709274
legacy_three_workloads,workload,GAFAM,energy_positive_commit,sample_std_pct,mean,50,14.347669693148132,5000,14.320362023721493,13.659915533685266,14.956335334575897,13.152869247524498,15.45372086131608
legacy_three_workloads,workload,GAFAM,energy_positive_commit,sample_std_pct,median,50,14.694392040349157,5000,14.20648431968949,13.223754463285752,15.33824204213371,12.489323185369955,16.46451028026012
legacy_three_workloads,workload,GAFAM,energy_positive_commit,delta_min_pct,mean,50,-22.782727593948465,5000,-20.433300094288064,-21.5431164250617,-19.210432604408382,-22.459144840315396,-17.90437716098227
legacy_three_workloads,workload,GAFAM,energy_positive_commit,delta_min_pct,median,50,-22.47156205599357,5000,-20.453483282659654,-21.96561510870276,-18.777815124412793,-22.929028930866238,-17.04397425349993
legacy_three_workloads,workload,GAFAM,energy_positive_commit,delta_max_pct,mean,50,23.54609630592679,5000,20.6419399726625,19.297380610824476,21.928263026469324,18.219473291541135,22.98566510623238
legacy_three_workloads,workload,GAFAM,energy_positive_commit,delta_max_pct,median,50,23.60943148683775,5000,20.016014654350414,18.010445776177257,22.109283139521825,16.268358087862133,23.656050986709015
legacy_three_workloads,workload,GAFAM,energy_positive_commit,range_abs,mean,50,6.7733520979428485,5000,6.005325480453351,5.699819579946449,6.302565484952465,5.432675006669216,6.504941600206
legacy_three_workloads,workload,GAFAM,energy_positive_commit,range_abs,median,50,6.776616585022731,5000,6.109195727463029,5.641637897214419,6.549309253183067,5.2687233703372645,6.748575032815436
legacy_three_workloads,workload,GAFAM,energy_positive_commit,wcd_abs,mean,50,3.7804416118298088,5000,3.403309956829042,3.2116747977341635,3.5834540830791504,3.0650204565516814,3.7278425993273587
legacy_three_workloads,workload,GAFAM,energy_positive_commit,wcd_abs,median,50,3.800858697863424,5000,3.458886664881465,3.2030445120067843,3.7023561329012957,2.9447434579530123,3.9025145542464266
legacy_three_workloads,workload,GAFAM,energy_positive_commit,wcd_pct,mean,50,25.86504759995012,5000,23.27673765389485,21.94569448215565,24.53419328975321,20.87591151815145,25.580540700825896
legacy_three_workloads,workload,GAFAM,energy_positive_commit,wcd_pct,median,50,25.526625676539908,5000,23.302589977283507,21.6976468709111,24.92330770356491,19.549158379748402,26.565577051839146
legacy_three_workloads,workload,PayPal,energy_positive_commit,mean,mean,50,22.647370223026275,5000,22.623743294081187,22.42780504972786,22.80911242767421,22.16033479109228,22.96238114446131
legacy_three_workloads,workload,PayPal,energy_positive_commit,mean,median,50,22.61325550770223,5000,22.540912595599206,22.287943590680534,22.774678506382944,22.050405316803324,22.937050209053
legacy_three_workloads,workload,PayPal,energy_positive_commit,iqr_pct,mean,50,14.843500646643461,5000,14.34946579828695,12.931560591302075,15.815712834218008,12.019452565511541,17.41555378950674
legacy_three_workloads,workload,PayPal,energy_positive_commit,iqr_pct,median,50,14.067792001734563,5000,13.730753237614309,11.77327885546246,15.824417973218615,10.4657704478843,18.156768518005396
legacy_three_workloads,workload,PayPal,energy_positive_commit,sample_std_pct,mean,50,12.758787335467037,5000,12.75959170709551,12.085343233431711,13.410584814858751,11.341163033110465,13.975802478876547
legacy_three_workloads,workload,PayPal,energy_positive_commit,sample_std_pct,median,50,12.468704203135074,5000,12.61209813078667,11.62579029550224,13.442975953795495,10.616758089751787,13.989055781312702
legacy_three_workloads,workload,PayPal,energy_positive_commit,delta_min_pct,mean,50,-21.265999897460073,5000,-18.89794636623032,-20.1600415020917,-17.58824876911391,-21.0777927485465,-16.512005147370427
legacy_three_workloads,workload,PayPal,energy_positive_commit,delta_min_pct,median,50,-21.78540880694724,5000,-18.379086280213915,-20.640564551450147,-16.456634795799594,-22.406881384644144,-14.619881839460458
legacy_three_workloads,workload,PayPal,energy_positive_commit,delta_max_pct,mean,50,19.996769778048417,5000,17.944075858688315,16.73296155275324,19.18667417567225,15.744918392469694,20.327361608294954
legacy_three_workloads,workload,PayPal,energy_positive_commit,delta_max_pct,median,50,20.17982636822463,5000,17.921754229560264,16.315045649142476,19.463621860667967,14.689820419210276,20.83986644454593
legacy_three_workloads,workload,PayPal,energy_positive_commit,range_abs,mean,50,9.29591387506253,5000,8.295377534598568,7.806407978518036,8.769776399252875,7.465541282642615,9.103931264940904
legacy_three_workloads,workload,PayPal,energy_positive_commit,range_abs,median,50,9.53276015582463,5000,8.343807205798926,7.714978102413847,9.031209641030248,7.294719660800705,9.410178330652734
legacy_three_workloads,workload,PayPal,energy_positive_commit,wcd_abs,mean,50,5.341159760131705,5000,4.81896089530289,4.518433846591224,5.118685734795917,4.299859917097391,5.382395024787079
legacy_three_workloads,workload,PayPal,energy_positive_commit,wcd_abs,median,50,5.5943070743001115,5000,4.892134920466068,4.4625309496501115,5.294655668033024,4.087739367545739,5.621844751896212
legacy_three_workloads,workload,PayPal,energy_positive_commit,wcd_pct,mean,50,23.73737591858547,5000,21.42889054896175,20.078827951867023,22.762532105301016,19.15272198192832,23.96266085275213
legacy_three_workloads,workload,PayPal,energy_positive_commit,wcd_pct,median,50,24.624135290323352,5000,21.92945383129304,19.841034811155392,23.633259620896858,18.384965078623637,24.56268839605298
legacy_three_workloads,workload,VISA,energy_positive_commit,mean,mean,50,22.421810093700763,5000,22.4210437803514,22.21254960249246,22.621754721146257,22.02546390054496,22.769414427964644
legacy_three_workloads,workload,VISA,energy_positive_commit,mean,median,50,22.29517015012027,5000,22.39486951084433,22.15201909967599,22.619476712669712,21.971298075189438,22.806203759209655
legacy_three_workloads,workload,VISA,energy_positive_commit,iqr_pct,mean,50,15.176301233724985,5000,14.183264681198327,12.82773367787704,15.566018718964427,11.875797621700512,16.778536449904166
legacy_three_workloads,workload,VISA,energy_positive_commit,iqr_pct,median,50,14.561710648044059,5000,13.217933017757067,11.27214363426647,14.886598601396075,10.442271706088771,16.679007064562498
legacy_three_workloads,workload,VISA,energy_positive_commit,sample_std_pct,mean,50,13.130742448275068,5000,12.892943621483763,12.040998953907325,13.634081050855347,11.343696306649196,14.224809929245026
legacy_three_workloads,workload,VISA,energy_positive_commit,sample_std_pct,median,50,12.641478275853585,5000,12.406226080502547,11.48333071357414,13.392428974347078,10.762201084947671,14.295306249321595
legacy_three_workloads,workload,VISA,energy_positive_commit,delta_min_pct,mean,50,-20.57370275608924,5000,-17.992169906597987,-19.227355915136876,-16.668085529383948,-20.191398760646344,-14.737472197937173
legacy_three_workloads,workload,VISA,energy_positive_commit,delta_min_pct,median,50,-20.24735697782052,5000,-17.704517955980656,-19.406083771238844,-15.945834397621152,-20.55686730635172,-14.380252541364232
legacy_three_workloads,workload,VISA,energy_positive_commit,delta_max_pct,mean,50,21.492138795216114,5000,18.900493451162724,17.556003092773388,20.2406128639342,16.003036075556377,21.38188026461568
legacy_three_workloads,workload,VISA,energy_positive_commit,delta_max_pct,median,50,21.523046589520014,5000,18.14354566116491,16.008612882281987,20.08158934984851,14.232944582364883,21.16467963948338
legacy_three_workloads,workload,VISA,energy_positive_commit,range_abs,mean,50,9.427073725312285,5000,8.261284842847703,7.748260721351969,8.738873378953596,7.278021108738191,9.211565240029138
legacy_three_workloads,workload,VISA,energy_positive_commit,range_abs,median,50,9.018667788469704,5000,8.34757836725548,7.594395392072933,8.64579037782726,6.951420841308648,9.018667788469704
legacy_three_workloads,workload,VISA,energy_positive_commit,wcd_abs,mean,50,5.443165895843121,5000,4.776114893915322,4.438831539236906,5.075028990460243,4.201181167965109,5.314172592897653
legacy_three_workloads,workload,VISA,energy_positive_commit,wcd_abs,median,50,5.422781563041246,5000,4.697190661972836,4.321178774739463,5.116383440408992,3.9207593038811925,5.52661027725485
legacy_three_workloads,workload,VISA,energy_positive_commit,wcd_pct,mean,50,24.271903677903744,5000,21.333006665499486,19.848680224236357,22.661086871152907,18.680213092573243,23.738335380165736
legacy_three_workloads,workload,VISA,energy_positive_commit,wcd_pct,median,50,24.428500473975827,5000,21.05959150847758,19.319276647893933,22.883010505607373,17.739866840996328,24.376232978101452
legacy_three_workloads,network_size,10 nodes,energy_positive_commit,mean,mean,75,19.82025024350469,5000,19.831897210967607,19.674990452286757,20.006165966570677,19.524608759617,20.149360684945457
legacy_three_workloads,network_size,10 nodes,energy_positive_commit,mean,median,75,21.8539163160693,5000,21.79581185372565,21.529007832299683,22.052784358508617,21.21590784029263,22.210756732853078
legacy_three_workloads,network_size,10 nodes,energy_positive_commit,iqr_pct,mean,75,15.904677959695261,5000,15.153314997755874,14.040779685942637,16.224929926430672,13.117368966712615,17.230054604841236
legacy_three_workloads,network_size,10 nodes,energy_positive_commit,iqr_pct,median,75,14.494685745478051,5000,14.050474542106587,12.339652467703358,15.560597128780206,11.107103467665016,16.7067600296579
legacy_three_workloads,network_size,10 nodes,energy_positive_commit,sample_std_pct,mean,75,13.505300872509814,5000,13.381344020079426,12.78572445501584,13.967367804778677,12.340045728478431,14.388080547712391
legacy_three_workloads,network_size,10 nodes,energy_positive_commit,sample_std_pct,median,75,13.11279235787613,5000,12.968672567987861,12.141942591687872,13.675803293617152,11.560353566896854,14.451651166015926
legacy_three_workloads,network_size,10 nodes,energy_positive_commit,delta_min_pct,mean,75,-22.033743788302594,5000,-19.446874734187624,-20.348313174812674,-18.44169626798957,-21.02994731164252,-17.415176748841503
legacy_three_workloads,network_size,10 nodes,energy_positive_commit,delta_min_pct,median,75,-22.988077409933723,5000,-19.333210743576416,-21.038927807902443,-17.51371583716401,-22.37708099972696,-16.082241489634008
legacy_three_workloads,network_size,10 nodes,energy_positive_commit,delta_max_pct,mean,75,22.305185962852516,5000,19.569745709516408,18.485381113445033,20.60669856954584,17.22009386768593,21.491178218667393
legacy_three_workloads,network_size,10 nodes,energy_positive_commit,delta_max_pct,median,75,21.188203442024328,5000,18.344163101473384,16.762565115125117,19.87200786064495,15.335956569807653,21.37049283142544
legacy_three_workloads,network_size,10 nodes,energy_positive_commit,range_abs,mean,75,8.692861101957709,5000,7.6106551210839015,7.25398952358119,7.941106323501398,6.994477968973883,8.231863262032903
legacy_three_workloads,network_size,10 nodes,energy_positive_commit,range_abs,median,75,8.460285364719798,5000,7.384527154874558,6.981171336987517,7.995789853218211,6.53240690934304,8.198238680970594
legacy_three_workloads,network_size,10 nodes,energy_positive_commit,wcd_abs,mean,75,5.001584506989195,5000,4.408516012209185,4.178723576029724,4.619145182715471,4.007380571960035,4.782628709792183
legacy_three_workloads,network_size,10 nodes,energy_positive_commit,wcd_abs,median,75,4.92105076764684,5000,4.257032791954641,3.973089042354116,4.515082582107262,3.7189730506944727,4.816048368755212
legacy_three_workloads,network_size,10 nodes,energy_positive_commit,wcd_pct,mean,75,25.34983119238767,5000,22.49253182661052,21.413568226783525,23.523402823978493,20.50520326391468,24.363327017292953
legacy_three_workloads,network_size,10 nodes,energy_positive_commit,wcd_pct,median,75,24.762954989789286,5000,22.499287620091707,20.886777462643074,23.765004226587745,19.642111689271868,24.762954989789286
legacy_three_workloads,network_size,40 nodes,energy_positive_commit,mean,mean,75,19.743743067892765,5000,19.694507927147683,19.504568186826717,19.85861098009964,19.320520979340053,20.020223332717467
legacy_three_workloads,network_size,40 nodes,energy_positive_commit,mean,median,75,22.09483922882244,5000,21.864302732889428,21.54439298406618,22.14940547059035,21.29941427162403,22.322153267563397
legacy_three_workloads,network_size,40 nodes,energy_positive_commit,iqr_pct,mean,75,16.306701164286,5000,15.270873893003598,14.122511203961176,16.49410055518678,13.368974240348715,17.760117237819642
legacy_three_workloads,network_size,40 nodes,energy_positive_commit,iqr_pct,median,75,17.013318867676364,5000,14.76273035521163,13.317969909247896,16.575056816611205,11.873790491080506,18.156768518005396
legacy_three_workloads,network_size,40 nodes,energy_positive_commit,sample_std_pct,mean,75,13.36778101247019,5000,13.29659037951253,12.749922149798513,13.855464675416124,12.166953671974175,14.373932576973985
legacy_three_workloads,network_size,40 nodes,energy_positive_commit,sample_std_pct,median,75,13.563027780826044,5000,13.293816226772659,12.512070654501983,14.045779093323132,11.702477193925386,14.820952715108875
legacy_three_workloads,network_size,40 nodes,energy_positive_commit,delta_min_pct,mean,75,-21.069042281636488,5000,-18.791608967857556,-19.878032311365256,-17.769570648685157,-21.010919211110828,-16.730616388459623
legacy_three_workloads,network_size,40 nodes,energy_positive_commit,delta_min_pct,median,75,-20.67020762825484,5000,-18.677699221885355,-20.083996778976378,-17.27895486446773,-21.393810695529524,-15.877256032839437
legacy_three_workloads,network_size,40 nodes,energy_positive_commit,delta_max_pct,mean,75,21.056510174038635,5000,18.76859328806242,17.739575318815113,19.868246781688114,16.931122885785427,21.060638345921006
legacy_three_workloads,network_size,40 nodes,energy_positive_commit,delta_max_pct,median,75,21.589301174099212,5000,18.88946797730454,17.394842371782044,20.266696583595824,16.20698487011978,22.246444554393094
legacy_three_workloads,network_size,40 nodes,energy_positive_commit,range_abs,mean,75,8.210902603154793,5000,7.342819845043613,7.010163010568496,7.696349529889565,6.619524222186821,8.073435266205715
legacy_three_workloads,network_size,40 nodes,energy_positive_commit,range_abs,median,75,8.079081068680104,5000,7.42649950426269,6.821805695906754,7.827308189070278,6.522409027249235,7.998456659123459
legacy_three_workloads,network_size,40 nodes,energy_positive_commit,wcd_abs,mean,75,4.64731220670154,5000,4.203621165062524,3.991548927322605,4.421246311893343,3.742953138156557,4.573335900318516
legacy_three_workloads,network_size,40 nodes,energy_positive_commit,wcd_abs,median,75,4.578614688948466,5000,4.140819495697373,3.873233948866711,4.447763924146183,3.6733585289292767,4.687950329246837
legacy_three_workloads,network_size,40 nodes,energy_positive_commit,wcd_pct,mean,75,23.882850055711685,5000,21.535863176403844,20.432110559827034,22.68031317521482,19.24563274931887,23.450157817154654
legacy_three_workloads,network_size,40 nodes,energy_positive_commit,wcd_pct,median,75,24.6074557327636,5000,21.85935713051302,20.287530482122587,23.342832360600877,19.20388023971302,24.72817880161501
