blockchain,mode,workload,cores,ram,secondaries,dataset,link_strategy,network_size,dynamic,metric,statistic,n_metric,point_estimate,ci_lower,ci_upper
Algorand,fat-tree,DDoS,8,16,10,2023,hop,10 nodes,0,tps_positive_commit,iqr_pct,13,9.426071144448244,1.5437299685738777,22.034921778137626
Algorand,fat-tree,DDoS,8,16,10,2023,hop,10 nodes,0,tps_positive_commit,sample_std_pct,13,8.360509572553,4.461707410011184,10.435471308223798
Algorand,fat-tree,DDoS,8,16,10,2023,hop,40 nodes,0,tps_positive_commit,iqr_pct,13,16.158721724609077,5.165702141865094,44.70082190467198
Algorand,fat-tree,DDoS,8,16,10,2023,hop,40 nodes,0,tps_positive_commit,sample_std_pct,13,19.396236708881688,10.547737352435943,25.61621153911359
Algorand,fat-tree,FIFA,8,16,10,2023,hop,10 nodes,0,tps_positive_commit,iqr_pct,16,161.89492706854267,76.76318588255288,205.83020789350044
Algorand,fat-tree,FIFA,8,16,10,2023,hop,10 nodes,0,tps_positive_commit,sample_std_pct,16,99.24327447544364,65.85173131223516,140.3705880607591
Algorand,fat-tree,FIFA,8,16,10,2023,hop,40 nodes,0,tps_positive_commit,iqr_pct,13,83.2425068119891,31.294144336345994,135.80406356070543
Algorand,fat-tree,FIFA,8,16,10,2023,hop,40 nodes,0,tps_positive_commit,sample_std_pct,13,60.99990129769681,37.619850423234524,82.7318354572537
Algorand,fat-tree,GAFAM,8,16,10,2023,hop,10 nodes,0,tps_positive_commit,iqr_pct,13,25.23723872728401,5.985948473430099,69.52262847236342
Algorand,fat-tree,GAFAM,8,16,10,2023,hop,10 nodes,0,tps_positive_commit,sample_std_pct,13,24.69361658140263,11.830217478412514,34.47546623441646
Algorand,fat-tree,GAFAM,8,16,10,2023,hop,40 nodes,0,tps_positive_commit,iqr_pct,13,51.78236397748592,6.924167977041736,80.01697234669282
Algorand,fat-tree,GAFAM,8,16,10,2023,hop,40 nodes,0,tps_positive_commit,sample_std_pct,13,30.886031532989076,15.594106661968608,40.40128449808316
Algorand,fat-tree,Gaming,8,16,10,2023,hop,10 nodes,0,tps_positive_commit,iqr_pct,13,30.903819918144606,8.257126107016587,59.824797373117796
Algorand,fat-tree,Gaming,8,16,10,2023,hop,10 nodes,0,tps_positive_commit,sample_std_pct,13,27.490373183499912,14.137661120643598,39.278723949917634
Algorand,fat-tree,Gaming,8,16,10,2023,hop,40 nodes,0,tps_positive_commit,iqr_pct,13,36.492459259759094,8.19818742934317,53.57941788774818
Algorand,fat-tree,Gaming,8,16,10,2023,hop,40 nodes,0,tps_positive_commit,sample_std_pct,13,22.191206195655685,13.70148259510739,28.001685764090166
Algorand,fat-tree,PayPal,8,16,10,2023,hop,10 nodes,0,tps_positive_commit,iqr_pct,13,0.9433581939125086,0.052608043778288684,1.256697604167803
Algorand,fat-tree,PayPal,8,16,10,2023,hop,10 nodes,0,tps_positive_commit,sample_std_pct,13,0.548609939312862,0.36706534934632035,0.6212809008107484
Algorand,fat-tree,PayPal,8,16,10,2023,hop,40 nodes,0,tps_positive_commit,iqr_pct,13,0.36687631027253076,0.0524171884045696,0.6823609690610364
Algorand,fat-tree,PayPal,8,16,10,2023,hop,40 nodes,0,tps_positive_commit,sample_std_pct,13,0.29102605256739333,0.1742337080342003,0.3671364350279002
Algorand,fat-tree,VISA,8,16,10,2023,hop,10 nodes,0,tps_positive_commit,iqr_pct,13,1.4672907041490468,0.4506094732358006,2.6112831329068147
Algorand,fat-tree,VISA,8,16,10,2023,hop,10 nodes,0,tps_positive_commit,sample_std_pct,13,1.6723703422296345,0.6978755518265769,2.4148882733298622
Algorand,fat-tree,VISA,8,16,10,2023,hop,40 nodes,0,tps_positive_commit,iqr_pct,13,21.215442698818666,5.081194251947153,29.39226051960747
Algorand,fat-tree,VISA,8,16,10,2023,hop,40 nodes,0,tps_positive_commit,sample_std_pct,13,13.544725399005303,9.57678349553722,15.69544862910162
Algorand,full mesh,DDoS,8,16,10,2023,hop,10 nodes,0,tps_positive_commit,iqr_pct,14,5.3856863879646975,1.0590395306712352,8.932275191395432
Algorand,full mesh,DDoS,8,16,10,2023,hop,10 nodes,0,tps_positive_commit,sample_std_pct,14,4.139936125692973,2.537620383321696,5.182109929674702
Algorand,full mesh,DDoS,8,16,10,2023,hop,40 nodes,0,tps_positive_commit,iqr_pct,13,17.682453723496913,6.935785465361406,54.35105813239473
Algorand,full mesh,DDoS,8,16,10,2023,hop,40 nodes,0,tps_positive_commit,sample_std_pct,13,22.15878007765063,11.648068957655893,29.90681411738765
Algorand,full mesh,FIFA,8,16,10,2023,hop,10 nodes,0,tps_positive_commit,iqr_pct,14,77.14120370370371,33.137096534327334,156.82132577795562
Algorand,full mesh,FIFA,8,16,10,2023,hop,10 nodes,0,tps_positive_commit,sample_std_pct,14,75.03145358683099,45.73656120383681,103.63119186854644
Algorand,full mesh,FIFA,8,16,10,2023,hop,40 nodes,0,tps_positive_commit,iqr_pct,13,35.195291599785975,9.044250933120713,102.0165440427637
Algorand,full mesh,FIFA,8,16,10,2023,hop,40 nodes,0,tps_positive_commit,sample_std_pct,13,57.584338040160105,25.69558158076666,76.98646581096115
Algorand,full mesh,GAFAM,8,16,10,2023,hop,10 nodes,0,tps_positive_commit,iqr_pct,14,4.774271844660198,2.063183852685236,34.20184756656423
Algorand,full mesh,GAFAM,8,16,10,2023,hop,10 nodes,0,tps_positive_commit,sample_std_pct,14,16.725685603761352,2.2951143159038114,24.827434208723794
Algorand,full mesh,GAFAM,8,16,10,2023,hop,40 nodes,0,tps_positive_commit,iqr_pct,13,17.411779096079744,6.403921172560588,33.766385356532616
Algorand,full mesh,GAFAM,8,16,10,2023,hop,40 nodes,0,tps_positive_commit,sample_std_pct,13,14.489131606529062,8.693225265770542,18.767275571131737
Algorand,full mesh,Gaming,8,16,10,2023,hop,10 nodes,0,tps_positive_commit,iqr_pct,13,10.901699926090169,1.6253185998962818,39.73987962902441
Algorand,full mesh,Gaming,8,16,10,2023,hop,10 nodes,0,tps_positive_commit,sample_std_pct,13,17.149210912085167,9.3464907150745,22.396201161938766
Algorand,full mesh,Gaming,8,16,10,2023,hop,40 nodes,0,tps_positive_commit,iqr_pct,13,15.724767003767608,5.7360677242741485,64.12284627395816
Algorand,full mesh,Gaming,8,16,10,2023,hop,40 nodes,0,tps_positive_commit,sample_std_pct,13,25.689113363738006,10.7692034585006,36.19432861755686
Algorand,full mesh,PayPal,8,16,10,2023,hop,10 nodes,0,tps_positive_commit,iqr_pct,13,1.2482995919020594,0.10370547644688492,1.3512460049399333
Algorand,full mesh,PayPal,8,16,10,2023,hop,10 nodes,0,tps_positive_commit,sample_std_pct,13,0.6522465125051266,0.49108863377886985,0.678769173686883
Algorand,full mesh,PayPal,8,16,10,2023,hop,40 nodes,0,tps_positive_commit,iqr_pct,13,0.7798128449172198,0.2590983377845099,1.3536243492190596
Algorand,full mesh,PayPal,8,16,10,2023,hop,40 nodes,0,tps_positive_commit,sample_std_pct,13,0.5799251822010211,0.2928186869499328,0.7596054353826196
Algorand,full mesh,VISA,8,16,10,2023,hop,10 nodes,0,tps_positive_commit,iqr_pct,13,2.0767638601414147,0.1815602524481664,4.211578897171266
Algorand,full mesh,VISA,8,16,10,2023,hop,10 nodes,0,tps_positive_commit,sample_std_pct,13,3.9136390410510384,0.9170021144302893,5.882062821755271
Algorand,full mesh,VISA,8,16,10,2023,hop,40 nodes,0,tps_positive_commit,iqr_pct,13,11.973843620887827,4.259147914843378,21.618564418555103
Algorand,full mesh,VISA,8,16,10,2023,hop,40 nodes,0,tps_positive_commit,sample_std_pct,13,9.169373203170046,5.536047835023593,11.188190127805123
Algorand,hypercube,DDoS,8,16,10,2023,hop,10 nodes,0,tps_positive_commit,iqr_pct,13,8.035099096178008,3.043859692056272,15.373012277818521
Algorand,hypercube,DDoS,8,16,10,2023,hop,10 nodes,0,tps_positive_commit,sample_std_pct,13,6.513179475264624,4.078762688501663,8.196276000963266
Algorand,hypercube,DDoS,8,16,10,2023,hop,40 nodes,0,tps_positive_commit,iqr_pct,13,33.281560853024324,11.901581379419673,68.08642112103587
Algorand,hypercube,DDoS,8,16,10,2023,hop,40 nodes,0,tps_positive_commit,sample_std_pct,13,25.94320766173122,14.722654591809299,34.0110161260966
Algorand,hypercube,FIFA,8,16,10,2023,hop,10 nodes,0,tps_positive_commit,iqr_pct,13,88.99894100791128,17.645487094533216,119.42014899601857
Algorand,hypercube,FIFA,8,16,10,2023,hop,10 nodes,0,tps_positive_commit,sample_std_pct,13,50.05506064411358,31.019982457500596,66.36314113347866
Algorand,hypercube,FIFA,8,16,10,2023,hop,40 nodes,0,tps_positive_commit,iqr_pct,13,78.97610921501705,29.83355050017695,127.94015396976997
Algorand,hypercube,FIFA,8,16,10,2023,hop,40 nodes,0,tps_positive_commit,sample_std_pct,13,58.71531269632009,35.79645025775601,78.13357797127117
Algorand,hypercube,GAFAM,8,16,10,2023,hop,10 nodes,0,tps_positive_commit,iqr_pct,13,23.484410157505632,7.573957624140811,95.10743458063807
Algorand,hypercube,GAFAM,8,16,10,2023,hop,10 nodes,0,tps_positive_commit,sample_std_pct,13,30.817937262628117,11.501819850093243,46.75072436272993
Algorand,hypercube,GAFAM,8,16,10,2023,hop,40 nodes,0,tps_positive_commit,iqr_pct,13,13.942513942513942,3.865837612083718,48.11897949904471
Algorand,hypercube,GAFAM,8,16,10,2023,hop,40 nodes,0,tps_positive_commit,sample_std_pct,13,20.31133515473599,6.154266679916523,30.116828525347195
Algorand,hypercube,Gaming,8,16,10,2023,hop,10 nodes,0,tps_positive_commit,iqr_pct,13,39.36170212765959,5.48158262420045,60.90806633096788
Algorand,hypercube,Gaming,8,16,10,2023,hop,10 nodes,0,tps_positive_commit,sample_std_pct,13,25.750688004392472,17.14587890024461,31.09320154869631
Algorand,hypercube,Gaming,8,16,10,2023,hop,40 nodes,0,tps_positive_commit,iqr_pct,13,9.457592780182335,4.330762167777925,45.1525332966199
Algorand,hypercube,Gaming,8,16,10,2023,hop,40 nodes,0,tps_positive_commit,sample_std_pct,13,22.271113952985512,9.647700865776407,32.47437105117753
Algorand,hypercube,PayPal,8,16,10,2023,hop,10 nodes,0,tps_positive_commit,iqr_pct,13,0.3629836457917919,0.10356915232633133,0.4670472236637289
Algorand,hypercube,PayPal,8,16,10,2023,hop,10 nodes,0,tps_positive_commit,sample_std_pct,13,0.26492967324110933,0.15026413158322166,0.35902160556977286
Algorand,hypercube,PayPal,8,16,10,2023,hop,40 nodes,0,tps_positive_commit,iqr_pct,13,0.5190035132545512,0.0,0.7794715184320276
Algorand,hypercube,PayPal,8,16,10,2023,hop,40 nodes,0,tps_positive_commit,sample_std_pct,13,0.40098625134109517,0.20006761992910058,0.5463208230800866
Algorand,hypercube,VISA,8,16,10,2023,hop,10 nodes,0,tps_positive_commit,iqr_pct,13,3.0252358457700925,1.1777319461686029,5.373984082765769
Algorand,hypercube,VISA,8,16,10,2023,hop,10 nodes,0,tps_positive_commit,sample_std_pct,13,2.321114786072915,1.372244317767818,2.8020536809118406
Algorand,hypercube,VISA,8,16,10,2023,hop,40 nodes,0,tps_positive_commit,iqr_pct,13,19.30832610581094,4.477013334010347,32.21073573885691
Algorand,hypercube,VISA,8,16,10,2023,hop,40 nodes,0,tps_positive_commit,sample_std_pct,13,13.65774598876493,9.494495657638328,15.950662414889369
Algorand,scale-free,DDoS,8,16,10,2023,hop,10 nodes,0,tps_positive_commit,iqr_pct,13,10.132031426491633,2.0824845528105254,21.54809897585267
Algorand,scale-free,DDoS,8,16,10,2023,hop,10 nodes,0,tps_positive_commit,sample_std_pct,13,8.38094527377686,4.122931799695512,10.60158157741003
Algorand,scale-free,DDoS,8,16,10,2023,hop,40 nodes,0,tps_positive_commit,iqr_pct,13,20.209689081706433,2.107031862004857,51.828611258673824
Algorand,scale-free,DDoS,8,16,10,2023,hop,40 nodes,0,tps_positive_commit,sample_std_pct,13,23.733756014096286,11.362346565293807,34.427366229159276
Algorand,scale-free,FIFA,8,16,10,2023,hop,10 nodes,0,tps_positive_commit,iqr_pct,17,95.10158641803507,44.420263624929724,150.49514059112693
Algorand,scale-free,FIFA,8,16,10,2023,hop,10 nodes,0,tps_positive_commit,sample_std_pct,17,71.98571455694032,47.8398129865819,93.62858902128896
Algorand,scale-free,FIFA,8,16,10,2023,hop,40 nodes,0,tps_positive_commit,iqr_pct,11,128.5697538100821,39.438587845468184,169.2542028558129
Algorand,scale-free,FIFA,8,16,10,2023,hop,40 nodes,0,tps_positive_commit,sample_std_pct,11,71.14994850330066,44.0263912077728,98.36636385852546
Algorand,scale-free,GAFAM,8,16,10,2023,hop,10 nodes,0,tps_positive_commit,iqr_pct,13,59.16000779575131,2.059259303420215,99.70859651758057
Algorand,scale-free,GAFAM,8,16,10,2023,hop,10 nodes,0,tps_positive_commit,sample_std_pct,13,46.24362673909573,27.56967508521485,62.558522848824474
Algorand,scale-free,GAFAM,8,16,10,2023,hop,40 nodes,0,tps_positive_commit,iqr_pct,13,54.662561775905374,16.227012157165486,143.52811761076674
Algorand,scale-free,GAFAM,8,16,10,2023,hop,40 nodes,0,tps_positive_commit,sample_std_pct,13,45.62823479705921,19.548072111668336,70.3865433616528
Algorand,scale-free,Gaming,8,16,10,2023,hop,10 nodes,0,tps_positive_commit,iqr_pct,12,74.63760158137494,19.513592936099954,93.02753831135213
Algorand,scale-free,Gaming,8,16,10,2023,hop,10 nodes,0,tps_positive_commit,sample_std_pct,12,39.43815871794188,24.339916593603775,48.68530475589563
Algorand,scale-free,Gaming,8,16,10,2023,hop,40 nodes,0,tps_positive_commit,iqr_pct,13,31.422246317881992,7.501856949493917,130.14573437840977
Algorand,scale-free,Gaming,8,16,10,2023,hop,40 nodes,0,tps_positive_commit,sample_std_pct,13,39.743436115768915,12.071322469887466,65.461416235383
Algorand,scale-free,PayPal,8,16,10,2023,hop,10 nodes,0,tps_positive_commit,iqr_pct,13,0.2623824324869818,0.05245107928183561,0.31498606792393063
Algorand,scale-free,PayPal,8,16,10,2023,hop,10 nodes,0,tps_positive_commit,sample_std_pct,13,0.13807476992279719,0.09814846669991775,0.15652353690425114
Algorand,scale-free,PayPal,8,16,10,2023,hop,40 nodes,0,tps_positive_commit,iqr_pct,13,0.5244684713761246,0.0,0.7343743695274868
Algorand,scale-free,PayPal,8,16,10,2023,hop,40 nodes,0,tps_positive_commit,sample_std_pct,13,0.3408269134706593,0.1893981934941717,0.43730901476683914
Algorand,scale-free,VISA,8,16,10,2023,hop,10 nodes,0,tps_positive_commit,iqr_pct,13,7.438904871802976,2.660441460974498,9.786913350459054
Algorand,scale-free,VISA,8,16,10,2023,hop,10 nodes,0,tps_positive_commit,sample_std_pct,13,4.285563560114823,3.0268964588726446,4.98674879145105
Algorand,scale-free,VISA,8,16,10,2023,hop,40 nodes,0,tps_positive_commit,iqr_pct,13,7.882673784379727,3.2046401026310085,24.64844970992267
Algorand,scale-free,VISA,8,16,10,2023,hop,40 nodes,0,tps_positive_commit,sample_std_pct,13,11.023684327435305,5.477323989653867,15.43715663744002
Algorand,torus,DDoS,8,16,10,2023,hop,10 nodes,0,tps_positive_commit,iqr_pct,13,7.2679933798893925,1.1443319591321728,13.942717529693889
Algorand,torus,DDoS,8,16,10,2023,hop,10 nodes,0,tps_positive_commit,sample_std_pct,13,5.740940252715506,2.5790884620708128,7.158330691668523
Algorand,torus,DDoS,8,16,10,2023,hop,40 nodes,0,tps_positive_commit,iqr_pct,13,23.645173313455093,4.459191129424965,29.88818467052779
Algorand,torus,DDoS,8,16,10,2023,hop,40 nodes,0,tps_positive_commit,sample_std_pct,13,13.867396740046487,8.09661447614412,17.695159091354338
Algorand,torus,FIFA,8,16,10,2023,hop,10 nodes,0,tps_positive_commit,iqr_pct,13,56.84994861253855,20.29236683932634,117.95356414157094
Algorand,torus,FIFA,8,16,10,2023,hop,10 nodes,0,tps_positive_commit,sample_std_pct,13,49.305463684700776,25.71951544484668,73.75438042971473
Algorand,torus,FIFA,8,16,10,2023,hop,40 nodes,0,tps_positive_commit,iqr_pct,13,67.87894531757371,16.402859888332703,126.40300757024352
Algorand,torus,FIFA,8,16,10,2023,hop,40 nodes,0,tps_positive_commit,sample_std_pct,13,58.92304411725297,35.66355628106913,77.88788676529008
Algorand,torus,GAFAM,8,16,10,2023,hop,10 nodes,0,tps_positive_commit,iqr_pct,13,14.25959780621572,2.021407108112635,83.7187264492294
Algorand,torus,GAFAM,8,16,10,2023,hop,10 nodes,0,tps_positive_commit,sample_std_pct,13,30.591797538877252,5.563717684209043,47.598721031238526
Algorand,torus,GAFAM,8,16,10,2023,hop,40 nodes,0,tps_positive_commit,iqr_pct,13,62.761408691596074,19.694397283531416,81.60650760614179
Algorand,torus,GAFAM,8,16,10,2023,hop,40 nodes,0,tps_positive_commit,sample_std_pct,13,33.88420616281984,21.263718341451728,43.66085300430417
Algorand,torus,Gaming,8,16,10,2023,hop,10 nodes,0,tps_positive_commit,iqr_pct,13,11.73928592716219,3.81019839231086,30.97079292749318
Algorand,torus,Gaming,8,16,10,2023,hop,10 nodes,0,tps_positive_commit,sample_std_pct,13,12.659405808469355,6.752152592787125,16.777524763527666
Algorand,torus,Gaming,8,16,10,2023,hop,40 nodes,0,tps_positive_commit,iqr_pct,13,19.543828264758503,8.484155363518234,79.98883467207166
Algorand,torus,Gaming,8,16,10,2023,hop,40 nodes,0,tps_positive_commit,sample_std_pct,13,31.68845298858262,11.090416619219702,47.842236479298855
Algorand,torus,PayPal,8,16,10,2023,hop,10 nodes,0,tps_positive_commit,iqr_pct,13,0.47112829185793964,0.05236651322813738,0.6275910762367104
Algorand,torus,PayPal,8,16,10,2023,hop,10 nodes,0,tps_positive_commit,sample_std_pct,13,0.26381021748215844,0.15663279468415905,0.3077129427024116
Algorand,torus,PayPal,8,16,10,2023,hop,40 nodes,0,tps_positive_commit,iqr_pct,13,0.26133805082019945,0.0,1.200369344413657
Algorand,torus,PayPal,8,16,10,2023,hop,40 nodes,0,tps_positive_commit,sample_std_pct,13,0.46512977617432605,0.11626439008986823,0.6060780704936541
Algorand,torus,VISA,8,16,10,2023,hop,10 nodes,0,tps_positive_commit,iqr_pct,13,1.873873873873874,0.260547055765883,3.2266001144972667
Algorand,torus,VISA,8,16,10,2023,hop,10 nodes,0,tps_positive_commit,sample_std_pct,13,1.3937728798762439,0.9058037006846064,1.659007533514773
Algorand,torus,VISA,8,16,10,2023,hop,40 nodes,0,tps_positive_commit,iqr_pct,13,16.411001874450097,4.041092535357821,20.688528244035005
Algorand,torus,VISA,8,16,10,2023,hop,40 nodes,0,tps_positive_commit,sample_std_pct,13,9.7084199803895,6.3879260158634885,11.900225818344868
Diem,fat-tree,DDoS,8,16,10,2023,hop,10 nodes,0,tps_positive_commit,iqr_pct,13,3.5688777787697563,0.8944603387350633,10.274187889138556
Diem,fat-tree,DDoS,8,16,10,2023,hop,10 nodes,0,tps_positive_commit,sample_std_pct,13,5.565760616788832,2.6728589484349903,7.686187189124055
Diem,fat-tree,DDoS,8,16,10,2023,hop,40 nodes,0,tps_positive_commit,iqr_pct,20,93.22528363047002,29.074986175094086,111.80591254541706
Diem,fat-tree,DDoS,8,16,10,2023,hop,40 nodes,0,tps_positive_commit,sample_std_pct,20,50.18828390064264,39.728095853443385,56.791322767575366
Diem,fat-tree,FIFA,8,16,10,2023,hop,10 nodes,0,tps_positive_commit,iqr_pct,13,41.75859831278391,9.260154918540627,93.51471052065766
Diem,fat-tree,FIFA,8,16,10,2023,hop,10 nodes,0,tps_positive_commit,sample_std_pct,13,42.76389092320044,23.368558197903777,54.506241866841194
Diem,fat-tree,FIFA,8,16,10,2023,hop,40 nodes,0,tps_positive_commit,iqr_pct,21,34.923413566739605,22.309249967707053,89.49803165406769
Diem,fat-tree,FIFA,8,16,10,2023,hop,40 nodes,0,tps_positive_commit,sample_std_pct,21,47.05467681550056,28.126482362631442,55.70444324103561
Diem,fat-tree,GAFAM,8,16,10,2023,hop,10 nodes,0,tps_positive_commit,iqr_pct,13,12.275179856115109,0.12733846687678468,32.07409643817576
Diem,fat-tree,GAFAM,8,16,10,2023,hop,10 nodes,0,tps_positive_commit,sample_std_pct,13,13.239112637399808,3.896801873791041,18.98566383427931
Diem,fat-tree,GAFAM,8,16,10,2023,hop,40 nodes,0,tps_positive_commit,iqr_pct,19,19.430512574253903,5.335121842874007,27.570322301462053
Diem,fat-tree,GAFAM,8,16,10,2023,hop,40 nodes,0,tps_positive_commit,sample_std_pct,19,20.086240992719883,8.035945350478332,32.4847609013694
Diem,fat-tree,Gaming,8,16,10,2023,hop,10 nodes,0,tps_positive_commit,iqr_pct,13,34.160976619077175,10.739836988785306,93.00234801220041
Diem,fat-tree,Gaming,8,16,10,2023,hop,10 nodes,0,tps_positive_commit,sample_std_pct,13,42.52845869396927,22.393574875539347,58.48160581972319
Diem,fat-tree,Gaming,8,16,10,2023,hop,40 nodes,0,tps_positive_commit,iqr_pct,25,43.77234515412116,16.165113668155424,57.79140590131626
Diem,fat-tree,Gaming,8,16,10,2023,hop,40 nodes,0,tps_positive_commit,sample_std_pct,25,26.22865697015422,18.420419482928523,32.29203657716944
Diem,fat-tree,PayPal,8,16,10,2023,hop,10 nodes,0,tps_positive_commit,iqr_pct,13,0.7676863115625367,0.10241058767922726,1.5873641090278843
Diem,fat-tree,PayPal,8,16,10,2023,hop,10 nodes,0,tps_positive_commit,sample_std_pct,13,0.645499825016639,0.3104477485109022,0.7956467998540939
Diem,fat-tree,PayPal,8,16,10,2023,hop,40 nodes,0,tps_positive_commit,iqr_pct,23,2.113402061855667,1.187104101121208,2.7325099190782454
Diem,fat-tree,PayPal,8,16,10,2023,hop,40 nodes,0,tps_positive_commit,sample_std_pct,23,1.3046801751107988,0.9449817286545074,1.6185403124197386
Diem,fat-tree,VISA,8,16,10,2023,hop,10 nodes,0,tps_positive_commit,iqr_pct,11,9.74054838105932,3.3719125785761723,18.709725419855886
Diem,fat-tree,VISA,8,16,10,2023,hop,10 nodes,0,tps_positive_commit,sample_std_pct,11,8.76191205944275,4.44953282281061,12.0678970744292
Diem,fat-tree,VISA,8,16,10,2023,hop,40 nodes,0,tps_positive_commit,iqr_pct,23,77.58051811007239,37.08966423515162,88.82419842672897
Diem,fat-tree,VISA,8,16,10,2023,hop,40 nodes,0,tps_positive_commit,sample_std_pct,23,43.22611057237617,33.95493799484105,51.75702627858934
Diem,full mesh,DDoS,8,16,10,2023,hop,10 nodes,0,tps_positive_commit,iqr_pct,13,38.96053348556007,10.663267555517454,65.19449583136314
Diem,full mesh,DDoS,8,16,10,2023,hop,10 nodes,0,tps_positive_commit,sample_std_pct,13,28.254201529898268,17.99392564894811,36.67354238832001
Diem,full mesh,DDoS,8,16,10,2023,hop,40 nodes,0,tps_positive_commit,iqr_pct,11,12.599569742426898,3.2895126428613803,25.47305768421001
Diem,full mesh,DDoS,8,16,10,2023,hop,40 nodes,0,tps_positive_commit,sample_std_pct,11,11.785852611954251,6.277077996839868,16.380996383757
Diem,full mesh,FIFA,8,16,10,2023,hop,10 nodes,0,tps_positive_commit,iqr_pct,13,55.71011891406776,16.94387464631986,81.14550776227058
Diem,full mesh,FIFA,8,16,10,2023,hop,10 nodes,0,tps_positive_commit,sample_std_pct,13,33.53679064571123,21.22833896084903,41.54208754403866
Diem,full mesh,FIFA,8,16,10,2023,hop,40 nodes,0,tps_positive_commit,iqr_pct,11,19.35047361299052,5.216684460391521,43.17163733904556
Diem,full mesh,FIFA,8,16,10,2023,hop,40 nodes,0,tps_positive_commit,sample_std_pct,11,21.73338849156779,10.235226213106005,29.023023617911424
Diem,full mesh,GAFAM,8,16,10,2023,hop,10 nodes,0,tps_positive_commit,iqr_pct,12,30.449872306987103,7.1529725760174045,51.02218752246839
Diem,full mesh,GAFAM,8,16,10,2023,hop,10 nodes,0,tps_positive_commit,sample_std_pct,12,21.995457334053217,14.099542006245205,27.60732086119658
Diem,full mesh,GAFAM,8,16,10,2023,hop,40 nodes,0,tps_positive_commit,iqr_pct,13,0.12311771948100447,0.0,6.279298209371046
Diem,full mesh,GAFAM,8,16,10,2023,hop,40 nodes,0,tps_positive_commit,sample_std_pct,13,7.076574728470923,0.05378813795657316,11.319086832325015
Diem,full mesh,Gaming,8,16,10,2023,hop,10 nodes,0,tps_positive_commit,iqr_pct,13,52.41655540720961,23.895877792453078,94.96959308544616
Diem,full mesh,Gaming,8,16,10,2023,hop,10 nodes,0,tps_positive_commit,sample_std_pct,13,44.589561214356266,27.188039572754896,57.65951001728657
Diem,full mesh,Gaming,8,16,10,2023,hop,40 nodes,0,tps_positive_commit,iqr_pct,12,14.695747001090526,5.672500991508782,41.44493096858444
Diem,full mesh,Gaming,8,16,10,2023,hop,40 nodes,0,tps_positive_commit,sample_std_pct,12,16.960436162364733,6.047386678537766,24.344792529116734
Diem,full mesh,PayPal,8,16,10,2023,hop,10 nodes,0,tps_positive_commit,iqr_pct,13,0.252869091616417,0.0505797214224689,0.35415484935618063
Diem,full mesh,PayPal,8,16,10,2023,hop,10 nodes,0,tps_positive_commit,sample_std_pct,13,0.15776088384354425,0.10026758029780508,0.19314434526610558
Diem,full mesh,PayPal,8,16,10,2023,hop,40 nodes,0,tps_positive_commit,iqr_pct,13,3.5561180745519065,0.9508697005275211,4.80278315619462
Diem,full mesh,PayPal,8,16,10,2023,hop,40 nodes,0,tps_positive_commit,sample_std_pct,13,2.360404112246847,1.3979970304521805,2.980651907046766
Diem,full mesh,VISA,8,16,10,2023,hop,10 nodes,0,tps_positive_commit,iqr_pct,13,13.75018331133597,3.486182649652842,28.387771514822035
Diem,full mesh,VISA,8,16,10,2023,hop,10 nodes,0,tps_positive_commit,sample_std_pct,13,12.581983786016735,7.742376821920986,15.691435141774177
Diem,full mesh,VISA,8,16,10,2023,hop,40 nodes,0,tps_positive_commit,iqr_pct,12,9.850136239782026,1.973579576419749,12.79408427885699
Diem,full mesh,VISA,8,16,10,2023,hop,40 nodes,0,tps_positive_commit,sample_std_pct,12,6.336924860743286,4.3823951990260515,7.587603911198579
Diem,hypercube,DDoS,8,16,10,2023,hop,10 nodes,0,tps_positive_commit,iqr_pct,13,36.55145873920679,10.700936677382895,58.203074450877125
Diem,hypercube,DDoS,8,16,10,2023,hop,10 nodes,0,tps_positive_commit,sample_std_pct,13,21.855510022271357,13.246214404208182,27.16612734077764
Diem,hypercube,DDoS,8,16,10,2023,hop,40 nodes,0,tps_positive_commit,iqr_pct,12,12.878082829222885,3.0315103890296475,29.058376950308855
Diem,hypercube,DDoS,8,16,10,2023,hop,40 nodes,0,tps_positive_commit,sample_std_pct,12,13.23384325192397,7.322880674879707,17.38558170777501
Diem,hypercube,FIFA,8,16,10,2023,hop,10 nodes,0,tps_positive_commit,iqr_pct,13,34.19270833333332,9.622383200643265,86.2996594428526
Diem,hypercube,FIFA,8,16,10,2023,hop,10 nodes,0,tps_positive_commit,sample_std_pct,13,36.606760119264834,19.94831089113782,49.08494653438072
Diem,hypercube,FIFA,8,16,10,2023,hop,40 nodes,0,tps_positive_commit,iqr_pct,9,45.13081395348837,5.9433962264150875,120.81658634560586
Diem,hypercube,FIFA,8,16,10,2023,hop,40 nodes,0,tps_positive_commit,sample_std_pct,9,56.74921709358515,23.365686684361602,68.87637630350098
Diem,hypercube,GAFAM,8,16,10,2023,hop,10 nodes,0,tps_positive_commit,iqr_pct,13,22.938446631648727,3.037076426150649,28.53374958773812
Diem,hypercube,GAFAM,8,16,10,2023,hop,10 nodes,0,tps_positive_commit,sample_std_pct,13,11.562556667927948,7.2780426914762595,13.614184581310603
Diem,hypercube,GAFAM,8,16,10,2023,hop,40 nodes,0,tps_positive_commit,iqr_pct,10,8.48979868501322,0.0,71.90608185227457
Diem,hypercube,GAFAM,8,16,10,2023,hop,40 nodes,0,tps_positive_commit,sample_std_pct,10,24.965784993637133,3.196153054821278,37.40467184591739
Diem,hypercube,Gaming,8,16,10,2023,hop,10 nodes,0,tps_positive_commit,iqr_pct,13,69.73180076628354,20.070676697478717,110.7458785489164
Diem,hypercube,Gaming,8,16,10,2023,hop,10 nodes,0,tps_positive_commit,sample_std_pct,13,50.206072433733496,32.30197389693772,61.220420946476615
Diem,hypercube,Gaming,8,16,10,2023,hop,40 nodes,0,tps_positive_commit,iqr_pct,10,19.404716802424694,3.0010952902519143,59.534630232013
Diem,hypercube,Gaming,8,16,10,2023,hop,40 nodes,0,tps_positive_commit,sample_std_pct,10,21.047938634482804,6.163348758525963,30.386804502055426
Diem,hypercube,PayPal,8,16,10,2023,hop,10 nodes,0,tps_positive_commit,iqr_pct,13,0.30503304524656544,0.1015545660495216,0.45803364591600026
Diem,hypercube,PayPal,8,16,10,2023,hop,10 nodes,0,tps_positive_commit,sample_std_pct,13,0.3636546980829516,0.13321942716750418,0.5429130357910193
Diem,hypercube,PayPal,8,16,10,2023,hop,40 nodes,0,tps_positive_commit,iqr_pct,11,2.143332382853338,0.73204180260028,3.904100637354995
Diem,hypercube,PayPal,8,16,10,2023,hop,40 nodes,0,tps_positive_commit,sample_std_pct,11,1.7291488239010289,0.9703511334249553,2.2132925409990216
Diem,hypercube,VISA,8,16,10,2023,hop,10 nodes,0,tps_positive_commit,iqr_pct,12,5.004513653802744,1.6254337415993154,8.904543305172801
Diem,hypercube,VISA,8,16,10,2023,hop,10 nodes,0,tps_positive_commit,sample_std_pct,12,4.497035532639689,2.4488024671861255,6.0145894524354215
Diem,hypercube,VISA,8,16,10,2023,hop,40 nodes,0,tps_positive_commit,iqr_pct,9,5.8177765394260215,0.9112809015607041,9.279936343374933
Diem,hypercube,VISA,8,16,10,2023,hop,40 nodes,0,tps_positive_commit,sample_std_pct,9,3.998635967431537,2.3100658455359633,4.933649223401115
Diem,scale-free,DDoS,8,16,10,2023,hop,10 nodes,0,tps_positive_commit,iqr_pct,13,13.022233080869773,4.111979640065438,28.485552794757893
Diem,scale-free,DDoS,8,16,10,2023,hop,10 nodes,0,tps_positive_commit,sample_std_pct,13,11.65028570179008,6.984382957582428,14.631680302843714
Diem,scale-free,DDoS,8,16,10,2023,hop,40 nodes,0,tps_positive_commit,iqr_pct,18,22.82525995434948,12.437631603483583,35.63790765484385
Diem,scale-free,DDoS,8,16,10,2023,hop,40 nodes,0,tps_positive_commit,sample_std_pct,18,15.541439499171942,10.639695429316347,19.26316677056322
Diem,scale-free,FIFA,8,16,10,2023,hop,10 nodes,0,tps_positive_commit,iqr_pct,12,45.88836812952705,10.278898896792422,88.32418756596836
Diem,scale-free,FIFA,8,16,10,2023,hop,10 nodes,0,tps_positive_commit,sample_std_pct,12,36.57555916801166,20.287219881877135,53.89964122624758
Diem,scale-free,FIFA,8,16,10,2023,hop,40 nodes,0,tps_positive_commit,iqr_pct,18,52.37458193979933,21.400244008816266,113.9099101442292
Diem,scale-free,FIFA,8,16,10,2023,hop,40 nodes,0,tps_positive_commit,sample_std_pct,18,56.26367029740269,34.58701438462691,74.42692412065367
Diem,scale-free,GAFAM,8,16,10,2023,hop,10 nodes,0,tps_positive_commit,iqr_pct,14,9.5654550423613,0.06243860668551545,12.578625935016143
Diem,scale-free,GAFAM,8,16,10,2023,hop,10 nodes,0,tps_positive_commit,sample_std_pct,14,11.73596685220947,3.0278110872515263,18.953194173869516
Diem,scale-free,GAFAM,8,16,10,2023,hop,40 nodes,0,tps_positive_commit,iqr_pct,16,0.030311067328465193,0.0,0.15156696560625169
Diem,scale-free,GAFAM,8,16,10,2023,hop,40 nodes,0,tps_positive_commit,sample_std_pct,16,3.291357175990233,0.04322605658442851,5.400896316232564
Diem,scale-free,Gaming,8,16,10,2023,hop,10 nodes,0,tps_positive_commit,iqr_pct,13,71.47227888002968,7.414041258654081,98.22722430691904
Diem,scale-free,Gaming,8,16,10,2023,hop,10 nodes,0,tps_positive_commit,sample_std_pct,13,39.64942681369714,25.012419884670106,50.53564604394988
Diem,scale-free,Gaming,8,16,10,2023,hop,40 nodes,0,tps_positive_commit,iqr_pct,17,12.334989786896747,5.559408084574131,22.24329615293823
Diem,scale-free,Gaming,8,16,10,2023,hop,40 nodes,0,tps_positive_commit,sample_std_pct,17,10.320692563947789,6.823650734895692,12.876769327879577
Diem,scale-free,PayPal,8,16,10,2023,hop,10 nodes,0,tps_positive_commit,iqr_pct,13,1.5025906735751324,0.10314185972706491,1.9794838916493087
Diem,scale-free,PayPal,8,16,10,2023,hop,10 nodes,0,tps_positive_commit,sample_std_pct,13,1.1973284982685342,0.47838684222046424,1.6853088336769046
Diem,scale-free,PayPal,8,16,10,2023,hop,40 nodes,0,tps_positive_commit,iqr_pct,19,8.798559300231544,3.623422684473228,11.397177607328393
Diem,scale-free,PayPal,8,16,10,2023,hop,40 nodes,0,tps_positive_commit,sample_std_pct,19,6.852719338577239,3.9570662400078747,9.584281270560448
Diem,scale-free,VISA,8,16,10,2023,hop,10 nodes,0,tps_positive_commit,iqr_pct,12,6.018115310921434,2.1793498291882543,12.211175890637115
Diem,scale-free,VISA,8,16,10,2023,hop,10 nodes,0,tps_positive_commit,sample_std_pct,12,5.712894477265748,2.942971762880104,7.3764556040871545
Diem,scale-free,VISA,8,16,10,2023,hop,40 nodes,0,tps_positive_commit,iqr_pct,19,5.056574718800206,2.6278371981578594,9.010307725999974
Diem,scale-free,VISA,8,16,10,2023,hop,40 nodes,0,tps_positive_commit,sample_std_pct,19,4.727264780483955,3.0300456946075887,5.926584251957851
Diem,torus,DDoS,8,16,10,2023,hop,10 nodes,0,tps_positive_commit,iqr_pct,13,11.99787946697511,4.0510805983586415,26.641247549362955
Diem,torus,DDoS,8,16,10,2023,hop,10 nodes,0,tps_positive_commit,sample_std_pct,13,12.557419590355606,6.395595825039559,17.338427400008857
Diem,torus,DDoS,8,16,10,2023,hop,40 nodes,0,tps_positive_commit,iqr_pct,10,11.055941741145329,1.9453701977110949,22.269765239605345
Diem,torus,DDoS,8,16,10,2023,hop,40 nodes,0,tps_positive_commit,sample_std_pct,10,10.270693592742807,5.5461095244800855,13.049628692026088
Diem,torus,FIFA,8,16,10,2023,hop,10 nodes,0,tps_positive_commit,iqr_pct,13,47.90343074968235,15.297381972805868,91.18551888896455
Diem,torus,FIFA,8,16,10,2023,hop,10 nodes,0,tps_positive_commit,sample_std_pct,13,41.63874756394312,23.544444293991454,55.502666768603476
Diem,torus,FIFA,8,16,10,2023,hop,40 nodes,0,tps_positive_commit,iqr_pct,9,29.225092250922515,2.1969080553295415,55.31528675660501
Diem,torus,FIFA,8,16,10,2023,hop,40 nodes,0,tps_positive_commit,sample_std_pct,9,20.9148934771765,11.073068554931929,27.67432432155451
Diem,torus,GAFAM,8,16,10,2023,hop,10 nodes,0,tps_positive_commit,iqr_pct,13,3.2000000000000104,0.06035563396629026,9.651595235367951
Diem,torus,GAFAM,8,16,10,2023,hop,10 nodes,0,tps_positive_commit,sample_std_pct,13,5.2999944177708675,1.1829056736874075,7.813773046857554
Diem,torus,GAFAM,8,16,10,2023,hop,40 nodes,0,tps_positive_commit,iqr_pct,13,0.061153448113665236,0.0,7.887134052388304
Diem,torus,GAFAM,8,16,10,2023,hop,40 nodes,0,tps_positive_commit,sample_std_pct,13,3.9539975450998512,0.04129500974253543,5.3651124359689435
Diem,torus,Gaming,8,16,10,2023,hop,10 nodes,0,tps_positive_commit,iqr_pct,12,70.03044802087867,22.52082114134727,93.06369741066935
Diem,torus,Gaming,8,16,10,2023,hop,10 nodes,0,tps_positive_commit,sample_std_pct,12,39.940676598863405,23.19511901183624,53.65340243753745
Diem,torus,Gaming,8,16,10,2023,hop,40 nodes,0,tps_positive_commit,iqr_pct,11,15.361289550333158,2.3430635682214653,47.48681552757648
Diem,torus,Gaming,8,16,10,2023,hop,40 nodes,0,tps_positive_commit,sample_std_pct,11,19.322368109271927,5.175602742736778,31.29367958711135
Diem,torus,PayPal,8,16,10,2023,hop,10 nodes,0,tps_positive_commit,iqr_pct,12,0.2931928273986659,0.10205817315870916,0.45863767623577667
Diem,torus,PayPal,8,16,10,2023,hop,10 nodes,0,tps_positive_commit,sample_std_pct,12,0.181691888286336,0.12182879364617957,0.21586708668496637
Diem,torus,PayPal,8,16,10,2023,hop,40 nodes,0,tps_positive_commit,iqr_pct,12,1.8499769903359535,0.6708220366248372,24.518126244527103
Diem,torus,PayPal,8,16,10,2023,hop,40 nodes,0,tps_positive_commit,sample_std_pct,12,21.748479699111805,0.7163573971155448,38.972421017755195
Diem,torus,VISA,8,16,10,2023,hop,10 nodes,0,tps_positive_commit,iqr_pct,13,9.899575201143232,3.4709935155028333,13.455762445634777
Diem,torus,VISA,8,16,10,2023,hop,10 nodes,0,tps_positive_commit,sample_std_pct,13,6.443029342787963,3.868899445676798,8.346914793119723
Diem,torus,VISA,8,16,10,2023,hop,40 nodes,0,tps_positive_commit,iqr_pct,13,8.85558583106267,1.290113883700244,17.076540602105734
Diem,torus,VISA,8,16,10,2023,hop,40 nodes,0,tps_positive_commit,sample_std_pct,13,21.391531928128316,4.475943189174619,37.40013185304162
Ethereum,fat-tree,DDoS,8,16,10,2023,hop,10 nodes,0,tps_positive_commit,iqr_pct,13,37.075242718446596,15.56830814453099,82.95854674845393
Ethereum,fat-tree,DDoS,8,16,10,2023,hop,10 nodes,0,tps_positive_commit,sample_std_pct,13,36.44490588235371,21.050235988118146,49.72555031289585
Ethereum,fat-tree,DDoS,8,16,10,2023,hop,40 nodes,0,tps_positive_commit,iqr_pct,13,12.935323383084576,1.5950675749380243,28.121233776267
Ethereum,fat-tree,DDoS,8,16,10,2023,hop,40 nodes,0,tps_positive_commit,sample_std_pct,13,14.01605725505709,6.659893280172121,20.111442636787487
Ethereum,fat-tree,FIFA,8,16,10,2023,hop,10 nodes,0,tps_positive_commit,iqr_pct,14,72.50000000000001,32.851883331580865,106.58396520963414
Ethereum,fat-tree,FIFA,8,16,10,2023,hop,10 nodes,0,tps_positive_commit,sample_std_pct,14,67.05336565865913,37.04505224183326,84.20000007844679
Ethereum,fat-tree,FIFA,8,16,10,2023,hop,40 nodes,0,tps_positive_commit,iqr_pct,13,35.20833333333332,4.924242424242427,99.30762614678896
Ethereum,fat-tree,FIFA,8,16,10,2023,hop,40 nodes,0,tps_positive_commit,sample_std_pct,13,36.595278516800796,18.37956335963299,52.28085432939138
Ethereum,fat-tree,GAFAM,8,16,10,2023,hop,10 nodes,0,tps_positive_commit,iqr_pct,13,32.45363766048502,12.10193624297592,57.2277562128112
Ethereum,fat-tree,GAFAM,8,16,10,2023,hop,10 nodes,0,tps_positive_commit,sample_std_pct,13,30.69697181941478,17.1220186453171,39.36301260853798
Ethereum,fat-tree,GAFAM,8,16,10,2023,hop,40 nodes,0,tps_positive_commit,iqr_pct,13,12.12686567164179,5.946935041171089,27.473583093179638
Ethereum,fat-tree,GAFAM,8,16,10,2023,hop,40 nodes,0,tps_positive_commit,sample_std_pct,13,12.887378106553546,8.112684991246093,15.86112808476042
Ethereum,fat-tree,Gaming,8,16,10,2023,hop,10 nodes,0,tps_positive_commit,iqr_pct,13,82.53968253968254,20.967741935483872,152.94117647058823
Ethereum,fat-tree,Gaming,8,16,10,2023,hop,10 nodes,0,tps_positive_commit,sample_std_pct,13,54.494785987656,29.308069928996737,78.3963443894579
Ethereum,fat-tree,Gaming,8,16,10,2023,hop,40 nodes,0,tps_positive_commit,iqr_pct,13,10.655737704918032,0.0,20.800000000000008
Ethereum,fat-tree,Gaming,8,16,10,2023,hop,40 nodes,0,tps_positive_commit,sample_std_pct,13,9.267492134506357,4.536092116265143,11.811143964416782
Ethereum,fat-tree,PayPal,8,16,10,2023,hop,10 nodes,0,tps_positive_commit,iqr_pct,14,13.15618924173687,6.003655445978802,58.33540482954542
Ethereum,fat-tree,PayPal,8,16,10,2023,hop,10 nodes,0,tps_positive_commit,sample_std_pct,14,23.620396865844857,6.0103183622635115,38.1260987546507
Ethereum,fat-tree,PayPal,8,16,10,2023,hop,40 nodes,0,tps_positive_commit,iqr_pct,13,3.668861712135474,1.2126865671641964,4.873477038425496
Ethereum,fat-tree,PayPal,8,16,10,2023,hop,40 nodes,0,tps_positive_commit,sample_std_pct,13,2.0066537166229126,1.2671055540380465,2.4770003014231716
Ethereum,fat-tree,VISA,8,16,10,2023,hop,10 nodes,0,tps_positive_commit,iqr_pct,13,11.225040474905567,1.3436692506460017,43.85363064608347
Ethereum,fat-tree,VISA,8,16,10,2023,hop,10 nodes,0,tps_positive_commit,sample_std_pct,13,17.361940049844275,6.046049517195067,24.60829124255013
Ethereum,fat-tree,VISA,8,16,10,2023,hop,40 nodes,0,tps_positive_commit,iqr_pct,13,5.18341307814992,2.0392156862745203,10.077714832121526
Ethereum,fat-tree,VISA,8,16,10,2023,hop,40 nodes,0,tps_positive_commit,sample_std_pct,13,4.648058053034427,2.8658794152100553,5.904314468913611
Ethereum,full mesh,DDoS,8,16,10,2023,hop,10 nodes,0,tps_positive_commit,iqr_pct,11,24.37290969899666,9.101408246225331,64.54545199136918
Ethereum,full mesh,DDoS,8,16,10,2023,hop,10 nodes,0,tps_positive_commit,sample_std_pct,11,34.34702822180529,14.837817208320521,45.85957252859646
Ethereum,full mesh,DDoS,8,16,10,2023,hop,40 nodes,0,tps_positive_commit,iqr_pct,13,35.24720893141946,11.769305352501622,49.36800826274783
Ethereum,full mesh,DDoS,8,16,10,2023,hop,40 nodes,0,tps_positive_commit,sample_std_pct,13,21.16803086905444,15.392567687203705,23.982661242515043
Ethereum,full mesh,FIFA,8,16,10,2023,hop,10 nodes,0,tps_positive_commit,iqr_pct,13,101.48698884758366,25.91319108946274,120.26482668882376
Ethereum,full mesh,FIFA,8,16,10,2023,hop,10 nodes,0,tps_positive_commit,sample_std_pct,13,55.57216730097097,35.457463556067964,71.20353028288567
Ethereum,full mesh,FIFA,8,16,10,2023,hop,40 nodes,0,tps_positive_commit,iqr_pct,13,27.440633245382593,9.999360613810751,69.70562304075223
Ethereum,full mesh,FIFA,8,16,10,2023,hop,40 nodes,0,tps_positive_commit,sample_std_pct,13,33.19229053513732,17.780558562142787,45.03574490470728
Ethereum,full mesh,GAFAM,8,16,10,2023,hop,10 nodes,0,tps_positive_commit,iqr_pct,13,19.441674975074772,7.088234944538373,32.961460446247465
Ethereum,full mesh,GAFAM,8,16,10,2023,hop,10 nodes,0,tps_positive_commit,sample_std_pct,13,14.662360753509798,9.24876824353475,18.62762203332137
Ethereum,full mesh,GAFAM,8,16,10,2023,hop,40 nodes,0,tps_positive_commit,iqr_pct,13,9.548793284365166,2.713987473903957,23.918396744100967
Ethereum,full mesh,GAFAM,8,16,10,2023,hop,40 nodes,0,tps_positive_commit,sample_std_pct,13,10.107098118554278,5.754429763523439,12.534183616953818
Ethereum,full mesh,Gaming,8,16,10,2023,hop,10 nodes,0,tps_positive_commit,iqr_pct,13,35.13513513513513,14.942528735632182,77.61194029850745
Ethereum,full mesh,Gaming,8,16,10,2023,hop,10 nodes,0,tps_positive_commit,sample_std_pct,13,27.20101653810224,14.874707466607264,36.51483716701108
Ethereum,full mesh,Gaming,8,16,10,2023,hop,40 nodes,0,tps_positive_commit,iqr_pct,13,11.607142857142854,0.0,25.24271844660195
Ethereum,full mesh,Gaming,8,16,10,2023,hop,40 nodes,0,tps_positive_commit,sample_std_pct,13,12.116787491560883,7.856742013183857,14.836100488746972
Ethereum,full mesh,PayPal,8,16,10,2023,hop,10 nodes,0,tps_positive_commit,iqr_pct,13,5.807892777364106,1.9696969696969804,14.541387024608502
Ethereum,full mesh,PayPal,8,16,10,2023,hop,10 nodes,0,tps_positive_commit,sample_std_pct,13,6.037092449644834,3.33276900673512,7.824405341607513
Ethereum,full mesh,PayPal,8,16,10,2023,hop,40 nodes,0,tps_positive_commit,iqr_pct,13,2.490421455938688,0.0,4.957102001906582
Ethereum,full mesh,PayPal,8,16,10,2023,hop,40 nodes,0,tps_positive_commit,sample_std_pct,13,1.9280414021260197,1.0954962310143828,2.3016293724030024
Ethereum,full mesh,VISA,8,16,10,2023,hop,10 nodes,0,tps_positive_commit,iqr_pct,13,18.9847009735744,5.435540069686408,36.64784839694185
Ethereum,full mesh,VISA,8,16,10,2023,hop,10 nodes,0,tps_positive_commit,sample_std_pct,13,18.17661145774075,9.704409856071333,24.506789761816638
Ethereum,full mesh,VISA,8,16,10,2023,hop,40 nodes,0,tps_positive_commit,iqr_pct,13,3.4697508896797236,0.0,6.933333333333328
Ethereum,full mesh,VISA,8,16,10,2023,hop,40 nodes,0,tps_positive_commit,sample_std_pct,13,2.8959040567188237,1.6497617200170362,3.4235505912065602
Ethereum,hypercube,DDoS,8,16,10,2023,hop,10 nodes,0,tps_positive_commit,iqr_pct,13,34.491471888818694,9.488906884387543,80.13147075996794
Ethereum,hypercube,DDoS,8,16,10,2023,hop,10 nodes,0,tps_positive_commit,sample_std_pct,13,29.70096542273735,13.470779499085394,43.13146433475437
Ethereum,hypercube,DDoS,8,16,10,2023,hop,40 nodes,0,tps_positive_commit,iqr_pct,13,21.13074204946995,6.504530021443898,41.14007216213449
Ethereum,hypercube,DDoS,8,16,10,2023,hop,40 nodes,0,tps_positive_commit,sample_std_pct,13,16.802284247754752,10.796351056178715,20.250444222486
Ethereum,hypercube,FIFA,8,16,10,2023,hop,10 nodes,0,tps_positive_commit,iqr_pct,12,42.319749216300934,14.413335491179797,105.3735865693834
Ethereum,hypercube,FIFA,8,16,10,2023,hop,10 nodes,0,tps_positive_commit,sample_std_pct,12,48.505521612781145,26.24412571867801,65.93631753434993
Ethereum,hypercube,FIFA,8,16,10,2023,hop,40 nodes,0,tps_positive_commit,iqr_pct,13,47.44525547445255,11.555555555555554,70.72998115873756
Ethereum,hypercube,FIFA,8,16,10,2023,hop,40 nodes,0,tps_positive_commit,sample_std_pct,13,33.31290332417479,19.29192096232869,45.86583340283862
Ethereum,hypercube,GAFAM,8,16,10,2023,hop,10 nodes,0,tps_positive_commit,iqr_pct,13,28.20754716981132,10.536832558635801,42.857142857142854
Ethereum,hypercube,GAFAM,8,16,10,2023,hop,10 nodes,0,tps_positive_commit,sample_std_pct,13,18.91766243016103,11.794762516847529,22.671887118587176
Ethereum,hypercube,GAFAM,8,16,10,2023,hop,40 nodes,0,tps_positive_commit,iqr_pct,13,13.278855975485177,4.004106776180696,22.62026612077789
Ethereum,hypercube,GAFAM,8,16,10,2023,hop,40 nodes,0,tps_positive_commit,sample_std_pct,13,10.0893765920576,6.343069066518355,12.991723515565486
Ethereum,hypercube,Gaming,8,16,10,2023,hop,10 nodes,0,tps_positive_commit,iqr_pct,13,35.779816513761475,10.743801652892559,50.00000000000001
Ethereum,hypercube,Gaming,8,16,10,2023,hop,10 nodes,0,tps_positive_commit,sample_std_pct,13,20.390927312745752,12.828331166553747,24.95794055244188
Ethereum,hypercube,Gaming,8,16,10,2023,hop,40 nodes,0,tps_positive_commit,iqr_pct,13,21.138211382113816,0.0,59.090909090909065
Ethereum,hypercube,Gaming,8,16,10,2023,hop,40 nodes,0,tps_positive_commit,sample_std_pct,13,23.481254967134095,9.663891793563353,28.966034822784778
Ethereum,hypercube,PayPal,8,16,10,2023,hop,10 nodes,0,tps_positive_commit,iqr_pct,14,12.437655860349132,5.8645763692224575,34.4343674516908
Ethereum,hypercube,PayPal,8,16,10,2023,hop,10 nodes,0,tps_positive_commit,sample_std_pct,14,15.619875022554556,7.812542724877715,19.540945966068886
Ethereum,hypercube,PayPal,8,16,10,2023,hop,40 nodes,0,tps_positive_commit,iqr_pct,13,1.2333965844402235,0.0,3.6896877956480694
Ethereum,hypercube,PayPal,8,16,10,2023,hop,40 nodes,0,tps_positive_commit,sample_std_pct,13,2.8688752615247597,0.8197639725936763,4.253749905783815
Ethereum,hypercube,VISA,8,16,10,2023,hop,10 nodes,0,tps_positive_commit,iqr_pct,13,9.101516919486578,3.153378539794553,16.64786958533598
Ethereum,hypercube,VISA,8,16,10,2023,hop,10 nodes,0,tps_positive_commit,sample_std_pct,13,10.849978725108842,4.282851964149525,15.139073473117925
Ethereum,hypercube,VISA,8,16,10,2023,hop,40 nodes,0,tps_positive_commit,iqr_pct,13,3.3276450511945272,1.1111111111111074,10.897127117356838
Ethereum,hypercube,VISA,8,16,10,2023,hop,40 nodes,0,tps_positive_commit,sample_std_pct,13,4.658838504992779,2.4686908800805902,5.775768225204367
Ethereum,scale-free,DDoS,8,16,10,2023,hop,10 nodes,0,tps_positive_commit,iqr_pct,14,51.47601476014761,20.051754012645915,92.36497861942577
Ethereum,scale-free,DDoS,8,16,10,2023,hop,10 nodes,0,tps_positive_commit,sample_std_pct,14,36.08378331536857,21.428151466912688,47.62974762777746
Ethereum,scale-free,DDoS,8,16,10,2023,hop,40 nodes,0,tps_positive_commit,iqr_pct,13,14.721811915312657,5.6933614274759305,36.19999785756511
Ethereum,scale-free,DDoS,8,16,10,2023,hop,40 nodes,0,tps_positive_commit,sample_std_pct,13,16.53534198417008,9.183689102355233,20.26632960965029
Ethereum,scale-free,FIFA,8,16,10,2023,hop,10 nodes,0,tps_positive_commit,iqr_pct,13,70.54263565891473,19.57831325301205,119.55172413793083
Ethereum,scale-free,FIFA,8,16,10,2023,hop,10 nodes,0,tps_positive_commit,sample_std_pct,13,52.640215882777355,29.546078758820727,76.45783678225112
Ethereum,scale-free,FIFA,8,16,10,2023,hop,40 nodes,0,tps_positive_commit,iqr_pct,13,58.51272015655577,16.88220526773444,78.00134575569358
Ethereum,scale-free,FIFA,8,16,10,2023,hop,40 nodes,0,tps_positive_commit,sample_std_pct,13,32.83319581422283,22.860119024139795,39.864987807107994
Ethereum,scale-free,GAFAM,8,16,10,2023,hop,10 nodes,0,tps_positive_commit,iqr_pct,13,32.16494845360826,11.897135967108852,57.51336599773738
Ethereum,scale-free,GAFAM,8,16,10,2023,hop,10 nodes,0,tps_positive_commit,sample_std_pct,13,22.49246994015487,13.25581371337781,29.06853922528648
Ethereum,scale-free,GAFAM,8,16,10,2023,hop,40 nodes,0,tps_positive_commit,iqr_pct,13,24.546114742193186,5.900151285930406,40.78923614754702
Ethereum,scale-free,GAFAM,8,16,10,2023,hop,40 nodes,0,tps_positive_commit,sample_std_pct,13,20.89266266504307,10.900352497542205,27.893715080471676
Ethereum,scale-free,Gaming,8,16,10,2023,hop,10 nodes,0,tps_positive_commit,iqr_pct,13,27.083333333333346,12.149532710280385,101.11111111111111
Ethereum,scale-free,Gaming,8,16,10,2023,hop,10 nodes,0,tps_positive_commit,sample_std_pct,13,44.41255909191219,20.96418938294592,64.2195427024091
Ethereum,scale-free,Gaming,8,16,10,2023,hop,40 nodes,0,tps_positive_commit,iqr_pct,13,29.545454545454533,9.027777777777766,62.400000000000006
Ethereum,scale-free,Gaming,8,16,10,2023,hop,40 nodes,0,tps_positive_commit,sample_std_pct,13,22.689362321018077,10.871864954844515,30.776160080445553
Ethereum,scale-free,PayPal,8,16,10,2023,hop,10 nodes,0,tps_positive_commit,iqr_pct,13,16.087212728344134,5.507645985029278,29.52912047990091
Ethereum,scale-free,PayPal,8,16,10,2023,hop,10 nodes,0,tps_positive_commit,sample_std_pct,13,13.424658018985536,6.866939819593753,18.63184858610694
Ethereum,scale-free,PayPal,8,16,10,2023,hop,40 nodes,0,tps_positive_commit,iqr_pct,13,4.672057502246185,1.1648745519713217,9.344115004492371
Ethereum,scale-free,PayPal,8,16,10,2023,hop,40 nodes,0,tps_positive_commit,sample_std_pct,13,3.7406397115294396,2.3048079444091334,4.552265107422068
Ethereum,scale-free,VISA,8,16,10,2023,hop,10 nodes,0,tps_positive_commit,iqr_pct,13,15.491559086395236,3.79931807111545,29.10486567164178
Ethereum,scale-free,VISA,8,16,10,2023,hop,10 nodes,0,tps_positive_commit,sample_std_pct,13,15.425213774734937,6.152747264604629,23.633296005703524
Ethereum,scale-free,VISA,8,16,10,2023,hop,40 nodes,0,tps_positive_commit,iqr_pct,13,9.889349930843704,2.6822558459422354,18.802301225420333
Ethereum,scale-free,VISA,8,16,10,2023,hop,40 nodes,0,tps_positive_commit,sample_std_pct,13,8.314252856782382,5.102999561457996,10.414531896739685
Ethereum,torus,DDoS,8,16,10,2023,hop,10 nodes,0,tps_positive_commit,iqr_pct,14,117.30245231607631,36.96980834513913,159.59615424597433
Ethereum,torus,DDoS,8,16,10,2023,hop,10 nodes,0,tps_positive_commit,sample_std_pct,14,62.551261647938944,36.50643128558904,88.40265763177382
Ethereum,torus,DDoS,8,16,10,2023,hop,40 nodes,0,tps_positive_commit,iqr_pct,13,28.55181880576528,8.596462338200407,51.428590519759794
Ethereum,torus,DDoS,8,16,10,2023,hop,40 nodes,0,tps_positive_commit,sample_std_pct,13,22.116328343514127,13.245618123392639,27.004499782904553
Ethereum,torus,FIFA,8,16,10,2023,hop,10 nodes,0,tps_positive_commit,iqr_pct,16,86.02150537634411,28.99755878990143,116.43355038581795
Ethereum,torus,FIFA,8,16,10,2023,hop,10 nodes,0,tps_positive_commit,sample_std_pct,16,51.795614471675854,38.478196904246055,60.543471588471526
Ethereum,torus,FIFA,8,16,10,2023,hop,40 nodes,0,tps_positive_commit,iqr_pct,13,32.19047619047618,12.560386473429945,87.25365843646729
Ethereum,torus,FIFA,8,16,10,2023,hop,40 nodes,0,tps_positive_commit,sample_std_pct,13,40.278246146311126,22.914944413278956,51.63199731853019
Ethereum,torus,GAFAM,8,16,10,2023,hop,10 nodes,0,tps_positive_commit,iqr_pct,15,11.209239130434796,5.154550668403762,30.785909374428943
Ethereum,torus,GAFAM,8,16,10,2023,hop,10 nodes,0,tps_positive_commit,sample_std_pct,15,22.23532076586324,8.525222470783547,30.626475849245068
Ethereum,torus,GAFAM,8,16,10,2023,hop,40 nodes,0,tps_positive_commit,iqr_pct,13,15.809167446211397,5.914333278186781,29.358626919602518
Ethereum,torus,GAFAM,8,16,10,2023,hop,40 nodes,0,tps_positive_commit,sample_std_pct,13,12.33351146471254,7.809457687755496,14.959735875660536
Ethereum,torus,Gaming,8,16,10,2023,hop,10 nodes,0,tps_positive_commit,iqr_pct,14,62.222222222222214,14.432989690721662,93.33333333333334
Ethereum,torus,Gaming,8,16,10,2023,hop,10 nodes,0,tps_positive_commit,sample_std_pct,14,40.799232810320476,24.88640264726822,53.5317130551557
Ethereum,torus,Gaming,8,16,10,2023,hop,40 nodes,0,tps_positive_commit,iqr_pct,13,23.00884955752212,10.653571904571503,59.090909090909115
Ethereum,torus,Gaming,8,16,10,2023,hop,40 nodes,0,tps_positive_commit,sample_std_pct,13,23.66326010109901,11.932537159347786,33.708749729655814
Ethereum,torus,PayPal,8,16,10,2023,hop,10 nodes,0,tps_positive_commit,iqr_pct,15,15.254237288135597,4.99445061043285,18.23972206137811
Ethereum,torus,PayPal,8,16,10,2023,hop,10 nodes,0,tps_positive_commit,sample_std_pct,15,10.923424971871214,5.46778954888249,16.00840237085455
Ethereum,torus,PayPal,8,16,10,2023,hop,40 nodes,0,tps_positive_commit,iqr_pct,13,3.641456582633062,1.2160898035547199,7.276119402985072
Ethereum,torus,PayPal,8,16,10,2023,hop,40 nodes,0,tps_positive_commit,sample_std_pct,13,3.036102931405464,1.5785145019648423,3.6444783475438833
Ethereum,torus,VISA,8,16,10,2023,hop,10 nodes,0,tps_positive_commit,iqr_pct,15,16.050583657587556,6.419778109746088,27.93266079838622
Ethereum,torus,VISA,8,16,10,2023,hop,10 nodes,0,tps_positive_commit,sample_std_pct,15,12.287129310618138,6.996462002647411,15.30941723025296
Ethereum,torus,VISA,8,16,10,2023,hop,40 nodes,0,tps_positive_commit,iqr_pct,13,6.510851419031715,2.127616081835729,8.69565217391303
Ethereum,torus,VISA,8,16,10,2023,hop,40 nodes,0,tps_positive_commit,sample_std_pct,13,3.883488084959305,2.7420728345472107,4.6063698212042885
Quorum,fat-tree,DDoS,8,16,10,2023,hop,10 nodes,0,tps_positive_commit,iqr_pct,0,,,
Quorum,fat-tree,DDoS,8,16,10,2023,hop,10 nodes,0,tps_positive_commit,sample_std_pct,0,,,
Quorum,fat-tree,DDoS,8,16,10,2023,hop,40 nodes,0,tps_positive_commit,iqr_pct,0,,,
Quorum,fat-tree,DDoS,8,16,10,2023,hop,40 nodes,0,tps_positive_commit,sample_std_pct,0,,,
Quorum,fat-tree,FIFA,8,16,10,2023,hop,10 nodes,0,tps_positive_commit,iqr_pct,0,,,
Quorum,fat-tree,FIFA,8,16,10,2023,hop,10 nodes,0,tps_positive_commit,sample_std_pct,0,,,
Quorum,fat-tree,FIFA,8,16,10,2023,hop,40 nodes,0,tps_positive_commit,iqr_pct,0,,,
Quorum,fat-tree,FIFA,8,16,10,2023,hop,40 nodes,0,tps_positive_commit,sample_std_pct,0,,,
Quorum,fat-tree,GAFAM,8,16,10,2023,hop,10 nodes,0,tps_positive_commit,iqr_pct,10,61.67122711008209,21.63970645614401,108.58636717361154
Quorum,fat-tree,GAFAM,8,16,10,2023,hop,10 nodes,0,tps_positive_commit,sample_std_pct,10,48.74759976395539,29.486865789872162,61.34045488158939
Quorum,fat-tree,GAFAM,8,16,10,2023,hop,40 nodes,0,tps_positive_commit,iqr_pct,8,34.01826484018264,7.649300017721071,240.59072588271104
Quorum,fat-tree,GAFAM,8,16,10,2023,hop,40 nodes,0,tps_positive_commit,sample_std_pct,8,201.67087181788006,39.22153754041045,224.21633299435408
Quorum,fat-tree,Gaming,8,16,10,2023,hop,10 nodes,0,tps_positive_commit,iqr_pct,0,,,
Quorum,fat-tree,Gaming,8,16,10,2023,hop,10 nodes,0,tps_positive_commit,sample_std_pct,0,,,
Quorum,fat-tree,Gaming,8,16,10,2023,hop,40 nodes,0,tps_positive_commit,iqr_pct,0,,,
Quorum,fat-tree,Gaming,8,16,10,2023,hop,40 nodes,0,tps_positive_commit,sample_std_pct,0,,,
Quorum,fat-tree,PayPal,8,16,10,2023,hop,10 nodes,0,tps_positive_commit,iqr_pct,14,55.612572161642056,0.09469632933335691,120.87443665954594
Quorum,fat-tree,PayPal,8,16,10,2023,hop,10 nodes,0,tps_positive_commit,sample_std_pct,14,42.20315311750428,16.467623301976563,61.80990830769404
Quorum,fat-tree,PayPal,8,16,10,2023,hop,40 nodes,0,tps_positive_commit,iqr_pct,13,0.1535010036604144,0.0511770223062544,1.0265319014529373
Quorum,fat-tree,PayPal,8,16,10,2023,hop,40 nodes,0,tps_positive_commit,sample_std_pct,13,0.5489190157731453,0.20221006991196772,0.7633772042035134
Quorum,fat-tree,VISA,8,16,10,2023,hop,10 nodes,0,tps_positive_commit,iqr_pct,3,34.263959390862944,0.0,36.29032258064515
Quorum,fat-tree,VISA,8,16,10,2023,hop,10 nodes,0,tps_positive_commit,sample_std_pct,3,35.724646314543975,0.0,41.904455021827665
Quorum,fat-tree,VISA,8,16,10,2023,hop,40 nodes,0,tps_positive_commit,iqr_pct,14,64.19213973799124,25.22211253701873,112.03044750527283
Quorum,fat-tree,VISA,8,16,10,2023,hop,40 nodes,0,tps_positive_commit,sample_std_pct,14,47.979936145008665,32.62532029654899,58.285385598593976
Quorum,full mesh,DDoS,8,16,10,2023,hop,10 nodes,0,tps_positive_commit,iqr_pct,0,,,
Quorum,full mesh,DDoS,8,16,10,2023,hop,10 nodes,0,tps_positive_commit,sample_std_pct,0,,,
Quorum,full mesh,DDoS,8,16,10,2023,hop,40 nodes,0,tps_positive_commit,iqr_pct,0,,,
Quorum,full mesh,DDoS,8,16,10,2023,hop,40 nodes,0,tps_positive_commit,sample_std_pct,0,,,
Quorum,full mesh,FIFA,8,16,10,2023,hop,10 nodes,0,tps_positive_commit,iqr_pct,0,,,
Quorum,full mesh,FIFA,8,16,10,2023,hop,10 nodes,0,tps_positive_commit,sample_std_pct,0,,,
Quorum,full mesh,FIFA,8,16,10,2023,hop,40 nodes,0,tps_positive_commit,iqr_pct,0,,,
Quorum,full mesh,FIFA,8,16,10,2023,hop,40 nodes,0,tps_positive_commit,sample_std_pct,0,,,
Quorum,full mesh,GAFAM,8,16,10,2023,hop,10 nodes,0,tps_positive_commit,iqr_pct,10,44.68426685693898,16.00986243479896,93.82426767916638
Quorum,full mesh,GAFAM,8,16,10,2023,hop,10 nodes,0,tps_positive_commit,sample_std_pct,10,46.233727524078404,22.45622757786759,62.17977610453937
Quorum,full mesh,GAFAM,8,16,10,2023,hop,40 nodes,0,tps_positive_commit,iqr_pct,2,41.93548387096773,0.0,41.93548387096773
Quorum,full mesh,GAFAM,8,16,10,2023,hop,40 nodes,0,tps_positive_commit,sample_std_pct,2,59.305730035000764,0.0,59.305730035000764
Quorum,full mesh,Gaming,8,16,10,2023,hop,10 nodes,0,tps_positive_commit,iqr_pct,0,,,
Quorum,full mesh,Gaming,8,16,10,2023,hop,10 nodes,0,tps_positive_commit,sample_std_pct,0,,,
Quorum,full mesh,Gaming,8,16,10,2023,hop,40 nodes,0,tps_positive_commit,iqr_pct,0,,,
Quorum,full mesh,Gaming,8,16,10,2023,hop,40 nodes,0,tps_positive_commit,sample_std_pct,0,,,
Quorum,full mesh,PayPal,8,16,10,2023,hop,10 nodes,0,tps_positive_commit,iqr_pct,13,26.452410383189132,0.7055528211336581,122.2990897750881
Quorum,full mesh,PayPal,8,16,10,2023,hop,10 nodes,0,tps_positive_commit,sample_std_pct,13,38.529582245191506,8.315102840221419,60.551747169124624
Quorum,full mesh,PayPal,8,16,10,2023,hop,40 nodes,0,tps_positive_commit,iqr_pct,13,0.15163886620786768,0.05053646400248508,0.2528002489110143
Quorum,full mesh,PayPal,8,16,10,2023,hop,40 nodes,0,tps_positive_commit,sample_std_pct,13,0.12810345277448906,0.07760008969433037,0.1646572799602312
Quorum,full mesh,VISA,8,16,10,2023,hop,10 nodes,0,tps_positive_commit,iqr_pct,8,119.06005221932114,11.034482758620687,178.08219178082194
Quorum,full mesh,VISA,8,16,10,2023,hop,10 nodes,0,tps_positive_commit,sample_std_pct,8,97.91764246047451,50.13064585761566,140.20892037951353
Quorum,full mesh,VISA,8,16,10,2023,hop,40 nodes,0,tps_positive_commit,iqr_pct,18,62.69349845201238,29.26543959500783,116.22043616108111
Quorum,full mesh,VISA,8,16,10,2023,hop,40 nodes,0,tps_positive_commit,sample_std_pct,18,56.99142296409814,35.4054945180323,76.813861009079
Quorum,hypercube,DDoS,8,16,10,2023,hop,10 nodes,0,tps_positive_commit,iqr_pct,0,,,
Quorum,hypercube,DDoS,8,16,10,2023,hop,10 nodes,0,tps_positive_commit,sample_std_pct,0,,,
Quorum,hypercube,DDoS,8,16,10,2023,hop,40 nodes,0,tps_positive_commit,iqr_pct,1,,,
Quorum,hypercube,DDoS,8,16,10,2023,hop,40 nodes,0,tps_positive_commit,sample_std_pct,1,,,
Quorum,hypercube,FIFA,8,16,10,2023,hop,10 nodes,0,tps_positive_commit,iqr_pct,0,,,
Quorum,hypercube,FIFA,8,16,10,2023,hop,10 nodes,0,tps_positive_commit,sample_std_pct,0,,,
Quorum,hypercube,FIFA,8,16,10,2023,hop,40 nodes,0,tps_positive_commit,iqr_pct,0,,,
Quorum,hypercube,FIFA,8,16,10,2023,hop,40 nodes,0,tps_positive_commit,sample_std_pct,0,,,
Quorum,hypercube,GAFAM,8,16,10,2023,hop,10 nodes,0,tps_positive_commit,iqr_pct,13,71.59944367176634,25.08949660125579,127.06996743443754
Quorum,hypercube,GAFAM,8,16,10,2023,hop,10 nodes,0,tps_positive_commit,sample_std_pct,13,56.20063757327156,37.032444973621416,71.35761821362637
Quorum,hypercube,GAFAM,8,16,10,2023,hop,40 nodes,0,tps_positive_commit,iqr_pct,5,72.09302325581396,0.0,241.24809741248097
Quorum,hypercube,GAFAM,8,16,10,2023,hop,40 nodes,0,tps_positive_commit,sample_std_pct,5,154.54621373413366,53.2938710021193,195.5192067858255
Quorum,hypercube,Gaming,8,16,10,2023,hop,10 nodes,0,tps_positive_commit,iqr_pct,0,,,
Quorum,hypercube,Gaming,8,16,10,2023,hop,10 nodes,0,tps_positive_commit,sample_std_pct,0,,,
Quorum,hypercube,Gaming,8,16,10,2023,hop,40 nodes,0,tps_positive_commit,iqr_pct,0,,,
Quorum,hypercube,Gaming,8,16,10,2023,hop,40 nodes,0,tps_positive_commit,sample_std_pct,0,,,
Quorum,hypercube,PayPal,8,16,10,2023,hop,10 nodes,0,tps_positive_commit,iqr_pct,17,1.3686278298393069,0.5686980391485511,45.278988828259514
Quorum,hypercube,PayPal,8,16,10,2023,hop,10 nodes,0,tps_positive_commit,sample_std_pct,17,18.40245133155983,0.5940673055324938,28.82189832171765
Quorum,hypercube,PayPal,8,16,10,2023,hop,40 nodes,0,tps_positive_commit,iqr_pct,13,0.20238187903791055,0.05052664308756368,0.2533226678088527
Quorum,hypercube,PayPal,8,16,10,2023,hop,40 nodes,0,tps_positive_commit,sample_std_pct,13,0.31299435067286036,0.07761871731649915,0.48760296149670956
Quorum,hypercube,VISA,8,16,10,2023,hop,10 nodes,0,tps_positive_commit,iqr_pct,4,153.58255451713396,4.065040650406504,191.30434782608694
Quorum,hypercube,VISA,8,16,10,2023,hop,10 nodes,0,tps_positive_commit,sample_std_pct,4,98.12573129487377,8.130081300813009,183.33333333333334
Quorum,hypercube,VISA,8,16,10,2023,hop,40 nodes,0,tps_positive_commit,iqr_pct,14,96.37681159420289,33.500743720104474,150.0517226918486
Quorum,hypercube,VISA,8,16,10,2023,hop,40 nodes,0,tps_positive_commit,sample_std_pct,14,65.1642992739079,43.473732315645336,85.85125082132373
Quorum,scale-free,DDoS,8,16,10,2023,hop,10 nodes,0,tps_positive_commit,iqr_pct,0,,,
Quorum,scale-free,DDoS,8,16,10,2023,hop,10 nodes,0,tps_positive_commit,sample_std_pct,0,,,
Quorum,scale-free,DDoS,8,16,10,2023,hop,40 nodes,0,tps_positive_commit,iqr_pct,0,,,
Quorum,scale-free,DDoS,8,16,10,2023,hop,40 nodes,0,tps_positive_commit,sample_std_pct,0,,,
Quorum,scale-free,FIFA,8,16,10,2023,hop,10 nodes,0,tps_positive_commit,iqr_pct,0,,,
Quorum,scale-free,FIFA,8,16,10,2023,hop,10 nodes,0,tps_positive_commit,sample_std_pct,0,,,
Quorum,scale-free,FIFA,8,16,10,2023,hop,40 nodes,0,tps_positive_commit,iqr_pct,0,,,
Quorum,scale-free,FIFA,8,16,10,2023,hop,40 nodes,0,tps_positive_commit,sample_std_pct,0,,,
Quorum,scale-free,GAFAM,8,16,10,2023,hop,10 nodes,0,tps_positive_commit,iqr_pct,12,62.046983827175076,15.482499962587806,94.34417570683117
Quorum,scale-free,GAFAM,8,16,10,2023,hop,10 nodes,0,tps_positive_commit,sample_std_pct,12,37.077116079860886,23.56406963938455,46.76373913448004
Quorum,scale-free,GAFAM,8,16,10,2023,hop,40 nodes,0,tps_positive_commit,iqr_pct,7,100.71664829106946,12.152426541425818,127.81690140845068
Quorum,scale-free,GAFAM,8,16,10,2023,hop,40 nodes,0,tps_positive_commit,sample_std_pct,7,66.02302723485121,31.877078811066866,80.60455772140195
Quorum,scale-free,Gaming,8,16,10,2023,hop,10 nodes,0,tps_positive_commit,iqr_pct,0,,,
Quorum,scale-free,Gaming,8,16,10,2023,hop,10 nodes,0,tps_positive_commit,sample_std_pct,0,,,
Quorum,scale-free,Gaming,8,16,10,2023,hop,40 nodes,0,tps_positive_commit,iqr_pct,0,,,
Quorum,scale-free,Gaming,8,16,10,2023,hop,40 nodes,0,tps_positive_commit,sample_std_pct,0,,,
Quorum,scale-free,PayPal,8,16,10,2023,hop,10 nodes,0,tps_positive_commit,iqr_pct,15,81.24830944008654,0.23930501352240238,135.96467597324656
Quorum,scale-free,PayPal,8,16,10,2023,hop,10 nodes,0,tps_positive_commit,sample_std_pct,15,47.17136807145719,23.485322677820463,67.27372153999575
Quorum,scale-free,PayPal,8,16,10,2023,hop,40 nodes,0,tps_positive_commit,iqr_pct,16,0.23132530120481343,0.08994539029873842,0.37260696389568176
Quorum,scale-free,PayPal,8,16,10,2023,hop,40 nodes,0,tps_positive_commit,sample_std_pct,16,0.17071904488097006,0.11997255777683777,0.20576264026654142
Quorum,scale-free,VISA,8,16,10,2023,hop,10 nodes,0,tps_positive_commit,iqr_pct,5,80.26315789473685,0.0,159.79381443298968
Quorum,scale-free,VISA,8,16,10,2023,hop,10 nodes,0,tps_positive_commit,sample_std_pct,5,68.09766694804831,27.213344734089482,88.91599959499449
Quorum,scale-free,VISA,8,16,10,2023,hop,40 nodes,0,tps_positive_commit,iqr_pct,12,65.25423728813561,20.86921646128807,210.42627808809095
Quorum,scale-free,VISA,8,16,10,2023,hop,40 nodes,0,tps_positive_commit,sample_std_pct,12,120.35742821811188,60.59795623199755,156.83835273866487
Quorum,torus,DDoS,8,16,10,2023,hop,10 nodes,0,tps_positive_commit,iqr_pct,0,,,
Quorum,torus,DDoS,8,16,10,2023,hop,10 nodes,0,tps_positive_commit,sample_std_pct,0,,,
Quorum,torus,DDoS,8,16,10,2023,hop,40 nodes,0,tps_positive_commit,iqr_pct,0,,,
Quorum,torus,DDoS,8,16,10,2023,hop,40 nodes,0,tps_positive_commit,sample_std_pct,0,,,
Quorum,torus,FIFA,8,16,10,2023,hop,10 nodes,0,tps_positive_commit,iqr_pct,0,,,
Quorum,torus,FIFA,8,16,10,2023,hop,10 nodes,0,tps_positive_commit,sample_std_pct,0,,,
Quorum,torus,FIFA,8,16,10,2023,hop,40 nodes,0,tps_positive_commit,iqr_pct,0,,,
Quorum,torus,FIFA,8,16,10,2023,hop,40 nodes,0,tps_positive_commit,sample_std_pct,0,,,
Quorum,torus,GAFAM,8,16,10,2023,hop,10 nodes,0,tps_positive_commit,iqr_pct,10,35.8986391365556,11.002594857948337,84.72804558207831
Quorum,torus,GAFAM,8,16,10,2023,hop,10 nodes,0,tps_positive_commit,sample_std_pct,10,42.08756314891245,19.329813241342514,54.58887696108576
Quorum,torus,GAFAM,8,16,10,2023,hop,40 nodes,0,tps_positive_commit,iqr_pct,6,163.43283582089552,10.9375,217.56756756756758
Quorum,torus,GAFAM,8,16,10,2023,hop,40 nodes,0,tps_positive_commit,sample_std_pct,6,137.08751230269505,64.16986916648293,221.91943761279768
Quorum,torus,Gaming,8,16,10,2023,hop,10 nodes,0,tps_positive_commit,iqr_pct,0,,,
Quorum,torus,Gaming,8,16,10,2023,hop,10 nodes,0,tps_positive_commit,sample_std_pct,0,,,
Quorum,torus,Gaming,8,16,10,2023,hop,40 nodes,0,tps_positive_commit,iqr_pct,0,,,
Quorum,torus,Gaming,8,16,10,2023,hop,40 nodes,0,tps_positive_commit,sample_std_pct,0,,,
Quorum,torus,PayPal,8,16,10,2023,hop,10 nodes,0,tps_positive_commit,iqr_pct,11,0.9265052702507581,0.21277033655329608,23.45836603812459
Quorum,torus,PayPal,8,16,10,2023,hop,10 nodes,0,tps_positive_commit,sample_std_pct,11,8.947513365283204,0.5200349590078542,12.312314751753082
Quorum,torus,PayPal,8,16,10,2023,hop,40 nodes,0,tps_positive_commit,iqr_pct,13,0.7602339181286549,0.15171555278922347,1.3699164780266901
Quorum,torus,PayPal,8,16,10,2023,hop,40 nodes,0,tps_positive_commit,sample_std_pct,13,0.5377503108304582,0.2662535726141393,0.6650726030177498
Quorum,torus,VISA,8,16,10,2023,hop,10 nodes,0,tps_positive_commit,iqr_pct,2,97.67441860465117,0.0,97.67441860465117
Quorum,torus,VISA,8,16,10,2023,hop,10 nodes,0,tps_positive_commit,sample_std_pct,2,138.13248748760464,0.0,138.13248748760464
Quorum,torus,VISA,8,16,10,2023,hop,40 nodes,0,tps_positive_commit,iqr_pct,18,70.94594594594594,15.527730278459048,120.41321933395318
Quorum,torus,VISA,8,16,10,2023,hop,40 nodes,0,tps_positive_commit,sample_std_pct,18,52.34582196439371,31.51544167517614,71.51932556317821
Solana,fat-tree,DDoS,8,16,10,2023,hop,10 nodes,0,tps_positive_commit,iqr_pct,11,35.50234252993234,7.768955405540065,57.488275687510054
Solana,fat-tree,DDoS,8,16,10,2023,hop,10 nodes,0,tps_positive_commit,sample_std_pct,11,24.19273584383478,15.204484305830917,29.51063669600923
Solana,fat-tree,DDoS,8,16,10,2023,hop,40 nodes,0,tps_positive_commit,iqr_pct,0,,,
Solana,fat-tree,DDoS,8,16,10,2023,hop,40 nodes,0,tps_positive_commit,sample_std_pct,0,,,
Solana,fat-tree,FIFA,8,16,10,2023,hop,10 nodes,0,tps_positive_commit,iqr_pct,9,125.87939698492464,23.341913446661085,177.273378349137
Solana,fat-tree,FIFA,8,16,10,2023,hop,10 nodes,0,tps_positive_commit,sample_std_pct,9,87.43840429752431,49.836024037114576,118.57145447227643
Solana,fat-tree,FIFA,8,16,10,2023,hop,40 nodes,0,tps_positive_commit,iqr_pct,0,,,
Solana,fat-tree,FIFA,8,16,10,2023,hop,40 nodes,0,tps_positive_commit,sample_std_pct,0,,,
Solana,fat-tree,GAFAM,8,16,10,2023,hop,10 nodes,0,tps_positive_commit,iqr_pct,12,77.6756160353071,14.823496145608546,161.16824657022556
Solana,fat-tree,GAFAM,8,16,10,2023,hop,10 nodes,0,tps_positive_commit,sample_std_pct,12,53.77371080055194,25.832164947257954,83.08160743516645
Solana,fat-tree,GAFAM,8,16,10,2023,hop,40 nodes,0,tps_positive_commit,iqr_pct,13,16.455696202531648,2.3172905525846623,53.061224489795926
Solana,fat-tree,GAFAM,8,16,10,2023,hop,40 nodes,0,tps_positive_commit,sample_std_pct,13,22.002733067271425,9.15209874093982,31.97466869226258
Solana,fat-tree,Gaming,8,16,10,2023,hop,10 nodes,0,tps_positive_commit,iqr_pct,9,139.2857142857143,23.38939682265488,190.73558648111333
Solana,fat-tree,Gaming,8,16,10,2023,hop,10 nodes,0,tps_positive_commit,sample_std_pct,9,88.63453972720264,50.83549895111817,125.77614530481301
Solana,fat-tree,Gaming,8,16,10,2023,hop,40 nodes,0,tps_positive_commit,iqr_pct,0,,,
Solana,fat-tree,Gaming,8,16,10,2023,hop,40 nodes,0,tps_positive_commit,sample_std_pct,0,,,
Solana,fat-tree,PayPal,8,16,10,2023,hop,10 nodes,0,tps_positive_commit,iqr_pct,7,48.29679177505265,2.1488582507540026,139.89979322411324
Solana,fat-tree,PayPal,8,16,10,2023,hop,10 nodes,0,tps_positive_commit,sample_std_pct,7,43.478314981646434,8.644303532180695,75.6226302599602
Solana,fat-tree,PayPal,8,16,10,2023,hop,40 nodes,0,tps_positive_commit,iqr_pct,2,57.682359027418514,0.0,57.682359027418514
Solana,fat-tree,PayPal,8,16,10,2023,hop,40 nodes,0,tps_positive_commit,sample_std_pct,2,81.57517444624942,0.0,81.57517444624942
Solana,fat-tree,VISA,8,16,10,2023,hop,10 nodes,0,tps_positive_commit,iqr_pct,10,82.43778280542985,19.9248634006771,172.57304091067613
Solana,fat-tree,VISA,8,16,10,2023,hop,10 nodes,0,tps_positive_commit,sample_std_pct,10,76.94825470583771,43.80805273098525,110.10432545711247
Solana,fat-tree,VISA,8,16,10,2023,hop,40 nodes,0,tps_positive_commit,iqr_pct,0,,,
Solana,fat-tree,VISA,8,16,10,2023,hop,40 nodes,0,tps_positive_commit,sample_std_pct,0,,,
Solana,full mesh,DDoS,8,16,10,2023,hop,10 nodes,0,tps_positive_commit,iqr_pct,12,19.609451919921234,6.875453645467334,46.30096813406909
Solana,full mesh,DDoS,8,16,10,2023,hop,10 nodes,0,tps_positive_commit,sample_std_pct,12,22.210079469804164,9.93804023261193,33.54942006314554
Solana,full mesh,DDoS,8,16,10,2023,hop,40 nodes,0,tps_positive_commit,iqr_pct,0,,,
Solana,full mesh,DDoS,8,16,10,2023,hop,40 nodes,0,tps_positive_commit,sample_std_pct,0,,,
Solana,full mesh,FIFA,8,16,10,2023,hop,10 nodes,0,tps_positive_commit,iqr_pct,13,59.75675192273295,22.27748119525789,93.32361888594417
Solana,full mesh,FIFA,8,16,10,2023,hop,10 nodes,0,tps_positive_commit,sample_std_pct,13,39.134966077470615,23.052469116127757,52.882979248553305
Solana,full mesh,FIFA,8,16,10,2023,hop,40 nodes,0,tps_positive_commit,iqr_pct,0,,,
Solana,full mesh,FIFA,8,16,10,2023,hop,40 nodes,0,tps_positive_commit,sample_std_pct,0,,,
Solana,full mesh,GAFAM,8,16,10,2023,hop,10 nodes,0,tps_positive_commit,iqr_pct,13,7.317759639741066,1.833561941784805,12.90911838593186
Solana,full mesh,GAFAM,8,16,10,2023,hop,10 nodes,0,tps_positive_commit,sample_std_pct,13,6.5283661922994956,3.6645481626884617,8.4490194060993
Solana,full mesh,GAFAM,8,16,10,2023,hop,40 nodes,0,tps_positive_commit,iqr_pct,13,41.40127388535034,14.55223880597014,83.60995850622406
Solana,full mesh,GAFAM,8,16,10,2023,hop,40 nodes,0,tps_positive_commit,sample_std_pct,13,36.04269780398646,20.946123082262687,47.977946982385404
Solana,full mesh,Gaming,8,16,10,2023,hop,10 nodes,0,tps_positive_commit,iqr_pct,15,50.21682567215958,22.050056869001285,98.08712118222063
Solana,full mesh,Gaming,8,16,10,2023,hop,10 nodes,0,tps_positive_commit,sample_std_pct,15,54.10330423075792,30.040844583860654,65.6148457526316
Solana,full mesh,Gaming,8,16,10,2023,hop,40 nodes,0,tps_positive_commit,iqr_pct,0,,,
Solana,full mesh,Gaming,8,16,10,2023,hop,40 nodes,0,tps_positive_commit,sample_std_pct,0,,,
Solana,full mesh,PayPal,8,16,10,2023,hop,10 nodes,0,tps_positive_commit,iqr_pct,13,0.8422962291045742,0.26599009698408155,1.8062417609305181
Solana,full mesh,PayPal,8,16,10,2023,hop,10 nodes,0,tps_positive_commit,sample_std_pct,13,20.454935168743763,0.4137780241583681,36.5008357407774
Solana,full mesh,PayPal,8,16,10,2023,hop,40 nodes,0,tps_positive_commit,iqr_pct,0,,,
Solana,full mesh,PayPal,8,16,10,2023,hop,40 nodes,0,tps_positive_commit,sample_std_pct,0,,,
Solana,full mesh,VISA,8,16,10,2023,hop,10 nodes,0,tps_positive_commit,iqr_pct,14,14.096073799077514,5.779071740272191,32.142552263337215
Solana,full mesh,VISA,8,16,10,2023,hop,10 nodes,0,tps_positive_commit,sample_std_pct,14,14.88602909365405,7.288300728223496,18.89365723652327
Solana,full mesh,VISA,8,16,10,2023,hop,40 nodes,0,tps_positive_commit,iqr_pct,0,,,
Solana,full mesh,VISA,8,16,10,2023,hop,40 nodes,0,tps_positive_commit,sample_std_pct,0,,,
Solana,hypercube,DDoS,8,16,10,2023,hop,10 nodes,0,tps_positive_commit,iqr_pct,12,69.36101124898526,5.0761306469373215,162.74607284848696
Solana,hypercube,DDoS,8,16,10,2023,hop,10 nodes,0,tps_positive_commit,sample_std_pct,12,53.64753522150903,23.349360195212515,84.98500516327645
Solana,hypercube,DDoS,8,16,10,2023,hop,40 nodes,0,tps_positive_commit,iqr_pct,0,,,
Solana,hypercube,DDoS,8,16,10,2023,hop,40 nodes,0,tps_positive_commit,sample_std_pct,0,,,
Solana,hypercube,FIFA,8,16,10,2023,hop,10 nodes,0,tps_positive_commit,iqr_pct,13,126.21359223300972,44.52788422520214,176.95372748163453
Solana,hypercube,FIFA,8,16,10,2023,hop,10 nodes,0,tps_positive_commit,sample_std_pct,13,84.26562658818912,55.3424876479905,112.30020300657871
Solana,hypercube,FIFA,8,16,10,2023,hop,40 nodes,0,tps_positive_commit,iqr_pct,0,,,
Solana,hypercube,FIFA,8,16,10,2023,hop,40 nodes,0,tps_positive_commit,sample_std_pct,0,,,
Solana,hypercube,GAFAM,8,16,10,2023,hop,10 nodes,0,tps_positive_commit,iqr_pct,13,28.298727394507704,10.671362118973349,58.64260165700927
Solana,hypercube,GAFAM,8,16,10,2023,hop,10 nodes,0,tps_positive_commit,sample_std_pct,13,25.744050804773202,12.309151760227817,37.73441339587263
Solana,hypercube,GAFAM,8,16,10,2023,hop,40 nodes,0,tps_positive_commit,iqr_pct,13,49.52380952380954,8.681135225375634,84.34291253367381
Solana,hypercube,GAFAM,8,16,10,2023,hop,40 nodes,0,tps_positive_commit,sample_std_pct,13,34.63036648219095,16.982191830795063,49.030051435218155
Solana,hypercube,Gaming,8,16,10,2023,hop,10 nodes,0,tps_positive_commit,iqr_pct,14,95.6385118149824,26.12177788624256,147.4370070643286
Solana,hypercube,Gaming,8,16,10,2023,hop,10 nodes,0,tps_positive_commit,sample_std_pct,14,69.57678332940951,46.058232017472626,91.01786391889476
Solana,hypercube,Gaming,8,16,10,2023,hop,40 nodes,0,tps_positive_commit,iqr_pct,0,,,
Solana,hypercube,Gaming,8,16,10,2023,hop,40 nodes,0,tps_positive_commit,sample_std_pct,0,,,
Solana,hypercube,PayPal,8,16,10,2023,hop,10 nodes,0,tps_positive_commit,iqr_pct,13,2.9398973645298714,0.2814452866108058,6.917830925129664
Solana,hypercube,PayPal,8,16,10,2023,hop,10 nodes,0,tps_positive_commit,sample_std_pct,13,13.369995900137244,1.0803044170061364,22.73221042153817
Solana,hypercube,PayPal,8,16,10,2023,hop,40 nodes,0,tps_positive_commit,iqr_pct,1,,,
Solana,hypercube,PayPal,8,16,10,2023,hop,40 nodes,0,tps_positive_commit,sample_std_pct,1,,,
Solana,hypercube,VISA,8,16,10,2023,hop,10 nodes,0,tps_positive_commit,iqr_pct,13,61.11490174672489,6.924129002898206,92.2260591371365
Solana,hypercube,VISA,8,16,10,2023,hop,10 nodes,0,tps_positive_commit,sample_std_pct,13,40.94715847860003,25.80480758681731,52.72035341681489
Solana,hypercube,VISA,8,16,10,2023,hop,40 nodes,0,tps_positive_commit,iqr_pct,0,,,
Solana,hypercube,VISA,8,16,10,2023,hop,40 nodes,0,tps_positive_commit,sample_std_pct,0,,,
Solana,scale-free,DDoS,8,16,10,2023,hop,10 nodes,0,tps_positive_commit,iqr_pct,8,132.3756906077348,43.243623076382555,199.57249732810826
Solana,scale-free,DDoS,8,16,10,2023,hop,10 nodes,0,tps_positive_commit,sample_std_pct,8,93.66431028884897,50.06442329958863,143.21610334952672
Solana,scale-free,DDoS,8,16,10,2023,hop,40 nodes,0,tps_positive_commit,iqr_pct,0,,,
Solana,scale-free,DDoS,8,16,10,2023,hop,40 nodes,0,tps_positive_commit,sample_std_pct,0,,,
Solana,scale-free,FIFA,8,16,10,2023,hop,10 nodes,0,tps_positive_commit,iqr_pct,2,26.65832290362953,0.0,26.65832290362953
Solana,scale-free,FIFA,8,16,10,2023,hop,10 nodes,0,tps_positive_commit,sample_std_pct,2,37.7005618004342,0.0,37.7005618004342
Solana,scale-free,FIFA,8,16,10,2023,hop,40 nodes,0,tps_positive_commit,iqr_pct,1,,,
Solana,scale-free,FIFA,8,16,10,2023,hop,40 nodes,0,tps_positive_commit,sample_std_pct,1,,,
Solana,scale-free,GAFAM,8,16,10,2023,hop,10 nodes,0,tps_positive_commit,iqr_pct,2,44.72361809045228,0.0,44.72361809045228
Solana,scale-free,GAFAM,8,16,10,2023,hop,10 nodes,0,tps_positive_commit,sample_std_pct,2,63.2487472619123,0.0,63.2487472619123
Solana,scale-free,GAFAM,8,16,10,2023,hop,40 nodes,0,tps_positive_commit,iqr_pct,12,35.03649635036496,14.72296108799176,82.38444176297514
Solana,scale-free,GAFAM,8,16,10,2023,hop,40 nodes,0,tps_positive_commit,sample_std_pct,12,49.48844428673949,20.42866474052948,63.697217673347595
Solana,scale-free,Gaming,8,16,10,2023,hop,10 nodes,0,tps_positive_commit,iqr_pct,2,47.811993517017825,0.0,47.811993517017825
Solana,scale-free,Gaming,8,16,10,2023,hop,10 nodes,0,tps_positive_commit,sample_std_pct,2,67.61636967586111,0.0,67.61636967586111
Solana,scale-free,Gaming,8,16,10,2023,hop,40 nodes,0,tps_positive_commit,iqr_pct,0,,,
Solana,scale-free,Gaming,8,16,10,2023,hop,40 nodes,0,tps_positive_commit,sample_std_pct,0,,,
Solana,scale-free,PayPal,8,16,10,2023,hop,10 nodes,0,tps_positive_commit,iqr_pct,9,28.881987577639755,6.704138800050474,125.30934848404858
Solana,scale-free,PayPal,8,16,10,2023,hop,10 nodes,0,tps_positive_commit,sample_std_pct,9,59.70300221382545,17.99333046432627,75.00391358389112
Solana,scale-free,PayPal,8,16,10,2023,hop,40 nodes,0,tps_positive_commit,iqr_pct,0,,,
Solana,scale-free,PayPal,8,16,10,2023,hop,40 nodes,0,tps_positive_commit,sample_std_pct,0,,,
Solana,scale-free,VISA,8,16,10,2023,hop,10 nodes,0,tps_positive_commit,iqr_pct,14,56.19996860775388,26.399665123446113,115.95486791595364
Solana,scale-free,VISA,8,16,10,2023,hop,10 nodes,0,tps_positive_commit,sample_std_pct,14,57.06625182152997,33.111955736160965,71.1011465900714
Solana,scale-free,VISA,8,16,10,2023,hop,40 nodes,0,tps_positive_commit,iqr_pct,0,,,
Solana,scale-free,VISA,8,16,10,2023,hop,40 nodes,0,tps_positive_commit,sample_std_pct,0,,,
Solana,torus,DDoS,8,16,10,2023,hop,10 nodes,0,tps_positive_commit,iqr_pct,13,28.04125208802383,5.7929880981967745,40.85822562867866
Solana,torus,DDoS,8,16,10,2023,hop,10 nodes,0,tps_positive_commit,sample_std_pct,13,22.714429562238497,12.302374703670784,32.683493149855856
Solana,torus,DDoS,8,16,10,2023,hop,40 nodes,0,tps_positive_commit,iqr_pct,0,,,
Solana,torus,DDoS,8,16,10,2023,hop,40 nodes,0,tps_positive_commit,sample_std_pct,0,,,
Solana,torus,FIFA,8,16,10,2023,hop,10 nodes,0,tps_positive_commit,iqr_pct,10,89.59999999999998,31.96306425216257,179.56433135114628
Solana,torus,FIFA,8,16,10,2023,hop,10 nodes,0,tps_positive_commit,sample_std_pct,10,80.9655070590763,47.02645277543951,118.97288314262586
Solana,torus,FIFA,8,16,10,2023,hop,40 nodes,0,tps_positive_commit,iqr_pct,0,,,
Solana,torus,FIFA,8,16,10,2023,hop,40 nodes,0,tps_positive_commit,sample_std_pct,0,,,
Solana,torus,GAFAM,8,16,10,2023,hop,10 nodes,0,tps_positive_commit,iqr_pct,13,65.0357339197361,18.63941427699817,99.14093766079067
Solana,torus,GAFAM,8,16,10,2023,hop,10 nodes,0,tps_positive_commit,sample_std_pct,13,39.551236422395654,24.410911030997827,52.72995838897485
Solana,torus,GAFAM,8,16,10,2023,hop,40 nodes,0,tps_positive_commit,iqr_pct,13,16.224648985959433,4.173354735152492,28.888888888888882
Solana,torus,GAFAM,8,16,10,2023,hop,40 nodes,0,tps_positive_commit,sample_std_pct,13,15.95591272490311,7.7794252703114575,21.46812121281941
Solana,torus,Gaming,8,16,10,2023,hop,10 nodes,0,tps_positive_commit,iqr_pct,12,92.87897310513449,35.46649275894275,137.30660793233216
Solana,torus,Gaming,8,16,10,2023,hop,10 nodes,0,tps_positive_commit,sample_std_pct,12,63.09664219710325,39.05576554497137,85.13677405285021
Solana,torus,Gaming,8,16,10,2023,hop,40 nodes,0,tps_positive_commit,iqr_pct,0,,,
Solana,torus,Gaming,8,16,10,2023,hop,40 nodes,0,tps_positive_commit,sample_std_pct,0,,,
Solana,torus,PayPal,8,16,10,2023,hop,10 nodes,0,tps_positive_commit,iqr_pct,11,75.85057209971963,14.517227080105748,121.57022166818889
Solana,torus,PayPal,8,16,10,2023,hop,10 nodes,0,tps_positive_commit,sample_std_pct,11,45.933549863799314,22.356903354470237,65.68221160288368
Solana,torus,PayPal,8,16,10,2023,hop,40 nodes,0,tps_positive_commit,iqr_pct,1,,,
Solana,torus,PayPal,8,16,10,2023,hop,40 nodes,0,tps_positive_commit,sample_std_pct,1,,,
Solana,torus,VISA,8,16,10,2023,hop,10 nodes,0,tps_positive_commit,iqr_pct,15,58.01434122673307,19.25834536154255,82.65922806079817
Solana,torus,VISA,8,16,10,2023,hop,10 nodes,0,tps_positive_commit,sample_std_pct,15,41.13391680827522,27.663850991001468,49.84873843380816
Solana,torus,VISA,8,16,10,2023,hop,40 nodes,0,tps_positive_commit,iqr_pct,1,,,
Solana,torus,VISA,8,16,10,2023,hop,40 nodes,0,tps_positive_commit,sample_std_pct,1,,,
Algorand,fat-tree,DDoS,8,16,10,2023,hop,10 nodes,0,latency_positive_commit,iqr_pct,13,18.30068337129841,6.514590303531553,27.800901670543368
Algorand,fat-tree,DDoS,8,16,10,2023,hop,10 nodes,0,latency_positive_commit,sample_std_pct,13,13.023422116012881,7.729130224085252,16.447324682414266
Algorand,fat-tree,DDoS,8,16,10,2023,hop,40 nodes,0,latency_positive_commit,iqr_pct,13,17.769737172722255,3.1342831816236223,47.758846226941934
Algorand,fat-tree,DDoS,8,16,10,2023,hop,40 nodes,0,latency_positive_commit,sample_std_pct,13,20.176919433621556,7.804652508373869,23.31574600131687
Algorand,fat-tree,FIFA,8,16,10,2023,hop,10 nodes,0,latency_positive_commit,iqr_pct,16,97.40886873564574,22.445711753289324,123.14422101902873
Algorand,fat-tree,FIFA,8,16,10,2023,hop,10 nodes,0,latency_positive_commit,sample_std_pct,16,49.69334156047883,33.1384487758165,61.10853829098532
Algorand,fat-tree,FIFA,8,16,10,2023,hop,40 nodes,0,latency_positive_commit,iqr_pct,13,24.127920810926568,7.524305529746697,65.45131399708295
Algorand,fat-tree,FIFA,8,16,10,2023,hop,40 nodes,0,latency_positive_commit,sample_std_pct,13,30.478710914402257,12.776521572943684,37.94088724303796
Algorand,fat-tree,GAFAM,8,16,10,2023,hop,10 nodes,0,latency_positive_commit,iqr_pct,13,8.12908496732027,2.1499413875649465,19.55175193362389
Algorand,fat-tree,GAFAM,8,16,10,2023,hop,10 nodes,0,latency_positive_commit,sample_std_pct,13,15.638952966676369,3.861490787555226,22.507440902531258
Algorand,fat-tree,GAFAM,8,16,10,2023,hop,40 nodes,0,latency_positive_commit,iqr_pct,13,52.592763753297504,6.577436947439302,86.09373271441032
Algorand,fat-tree,GAFAM,8,16,10,2023,hop,40 nodes,0,latency_positive_commit,sample_std_pct,13,37.377382744549514,22.933805465091773,42.83406682829651
Algorand,fat-tree,Gaming,8,16,10,2023,hop,10 nodes,0,latency_positive_commit,iqr_pct,13,13.935280882433641,4.670241780999748,32.70998958340801
Algorand,fat-tree,Gaming,8,16,10,2023,hop,10 nodes,0,latency_positive_commit,sample_std_pct,13,14.3439739361822,6.753057800573676,19.377311411037276
Algorand,fat-tree,Gaming,8,16,10,2023,hop,40 nodes,0,latency_positive_commit,iqr_pct,13,18.37833271900725,7.318407852327151,32.29097477703319
Algorand,fat-tree,Gaming,8,16,10,2023,hop,40 nodes,0,latency_positive_commit,sample_std_pct,13,13.999376226364065,9.167524758195494,16.97548256722903
Algorand,fat-tree,PayPal,8,16,10,2023,hop,10 nodes,0,latency_positive_commit,iqr_pct,13,0.7607232722804117,0.30404022686077825,1.292473244049359
Algorand,fat-tree,PayPal,8,16,10,2023,hop,10 nodes,0,latency_positive_commit,sample_std_pct,13,0.6130122115997659,0.3524197435119045,0.7932939793635707
Algorand,fat-tree,PayPal,8,16,10,2023,hop,40 nodes,0,latency_positive_commit,iqr_pct,13,1.1263212614798022,0.2996250365770541,1.9499250028845032
Algorand,fat-tree,PayPal,8,16,10,2023,hop,40 nodes,0,latency_positive_commit,sample_std_pct,13,0.7768102404893173,0.5064664589298812,0.9413018665228883
Algorand,fat-tree,VISA,8,16,10,2023,hop,10 nodes,0,latency_positive_commit,iqr_pct,13,3.421502829319635,1.1339821748828047,6.510487547446884
Algorand,fat-tree,VISA,8,16,10,2023,hop,10 nodes,0,latency_positive_commit,sample_std_pct,13,2.724852484857528,1.9010487824658329,3.224480685205603
Algorand,fat-tree,VISA,8,16,10,2023,hop,40 nodes,0,latency_positive_commit,iqr_pct,13,9.831053901850359,3.522531271687944,27.14017700968483
Algorand,fat-tree,VISA,8,16,10,2023,hop,40 nodes,0,latency_positive_commit,sample_std_pct,13,12.68768810328116,6.548050865315504,16.34596814177903
Algorand,full mesh,DDoS,8,16,10,2023,hop,10 nodes,0,latency_positive_commit,iqr_pct,14,15.944133807760263,4.487801047005901,28.5129034419119
Algorand,full mesh,DDoS,8,16,10,2023,hop,10 nodes,0,latency_positive_commit,sample_std_pct,14,13.197788365702134,8.72026570874737,16.41394807699742
Algorand,full mesh,DDoS,8,16,10,2023,hop,40 nodes,0,latency_positive_commit,iqr_pct,13,29.437229437229437,3.7689404390079755,63.57022998617771
Algorand,full mesh,DDoS,8,16,10,2023,hop,40 nodes,0,latency_positive_commit,sample_std_pct,13,27.00574969411933,13.827260773940889,32.143042722767625
Algorand,full mesh,FIFA,8,16,10,2023,hop,10 nodes,0,latency_positive_commit,iqr_pct,14,39.59099903514368,11.41376273814911,91.62503225480833
Algorand,full mesh,FIFA,8,16,10,2023,hop,10 nodes,0,latency_positive_commit,sample_std_pct,14,35.099050537843986,16.698764720710077,49.19148330011487
Algorand,full mesh,FIFA,8,16,10,2023,hop,40 nodes,0,latency_positive_commit,iqr_pct,13,31.271649603571706,4.269307086135355,91.7611872329818
Algorand,full mesh,FIFA,8,16,10,2023,hop,40 nodes,0,latency_positive_commit,sample_std_pct,13,42.55045699233398,21.82970329021426,57.7647090820324
Algorand,full mesh,GAFAM,8,16,10,2023,hop,10 nodes,0,latency_positive_commit,iqr_pct,14,7.224444143167033,3.5705429951289402,22.998936735491085
Algorand,full mesh,GAFAM,8,16,10,2023,hop,10 nodes,0,latency_positive_commit,sample_std_pct,14,10.974762306313226,4.269479889463144,15.570486020294547
Algorand,full mesh,GAFAM,8,16,10,2023,hop,40 nodes,0,latency_positive_commit,iqr_pct,13,33.80298916367017,7.390410714244782,70.90091348168599
Algorand,full mesh,GAFAM,8,16,10,2023,hop,40 nodes,0,latency_positive_commit,sample_std_pct,13,31.414237117695205,18.346415987397364,36.543137948527914
Algorand,full mesh,Gaming,8,16,10,2023,hop,10 nodes,0,latency_positive_commit,iqr_pct,13,15.222180324289996,5.533096178757917,20.165084935002778
Algorand,full mesh,Gaming,8,16,10,2023,hop,10 nodes,0,latency_positive_commit,sample_std_pct,13,10.52983728011631,6.0608839535785055,14.218510353418322
Algorand,full mesh,Gaming,8,16,10,2023,hop,40 nodes,0,latency_positive_commit,iqr_pct,13,19.090768718152937,6.311527578284155,28.36480750611346
Algorand,full mesh,Gaming,8,16,10,2023,hop,40 nodes,0,latency_positive_commit,sample_std_pct,13,11.867841861183832,8.017778531813661,14.085461396204584
Algorand,full mesh,PayPal,8,16,10,2023,hop,10 nodes,0,latency_positive_commit,iqr_pct,13,0.766509433962263,0.1704135806515006,1.1927387115800558
Algorand,full mesh,PayPal,8,16,10,2023,hop,10 nodes,0,latency_positive_commit,sample_std_pct,13,0.5084521540550708,0.34002550019840133,0.6005252224327987
Algorand,full mesh,PayPal,8,16,10,2023,hop,40 nodes,0,latency_positive_commit,iqr_pct,13,0.6300357424123104,0.15847836390810008,40.1538722633931
Algorand,full mesh,PayPal,8,16,10,2023,hop,40 nodes,0,latency_positive_commit,sample_std_pct,13,17.662702162867337,0.3726722424489801,21.915444148063525
Algorand,full mesh,VISA,8,16,10,2023,hop,10 nodes,0,latency_positive_commit,iqr_pct,13,2.356732802900602,0.2681490507298096,3.2073068220973164
Algorand,full mesh,VISA,8,16,10,2023,hop,10 nodes,0,latency_positive_commit,sample_std_pct,13,9.438237392485151,0.8635245969660421,14.311530808268254
Algorand,full mesh,VISA,8,16,10,2023,hop,40 nodes,0,latency_positive_commit,iqr_pct,13,23.766225420897044,7.411333052785026,39.490469048672075
Algorand,full mesh,VISA,8,16,10,2023,hop,40 nodes,0,latency_positive_commit,sample_std_pct,13,19.160616831615286,11.736146774200098,24.473286258478037
Algorand,hypercube,DDoS,8,16,10,2023,hop,10 nodes,0,latency_positive_commit,iqr_pct,13,14.413458989129667,4.069757331139408,18.097342225767033
Algorand,hypercube,DDoS,8,16,10,2023,hop,10 nodes,0,latency_positive_commit,sample_std_pct,13,8.396467410119515,5.787248113188708,10.127709022252377
Algorand,hypercube,DDoS,8,16,10,2023,hop,40 nodes,0,latency_positive_commit,iqr_pct,13,24.625144175317192,10.939193023146073,56.670807251464005
Algorand,hypercube,DDoS,8,16,10,2023,hop,40 nodes,0,latency_positive_commit,sample_std_pct,13,22.775481937737766,12.35181875166461,27.944741084084054
Algorand,hypercube,FIFA,8,16,10,2023,hop,10 nodes,0,latency_positive_commit,iqr_pct,13,20.577793700941275,2.86608759413223,96.61599307685609
Algorand,hypercube,FIFA,8,16,10,2023,hop,10 nodes,0,latency_positive_commit,sample_std_pct,13,32.86202724321873,10.994524272086736,50.07379545569289
Algorand,hypercube,FIFA,8,16,10,2023,hop,40 nodes,0,latency_positive_commit,iqr_pct,13,17.08174371090496,5.30364368107389,41.52186149968523
Algorand,hypercube,FIFA,8,16,10,2023,hop,40 nodes,0,latency_positive_commit,sample_std_pct,13,23.084249181095945,9.536713888727723,30.48303140538162
Algorand,hypercube,GAFAM,8,16,10,2023,hop,10 nodes,0,latency_positive_commit,iqr_pct,13,13.128866363568612,4.575778075363069,24.500017805079345
Algorand,hypercube,GAFAM,8,16,10,2023,hop,10 nodes,0,latency_positive_commit,sample_std_pct,13,10.619952958467355,6.71520471849751,13.100941165315156
Algorand,hypercube,GAFAM,8,16,10,2023,hop,40 nodes,0,latency_positive_commit,iqr_pct,13,17.608876696223,4.940836796369529,50.57219601008515
Algorand,hypercube,GAFAM,8,16,10,2023,hop,40 nodes,0,latency_positive_commit,sample_std_pct,13,32.97890270632356,12.5234068612631,42.977901484685624
Algorand,hypercube,Gaming,8,16,10,2023,hop,10 nodes,0,latency_positive_commit,iqr_pct,13,21.64699518998589,6.260041811561969,33.30227870743291
Algorand,hypercube,Gaming,8,16,10,2023,hop,10 nodes,0,latency_positive_commit,sample_std_pct,13,14.980502401850588,9.355317325088542,18.74938761900775
Algorand,hypercube,Gaming,8,16,10,2023,hop,40 nodes,0,latency_positive_commit,iqr_pct,13,20.687001038198545,4.959185427674095,43.624918902013945
Algorand,hypercube,Gaming,8,16,10,2023,hop,40 nodes,0,latency_positive_commit,sample_std_pct,13,18.235720559977725,10.15121085483855,24.01102618995766
Algorand,hypercube,PayPal,8,16,10,2023,hop,10 nodes,0,latency_positive_commit,iqr_pct,13,0.5876275345473206,0.16796923580551307,0.840989845133412
Algorand,hypercube,PayPal,8,16,10,2023,hop,10 nodes,0,latency_positive_commit,sample_std_pct,13,0.4860630890763428,0.26711867907659587,0.6542912090092762
Algorand,hypercube,PayPal,8,16,10,2023,hop,40 nodes,0,latency_positive_commit,iqr_pct,13,0.6186425554696335,0.24060669906806353,43.46817855828244
Algorand,hypercube,PayPal,8,16,10,2023,hop,40 nodes,0,latency_positive_commit,sample_std_pct,13,17.641000375094922,0.3663996908526004,21.364122858135545
Algorand,hypercube,VISA,8,16,10,2023,hop,10 nodes,0,latency_positive_commit,iqr_pct,13,3.0681482938342044,1.2887204743595342,5.571202171728604
Algorand,hypercube,VISA,8,16,10,2023,hop,10 nodes,0,latency_positive_commit,sample_std_pct,13,8.306560875472739,1.496486464066334,12.495663773480441
Algorand,hypercube,VISA,8,16,10,2023,hop,40 nodes,0,latency_positive_commit,iqr_pct,13,19.545677398267692,4.737443598451867,39.29436716851988
Algorand,hypercube,VISA,8,16,10,2023,hop,40 nodes,0,latency_positive_commit,sample_std_pct,13,17.331759180699688,10.146298250237537,22.12270867496753
Algorand,scale-free,DDoS,8,16,10,2023,hop,10 nodes,0,latency_positive_commit,iqr_pct,13,6.072262673444161,1.9064822927742253,12.608336711807768
Algorand,scale-free,DDoS,8,16,10,2023,hop,10 nodes,0,latency_positive_commit,sample_std_pct,13,5.532011182251052,3.258265369848999,7.104198516609219
Algorand,scale-free,DDoS,8,16,10,2023,hop,40 nodes,0,latency_positive_commit,iqr_pct,13,19.858863865861963,5.5444844015352475,33.32325222588665
Algorand,scale-free,DDoS,8,16,10,2023,hop,40 nodes,0,latency_positive_commit,sample_std_pct,13,14.705481590308137,8.384972563232976,19.128416841423483
Algorand,scale-free,FIFA,8,16,10,2023,hop,10 nodes,0,latency_positive_commit,iqr_pct,17,48.12940458354143,19.255701795246345,75.3564027954978
Algorand,scale-free,FIFA,8,16,10,2023,hop,10 nodes,0,latency_positive_commit,sample_std_pct,17,34.491261812818266,23.302587502936614,43.183148434052995
Algorand,scale-free,FIFA,8,16,10,2023,hop,40 nodes,0,latency_positive_commit,iqr_pct,11,11.523456314420578,4.872488369927699,22.604964147544486
Algorand,scale-free,FIFA,8,16,10,2023,hop,40 nodes,0,latency_positive_commit,sample_std_pct,11,10.798107576480415,5.880661795683144,14.083718873173549
Algorand,scale-free,GAFAM,8,16,10,2023,hop,10 nodes,0,latency_positive_commit,iqr_pct,13,13.03799644678778,3.1164275246251405,26.66929312840665
Algorand,scale-free,GAFAM,8,16,10,2023,hop,10 nodes,0,latency_positive_commit,sample_std_pct,13,13.191794610816073,6.926068215077141,18.117499803485956
Algorand,scale-free,GAFAM,8,16,10,2023,hop,40 nodes,0,latency_positive_commit,iqr_pct,13,33.85699155942103,10.434134899299456,55.40062085538034
Algorand,scale-free,GAFAM,8,16,10,2023,hop,40 nodes,0,latency_positive_commit,sample_std_pct,13,23.326965466659576,15.713598890493248,27.604731776207466
Algorand,scale-free,Gaming,8,16,10,2023,hop,10 nodes,0,latency_positive_commit,iqr_pct,12,10.218718051984265,2.3078984935948155,20.4624980597934
Algorand,scale-free,Gaming,8,16,10,2023,hop,10 nodes,0,latency_positive_commit,sample_std_pct,12,9.157640865010077,4.518544967669856,12.177974924529488
Algorand,scale-free,Gaming,8,16,10,2023,hop,40 nodes,0,latency_positive_commit,iqr_pct,13,17.13973799126638,4.362623477772429,29.03270643330286
Algorand,scale-free,Gaming,8,16,10,2023,hop,40 nodes,0,latency_positive_commit,sample_std_pct,13,11.621453490660997,7.256331772982307,14.14872664277236
Algorand,scale-free,PayPal,8,16,10,2023,hop,10 nodes,0,latency_positive_commit,iqr_pct,13,1.3727560718057081,0.39103624605204107,1.772998147554515
Algorand,scale-free,PayPal,8,16,10,2023,hop,10 nodes,0,latency_positive_commit,sample_std_pct,13,0.7799495355289024,0.5177181547366759,0.9229745351645972
Algorand,scale-free,PayPal,8,16,10,2023,hop,40 nodes,0,latency_positive_commit,iqr_pct,13,0.910683012259198,0.3256839362661636,1.300130013001307
Algorand,scale-free,PayPal,8,16,10,2023,hop,40 nodes,0,latency_positive_commit,sample_std_pct,13,0.6587746696065885,0.3677673245939965,0.8789782985872086
Algorand,scale-free,VISA,8,16,10,2023,hop,10 nodes,0,latency_positive_commit,iqr_pct,13,12.826237817940436,2.7542892578875597,15.526461554867733
Algorand,scale-free,VISA,8,16,10,2023,hop,10 nodes,0,latency_positive_commit,sample_std_pct,13,9.98999932917583,5.367043520679638,13.406751401044836
Algorand,scale-free,VISA,8,16,10,2023,hop,40 nodes,0,latency_positive_commit,iqr_pct,13,20.738511786853763,6.8166423169531365,31.83343327076514
Algorand,scale-free,VISA,8,16,10,2023,hop,40 nodes,0,latency_positive_commit,sample_std_pct,13,16.051570923556852,9.233368894856076,20.246959026501006
Algorand,torus,DDoS,8,16,10,2023,hop,10 nodes,0,latency_positive_commit,iqr_pct,13,20.47682653292674,4.498896142311216,29.239138398713152
Algorand,torus,DDoS,8,16,10,2023,hop,10 nodes,0,latency_positive_commit,sample_std_pct,13,12.61923515969464,8.542187815810644,15.337795069853742
Algorand,torus,DDoS,8,16,10,2023,hop,40 nodes,0,latency_positive_commit,iqr_pct,13,9.16558995709112,3.266483847042411,29.205260231644854
Algorand,torus,DDoS,8,16,10,2023,hop,40 nodes,0,latency_positive_commit,sample_std_pct,13,12.738692827011121,6.508745103287962,15.78329616534827
Algorand,torus,FIFA,8,16,10,2023,hop,10 nodes,0,latency_positive_commit,iqr_pct,13,34.51308521830615,10.673869444091649,89.38054400266913
Algorand,torus,FIFA,8,16,10,2023,hop,10 nodes,0,latency_positive_commit,sample_std_pct,13,30.983790222104318,13.254451665685819,44.28788035999814
Algorand,torus,FIFA,8,16,10,2023,hop,40 nodes,0,latency_positive_commit,iqr_pct,13,22.710897628339836,9.289690529470095,53.929993022931065
Algorand,torus,FIFA,8,16,10,2023,hop,40 nodes,0,latency_positive_commit,sample_std_pct,13,24.554682801648767,10.686494692345311,36.80285856479472
Algorand,torus,GAFAM,8,16,10,2023,hop,10 nodes,0,latency_positive_commit,iqr_pct,13,4.597010942087013,2.0336140371571347,16.769778039054366
Algorand,torus,GAFAM,8,16,10,2023,hop,10 nodes,0,latency_positive_commit,sample_std_pct,13,8.339109906561054,2.580619689664968,12.096147715909092
Algorand,torus,GAFAM,8,16,10,2023,hop,40 nodes,0,latency_positive_commit,iqr_pct,13,39.92579354287268,7.7191512762508045,48.86596719514101
Algorand,torus,GAFAM,8,16,10,2023,hop,40 nodes,0,latency_positive_commit,sample_std_pct,13,24.37013705085001,15.355611814789066,30.53132293153592
Algorand,torus,Gaming,8,16,10,2023,hop,10 nodes,0,latency_positive_commit,iqr_pct,13,13.237140430560169,3.933547304971084,26.343747073329258
Algorand,torus,Gaming,8,16,10,2023,hop,10 nodes,0,latency_positive_commit,sample_std_pct,13,12.908462148548233,7.111780845918689,16.98901761535465
Algorand,torus,Gaming,8,16,10,2023,hop,40 nodes,0,latency_positive_commit,iqr_pct,13,18.91940854742146,3.2862451586257264,28.51949270826738
Algorand,torus,Gaming,8,16,10,2023,hop,40 nodes,0,latency_positive_commit,sample_std_pct,13,12.968263840593346,8.22147129880427,16.41381221041852
Algorand,torus,PayPal,8,16,10,2023,hop,10 nodes,0,latency_positive_commit,iqr_pct,13,0.8989752938957646,0.1632653061224455,0.9827406179932263
Algorand,torus,PayPal,8,16,10,2023,hop,10 nodes,0,latency_positive_commit,sample_std_pct,13,0.5745395912498328,0.3156720998495806,0.7592486680009983
Algorand,torus,PayPal,8,16,10,2023,hop,40 nodes,0,latency_positive_commit,iqr_pct,13,0.5673670428330966,0.1625708707544655,1.3793555415046272
Algorand,torus,PayPal,8,16,10,2023,hop,40 nodes,0,latency_positive_commit,sample_std_pct,13,0.8313005278545887,0.3656957217956066,1.1473755272258057
Algorand,torus,VISA,8,16,10,2023,hop,10 nodes,0,latency_positive_commit,iqr_pct,13,1.4161890778193555,0.4900742329609308,3.514000451456254
Algorand,torus,VISA,8,16,10,2023,hop,10 nodes,0,latency_positive_commit,sample_std_pct,13,12.483561232868688,0.7741854504007445,18.540268014609964
Algorand,torus,VISA,8,16,10,2023,hop,40 nodes,0,latency_positive_commit,iqr_pct,13,21.694346854040244,6.3888695953085834,40.18999971988448
Algorand,torus,VISA,8,16,10,2023,hop,40 nodes,0,latency_positive_commit,sample_std_pct,13,17.03623763248744,10.629456658573996,20.56172669508288
Diem,fat-tree,DDoS,8,16,10,2023,hop,10 nodes,0,latency_positive_commit,iqr_pct,13,3.8548553605552582,0.3994379337693225,7.022059229639121
Diem,fat-tree,DDoS,8,16,10,2023,hop,10 nodes,0,latency_positive_commit,sample_std_pct,13,3.354021902754575,1.8702552532658803,4.304763007939766
Diem,fat-tree,DDoS,8,16,10,2023,hop,40 nodes,0,latency_positive_commit,iqr_pct,20,12.694426054968226,5.768824626870917,18.958282979881467
Diem,fat-tree,DDoS,8,16,10,2023,hop,40 nodes,0,latency_positive_commit,sample_std_pct,20,11.101551018169138,6.700116099546301,15.095960212456514
Diem,fat-tree,FIFA,8,16,10,2023,hop,10 nodes,0,latency_positive_commit,iqr_pct,13,25.78469777359052,7.124324635450554,52.80014896232296
Diem,fat-tree,FIFA,8,16,10,2023,hop,10 nodes,0,latency_positive_commit,sample_std_pct,13,24.65861602761246,13.815807357353455,31.63199921480715
Diem,fat-tree,FIFA,8,16,10,2023,hop,40 nodes,0,latency_positive_commit,iqr_pct,21,19.7913635244342,10.352912526676452,30.955623973536056
Diem,fat-tree,FIFA,8,16,10,2023,hop,40 nodes,0,latency_positive_commit,sample_std_pct,21,16.838636666575113,11.568419850546286,20.710374228434322
Diem,fat-tree,GAFAM,8,16,10,2023,hop,10 nodes,0,latency_positive_commit,iqr_pct,13,17.384750048628682,4.86839066048021,21.79273855948482
Diem,fat-tree,GAFAM,8,16,10,2023,hop,10 nodes,0,latency_positive_commit,sample_std_pct,13,10.537892947695816,7.092411924300884,12.711874610503346
Diem,fat-tree,GAFAM,8,16,10,2023,hop,40 nodes,0,latency_positive_commit,iqr_pct,19,61.64688076431917,26.892957758477213,80.09861239683674
Diem,fat-tree,GAFAM,8,16,10,2023,hop,40 nodes,0,latency_positive_commit,sample_std_pct,19,39.07379195461642,29.62479740531793,45.78869604995971
Diem,fat-tree,Gaming,8,16,10,2023,hop,10 nodes,0,latency_positive_commit,iqr_pct,13,28.529131018878598,5.513404991551473,58.12471239443757
Diem,fat-tree,Gaming,8,16,10,2023,hop,10 nodes,0,latency_positive_commit,sample_std_pct,13,23.017964012409063,14.252292521015454,29.30041345568139
Diem,fat-tree,Gaming,8,16,10,2023,hop,40 nodes,0,latency_positive_commit,iqr_pct,25,57.33157246243398,13.778132520028823,80.19916571048131
Diem,fat-tree,Gaming,8,16,10,2023,hop,40 nodes,0,latency_positive_commit,sample_std_pct,25,32.72970769004828,24.393804130991043,38.86150523084702
Diem,fat-tree,PayPal,8,16,10,2023,hop,10 nodes,0,latency_positive_commit,iqr_pct,13,14.871048252911821,5.374109846056732,26.517554292260836
Diem,fat-tree,PayPal,8,16,10,2023,hop,10 nodes,0,latency_positive_commit,sample_std_pct,13,12.297878766923965,7.419478952671153,15.488370851872983
Diem,fat-tree,PayPal,8,16,10,2023,hop,40 nodes,0,latency_positive_commit,iqr_pct,23,105.06118666703009,41.04290287165001,132.8948219169871
Diem,fat-tree,PayPal,8,16,10,2023,hop,40 nodes,0,latency_positive_commit,sample_std_pct,23,61.62258746486683,44.270549176170036,76.98366092400728
Diem,fat-tree,VISA,8,16,10,2023,hop,10 nodes,0,latency_positive_commit,iqr_pct,11,3.406575474643115,1.2007007304533455,6.086499148183178
Diem,fat-tree,VISA,8,16,10,2023,hop,10 nodes,0,latency_positive_commit,sample_std_pct,11,2.611776078912765,1.3246095682245234,3.2210959697220467
Diem,fat-tree,VISA,8,16,10,2023,hop,40 nodes,0,latency_positive_commit,iqr_pct,23,20.994231904027778,13.214824708885589,26.910841816520296
Diem,fat-tree,VISA,8,16,10,2023,hop,40 nodes,0,latency_positive_commit,sample_std_pct,23,15.354291453075488,10.375229339189906,20.862442781834357
Diem,full mesh,DDoS,8,16,10,2023,hop,10 nodes,0,latency_positive_commit,iqr_pct,13,16.696091108016706,2.6378483285869083,33.72051693233412
Diem,full mesh,DDoS,8,16,10,2023,hop,10 nodes,0,latency_positive_commit,sample_std_pct,13,12.144186058250904,6.780056738008797,15.801059705560588
Diem,full mesh,DDoS,8,16,10,2023,hop,40 nodes,0,latency_positive_commit,iqr_pct,11,10.057993709606784,3.322068604858608,16.80866887561709
Diem,full mesh,DDoS,8,16,10,2023,hop,40 nodes,0,latency_positive_commit,sample_std_pct,11,8.242176428009872,4.44987876124403,10.881833242662566
Diem,full mesh,FIFA,8,16,10,2023,hop,10 nodes,0,latency_positive_commit,iqr_pct,13,13.725150128991709,4.408920924841542,20.23618417393582
Diem,full mesh,FIFA,8,16,10,2023,hop,10 nodes,0,latency_positive_commit,sample_std_pct,13,9.812186043981244,5.747464409103476,12.604967651956684
Diem,full mesh,FIFA,8,16,10,2023,hop,40 nodes,0,latency_positive_commit,iqr_pct,11,12.925466123047329,3.405420023710039,21.88971034728123
Diem,full mesh,FIFA,8,16,10,2023,hop,40 nodes,0,latency_positive_commit,sample_std_pct,11,10.58517080946623,5.826927602386385,13.696572023158819
Diem,full mesh,GAFAM,8,16,10,2023,hop,10 nodes,0,latency_positive_commit,iqr_pct,12,5.707832871368445,1.8907780842441986,16.81513260214219
Diem,full mesh,GAFAM,8,16,10,2023,hop,10 nodes,0,latency_positive_commit,sample_std_pct,12,7.040389814065034,2.5028516038278803,9.581112742951172
Diem,full mesh,GAFAM,8,16,10,2023,hop,40 nodes,0,latency_positive_commit,iqr_pct,13,16.10615975585685,1.725042431723498,22.31307041703739
Diem,full mesh,GAFAM,8,16,10,2023,hop,40 nodes,0,latency_positive_commit,sample_std_pct,13,9.893574490372716,6.350622946073982,12.120536531582962
Diem,full mesh,Gaming,8,16,10,2023,hop,10 nodes,0,latency_positive_commit,iqr_pct,13,38.98113015355625,14.814593389150648,58.0240746838444
Diem,full mesh,Gaming,8,16,10,2023,hop,10 nodes,0,latency_positive_commit,sample_std_pct,13,29.43602749683374,17.23865101447474,37.6097853856142
Diem,full mesh,Gaming,8,16,10,2023,hop,40 nodes,0,latency_positive_commit,iqr_pct,12,5.993979769224487,2.457118994947572,19.75835284211459
Diem,full mesh,Gaming,8,16,10,2023,hop,40 nodes,0,latency_positive_commit,sample_std_pct,12,14.683596059391741,3.2741824735669427,23.473372104598283
Diem,full mesh,PayPal,8,16,10,2023,hop,10 nodes,0,latency_positive_commit,iqr_pct,13,27.558644656820157,6.25741355989177,40.49936466824452
Diem,full mesh,PayPal,8,16,10,2023,hop,10 nodes,0,latency_positive_commit,sample_std_pct,13,17.485343549008196,10.618039608628711,21.74588688470746
Diem,full mesh,PayPal,8,16,10,2023,hop,40 nodes,0,latency_positive_commit,iqr_pct,13,21.84753429191336,9.83150326789717,58.53945959198285
Diem,full mesh,PayPal,8,16,10,2023,hop,40 nodes,0,latency_positive_commit,sample_std_pct,13,30.592082543555357,12.915884238157185,38.56471630663275
Diem,full mesh,VISA,8,16,10,2023,hop,10 nodes,0,latency_positive_commit,iqr_pct,13,3.965601691394844,1.1780245592944594,4.623852957522878
Diem,full mesh,VISA,8,16,10,2023,hop,10 nodes,0,latency_positive_commit,sample_std_pct,13,4.421645011948386,1.6137880378722476,6.462259605503553
Diem,full mesh,VISA,8,16,10,2023,hop,40 nodes,0,latency_positive_commit,iqr_pct,12,3.378526685464398,0.5041708348008344,7.080941305237336
Diem,full mesh,VISA,8,16,10,2023,hop,40 nodes,0,latency_positive_commit,sample_std_pct,12,3.1949466867829237,1.4388594495558147,3.803371432087373
Diem,hypercube,DDoS,8,16,10,2023,hop,10 nodes,0,latency_positive_commit,iqr_pct,13,3.795914304358888,0.683014503581199,8.668454669264586
Diem,hypercube,DDoS,8,16,10,2023,hop,10 nodes,0,latency_positive_commit,sample_std_pct,13,4.187910379331739,2.194793364614422,5.499953235394357
Diem,hypercube,DDoS,8,16,10,2023,hop,40 nodes,0,latency_positive_commit,iqr_pct,12,14.889286591571022,4.963345574085604,24.03031167672962
Diem,hypercube,DDoS,8,16,10,2023,hop,40 nodes,0,latency_positive_commit,sample_std_pct,12,10.392237290128957,6.2650824647033385,12.27609808851156
Diem,hypercube,FIFA,8,16,10,2023,hop,10 nodes,0,latency_positive_commit,iqr_pct,13,16.63426531405748,7.477330017280313,52.80876793568182
Diem,hypercube,FIFA,8,16,10,2023,hop,10 nodes,0,latency_positive_commit,sample_std_pct,13,19.081509538778175,11.812663472956347,24.15823989411775
Diem,hypercube,FIFA,8,16,10,2023,hop,40 nodes,0,latency_positive_commit,iqr_pct,9,11.451039296679989,2.0961828768600355,42.48501428915262
Diem,hypercube,FIFA,8,16,10,2023,hop,40 nodes,0,latency_positive_commit,sample_std_pct,9,19.901374349893295,6.176702478769433,25.925625020217733
Diem,hypercube,GAFAM,8,16,10,2023,hop,10 nodes,0,latency_positive_commit,iqr_pct,13,12.287801830676047,1.0300708884248762,25.68880493771095
Diem,hypercube,GAFAM,8,16,10,2023,hop,10 nodes,0,latency_positive_commit,sample_std_pct,13,10.51601606029002,6.221755503499854,13.435325770508484
Diem,hypercube,GAFAM,8,16,10,2023,hop,40 nodes,0,latency_positive_commit,iqr_pct,10,17.42458666853088,3.61695879151017,35.222845811566316
Diem,hypercube,GAFAM,8,16,10,2023,hop,40 nodes,0,latency_positive_commit,sample_std_pct,10,15.401738146128423,7.492396230886381,20.327944455737217
Diem,hypercube,Gaming,8,16,10,2023,hop,10 nodes,0,latency_positive_commit,iqr_pct,13,54.92923445827596,9.441993029565362,72.96667475051868
Diem,hypercube,Gaming,8,16,10,2023,hop,10 nodes,0,latency_positive_commit,sample_std_pct,13,34.38622492952028,22.294487530965004,40.80246818468507
Diem,hypercube,Gaming,8,16,10,2023,hop,40 nodes,0,latency_positive_commit,iqr_pct,10,6.774945511756463,2.0538497370154802,36.747901405379174
Diem,hypercube,Gaming,8,16,10,2023,hop,40 nodes,0,latency_positive_commit,sample_std_pct,10,13.527869885695832,3.108181331232431,19.27195847863993
Diem,hypercube,PayPal,8,16,10,2023,hop,10 nodes,0,latency_positive_commit,iqr_pct,13,12.159709618874771,1.3042621586735728,26.196383967051105
Diem,hypercube,PayPal,8,16,10,2023,hop,10 nodes,0,latency_positive_commit,sample_std_pct,13,11.998598590622324,6.387285705976051,14.93412230410536
Diem,hypercube,PayPal,8,16,10,2023,hop,40 nodes,0,latency_positive_commit,iqr_pct,11,23.95866454689984,7.219216562348403,47.283122757655015
Diem,hypercube,PayPal,8,16,10,2023,hop,40 nodes,0,latency_positive_commit,sample_std_pct,11,23.67982634394659,11.400950080195399,31.022268729984535
Diem,hypercube,VISA,8,16,10,2023,hop,10 nodes,0,latency_positive_commit,iqr_pct,12,2.1680813581037874,0.5795120509434221,5.175207706505114
Diem,hypercube,VISA,8,16,10,2023,hop,10 nodes,0,latency_positive_commit,sample_std_pct,12,2.4754082448143238,1.2928934281052424,3.286667172374043
Diem,hypercube,VISA,8,16,10,2023,hop,40 nodes,0,latency_positive_commit,iqr_pct,9,1.9729749155466003,0.37537753487703956,4.4081080883814785
Diem,hypercube,VISA,8,16,10,2023,hop,40 nodes,0,latency_positive_commit,sample_std_pct,9,1.5158726412036592,0.6996359901466824,2.03346395674562
Diem,scale-free,DDoS,8,16,10,2023,hop,10 nodes,0,latency_positive_commit,iqr_pct,13,6.215313977611379,1.8849837154996198,12.272863445375021
Diem,scale-free,DDoS,8,16,10,2023,hop,10 nodes,0,latency_positive_commit,sample_std_pct,13,5.091809065285789,3.211602350258715,6.285373137853305
Diem,scale-free,DDoS,8,16,10,2023,hop,40 nodes,0,latency_positive_commit,iqr_pct,18,15.116967624319688,7.501066161719598,29.16561858965394
Diem,scale-free,DDoS,8,16,10,2023,hop,40 nodes,0,latency_positive_commit,sample_std_pct,18,13.981375231384261,9.067252453239508,17.60371578443848
Diem,scale-free,FIFA,8,16,10,2023,hop,10 nodes,0,latency_positive_commit,iqr_pct,12,14.474485277839277,6.035225080196891,40.91873731724232
Diem,scale-free,FIFA,8,16,10,2023,hop,10 nodes,0,latency_positive_commit,sample_std_pct,12,17.46531995349172,9.107679260891366,23.256393959350685
Diem,scale-free,FIFA,8,16,10,2023,hop,40 nodes,0,latency_positive_commit,iqr_pct,18,30.61422924901188,4.436617657312527,69.16949655715017
Diem,scale-free,FIFA,8,16,10,2023,hop,40 nodes,0,latency_positive_commit,sample_std_pct,18,32.71549983855295,19.72312137039312,37.561916263787126
Diem,scale-free,GAFAM,8,16,10,2023,hop,10 nodes,0,latency_positive_commit,iqr_pct,14,9.930703624733473,2.0076922998058175,22.579967359604105
Diem,scale-free,GAFAM,8,16,10,2023,hop,10 nodes,0,latency_positive_commit,sample_std_pct,14,11.693347644555914,5.7154153862434995,15.735043467936809
Diem,scale-free,GAFAM,8,16,10,2023,hop,40 nodes,0,latency_positive_commit,iqr_pct,16,9.193385399938874,4.566401592897022,16.610279888886108
Diem,scale-free,GAFAM,8,16,10,2023,hop,40 nodes,0,latency_positive_commit,sample_std_pct,16,7.547797237556607,4.621400080917096,9.361244857198898
Diem,scale-free,Gaming,8,16,10,2023,hop,10 nodes,0,latency_positive_commit,iqr_pct,13,26.794625719769677,4.735581341875292,42.673502819239744
Diem,scale-free,Gaming,8,16,10,2023,hop,10 nodes,0,latency_positive_commit,sample_std_pct,13,17.906249348119882,11.869286398803318,21.410583544221694
Diem,scale-free,Gaming,8,16,10,2023,hop,40 nodes,0,latency_positive_commit,iqr_pct,17,4.672720034879533,2.2676694344029618,9.994610792649166
Diem,scale-free,Gaming,8,16,10,2023,hop,40 nodes,0,latency_positive_commit,sample_std_pct,17,5.11701351486751,3.0644807579504842,6.566921458600664
Diem,scale-free,PayPal,8,16,10,2023,hop,10 nodes,0,latency_positive_commit,iqr_pct,13,9.462624216722565,4.251963400788584,34.21692535643805
Diem,scale-free,PayPal,8,16,10,2023,hop,10 nodes,0,latency_positive_commit,sample_std_pct,13,15.31399388459163,7.858558302248449,19.225152369021014
Diem,scale-free,PayPal,8,16,10,2023,hop,40 nodes,0,latency_positive_commit,iqr_pct,19,15.047744484688838,8.856718749391112,34.4730961058607
Diem,scale-free,PayPal,8,16,10,2023,hop,40 nodes,0,latency_positive_commit,sample_std_pct,19,21.7744929309817,11.439918009250023,29.68978526395103
Diem,scale-free,VISA,8,16,10,2023,hop,10 nodes,0,latency_positive_commit,iqr_pct,12,1.7191274815307471,0.7329461669868057,3.6741474579766837
Diem,scale-free,VISA,8,16,10,2023,hop,10 nodes,0,latency_positive_commit,sample_std_pct,12,1.880053787338451,0.8383139256720038,2.5809955705847236
Diem,scale-free,VISA,8,16,10,2023,hop,40 nodes,0,latency_positive_commit,iqr_pct,19,5.019147258093639,2.4783173403045957,7.1564011844034745
Diem,scale-free,VISA,8,16,10,2023,hop,40 nodes,0,latency_positive_commit,sample_std_pct,19,3.5885246960289283,2.324616502647994,4.4705254527611515
Diem,torus,DDoS,8,16,10,2023,hop,10 nodes,0,latency_positive_commit,iqr_pct,13,2.2607183465988934,0.7383488747340227,7.256945202024975
Diem,torus,DDoS,8,16,10,2023,hop,10 nodes,0,latency_positive_commit,sample_std_pct,13,3.7068793280636556,1.7661589907166155,5.146988176170549
Diem,torus,DDoS,8,16,10,2023,hop,40 nodes,0,latency_positive_commit,iqr_pct,10,12.443958299573278,1.6904762923384251,23.12539761276506
Diem,torus,DDoS,8,16,10,2023,hop,40 nodes,0,latency_positive_commit,sample_std_pct,10,10.564493488484295,4.017898844297664,13.153466323428693
Diem,torus,FIFA,8,16,10,2023,hop,10 nodes,0,latency_positive_commit,iqr_pct,13,34.73640097225714,4.942590338006214,51.03554525030137
Diem,torus,FIFA,8,16,10,2023,hop,10 nodes,0,latency_positive_commit,sample_std_pct,13,21.815472896265288,13.900677268403605,26.899215695272364
Diem,torus,FIFA,8,16,10,2023,hop,40 nodes,0,latency_positive_commit,iqr_pct,9,20.622114095625832,3.275446889045127,33.025988805536834
Diem,torus,FIFA,8,16,10,2023,hop,40 nodes,0,latency_positive_commit,sample_std_pct,9,14.129898928890038,8.338658521762266,17.26959885699224
Diem,torus,GAFAM,8,16,10,2023,hop,10 nodes,0,latency_positive_commit,iqr_pct,13,10.71718172808362,2.996867529994522,14.546352717077063
Diem,torus,GAFAM,8,16,10,2023,hop,10 nodes,0,latency_positive_commit,sample_std_pct,13,7.335392653779491,4.36897819896373,9.726192162368676
Diem,torus,GAFAM,8,16,10,2023,hop,40 nodes,0,latency_positive_commit,iqr_pct,13,10.504434931718084,3.6296339621058387,16.695114452284724
Diem,torus,GAFAM,8,16,10,2023,hop,40 nodes,0,latency_positive_commit,sample_std_pct,13,7.744099624803027,4.857500220640378,9.482748693264114
Diem,torus,Gaming,8,16,10,2023,hop,10 nodes,0,latency_positive_commit,iqr_pct,12,36.75483776625994,10.146818444023523,62.029163858324836
Diem,torus,Gaming,8,16,10,2023,hop,10 nodes,0,latency_positive_commit,sample_std_pct,12,25.026684980884,13.915562251084285,32.18023357850434
Diem,torus,Gaming,8,16,10,2023,hop,40 nodes,0,latency_positive_commit,iqr_pct,11,7.401481925590928,2.733394312528704,39.07870745597187
Diem,torus,Gaming,8,16,10,2023,hop,40 nodes,0,latency_positive_commit,sample_std_pct,11,16.723502468808675,3.0739252048540022,27.833944522880376
Diem,torus,PayPal,8,16,10,2023,hop,10 nodes,0,latency_positive_commit,iqr_pct,12,8.229342327150087,2.943907514120608,15.190263568579846
Diem,torus,PayPal,8,16,10,2023,hop,10 nodes,0,latency_positive_commit,sample_std_pct,12,6.793542481820506,3.73101850831084,8.771611974905229
Diem,torus,PayPal,8,16,10,2023,hop,40 nodes,0,latency_positive_commit,iqr_pct,12,16.579825537146537,6.422575193915525,32.54011036447675
Diem,torus,PayPal,8,16,10,2023,hop,40 nodes,0,latency_positive_commit,sample_std_pct,12,12.825316398713806,7.287635519020727,15.982333125981462
Diem,torus,VISA,8,16,10,2023,hop,10 nodes,0,latency_positive_commit,iqr_pct,13,2.657787448739267,1.0245293150849786,5.487051983697933
Diem,torus,VISA,8,16,10,2023,hop,10 nodes,0,latency_positive_commit,sample_std_pct,13,2.9433239898095658,1.3379794899866049,3.9655459737851313
Diem,torus,VISA,8,16,10,2023,hop,40 nodes,0,latency_positive_commit,iqr_pct,13,2.741149326936291,0.8299174283354701,10.192382831456177
Diem,torus,VISA,8,16,10,2023,hop,40 nodes,0,latency_positive_commit,sample_std_pct,13,13.86686040696482,1.9195990114232329,23.436238922649352
Ethereum,fat-tree,DDoS,8,16,10,2023,hop,10 nodes,0,latency_positive_commit,iqr_pct,13,29.40912586516278,5.925919632786018,79.12624570746836
Ethereum,fat-tree,DDoS,8,16,10,2023,hop,10 nodes,0,latency_positive_commit,sample_std_pct,13,32.98705997815671,17.479272588643468,45.474828523728384
Ethereum,fat-tree,DDoS,8,16,10,2023,hop,40 nodes,0,latency_positive_commit,iqr_pct,13,21.79737098601197,3.185582716269475,30.880449209835103
Ethereum,fat-tree,DDoS,8,16,10,2023,hop,40 nodes,0,latency_positive_commit,sample_std_pct,13,14.436192765685881,9.675499513550829,17.414697504132146
Ethereum,fat-tree,FIFA,8,16,10,2023,hop,10 nodes,0,latency_positive_commit,iqr_pct,14,56.54568563762179,12.890108997625134,83.79530223328682
Ethereum,fat-tree,FIFA,8,16,10,2023,hop,10 nodes,0,latency_positive_commit,sample_std_pct,14,39.1447416490993,27.427417882922484,45.779129465141374
Ethereum,fat-tree,FIFA,8,16,10,2023,hop,40 nodes,0,latency_positive_commit,iqr_pct,13,20.859352384103225,1.5925137101907927,74.07543454378964
Ethereum,fat-tree,FIFA,8,16,10,2023,hop,40 nodes,0,latency_positive_commit,sample_std_pct,13,35.13857646342395,12.4625493414445,41.03849466128818
Ethereum,fat-tree,GAFAM,8,16,10,2023,hop,10 nodes,0,latency_positive_commit,iqr_pct,13,7.597474618206631,2.63883373700027,17.16743536618272
Ethereum,fat-tree,GAFAM,8,16,10,2023,hop,10 nodes,0,latency_positive_commit,sample_std_pct,13,7.764885503680293,4.201518779765854,10.091151046049276
Ethereum,fat-tree,GAFAM,8,16,10,2023,hop,40 nodes,0,latency_positive_commit,iqr_pct,13,2.3499758128166564,0.47765428177713576,11.968429495496277
Ethereum,fat-tree,GAFAM,8,16,10,2023,hop,40 nodes,0,latency_positive_commit,sample_std_pct,13,4.971276282225863,2.635372278436848,6.618613703604942
Ethereum,fat-tree,Gaming,8,16,10,2023,hop,10 nodes,0,latency_positive_commit,iqr_pct,13,133.13608393385488,39.197084072421156,191.1090745657419
Ethereum,fat-tree,Gaming,8,16,10,2023,hop,10 nodes,0,latency_positive_commit,sample_std_pct,13,74.46382390188967,43.93992322128334,108.02120588950554
Ethereum,fat-tree,Gaming,8,16,10,2023,hop,40 nodes,0,latency_positive_commit,iqr_pct,13,12.996894939775482,3.344792979205127,30.27989696264689
Ethereum,fat-tree,Gaming,8,16,10,2023,hop,40 nodes,0,latency_positive_commit,sample_std_pct,13,12.545828744491375,6.450014712010866,17.334358603754453
Ethereum,fat-tree,PayPal,8,16,10,2023,hop,10 nodes,0,latency_positive_commit,iqr_pct,14,14.837871644376042,5.595988892255424,30.30493595996225
Ethereum,fat-tree,PayPal,8,16,10,2023,hop,10 nodes,0,latency_positive_commit,sample_std_pct,14,18.334007956716803,6.348813288337587,24.810290048394076
Ethereum,fat-tree,PayPal,8,16,10,2023,hop,40 nodes,0,latency_positive_commit,iqr_pct,13,3.1304417790702344,0.5076780563116857,5.914261579803895
Ethereum,fat-tree,PayPal,8,16,10,2023,hop,40 nodes,0,latency_positive_commit,sample_std_pct,13,3.084710391636199,1.609505037324006,4.209095498144085
Ethereum,fat-tree,VISA,8,16,10,2023,hop,10 nodes,0,latency_positive_commit,iqr_pct,13,10.11922672809696,2.575039913118725,43.74517737923632
Ethereum,fat-tree,VISA,8,16,10,2023,hop,10 nodes,0,latency_positive_commit,sample_std_pct,13,16.0223585794332,6.519566566239431,20.128103426710734
Ethereum,fat-tree,VISA,8,16,10,2023,hop,40 nodes,0,latency_positive_commit,iqr_pct,13,6.57854816273492,2.7769825414498106,14.856819138107172
Ethereum,fat-tree,VISA,8,16,10,2023,hop,40 nodes,0,latency_positive_commit,sample_std_pct,13,6.663715403892286,4.118835220761729,8.271489831781844
Ethereum,full mesh,DDoS,8,16,10,2023,hop,10 nodes,0,latency_positive_commit,iqr_pct,11,23.692968430446584,8.466735331351845,43.67704817371545
Ethereum,full mesh,DDoS,8,16,10,2023,hop,10 nodes,0,latency_positive_commit,sample_std_pct,11,19.325160582710865,11.925566649970472,24.23002344747561
Ethereum,full mesh,DDoS,8,16,10,2023,hop,40 nodes,0,latency_positive_commit,iqr_pct,13,11.67706729340573,5.146689709727975,20.951712423356227
Ethereum,full mesh,DDoS,8,16,10,2023,hop,40 nodes,0,latency_positive_commit,sample_std_pct,13,9.248377676452918,5.61907153207265,11.344830288048094
Ethereum,full mesh,FIFA,8,16,10,2023,hop,10 nodes,0,latency_positive_commit,iqr_pct,13,57.910110867689035,26.074208984326926,130.3593756712346
Ethereum,full mesh,FIFA,8,16,10,2023,hop,10 nodes,0,latency_positive_commit,sample_std_pct,13,67.74562188771603,38.79856426046721,87.01957023413466
Ethereum,full mesh,FIFA,8,16,10,2023,hop,40 nodes,0,latency_positive_commit,iqr_pct,13,62.10418794688457,17.03498982435407,82.78300446795666
Ethereum,full mesh,FIFA,8,16,10,2023,hop,40 nodes,0,latency_positive_commit,sample_std_pct,13,36.25594005281085,21.450243555469168,48.48314646005154
Ethereum,full mesh,GAFAM,8,16,10,2023,hop,10 nodes,0,latency_positive_commit,iqr_pct,13,7.201515574387468,1.61267381742014,19.336715872297713
Ethereum,full mesh,GAFAM,8,16,10,2023,hop,10 nodes,0,latency_positive_commit,sample_std_pct,13,8.795704568623181,4.158895756465364,11.915225547314936
Ethereum,full mesh,GAFAM,8,16,10,2023,hop,40 nodes,0,latency_positive_commit,iqr_pct,13,8.33166649998333,2.3271386804766006,11.419457002742273
Ethereum,full mesh,GAFAM,8,16,10,2023,hop,40 nodes,0,latency_positive_commit,sample_std_pct,13,4.8377801059079095,3.260869867540439,5.818953917517611
Ethereum,full mesh,Gaming,8,16,10,2023,hop,10 nodes,0,latency_positive_commit,iqr_pct,13,31.897988262854106,10.610350627678587,67.65843531474512
Ethereum,full mesh,Gaming,8,16,10,2023,hop,10 nodes,0,latency_positive_commit,sample_std_pct,13,27.93499356841174,16.761942998714616,36.470062691849414
Ethereum,full mesh,Gaming,8,16,10,2023,hop,40 nodes,0,latency_positive_commit,iqr_pct,13,7.646210187548552,1.998453649362722,18.257125085203818
Ethereum,full mesh,Gaming,8,16,10,2023,hop,40 nodes,0,latency_positive_commit,sample_std_pct,13,9.319241039117806,4.7746890371724735,12.662557244595916
Ethereum,full mesh,PayPal,8,16,10,2023,hop,10 nodes,0,latency_positive_commit,iqr_pct,13,13.37696815341616,3.218142932944841,18.330807696618884
Ethereum,full mesh,PayPal,8,16,10,2023,hop,10 nodes,0,latency_positive_commit,sample_std_pct,13,9.778753871977067,5.4702315276634215,12.793789002011165
Ethereum,full mesh,PayPal,8,16,10,2023,hop,40 nodes,0,latency_positive_commit,iqr_pct,13,1.8746021821541043,0.8740018486829503,4.51285424004549
Ethereum,full mesh,PayPal,8,16,10,2023,hop,40 nodes,0,latency_positive_commit,sample_std_pct,13,2.333216257652046,1.2715789188484146,3.0895637928358193
Ethereum,full mesh,VISA,8,16,10,2023,hop,10 nodes,0,latency_positive_commit,iqr_pct,13,8.612629222361221,1.6109908826782127,14.652010564942529
Ethereum,full mesh,VISA,8,16,10,2023,hop,10 nodes,0,latency_positive_commit,sample_std_pct,13,13.679511693033591,4.053270296606364,19.56710961419592
Ethereum,full mesh,VISA,8,16,10,2023,hop,40 nodes,0,latency_positive_commit,iqr_pct,13,8.477865829399681,0.5042569617150765,10.493438823490852
Ethereum,full mesh,VISA,8,16,10,2023,hop,40 nodes,0,latency_positive_commit,sample_std_pct,13,4.828560224319964,2.775707452519718,5.891742604256124
Ethereum,hypercube,DDoS,8,16,10,2023,hop,10 nodes,0,latency_positive_commit,iqr_pct,13,24.3847350952335,2.5288139712260858,73.89339404414714
Ethereum,hypercube,DDoS,8,16,10,2023,hop,10 nodes,0,latency_positive_commit,sample_std_pct,13,32.01605549372829,13.426341180528652,38.71651625046153
Ethereum,hypercube,DDoS,8,16,10,2023,hop,40 nodes,0,latency_positive_commit,iqr_pct,13,20.83819173602455,6.763727804414836,26.329930002734304
Ethereum,hypercube,DDoS,8,16,10,2023,hop,40 nodes,0,latency_positive_commit,sample_std_pct,13,11.706452585364746,7.950658972174706,14.139478548244629
Ethereum,hypercube,FIFA,8,16,10,2023,hop,10 nodes,0,latency_positive_commit,iqr_pct,12,52.32164994928435,19.466772981931538,86.29323973995633
Ethereum,hypercube,FIFA,8,16,10,2023,hop,10 nodes,0,latency_positive_commit,sample_std_pct,12,41.43597102204934,23.98415114301123,55.37930375922871
Ethereum,hypercube,FIFA,8,16,10,2023,hop,40 nodes,0,latency_positive_commit,iqr_pct,13,41.08242337653501,7.162523096037378,71.05806625258641
Ethereum,hypercube,FIFA,8,16,10,2023,hop,40 nodes,0,latency_positive_commit,sample_std_pct,13,39.27915731287711,19.564947351349172,52.02575420759819
Ethereum,hypercube,GAFAM,8,16,10,2023,hop,10 nodes,0,latency_positive_commit,iqr_pct,13,6.732123622503936,2.300202532647222,14.347338183178337
Ethereum,hypercube,GAFAM,8,16,10,2023,hop,10 nodes,0,latency_positive_commit,sample_std_pct,13,6.776908401466961,3.7993258368775793,8.84260913003227
Ethereum,hypercube,GAFAM,8,16,10,2023,hop,40 nodes,0,latency_positive_commit,iqr_pct,13,6.41120942538107,2.1905458266516233,10.533428235390279
Ethereum,hypercube,GAFAM,8,16,10,2023,hop,40 nodes,0,latency_positive_commit,sample_std_pct,13,4.755481429763122,2.8807100735119104,5.937458078584122
Ethereum,hypercube,Gaming,8,16,10,2023,hop,10 nodes,0,latency_positive_commit,iqr_pct,13,36.02642766123765,13.092002776620891,57.65742433132578
Ethereum,hypercube,Gaming,8,16,10,2023,hop,10 nodes,0,latency_positive_commit,sample_std_pct,13,28.054019873919522,17.622423449283716,34.09350357565786
Ethereum,hypercube,Gaming,8,16,10,2023,hop,40 nodes,0,latency_positive_commit,iqr_pct,13,18.906023753194663,5.171003766175578,43.169677409823464
Ethereum,hypercube,Gaming,8,16,10,2023,hop,40 nodes,0,latency_positive_commit,sample_std_pct,13,18.39410240840727,9.214614455359285,22.726995873178556
Ethereum,hypercube,PayPal,8,16,10,2023,hop,10 nodes,0,latency_positive_commit,iqr_pct,14,5.661508255595419,2.203727363354193,19.076827974348564
Ethereum,hypercube,PayPal,8,16,10,2023,hop,10 nodes,0,latency_positive_commit,sample_std_pct,14,12.895200848536327,4.94217168859944,18.23203052324439
Ethereum,hypercube,PayPal,8,16,10,2023,hop,40 nodes,0,latency_positive_commit,iqr_pct,13,2.157463925065412,0.22061799626870807,6.879519232033933
Ethereum,hypercube,PayPal,8,16,10,2023,hop,40 nodes,0,latency_positive_commit,sample_std_pct,13,3.061506445474949,1.8188175667145048,3.8459891337011487
Ethereum,hypercube,VISA,8,16,10,2023,hop,10 nodes,0,latency_positive_commit,iqr_pct,13,11.751475360673487,5.211199410385138,17.370145230021844
Ethereum,hypercube,VISA,8,16,10,2023,hop,10 nodes,0,latency_positive_commit,sample_std_pct,13,7.665271949242553,5.000200505132444,9.423637202695746
Ethereum,hypercube,VISA,8,16,10,2023,hop,40 nodes,0,latency_positive_commit,iqr_pct,13,5.623218004394387,1.7751653579727087,13.532485736885183
Ethereum,hypercube,VISA,8,16,10,2023,hop,40 nodes,0,latency_positive_commit,sample_std_pct,13,5.2874775218767684,2.7997607789175993,6.826941434353108
Ethereum,scale-free,DDoS,8,16,10,2023,hop,10 nodes,0,latency_positive_commit,iqr_pct,14,27.12660766630668,12.596011462148947,46.24553847475645
Ethereum,scale-free,DDoS,8,16,10,2023,hop,10 nodes,0,latency_positive_commit,sample_std_pct,14,29.428912236300032,14.414841425421075,39.14382958804301
Ethereum,scale-free,DDoS,8,16,10,2023,hop,40 nodes,0,latency_positive_commit,iqr_pct,13,8.998875140607419,3.794080657410547,19.402837398488806
Ethereum,scale-free,DDoS,8,16,10,2023,hop,40 nodes,0,latency_positive_commit,sample_std_pct,13,8.475800110793855,4.9358348822718785,10.333451486851455
Ethereum,scale-free,FIFA,8,16,10,2023,hop,10 nodes,0,latency_positive_commit,iqr_pct,13,80.16300169152699,8.590231529424784,141.3283708803779
Ethereum,scale-free,FIFA,8,16,10,2023,hop,10 nodes,0,latency_positive_commit,sample_std_pct,13,53.1736195662102,29.355419615729986,75.7843356885093
Ethereum,scale-free,FIFA,8,16,10,2023,hop,40 nodes,0,latency_positive_commit,iqr_pct,13,52.25501357386811,16.877637229836942,66.08558696680375
Ethereum,scale-free,FIFA,8,16,10,2023,hop,40 nodes,0,latency_positive_commit,sample_std_pct,13,29.87018859962644,19.171310491017678,38.57967686122904
Ethereum,scale-free,GAFAM,8,16,10,2023,hop,10 nodes,0,latency_positive_commit,iqr_pct,13,18.219867597979327,6.217825659877298,27.861770387001126
Ethereum,scale-free,GAFAM,8,16,10,2023,hop,10 nodes,0,latency_positive_commit,sample_std_pct,13,10.60840288917523,6.546647638618434,12.663472273057723
Ethereum,scale-free,GAFAM,8,16,10,2023,hop,40 nodes,0,latency_positive_commit,iqr_pct,13,5.270967407995294,0.6273896101017906,13.318607059631159
Ethereum,scale-free,GAFAM,8,16,10,2023,hop,40 nodes,0,latency_positive_commit,sample_std_pct,13,6.191319695723123,3.5163392084600007,7.964513933059818
Ethereum,scale-free,Gaming,8,16,10,2023,hop,10 nodes,0,latency_positive_commit,iqr_pct,13,45.13865069523232,10.959430414463332,130.572901510117
Ethereum,scale-free,Gaming,8,16,10,2023,hop,10 nodes,0,latency_positive_commit,sample_std_pct,13,43.0725514012244,18.357606471985385,65.81784646011769
Ethereum,scale-free,Gaming,8,16,10,2023,hop,40 nodes,0,latency_positive_commit,iqr_pct,13,15.341864645956981,6.361713470433172,42.899576178602466
Ethereum,scale-free,Gaming,8,16,10,2023,hop,40 nodes,0,latency_positive_commit,sample_std_pct,13,16.5618402270864,8.70784989732473,22.108447702125627
Ethereum,scale-free,PayPal,8,16,10,2023,hop,10 nodes,0,latency_positive_commit,iqr_pct,13,11.418863478571872,4.5779947853850524,34.030717630938504
Ethereum,scale-free,PayPal,8,16,10,2023,hop,10 nodes,0,latency_positive_commit,sample_std_pct,13,14.37327963544014,5.803355921219389,18.063020782071995
Ethereum,scale-free,PayPal,8,16,10,2023,hop,40 nodes,0,latency_positive_commit,iqr_pct,13,5.732684152662163,2.3231137854122035,12.524758570410068
Ethereum,scale-free,PayPal,8,16,10,2023,hop,40 nodes,0,latency_positive_commit,sample_std_pct,13,4.8827636733601105,2.805916537771334,6.164256288484385
Ethereum,scale-free,VISA,8,16,10,2023,hop,10 nodes,0,latency_positive_commit,iqr_pct,13,4.116101971005048,1.3088955989580058,13.669371170840828
Ethereum,scale-free,VISA,8,16,10,2023,hop,10 nodes,0,latency_positive_commit,sample_std_pct,13,10.359229247029125,2.847015317038609,14.957838942838546
Ethereum,scale-free,VISA,8,16,10,2023,hop,40 nodes,0,latency_positive_commit,iqr_pct,13,10.753323485967503,3.345704955930899,15.126508490329503
Ethereum,scale-free,VISA,8,16,10,2023,hop,40 nodes,0,latency_positive_commit,sample_std_pct,13,6.050440741673578,4.168751366031884,7.149166922763639
Ethereum,torus,DDoS,8,16,10,2023,hop,10 nodes,0,latency_positive_commit,iqr_pct,14,23.64711084522245,11.222527937107134,99.93153613492979
Ethereum,torus,DDoS,8,16,10,2023,hop,10 nodes,0,latency_positive_commit,sample_std_pct,14,50.33899804030947,23.059171038026314,58.81041170990436
Ethereum,torus,DDoS,8,16,10,2023,hop,40 nodes,0,latency_positive_commit,iqr_pct,13,5.403682817674199,2.524261634856577,13.591513600360207
Ethereum,torus,DDoS,8,16,10,2023,hop,40 nodes,0,latency_positive_commit,sample_std_pct,13,6.384592430692274,3.440439233405741,8.370799266939462
Ethereum,torus,FIFA,8,16,10,2023,hop,10 nodes,0,latency_positive_commit,iqr_pct,16,68.18159700257895,29.16645311291426,84.51849144755202
Ethereum,torus,FIFA,8,16,10,2023,hop,10 nodes,0,latency_positive_commit,sample_std_pct,16,45.43889777641129,29.50215043160891,57.57354331584861
Ethereum,torus,FIFA,8,16,10,2023,hop,40 nodes,0,latency_positive_commit,iqr_pct,13,43.99673402735252,13.263600474665196,74.46357255969964
Ethereum,torus,FIFA,8,16,10,2023,hop,40 nodes,0,latency_positive_commit,sample_std_pct,13,31.34893853381196,19.411782176883104,41.0783909635644
Ethereum,torus,GAFAM,8,16,10,2023,hop,10 nodes,0,latency_positive_commit,iqr_pct,15,11.995853549062769,5.44391501522696,17.11542744921691
Ethereum,torus,GAFAM,8,16,10,2023,hop,10 nodes,0,latency_positive_commit,sample_std_pct,15,7.498638096877957,5.354757149506299,8.742219377565021
Ethereum,torus,GAFAM,8,16,10,2023,hop,40 nodes,0,latency_positive_commit,iqr_pct,13,7.063731716138593,2.2784385305211163,10.344819576665937
Ethereum,torus,GAFAM,8,16,10,2023,hop,40 nodes,0,latency_positive_commit,sample_std_pct,13,6.61066439581503,3.0659188173055805,9.668457095649215
Ethereum,torus,Gaming,8,16,10,2023,hop,10 nodes,0,latency_positive_commit,iqr_pct,14,51.87024317802116,12.50593173300328,76.40241780082445
Ethereum,torus,Gaming,8,16,10,2023,hop,10 nodes,0,latency_positive_commit,sample_std_pct,14,34.99651673970532,21.36244117916041,46.86894905921554
Ethereum,torus,Gaming,8,16,10,2023,hop,40 nodes,0,latency_positive_commit,iqr_pct,13,19.232233446361704,2.4279542771779012,58.9559354758599
Ethereum,torus,Gaming,8,16,10,2023,hop,40 nodes,0,latency_positive_commit,sample_std_pct,13,23.98481281005129,8.3700697827938,35.966550899017875
Ethereum,torus,PayPal,8,16,10,2023,hop,10 nodes,0,latency_positive_commit,iqr_pct,15,13.403511762700312,3.7308700481147836,20.53754770729324
Ethereum,torus,PayPal,8,16,10,2023,hop,10 nodes,0,latency_positive_commit,sample_std_pct,15,11.747947446270404,5.946514611088968,15.656958870407422
Ethereum,torus,PayPal,8,16,10,2023,hop,40 nodes,0,latency_positive_commit,iqr_pct,13,4.879175448220112,1.4143964993697826,6.2043251460010325
Ethereum,torus,PayPal,8,16,10,2023,hop,40 nodes,0,latency_positive_commit,sample_std_pct,13,3.040174930393465,2.080646371718323,3.67238171327478
Ethereum,torus,VISA,8,16,10,2023,hop,10 nodes,0,latency_positive_commit,iqr_pct,15,9.464629679421346,4.043221527182021,21.62431903036516
Ethereum,torus,VISA,8,16,10,2023,hop,10 nodes,0,latency_positive_commit,sample_std_pct,15,10.39693269553368,5.648571174577053,12.868206471277231
Ethereum,torus,VISA,8,16,10,2023,hop,40 nodes,0,latency_positive_commit,iqr_pct,13,13.82347780312335,4.536620330561231,19.263081900805254
Ethereum,torus,VISA,8,16,10,2023,hop,40 nodes,0,latency_positive_commit,sample_std_pct,13,8.651078156719867,5.708464332967738,10.466343463821143
Quorum,fat-tree,DDoS,8,16,10,2023,hop,10 nodes,0,latency_positive_commit,iqr_pct,0,,,
Quorum,fat-tree,DDoS,8,16,10,2023,hop,10 nodes,0,latency_positive_commit,sample_std_pct,0,,,
Quorum,fat-tree,DDoS,8,16,10,2023,hop,40 nodes,0,latency_positive_commit,iqr_pct,0,,,
Quorum,fat-tree,DDoS,8,16,10,2023,hop,40 nodes,0,latency_positive_commit,sample_std_pct,0,,,
Quorum,fat-tree,FIFA,8,16,10,2023,hop,10 nodes,0,latency_positive_commit,iqr_pct,0,,,
Quorum,fat-tree,FIFA,8,16,10,2023,hop,10 nodes,0,latency_positive_commit,sample_std_pct,0,,,
Quorum,fat-tree,FIFA,8,16,10,2023,hop,40 nodes,0,latency_positive_commit,iqr_pct,0,,,
Quorum,fat-tree,FIFA,8,16,10,2023,hop,40 nodes,0,latency_positive_commit,sample_std_pct,0,,,
Quorum,fat-tree,GAFAM,8,16,10,2023,hop,10 nodes,0,latency_positive_commit,iqr_pct,10,34.954552150216195,10.274267403878946,58.41664868768253
Quorum,fat-tree,GAFAM,8,16,10,2023,hop,10 nodes,0,latency_positive_commit,sample_std_pct,10,24.84504160701288,13.955493773171243,31.641050436620013
Quorum,fat-tree,GAFAM,8,16,10,2023,hop,40 nodes,0,latency_positive_commit,iqr_pct,8,149.05001745374756,26.9744286037565,181.9798964326222
Quorum,fat-tree,GAFAM,8,16,10,2023,hop,40 nodes,0,latency_positive_commit,sample_std_pct,8,89.66293366592156,47.9801198032886,125.94203065235604
Quorum,fat-tree,Gaming,8,16,10,2023,hop,10 nodes,0,latency_positive_commit,iqr_pct,0,,,
Quorum,fat-tree,Gaming,8,16,10,2023,hop,10 nodes,0,latency_positive_commit,sample_std_pct,0,,,
Quorum,fat-tree,Gaming,8,16,10,2023,hop,40 nodes,0,latency_positive_commit,iqr_pct,0,,,
Quorum,fat-tree,Gaming,8,16,10,2023,hop,40 nodes,0,latency_positive_commit,sample_std_pct,0,,,
Quorum,fat-tree,PayPal,8,16,10,2023,hop,10 nodes,0,latency_positive_commit,iqr_pct,14,34.27839055460619,0.18494342540960973,211.46767283012016
Quorum,fat-tree,PayPal,8,16,10,2023,hop,10 nodes,0,latency_positive_commit,sample_std_pct,14,158.6105468820607,55.860123070037034,213.17709688481025
Quorum,fat-tree,PayPal,8,16,10,2023,hop,40 nodes,0,latency_positive_commit,iqr_pct,13,1.919669226225628,0.5753909707878478,3.265861040090358
Quorum,fat-tree,PayPal,8,16,10,2023,hop,40 nodes,0,latency_positive_commit,sample_std_pct,13,1.4353973656979975,0.9166147051374091,1.7492877698583793
Quorum,fat-tree,VISA,8,16,10,2023,hop,10 nodes,0,latency_positive_commit,iqr_pct,3,54.727752596247626,0.0,66.66783155687577
Quorum,fat-tree,VISA,8,16,10,2023,hop,10 nodes,0,latency_positive_commit,sample_std_pct,3,54.73078776365208,0.0,76.98138099130169
Quorum,fat-tree,VISA,8,16,10,2023,hop,40 nodes,0,latency_positive_commit,iqr_pct,14,60.92544987146531,15.289553527031941,80.76956812296386
Quorum,fat-tree,VISA,8,16,10,2023,hop,40 nodes,0,latency_positive_commit,sample_std_pct,14,55.21315082327023,31.931053498325735,69.19258879574166
Quorum,full mesh,DDoS,8,16,10,2023,hop,10 nodes,0,latency_positive_commit,iqr_pct,0,,,
Quorum,full mesh,DDoS,8,16,10,2023,hop,10 nodes,0,latency_positive_commit,sample_std_pct,0,,,
Quorum,full mesh,DDoS,8,16,10,2023,hop,40 nodes,0,latency_positive_commit,iqr_pct,0,,,
Quorum,full mesh,DDoS,8,16,10,2023,hop,40 nodes,0,latency_positive_commit,sample_std_pct,0,,,
Quorum,full mesh,FIFA,8,16,10,2023,hop,10 nodes,0,latency_positive_commit,iqr_pct,0,,,
Quorum,full mesh,FIFA,8,16,10,2023,hop,10 nodes,0,latency_positive_commit,sample_std_pct,0,,,
Quorum,full mesh,FIFA,8,16,10,2023,hop,40 nodes,0,latency_positive_commit,iqr_pct,0,,,
Quorum,full mesh,FIFA,8,16,10,2023,hop,40 nodes,0,latency_positive_commit,sample_std_pct,0,,,
Quorum,full mesh,GAFAM,8,16,10,2023,hop,10 nodes,0,latency_positive_commit,iqr_pct,10,48.15531063095548,9.15737794541897,66.23287917205127
Quorum,full mesh,GAFAM,8,16,10,2023,hop,10 nodes,0,latency_positive_commit,sample_std_pct,10,30.586394047370984,18.050249554793,38.62684538269641
Quorum,full mesh,GAFAM,8,16,10,2023,hop,40 nodes,0,latency_positive_commit,iqr_pct,2,28.308346734450392,0.0,28.308346734450392
Quorum,full mesh,GAFAM,8,16,10,2023,hop,40 nodes,0,latency_positive_commit,sample_std_pct,2,40.03404788021985,0.0,40.03404788021985
Quorum,full mesh,Gaming,8,16,10,2023,hop,10 nodes,0,latency_positive_commit,iqr_pct,0,,,
Quorum,full mesh,Gaming,8,16,10,2023,hop,10 nodes,0,latency_positive_commit,sample_std_pct,0,,,
Quorum,full mesh,Gaming,8,16,10,2023,hop,40 nodes,0,latency_positive_commit,iqr_pct,0,,,
Quorum,full mesh,Gaming,8,16,10,2023,hop,40 nodes,0,latency_positive_commit,sample_std_pct,0,,,
Quorum,full mesh,PayPal,8,16,10,2023,hop,10 nodes,0,latency_positive_commit,iqr_pct,13,7.102972080456317,2.5852640155602384,205.77613017639285
Quorum,full mesh,PayPal,8,16,10,2023,hop,10 nodes,0,latency_positive_commit,sample_std_pct,13,182.246615823984,13.220879588559152,241.34495685270082
Quorum,full mesh,PayPal,8,16,10,2023,hop,40 nodes,0,latency_positive_commit,iqr_pct,13,0.7982806263432611,0.1989592898683942,1.2024094442353819
Quorum,full mesh,PayPal,8,16,10,2023,hop,40 nodes,0,latency_positive_commit,sample_std_pct,13,0.6439116925494252,0.3531318760577154,0.8466540895875323
Quorum,full mesh,VISA,8,16,10,2023,hop,10 nodes,0,latency_positive_commit,iqr_pct,10,119.24283189785554,5.633970462178246,235.82411426919018
Quorum,full mesh,VISA,8,16,10,2023,hop,10 nodes,0,latency_positive_commit,sample_std_pct,10,147.55129797476334,83.29228823000696,226.21464781152176
Quorum,full mesh,VISA,8,16,10,2023,hop,40 nodes,0,latency_positive_commit,iqr_pct,18,27.22082625083142,7.9009477858691906,117.5400548036677
Quorum,full mesh,VISA,8,16,10,2023,hop,40 nodes,0,latency_positive_commit,sample_std_pct,18,114.49340897682741,48.0071725974237,139.73980721248134
Quorum,hypercube,DDoS,8,16,10,2023,hop,10 nodes,0,latency_positive_commit,iqr_pct,0,,,
Quorum,hypercube,DDoS,8,16,10,2023,hop,10 nodes,0,latency_positive_commit,sample_std_pct,0,,,
Quorum,hypercube,DDoS,8,16,10,2023,hop,40 nodes,0,latency_positive_commit,iqr_pct,1,,,
Quorum,hypercube,DDoS,8,16,10,2023,hop,40 nodes,0,latency_positive_commit,sample_std_pct,1,,,
Quorum,hypercube,FIFA,8,16,10,2023,hop,10 nodes,0,latency_positive_commit,iqr_pct,0,,,
Quorum,hypercube,FIFA,8,16,10,2023,hop,10 nodes,0,latency_positive_commit,sample_std_pct,0,,,
Quorum,hypercube,FIFA,8,16,10,2023,hop,40 nodes,0,latency_positive_commit,iqr_pct,0,,,
Quorum,hypercube,FIFA,8,16,10,2023,hop,40 nodes,0,latency_positive_commit,sample_std_pct,0,,,
Quorum,hypercube,GAFAM,8,16,10,2023,hop,10 nodes,0,latency_positive_commit,iqr_pct,13,51.2325214866344,19.556834407597133,90.89385042849672
Quorum,hypercube,GAFAM,8,16,10,2023,hop,10 nodes,0,latency_positive_commit,sample_std_pct,13,37.59662573288703,21.86896519360572,50.23302540715052
Quorum,hypercube,GAFAM,8,16,10,2023,hop,40 nodes,0,latency_positive_commit,iqr_pct,6,64.01807068828062,0.2795609857113269,189.48153678069315
Quorum,hypercube,GAFAM,8,16,10,2023,hop,40 nodes,0,latency_positive_commit,sample_std_pct,6,140.40744088415883,41.130455339118576,178.98888408371812
Quorum,hypercube,Gaming,8,16,10,2023,hop,10 nodes,0,latency_positive_commit,iqr_pct,0,,,
Quorum,hypercube,Gaming,8,16,10,2023,hop,10 nodes,0,latency_positive_commit,sample_std_pct,0,,,
Quorum,hypercube,Gaming,8,16,10,2023,hop,40 nodes,0,latency_positive_commit,iqr_pct,0,,,
Quorum,hypercube,Gaming,8,16,10,2023,hop,40 nodes,0,latency_positive_commit,sample_std_pct,0,,,
Quorum,hypercube,PayPal,8,16,10,2023,hop,10 nodes,0,latency_positive_commit,iqr_pct,17,17.576233477293556,2.3625040309577545,65.76436983090817
Quorum,hypercube,PayPal,8,16,10,2023,hop,10 nodes,0,latency_positive_commit,sample_std_pct,17,149.69396635049716,22.17518096823492,164.19755545140353
Quorum,hypercube,PayPal,8,16,10,2023,hop,40 nodes,0,latency_positive_commit,iqr_pct,13,0.5963302752293629,0.19883756500460154,1.5936316038527893
Quorum,hypercube,PayPal,8,16,10,2023,hop,40 nodes,0,latency_positive_commit,sample_std_pct,13,1.0020055515321324,0.3648912748693952,1.4529265749072773
Quorum,hypercube,VISA,8,16,10,2023,hop,10 nodes,0,latency_positive_commit,iqr_pct,4,124.7164687716309,9.587840613446525,178.68685398165672
Quorum,hypercube,VISA,8,16,10,2023,hop,10 nodes,0,latency_positive_commit,sample_std_pct,4,93.61644885177303,19.175681226893058,161.47875279568478
Quorum,hypercube,VISA,8,16,10,2023,hop,40 nodes,0,latency_positive_commit,iqr_pct,15,39.70303421562298,19.826329708996937,82.44153132274376
Quorum,hypercube,VISA,8,16,10,2023,hop,40 nodes,0,latency_positive_commit,sample_std_pct,15,40.53329188196824,25.87864523488106,53.06450806007717
Quorum,scale-free,DDoS,8,16,10,2023,hop,10 nodes,0,latency_positive_commit,iqr_pct,0,,,
Quorum,scale-free,DDoS,8,16,10,2023,hop,10 nodes,0,latency_positive_commit,sample_std_pct,0,,,
Quorum,scale-free,DDoS,8,16,10,2023,hop,40 nodes,0,latency_positive_commit,iqr_pct,0,,,
Quorum,scale-free,DDoS,8,16,10,2023,hop,40 nodes,0,latency_positive_commit,sample_std_pct,0,,,
Quorum,scale-free,FIFA,8,16,10,2023,hop,10 nodes,0,latency_positive_commit,iqr_pct,0,,,
Quorum,scale-free,FIFA,8,16,10,2023,hop,10 nodes,0,latency_positive_commit,sample_std_pct,0,,,
Quorum,scale-free,FIFA,8,16,10,2023,hop,40 nodes,0,latency_positive_commit,iqr_pct,0,,,
Quorum,scale-free,FIFA,8,16,10,2023,hop,40 nodes,0,latency_positive_commit,sample_std_pct,0,,,
Quorum,scale-free,GAFAM,8,16,10,2023,hop,10 nodes,0,latency_positive_commit,iqr_pct,12,29.833474210723526,10.395130982406787,63.778412720804546
Quorum,scale-free,GAFAM,8,16,10,2023,hop,10 nodes,0,latency_positive_commit,sample_std_pct,12,30.75350851043203,16.019794538998955,38.96311829230694
Quorum,scale-free,GAFAM,8,16,10,2023,hop,40 nodes,0,latency_positive_commit,iqr_pct,7,101.49073389976604,2.612344503303367,132.70317089704
Quorum,scale-free,GAFAM,8,16,10,2023,hop,40 nodes,0,latency_positive_commit,sample_std_pct,7,56.96120469202345,29.257328636578176,77.60968425208553
Quorum,scale-free,Gaming,8,16,10,2023,hop,10 nodes,0,latency_positive_commit,iqr_pct,0,,,
Quorum,scale-free,Gaming,8,16,10,2023,hop,10 nodes,0,latency_positive_commit,sample_std_pct,0,,,
Quorum,scale-free,Gaming,8,16,10,2023,hop,40 nodes,0,latency_positive_commit,iqr_pct,0,,,
Quorum,scale-free,Gaming,8,16,10,2023,hop,40 nodes,0,latency_positive_commit,sample_std_pct,0,,,
Quorum,scale-free,PayPal,8,16,10,2023,hop,10 nodes,0,latency_positive_commit,iqr_pct,15,118.81589951297897,0.3188025778137339,184.48804356628432
Quorum,scale-free,PayPal,8,16,10,2023,hop,10 nodes,0,latency_positive_commit,sample_std_pct,15,128.45415360932188,84.96432463800552,167.5384352024557
Quorum,scale-free,PayPal,8,16,10,2023,hop,40 nodes,0,latency_positive_commit,iqr_pct,16,1.252386407025572,0.5790465161837941,2.7023065130066795
Quorum,scale-free,PayPal,8,16,10,2023,hop,40 nodes,0,latency_positive_commit,sample_std_pct,16,10.352285669491952,0.6702557636468512,17.612609756350015
Quorum,scale-free,VISA,8,16,10,2023,hop,10 nodes,0,latency_positive_commit,iqr_pct,5,75.10802904533507,0.0,104.20364554888037
Quorum,scale-free,VISA,8,16,10,2023,hop,10 nodes,0,latency_positive_commit,sample_std_pct,5,52.3061758607059,10.177520085068926,62.35550787373846
Quorum,scale-free,VISA,8,16,10,2023,hop,40 nodes,0,latency_positive_commit,iqr_pct,12,35.85104382170396,13.83742724098131,93.69860660300807
Quorum,scale-free,VISA,8,16,10,2023,hop,40 nodes,0,latency_positive_commit,sample_std_pct,12,152.39070797840162,27.225690999293466,168.56815451817857
Quorum,torus,DDoS,8,16,10,2023,hop,10 nodes,0,latency_positive_commit,iqr_pct,0,,,
Quorum,torus,DDoS,8,16,10,2023,hop,10 nodes,0,latency_positive_commit,sample_std_pct,0,,,
Quorum,torus,DDoS,8,16,10,2023,hop,40 nodes,0,latency_positive_commit,iqr_pct,0,,,
Quorum,torus,DDoS,8,16,10,2023,hop,40 nodes,0,latency_positive_commit,sample_std_pct,0,,,
Quorum,torus,FIFA,8,16,10,2023,hop,10 nodes,0,latency_positive_commit,iqr_pct,0,,,
Quorum,torus,FIFA,8,16,10,2023,hop,10 nodes,0,latency_positive_commit,sample_std_pct,0,,,
Quorum,torus,FIFA,8,16,10,2023,hop,40 nodes,0,latency_positive_commit,iqr_pct,0,,,
Quorum,torus,FIFA,8,16,10,2023,hop,40 nodes,0,latency_positive_commit,sample_std_pct,0,,,
Quorum,torus,GAFAM,8,16,10,2023,hop,10 nodes,0,latency_positive_commit,iqr_pct,10,27.99403677323172,8.56343887537995,73.31412750853812
Quorum,torus,GAFAM,8,16,10,2023,hop,10 nodes,0,latency_positive_commit,sample_std_pct,10,25.019844446888456,10.245629256624465,39.28512952259998
Quorum,torus,GAFAM,8,16,10,2023,hop,40 nodes,0,latency_positive_commit,iqr_pct,7,141.9785431527414,13.417764846825266,164.61275789323128
Quorum,torus,GAFAM,8,16,10,2023,hop,40 nodes,0,latency_positive_commit,sample_std_pct,7,86.30303241407967,35.602160321622435,118.82751496391673
Quorum,torus,Gaming,8,16,10,2023,hop,10 nodes,0,latency_positive_commit,iqr_pct,0,,,
Quorum,torus,Gaming,8,16,10,2023,hop,10 nodes,0,latency_positive_commit,sample_std_pct,0,,,
Quorum,torus,Gaming,8,16,10,2023,hop,40 nodes,0,latency_positive_commit,iqr_pct,0,,,
Quorum,torus,Gaming,8,16,10,2023,hop,40 nodes,0,latency_positive_commit,sample_std_pct,0,,,
Quorum,torus,PayPal,8,16,10,2023,hop,10 nodes,0,latency_positive_commit,iqr_pct,11,9.290982631453724,2.98379124982521,35.09985316125832
Quorum,torus,PayPal,8,16,10,2023,hop,10 nodes,0,latency_positive_commit,sample_std_pct,11,21.117710609294022,4.74328983298657,29.09519215276881
Quorum,torus,PayPal,8,16,10,2023,hop,40 nodes,0,latency_positive_commit,iqr_pct,13,1.7743403093721712,0.39633995319720916,2.952755905511817
Quorum,torus,PayPal,8,16,10,2023,hop,40 nodes,0,latency_positive_commit,sample_std_pct,13,1.4401182236141326,0.8338024803066308,1.854998827603822
Quorum,torus,VISA,8,16,10,2023,hop,10 nodes,0,latency_positive_commit,iqr_pct,3,135.9042826332546,0.0,136.74692570011368
Quorum,torus,VISA,8,16,10,2023,hop,10 nodes,0,latency_positive_commit,sample_std_pct,3,156.39782943349582,0.0,157.90174872762876
Quorum,torus,VISA,8,16,10,2023,hop,40 nodes,0,latency_positive_commit,iqr_pct,18,9.798083186005398,5.12594504473442,62.7147678699073
Quorum,torus,VISA,8,16,10,2023,hop,40 nodes,0,latency_positive_commit,sample_std_pct,18,95.67900948134424,16.816765357085593,113.11483478354496
Solana,fat-tree,DDoS,8,16,10,2023,hop,10 nodes,0,latency_positive_commit,iqr_pct,11,7.624343057353921,3.0202667974663346,12.741583963691719
Solana,fat-tree,DDoS,8,16,10,2023,hop,10 nodes,0,latency_positive_commit,sample_std_pct,11,5.99892485250161,3.523937201021187,7.654340144037023
Solana,fat-tree,DDoS,8,16,10,2023,hop,40 nodes,0,latency_positive_commit,iqr_pct,0,,,
Solana,fat-tree,DDoS,8,16,10,2023,hop,40 nodes,0,latency_positive_commit,sample_std_pct,0,,,
Solana,fat-tree,FIFA,8,16,10,2023,hop,10 nodes,0,latency_positive_commit,iqr_pct,9,42.01153591578151,2.2166297314637613,55.41684196039433
Solana,fat-tree,FIFA,8,16,10,2023,hop,10 nodes,0,latency_positive_commit,sample_std_pct,9,23.7351124221399,12.897545217399367,27.99532485837354
Solana,fat-tree,FIFA,8,16,10,2023,hop,40 nodes,0,latency_positive_commit,iqr_pct,0,,,
Solana,fat-tree,FIFA,8,16,10,2023,hop,40 nodes,0,latency_positive_commit,sample_std_pct,0,,,
Solana,fat-tree,GAFAM,8,16,10,2023,hop,10 nodes,0,latency_positive_commit,iqr_pct,12,66.90343410625184,10.416872564569614,92.03401959670857
Solana,fat-tree,GAFAM,8,16,10,2023,hop,10 nodes,0,latency_positive_commit,sample_std_pct,12,42.34221051737782,26.536526103280128,47.75552548844906
Solana,fat-tree,GAFAM,8,16,10,2023,hop,40 nodes,0,latency_positive_commit,iqr_pct,13,6.417049073725131,2.28848332366242,18.21924331185079
Solana,fat-tree,GAFAM,8,16,10,2023,hop,40 nodes,0,latency_positive_commit,sample_std_pct,13,10.227733499377193,2.994410564022037,14.941753513908978
Solana,fat-tree,Gaming,8,16,10,2023,hop,10 nodes,0,latency_positive_commit,iqr_pct,9,52.25891807134455,9.693152180834312,86.78385139315138
Solana,fat-tree,Gaming,8,16,10,2023,hop,10 nodes,0,latency_positive_commit,sample_std_pct,9,35.51112821677353,20.242101391417687,44.8259828494154
Solana,fat-tree,Gaming,8,16,10,2023,hop,40 nodes,0,latency_positive_commit,iqr_pct,0,,,
Solana,fat-tree,Gaming,8,16,10,2023,hop,40 nodes,0,latency_positive_commit,sample_std_pct,0,,,
Solana,fat-tree,PayPal,8,16,10,2023,hop,10 nodes,0,latency_positive_commit,iqr_pct,7,36.9548969442608,5.981480650455374,86.61644239714992
Solana,fat-tree,PayPal,8,16,10,2023,hop,10 nodes,0,latency_positive_commit,sample_std_pct,7,44.87804120723982,9.25783194710012,53.23991291354306
Solana,fat-tree,PayPal,8,16,10,2023,hop,40 nodes,0,latency_positive_commit,iqr_pct,2,6.472540736270356,0.0,6.472540736270356
Solana,fat-tree,PayPal,8,16,10,2023,hop,40 nodes,0,latency_positive_commit,sample_std_pct,2,9.153554892245882,0.0,9.153554892245882
Solana,fat-tree,VISA,8,16,10,2023,hop,10 nodes,0,latency_positive_commit,iqr_pct,10,44.885352585286505,8.149397698594038,85.29924552085373
Solana,fat-tree,VISA,8,16,10,2023,hop,10 nodes,0,latency_positive_commit,sample_std_pct,10,41.48638403705173,11.091608013917922,46.56682864288781
Solana,fat-tree,VISA,8,16,10,2023,hop,40 nodes,0,latency_positive_commit,iqr_pct,0,,,
Solana,fat-tree,VISA,8,16,10,2023,hop,40 nodes,0,latency_positive_commit,sample_std_pct,0,,,
Solana,full mesh,DDoS,8,16,10,2023,hop,10 nodes,0,latency_positive_commit,iqr_pct,12,11.18353652289726,2.8893305231569593,17.696736849032703
Solana,full mesh,DDoS,8,16,10,2023,hop,10 nodes,0,latency_positive_commit,sample_std_pct,12,7.385828737954444,3.92473190363757,9.24833721159771
Solana,full mesh,DDoS,8,16,10,2023,hop,40 nodes,0,latency_positive_commit,iqr_pct,0,,,
Solana,full mesh,DDoS,8,16,10,2023,hop,40 nodes,0,latency_positive_commit,sample_std_pct,0,,,
Solana,full mesh,FIFA,8,16,10,2023,hop,10 nodes,0,latency_positive_commit,iqr_pct,13,7.865754169688185,1.9804916660465157,16.980210519851955
Solana,full mesh,FIFA,8,16,10,2023,hop,10 nodes,0,latency_positive_commit,sample_std_pct,13,7.3902975079700814,4.457585904246073,9.149410359394674
Solana,full mesh,FIFA,8,16,10,2023,hop,40 nodes,0,latency_positive_commit,iqr_pct,0,,,
Solana,full mesh,FIFA,8,16,10,2023,hop,40 nodes,0,latency_positive_commit,sample_std_pct,0,,,
Solana,full mesh,GAFAM,8,16,10,2023,hop,10 nodes,0,latency_positive_commit,iqr_pct,13,8.941621528673371,3.189893782269852,16.06704516582516
Solana,full mesh,GAFAM,8,16,10,2023,hop,10 nodes,0,latency_positive_commit,sample_std_pct,13,8.006905751087865,4.6021436547661985,10.453544378922876
Solana,full mesh,GAFAM,8,16,10,2023,hop,40 nodes,0,latency_positive_commit,iqr_pct,13,8.465369324126387,3.9342859104837236,23.850119684337777
Solana,full mesh,GAFAM,8,16,10,2023,hop,40 nodes,0,latency_positive_commit,sample_std_pct,13,10.080820581319003,5.75665035734896,12.47017513474219
Solana,full mesh,Gaming,8,16,10,2023,hop,10 nodes,0,latency_positive_commit,iqr_pct,15,13.887477387751792,5.261350935308786,33.90300670253037
Solana,full mesh,Gaming,8,16,10,2023,hop,10 nodes,0,latency_positive_commit,sample_std_pct,15,14.014738027236774,7.296087727625885,17.95174400685322
Solana,full mesh,Gaming,8,16,10,2023,hop,40 nodes,0,latency_positive_commit,iqr_pct,0,,,
Solana,full mesh,Gaming,8,16,10,2023,hop,40 nodes,0,latency_positive_commit,sample_std_pct,0,,,
Solana,full mesh,PayPal,8,16,10,2023,hop,10 nodes,0,latency_positive_commit,iqr_pct,13,3.818693647750003,1.5315366387244094,21.884450377137274
Solana,full mesh,PayPal,8,16,10,2023,hop,10 nodes,0,latency_positive_commit,sample_std_pct,13,9.538151346620001,4.440953232362194,12.007978609628948
Solana,full mesh,PayPal,8,16,10,2023,hop,40 nodes,0,latency_positive_commit,iqr_pct,0,,,
Solana,full mesh,PayPal,8,16,10,2023,hop,40 nodes,0,latency_positive_commit,sample_std_pct,0,,,
Solana,full mesh,VISA,8,16,10,2023,hop,10 nodes,0,latency_positive_commit,iqr_pct,14,12.627206964198136,2.9378359668687724,24.892296789144623
Solana,full mesh,VISA,8,16,10,2023,hop,10 nodes,0,latency_positive_commit,sample_std_pct,14,11.100144257541105,6.670059932708217,14.05269269067697
Solana,full mesh,VISA,8,16,10,2023,hop,40 nodes,0,latency_positive_commit,iqr_pct,0,,,
Solana,full mesh,VISA,8,16,10,2023,hop,40 nodes,0,latency_positive_commit,sample_std_pct,0,,,
Solana,hypercube,DDoS,8,16,10,2023,hop,10 nodes,0,latency_positive_commit,iqr_pct,12,8.39616215030422,3.049215983650552,33.73221783997948
Solana,hypercube,DDoS,8,16,10,2023,hop,10 nodes,0,latency_positive_commit,sample_std_pct,12,15.184267535868411,7.102265369333088,19.335033046453248
Solana,hypercube,DDoS,8,16,10,2023,hop,40 nodes,0,latency_positive_commit,iqr_pct,0,,,
Solana,hypercube,DDoS,8,16,10,2023,hop,40 nodes,0,latency_positive_commit,sample_std_pct,0,,,
Solana,hypercube,FIFA,8,16,10,2023,hop,10 nodes,0,latency_positive_commit,iqr_pct,13,21.078932664227796,3.7879938128927635,42.24503710124746
Solana,hypercube,FIFA,8,16,10,2023,hop,10 nodes,0,latency_positive_commit,sample_std_pct,13,18.084896993955237,11.232668620890117,22.014923654342997
Solana,hypercube,FIFA,8,16,10,2023,hop,40 nodes,0,latency_positive_commit,iqr_pct,0,,,
Solana,hypercube,FIFA,8,16,10,2023,hop,40 nodes,0,latency_positive_commit,sample_std_pct,0,,,
Solana,hypercube,GAFAM,8,16,10,2023,hop,10 nodes,0,latency_positive_commit,iqr_pct,13,21.15403273871402,1.836795647431526,62.455172060737205
Solana,hypercube,GAFAM,8,16,10,2023,hop,10 nodes,0,latency_positive_commit,sample_std_pct,13,27.943742727065796,14.957955974121564,34.111644012668485
Solana,hypercube,GAFAM,8,16,10,2023,hop,40 nodes,0,latency_positive_commit,iqr_pct,13,24.76050110537951,4.85123115576281,32.58958065322087
Solana,hypercube,GAFAM,8,16,10,2023,hop,40 nodes,0,latency_positive_commit,sample_std_pct,13,13.874835901606628,8.254152194649743,16.816124072651306
Solana,hypercube,Gaming,8,16,10,2023,hop,10 nodes,0,latency_positive_commit,iqr_pct,15,27.44972869454197,10.158777127443576,46.26954411677342
Solana,hypercube,Gaming,8,16,10,2023,hop,10 nodes,0,latency_positive_commit,sample_std_pct,15,28.614533123960136,14.172110948990216,37.00697271668695
Solana,hypercube,Gaming,8,16,10,2023,hop,40 nodes,0,latency_positive_commit,iqr_pct,0,,,
Solana,hypercube,Gaming,8,16,10,2023,hop,40 nodes,0,latency_positive_commit,sample_std_pct,0,,,
Solana,hypercube,PayPal,8,16,10,2023,hop,10 nodes,0,latency_positive_commit,iqr_pct,13,14.693404043752073,4.692165010395645,20.169284970838728
Solana,hypercube,PayPal,8,16,10,2023,hop,10 nodes,0,latency_positive_commit,sample_std_pct,13,8.249129964972854,5.478339709272642,9.890279346991514
Solana,hypercube,PayPal,8,16,10,2023,hop,40 nodes,0,latency_positive_commit,iqr_pct,1,,,
Solana,hypercube,PayPal,8,16,10,2023,hop,40 nodes,0,latency_positive_commit,sample_std_pct,1,,,
Solana,hypercube,VISA,8,16,10,2023,hop,10 nodes,0,latency_positive_commit,iqr_pct,13,24.838315324552404,9.065735888309405,41.162309369626264
Solana,hypercube,VISA,8,16,10,2023,hop,10 nodes,0,latency_positive_commit,sample_std_pct,13,23.035376896121896,11.134169064720453,34.3782758837753
Solana,hypercube,VISA,8,16,10,2023,hop,40 nodes,0,latency_positive_commit,iqr_pct,0,,,
Solana,hypercube,VISA,8,16,10,2023,hop,40 nodes,0,latency_positive_commit,sample_std_pct,0,,,
Solana,scale-free,DDoS,8,16,10,2023,hop,10 nodes,0,latency_positive_commit,iqr_pct,8,27.77624858549714,7.501202533089612,53.86669633915657
Solana,scale-free,DDoS,8,16,10,2023,hop,10 nodes,0,latency_positive_commit,sample_std_pct,8,24.16381401886254,12.103291886278733,30.543969331535788
Solana,scale-free,DDoS,8,16,10,2023,hop,40 nodes,0,latency_positive_commit,iqr_pct,0,,,
Solana,scale-free,DDoS,8,16,10,2023,hop,40 nodes,0,latency_positive_commit,sample_std_pct,0,,,
Solana,scale-free,FIFA,8,16,10,2023,hop,10 nodes,0,latency_positive_commit,iqr_pct,2,13.271902076743213,0.0,13.271902076743213
Solana,scale-free,FIFA,8,16,10,2023,hop,10 nodes,0,latency_positive_commit,sample_std_pct,2,18.769303915417915,0.0,18.769303915417915
Solana,scale-free,FIFA,8,16,10,2023,hop,40 nodes,0,latency_positive_commit,iqr_pct,1,,,
Solana,scale-free,FIFA,8,16,10,2023,hop,40 nodes,0,latency_positive_commit,sample_std_pct,1,,,
Solana,scale-free,GAFAM,8,16,10,2023,hop,10 nodes,0,latency_positive_commit,iqr_pct,2,42.671701675713955,0.0,42.671701675713955
Solana,scale-free,GAFAM,8,16,10,2023,hop,10 nodes,0,latency_positive_commit,sample_std_pct,2,60.34689923933339,0.0,60.34689923933339
Solana,scale-free,GAFAM,8,16,10,2023,hop,40 nodes,0,latency_positive_commit,iqr_pct,12,12.075986804686595,2.3366408137490846,24.692354277626034
Solana,scale-free,GAFAM,8,16,10,2023,hop,40 nodes,0,latency_positive_commit,sample_std_pct,12,11.104146711154225,6.655339780839034,14.018414305097775
Solana,scale-free,Gaming,8,16,10,2023,hop,10 nodes,0,latency_positive_commit,iqr_pct,2,10.529955365562332,0.0,10.529955365562332
Solana,scale-free,Gaming,8,16,10,2023,hop,10 nodes,0,latency_positive_commit,sample_std_pct,2,14.89160568916159,0.0,14.89160568916159
Solana,scale-free,Gaming,8,16,10,2023,hop,40 nodes,0,latency_positive_commit,iqr_pct,0,,,
Solana,scale-free,Gaming,8,16,10,2023,hop,40 nodes,0,latency_positive_commit,sample_std_pct,0,,,
Solana,scale-free,PayPal,8,16,10,2023,hop,10 nodes,0,latency_positive_commit,iqr_pct,9,65.20564776663244,3.835371924807044,141.71892887567063
Solana,scale-free,PayPal,8,16,10,2023,hop,10 nodes,0,latency_positive_commit,sample_std_pct,9,45.14507072323839,21.411331942594355,68.46618133070693
Solana,scale-free,PayPal,8,16,10,2023,hop,40 nodes,0,latency_positive_commit,iqr_pct,0,,,
Solana,scale-free,PayPal,8,16,10,2023,hop,40 nodes,0,latency_positive_commit,sample_std_pct,0,,,
Solana,scale-free,VISA,8,16,10,2023,hop,10 nodes,0,latency_positive_commit,iqr_pct,14,54.56633699712799,6.810855514669983,85.31231708224308
Solana,scale-free,VISA,8,16,10,2023,hop,10 nodes,0,latency_positive_commit,sample_std_pct,14,41.724491633885535,28.643682679297044,48.90902517548188
Solana,scale-free,VISA,8,16,10,2023,hop,40 nodes,0,latency_positive_commit,iqr_pct,0,,,
Solana,scale-free,VISA,8,16,10,2023,hop,40 nodes,0,latency_positive_commit,sample_std_pct,0,,,
Solana,torus,DDoS,8,16,10,2023,hop,10 nodes,0,latency_positive_commit,iqr_pct,13,11.875440206603637,2.3879710945961548,18.680761984929696
Solana,torus,DDoS,8,16,10,2023,hop,10 nodes,0,latency_positive_commit,sample_std_pct,13,8.683303238510792,4.541948290474157,10.904379150543885
Solana,torus,DDoS,8,16,10,2023,hop,40 nodes,0,latency_positive_commit,iqr_pct,0,,,
Solana,torus,DDoS,8,16,10,2023,hop,40 nodes,0,latency_positive_commit,sample_std_pct,0,,,
Solana,torus,FIFA,8,16,10,2023,hop,10 nodes,0,latency_positive_commit,iqr_pct,10,36.752960815069585,6.324223740583195,73.17459573657953
Solana,torus,FIFA,8,16,10,2023,hop,10 nodes,0,latency_positive_commit,sample_std_pct,10,32.207204997310726,17.564046692289015,42.69738609938766
Solana,torus,FIFA,8,16,10,2023,hop,40 nodes,0,latency_positive_commit,iqr_pct,0,,,
Solana,torus,FIFA,8,16,10,2023,hop,40 nodes,0,latency_positive_commit,sample_std_pct,0,,,
Solana,torus,GAFAM,8,16,10,2023,hop,10 nodes,0,latency_positive_commit,iqr_pct,13,47.775885558583106,17.73409007571477,80.0958179368111
Solana,torus,GAFAM,8,16,10,2023,hop,10 nodes,0,latency_positive_commit,sample_std_pct,13,34.64736546393419,22.50811339625934,40.452570674871225
Solana,torus,GAFAM,8,16,10,2023,hop,40 nodes,0,latency_positive_commit,iqr_pct,13,3.5284632025992537,0.7528934821280087,9.394446380577731
Solana,torus,GAFAM,8,16,10,2023,hop,40 nodes,0,latency_positive_commit,sample_std_pct,13,3.892786009229417,2.101849074331166,5.011319765414304
Solana,torus,Gaming,8,16,10,2023,hop,10 nodes,0,latency_positive_commit,iqr_pct,12,25.430419597619142,2.0882593329996135,40.83416156970241
Solana,torus,Gaming,8,16,10,2023,hop,10 nodes,0,latency_positive_commit,sample_std_pct,12,18.943758365521976,12.013134379960661,23.141573154045318
Solana,torus,Gaming,8,16,10,2023,hop,40 nodes,0,latency_positive_commit,iqr_pct,0,,,
Solana,torus,Gaming,8,16,10,2023,hop,40 nodes,0,latency_positive_commit,sample_std_pct,0,,,
Solana,torus,PayPal,8,16,10,2023,hop,10 nodes,0,latency_positive_commit,iqr_pct,11,29.76102030708273,9.64925473343753,47.24641525808622
Solana,torus,PayPal,8,16,10,2023,hop,10 nodes,0,latency_positive_commit,sample_std_pct,11,22.58532588951267,12.105087071227754,28.324436349849833
Solana,torus,PayPal,8,16,10,2023,hop,40 nodes,0,latency_positive_commit,iqr_pct,1,,,
Solana,torus,PayPal,8,16,10,2023,hop,40 nodes,0,latency_positive_commit,sample_std_pct,1,,,
Solana,torus,VISA,8,16,10,2023,hop,10 nodes,0,latency_positive_commit,iqr_pct,15,9.276759969055483,3.7197735404665138,35.70689452108493
Solana,torus,VISA,8,16,10,2023,hop,10 nodes,0,latency_positive_commit,sample_std_pct,15,17.162819841788732,8.686367012230109,21.467549373410797
Solana,torus,VISA,8,16,10,2023,hop,40 nodes,0,latency_positive_commit,iqr_pct,1,,,
Solana,torus,VISA,8,16,10,2023,hop,40 nodes,0,latency_positive_commit,sample_std_pct,1,,,
Algorand,fat-tree,DDoS,8,16,10,2023,hop,10 nodes,0,energy_observed,iqr_pct,13,14.84566368693683,4.186378871285091,37.18274808939494
Algorand,fat-tree,DDoS,8,16,10,2023,hop,10 nodes,0,energy_observed,sample_std_pct,13,16.42187146109291,10.044383806024912,20.59274291884511
Algorand,fat-tree,DDoS,8,16,10,2023,hop,40 nodes,0,energy_observed,iqr_pct,13,27.763240445625712,5.52350471933888,36.6531492300276
Algorand,fat-tree,DDoS,8,16,10,2023,hop,40 nodes,0,energy_observed,sample_std_pct,13,15.79478980782952,9.838502235272966,19.522149935555397
Algorand,fat-tree,FIFA,8,16,10,2023,hop,10 nodes,0,energy_observed,iqr_pct,16,23.441010904854885,10.015208555548513,30.824789682735023
Algorand,fat-tree,FIFA,8,16,10,2023,hop,10 nodes,0,energy_observed,sample_std_pct,16,15.491742449925589,10.465844378838861,19.26344658649151
Algorand,fat-tree,FIFA,8,16,10,2023,hop,40 nodes,0,energy_observed,iqr_pct,13,25.630942465852826,8.293889371274018,44.1811846073776
Algorand,fat-tree,FIFA,8,16,10,2023,hop,40 nodes,0,energy_observed,sample_std_pct,13,16.695712746318268,10.576168084360052,20.649252452150265
Algorand,fat-tree,GAFAM,8,16,10,2023,hop,10 nodes,0,energy_observed,iqr_pct,13,21.883446487381544,3.86654928000688,27.999329047560124
Algorand,fat-tree,GAFAM,8,16,10,2023,hop,10 nodes,0,energy_observed,sample_std_pct,13,13.940422763083316,8.603103542188462,17.614003563023296
Algorand,fat-tree,GAFAM,8,16,10,2023,hop,40 nodes,0,energy_observed,iqr_pct,13,18.084934374899245,5.441453838540201,42.85605659179154
Algorand,fat-tree,GAFAM,8,16,10,2023,hop,40 nodes,0,energy_observed,sample_std_pct,13,18.617633564024835,11.464881910384554,23.247896194588073
Algorand,fat-tree,Gaming,8,16,10,2023,hop,10 nodes,0,energy_observed,iqr_pct,13,11.39552240317095,3.696613574958592,26.47366261250117
Algorand,fat-tree,Gaming,8,16,10,2023,hop,10 nodes,0,energy_observed,sample_std_pct,13,11.612742287336353,5.727327142904304,15.736305159588728
Algorand,fat-tree,Gaming,8,16,10,2023,hop,40 nodes,0,energy_observed,iqr_pct,13,9.809196162395132,4.104593451978402,38.578737949725785
Algorand,fat-tree,Gaming,8,16,10,2023,hop,40 nodes,0,energy_observed,sample_std_pct,13,15.046981043338883,8.397862919927357,18.866193700624546
Algorand,fat-tree,PayPal,8,16,10,2023,hop,10 nodes,0,energy_observed,iqr_pct,13,8.920557837009417,2.9104620104813095,26.6306337480449
Algorand,fat-tree,PayPal,8,16,10,2023,hop,10 nodes,0,energy_observed,sample_std_pct,13,11.106513959972318,4.259860596468302,15.588396374019924
Algorand,fat-tree,PayPal,8,16,10,2023,hop,40 nodes,0,energy_observed,iqr_pct,13,13.944387155605849,3.7940161183903625,25.02615052224662
Algorand,fat-tree,PayPal,8,16,10,2023,hop,40 nodes,0,energy_observed,sample_std_pct,13,12.18860352476333,6.138149011216239,16.473577849864455
Algorand,fat-tree,VISA,8,16,10,2023,hop,10 nodes,0,energy_observed,iqr_pct,13,13.607405580220961,5.196891725211799,31.650749364168718
Algorand,fat-tree,VISA,8,16,10,2023,hop,10 nodes,0,energy_observed,sample_std_pct,13,13.727656608137007,7.884743975465295,17.990256824474702
Algorand,fat-tree,VISA,8,16,10,2023,hop,40 nodes,0,energy_observed,iqr_pct,13,18.168072505821765,3.406296731953221,35.36251848005432
Algorand,fat-tree,VISA,8,16,10,2023,hop,40 nodes,0,energy_observed,sample_std_pct,13,15.412586234103733,8.955567712072046,19.22590301698212
Algorand,full mesh,DDoS,8,16,10,2023,hop,10 nodes,0,energy_observed,iqr_pct,14,16.35109576128665,5.386261117744732,43.802579317187124
Algorand,full mesh,DDoS,8,16,10,2023,hop,10 nodes,0,energy_observed,sample_std_pct,14,17.66508926985908,8.491425911455467,24.30757171498203
Algorand,full mesh,DDoS,8,16,10,2023,hop,40 nodes,0,energy_observed,iqr_pct,13,19.008168384823364,3.2049884313924837,34.1770880460412
Algorand,full mesh,DDoS,8,16,10,2023,hop,40 nodes,0,energy_observed,sample_std_pct,13,15.671239690812252,9.552184993594175,20.097967618916933
Algorand,full mesh,FIFA,8,16,10,2023,hop,10 nodes,0,energy_observed,iqr_pct,14,19.408884102196538,8.06238334540381,33.883319135157876
Algorand,full mesh,FIFA,8,16,10,2023,hop,10 nodes,0,energy_observed,sample_std_pct,14,17.639338486801105,9.281643268831548,24.39271394304759
Algorand,full mesh,FIFA,8,16,10,2023,hop,40 nodes,0,energy_observed,iqr_pct,13,16.8806360819946,3.965131052913911,30.149534887334564
Algorand,full mesh,FIFA,8,16,10,2023,hop,40 nodes,0,energy_observed,sample_std_pct,13,13.322486987341044,8.096397393651488,16.660671543038053
Algorand,full mesh,GAFAM,8,16,10,2023,hop,10 nodes,0,energy_observed,iqr_pct,14,25.99292452703196,8.588401146521916,43.111544769119355
Algorand,full mesh,GAFAM,8,16,10,2023,hop,10 nodes,0,energy_observed,sample_std_pct,14,19.726330732331977,13.04512892582898,24.24445534010711
Algorand,full mesh,GAFAM,8,16,10,2023,hop,40 nodes,0,energy_observed,iqr_pct,13,23.337026242078853,6.904577715119376,31.03641592636401
Algorand,full mesh,GAFAM,8,16,10,2023,hop,40 nodes,0,energy_observed,sample_std_pct,13,12.5561971215151,8.540400445118747,14.916303287599142
Algorand,full mesh,Gaming,8,16,10,2023,hop,10 nodes,0,energy_observed,iqr_pct,13,31.132538376354653,9.518031732436425,49.2979795083635
Algorand,full mesh,Gaming,8,16,10,2023,hop,10 nodes,0,energy_observed,sample_std_pct,13,20.278444629138644,12.942935564402331,24.802774820882274
Algorand,full mesh,Gaming,8,16,10,2023,hop,40 nodes,0,energy_observed,iqr_pct,13,18.64138467529363,6.869531234257857,30.05024980780128
Algorand,full mesh,Gaming,8,16,10,2023,hop,40 nodes,0,energy_observed,sample_std_pct,13,12.374684570682454,8.119361758166391,15.001439308377062
Algorand,full mesh,PayPal,8,16,10,2023,hop,10 nodes,0,energy_observed,iqr_pct,13,11.902879426814719,4.464375092002623,34.860543025882976
Algorand,full mesh,PayPal,8,16,10,2023,hop,10 nodes,0,energy_observed,sample_std_pct,13,15.808968089341677,8.553309132321894,20.54934530736496
Algorand,full mesh,PayPal,8,16,10,2023,hop,40 nodes,0,energy_observed,iqr_pct,13,17.67716174462615,6.123460085531885,27.854285777958737
Algorand,full mesh,PayPal,8,16,10,2023,hop,40 nodes,0,energy_observed,sample_std_pct,13,11.881436914020279,8.056844832956106,13.663582455903503
Algorand,full mesh,VISA,8,16,10,2023,hop,10 nodes,0,energy_observed,iqr_pct,13,27.38116908691557,4.597689149863303,38.97312763176467
Algorand,full mesh,VISA,8,16,10,2023,hop,10 nodes,0,energy_observed,sample_std_pct,13,21.902289425909647,11.63330041572401,28.52879357548951
Algorand,full mesh,VISA,8,16,10,2023,hop,40 nodes,0,energy_observed,iqr_pct,13,14.841984499654377,4.500410099212991,30.582863738277958
Algorand,full mesh,VISA,8,16,10,2023,hop,40 nodes,0,energy_observed,sample_std_pct,13,14.028584266714528,7.86593175275271,18.357232682849276
Algorand,hypercube,DDoS,8,16,10,2023,hop,10 nodes,0,energy_observed,iqr_pct,13,23.13982711672411,7.480335339052515,32.84201771593085
Algorand,hypercube,DDoS,8,16,10,2023,hop,10 nodes,0,energy_observed,sample_std_pct,13,16.447877749111846,10.288731897849548,20.651344299971434
Algorand,hypercube,DDoS,8,16,10,2023,hop,40 nodes,0,energy_observed,iqr_pct,13,16.4783226225395,3.524351773700102,32.65616313975356
Algorand,hypercube,DDoS,8,16,10,2023,hop,40 nodes,0,energy_observed,sample_std_pct,13,14.044003782788955,9.340102214014246,17.21051613997025
Algorand,hypercube,FIFA,8,16,10,2023,hop,10 nodes,0,energy_observed,iqr_pct,13,22.25957520206218,8.881821294521233,50.97211643084456
Algorand,hypercube,FIFA,8,16,10,2023,hop,10 nodes,0,energy_observed,sample_std_pct,13,22.486140042275668,13.50068109855163,28.812089947496638
Algorand,hypercube,FIFA,8,16,10,2023,hop,40 nodes,0,energy_observed,iqr_pct,13,21.701270685873315,5.266386453132866,44.86068601093597
Algorand,hypercube,FIFA,8,16,10,2023,hop,40 nodes,0,energy_observed,sample_std_pct,13,20.583685518136466,13.148789141422599,26.038635337819212
Algorand,hypercube,GAFAM,8,16,10,2023,hop,10 nodes,0,energy_observed,iqr_pct,13,23.22655860650008,8.679815695707816,33.35148823916228
Algorand,hypercube,GAFAM,8,16,10,2023,hop,10 nodes,0,energy_observed,sample_std_pct,13,15.945961536025697,9.723132799866438,20.383310847900493
Algorand,hypercube,GAFAM,8,16,10,2023,hop,40 nodes,0,energy_observed,iqr_pct,13,25.621355436748782,3.498097997028108,29.59615267942589
Algorand,hypercube,GAFAM,8,16,10,2023,hop,40 nodes,0,energy_observed,sample_std_pct,13,12.55736024711336,8.064964771054608,14.81397439197953
Algorand,hypercube,Gaming,8,16,10,2023,hop,10 nodes,0,energy_observed,iqr_pct,13,19.841892629193453,7.7637549046381364,44.75189273103404
Algorand,hypercube,Gaming,8,16,10,2023,hop,10 nodes,0,energy_observed,sample_std_pct,13,18.9246675445385,10.977320736048721,24.774864473618216
Algorand,hypercube,Gaming,8,16,10,2023,hop,40 nodes,0,energy_observed,iqr_pct,13,32.60720864639278,10.487540614693286,52.053323286939154
Algorand,hypercube,Gaming,8,16,10,2023,hop,40 nodes,0,energy_observed,sample_std_pct,13,22.476599606264557,15.22023111605383,26.690091892411267
Algorand,hypercube,PayPal,8,16,10,2023,hop,10 nodes,0,energy_observed,iqr_pct,13,10.490440408621986,3.720888429608714,19.831671309679724
Algorand,hypercube,PayPal,8,16,10,2023,hop,10 nodes,0,energy_observed,sample_std_pct,13,9.674006353334502,4.779107733816184,13.603553092871213
Algorand,hypercube,PayPal,8,16,10,2023,hop,40 nodes,0,energy_observed,iqr_pct,13,7.207457215002351,3.26942695077934,24.93505574515771
Algorand,hypercube,PayPal,8,16,10,2023,hop,40 nodes,0,energy_observed,sample_std_pct,13,12.191479708843156,5.995572226270982,16.06047255909091
Algorand,hypercube,VISA,8,16,10,2023,hop,10 nodes,0,energy_observed,iqr_pct,13,10.716806238193724,2.813526312509409,30.360720272164972
Algorand,hypercube,VISA,8,16,10,2023,hop,10 nodes,0,energy_observed,sample_std_pct,13,11.687289026025912,5.1166687800973625,14.62205944011328
Algorand,hypercube,VISA,8,16,10,2023,hop,40 nodes,0,energy_observed,iqr_pct,13,18.865979864652083,7.171321480073334,29.47412599810794
Algorand,hypercube,VISA,8,16,10,2023,hop,40 nodes,0,energy_observed,sample_std_pct,13,12.641478275853585,8.375132298376235,15.117345311229991
Algorand,scale-free,DDoS,8,16,10,2023,hop,10 nodes,0,energy_observed,iqr_pct,13,25.789494523650703,6.793826876325473,40.65309474201962
Algorand,scale-free,DDoS,8,16,10,2023,hop,10 nodes,0,energy_observed,sample_std_pct,13,16.964534766462386,11.339386552359986,20.647047506355847
Algorand,scale-free,DDoS,8,16,10,2023,hop,40 nodes,0,energy_observed,iqr_pct,13,19.004671561413577,7.869276615149806,38.968211826131665
Algorand,scale-free,DDoS,8,16,10,2023,hop,40 nodes,0,energy_observed,sample_std_pct,13,17.355021415888796,10.619005895791407,21.944994940971313
Algorand,scale-free,FIFA,8,16,10,2023,hop,10 nodes,0,energy_observed,iqr_pct,17,12.245442945818281,4.996780915446875,25.322765879247214
Algorand,scale-free,FIFA,8,16,10,2023,hop,10 nodes,0,energy_observed,sample_std_pct,17,11.04446995563361,7.229687782852158,13.366261371359549
Algorand,scale-free,FIFA,8,16,10,2023,hop,40 nodes,0,energy_observed,iqr_pct,11,16.673140690783836,5.201760080258038,34.201492620155804
Algorand,scale-free,FIFA,8,16,10,2023,hop,40 nodes,0,energy_observed,sample_std_pct,11,15.763957284470422,8.128266483896677,21.316865398487224
Algorand,scale-free,GAFAM,8,16,10,2023,hop,10 nodes,0,energy_observed,iqr_pct,13,13.457602366317639,3.906603926243328,32.57809918581711
Algorand,scale-free,GAFAM,8,16,10,2023,hop,10 nodes,0,energy_observed,sample_std_pct,13,14.677839059799734,8.459427777649056,18.94964890215024
Algorand,scale-free,GAFAM,8,16,10,2023,hop,40 nodes,0,energy_observed,iqr_pct,13,16.05425539156602,4.8050034657916765,29.586457898170558
Algorand,scale-free,GAFAM,8,16,10,2023,hop,40 nodes,0,energy_observed,sample_std_pct,13,13.18433836164196,8.091395474378498,16.31146333989282
Algorand,scale-free,Gaming,8,16,10,2023,hop,10 nodes,0,energy_observed,iqr_pct,12,12.766521422377004,4.290128154178473,29.377572452962838
Algorand,scale-free,Gaming,8,16,10,2023,hop,10 nodes,0,energy_observed,sample_std_pct,12,13.846623941753347,6.664062506522834,19.55566526786961
Algorand,scale-free,Gaming,8,16,10,2023,hop,40 nodes,0,energy_observed,iqr_pct,13,18.588794866612965,5.351819364628459,29.977694077395487
Algorand,scale-free,Gaming,8,16,10,2023,hop,40 nodes,0,energy_observed,sample_std_pct,13,12.643658999169704,8.02129777925769,15.647444688079297
Algorand,scale-free,PayPal,8,16,10,2023,hop,10 nodes,0,energy_observed,iqr_pct,13,11.37278784006947,3.643229769569079,24.514890591382194
Algorand,scale-free,PayPal,8,16,10,2023,hop,10 nodes,0,energy_observed,sample_std_pct,13,12.187009192668691,5.459021369283832,15.964911687091298
Algorand,scale-free,PayPal,8,16,10,2023,hop,40 nodes,0,energy_observed,iqr_pct,13,20.811583762504124,4.959578859909797,32.74051655913486
Algorand,scale-free,PayPal,8,16,10,2023,hop,40 nodes,0,energy_observed,sample_std_pct,13,15.571627304562352,9.127437534557409,19.472441122308286
Algorand,scale-free,VISA,8,16,10,2023,hop,10 nodes,0,energy_observed,iqr_pct,13,10.653705724096802,4.056864632577822,19.708102200049797
Algorand,scale-free,VISA,8,16,10,2023,hop,10 nodes,0,energy_observed,sample_std_pct,13,11.216676952490344,5.388307582374677,16.361035468738297
Algorand,scale-free,VISA,8,16,10,2023,hop,40 nodes,0,energy_observed,iqr_pct,13,8.838607144363298,2.698638978842475,16.111224008062734
Algorand,scale-free,VISA,8,16,10,2023,hop,40 nodes,0,energy_observed,sample_std_pct,13,6.870430623142099,4.20351613638554,8.30116600732863
Algorand,torus,DDoS,8,16,10,2023,hop,10 nodes,0,energy_observed,iqr_pct,13,12.800113158997807,5.119246230823496,32.08920841797407
Algorand,torus,DDoS,8,16,10,2023,hop,10 nodes,0,energy_observed,sample_std_pct,13,15.057962695090454,8.46190407829976,19.574041101414593
Algorand,torus,DDoS,8,16,10,2023,hop,40 nodes,0,energy_observed,iqr_pct,13,22.632252680085415,5.591503628655758,25.444044195412477
Algorand,torus,DDoS,8,16,10,2023,hop,40 nodes,0,energy_observed,sample_std_pct,13,13.89055542876121,8.523325895345454,18.645728907019635
Algorand,torus,FIFA,8,16,10,2023,hop,10 nodes,0,energy_observed,iqr_pct,13,12.487851995198305,3.49039117904933,31.452876405944675
Algorand,torus,FIFA,8,16,10,2023,hop,10 nodes,0,energy_observed,sample_std_pct,13,14.663103805380011,8.406148610380665,18.783955705959684
Algorand,torus,FIFA,8,16,10,2023,hop,40 nodes,0,energy_observed,iqr_pct,13,17.545772814561953,4.720491856488687,23.56317249408958
Algorand,torus,FIFA,8,16,10,2023,hop,40 nodes,0,energy_observed,sample_std_pct,13,13.692027343419197,7.7223646574152625,18.775797676873477
Algorand,torus,GAFAM,8,16,10,2023,hop,10 nodes,0,energy_observed,iqr_pct,13,14.340246757866622,5.158594725653416,38.110689258168
Algorand,torus,GAFAM,8,16,10,2023,hop,10 nodes,0,energy_observed,sample_std_pct,13,16.224427974871823,9.659367613805593,19.983809670529528
Algorand,torus,GAFAM,8,16,10,2023,hop,40 nodes,0,energy_observed,iqr_pct,13,17.013318867676364,3.9421640510521536,24.678646213781285
Algorand,torus,GAFAM,8,16,10,2023,hop,40 nodes,0,energy_observed,sample_std_pct,13,12.009225959764969,7.603467442267017,15.2361148915174
Algorand,torus,Gaming,8,16,10,2023,hop,10 nodes,0,energy_observed,iqr_pct,13,16.359247263395186,3.7350756116160064,30.547068128828155
Algorand,torus,Gaming,8,16,10,2023,hop,10 nodes,0,energy_observed,sample_std_pct,13,13.512236107127325,8.547019598046203,17.107751780852062
Algorand,torus,Gaming,8,16,10,2023,hop,40 nodes,0,energy_observed,iqr_pct,13,24.316708576723872,7.804567473945991,35.341554507628544
Algorand,torus,Gaming,8,16,10,2023,hop,40 nodes,0,energy_observed,sample_std_pct,13,15.94111273578874,9.857170110249216,20.197409407117178
Algorand,torus,PayPal,8,16,10,2023,hop,10 nodes,0,energy_observed,iqr_pct,13,8.389528485688977,2.8757869138960315,26.141802151450335
Algorand,torus,PayPal,8,16,10,2023,hop,10 nodes,0,energy_observed,sample_std_pct,13,11.455294030366623,6.0202990718106095,15.59406282765443
Algorand,torus,PayPal,8,16,10,2023,hop,40 nodes,0,energy_observed,iqr_pct,13,14.664204682991025,3.610135686261013,31.610962329672017
Algorand,torus,PayPal,8,16,10,2023,hop,40 nodes,0,energy_observed,sample_std_pct,13,15.501882527689478,8.116348625833352,19.962423142301958
Algorand,torus,VISA,8,16,10,2023,hop,10 nodes,0,energy_observed,iqr_pct,13,14.494685745478051,5.3269459542540565,22.96368667867291
Algorand,torus,VISA,8,16,10,2023,hop,10 nodes,0,energy_observed,sample_std_pct,13,10.008683185191801,6.980785573313327,11.932155501119375
Algorand,torus,VISA,8,16,10,2023,hop,40 nodes,0,energy_observed,iqr_pct,13,16.7408964925153,2.393668168082303,32.63930574860585
Algorand,torus,VISA,8,16,10,2023,hop,40 nodes,0,energy_observed,sample_std_pct,13,14.915481386167277,8.487295019698562,19.014198485735474
Diem,fat-tree,DDoS,8,16,10,2023,hop,10 nodes,0,energy_observed,iqr_pct,13,14.727905587360118,3.766076891123278,22.24178480138523
Diem,fat-tree,DDoS,8,16,10,2023,hop,10 nodes,0,energy_observed,sample_std_pct,13,9.377986946616325,6.0183220089669955,11.170163904590648
Diem,fat-tree,DDoS,8,16,10,2023,hop,40 nodes,0,energy_observed,iqr_pct,20,21.542312836092936,10.557597082426879,37.80584852432902
Diem,fat-tree,DDoS,8,16,10,2023,hop,40 nodes,0,energy_observed,sample_std_pct,20,16.939167106949025,12.04298575923241,20.321496830839198
Diem,fat-tree,FIFA,8,16,10,2023,hop,10 nodes,0,energy_observed,iqr_pct,13,27.164640988732724,6.824125691114459,41.702653773296944
Diem,fat-tree,FIFA,8,16,10,2023,hop,10 nodes,0,energy_observed,sample_std_pct,13,18.259258530675297,11.994363051764479,22.958128720916886
Diem,fat-tree,FIFA,8,16,10,2023,hop,40 nodes,0,energy_observed,iqr_pct,21,25.921152916502848,14.715556091849724,38.09842051973608
Diem,fat-tree,FIFA,8,16,10,2023,hop,40 nodes,0,energy_observed,sample_std_pct,21,16.127147772637564,12.24952213265058,18.55841694537701
Diem,fat-tree,GAFAM,8,16,10,2023,hop,10 nodes,0,energy_observed,iqr_pct,13,13.534273063830854,4.166887356376608,21.437225914210906
Diem,fat-tree,GAFAM,8,16,10,2023,hop,10 nodes,0,energy_observed,sample_std_pct,13,9.184010329304867,5.673379694613196,10.961052512270728
Diem,fat-tree,GAFAM,8,16,10,2023,hop,40 nodes,0,energy_observed,iqr_pct,19,28.048861357344833,14.505531742745546,37.82700055953408
Diem,fat-tree,GAFAM,8,16,10,2023,hop,40 nodes,0,energy_observed,sample_std_pct,19,17.8239448427283,12.958490997536108,20.991743610292634
Diem,fat-tree,Gaming,8,16,10,2023,hop,10 nodes,0,energy_observed,iqr_pct,13,25.232073972528756,7.140467391379756,55.789581424502764
Diem,fat-tree,Gaming,8,16,10,2023,hop,10 nodes,0,energy_observed,sample_std_pct,13,23.442285828113828,10.064106933577953,33.91486366174394
Diem,fat-tree,Gaming,8,16,10,2023,hop,40 nodes,0,energy_observed,iqr_pct,25,25.290440021233795,9.547129907078412,30.019580880283744
Diem,fat-tree,Gaming,8,16,10,2023,hop,40 nodes,0,energy_observed,sample_std_pct,25,15.474380996367225,11.472913647787262,18.509946329561387
Diem,fat-tree,PayPal,8,16,10,2023,hop,10 nodes,0,energy_observed,iqr_pct,13,7.89286620448417,2.451666076572934,16.931316266701863
Diem,fat-tree,PayPal,8,16,10,2023,hop,10 nodes,0,energy_observed,sample_std_pct,13,8.511315105500955,4.312834186222272,11.267237657606284
Diem,fat-tree,PayPal,8,16,10,2023,hop,40 nodes,0,energy_observed,iqr_pct,23,22.653993107972724,8.564015987065494,39.442515387637144
Diem,fat-tree,PayPal,8,16,10,2023,hop,40 nodes,0,energy_observed,sample_std_pct,23,18.202627183534485,12.08777990591455,22.662510927343355
Diem,fat-tree,VISA,8,16,10,2023,hop,10 nodes,0,energy_observed,iqr_pct,11,8.758440200300916,3.0320351669003966,23.496749629397577
Diem,fat-tree,VISA,8,16,10,2023,hop,10 nodes,0,energy_observed,sample_std_pct,11,10.699295271974119,4.973422989341887,14.602307576209279
Diem,fat-tree,VISA,8,16,10,2023,hop,40 nodes,0,energy_observed,iqr_pct,23,18.706533640469562,8.804437204164,30.74731102467548
Diem,fat-tree,VISA,8,16,10,2023,hop,40 nodes,0,energy_observed,sample_std_pct,23,15.075287986386288,10.472709017179046,18.366114508590133
Diem,full mesh,DDoS,8,16,10,2023,hop,10 nodes,0,energy_observed,iqr_pct,13,18.440909536953317,3.560734311134198,38.792786659264706
Diem,full mesh,DDoS,8,16,10,2023,hop,10 nodes,0,energy_observed,sample_std_pct,13,15.213060215959631,9.736219081993994,18.80906212477381
Diem,full mesh,DDoS,8,16,10,2023,hop,40 nodes,0,energy_observed,iqr_pct,11,22.28776014260472,8.23739241602745,32.376866169256175
Diem,full mesh,DDoS,8,16,10,2023,hop,40 nodes,0,energy_observed,sample_std_pct,11,14.268071290352593,8.756997648689302,18.069387333097595
Diem,full mesh,FIFA,8,16,10,2023,hop,10 nodes,0,energy_observed,iqr_pct,13,17.103701399340732,5.253303470690366,23.084324212009626
Diem,full mesh,FIFA,8,16,10,2023,hop,10 nodes,0,energy_observed,sample_std_pct,13,9.797685080958818,6.617750823049193,11.597035975883013
Diem,full mesh,FIFA,8,16,10,2023,hop,40 nodes,0,energy_observed,iqr_pct,11,15.308596099713435,6.26006797710433,31.087913404625887
Diem,full mesh,FIFA,8,16,10,2023,hop,40 nodes,0,energy_observed,sample_std_pct,11,13.58203386786452,7.7082980049147825,17.11898361508916
Diem,full mesh,GAFAM,8,16,10,2023,hop,10 nodes,0,energy_observed,iqr_pct,12,10.099970397501227,4.266611169815778,26.948408250047866
Diem,full mesh,GAFAM,8,16,10,2023,hop,10 nodes,0,energy_observed,sample_std_pct,12,13.11279235787613,6.57071547150929,17.618719788173788
Diem,full mesh,GAFAM,8,16,10,2023,hop,40 nodes,0,energy_observed,iqr_pct,13,14.66544965376039,2.893722991094828,19.996353893979027
Diem,full mesh,GAFAM,8,16,10,2023,hop,40 nodes,0,energy_observed,sample_std_pct,13,7.809288574913781,5.296659328393858,9.144784961384214
Diem,full mesh,Gaming,8,16,10,2023,hop,10 nodes,0,energy_observed,iqr_pct,13,19.486019864889727,7.288019920502136,30.199416819519804
Diem,full mesh,Gaming,8,16,10,2023,hop,10 nodes,0,energy_observed,sample_std_pct,13,13.623141663500762,8.737677317535999,16.706338147208385
Diem,full mesh,Gaming,8,16,10,2023,hop,40 nodes,0,energy_observed,iqr_pct,12,16.16138346423879,6.19608072844439,33.409378378412335
Diem,full mesh,Gaming,8,16,10,2023,hop,40 nodes,0,energy_observed,sample_std_pct,12,15.332389301425199,8.132684052847358,20.110322635200053
Diem,full mesh,PayPal,8,16,10,2023,hop,10 nodes,0,energy_observed,iqr_pct,13,13.546571639950487,4.25022247845779,21.363786070690328
Diem,full mesh,PayPal,8,16,10,2023,hop,10 nodes,0,energy_observed,sample_std_pct,13,10.158969928857,5.844851492719471,13.121228406154607
Diem,full mesh,PayPal,8,16,10,2023,hop,40 nodes,0,energy_observed,iqr_pct,13,10.490242075048196,2.219428355287933,22.964101890430047
Diem,full mesh,PayPal,8,16,10,2023,hop,40 nodes,0,energy_observed,sample_std_pct,13,10.827538710911252,6.37106875699016,13.873161927256035
Diem,full mesh,VISA,8,16,10,2023,hop,10 nodes,0,energy_observed,iqr_pct,13,21.11811654568155,5.279010866648727,26.741197724076617
Diem,full mesh,VISA,8,16,10,2023,hop,10 nodes,0,energy_observed,sample_std_pct,13,11.500774742099981,8.038674365494094,13.480718851829804
Diem,full mesh,VISA,8,16,10,2023,hop,40 nodes,0,energy_observed,iqr_pct,12,5.986876279138658,1.7279178583935249,18.556666573732848
Diem,full mesh,VISA,8,16,10,2023,hop,40 nodes,0,energy_observed,sample_std_pct,12,8.938792169813249,4.061841897498395,11.931892234538433
Diem,hypercube,DDoS,8,16,10,2023,hop,10 nodes,0,energy_observed,iqr_pct,13,10.062698558539978,4.026066638567063,17.456821426792047
Diem,hypercube,DDoS,8,16,10,2023,hop,10 nodes,0,energy_observed,sample_std_pct,13,10.189908869881183,4.789100598036201,13.82782681791704
Diem,hypercube,DDoS,8,16,10,2023,hop,40 nodes,0,energy_observed,iqr_pct,12,11.153441130033608,5.157104929119904,23.842418817396055
Diem,hypercube,DDoS,8,16,10,2023,hop,40 nodes,0,energy_observed,sample_std_pct,12,10.728959085320398,6.013422452265197,13.751494739292905
Diem,hypercube,FIFA,8,16,10,2023,hop,10 nodes,0,energy_observed,iqr_pct,13,13.30025584498396,3.7103188895024792,29.69324427664679
Diem,hypercube,FIFA,8,16,10,2023,hop,10 nodes,0,energy_observed,sample_std_pct,13,12.794848001525402,7.88200776780212,15.748410316991878
Diem,hypercube,FIFA,8,16,10,2023,hop,40 nodes,0,energy_observed,iqr_pct,9,37.38205340207828,8.58637601859482,56.02681801194943
Diem,hypercube,FIFA,8,16,10,2023,hop,40 nodes,0,energy_observed,sample_std_pct,9,23.360463444052534,13.298944971073613,28.897994537276134
Diem,hypercube,GAFAM,8,16,10,2023,hop,10 nodes,0,energy_observed,iqr_pct,13,10.483694290469625,3.817560689593657,20.534083266344503
Diem,hypercube,GAFAM,8,16,10,2023,hop,10 nodes,0,energy_observed,sample_std_pct,13,7.925699776935484,4.332879265525641,10.07030435579448
Diem,hypercube,GAFAM,8,16,10,2023,hop,40 nodes,0,energy_observed,iqr_pct,10,18.915558252726676,4.3045592245196165,40.50820070119806
Diem,hypercube,GAFAM,8,16,10,2023,hop,40 nodes,0,energy_observed,sample_std_pct,10,16.52056701210821,8.64961619097801,21.376824744310078
Diem,hypercube,Gaming,8,16,10,2023,hop,10 nodes,0,energy_observed,iqr_pct,13,13.470685048241384,5.098461869654564,26.945482904402226
Diem,hypercube,Gaming,8,16,10,2023,hop,10 nodes,0,energy_observed,sample_std_pct,13,11.520507089358604,6.959304310856263,14.140562810353563
Diem,hypercube,Gaming,8,16,10,2023,hop,40 nodes,0,energy_observed,iqr_pct,10,21.803501275462317,3.017872412437713,48.924691610103295
Diem,hypercube,Gaming,8,16,10,2023,hop,40 nodes,0,energy_observed,sample_std_pct,10,20.486631890366482,8.601691160030416,27.628258994086067
Diem,hypercube,PayPal,8,16,10,2023,hop,10 nodes,0,energy_observed,iqr_pct,13,19.490487357080237,5.313650670720491,36.4612657602797
Diem,hypercube,PayPal,8,16,10,2023,hop,10 nodes,0,energy_observed,sample_std_pct,13,14.710047152082877,8.148723113935734,18.305992523971625
Diem,hypercube,PayPal,8,16,10,2023,hop,40 nodes,0,energy_observed,iqr_pct,11,14.554238659112404,4.561467407778728,28.479382808396537
Diem,hypercube,PayPal,8,16,10,2023,hop,40 nodes,0,energy_observed,sample_std_pct,11,12.718300819625002,7.079972937119327,16.98542542444567
Diem,hypercube,VISA,8,16,10,2023,hop,10 nodes,0,energy_observed,iqr_pct,12,12.199084119510184,4.810422865065838,20.306066379982866
Diem,hypercube,VISA,8,16,10,2023,hop,10 nodes,0,energy_observed,sample_std_pct,12,9.017522354558187,5.572819885507673,10.90806223292568
Diem,hypercube,VISA,8,16,10,2023,hop,40 nodes,0,energy_observed,iqr_pct,9,10.669733983358528,2.556183345089418,19.356184016261505
Diem,hypercube,VISA,8,16,10,2023,hop,40 nodes,0,energy_observed,sample_std_pct,9,8.733520187736321,4.531819705100501,11.260056513736004
Diem,scale-free,DDoS,8,16,10,2023,hop,10 nodes,0,energy_observed,iqr_pct,13,13.102077749014905,4.58982022724465,38.63235129464135
Diem,scale-free,DDoS,8,16,10,2023,hop,10 nodes,0,energy_observed,sample_std_pct,13,18.764316031872802,9.349143376090707,25.331314654390503
Diem,scale-free,DDoS,8,16,10,2023,hop,40 nodes,0,energy_observed,iqr_pct,19,20.02170208678946,9.037784321954682,25.323736082341668
Diem,scale-free,DDoS,8,16,10,2023,hop,40 nodes,0,energy_observed,sample_std_pct,19,13.013129912740556,8.881755937500904,16.40223302815221
Diem,scale-free,FIFA,8,16,10,2023,hop,10 nodes,0,energy_observed,iqr_pct,12,20.840393621511925,7.842054850677097,37.403339976527846
Diem,scale-free,FIFA,8,16,10,2023,hop,10 nodes,0,energy_observed,sample_std_pct,12,17.31813735592228,10.478042928622083,21.725254271450716
Diem,scale-free,FIFA,8,16,10,2023,hop,40 nodes,0,energy_observed,iqr_pct,18,12.47711193340934,6.529128869392135,20.585074014480938
Diem,scale-free,FIFA,8,16,10,2023,hop,40 nodes,0,energy_observed,sample_std_pct,18,9.650937352524332,6.761761062652831,11.753996576367324
Diem,scale-free,GAFAM,8,16,10,2023,hop,10 nodes,0,energy_observed,iqr_pct,14,18.660903955070925,6.046415638473674,33.60999630312664
Diem,scale-free,GAFAM,8,16,10,2023,hop,10 nodes,0,energy_observed,sample_std_pct,14,16.24005826233523,8.809295920253483,21.910547739680403
Diem,scale-free,GAFAM,8,16,10,2023,hop,40 nodes,0,energy_observed,iqr_pct,16,18.2183128336483,8.237485140934046,36.941931541071675
Diem,scale-free,GAFAM,8,16,10,2023,hop,40 nodes,0,energy_observed,sample_std_pct,16,15.914420135014783,9.595729189711788,20.569688663757862
Diem,scale-free,Gaming,8,16,10,2023,hop,10 nodes,0,energy_observed,iqr_pct,13,13.858780290959162,3.2696455222469787,28.14140574825041
Diem,scale-free,Gaming,8,16,10,2023,hop,10 nodes,0,energy_observed,sample_std_pct,13,11.883494571319726,6.447960778503689,14.461937102874492
Diem,scale-free,Gaming,8,16,10,2023,hop,40 nodes,0,energy_observed,iqr_pct,17,16.972432081908426,6.549835940003506,27.077674257421485
Diem,scale-free,Gaming,8,16,10,2023,hop,40 nodes,0,energy_observed,sample_std_pct,17,12.841073930048559,8.786008642539613,16.02643045525248
Diem,scale-free,PayPal,8,16,10,2023,hop,10 nodes,0,energy_observed,iqr_pct,13,8.550304576445484,2.4136783066426264,22.045474097035154
Diem,scale-free,PayPal,8,16,10,2023,hop,10 nodes,0,energy_observed,sample_std_pct,13,9.929521567605567,5.294552988432196,13.259910517447754
Diem,scale-free,PayPal,8,16,10,2023,hop,40 nodes,0,energy_observed,iqr_pct,19,19.91851716868078,7.005605945617215,30.97099510863186
Diem,scale-free,PayPal,8,16,10,2023,hop,40 nodes,0,energy_observed,sample_std_pct,19,14.879089255171678,10.396571617585543,18.011373826712152
Diem,scale-free,VISA,8,16,10,2023,hop,10 nodes,0,energy_observed,iqr_pct,12,7.086907082462788,2.915430595427816,23.095541644658113
Diem,scale-free,VISA,8,16,10,2023,hop,10 nodes,0,energy_observed,sample_std_pct,12,10.219641777411434,4.99230778373866,13.581768679400462
Diem,scale-free,VISA,8,16,10,2023,hop,40 nodes,0,energy_observed,iqr_pct,19,20.956300526171482,10.931001645727813,31.316477478157154
Diem,scale-free,VISA,8,16,10,2023,hop,40 nodes,0,energy_observed,sample_std_pct,19,14.360116452087883,9.849474996332248,17.66754841241041
Diem,torus,DDoS,8,16,10,2023,hop,10 nodes,0,energy_observed,iqr_pct,13,18.47122409268933,6.560800181938149,57.434405275269725
Diem,torus,DDoS,8,16,10,2023,hop,10 nodes,0,energy_observed,sample_std_pct,13,21.832647166744216,11.457578922864052,27.915004569413718
Diem,torus,DDoS,8,16,10,2023,hop,40 nodes,0,energy_observed,iqr_pct,10,17.93795970007255,4.270965031322603,33.752492213747814
Diem,torus,DDoS,8,16,10,2023,hop,40 nodes,0,energy_observed,sample_std_pct,10,15.57543313106978,7.630349063364491,19.824860544549754
Diem,torus,FIFA,8,16,10,2023,hop,10 nodes,0,energy_observed,iqr_pct,13,11.739408458976616,2.451989554363802,28.711728406486014
Diem,torus,FIFA,8,16,10,2023,hop,10 nodes,0,energy_observed,sample_std_pct,13,14.648809141206145,8.166449351491284,20.049701994901355
Diem,torus,FIFA,8,16,10,2023,hop,40 nodes,0,energy_observed,iqr_pct,9,13.860481556308823,2.4107643704901,27.99863033557002
Diem,torus,FIFA,8,16,10,2023,hop,40 nodes,0,energy_observed,sample_std_pct,9,12.499139234765918,6.573934397447504,15.941865771830367
Diem,torus,GAFAM,8,16,10,2023,hop,10 nodes,0,energy_observed,iqr_pct,13,32.084646186188564,8.589184237951217,51.618884775368365
Diem,torus,GAFAM,8,16,10,2023,hop,10 nodes,0,energy_observed,sample_std_pct,13,24.83408709504058,16.00838605403708,31.12059170076439
Diem,torus,GAFAM,8,16,10,2023,hop,40 nodes,0,energy_observed,iqr_pct,13,19.186461906694674,3.806968980572621,38.30247183861904
Diem,torus,GAFAM,8,16,10,2023,hop,40 nodes,0,energy_observed,sample_std_pct,13,15.154511234098788,9.32332072449961,18.724036567084365
Diem,torus,Gaming,8,16,10,2023,hop,10 nodes,0,energy_observed,iqr_pct,12,13.012730288617792,5.040788800986575,24.575288660693687
Diem,torus,Gaming,8,16,10,2023,hop,10 nodes,0,energy_observed,sample_std_pct,12,9.985315774911136,5.172248869049512,13.080629172217503
Diem,torus,Gaming,8,16,10,2023,hop,40 nodes,0,energy_observed,iqr_pct,11,18.706716538121327,4.630557954151044,33.27857782500772
Diem,torus,Gaming,8,16,10,2023,hop,40 nodes,0,energy_observed,sample_std_pct,11,15.557540869003272,8.576570869026572,19.34130068575543
Diem,torus,PayPal,8,16,10,2023,hop,10 nodes,0,energy_observed,iqr_pct,12,25.76500934661312,8.445236634736709,35.39545189743089
Diem,torus,PayPal,8,16,10,2023,hop,10 nodes,0,energy_observed,sample_std_pct,12,16.58579290310828,9.984826393118338,21.999224120601625
Diem,torus,PayPal,8,16,10,2023,hop,40 nodes,0,energy_observed,iqr_pct,12,19.635315877483848,7.107365071854074,26.49432859195141
Diem,torus,PayPal,8,16,10,2023,hop,40 nodes,0,energy_observed,sample_std_pct,12,11.447742877742169,7.846898893739084,13.55000011539983
Diem,torus,VISA,8,16,10,2023,hop,10 nodes,0,energy_observed,iqr_pct,13,17.258427387062337,5.137702742939827,32.79416642100089
Diem,torus,VISA,8,16,10,2023,hop,10 nodes,0,energy_observed,sample_std_pct,13,14.604721655946642,8.73842081686065,18.375765777980558
Diem,torus,VISA,8,16,10,2023,hop,40 nodes,0,energy_observed,iqr_pct,13,14.423901140351868,4.922349614985096,24.229827155326834
Diem,torus,VISA,8,16,10,2023,hop,40 nodes,0,energy_observed,sample_std_pct,13,10.45192672829166,6.728288220995631,12.994309927359025
Ethereum,fat-tree,DDoS,8,16,10,2023,hop,10 nodes,0,energy_observed,iqr_pct,13,16.667368542400155,6.536204275362266,25.78577593515333
Ethereum,fat-tree,DDoS,8,16,10,2023,hop,10 nodes,0,energy_observed,sample_std_pct,13,13.04265840371914,7.212839674913866,17.976812523202682
Ethereum,fat-tree,DDoS,8,16,10,2023,hop,40 nodes,0,energy_observed,iqr_pct,13,24.03970312489114,8.98192454503359,43.95926067389208
Ethereum,fat-tree,DDoS,8,16,10,2023,hop,40 nodes,0,energy_observed,sample_std_pct,13,19.946709662234085,12.42696197106486,24.846900295459697
Ethereum,fat-tree,FIFA,8,16,10,2023,hop,10 nodes,0,energy_observed,iqr_pct,14,15.58255260510205,6.961623397071411,29.563063433032703
Ethereum,fat-tree,FIFA,8,16,10,2023,hop,10 nodes,0,energy_observed,sample_std_pct,14,12.078943332135715,7.127898032197334,15.292530522562707
Ethereum,fat-tree,FIFA,8,16,10,2023,hop,40 nodes,0,energy_observed,iqr_pct,13,15.686001839238907,4.5991531846776095,24.173478696885187
Ethereum,fat-tree,FIFA,8,16,10,2023,hop,40 nodes,0,energy_observed,sample_std_pct,13,11.980036669328209,6.796550477046673,15.71330473912475
Ethereum,fat-tree,GAFAM,8,16,10,2023,hop,10 nodes,0,energy_observed,iqr_pct,13,16.90388808557325,6.389482639156622,39.52702524852551
Ethereum,fat-tree,GAFAM,8,16,10,2023,hop,10 nodes,0,energy_observed,sample_std_pct,13,17.282141058480637,10.664591421963475,21.415091054832864
Ethereum,fat-tree,GAFAM,8,16,10,2023,hop,40 nodes,0,energy_observed,iqr_pct,13,19.272498205364915,5.400339578846588,32.635670477787045
Ethereum,fat-tree,GAFAM,8,16,10,2023,hop,40 nodes,0,energy_observed,sample_std_pct,13,15.533782837910385,9.535560785024828,20.349263950903122
Ethereum,fat-tree,Gaming,8,16,10,2023,hop,10 nodes,0,energy_observed,iqr_pct,13,18.74061794633379,6.2685208064775955,29.726881970401045
Ethereum,fat-tree,Gaming,8,16,10,2023,hop,10 nodes,0,energy_observed,sample_std_pct,13,13.116709044852826,7.844919173289522,16.599481489237082
Ethereum,fat-tree,Gaming,8,16,10,2023,hop,40 nodes,0,energy_observed,iqr_pct,13,26.098566275008817,9.199543585153751,48.709798435022826
Ethereum,fat-tree,Gaming,8,16,10,2023,hop,40 nodes,0,energy_observed,sample_std_pct,13,19.924316815508874,12.281150576191195,25.076043626816908
Ethereum,fat-tree,PayPal,8,16,10,2023,hop,10 nodes,0,energy_observed,iqr_pct,14,31.203740033734714,14.256871844563886,45.179513793040705
Ethereum,fat-tree,PayPal,8,16,10,2023,hop,10 nodes,0,energy_observed,sample_std_pct,14,21.5212184219119,14.591843468364129,26.3698506236017
Ethereum,fat-tree,PayPal,8,16,10,2023,hop,40 nodes,0,energy_observed,iqr_pct,13,12.170923872018594,4.46522379831644,19.904909969263656
Ethereum,fat-tree,PayPal,8,16,10,2023,hop,40 nodes,0,energy_observed,sample_std_pct,13,8.628118375322403,5.461027465597298,10.768698335540481
Ethereum,fat-tree,VISA,8,16,10,2023,hop,10 nodes,0,energy_observed,iqr_pct,13,27.607452106542414,10.102632021171914,49.99160579395742
Ethereum,fat-tree,VISA,8,16,10,2023,hop,10 nodes,0,energy_observed,sample_std_pct,13,22.996497880765222,14.824613715564462,28.124784476465287
Ethereum,fat-tree,VISA,8,16,10,2023,hop,40 nodes,0,energy_observed,iqr_pct,13,26.97911351806187,9.479239740694494,40.779630888788915
Ethereum,fat-tree,VISA,8,16,10,2023,hop,40 nodes,0,energy_observed,sample_std_pct,13,17.062733813747183,11.908159738457705,20.179058111424215
Ethereum,full mesh,DDoS,8,16,10,2023,hop,10 nodes,0,energy_observed,iqr_pct,11,27.753864877788587,7.05745625258877,38.03371890194989
Ethereum,full mesh,DDoS,8,16,10,2023,hop,10 nodes,0,energy_observed,sample_std_pct,11,17.801736314693326,11.248939724288046,21.61910181609791
Ethereum,full mesh,DDoS,8,16,10,2023,hop,40 nodes,0,energy_observed,iqr_pct,13,17.61478269139778,5.33297480992415,37.871339255337105
Ethereum,full mesh,DDoS,8,16,10,2023,hop,40 nodes,0,energy_observed,sample_std_pct,13,16.30325456293375,9.959460061268382,20.483205971801038
Ethereum,full mesh,FIFA,8,16,10,2023,hop,10 nodes,0,energy_observed,iqr_pct,13,23.88846054613979,8.465204466406913,31.84479691994097
Ethereum,full mesh,FIFA,8,16,10,2023,hop,10 nodes,0,energy_observed,sample_std_pct,13,14.590506535371382,9.74188611283741,17.449120757604078
Ethereum,full mesh,FIFA,8,16,10,2023,hop,40 nodes,0,energy_observed,iqr_pct,13,17.58471576258465,4.845720147115451,38.72785569487782
Ethereum,full mesh,FIFA,8,16,10,2023,hop,40 nodes,0,energy_observed,sample_std_pct,13,16.554439612988986,8.530642651529542,21.818622323237484
Ethereum,full mesh,GAFAM,8,16,10,2023,hop,10 nodes,0,energy_observed,iqr_pct,13,14.819643566803778,6.649235672815861,27.17434740637668
Ethereum,full mesh,GAFAM,8,16,10,2023,hop,10 nodes,0,energy_observed,sample_std_pct,13,12.141425560984537,7.601009371574912,15.484324707819948
Ethereum,full mesh,GAFAM,8,16,10,2023,hop,40 nodes,0,energy_observed,iqr_pct,13,20.40445376152287,7.739300042831927,30.282226520986658
Ethereum,full mesh,GAFAM,8,16,10,2023,hop,40 nodes,0,energy_observed,sample_std_pct,13,12.939650990630678,8.170676860627829,15.952064474883556
Ethereum,full mesh,Gaming,8,16,10,2023,hop,10 nodes,0,energy_observed,iqr_pct,13,19.024300925092124,1.9466178728404904,32.20454435325009
Ethereum,full mesh,Gaming,8,16,10,2023,hop,10 nodes,0,energy_observed,sample_std_pct,13,16.481709199477162,9.398354599618365,21.788886010153107
Ethereum,full mesh,Gaming,8,16,10,2023,hop,40 nodes,0,energy_observed,iqr_pct,13,16.232056887036578,5.855320805028892,30.997295927411535
Ethereum,full mesh,Gaming,8,16,10,2023,hop,40 nodes,0,energy_observed,sample_std_pct,13,15.000575653144578,8.608256726958805,19.689884341987426
Ethereum,full mesh,PayPal,8,16,10,2023,hop,10 nodes,0,energy_observed,iqr_pct,13,13.064518148146787,3.191053586248887,32.656967501684534
Ethereum,full mesh,PayPal,8,16,10,2023,hop,10 nodes,0,energy_observed,sample_std_pct,13,12.287279429115069,5.949782098651763,16.04946496251762
Ethereum,full mesh,PayPal,8,16,10,2023,hop,40 nodes,0,energy_observed,iqr_pct,13,11.951152555214046,4.302364761171904,27.19530711208022
Ethereum,full mesh,PayPal,8,16,10,2023,hop,40 nodes,0,energy_observed,sample_std_pct,13,12.111283911792569,7.489732461827312,15.080266339829892
Ethereum,full mesh,VISA,8,16,10,2023,hop,10 nodes,0,energy_observed,iqr_pct,13,14.348664264325924,2.3802430487577206,25.5098128692803
Ethereum,full mesh,VISA,8,16,10,2023,hop,10 nodes,0,energy_observed,sample_std_pct,13,11.609124822485589,7.311978520411125,14.793759329062757
Ethereum,full mesh,VISA,8,16,10,2023,hop,40 nodes,0,energy_observed,iqr_pct,13,24.232745590541786,8.677606815495723,31.721354450644274
Ethereum,full mesh,VISA,8,16,10,2023,hop,40 nodes,0,energy_observed,sample_std_pct,13,14.198432835717819,9.293294142298073,17.129449419078192
Ethereum,hypercube,DDoS,8,16,10,2023,hop,10 nodes,0,energy_observed,iqr_pct,13,15.894231722724092,4.849984290084724,31.29109701162834
Ethereum,hypercube,DDoS,8,16,10,2023,hop,10 nodes,0,energy_observed,sample_std_pct,13,12.52976008223495,8.068063003435045,15.267804236371777
Ethereum,hypercube,DDoS,8,16,10,2023,hop,40 nodes,0,energy_observed,iqr_pct,13,16.3163079332614,4.259555593120064,32.345396478435646
Ethereum,hypercube,DDoS,8,16,10,2023,hop,40 nodes,0,energy_observed,sample_std_pct,13,13.353333741670731,8.397690807401826,16.54238630840662
Ethereum,hypercube,FIFA,8,16,10,2023,hop,10 nodes,0,energy_observed,iqr_pct,12,22.008981690992723,7.707822509006875,31.576870281552097
Ethereum,hypercube,FIFA,8,16,10,2023,hop,10 nodes,0,energy_observed,sample_std_pct,12,13.919939487098166,8.957431716302901,17.008213442969836
Ethereum,hypercube,FIFA,8,16,10,2023,hop,40 nodes,0,energy_observed,iqr_pct,13,15.130558700796332,3.5610659911662017,36.90403692978048
Ethereum,hypercube,FIFA,8,16,10,2023,hop,40 nodes,0,energy_observed,sample_std_pct,13,14.930100888041089,8.831421865754493,18.567416188065796
Ethereum,hypercube,GAFAM,8,16,10,2023,hop,10 nodes,0,energy_observed,iqr_pct,13,14.71416674639562,4.890061599140262,39.636174283284085
Ethereum,hypercube,GAFAM,8,16,10,2023,hop,10 nodes,0,energy_observed,sample_std_pct,13,15.108663506144222,9.85826111760549,18.540470009625476
Ethereum,hypercube,GAFAM,8,16,10,2023,hop,40 nodes,0,energy_observed,iqr_pct,13,7.526748762056331,1.1778497041679235,28.706698382444486
Ethereum,hypercube,GAFAM,8,16,10,2023,hop,40 nodes,0,energy_observed,sample_std_pct,13,13.668488949201603,4.961993130661285,18.81328987322689
Ethereum,hypercube,Gaming,8,16,10,2023,hop,10 nodes,0,energy_observed,iqr_pct,13,20.156949943751076,5.170166450005466,37.27737341878615
Ethereum,hypercube,Gaming,8,16,10,2023,hop,10 nodes,0,energy_observed,sample_std_pct,13,17.93695207667713,10.143730852466973,23.729115307730275
Ethereum,hypercube,Gaming,8,16,10,2023,hop,40 nodes,0,energy_observed,iqr_pct,13,13.58521252645416,2.9840085496004773,22.477072897452967
Ethereum,hypercube,Gaming,8,16,10,2023,hop,40 nodes,0,energy_observed,sample_std_pct,13,11.793059317624039,6.277437740610439,15.566302019458417
Ethereum,hypercube,PayPal,8,16,10,2023,hop,10 nodes,0,energy_observed,iqr_pct,14,18.83909338720684,5.1978474539275785,29.231996133677224
Ethereum,hypercube,PayPal,8,16,10,2023,hop,10 nodes,0,energy_observed,sample_std_pct,14,14.68123628794758,9.12976051980714,18.86364418034897
Ethereum,hypercube,PayPal,8,16,10,2023,hop,40 nodes,0,energy_observed,iqr_pct,13,12.859141033499972,2.643564857936465,24.862742233757764
Ethereum,hypercube,PayPal,8,16,10,2023,hop,40 nodes,0,energy_observed,sample_std_pct,13,10.622844949387769,6.7668134912971745,13.002546205384368
Ethereum,hypercube,VISA,8,16,10,2023,hop,10 nodes,0,energy_observed,iqr_pct,13,9.549877094859468,3.2589045698209276,46.62369854043756
Ethereum,hypercube,VISA,8,16,10,2023,hop,10 nodes,0,energy_observed,sample_std_pct,13,16.553123148416105,4.713340046608452,23.65371928026385
Ethereum,hypercube,VISA,8,16,10,2023,hop,40 nodes,0,energy_observed,iqr_pct,13,20.695173546198642,4.535727939983026,31.979518010094342
Ethereum,hypercube,VISA,8,16,10,2023,hop,40 nodes,0,energy_observed,sample_std_pct,13,14.388879573975624,9.90953621074379,17.26373126118298
Ethereum,scale-free,DDoS,8,16,10,2023,hop,10 nodes,0,energy_observed,iqr_pct,14,12.20505191661669,3.753559951659625,21.8205114720794
Ethereum,scale-free,DDoS,8,16,10,2023,hop,10 nodes,0,energy_observed,sample_std_pct,14,9.952709802557388,5.644078054585122,12.289999757124125
Ethereum,scale-free,DDoS,8,16,10,2023,hop,40 nodes,0,energy_observed,iqr_pct,13,25.63502789943988,9.018821860684607,40.01062816720516
Ethereum,scale-free,DDoS,8,16,10,2023,hop,40 nodes,0,energy_observed,sample_std_pct,13,17.19400482214257,11.081467235534202,20.789968830679104
Ethereum,scale-free,FIFA,8,16,10,2023,hop,10 nodes,0,energy_observed,iqr_pct,13,20.812177366626525,6.811166973970608,27.499563341715906
Ethereum,scale-free,FIFA,8,16,10,2023,hop,10 nodes,0,energy_observed,sample_std_pct,13,12.994477226226127,8.510751242519333,15.686445965041644
Ethereum,scale-free,FIFA,8,16,10,2023,hop,40 nodes,0,energy_observed,iqr_pct,13,17.956528602478645,7.888807798202689,32.90950424948074
Ethereum,scale-free,FIFA,8,16,10,2023,hop,40 nodes,0,energy_observed,sample_std_pct,13,14.73779520236454,9.298134877696445,17.991565926211507
Ethereum,scale-free,GAFAM,8,16,10,2023,hop,10 nodes,0,energy_observed,iqr_pct,13,27.059098445674163,2.0096452467297676,29.782193693146947
Ethereum,scale-free,GAFAM,8,16,10,2023,hop,10 nodes,0,energy_observed,sample_std_pct,13,12.551538901704673,9.08900428810933,14.231364647209924
Ethereum,scale-free,GAFAM,8,16,10,2023,hop,40 nodes,0,energy_observed,iqr_pct,13,12.250430168652573,5.046366921625264,27.653744168320078
Ethereum,scale-free,GAFAM,8,16,10,2023,hop,40 nodes,0,energy_observed,sample_std_pct,13,11.945262717939107,7.123013794549133,15.413240656654867
Ethereum,scale-free,Gaming,8,16,10,2023,hop,10 nodes,0,energy_observed,iqr_pct,13,8.701672399815916,3.969809884795762,20.501290072741007
Ethereum,scale-free,Gaming,8,16,10,2023,hop,10 nodes,0,energy_observed,sample_std_pct,13,9.61008108729104,4.885836427528311,13.301822262764196
Ethereum,scale-free,Gaming,8,16,10,2023,hop,40 nodes,0,energy_observed,iqr_pct,13,20.48606462249725,6.579206677279776,35.79871922617493
Ethereum,scale-free,Gaming,8,16,10,2023,hop,40 nodes,0,energy_observed,sample_std_pct,13,14.151062163182015,8.611891830398037,17.78110115215247
Ethereum,scale-free,PayPal,8,16,10,2023,hop,10 nodes,0,energy_observed,iqr_pct,13,10.652755424088072,2.9394500181105165,24.100277446896488
Ethereum,scale-free,PayPal,8,16,10,2023,hop,10 nodes,0,energy_observed,sample_std_pct,13,11.859920157825286,5.9845871139392015,16.05946696195921
Ethereum,scale-free,PayPal,8,16,10,2023,hop,40 nodes,0,energy_observed,iqr_pct,13,14.19119684786328,1.6240602959840325,26.93327031546146
Ethereum,scale-free,PayPal,8,16,10,2023,hop,40 nodes,0,energy_observed,sample_std_pct,13,12.991513757691937,5.4454127756156,18.674400547704213
Ethereum,scale-free,VISA,8,16,10,2023,hop,10 nodes,0,energy_observed,iqr_pct,13,11.983621115558472,3.530173058980433,31.10073995922689
Ethereum,scale-free,VISA,8,16,10,2023,hop,10 nodes,0,energy_observed,sample_std_pct,13,12.470850692544136,6.161241289886794,15.373027223405195
Ethereum,scale-free,VISA,8,16,10,2023,hop,40 nodes,0,energy_observed,iqr_pct,13,29.092524827154243,6.276602826556407,39.62938683071754
Ethereum,scale-free,VISA,8,16,10,2023,hop,40 nodes,0,energy_observed,sample_std_pct,13,18.599407590069458,11.131418549417438,23.808584981156883
Ethereum,torus,DDoS,8,16,10,2023,hop,10 nodes,0,energy_observed,iqr_pct,14,19.161991035885936,3.5679430913438037,27.128543360532994
Ethereum,torus,DDoS,8,16,10,2023,hop,10 nodes,0,energy_observed,sample_std_pct,14,11.852156354224897,7.962548219752428,14.120397125387937
Ethereum,torus,DDoS,8,16,10,2023,hop,40 nodes,0,energy_observed,iqr_pct,13,18.258896436372506,4.064673141957329,38.84548103769159
Ethereum,torus,DDoS,8,16,10,2023,hop,40 nodes,0,energy_observed,sample_std_pct,13,16.48037663660728,10.211617578969557,20.56561348420947
Ethereum,torus,FIFA,8,16,10,2023,hop,10 nodes,0,energy_observed,iqr_pct,16,16.216773806720308,6.69168789122668,24.39908124309617
Ethereum,torus,FIFA,8,16,10,2023,hop,10 nodes,0,energy_observed,sample_std_pct,16,10.495197520082339,7.539858113279134,12.529432316170185
Ethereum,torus,FIFA,8,16,10,2023,hop,40 nodes,0,energy_observed,iqr_pct,13,24.466587960193326,8.676304912393812,34.060019221518104
Ethereum,torus,FIFA,8,16,10,2023,hop,40 nodes,0,energy_observed,sample_std_pct,13,14.180262939981382,9.344193921502272,16.942881322601718
Ethereum,torus,GAFAM,8,16,10,2023,hop,10 nodes,0,energy_observed,iqr_pct,15,35.127856600922016,16.566037185338956,49.367835956354455
Ethereum,torus,GAFAM,8,16,10,2023,hop,10 nodes,0,energy_observed,sample_std_pct,15,21.382139430442866,14.273309093594523,26.19741898175228
Ethereum,torus,GAFAM,8,16,10,2023,hop,40 nodes,0,energy_observed,iqr_pct,13,14.305600981378022,3.693522367220696,18.354970553769192
Ethereum,torus,GAFAM,8,16,10,2023,hop,40 nodes,0,energy_observed,sample_std_pct,13,8.507860200667286,5.709599715503774,10.382016978437337
Ethereum,torus,Gaming,8,16,10,2023,hop,10 nodes,0,energy_observed,iqr_pct,15,19.094416040401516,7.552577446218559,26.752062478768863
Ethereum,torus,Gaming,8,16,10,2023,hop,10 nodes,0,energy_observed,sample_std_pct,15,11.246831422887755,7.895393259376877,13.21273708263585
Ethereum,torus,Gaming,8,16,10,2023,hop,40 nodes,0,energy_observed,iqr_pct,13,6.389036804064484,1.1259983940268525,22.30215682722434
Ethereum,torus,Gaming,8,16,10,2023,hop,40 nodes,0,energy_observed,sample_std_pct,13,9.343229400053072,5.509161072324969,11.743456740758484
Ethereum,torus,PayPal,8,16,10,2023,hop,10 nodes,0,energy_observed,iqr_pct,15,19.95912687507378,8.599644800114438,37.19891896777079
Ethereum,torus,PayPal,8,16,10,2023,hop,10 nodes,0,energy_observed,sample_std_pct,15,17.641861276242874,11.11983580134393,22.59100117791878
Ethereum,torus,PayPal,8,16,10,2023,hop,40 nodes,0,energy_observed,iqr_pct,13,22.634629482286016,8.008957618308768,31.703303458515613
Ethereum,torus,PayPal,8,16,10,2023,hop,40 nodes,0,energy_observed,sample_std_pct,13,14.922917362316698,8.767404994442673,19.799837613134667
Ethereum,torus,VISA,8,16,10,2023,hop,10 nodes,0,energy_observed,iqr_pct,15,10.366525902664016,3.5382170950596006,20.58082298845406
Ethereum,torus,VISA,8,16,10,2023,hop,10 nodes,0,energy_observed,sample_std_pct,15,10.44238323776671,6.176170349732295,13.451120172894132
Ethereum,torus,VISA,8,16,10,2023,hop,40 nodes,0,energy_observed,iqr_pct,13,22.894534824963447,5.334199224766246,34.13814190792991
Ethereum,torus,VISA,8,16,10,2023,hop,40 nodes,0,energy_observed,sample_std_pct,13,14.521722637844624,8.727188038092725,18.224754672294974
Quorum,fat-tree,DDoS,8,16,10,2023,hop,10 nodes,0,energy_observed,iqr_pct,13,13.223700950015632,5.346784474562758,42.26558826584704
Quorum,fat-tree,DDoS,8,16,10,2023,hop,10 nodes,0,energy_observed,sample_std_pct,13,18.14129521144883,9.654384986222118,24.52506854148403
Quorum,fat-tree,DDoS,8,16,10,2023,hop,40 nodes,0,energy_observed,iqr_pct,13,15.439610982856133,5.8344237790187305,33.10871299413807
Quorum,fat-tree,DDoS,8,16,10,2023,hop,40 nodes,0,energy_observed,sample_std_pct,13,15.292341844236374,8.670045530065517,19.786491735588637
Quorum,fat-tree,FIFA,8,16,10,2023,hop,10 nodes,0,energy_observed,iqr_pct,13,25.72105008951716,10.864282375235172,49.06830196691034
Quorum,fat-tree,FIFA,8,16,10,2023,hop,10 nodes,0,energy_observed,sample_std_pct,13,20.49820346334458,13.099375032493068,25.457271893521433
Quorum,fat-tree,FIFA,8,16,10,2023,hop,40 nodes,0,energy_observed,iqr_pct,13,19.302958344415668,4.9584900062617585,41.795057836525416
Quorum,fat-tree,FIFA,8,16,10,2023,hop,40 nodes,0,energy_observed,sample_std_pct,13,17.4008230549236,10.606623480730267,22.129057482581697
Quorum,fat-tree,GAFAM,8,16,10,2023,hop,10 nodes,0,energy_observed,iqr_pct,15,23.562354798051484,10.409851326787457,29.975445571695253
Quorum,fat-tree,GAFAM,8,16,10,2023,hop,10 nodes,0,energy_observed,sample_std_pct,15,14.666039610002697,9.909294494223364,18.032285355146822
Quorum,fat-tree,GAFAM,8,16,10,2023,hop,40 nodes,0,energy_observed,iqr_pct,16,12.92827232751399,5.7748326301326705,27.464013889233982
Quorum,fat-tree,GAFAM,8,16,10,2023,hop,40 nodes,0,energy_observed,sample_std_pct,16,12.904217826230756,7.598692589853027,16.351503392061833
Quorum,fat-tree,Gaming,8,16,10,2023,hop,10 nodes,0,energy_observed,iqr_pct,16,17.656867274633484,8.051980376547144,27.64647165092006
Quorum,fat-tree,Gaming,8,16,10,2023,hop,10 nodes,0,energy_observed,sample_std_pct,16,13.806727341503962,8.618862405705203,17.453717831969342
Quorum,fat-tree,Gaming,8,16,10,2023,hop,40 nodes,0,energy_observed,iqr_pct,13,11.498563796335727,5.060843899747154,28.724429566326737
Quorum,fat-tree,Gaming,8,16,10,2023,hop,40 nodes,0,energy_observed,sample_std_pct,13,12.342695354342878,7.412650364288765,15.36650095634489
Quorum,fat-tree,PayPal,8,16,10,2023,hop,10 nodes,0,energy_observed,iqr_pct,14,18.09430628837323,8.041709336085898,32.21336190396274
Quorum,fat-tree,PayPal,8,16,10,2023,hop,10 nodes,0,energy_observed,sample_std_pct,14,13.887312379024609,9.181796710835357,17.01402985273127
Quorum,fat-tree,PayPal,8,16,10,2023,hop,40 nodes,0,energy_observed,iqr_pct,13,22.53353430434117,7.764021671382326,41.35663404611038
Quorum,fat-tree,PayPal,8,16,10,2023,hop,40 nodes,0,energy_observed,sample_std_pct,13,16.89869277496676,11.157944556492764,20.85073155204375
Quorum,fat-tree,VISA,8,16,10,2023,hop,10 nodes,0,energy_observed,iqr_pct,13,17.89581606515018,5.529092082813062,26.655639251744468
Quorum,fat-tree,VISA,8,16,10,2023,hop,10 nodes,0,energy_observed,sample_std_pct,13,11.853887486212269,7.647145936457754,14.758363025018772
Quorum,fat-tree,VISA,8,16,10,2023,hop,40 nodes,0,energy_observed,iqr_pct,14,15.16824020845116,5.84283646550017,21.582252652035823
Quorum,fat-tree,VISA,8,16,10,2023,hop,40 nodes,0,energy_observed,sample_std_pct,14,10.430599332586597,6.179211772055523,13.881786205434649
Quorum,full mesh,DDoS,8,16,10,2023,hop,10 nodes,0,energy_observed,iqr_pct,13,20.0209953521262,6.574888135189,31.684854773921117
Quorum,full mesh,DDoS,8,16,10,2023,hop,10 nodes,0,energy_observed,sample_std_pct,13,13.799274204287794,8.883970318359356,16.896549972993984
Quorum,full mesh,DDoS,8,16,10,2023,hop,40 nodes,0,energy_observed,iqr_pct,13,7.552096955037423,2.581525119502315,32.4313884115083
Quorum,full mesh,DDoS,8,16,10,2023,hop,40 nodes,0,energy_observed,sample_std_pct,13,13.909667646783443,6.162995893252233,17.790499806301558
Quorum,full mesh,FIFA,8,16,10,2023,hop,10 nodes,0,energy_observed,iqr_pct,13,10.010366689836014,3.5182889876654375,33.209491986992575
Quorum,full mesh,FIFA,8,16,10,2023,hop,10 nodes,0,energy_observed,sample_std_pct,13,13.339393629730328,4.941531925007436,18.77188189436502
Quorum,full mesh,FIFA,8,16,10,2023,hop,40 nodes,0,energy_observed,iqr_pct,13,15.588579904013697,2.594897623294164,23.764645923107192
Quorum,full mesh,FIFA,8,16,10,2023,hop,40 nodes,0,energy_observed,sample_std_pct,13,11.813061616657253,6.522844551349271,15.312895696333836
Quorum,full mesh,GAFAM,8,16,10,2023,hop,10 nodes,0,energy_observed,iqr_pct,13,18.50400626585243,4.697836812160346,33.1190747283919
Quorum,full mesh,GAFAM,8,16,10,2023,hop,10 nodes,0,energy_observed,sample_std_pct,13,14.748250583510023,9.759769917925478,17.927206351436467
Quorum,full mesh,GAFAM,8,16,10,2023,hop,40 nodes,0,energy_observed,iqr_pct,14,12.094291798992046,6.181057570435919,24.85498275066182
Quorum,full mesh,GAFAM,8,16,10,2023,hop,40 nodes,0,energy_observed,sample_std_pct,14,12.140142780147631,7.020700244598621,15.801320275652738
Quorum,full mesh,Gaming,8,16,10,2023,hop,10 nodes,0,energy_observed,iqr_pct,14,17.888798294990586,6.007773877162038,30.090295168772247
Quorum,full mesh,Gaming,8,16,10,2023,hop,10 nodes,0,energy_observed,sample_std_pct,14,12.824463860769876,7.1937873524992675,16.836359195775476
Quorum,full mesh,Gaming,8,16,10,2023,hop,40 nodes,0,energy_observed,iqr_pct,13,14.246272557210649,4.495044645730119,25.079358860463834
Quorum,full mesh,Gaming,8,16,10,2023,hop,40 nodes,0,energy_observed,sample_std_pct,13,10.582678406286112,6.674995750516758,13.078258668371852
Quorum,full mesh,PayPal,8,16,10,2023,hop,10 nodes,0,energy_observed,iqr_pct,13,25.574529245493515,6.824497044664415,35.46656101951632
Quorum,full mesh,PayPal,8,16,10,2023,hop,10 nodes,0,energy_observed,sample_std_pct,13,15.02088228191075,9.95975411942769,18.262430380435145
Quorum,full mesh,PayPal,8,16,10,2023,hop,40 nodes,0,energy_observed,iqr_pct,13,6.090228949402367,1.7303798633085494,22.67453622721306
Quorum,full mesh,PayPal,8,16,10,2023,hop,40 nodes,0,energy_observed,sample_std_pct,13,9.081127798752402,3.945654282932036,11.45306066576317
Quorum,full mesh,VISA,8,16,10,2023,hop,10 nodes,0,energy_observed,iqr_pct,14,14.510934333482385,2.164205921982074,26.56636801012873
Quorum,full mesh,VISA,8,16,10,2023,hop,10 nodes,0,energy_observed,sample_std_pct,14,11.439923332265554,6.389434103425996,14.759272164568616
Quorum,full mesh,VISA,8,16,10,2023,hop,40 nodes,0,energy_observed,iqr_pct,18,16.114409376301012,8.159052604632787,33.45076059794419
Quorum,full mesh,VISA,8,16,10,2023,hop,40 nodes,0,energy_observed,sample_std_pct,18,15.937822283085659,10.745183265325208,19.788714211527306
Quorum,hypercube,DDoS,8,16,10,2023,hop,10 nodes,0,energy_observed,iqr_pct,13,21.823133249099392,7.584415055253907,34.964299805582975
Quorum,hypercube,DDoS,8,16,10,2023,hop,10 nodes,0,energy_observed,sample_std_pct,13,14.487362405940605,9.333902290017143,18.006722978080724
Quorum,hypercube,DDoS,8,16,10,2023,hop,40 nodes,0,energy_observed,iqr_pct,13,22.069451883076404,9.066101956023921,43.717736449935714
Quorum,hypercube,DDoS,8,16,10,2023,hop,40 nodes,0,energy_observed,sample_std_pct,13,19.604682406458,11.596617653795645,23.79972286923634
Quorum,hypercube,FIFA,8,16,10,2023,hop,10 nodes,0,energy_observed,iqr_pct,14,18.039716335743798,7.913708132523023,27.624278065282024
Quorum,hypercube,FIFA,8,16,10,2023,hop,10 nodes,0,energy_observed,sample_std_pct,14,11.83450820545831,8.146673529574864,13.817428597642166
Quorum,hypercube,FIFA,8,16,10,2023,hop,40 nodes,0,energy_observed,iqr_pct,13,32.887306182972004,8.813464801525997,37.92014998205355
Quorum,hypercube,FIFA,8,16,10,2023,hop,40 nodes,0,energy_observed,sample_std_pct,13,17.68711383904915,10.585264260115272,23.038543177072302
Quorum,hypercube,GAFAM,8,16,10,2023,hop,10 nodes,0,energy_observed,iqr_pct,13,18.408708857925458,5.688890287652223,32.120975356627824
Quorum,hypercube,GAFAM,8,16,10,2023,hop,10 nodes,0,energy_observed,sample_std_pct,13,13.601158355109106,9.145702536025498,16.25609727763829
Quorum,hypercube,GAFAM,8,16,10,2023,hop,40 nodes,0,energy_observed,iqr_pct,13,13.062804909280468,3.3854594986978714,28.076378608597103
Quorum,hypercube,GAFAM,8,16,10,2023,hop,40 nodes,0,energy_observed,sample_std_pct,13,12.813598233910731,7.057566333049256,16.597443146664517
Quorum,hypercube,Gaming,8,16,10,2023,hop,10 nodes,0,energy_observed,iqr_pct,17,13.7959158469058,5.243743310438656,30.237637506096306
Quorum,hypercube,Gaming,8,16,10,2023,hop,10 nodes,0,energy_observed,sample_std_pct,17,15.83766958970303,8.699457869193486,20.595394217526962
Quorum,hypercube,Gaming,8,16,10,2023,hop,40 nodes,0,energy_observed,iqr_pct,13,8.633579423119404,3.1319716818856307,21.63840256539551
Quorum,hypercube,Gaming,8,16,10,2023,hop,40 nodes,0,energy_observed,sample_std_pct,13,11.441060912793434,4.45389833390486,16.221606394141162
Quorum,hypercube,PayPal,8,16,10,2023,hop,10 nodes,0,energy_observed,iqr_pct,17,17.80452338030849,8.12724006264724,27.739961322301745
Quorum,hypercube,PayPal,8,16,10,2023,hop,10 nodes,0,energy_observed,sample_std_pct,17,13.188123606949453,8.472388301675272,16.44619167416769
Quorum,hypercube,PayPal,8,16,10,2023,hop,40 nodes,0,energy_observed,iqr_pct,13,26.573572572072152,5.634044423040035,45.24280251627997
Quorum,hypercube,PayPal,8,16,10,2023,hop,40 nodes,0,energy_observed,sample_std_pct,13,17.435544475130193,9.34986739923835,22.669409837621835
Quorum,hypercube,VISA,8,16,10,2023,hop,10 nodes,0,energy_observed,iqr_pct,13,22.34482099604297,9.60184981456663,35.0824721123264
Quorum,hypercube,VISA,8,16,10,2023,hop,10 nodes,0,energy_observed,sample_std_pct,13,15.978851708373737,10.066095011917604,20.18359027705066
Quorum,hypercube,VISA,8,16,10,2023,hop,40 nodes,0,energy_observed,iqr_pct,15,20.24944975906539,9.793476551297132,39.23263624701931
Quorum,hypercube,VISA,8,16,10,2023,hop,40 nodes,0,energy_observed,sample_std_pct,15,18.88826823223045,10.54262635786626,23.136085980110714
Quorum,scale-free,DDoS,8,16,10,2023,hop,10 nodes,0,energy_observed,iqr_pct,14,16.766659101623407,6.580152753142004,39.96649128280877
Quorum,scale-free,DDoS,8,16,10,2023,hop,10 nodes,0,energy_observed,sample_std_pct,14,18.04737792019459,9.324809593222607,24.78169785280464
Quorum,scale-free,DDoS,8,16,10,2023,hop,40 nodes,0,energy_observed,iqr_pct,16,18.163393218269306,8.71957634416514,27.77199111450616
Quorum,scale-free,DDoS,8,16,10,2023,hop,40 nodes,0,energy_observed,sample_std_pct,16,14.088548518243405,8.207354115636818,19.406884165558687
Quorum,scale-free,FIFA,8,16,10,2023,hop,10 nodes,0,energy_observed,iqr_pct,16,34.474655799250236,11.602566887263169,53.53485750908551
Quorum,scale-free,FIFA,8,16,10,2023,hop,10 nodes,0,energy_observed,sample_std_pct,16,24.21974507778737,15.340169084685986,30.325823329194698
Quorum,scale-free,FIFA,8,16,10,2023,hop,40 nodes,0,energy_observed,iqr_pct,16,21.551345144232975,8.71862584058511,27.97978873500891
Quorum,scale-free,FIFA,8,16,10,2023,hop,40 nodes,0,energy_observed,sample_std_pct,16,13.554068435652871,9.099006336353018,16.758394895881224
Quorum,scale-free,GAFAM,8,16,10,2023,hop,10 nodes,0,energy_observed,iqr_pct,12,14.37558752419257,5.5600479082167755,38.268753647894826
Quorum,scale-free,GAFAM,8,16,10,2023,hop,10 nodes,0,energy_observed,sample_std_pct,12,16.95458279909784,9.400165301320152,21.698901951630475
Quorum,scale-free,GAFAM,8,16,10,2023,hop,40 nodes,0,energy_observed,iqr_pct,17,11.488990538143963,4.112732466443274,29.10317733335041
Quorum,scale-free,GAFAM,8,16,10,2023,hop,40 nodes,0,energy_observed,sample_std_pct,17,12.961571483221775,7.444262230604658,17.079786647012696
Quorum,scale-free,Gaming,8,16,10,2023,hop,10 nodes,0,energy_observed,iqr_pct,14,30.086771616829903,11.903498999519154,39.70650317583043
Quorum,scale-free,Gaming,8,16,10,2023,hop,10 nodes,0,energy_observed,sample_std_pct,14,17.877586855593872,12.554843991539903,21.18166352674127
Quorum,scale-free,Gaming,8,16,10,2023,hop,40 nodes,0,energy_observed,iqr_pct,16,19.066741501175144,6.3291735340709065,28.725603778524647
Quorum,scale-free,Gaming,8,16,10,2023,hop,40 nodes,0,energy_observed,sample_std_pct,16,13.314459327849596,9.028093126795703,16.0647143187893
Quorum,scale-free,PayPal,8,16,10,2023,hop,10 nodes,0,energy_observed,iqr_pct,15,12.144135551497946,3.2124776530953176,22.840399201706937
Quorum,scale-free,PayPal,8,16,10,2023,hop,10 nodes,0,energy_observed,sample_std_pct,15,10.331241846242335,6.322373369789305,12.762866620841248
Quorum,scale-free,PayPal,8,16,10,2023,hop,40 nodes,0,energy_observed,iqr_pct,16,19.56165472282808,7.887517364954928,31.548958239622426
Quorum,scale-free,PayPal,8,16,10,2023,hop,40 nodes,0,energy_observed,sample_std_pct,16,12.816668234289823,8.830449744680948,15.309148703022103
Quorum,scale-free,VISA,8,16,10,2023,hop,10 nodes,0,energy_observed,iqr_pct,14,22.390370922085268,5.722733677869838,35.418944871287856
Quorum,scale-free,VISA,8,16,10,2023,hop,10 nodes,0,energy_observed,sample_std_pct,14,14.354003448002546,9.728404376766825,17.18531716309335
Quorum,scale-free,VISA,8,16,10,2023,hop,40 nodes,0,energy_observed,iqr_pct,17,14.3857587408187,6.857836561477748,30.26271864842511
Quorum,scale-free,VISA,8,16,10,2023,hop,40 nodes,0,energy_observed,sample_std_pct,17,13.764936436580289,9.099210411320694,16.7696070092077
Quorum,torus,DDoS,8,16,10,2023,hop,10 nodes,0,energy_observed,iqr_pct,11,13.394217317178098,3.481006646072113,21.718745343778387
Quorum,torus,DDoS,8,16,10,2023,hop,10 nodes,0,energy_observed,sample_std_pct,11,9.306835166423177,4.105346609297205,11.236976514801905
Quorum,torus,DDoS,8,16,10,2023,hop,40 nodes,0,energy_observed,iqr_pct,13,13.422587225031869,3.64145224842165,30.918407846392917
Quorum,torus,DDoS,8,16,10,2023,hop,40 nodes,0,energy_observed,sample_std_pct,13,14.098462034844118,7.4352056492455,19.231012487542195
Quorum,torus,FIFA,8,16,10,2023,hop,10 nodes,0,energy_observed,iqr_pct,11,9.844401017295086,3.611417488916957,30.77454025912681
Quorum,torus,FIFA,8,16,10,2023,hop,10 nodes,0,energy_observed,sample_std_pct,11,13.82278775606123,6.211532016324283,19.29136027267336
Quorum,torus,FIFA,8,16,10,2023,hop,40 nodes,0,energy_observed,iqr_pct,13,12.681450416936382,4.064233803621766,34.41943347139117
Quorum,torus,FIFA,8,16,10,2023,hop,40 nodes,0,energy_observed,sample_std_pct,13,14.62011524290519,6.8167915712419695,17.268992940662258
Quorum,torus,GAFAM,8,16,10,2023,hop,10 nodes,0,energy_observed,iqr_pct,10,26.5050129908323,7.9111721002779625,49.925446789759384
Quorum,torus,GAFAM,8,16,10,2023,hop,10 nodes,0,energy_observed,sample_std_pct,10,21.916621666564048,12.273713207967583,28.975355744268015
Quorum,torus,GAFAM,8,16,10,2023,hop,40 nodes,0,energy_observed,iqr_pct,14,20.82613568898906,8.07293801162372,31.289029220211287
Quorum,torus,GAFAM,8,16,10,2023,hop,40 nodes,0,energy_observed,sample_std_pct,14,15.209313142585641,9.545560403828782,18.894697485797575
Quorum,torus,Gaming,8,16,10,2023,hop,10 nodes,0,energy_observed,iqr_pct,11,10.894041020541119,2.5307550694506618,30.476168525018043
Quorum,torus,Gaming,8,16,10,2023,hop,10 nodes,0,energy_observed,sample_std_pct,11,12.303441839859847,3.879130608375667,17.490774562368102
Quorum,torus,Gaming,8,16,10,2023,hop,40 nodes,0,energy_observed,iqr_pct,13,9.744926655144779,0.8632214208789047,18.562021380768147
Quorum,torus,Gaming,8,16,10,2023,hop,40 nodes,0,energy_observed,sample_std_pct,13,10.296519979494116,4.835924673066083,14.722040881256284
Quorum,torus,PayPal,8,16,10,2023,hop,10 nodes,0,energy_observed,iqr_pct,11,15.65388235822737,3.9476983237734,29.788837916099382
Quorum,torus,PayPal,8,16,10,2023,hop,10 nodes,0,energy_observed,sample_std_pct,11,12.883293397691695,5.91118100361254,16.689027706334254
Quorum,torus,PayPal,8,16,10,2023,hop,40 nodes,0,energy_observed,iqr_pct,13,19.01860781211144,3.896425209746634,28.756141897192773
Quorum,torus,PayPal,8,16,10,2023,hop,40 nodes,0,energy_observed,sample_std_pct,13,12.65012897715508,8.452652774243086,14.703194754198854
Quorum,torus,VISA,8,16,10,2023,hop,10 nodes,0,energy_observed,iqr_pct,11,8.140486148371968,1.5578303067299613,19.336138049652494
Quorum,torus,VISA,8,16,10,2023,hop,10 nodes,0,energy_observed,sample_std_pct,11,9.315049527663977,4.1227385908659855,12.936887217298382
Quorum,torus,VISA,8,16,10,2023,hop,40 nodes,0,energy_observed,iqr_pct,18,18.970077272009977,8.47271005500011,32.248453905547066
Quorum,torus,VISA,8,16,10,2023,hop,40 nodes,0,energy_observed,sample_std_pct,18,14.663549559121398,9.90939913874451,18.47504447608235
Solana,fat-tree,DDoS,8,16,10,2023,hop,10 nodes,0,energy_observed,iqr_pct,13,7.634367657135001,2.2555811754364585,28.15869968795532
Solana,fat-tree,DDoS,8,16,10,2023,hop,10 nodes,0,energy_observed,sample_std_pct,13,11.533340508647672,3.541963219363733,16.437101789468024
Solana,fat-tree,DDoS,8,16,10,2023,hop,40 nodes,0,energy_observed,iqr_pct,13,15.319908706658028,6.906786211559311,31.989381125418205
Solana,fat-tree,DDoS,8,16,10,2023,hop,40 nodes,0,energy_observed,sample_std_pct,13,13.236338735755346,8.659941079453036,16.275139825661157
Solana,fat-tree,FIFA,8,16,10,2023,hop,10 nodes,0,energy_observed,iqr_pct,14,16.123727061345562,6.1734845036584565,20.723339900807673
Solana,fat-tree,FIFA,8,16,10,2023,hop,10 nodes,0,energy_observed,sample_std_pct,14,11.787080649445128,7.179728698059201,15.219608722479379
Solana,fat-tree,FIFA,8,16,10,2023,hop,40 nodes,0,energy_observed,iqr_pct,13,17.559149276586403,1.2545048425202283,31.631288650224135
Solana,fat-tree,FIFA,8,16,10,2023,hop,40 nodes,0,energy_observed,sample_std_pct,13,14.686540193930531,7.894897652275206,19.36327024665815
Solana,fat-tree,GAFAM,8,16,10,2023,hop,10 nodes,0,energy_observed,iqr_pct,13,19.08579893957731,4.08638013317667,25.748146426210134
Solana,fat-tree,GAFAM,8,16,10,2023,hop,10 nodes,0,energy_observed,sample_std_pct,13,15.092093789476387,7.96549950191164,21.95376876375185
Solana,fat-tree,GAFAM,8,16,10,2023,hop,40 nodes,0,energy_observed,iqr_pct,13,33.290661447180874,7.608747931377353,37.660678928396784
Solana,fat-tree,GAFAM,8,16,10,2023,hop,40 nodes,0,energy_observed,sample_std_pct,13,16.581335482281265,11.414084355057836,19.2705106105618
Solana,fat-tree,Gaming,8,16,10,2023,hop,10 nodes,0,energy_observed,iqr_pct,12,20.00317418377778,7.568499599662742,31.277307089601727
Solana,fat-tree,Gaming,8,16,10,2023,hop,10 nodes,0,energy_observed,sample_std_pct,12,13.900099490171762,8.816884303146288,17.076814856050365
Solana,fat-tree,Gaming,8,16,10,2023,hop,40 nodes,0,energy_observed,iqr_pct,13,25.48864218669106,8.320560416863925,36.80894165755021
Solana,fat-tree,Gaming,8,16,10,2023,hop,40 nodes,0,energy_observed,sample_std_pct,13,15.71183570245225,10.004469261913256,19.432254069668698
Solana,fat-tree,PayPal,8,16,10,2023,hop,10 nodes,0,energy_observed,iqr_pct,13,14.009134721575437,5.420227268771439,18.7656568993196
Solana,fat-tree,PayPal,8,16,10,2023,hop,10 nodes,0,energy_observed,sample_std_pct,13,8.588456331846363,5.620572063371398,10.427116565874474
Solana,fat-tree,PayPal,8,16,10,2023,hop,40 nodes,0,energy_observed,iqr_pct,13,20.470894449174065,7.281167618041151,31.604955811661828
Solana,fat-tree,PayPal,8,16,10,2023,hop,40 nodes,0,energy_observed,sample_std_pct,13,13.311784790399567,9.110472091151363,15.915308508572881
Solana,fat-tree,VISA,8,16,10,2023,hop,10 nodes,0,energy_observed,iqr_pct,13,16.599136152503473,3.5720893097233333,28.690988201127894
Solana,fat-tree,VISA,8,16,10,2023,hop,10 nodes,0,energy_observed,sample_std_pct,13,12.10049011376445,7.158086454893011,15.020911925964805
Solana,fat-tree,VISA,8,16,10,2023,hop,40 nodes,0,energy_observed,iqr_pct,13,10.604440060967361,3.2207576547628847,16.648200225497874
Solana,fat-tree,VISA,8,16,10,2023,hop,40 nodes,0,energy_observed,sample_std_pct,13,7.205060635481506,4.559220708448949,8.661296866906268
Solana,full mesh,DDoS,8,16,10,2023,hop,10 nodes,0,energy_observed,iqr_pct,14,19.36854680859377,7.803068241905462,26.78542476763183
Solana,full mesh,DDoS,8,16,10,2023,hop,10 nodes,0,energy_observed,sample_std_pct,14,12.15500556088511,8.728484437785058,14.138596672656032
Solana,full mesh,DDoS,8,16,10,2023,hop,40 nodes,0,energy_observed,iqr_pct,13,21.95238603295411,9.17573933884167,29.86088206001002
Solana,full mesh,DDoS,8,16,10,2023,hop,40 nodes,0,energy_observed,sample_std_pct,13,15.034168099689156,9.558641201926717,18.77964227831145
Solana,full mesh,FIFA,8,16,10,2023,hop,10 nodes,0,energy_observed,iqr_pct,13,18.22623818308497,4.154232851735183,46.88155478180465
Solana,full mesh,FIFA,8,16,10,2023,hop,10 nodes,0,energy_observed,sample_std_pct,13,18.887723532185742,9.753336505414328,25.39624691930485
Solana,full mesh,FIFA,8,16,10,2023,hop,40 nodes,0,energy_observed,iqr_pct,13,19.88878387904298,5.004344629087815,31.21739556778696
Solana,full mesh,FIFA,8,16,10,2023,hop,40 nodes,0,energy_observed,sample_std_pct,13,16.68725718518938,9.375182742329564,21.89798464906525
Solana,full mesh,GAFAM,8,16,10,2023,hop,10 nodes,0,energy_observed,iqr_pct,13,16.74184367654766,6.061192353254397,31.796323045582014
Solana,full mesh,GAFAM,8,16,10,2023,hop,10 nodes,0,energy_observed,sample_std_pct,13,14.582603658990266,8.726021959206623,18.36491863615977
Solana,full mesh,GAFAM,8,16,10,2023,hop,40 nodes,0,energy_observed,iqr_pct,13,12.268041221043067,3.9527962845525164,18.78121400799021
Solana,full mesh,GAFAM,8,16,10,2023,hop,40 nodes,0,energy_observed,sample_std_pct,13,10.015544621516218,5.002221793128587,13.253012946443956
Solana,full mesh,Gaming,8,16,10,2023,hop,10 nodes,0,energy_observed,iqr_pct,16,12.940188768936315,5.050592303227442,27.30200734176484
Solana,full mesh,Gaming,8,16,10,2023,hop,10 nodes,0,energy_observed,sample_std_pct,16,12.495865410545035,7.705475532147705,15.682663200640233
Solana,full mesh,Gaming,8,16,10,2023,hop,40 nodes,0,energy_observed,iqr_pct,13,14.339726827051388,5.597203677779342,34.63371730519185
Solana,full mesh,Gaming,8,16,10,2023,hop,40 nodes,0,energy_observed,sample_std_pct,13,13.466471110865168,7.318212777339049,16.6304648562968
Solana,full mesh,PayPal,8,16,10,2023,hop,10 nodes,0,energy_observed,iqr_pct,14,11.478153713448647,3.994254582398439,22.432204027721767
Solana,full mesh,PayPal,8,16,10,2023,hop,10 nodes,0,energy_observed,sample_std_pct,14,11.330257855450082,6.0678003199973904,15.170794722866
Solana,full mesh,PayPal,8,16,10,2023,hop,40 nodes,0,energy_observed,iqr_pct,13,21.965838513848798,3.7083319788667937,35.690965628131174
Solana,full mesh,PayPal,8,16,10,2023,hop,40 nodes,0,energy_observed,sample_std_pct,13,14.8883210805851,9.941939619148425,17.811319701677466
Solana,full mesh,VISA,8,16,10,2023,hop,10 nodes,0,energy_observed,iqr_pct,16,15.815716615130457,6.523842234837499,19.131150379717035
Solana,full mesh,VISA,8,16,10,2023,hop,10 nodes,0,energy_observed,sample_std_pct,16,8.521983941692499,6.1745574047660305,10.024800450457047
Solana,full mesh,VISA,8,16,10,2023,hop,40 nodes,0,energy_observed,iqr_pct,13,18.587678498794638,6.438954614828388,30.675304401399895
Solana,full mesh,VISA,8,16,10,2023,hop,40 nodes,0,energy_observed,sample_std_pct,13,12.44797546671955,8.262751654976869,14.665524917457164
Solana,hypercube,DDoS,8,16,10,2023,hop,10 nodes,0,energy_observed,iqr_pct,14,19.367017764161428,7.117675360256653,34.406092881218804
Solana,hypercube,DDoS,8,16,10,2023,hop,10 nodes,0,energy_observed,sample_std_pct,14,15.61338518444914,8.861992978688653,20.833666578632325
Solana,hypercube,DDoS,8,16,10,2023,hop,40 nodes,0,energy_observed,iqr_pct,13,20.061614762541932,4.113221845583758,26.42096504001939
Solana,hypercube,DDoS,8,16,10,2023,hop,40 nodes,0,energy_observed,sample_std_pct,13,12.036281281930659,8.008147351308756,14.418186424105862
Solana,hypercube,FIFA,8,16,10,2023,hop,10 nodes,0,energy_observed,iqr_pct,13,28.691426885815673,8.707485781406671,34.640816278829156
Solana,hypercube,FIFA,8,16,10,2023,hop,10 nodes,0,energy_observed,sample_std_pct,13,15.885478512250163,10.590224017903513,19.330613380756905
Solana,hypercube,FIFA,8,16,10,2023,hop,40 nodes,0,energy_observed,iqr_pct,13,6.693577634316312,2.04424781123015,25.894125026692862
Solana,hypercube,FIFA,8,16,10,2023,hop,40 nodes,0,energy_observed,sample_std_pct,13,10.537718185502678,5.0962491531494525,14.000772864985894
Solana,hypercube,GAFAM,8,16,10,2023,hop,10 nodes,0,energy_observed,iqr_pct,13,17.237660167370855,3.8322276355490477,34.68213971575056
Solana,hypercube,GAFAM,8,16,10,2023,hop,10 nodes,0,energy_observed,sample_std_pct,13,15.83027214387658,9.041709284189912,20.4099514952447
Solana,hypercube,GAFAM,8,16,10,2023,hop,40 nodes,0,energy_observed,iqr_pct,13,22.6333167814231,7.660823217550154,31.569101551340886
Solana,hypercube,GAFAM,8,16,10,2023,hop,40 nodes,0,energy_observed,sample_std_pct,13,15.537916385038999,8.48231482415552,21.2641378625458
Solana,hypercube,Gaming,8,16,10,2023,hop,10 nodes,0,energy_observed,iqr_pct,16,15.661356690106857,6.393152240715741,37.241055408407284
Solana,hypercube,Gaming,8,16,10,2023,hop,10 nodes,0,energy_observed,sample_std_pct,16,15.815536258755104,9.422091274178143,20.396422731261957
Solana,hypercube,Gaming,8,16,10,2023,hop,40 nodes,0,energy_observed,iqr_pct,13,19.677411308642046,5.3271213156783945,39.48896832898118
Solana,hypercube,Gaming,8,16,10,2023,hop,40 nodes,0,energy_observed,sample_std_pct,13,16.68307429923795,9.663353899197656,20.689878241288973
Solana,hypercube,PayPal,8,16,10,2023,hop,10 nodes,0,energy_observed,iqr_pct,15,9.30294884158159,1.4530510048424492,15.476661636857843
Solana,hypercube,PayPal,8,16,10,2023,hop,10 nodes,0,energy_observed,sample_std_pct,15,8.228825213636208,4.989529773163777,10.998613822693247
Solana,hypercube,PayPal,8,16,10,2023,hop,40 nodes,0,energy_observed,iqr_pct,13,11.437547765319902,4.53861241378733,22.14810026308157
Solana,hypercube,PayPal,8,16,10,2023,hop,40 nodes,0,energy_observed,sample_std_pct,13,9.249762567809404,5.56305358885586,11.880430900702835
Solana,hypercube,VISA,8,16,10,2023,hop,10 nodes,0,energy_observed,iqr_pct,15,12.982875540415847,4.544674569150461,23.431839011539346
Solana,hypercube,VISA,8,16,10,2023,hop,10 nodes,0,energy_observed,sample_std_pct,15,12.675362867991096,6.946142189280197,16.77362935509574
Solana,hypercube,VISA,8,16,10,2023,hop,40 nodes,0,energy_observed,iqr_pct,13,14.661255998410486,3.7073763512763107,20.39895430418511
Solana,hypercube,VISA,8,16,10,2023,hop,40 nodes,0,energy_observed,sample_std_pct,13,8.927243544213463,5.7939079254037305,10.59291704633283
Solana,scale-free,DDoS,8,16,10,2023,hop,10 nodes,0,energy_observed,iqr_pct,22,27.81404497154157,16.454797008470976,35.756249270405704
Solana,scale-free,DDoS,8,16,10,2023,hop,10 nodes,0,energy_observed,sample_std_pct,22,17.70490196342736,13.0409756136019,21.518384730028583
Solana,scale-free,DDoS,8,16,10,2023,hop,40 nodes,0,energy_observed,iqr_pct,13,13.52647954304384,2.6087755430398074,22.898855026043346
Solana,scale-free,DDoS,8,16,10,2023,hop,40 nodes,0,energy_observed,sample_std_pct,13,9.87416107085189,6.209785083982437,12.163601679107014
Solana,scale-free,FIFA,8,16,10,2023,hop,10 nodes,0,energy_observed,iqr_pct,19,19.55596626493308,7.389546421078722,25.547684189171214
Solana,scale-free,FIFA,8,16,10,2023,hop,10 nodes,0,energy_observed,sample_std_pct,19,13.10200495441611,9.017092979266401,16.51467053799908
Solana,scale-free,FIFA,8,16,10,2023,hop,40 nodes,0,energy_observed,iqr_pct,13,21.108065156682684,7.105354585216232,25.92874010191859
Solana,scale-free,FIFA,8,16,10,2023,hop,40 nodes,0,energy_observed,sample_std_pct,13,12.468555860681787,7.829045167670664,16.1094867162282
Solana,scale-free,GAFAM,8,16,10,2023,hop,10 nodes,0,energy_observed,iqr_pct,15,8.542706001372505,4.137501636805423,13.770248111503367
Solana,scale-free,GAFAM,8,16,10,2023,hop,10 nodes,0,energy_observed,sample_std_pct,15,7.163098787911998,4.3235118371207975,9.212561645141536
Solana,scale-free,GAFAM,8,16,10,2023,hop,40 nodes,0,energy_observed,iqr_pct,13,20.667145018918337,6.977622387936786,35.642740887848916
Solana,scale-free,GAFAM,8,16,10,2023,hop,40 nodes,0,energy_observed,sample_std_pct,13,15.504153882731327,9.102027953700585,19.261870844589904
Solana,scale-free,Gaming,8,16,10,2023,hop,10 nodes,0,energy_observed,iqr_pct,20,17.531029395843937,8.750388050805729,29.32447926961491
Solana,scale-free,Gaming,8,16,10,2023,hop,10 nodes,0,energy_observed,sample_std_pct,20,17.09142420563616,10.33528760964643,22.38801165038684
Solana,scale-free,Gaming,8,16,10,2023,hop,40 nodes,0,energy_observed,iqr_pct,13,22.989130665202183,7.119286211225112,37.41762609798469
Solana,scale-free,Gaming,8,16,10,2023,hop,40 nodes,0,energy_observed,sample_std_pct,13,15.48932351000468,9.713802335038942,18.929762581937123
Solana,scale-free,PayPal,8,16,10,2023,hop,10 nodes,0,energy_observed,iqr_pct,24,18.300152886501294,11.368698681552413,32.579180272721246
Solana,scale-free,PayPal,8,16,10,2023,hop,10 nodes,0,energy_observed,sample_std_pct,24,14.892849542517679,11.209309733476768,17.59087664161659
Solana,scale-free,PayPal,8,16,10,2023,hop,40 nodes,0,energy_observed,iqr_pct,13,15.667645861285054,4.065090444648195,21.154738623347555
Solana,scale-free,PayPal,8,16,10,2023,hop,40 nodes,0,energy_observed,sample_std_pct,13,9.783361064543362,6.847769231310384,11.501827712573037
Solana,scale-free,VISA,8,16,10,2023,hop,10 nodes,0,energy_observed,iqr_pct,26,19.521816584857554,9.642381938904053,26.757899937315635
Solana,scale-free,VISA,8,16,10,2023,hop,10 nodes,0,energy_observed,sample_std_pct,26,14.924699715938868,10.54453106751254,18.199520127775415
Solana,scale-free,VISA,8,16,10,2023,hop,40 nodes,0,energy_observed,iqr_pct,13,8.671020059480233,3.232205938102088,13.153684024051508
Solana,scale-free,VISA,8,16,10,2023,hop,40 nodes,0,energy_observed,sample_std_pct,13,6.455421407485463,3.8531893259493932,8.309709025595472
Solana,torus,DDoS,8,16,10,2023,hop,10 nodes,0,energy_observed,iqr_pct,13,17.91166502912517,5.471411291746459,23.181107759613223
Solana,torus,DDoS,8,16,10,2023,hop,10 nodes,0,energy_observed,sample_std_pct,13,11.01730784012798,6.907380424840041,13.66571355121352
Solana,torus,DDoS,8,16,10,2023,hop,40 nodes,0,energy_observed,iqr_pct,13,9.6812256534409,1.5928587263013925,43.64163744628009
Solana,torus,DDoS,8,16,10,2023,hop,40 nodes,0,energy_observed,sample_std_pct,13,19.865535711631395,11.319793032712175,24.907111031604558
Solana,torus,FIFA,8,16,10,2023,hop,10 nodes,0,energy_observed,iqr_pct,13,25.79152104372651,2.4851677404721673,34.785806379324335
Solana,torus,FIFA,8,16,10,2023,hop,10 nodes,0,energy_observed,sample_std_pct,13,14.930924382950883,9.898323195962467,18.14253441675335
Solana,torus,FIFA,8,16,10,2023,hop,40 nodes,0,energy_observed,iqr_pct,13,24.243752289386375,6.690169884507708,31.180022450480326
Solana,torus,FIFA,8,16,10,2023,hop,40 nodes,0,energy_observed,sample_std_pct,13,14.259487194317218,9.659961780043497,17.128666394859067
Solana,torus,GAFAM,8,16,10,2023,hop,10 nodes,0,energy_observed,iqr_pct,13,17.444387612703096,4.327347807608195,37.181194492358465
Solana,torus,GAFAM,8,16,10,2023,hop,10 nodes,0,energy_observed,sample_std_pct,13,14.973360820231242,7.326640444462748,19.232620794236997
Solana,torus,GAFAM,8,16,10,2023,hop,40 nodes,0,energy_observed,iqr_pct,13,14.457295404157552,1.2081137961318136,30.761758453080912
Solana,torus,GAFAM,8,16,10,2023,hop,40 nodes,0,energy_observed,sample_std_pct,13,16.084840223133074,6.0085295493184,24.30340297382061
Solana,torus,Gaming,8,16,10,2023,hop,10 nodes,0,energy_observed,iqr_pct,14,10.316422322297642,2.160679378598247,25.651645535780865
Solana,torus,Gaming,8,16,10,2023,hop,10 nodes,0,energy_observed,sample_std_pct,14,12.517624915836887,6.976206364817921,16.525839929465285
Solana,torus,Gaming,8,16,10,2023,hop,40 nodes,0,energy_observed,iqr_pct,13,18.277070539531596,7.786360144458299,33.81481262825095
Solana,torus,Gaming,8,16,10,2023,hop,40 nodes,0,energy_observed,sample_std_pct,13,14.539520133051605,9.519710043385661,17.696099099701872
Solana,torus,PayPal,8,16,10,2023,hop,10 nodes,0,energy_observed,iqr_pct,13,15.242443853379733,3.354093071639733,31.940730188269963
Solana,torus,PayPal,8,16,10,2023,hop,10 nodes,0,energy_observed,sample_std_pct,13,14.976821515528972,7.502890124347243,18.644399597189953
Solana,torus,PayPal,8,16,10,2023,hop,40 nodes,0,energy_observed,iqr_pct,13,20.32089003899692,5.39825750554179,32.51563536377557
Solana,torus,PayPal,8,16,10,2023,hop,40 nodes,0,energy_observed,sample_std_pct,13,14.431347367253814,8.584800655526799,18.297320043127062
Solana,torus,VISA,8,16,10,2023,hop,10 nodes,0,energy_observed,iqr_pct,16,20.062194698143696,10.583309841510843,37.0037902432518
Solana,torus,VISA,8,16,10,2023,hop,10 nodes,0,energy_observed,sample_std_pct,16,17.76837374508289,11.621589508056914,22.15985293177046
Solana,torus,VISA,8,16,10,2023,hop,40 nodes,0,energy_observed,iqr_pct,13,9.038178367539224,3.420569962137176,15.040404386413892
Solana,torus,VISA,8,16,10,2023,hop,40 nodes,0,energy_observed,sample_std_pct,13,7.363388011980564,4.470943309228227,9.460424520352516
