scope,factor,factor_column,blockchain,level,metric,statistic,aggregation,total_configuration_cells,contributing_configuration_cells,metric_observations,minimum_n_metric,maximum_n_metric,point_estimate,ci_lower,ci_upper
six_workloads,topology,mode,Algorand,fat-tree,tps_positive_commit,iqr_pct,mean,12,12,159,13,16,36.59425637828462,25.687465472223586,43.92070522666037
six_workloads,topology,mode,Algorand,fat-tree,tps_positive_commit,iqr_pct,median,12,12,159,13,16,23.226340713051336,12.322399002463236,30.783195747482083
six_workloads,topology,mode,Algorand,fat-tree,tps_positive_commit,sample_std_pct,mean,12,12,159,13,16,25.776490106769803,21.0170820109512,29.383137140534128
six_workloads,topology,mode,Algorand,fat-tree,tps_positive_commit,sample_std_pct,median,12,12,159,13,16,20.793721452268684,13.550085231080942,23.246137647782785
six_workloads,topology,mode,Algorand,full mesh,tps_positive_commit,iqr_pct,mean,12,12,159,13,14,16.691322766949792,13.549061136707989,29.840058964831133
six_workloads,topology,mode,Algorand,full mesh,tps_positive_commit,iqr_pct,median,12,12,159,13,14,11.437771773488997,5.984346546239456,19.583262143947568
six_workloads,topology,mode,Algorand,full mesh,tps_positive_commit,sample_std_pct,mean,12,12,159,13,14,20.606902771281288,15.603003049770056,23.07256505894233
six_workloads,topology,mode,Algorand,full mesh,tps_positive_commit,sample_std_pct,median,12,12,159,13,14,15.607408605145206,9.505286902544967,17.30583489492324
six_workloads,topology,mode,Algorand,hypercube,tps_positive_commit,iqr_pct,mean,12,12,156,13,13,26.562789857551632,18.202277677908793,35.42569713517164
six_workloads,topology,mode,Algorand,hypercube,tps_positive_commit,iqr_pct,median,12,12,156,13,13,16.62542002416244,9.313462409412423,29.066738777932056
six_workloads,topology,mode,Algorand,hypercube,tps_positive_commit,sample_std_pct,mean,12,12,156,13,13,21.41855096263264,17.20674813768372,23.659896121837296
six_workloads,topology,mode,Algorand,hypercube,tps_positive_commit,sample_std_pct,median,12,12,156,13,13,21.29122455386075,12.659672364120224,24.465328896189643
six_workloads,topology,mode,Algorand,scale-free,tps_positive_commit,iqr_pct,mean,12,12,157,11,17,40.833658980606224,27.79177716365725,52.402070653849826
six_workloads,topology,mode,Algorand,scale-free,tps_positive_commit,iqr_pct,median,12,12,157,11,17,25.815967699794214,10.764068652024417,41.9499222651415
six_workloads,topology,mode,Algorand,scale-free,tps_positive_commit,sample_std_pct,mean,12,12,157,11,17,30.174330857410293,24.487200628308365,33.86105973578959
six_workloads,topology,mode,Algorand,scale-free,tps_positive_commit,sample_std_pct,median,12,12,157,11,17,31.585957366019084,15.41239833073097,35.30219386706721
six_workloads,topology,mode,Algorand,torus,tps_positive_commit,iqr_pct,mean,12,12,156,13,13,23.58029361701595,16.336612272360416,34.76430351890652
six_workloads,topology,mode,Algorand,torus,tps_positive_commit,iqr_pct,median,12,12,156,13,13,15.335299840332908,7.717308049339259,22.12423729496204
six_workloads,topology,mode,Algorand,torus,tps_positive_commit,sample_std_pct,mean,12,12,156,13,13,20.707653345615586,16.07992011297594,23.63969906649366
six_workloads,topology,mode,Algorand,torus,tps_positive_commit,sample_std_pct,median,12,12,156,13,13,13.263401274257921,9.25805161438283,15.804429051125156
six_workloads,topology,mode,Diem,fat-tree,tps_positive_commit,iqr_pct,mean,12,12,207,11,25,31.109778529740044,23.649496354781736,38.90772350309604
six_workloads,topology,mode,Diem,fat-tree,tps_positive_commit,iqr_pct,median,12,12,207,11,25,26.79574459666554,12.901695006787588,34.17289525282667
six_workloads,topology,mode,Diem,fat-tree,tps_positive_commit,sample_std_pct,mean,12,12,207,11,25,25.13277368186017,21.061626800098196,26.8733325512214
six_workloads,topology,mode,Diem,fat-tree,tps_positive_commit,sample_std_pct,median,12,12,207,11,25,23.15744898143705,15.668732352017777,29.740092580682745
six_workloads,topology,mode,Diem,full mesh,tps_positive_commit,iqr_pct,mean,12,12,149,11,13,20.97627457559165,15.647937811862466,27.494596994949482
six_workloads,topology,mode,Diem,full mesh,tps_positive_commit,iqr_pct,median,12,12,149,11,13,14.222965156213249,9.893990825247249,23.389241704325368
six_workloads,topology,mode,Diem,full mesh,tps_positive_commit,sample_std_pct,mean,12,12,149,11,13,17.280778030102258,14.057717316692774,18.532727525982892
six_workloads,topology,mode,Diem,full mesh,tps_positive_commit,sample_std_pct,median,12,12,149,11,13,14.771209974190734,10.075068097221655,17.362991683429655
six_workloads,topology,mode,Diem,hypercube,tps_positive_commit,iqr_pct,mean,12,12,138,9,13,21.882373530162514,14.813049937976468,32.46875068286358
six_workloads,topology,mode,Diem,hypercube,tps_positive_commit,iqr_pct,median,12,12,138,9,13,16.14139981582379,6.513144598450509,26.443545008862547
six_workloads,topology,mode,Diem,hypercube,tps_positive_commit,sample_std_pct,mean,12,12,138,9,13,20.56801318657349,15.612718413916015,22.156532086124304
six_workloads,topology,mode,Diem,hypercube,tps_positive_commit,sample_std_pct,median,12,12,138,9,13,17.140890943203388,9.797205459756956,19.140872813544732
six_workloads,topology,mode,Diem,scale-free,tps_positive_commit,iqr_pct,mean,12,12,184,12,19,20.740776490390843,13.391250895730126,27.014749529127325
six_workloads,topology,mode,Diem,scale-free,tps_positive_commit,iqr_pct,median,12,12,184,12,19,10.950222414629025,6.717377418531076,14.605329327643664
six_workloads,topology,mode,Diem,scale-free,tps_positive_commit,sample_std_pct,mean,12,12,184,12,19,16.959883763901374,13.521056516461213,18.87428805745738
six_workloads,topology,mode,Diem,scale-free,tps_positive_commit,sample_std_pct,median,12,12,184,12,19,10.985489132868935,6.717447610811875,12.103772800813925
six_workloads,topology,mode,Diem,torus,tps_positive_commit,iqr_pct,mean,12,12,144,9,13,17.477797173165943,11.329108875289844,23.768695228803086
six_workloads,topology,mode,Diem,torus,tps_positive_commit,iqr_pct,median,12,12,144,9,13,10.47775847114428,5.8750701327077435,14.307339002442161
six_workloads,topology,mode,Diem,torus,tps_positive_commit,sample_std_pct,mean,12,12,144,9,13,16.971960312794874,11.88540996482287,19.158705993697467
six_workloads,topology,mode,Diem,torus,tps_positive_commit,sample_std_pct,median,12,12,144,9,13,15.939893849813767,6.722079107384323,17.43003507275889
six_workloads,topology,mode,Ethereum,fat-tree,tps_positive_commit,iqr_pct,mean,12,12,158,13,14,27.394027293209973,20.143331308117233,38.89937000388388
six_workloads,topology,mode,Ethereum,fat-tree,tps_positive_commit,iqr_pct,median,12,12,158,13,14,13.045756312410724,10.816590189017948,30.277617820091454
six_workloads,topology,mode,Ethereum,fat-tree,tps_positive_commit,sample_std_pct,mean,12,12,158,13,14,25.75777367052899,20.237325608408927,28.373971666866673
six_workloads,topology,mode,Ethereum,fat-tree,tps_positive_commit,sample_std_pct,median,12,12,158,13,14,20.491168457844566,13.19510921047432,25.324691026819426
six_workloads,topology,mode,Ethereum,full mesh,tps_positive_commit,iqr_pct,mean,12,12,154,11,13,24.5861044226381,17.469646594466916,30.963195301463266
six_workloads,topology,mode,Ethereum,full mesh,tps_positive_commit,iqr_pct,median,12,12,154,11,13,19.213187974324587,12.087395990036704,26.400255942918697
six_workloads,topology,mode,Ethereum,full mesh,tps_positive_commit,sample_std_pct,mean,12,12,154,11,13,19.78370243291047,16.01593853767764,21.346808543909184
six_workloads,topology,mode,Ethereum,full mesh,tps_positive_commit,sample_std_pct,median,12,12,154,11,13,16.419486105625275,11.92764489102764,18.61396006569291
six_workloads,topology,mode,Ethereum,hypercube,tps_positive_commit,iqr_pct,mean,12,12,156,12,14,22.490988673807035,15.993763112341835,29.943671756234192
six_workloads,topology,mode,Ethereum,hypercube,tps_positive_commit,iqr_pct,median,12,12,156,12,14,21.134476715791884,11.086036602869344,26.059074752913343
six_workloads,topology,mode,Ethereum,hypercube,tps_positive_commit,sample_std_pct,mean,12,12,156,12,14,19.599871951977292,15.922338193742785,21.209039192336963
six_workloads,topology,mode,Ethereum,hypercube,tps_positive_commit,sample_std_pct,median,12,12,156,12,14,17.859973338957893,13.238906158739114,19.42029205483132
six_workloads,topology,mode,Ethereum,scale-free,tps_positive_commit,iqr_pct,mean,12,12,157,13,14,29.56110106777911,21.530455202794727,38.345757558407776
six_workloads,topology,mode,Ethereum,scale-free,tps_positive_commit,iqr_pct,median,12,12,157,13,14,25.814724037763266,14.31815969678117,31.528201835870885
six_workloads,topology,mode,Ethereum,scale-free,tps_positive_commit,sample_std_pct,mean,12,12,157,13,14,24.123696281391613,19.693752041696442,26.512028014618494
six_workloads,topology,mode,Ethereum,scale-free,tps_positive_commit,sample_std_pct,median,12,12,157,13,14,21.69256630259897,15.47583420892662,24.30851678706232
six_workloads,topology,mode,Ethereum,torus,tps_positive_commit,iqr_pct,mean,12,12,167,13,16,34.81440499937002,24.27152269082331,42.14738858406975
six_workloads,topology,mode,Ethereum,torus,tps_positive_commit,iqr_pct,median,12,12,167,13,16,19.52971660755484,13.027013216644658,28.85032889980946
six_workloads,topology,mode,Ethereum,torus,tps_positive_commit,sample_std_pct,mean,12,12,167,13,16,25.491910087524122,21.040345826626655,27.75770754099732
six_workloads,topology,mode,Ethereum,torus,tps_positive_commit,sample_std_pct,median,12,12,167,13,16,22.17582455468868,13.574392597072293,25.035855480335762
six_workloads,topology,mode,Quorum,fat-tree,tps_positive_commit,iqr_pct,mean,12,6,62,3,14,41.6519440407369,23.476464935939916,75.6355042136858
six_workloads,topology,mode,Quorum,fat-tree,tps_positive_commit,iqr_pct,median,12,6,62,3,14,44.9382657762525,13.286572169746941,75.47302087221237
six_workloads,topology,mode,Quorum,fat-tree,tps_positive_commit,sample_std_pct,mean,12,6,62,3,14,62.81252102911091,30.03815982347221,66.15075514487033
six_workloads,topology,mode,Quorum,fat-tree,tps_positive_commit,sample_std_pct,median,12,6,62,3,14,45.09154463125647,30.86497764088418,50.914510892204426
six_workloads,topology,mode,Quorum,full mesh,tps_positive_commit,iqr_pct,mean,12,6,64,2,18,49.162891774772866,23.182789004867864,69.04540235393888
six_workloads,topology,mode,Quorum,full mesh,tps_positive_commit,iqr_pct,median,12,6,64,2,18,43.30987536395335,11.816021639269458,66.86233290477986
six_workloads,topology,mode,Quorum,full mesh,tps_positive_commit,sample_std_pct,mean,12,6,64,2,18,49.851034780269636,29.711584548979154,55.708045538754995
six_workloads,topology,mode,Quorum,full mesh,tps_positive_commit,sample_std_pct,median,12,6,64,2,18,51.612575244088276,25.104213628522796,57.87101685900699
six_workloads,topology,mode,Quorum,hypercube,tps_positive_commit,iqr_pct,mean,12,6,66,4,17,65.87047379129906,29.50004313651231,95.10109552265754
six_workloads,topology,mode,Quorum,hypercube,tps_positive_commit,iqr_pct,median,12,6,66,4,17,71.84623346379016,15.562244263202487,101.8653739523873
six_workloads,topology,mode,Quorum,hypercube,tps_positive_commit,sample_std_pct,mean,12,6,66,4,17,65.45872125973659,39.52870083473699,78.01303738614317
six_workloads,topology,mode,Quorum,hypercube,tps_positive_commit,sample_std_pct,median,12,6,66,4,17,60.682468423589725,32.127436335476844,70.73797358086622
six_workloads,topology,mode,Quorum,scale-free,tps_positive_commit,iqr_pct,mean,12,6,67,5,16,64.9601103404014,30.254028545129874,88.83588013597854
six_workloads,topology,mode,Quorum,scale-free,tps_positive_commit,iqr_pct,median,12,6,67,5,16,72.75869759143623,17.85010803104983,96.1350002203656
six_workloads,topology,mode,Quorum,scale-free,tps_positive_commit,sample_std_pct,mean,12,6,67,5,16,56.482887599535076,40.67746694171658,63.29150394720792
six_workloads,topology,mode,Quorum,scale-free,tps_positive_commit,sample_std_pct,median,12,6,67,5,16,56.5971976531542,34.802989366353195,64.65314671377459
six_workloads,topology,mode,Quorum,torus,tps_positive_commit,iqr_pct,mean,12,6,60,2,18,61.60642978273794,19.822664313143786,74.30530666639405
six_workloads,topology,mode,Quorum,torus,tps_positive_commit,iqr_pct,median,12,6,60,2,18,53.42229254125077,6.096702507295311,74.5086799064853
six_workloads,topology,mode,Quorum,torus,tps_positive_commit,sample_std_pct,mean,12,6,60,2,18,63.189774763286586,27.33925164135267,74.645671728749
six_workloads,topology,mode,Quorum,torus,tps_positive_commit,sample_std_pct,median,12,6,60,2,18,47.21669255665308,14.255712348273413,55.860382918886785
six_workloads,topology,mode,Solana,fat-tree,tps_positive_commit,iqr_pct,mean,12,8,73,2,13,72.90196245578889,41.03708179694355,87.54336646595085
six_workloads,topology,mode,Solana,fat-tree,tps_positive_commit,iqr_pct,median,12,8,73,2,13,67.67898753136281,25.930084191169943,91.66964629297964
six_workloads,topology,mode,Solana,fat-tree,tps_positive_commit,sample_std_pct,mean,12,8,73,2,13,59.755483483764834,39.03396627624962,65.3896550042388
six_workloads,topology,mode,Solana,fat-tree,tps_positive_commit,sample_std_pct,median,12,8,73,2,13,65.36098275319483,32.157452246816526,73.75582655486929
six_workloads,topology,mode,Solana,full mesh,tps_positive_commit,iqr_pct,mean,12,7,93,12,15,27.605776152583896,18.49015920569109,39.388417515839635
six_workloads,topology,mode,Solana,full mesh,tps_positive_commit,iqr_pct,median,12,7,93,12,15,19.609451919921234,10.88255211677528,39.33574656964135
six_workloads,topology,mode,Solana,full mesh,tps_positive_commit,sample_std_pct,mean,12,7,93,12,15,27.622911148102354,20.32955835926827,31.27487789373636
six_workloads,topology,mode,Solana,full mesh,tps_positive_commit,sample_std_pct,median,12,7,93,12,15,22.210079469804164,13.909380998206355,35.219320396997475
six_workloads,topology,mode,Solana,hypercube,tps_positive_commit,iqr_pct,mean,12,7,91,12,14,61.87006447522134,36.03859648479945,76.81631196693058
six_workloads,topology,mode,Solana,hypercube,tps_positive_commit,iqr_pct,median,12,7,91,12,14,61.11490174672489,20.11539607483162,80.55924598931415
six_workloads,topology,mode,Solana,hypercube,tps_positive_commit,sample_std_pct,mean,12,7,91,12,14,46.02593097211559,36.35037173347575,52.26448622602507
six_workloads,topology,mode,Solana,hypercube,tps_positive_commit,sample_std_pct,median,12,7,91,12,14,40.94715847860003,28.78347694713791,51.18589218791961
six_workloads,topology,mode,Solana,scale-free,tps_positive_commit,iqr_pct,mean,12,7,49,2,14,53.098296807799,28.309761893962754,65.48104098425124
six_workloads,topology,mode,Solana,scale-free,tps_positive_commit,iqr_pct,median,12,7,49,2,14,44.72361809045228,17.11456115506472,53.96353561749903
six_workloads,topology,mode,Solana,scale-free,tps_positive_commit,sample_std_pct,mean,12,7,49,2,14,61.2125267641645,29.874839042655104,62.56494211224374
six_workloads,topology,mode,Solana,scale-free,tps_positive_commit,sample_std_pct,median,12,7,49,2,14,59.70300221382545,24.85054005776677,63.2487472619123
six_workloads,topology,mode,Solana,torus,tps_positive_commit,iqr_pct,mean,12,7,87,10,15,60.806503060758075,39.01432477889643,74.59181285141545
six_workloads,topology,mode,Solana,torus,tps_positive_commit,iqr_pct,median,12,7,87,10,15,65.0357339197361,27.497669551031304,76.42653931427506
six_workloads,topology,mode,Solana,torus,tps_positive_commit,sample_std_pct,mean,12,7,87,10,15,44.193027805398756,35.418958519947495,50.20563422160873
six_workloads,topology,mode,Solana,torus,tps_positive_commit,sample_std_pct,median,12,7,87,10,15,41.13391680827522,30.238752360633963,49.31634392559347
six_workloads,workload,workload,Algorand,DDoS,tps_positive_commit,iqr_pct,mean,10,10,131,13,14,15.122448013126382,10.643454103313134,21.67343581324507
six_workloads,workload,workload,Algorand,DDoS,tps_positive_commit,iqr_pct,median,10,10,131,13,14,13.145376575550355,6.8692591624037656,19.218463964294536
six_workloads,workload,workload,Algorand,DDoS,tps_positive_commit,sample_std_pct,mean,10,10,131,13,14,13.823488790240926,11.047789437323035,15.163895385953076
six_workloads,workload,workload,Algorand,DDoS,tps_positive_commit,sample_std_pct,median,10,10,131,13,14,11.124171006911673,8.191776761859522,13.035808146239235
six_workloads,workload,workload,Algorand,FIFA,tps_positive_commit,iqr_pct,mean,10,10,136,11,17,87.38492135651794,68.03939068547614,103.50209544301269
six_workloads,workload,workload,Algorand,FIFA,tps_positive_commit,iqr_pct,median,10,10,136,11,17,81.10930801350307,58.88301633752347,104.78753004202092
six_workloads,workload,workload,Algorand,FIFA,tps_positive_commit,sample_std_pct,mean,10,10,136,11,17,65.29935116027599,55.127041783549004,71.26448419638487
six_workloads,workload,workload,Algorand,FIFA,tps_positive_commit,sample_std_pct,median,10,10,136,11,17,59.96147270747489,50.71329708573507,69.98081027923516
six_workloads,workload,workload,Algorand,GAFAM,tps_positive_commit,iqr_pct,mean,10,10,131,13,14,32.74761538149979,22.810722555115824,48.83918421737871
six_workloads,workload,workload,Algorand,GAFAM,tps_positive_commit,iqr_pct,median,10,10,131,13,14,24.360824442394822,14.637328957396985,46.267436831922865
six_workloads,workload,workload,Algorand,GAFAM,tps_positive_commit,sample_std_pct,mean,10,10,131,13,14,29.427160297989825,23.27304882399102,32.94179522790662
six_workloads,workload,workload,Algorand,GAFAM,tps_positive_commit,sample_std_pct,median,10,10,131,13,14,30.704867400752683,20.282859938318868,33.77543753923291
six_workloads,workload,workload,Algorand,Gaming,tps_positive_commit,iqr_pct,mean,10,10,129,12,13,28.0185003106781,21.085931077153496,43.7685614266519
six_workloads,workload,workload,Algorand,Gaming,tps_positive_commit,iqr_pct,median,10,10,129,12,13,25.223824091451554,15.230447127691962,39.980255232902195
six_workloads,workload,workload,Algorand,Gaming,tps_positive_commit,sample_std_pct,mean,10,10,129,12,13,26.40711592431195,20.88700267480117,29.45189115130283
six_workloads,workload,workload,Algorand,Gaming,tps_positive_commit,sample_std_pct,median,10,10,129,12,13,25.719900684065237,18.77222512536184,28.79993622705243
six_workloads,workload,workload,Algorand,PayPal,tps_positive_commit,iqr_pct,mean,10,10,130,13,13,0.5739651346591907,0.3383127201193072,0.6522212293056822
six_workloads,workload,workload,Algorand,PayPal,tps_positive_commit,iqr_pct,median,10,10,130,13,13,0.4950659025562454,0.23423023503030607,0.5503965317454499
six_workloads,workload,workload,Algorand,PayPal,tps_positive_commit,sample_std_pct,mean,10,10,130,13,13,0.3945565288218549,0.3228067703876647,0.4161898968884417
six_workloads,workload,workload,Algorand,PayPal,tps_positive_commit,sample_std_pct,median,10,10,130,13,13,0.37090658240587726,0.26777648570965246,0.42459970399992886
six_workloads,workload,workload,Algorand,VISA,tps_positive_commit,iqr_pct,mean,10,10,130,13,13,9.267335724008467,6.4562089322688685,11.523428817349197
six_workloads,workload,workload,Algorand,VISA,tps_positive_commit,iqr_pct,median,10,10,130,13,13,7.660789328091352,3.8201311504894964,10.799754497571664
six_workloads,workload,workload,Algorand,VISA,tps_positive_commit,sample_std_pct,mean,10,10,130,13,13,7.069040950810974,5.780975701043193,7.505066618035226
six_workloads,workload,workload,Algorand,VISA,tps_positive_commit,sample_std_pct,median,10,10,130,13,13,6.727468381642435,4.541726656194964,7.455114482020685
six_workloads,workload,workload,Diem,DDoS,tps_positive_commit,iqr_pct,mean,10,10,136,10,20,25.668512044899614,18.42306390933447,30.707746378424588
six_workloads,workload,workload,Diem,DDoS,tps_positive_commit,iqr_pct,median,10,10,136,10,20,12.950157955046329,11.337691150398229,23.312458124012622
six_workloads,workload,workload,Diem,DDoS,tps_positive_commit,sample_std_pct,mean,10,10,136,10,20,18.090329031753974,15.499011176994102,19.128908159976664
six_workloads,workload,workload,Diem,DDoS,tps_positive_commit,sample_std_pct,median,10,10,136,10,20,12.895631421139788,10.578284353507934,15.54994434160427
six_workloads,workload,workload,Diem,FIFA,tps_positive_commit,iqr_pct,mean,10,10,132,9,21,40.64575997633347,31.42374859168747,56.374840109800175
six_workloads,workload,workload,Diem,FIFA,tps_positive_commit,iqr_pct,median,10,10,132,9,21,43.44470613313614,26.377653299916577,56.07242552582816
six_workloads,workload,workload,Diem,FIFA,tps_positive_commit,sample_std_pct,mean,10,10,132,9,21,39.3837594595364,32.096927476854205,41.814260294431584
six_workloads,workload,workload,Diem,FIFA,tps_positive_commit,sample_std_pct,median,10,10,132,9,21,39.12275384160398,29.873297341684385,44.02861675562956
six_workloads,workload,workload,Diem,GAFAM,tps_positive_commit,iqr_pct,mean,10,10,136,10,19,10.65638473313025,6.588029918883776,18.289184921104354
six_workloads,workload,workload,Diem,GAFAM,tps_positive_commit,iqr_pct,median,10,10,136,10,19,9.02762686368726,1.2356712969064807,13.320594257148011
six_workloads,workload,workload,Diem,GAFAM,tps_positive_commit,sample_std_pct,mean,10,10,136,10,19,12.320704334527933,8.366434753483128,14.152095994936047
six_workloads,workload,workload,Diem,GAFAM,tps_positive_commit,sample_std_pct,median,10,10,136,10,19,11.64926176006871,5.603410228058157,13.304062101176603
six_workloads,workload,workload,Diem,Gaming,tps_positive_commit,iqr_pct,mean,10,10,139,10,25,40.338114798834496,27.52411647480468,49.11412144529336
six_workloads,workload,workload,Diem,Gaming,tps_positive_commit,iqr_pct,median,10,10,139,10,25,38.96666088659917,20.470761108603433,51.04464766698441
six_workloads,workload,workload,Diem,Gaming,tps_positive_commit,sample_std_pct,mean,10,10,139,10,25,31.0794288194841,25.40530007947831,33.533561390014206
six_workloads,workload,workload,Diem,Gaming,tps_positive_commit,sample_std_pct,median,10,10,139,10,25,32.93904189192568,23.314872007266562,35.023217422560116
six_workloads,workload,workload,Diem,PayPal,tps_positive_commit,iqr_pct,mean,10,10,142,11,23,2.158276075922773,1.3890516330185372,4.319038176105065
six_workloads,workload,workload,Diem,PayPal,tps_positive_commit,iqr_pct,median,10,10,142,11,23,1.6762838319555429,0.6796953554534783,1.87984969958479
six_workloads,workload,workload,Diem,PayPal,tps_positive_commit,sample_std_pct,mean,10,10,142,11,23,3.6541367942445726,1.2722021942974129,5.422314397624159
six_workloads,workload,workload,Diem,PayPal,tps_positive_commit,sample_std_pct,median,10,10,142,11,23,1.2510043366896664,0.7786219427982415,1.4532470817461733
six_workloads,workload,workload,Diem,VISA,tps_positive_commit,iqr_pct,mean,10,10,137,9,23,15.1573527297406,9.976962353410535,17.734591204965252
six_workloads,workload,workload,Diem,VISA,tps_positive_commit,iqr_pct,median,10,10,137,9,23,9.298067106060994,5.639605306673451,10.572527129919422
six_workloads,workload,workload,Diem,VISA,tps_positive_commit,sample_std_pct,mean,10,10,137,9,23,11.767732330731615,8.966621200506713,13.390318958093784
six_workloads,workload,workload,Diem,VISA,tps_positive_commit,sample_std_pct,median,10,10,137,9,23,6.389977101765624,4.954409949207812,7.268193665361218
six_workloads,workload,workload,Ethereum,DDoS,tps_positive_commit,iqr_pct,mean,10,10,130,11,14,37.73049964675378,26.793799467760586,48.04934501252319
six_workloads,workload,workload,Ethereum,DDoS,tps_positive_commit,iqr_pct,median,10,10,130,11,14,31.521645347291987,19.571308967655376,40.17701852828035
six_workloads,workload,workload,Ethereum,DDoS,tps_positive_commit,sample_std_pct,mean,10,10,130,11,14,28.976598718975435,23.435637180764527,31.99143875498589
six_workloads,workload,workload,Ethereum,DDoS,tps_positive_commit,sample_std_pct,median,10,10,130,11,14,25.90864688312574,18.653201016706298,28.597435603115873
six_workloads,workload,workload,Ethereum,FIFA,tps_positive_commit,iqr_pct,mean,10,10,133,12,16,57.36682974993438,41.866013346699155,69.20131869696742
six_workloads,workload,workload,Ethereum,FIFA,tps_positive_commit,iqr_pct,median,10,10,133,12,16,52.97898781550416,35.9286200704358,70.59808421718749
six_workloads,workload,workload,Ethereum,FIFA,tps_positive_commit,sample_std_pct,mean,10,10,133,12,16,45.177879926351125,37.54141545687012,48.173691798141874
six_workloads,workload,workload,Ethereum,FIFA,tps_positive_commit,sample_std_pct,median,10,10,133,12,16,44.391883879546135,34.22677021409882,48.67532966908387
six_workloads,workload,workload,Ethereum,GAFAM,tps_positive_commit,iqr_pct,mean,10,10,132,13,15,19.878684450931086,15.640512428679612,25.837558594485838
six_workloads,workload,workload,Ethereum,GAFAM,tps_positive_commit,iqr_pct,median,10,10,132,13,15,17.625421210643083,13.156040801236852,25.096648045232364
six_workloads,workload,workload,Ethereum,GAFAM,tps_positive_commit,sample_std_pct,mean,10,10,132,13,15,17.531481265602473,14.06991480700597,18.666082729695074
six_workloads,workload,workload,Ethereum,GAFAM,tps_positive_commit,sample_std_pct,median,10,10,132,13,15,16.790011591835416,11.986226100673553,18.14313133739522
six_workloads,workload,workload,Ethereum,Gaming,tps_positive_commit,iqr_pct,mean,10,10,131,13,14,33.8715585791286,23.054763320635704,46.51918239904127
six_workloads,workload,workload,Ethereum,Gaming,tps_positive_commit,iqr_pct,median,10,10,131,13,14,28.314393939393938,15.85584576395162,39.92809002003063
six_workloads,workload,workload,Ethereum,Gaming,tps_positive_commit,sample_std_pct,mean,10,10,131,13,14,27.851667875605507,22.5118134877782,30.79508620791299
six_workloads,workload,workload,Ethereum,Gaming,tps_positive_commit,sample_std_pct,median,10,10,131,13,14,23.572257534116552,18.63868595801393,28.045694337281414
six_workloads,workload,workload,Ethereum,PayPal,tps_positive_commit,iqr_pct,mean,10,10,134,13,15,7.8449381733323476,5.919282653777314,13.475129458051516
six_workloads,workload,workload,Ethereum,PayPal,tps_positive_commit,iqr_pct,median,10,10,134,13,15,5.2399751398051455,3.6856933973659305,8.883895430751451
six_workloads,workload,workload,Ethereum,PayPal,tps_positive_commit,sample_std_pct,mean,10,10,134,13,15,8.32057603521096,5.790000759511787,9.825902992660358
six_workloads,workload,workload,Ethereum,PayPal,tps_positive_commit,sample_std_pct,median,10,10,134,13,15,4.888866080587137,3.4638375699178074,5.752176839992066
six_workloads,workload,workload,Ethereum,VISA,tps_positive_commit,iqr_pct,mean,10,10,132,13,15,9.923441148084892,7.285835339227547,14.40611840724275
six_workloads,workload,workload,Ethereum,VISA,tps_positive_commit,iqr_pct,median,10,10,132,13,15,9.49543342516514,5.848402685892314,11.648402269534033
six_workloads,workload,workload,Ethereum,VISA,tps_positive_commit,sample_std_pct,mean,10,10,132,13,15,9.850141487453467,7.51678977014589,10.943279896968914
six_workloads,workload,workload,Ethereum,VISA,tps_positive_commit,sample_std_pct,median,10,10,132,13,15,9.582115790945611,5.595243592312738,10.70120996847552
six_workloads,workload,workload,Quorum,DDoS,tps_positive_commit,iqr_pct,mean,10,0,0,0,0,,,
six_workloads,workload,workload,Quorum,DDoS,tps_positive_commit,iqr_pct,median,10,0,0,0,0,,,
six_workloads,workload,workload,Quorum,DDoS,tps_positive_commit,sample_std_pct,mean,10,0,0,0,0,,,
six_workloads,workload,workload,Quorum,DDoS,tps_positive_commit,sample_std_pct,median,10,0,0,0,0,,,
six_workloads,workload,workload,Quorum,FIFA,tps_positive_commit,iqr_pct,mean,10,0,0,0,0,,,
six_workloads,workload,workload,Quorum,FIFA,tps_positive_commit,iqr_pct,median,10,0,0,0,0,,,
six_workloads,workload,workload,Quorum,FIFA,tps_positive_commit,sample_std_pct,mean,10,0,0,0,0,,,
six_workloads,workload,workload,Quorum,FIFA,tps_positive_commit,sample_std_pct,median,10,0,0,0,0,,,
six_workloads,workload,workload,Quorum,GAFAM,tps_positive_commit,iqr_pct,mean,10,10,83,2,13,68.80968166814475,43.1908944419546,93.03537424153265
six_workloads,workload,workload,Quorum,GAFAM,tps_positive_commit,iqr_pct,median,10,10,83,2,13,61.859105468628584,35.61355927430913,81.27243194883205
six_workloads,workload,workload,Quorum,GAFAM,tps_positive_commit,sample_std_pct,mean,10,10,83,2,13,84.89799992146393,51.79696393430546,87.53776029066701
six_workloads,workload,workload,Quorum,GAFAM,tps_positive_commit,sample_std_pct,median,10,10,83,2,13,57.75318380413616,42.53603038515745,61.9955953989116
six_workloads,workload,workload,Quorum,Gaming,tps_positive_commit,iqr_pct,mean,10,0,0,0,0,,,
six_workloads,workload,workload,Quorum,Gaming,tps_positive_commit,iqr_pct,median,10,0,0,0,0,,,
six_workloads,workload,workload,Quorum,Gaming,tps_positive_commit,sample_std_pct,mean,10,0,0,0,0,,,
six_workloads,workload,workload,Quorum,Gaming,tps_positive_commit,sample_std_pct,median,10,0,0,0,0,,,
six_workloads,workload,workload,Quorum,PayPal,tps_positive_commit,iqr_pct,mean,10,10,138,11,17,16.710750605324744,2.5962909838886388,30.84468410311724
six_workloads,workload,workload,Quorum,PayPal,tps_positive_commit,iqr_pct,median,10,10,138,11,17,0.8433695941897066,0.25634341644819497,1.3190637352503929
six_workloads,workload,workload,Quorum,PayPal,tps_positive_commit,sample_std_pct,mean,10,10,138,11,17,15.695255430592795,10.851530467752719,19.13611428799277
six_workloads,workload,workload,Quorum,PayPal,tps_positive_commit,sample_std_pct,median,10,10,138,11,17,4.748216190528175,0.5137657831056943,6.394926654391643
six_workloads,workload,workload,Quorum,VISA,tps_positive_commit,iqr_pct,mean,10,10,98,2,18,84.4306775644994,49.585001453503075,97.33380564524867
six_workloads,workload,workload,Quorum,VISA,tps_positive_commit,iqr_pct,median,10,10,98,2,18,75.6045519203414,42.31372497620938,99.32029080853664
six_workloads,workload,workload,Quorum,VISA,tps_positive_commit,sample_std_pct,mean,10,10,98,2,18,78.08370830710655,49.95313195426057,83.44646587220014
six_workloads,workload,workload,Quorum,VISA,tps_positive_commit,sample_std_pct,median,10,10,98,2,18,66.63098311097811,47.22940126733853,76.05236656898788
six_workloads,workload,workload,Solana,DDoS,tps_positive_commit,iqr_pct,mean,10,5,56,8,13,56.9779496789195,29.196909223741365,79.99609784431817
six_workloads,workload,workload,Solana,DDoS,tps_positive_commit,iqr_pct,median,10,5,56,8,13,35.50234252993234,17.39361406731491,59.543033461311836
six_workloads,workload,workload,Solana,DDoS,tps_positive_commit,sample_std_pct,mean,10,5,56,8,13,43.28581807724709,30.686420758221246,54.41772475915105
six_workloads,workload,workload,Solana,DDoS,tps_positive_commit,sample_std_pct,median,10,5,56,8,13,24.19273584383478,19.32246893612674,34.38582019679699
six_workloads,workload,workload,Solana,FIFA,tps_positive_commit,iqr_pct,mean,10,5,47,2,13,85.62161280885937,48.03795766214516,102.09238397993904
six_workloads,workload,workload,Solana,FIFA,tps_positive_commit,iqr_pct,median,10,5,47,2,13,89.59999999999998,36.68484888926033,123.44936173529477
six_workloads,workload,workload,Solana,FIFA,tps_positive_commit,sample_std_pct,mean,10,5,47,2,13,65.90101316453891,46.42155346683403,73.88158607624128
six_workloads,workload,workload,Solana,FIFA,tps_positive_commit,sample_std_pct,median,10,5,47,2,13,80.9655070590763,45.22701449262418,88.58740561968817
six_workloads,workload,workload,Solana,GAFAM,tps_positive_commit,iqr_pct,mean,10,10,117,2,13,38.16933800277602,23.089815711684373,48.22543595362807
six_workloads,workload,workload,Solana,GAFAM,tps_positive_commit,iqr_pct,median,10,10,117,2,13,38.21888511785765,16.289632080885543,45.933359647243705
six_workloads,workload,workload,Solana,GAFAM,tps_positive_commit,sample_std_pct,mean,10,10,117,2,13,34.6966265847024,22.70794120688262,37.4973661206109
six_workloads,workload,workload,Solana,GAFAM,tps_positive_commit,sample_std_pct,median,10,10,117,2,13,35.336532143088704,20.779334648501916,38.84908588986726
six_workloads,workload,workload,Solana,Gaming,tps_positive_commit,iqr_pct,mean,10,5,52,2,15,85.16640367900172,44.69806264218336,96.96101598613639
six_workloads,workload,workload,Solana,Gaming,tps_positive_commit,iqr_pct,median,10,5,52,2,15,92.87897310513449,40.60898212496006,105.38477609954089
six_workloads,workload,workload,Solana,Gaming,tps_positive_commit,sample_std_pct,mean,10,5,52,2,15,68.60552783206688,43.94652619529474,75.02909772989698
six_workloads,workload,workload,Solana,Gaming,tps_positive_commit,sample_std_pct,median,10,5,52,2,15,67.61636967586111,46.64059055674842,73.70220734561002
six_workloads,workload,workload,Solana,PayPal,tps_positive_commit,iqr_pct,mean,10,6,55,2,13,35.748984012244165,12.070535956279326,54.43963498797064
six_workloads,workload,workload,Solana,PayPal,tps_positive_commit,iqr_pct,median,10,6,55,2,13,38.5893896763462,2.9321042185364745,56.81781585696773
six_workloads,workload,workload,Solana,PayPal,tps_positive_commit,sample_std_pct,mean,10,6,55,2,13,44.08582876240027,18.191753478301926,48.766127002676456
six_workloads,workload,workload,Solana,PayPal,tps_positive_commit,sample_std_pct,median,10,6,55,2,13,44.705932422722874,12.370739472353133,54.8691324809579
six_workloads,workload,workload,Solana,VISA,tps_positive_commit,iqr_pct,mean,10,5,66,10,15,54.37261363714384,34.12934560909691,76.13625489226408
six_workloads,workload,workload,Solana,VISA,tps_positive_commit,iqr_pct,median,10,5,66,10,15,58.01434122673307,27.82229921881977,77.97504850327921
six_workloads,workload,workload,Solana,VISA,tps_positive_commit,sample_std_pct,mean,10,5,66,10,15,46.19632218157939,35.809811949264265,52.75852446474898
six_workloads,workload,workload,Solana,VISA,tps_positive_commit,sample_std_pct,median,10,5,66,10,15,41.13391680827522,32.34715931316112,51.38024964685853
six_workloads,scaling,network_size,Algorand,10 nodes,tps_positive_commit,iqr_pct,mean,30,30,399,12,17,27.795444845641345,22.808860598698182,34.20406754470706
six_workloads,scaling,network_size,Algorand,10 nodes,tps_positive_commit,iqr_pct,median,30,30,399,12,17,9.779051285469938,6.102008511509074,14.959777293833827
six_workloads,scaling,network_size,Algorand,10 nodes,tps_positive_commit,sample_std_pct,mean,30,30,399,12,17,22.19237032406649,19.001076156896684,23.85734838963138
six_workloads,scaling,network_size,Algorand,10 nodes,tps_positive_commit,sample_std_pct,median,30,30,399,12,17,10.520175541123107,7.256317037550715,12.237085236009097
six_workloads,scaling,network_size,Algorand,40 nodes,tps_positive_commit,iqr_pct,mean,30,30,388,11,13,29.90948379452194,24.087650557587498,36.96519967140818
six_workloads,scaling,network_size,Algorand,40 nodes,tps_positive_commit,iqr_pct,median,30,30,388,11,13,19.426077185284722,14.620736719180103,27.32983764476443
six_workloads,scaling,network_size,Algorand,40 nodes,tps_positive_commit,sample_std_pct,mean,30,30,388,11,13,25.28120089341735,21.626881028801353,26.591958751728896
six_workloads,scaling,network_size,Algorand,40 nodes,tps_positive_commit,sample_std_pct,median,30,30,388,11,13,22.174993136653157,15.428295355712544,23.32970064769801
six_workloads,scaling,network_size,Diem,10 nodes,tps_positive_commit,iqr_pct,mean,30,30,383,11,14,25.110984277634294,19.579475103404697,28.897884342786597
six_workloads,scaling,network_size,Diem,10 nodes,tps_positive_commit,iqr_pct,median,30,30,383,11,14,13.38620819610287,10.315825538791632,21.209984990846923
six_workloads,scaling,network_size,Diem,10 nodes,tps_positive_commit,sample_std_pct,mean,30,30,383,11,14,19.743166684562244,17.010126456441338,20.462116135564607
six_workloads,scaling,network_size,Diem,10 nodes,tps_positive_commit,sample_std_pct,median,30,30,383,11,14,12.569701688186171,10.447318805743732,15.300990741601813
six_workloads,scaling,network_size,Diem,40 nodes,tps_positive_commit,iqr_pct,mean,30,30,439,9,25,19.76381584198611,16.961896258361527,25.64207935401002
six_workloads,scaling,network_size,Diem,40 nodes,tps_positive_commit,iqr_pct,median,30,30,439,9,25,12.467279764661821,8.436992059806844,15.756046122391377
six_workloads,scaling,network_size,Diem,40 nodes,tps_positive_commit,sample_std_pct,mean,30,30,439,9,25,19.022196905530627,15.735051798829316,19.772495871665004
six_workloads,scaling,network_size,Diem,40 nodes,tps_positive_commit,sample_std_pct,median,30,30,439,9,25,16.250937830768336,9.278123288857108,16.37504245661573
six_workloads,scaling,network_size,Ethereum,10 nodes,tps_positive_commit,iqr_pct,mean,30,30,402,11,16,37.91409322076858,30.980653539807427,43.723057663869234
six_workloads,scaling,network_size,Ethereum,10 nodes,tps_positive_commit,iqr_pct,median,30,30,402,11,16,30.18624781170979,19.722317338736683,34.92737046140868
six_workloads,scaling,network_size,Ethereum,10 nodes,tps_positive_commit,sample_std_pct,mean,30,30,402,11,16,30.490815250461893,26.32714479970756,31.58919280259687
six_workloads,scaling,network_size,Ethereum,10 nodes,tps_positive_commit,sample_std_pct,median,30,30,402,11,16,25.41070670197355,19.836615369701804,28.602183824484467
six_workloads,scaling,network_size,Ethereum,40 nodes,tps_positive_commit,iqr_pct,mean,30,30,390,13,13,17.62455736195312,14.627659518921527,22.066503795404458
six_workloads,scaling,network_size,Ethereum,40 nodes,tps_positive_commit,iqr_pct,median,30,30,390,13,13,13.107089679284876,9.83153228526054,18.30417630457826
six_workloads,scaling,network_size,Ethereum,40 nodes,tps_positive_commit,sample_std_pct,mean,30,30,390,13,13,15.411966519271106,13.24851220004274,15.926391626713674
six_workloads,scaling,network_size,Ethereum,40 nodes,tps_positive_commit,sample_std_pct,median,30,30,390,13,13,12.610444785633042,10.122732189409591,13.845794493464407
six_workloads,scaling,network_size,Quorum,10 nodes,tps_positive_commit,iqr_pct,mean,30,15,147,2,17,61.7568752209488,34.599076535600084,69.56181304610858
six_workloads,scaling,network_size,Quorum,10 nodes,tps_positive_commit,iqr_pct,median,30,15,147,2,17,61.67122711008209,24.77998451800303,71.37304416405686
six_workloads,scaling,network_size,Quorum,10 nodes,tps_positive_commit,sample_std_pct,mean,30,15,147,2,17,54.90659244844132,35.674004600152514,58.22634550485339
six_workloads,scaling,network_size,Quorum,10 nodes,tps_positive_commit,sample_std_pct,median,30,15,147,2,17,46.233727524078404,32.96518822131928,51.045729453495
six_workloads,scaling,network_size,Quorum,40 nodes,tps_positive_commit,iqr_pct,mean,30,15,172,2,18,51.54386467103047,35.17815984509157,70.97515933991993
six_workloads,scaling,network_size,Quorum,40 nodes,tps_positive_commit,iqr_pct,median,30,15,172,2,18,62.69349845201238,15.267175572519081,73.36391059526544
six_workloads,scaling,network_size,Quorum,40 nodes,tps_positive_commit,sample_std_pct,mean,30,15,172,2,18,64.2113833243342,41.58448592232,66.29992446515239
six_workloads,scaling,network_size,Quorum,40 nodes,tps_positive_commit,sample_std_pct,median,30,15,172,2,18,56.99142296409814,38.43395380152042,59.305730035000764
six_workloads,scaling,network_size,Solana,10 nodes,tps_positive_commit,iqr_pct,mean,30,30,327,2,15,59.685196638180415,44.51855057114679,63.784090295069895
six_workloads,scaling,network_size,Solana,10 nodes,tps_positive_commit,iqr_pct,median,30,30,327,2,15,57.10715491724348,32.87611776465448,58.936666842337566
six_workloads,scaling,network_size,Solana,10 nodes,tps_positive_commit,sample_std_pct,mean,30,30,327,2,15,49.72431052957488,39.379126727012846,50.01933396008957
six_workloads,scaling,network_size,Solana,10 nodes,tps_positive_commit,sample_std_pct,median,30,30,327,2,15,49.79054254265417,35.35356301971734,50.980911154165454
six_workloads,scaling,network_size,Solana,40 nodes,tps_positive_commit,iqr_pct,mean,30,6,66,2,13,36.054047329239076,16.71759271400636,47.30674839470157
six_workloads,scaling,network_size,Solana,40 nodes,tps_positive_commit,iqr_pct,median,30,6,66,2,13,38.21888511785765,12.543740874324795,51.504976010042775
six_workloads,scaling,network_size,Solana,40 nodes,tps_positive_commit,sample_std_pct,mean,30,6,66,2,13,39.9492214685568,19.578499465208406,42.88094407164347
six_workloads,scaling,network_size,Solana,40 nodes,tps_positive_commit,sample_std_pct,median,30,6,66,2,13,35.336532143088704,18.323297043533824,41.35423858815475
legacy_three_workloads,topology,mode,Algorand,fat-tree,tps_positive_commit,iqr_pct,mean,6,6,78,13,13,16.83542843532045,7.01792493773504,25.624591996700325
legacy_three_workloads,topology,mode,Algorand,fat-tree,tps_positive_commit,iqr_pct,median,6,6,78,13,13,11.341366701483857,1.6344983847704908,14.141447636770913
legacy_three_workloads,topology,mode,Algorand,fat-tree,tps_positive_commit,sample_std_pct,mean,6,6,78,13,13,11.93939664125115,8.484799929093372,14.203592348451913
legacy_three_workloads,topology,mode,Algorand,fat-tree,tps_positive_commit,sample_std_pct,median,6,6,78,13,13,7.6085478706174685,5.313336879111243,8.625511541837488
legacy_three_workloads,topology,mode,Algorand,full mesh,tps_positive_commit,iqr_pct,mean,6,6,79,13,14,6.3774618097647435,3.988936189170805,12.884479602413176
legacy_three_workloads,topology,mode,Algorand,full mesh,tps_positive_commit,iqr_pct,median,6,6,79,13,14,3.4255178524008065,1.7410700869702942,9.510327035516447
legacy_three_workloads,topology,mode,Algorand,full mesh,tps_positive_commit,sample_std_pct,mean,6,6,79,13,14,7.588333524869608,4.912173252799988,9.0225330755856
legacy_three_workloads,topology,mode,Algorand,full mesh,tps_positive_commit,sample_std_pct,median,6,6,79,13,14,6.541506122110542,3.102847838355862,7.7891925053611715
legacy_three_workloads,topology,mode,Algorand,hypercube,tps_positive_commit,iqr_pct,mean,6,6,78,13,13,10.107078868441159,6.182903941590164,24.357985492111602
legacy_three_workloads,topology,mode,Algorand,hypercube,tps_positive_commit,iqr_pct,median,6,6,78,13,13,8.483874894142017,2.7849207673714704,14.698282763262972
legacy_three_workloads,topology,mode,Algorand,hypercube,tps_positive_commit,sample_std_pct,mean,6,6,78,13,13,11.29567485279736,7.057218164903307,14.241903278055247
legacy_three_workloads,topology,mode,Algorand,hypercube,tps_positive_commit,sample_std_pct,median,6,6,78,13,13,7.989430387418922,4.222629699203792,9.016010501251987
legacy_three_workloads,topology,mode,Algorand,scale-free,tps_positive_commit,iqr_pct,mean,6,6,78,13,13,21.655166521950417,10.506347360127599,38.791625336927176
legacy_three_workloads,topology,mode,Algorand,scale-free,tps_positive_commit,iqr_pct,median,6,6,78,13,13,7.660789328091352,3.6369575122014304,15.81313383061676
legacy_three_workloads,topology,mode,Algorand,scale-free,tps_positive_commit,sample_std_pct,mean,6,6,78,13,13,17.94333518451642,12.096981375871678,22.655118755567578
legacy_three_workloads,topology,mode,Algorand,scale-free,tps_positive_commit,sample_std_pct,median,6,6,78,13,13,7.654623943775064,4.6876775647560915,9.811224389478324
legacy_three_workloads,topology,mode,Algorand,torus,tps_positive_commit,iqr_pct,mean,6,6,78,13,13,16.006391431468984,7.895766264225555,27.628532811400774
legacy_three_workloads,topology,mode,Algorand,torus,tps_positive_commit,iqr_pct,median,6,6,78,13,13,8.066735840044796,1.8044334589343582,10.624175180507786
legacy_three_workloads,topology,mode,Algorand,torus,tps_positive_commit,sample_std_pct,mean,6,6,78,13,13,12.717856092603219,7.854905438414524,16.009082020356292
legacy_three_workloads,topology,mode,Algorand,torus,tps_positive_commit,sample_std_pct,median,6,6,78,13,13,5.551096430132872,3.323731138283517,6.619166239087415
legacy_three_workloads,topology,mode,Diem,fat-tree,tps_positive_commit,iqr_pct,mean,6,6,102,11,23,20.317974549153153,11.850299220251873,24.899180172799802
legacy_three_workloads,topology,mode,Diem,fat-tree,tps_positive_commit,iqr_pct,median,6,6,102,11,23,11.007864118587214,3.8576644304368104,17.046013819713746
legacy_three_workloads,topology,mode,Diem,fat-tree,tps_positive_commit,sample_std_pct,mean,6,6,102,11,23,14.543926043677677,10.7421057504285,17.14592208731393
legacy_three_workloads,topology,mode,Diem,fat-tree,tps_positive_commit,sample_std_pct,median,6,6,102,11,23,11.000512348421278,5.487412772199356,13.71835973506525
legacy_three_workloads,topology,mode,Diem,full mesh,tps_positive_commit,iqr_pct,mean,6,6,76,12,13,9.663716123959071,5.612611093354295,14.38398737614336
legacy_three_workloads,topology,mode,Diem,full mesh,tps_positive_commit,iqr_pct,median,6,6,76,12,13,6.703127157166966,2.593302420542988,9.142514094267552
legacy_three_workloads,topology,mode,Diem,full mesh,tps_positive_commit,sample_std_pct,mean,6,6,76,12,13,8.418184284229094,6.146768346035899,9.529021597461824
legacy_three_workloads,topology,mode,Diem,full mesh,tps_positive_commit,sample_std_pct,median,6,6,76,12,13,6.706749794607104,3.573842979273775,8.7493693435458
legacy_three_workloads,topology,mode,Diem,hypercube,tps_positive_commit,iqr_pct,mean,6,6,68,9,13,7.449816822998436,2.9900248593578995,17.808954508212718
legacy_three_workloads,topology,mode,Diem,hypercube,tps_positive_commit,iqr_pct,median,6,6,68,9,13,5.411145096614383,1.6572229213037877,7.4888547854111005
legacy_three_workloads,topology,mode,Diem,hypercube,tps_positive_commit,sample_std_pct,mean,6,6,68,9,13,7.852802780603381,3.6799265990468473,9.788255716631214
legacy_three_workloads,topology,mode,Diem,hypercube,tps_positive_commit,sample_std_pct,median,6,6,68,9,13,4.2478357500356125,2.649755971673209,5.037874600874302
legacy_three_workloads,topology,mode,Diem,scale-free,tps_positive_commit,iqr_pct,mean,6,6,93,12,19,5.161934352203014,2.9184402213193485,6.777574303777942
legacy_three_workloads,topology,mode,Diem,scale-free,tps_positive_commit,iqr_pct,median,6,6,93,12,19,5.53734501486082,2.2257455919977245,7.611378927105528
legacy_three_workloads,topology,mode,Diem,scale-free,tps_positive_commit,sample_std_pct,mean,6,6,93,12,19,5.586255187132529,3.377512038994771,6.83186934099216
legacy_three_workloads,topology,mode,Diem,scale-free,tps_positive_commit,sample_std_pct,median,6,6,93,12,19,5.220079628874851,3.5324417794108327,5.961482596854295
legacy_three_workloads,topology,mode,Diem,torus,tps_positive_commit,iqr_pct,mean,6,6,76,12,13,4.026580716342366,2.3748927846244583,17.06011388312068
legacy_three_workloads,topology,mode,Diem,torus,tps_positive_commit,iqr_pct,median,6,6,76,12,13,2.5249884951679817,0.6066061252997049,7.7050853537072825
legacy_three_workloads,topology,mode,Diem,torus,tps_positive_commit,sample_std_pct,mean,6,6,76,12,13,9.83645413686419,3.242693167172284,13.838625263550556
legacy_three_workloads,topology,mode,Diem,torus,tps_positive_commit,sample_std_pct,median,6,6,76,12,13,5.8715118802794155,2.6096439110595657,7.0195656663739205
legacy_three_workloads,topology,mode,Ethereum,fat-tree,tps_positive_commit,iqr_pct,mean,6,6,79,13,14,12.969001306509107,9.039518876815766,24.09537108700094
legacy_three_workloads,topology,mode,Ethereum,fat-tree,tps_positive_commit,iqr_pct,median,6,6,79,13,14,11.675953073273678,6.127618739452285,20.265867915572503
legacy_three_workloads,topology,mode,Ethereum,fat-tree,tps_positive_commit,sample_std_pct,mean,6,6,79,13,14,15.203566435219132,10.39757299683673,17.975814039144634
legacy_three_workloads,topology,mode,Ethereum,fat-tree,tps_positive_commit,sample_std_pct,median,6,6,79,13,14,15.12465907819891,7.866329594218592,18.19995237346632
legacy_three_workloads,topology,mode,Ethereum,full mesh,tps_positive_commit,iqr_pct,mean,6,6,78,13,13,9.957205725999476,6.987835915763598,15.354486548005612
legacy_three_workloads,topology,mode,Ethereum,full mesh,tps_positive_commit,iqr_pct,median,6,6,78,13,13,7.678343030864636,4.396047060792603,14.592544550853981
legacy_three_workloads,topology,mode,Ethereum,full mesh,tps_positive_commit,sample_std_pct,mean,6,6,78,13,13,8.967851373049085,6.833844317116335,10.15037673104584
legacy_three_workloads,topology,mode,Ethereum,full mesh,tps_positive_commit,sample_std_pct,median,6,6,78,13,13,8.072095284099555,5.421697949034873,9.467101723799317
legacy_three_workloads,topology,mode,Ethereum,hypercube,tps_positive_commit,iqr_pct,mean,6,6,79,13,14,11.264436260127825,7.572726785368907,16.445187926103262
legacy_three_workloads,topology,mode,Ethereum,hypercube,tps_positive_commit,iqr_pct,median,6,6,79,13,14,10.769586389917855,5.2925006182231895,14.496689234331292
legacy_three_workloads,topology,mode,Ethereum,hypercube,tps_positive_commit,sample_std_pct,mean,6,6,79,13,14,10.500767756066594,7.963550828754853,11.566915451028603
legacy_three_workloads,topology,mode,Ethereum,hypercube,tps_positive_commit,sample_std_pct,median,6,6,79,13,14,10.469677658583223,6.315639215357387,12.699191418603437
legacy_three_workloads,topology,mode,Ethereum,scale-free,tps_positive_commit,iqr_pct,mean,6,6,78,13,13,17.141873740605117,11.000278091332254,23.12436187764902
legacy_three_workloads,topology,mode,Ethereum,scale-free,tps_positive_commit,iqr_pct,median,6,6,78,13,13,15.789385907369685,8.655391177646539,21.891417628227305
legacy_three_workloads,topology,mode,Ethereum,scale-free,tps_positive_commit,sample_std_pct,mean,6,6,78,13,13,14.048316161205042,10.499535303081503,15.969897071266637
legacy_three_workloads,topology,mode,Ethereum,scale-free,tps_positive_commit,sample_std_pct,median,6,6,78,13,13,14.424935896860237,8.628905633761747,17.787540927501386
legacy_three_workloads,topology,mode,Ethereum,torus,tps_positive_commit,iqr_pct,mean,6,6,84,13,15,11.412589254005686,7.934336295200083,15.568759941391257
legacy_three_workloads,topology,mode,Ethereum,torus,tps_positive_commit,iqr_pct,median,6,6,84,13,15,13.231738209285197,6.900270040220977,16.08467157535
legacy_three_workloads,topology,mode,Ethereum,torus,tps_positive_commit,sample_std_pct,mean,6,6,84,13,15,10.783162921571652,7.561329589066874,12.317786347995794
legacy_three_workloads,topology,mode,Ethereum,torus,tps_positive_commit,sample_std_pct,median,6,6,84,13,15,11.605277141244676,6.982182257475484,12.990923004802701
legacy_three_workloads,topology,mode,Quorum,fat-tree,tps_positive_commit,iqr_pct,mean,6,6,62,3,14,41.6519440407369,23.476464935939916,75.6355042136858
legacy_three_workloads,topology,mode,Quorum,fat-tree,tps_positive_commit,iqr_pct,median,6,6,62,3,14,44.9382657762525,13.286572169746941,75.47302087221237
legacy_three_workloads,topology,mode,Quorum,fat-tree,tps_positive_commit,sample_std_pct,mean,6,6,62,3,14,62.81252102911091,30.03815982347221,66.15075514487033
legacy_three_workloads,topology,mode,Quorum,fat-tree,tps_positive_commit,sample_std_pct,median,6,6,62,3,14,45.09154463125647,30.86497764088418,50.914510892204426
legacy_three_workloads,topology,mode,Quorum,full mesh,tps_positive_commit,iqr_pct,mean,6,6,64,2,18,49.162891774772866,23.182789004867864,69.04540235393888
legacy_three_workloads,topology,mode,Quorum,full mesh,tps_positive_commit,iqr_pct,median,6,6,64,2,18,43.30987536395335,11.816021639269458,66.86233290477986
legacy_three_workloads,topology,mode,Quorum,full mesh,tps_positive_commit,sample_std_pct,mean,6,6,64,2,18,49.851034780269636,29.711584548979154,55.708045538754995
legacy_three_workloads,topology,mode,Quorum,full mesh,tps_positive_commit,sample_std_pct,median,6,6,64,2,18,51.612575244088276,25.104213628522796,57.87101685900699
legacy_three_workloads,topology,mode,Quorum,hypercube,tps_positive_commit,iqr_pct,mean,6,6,66,4,17,65.87047379129906,29.50004313651231,95.10109552265754
legacy_three_workloads,topology,mode,Quorum,hypercube,tps_positive_commit,iqr_pct,median,6,6,66,4,17,71.84623346379016,15.562244263202487,101.8653739523873
legacy_three_workloads,topology,mode,Quorum,hypercube,tps_positive_commit,sample_std_pct,mean,6,6,66,4,17,65.45872125973659,39.52870083473699,78.01303738614317
legacy_three_workloads,topology,mode,Quorum,hypercube,tps_positive_commit,sample_std_pct,median,6,6,66,4,17,60.682468423589725,32.127436335476844,70.73797358086622
legacy_three_workloads,topology,mode,Quorum,scale-free,tps_positive_commit,iqr_pct,mean,6,6,67,5,16,64.9601103404014,30.254028545129874,88.83588013597854
legacy_three_workloads,topology,mode,Quorum,scale-free,tps_positive_commit,iqr_pct,median,6,6,67,5,16,72.75869759143623,17.85010803104983,96.1350002203656
legacy_three_workloads,topology,mode,Quorum,scale-free,tps_positive_commit,sample_std_pct,mean,6,6,67,5,16,56.482887599535076,40.67746694171658,63.29150394720792
legacy_three_workloads,topology,mode,Quorum,scale-free,tps_positive_commit,sample_std_pct,median,6,6,67,5,16,56.5971976531542,34.802989366353195,64.65314671377459
legacy_three_workloads,topology,mode,Quorum,torus,tps_positive_commit,iqr_pct,mean,6,6,60,2,18,61.60642978273794,19.822664313143786,74.30530666639405
legacy_three_workloads,topology,mode,Quorum,torus,tps_positive_commit,iqr_pct,median,6,6,60,2,18,53.42229254125077,6.096702507295311,74.5086799064853
legacy_three_workloads,topology,mode,Quorum,torus,tps_positive_commit,sample_std_pct,mean,6,6,60,2,18,63.189774763286586,27.33925164135267,74.645671728749
legacy_three_workloads,topology,mode,Quorum,torus,tps_positive_commit,sample_std_pct,median,6,6,60,2,18,47.21669255665308,14.255712348273413,55.860382918886785
legacy_three_workloads,topology,mode,Solana,fat-tree,tps_positive_commit,iqr_pct,mean,6,5,44,2,13,56.50964916914795,25.808187526957358,84.82602582613785
legacy_three_workloads,topology,mode,Solana,fat-tree,tps_positive_commit,iqr_pct,median,6,5,44,2,13,57.682359027418514,11.461339586339587,92.17408897401482
legacy_three_workloads,topology,mode,Solana,fat-tree,tps_positive_commit,sample_std_pct,mean,6,5,44,2,13,55.555637600311385,28.057877817526908,63.39282989997038
legacy_three_workloads,topology,mode,Solana,fat-tree,tps_positive_commit,sample_std_pct,median,6,5,44,2,13,53.77371080055194,20.281783818131306,73.23742046678628
legacy_three_workloads,topology,mode,Solana,full mesh,tps_positive_commit,iqr_pct,mean,6,4,53,13,14,15.914350888318374,8.281770259730576,29.142975274731427
legacy_three_workloads,topology,mode,Solana,full mesh,tps_positive_commit,iqr_pct,median,6,4,53,13,14,10.70691671940929,5.074033571073461,20.803725248231615
legacy_three_workloads,topology,mode,Solana,full mesh,tps_positive_commit,sample_std_pct,mean,6,4,53,13,14,19.47800706467094,11.040240322679612,24.441221535795464
legacy_three_workloads,topology,mode,Solana,full mesh,tps_positive_commit,sample_std_pct,median,6,4,53,13,14,17.670482131198906,7.461719972162882,25.19622331242558
legacy_three_workloads,topology,mode,Solana,hypercube,tps_positive_commit,iqr_pct,mean,6,4,52,13,13,35.469334007393,15.620200856034204,48.220384454612855
legacy_three_workloads,topology,mode,Solana,hypercube,tps_positive_commit,iqr_pct,median,6,4,52,13,13,38.91126845915862,12.068060570189548,52.92330742170006
legacy_three_workloads,topology,mode,Solana,hypercube,tps_positive_commit,sample_std_pct,mean,6,4,52,13,13,28.672892916425358,19.55160257258186,34.257056750611454
legacy_three_workloads,topology,mode,Solana,hypercube,tps_positive_commit,sample_std_pct,median,6,4,52,13,13,30.187208643482077,19.144405505348065,37.04290257409228
legacy_three_workloads,topology,mode,Solana,scale-free,tps_positive_commit,iqr_pct,mean,6,4,37,2,14,41.21051765655272,22.745687381557367,67.17175178454082
legacy_three_workloads,topology,mode,Solana,scale-free,tps_positive_commit,iqr_pct,median,6,4,37,2,14,39.88005722040862,19.34187856209899,62.03883055950419
legacy_three_workloads,topology,mode,Solana,scale-free,tps_positive_commit,sample_std_pct,mean,6,4,37,2,14,57.3766113960018,27.03480301076206,61.37464884136809
legacy_three_workloads,topology,mode,Solana,scale-free,tps_positive_commit,sample_std_pct,median,6,4,37,2,14,58.38462701767771,27.815322713873808,63.08821859181796
legacy_three_workloads,topology,mode,Solana,torus,tps_positive_commit,iqr_pct,mean,6,4,52,11,15,53.781324058037065,26.264761773349154,66.37954876184398
legacy_three_workloads,topology,mode,Solana,torus,tps_positive_commit,iqr_pct,median,6,4,52,11,15,61.525037573234584,21.809087694738686,72.18197847425934
legacy_three_workloads,topology,mode,Solana,torus,tps_positive_commit,sample_std_pct,mean,6,4,52,11,15,35.64365395484332,26.7576641437835,41.46177466277129
legacy_three_workloads,topology,mode,Solana,torus,tps_positive_commit,sample_std_pct,median,6,4,52,11,15,40.34257661533543,26.983446679880153,45.702638554927724
legacy_three_workloads,workload,workload,Algorand,GAFAM,tps_positive_commit,iqr_pct,mean,10,10,131,13,14,32.74761538149979,22.810722555115824,48.83918421737871
legacy_three_workloads,workload,workload,Algorand,GAFAM,tps_positive_commit,iqr_pct,median,10,10,131,13,14,24.360824442394822,14.637328957396985,46.267436831922865
legacy_three_workloads,workload,workload,Algorand,GAFAM,tps_positive_commit,sample_std_pct,mean,10,10,131,13,14,29.427160297989825,23.27304882399102,32.94179522790662
legacy_three_workloads,workload,workload,Algorand,GAFAM,tps_positive_commit,sample_std_pct,median,10,10,131,13,14,30.704867400752683,20.282859938318868,33.77543753923291
legacy_three_workloads,workload,workload,Algorand,PayPal,tps_positive_commit,iqr_pct,mean,10,10,130,13,13,0.5739651346591907,0.3383127201193072,0.6522212293056822
legacy_three_workloads,workload,workload,Algorand,PayPal,tps_positive_commit,iqr_pct,median,10,10,130,13,13,0.4950659025562454,0.23423023503030607,0.5503965317454499
legacy_three_workloads,workload,workload,Algorand,PayPal,tps_positive_commit,sample_std_pct,mean,10,10,130,13,13,0.3945565288218549,0.3228067703876647,0.4161898968884417
legacy_three_workloads,workload,workload,Algorand,PayPal,tps_positive_commit,sample_std_pct,median,10,10,130,13,13,0.37090658240587726,0.26777648570965246,0.42459970399992886
legacy_three_workloads,workload,workload,Algorand,VISA,tps_positive_commit,iqr_pct,mean,10,10,130,13,13,9.267335724008467,6.4562089322688685,11.523428817349197
legacy_three_workloads,workload,workload,Algorand,VISA,tps_positive_commit,iqr_pct,median,10,10,130,13,13,7.660789328091352,3.8201311504894964,10.799754497571664
legacy_three_workloads,workload,workload,Algorand,VISA,tps_positive_commit,sample_std_pct,mean,10,10,130,13,13,7.069040950810974,5.780975701043193,7.505066618035226
legacy_three_workloads,workload,workload,Algorand,VISA,tps_positive_commit,sample_std_pct,median,10,10,130,13,13,6.727468381642435,4.541726656194964,7.455114482020685
legacy_three_workloads,workload,workload,Diem,GAFAM,tps_positive_commit,iqr_pct,mean,10,10,136,10,19,10.65638473313025,6.588029918883776,18.289184921104354
legacy_three_workloads,workload,workload,Diem,GAFAM,tps_positive_commit,iqr_pct,median,10,10,136,10,19,9.02762686368726,1.2356712969064807,13.320594257148011
legacy_three_workloads,workload,workload,Diem,GAFAM,tps_positive_commit,sample_std_pct,mean,10,10,136,10,19,12.320704334527933,8.366434753483128,14.152095994936047
legacy_three_workloads,workload,workload,Diem,GAFAM,tps_positive_commit,sample_std_pct,median,10,10,136,10,19,11.64926176006871,5.603410228058157,13.304062101176603
legacy_three_workloads,workload,workload,Diem,PayPal,tps_positive_commit,iqr_pct,mean,10,10,142,11,23,2.158276075922773,1.3890516330185372,4.319038176105065
legacy_three_workloads,workload,workload,Diem,PayPal,tps_positive_commit,iqr_pct,median,10,10,142,11,23,1.6762838319555429,0.6796953554534783,1.87984969958479
legacy_three_workloads,workload,workload,Diem,PayPal,tps_positive_commit,sample_std_pct,mean,10,10,142,11,23,3.6541367942445726,1.2722021942974129,5.422314397624159
legacy_three_workloads,workload,workload,Diem,PayPal,tps_positive_commit,sample_std_pct,median,10,10,142,11,23,1.2510043366896664,0.7786219427982415,1.4532470817461733
legacy_three_workloads,workload,workload,Diem,VISA,tps_positive_commit,iqr_pct,mean,10,10,137,9,23,15.1573527297406,9.976962353410535,17.734591204965252
legacy_three_workloads,workload,workload,Diem,VISA,tps_positive_commit,iqr_pct,median,10,10,137,9,23,9.298067106060994,5.639605306673451,10.572527129919422
legacy_three_workloads,workload,workload,Diem,VISA,tps_positive_commit,sample_std_pct,mean,10,10,137,9,23,11.767732330731615,8.966621200506713,13.390318958093784
legacy_three_workloads,workload,workload,Diem,VISA,tps_positive_commit,sample_std_pct,median,10,10,137,9,23,6.389977101765624,4.954409949207812,7.268193665361218
legacy_three_workloads,workload,workload,Ethereum,GAFAM,tps_positive_commit,iqr_pct,mean,10,10,132,13,15,19.878684450931086,15.640512428679612,25.837558594485838
legacy_three_workloads,workload,workload,Ethereum,GAFAM,tps_positive_commit,iqr_pct,median,10,10,132,13,15,17.625421210643083,13.156040801236852,25.096648045232364
legacy_three_workloads,workload,workload,Ethereum,GAFAM,tps_positive_commit,sample_std_pct,mean,10,10,132,13,15,17.531481265602473,14.06991480700597,18.666082729695074
legacy_three_workloads,workload,workload,Ethereum,GAFAM,tps_positive_commit,sample_std_pct,median,10,10,132,13,15,16.790011591835416,11.986226100673553,18.14313133739522
legacy_three_workloads,workload,workload,Ethereum,PayPal,tps_positive_commit,iqr_pct,mean,10,10,134,13,15,7.8449381733323476,5.919282653777314,13.475129458051516
legacy_three_workloads,workload,workload,Ethereum,PayPal,tps_positive_commit,iqr_pct,median,10,10,134,13,15,5.2399751398051455,3.6856933973659305,8.883895430751451
legacy_three_workloads,workload,workload,Ethereum,PayPal,tps_positive_commit,sample_std_pct,mean,10,10,134,13,15,8.32057603521096,5.790000759511787,9.825902992660358
legacy_three_workloads,workload,workload,Ethereum,PayPal,tps_positive_commit,sample_std_pct,median,10,10,134,13,15,4.888866080587137,3.4638375699178074,5.752176839992066
legacy_three_workloads,workload,workload,Ethereum,VISA,tps_positive_commit,iqr_pct,mean,10,10,132,13,15,9.923441148084892,7.285835339227547,14.40611840724275
legacy_three_workloads,workload,workload,Ethereum,VISA,tps_positive_commit,iqr_pct,median,10,10,132,13,15,9.49543342516514,5.848402685892314,11.648402269534033
legacy_three_workloads,workload,workload,Ethereum,VISA,tps_positive_commit,sample_std_pct,mean,10,10,132,13,15,9.850141487453467,7.51678977014589,10.943279896968914
legacy_three_workloads,workload,workload,Ethereum,VISA,tps_positive_commit,sample_std_pct,median,10,10,132,13,15,9.582115790945611,5.595243592312738,10.70120996847552
legacy_three_workloads,workload,workload,Quorum,GAFAM,tps_positive_commit,iqr_pct,mean,10,10,83,2,13,68.80968166814475,43.1908944419546,93.03537424153265
legacy_three_workloads,workload,workload,Quorum,GAFAM,tps_positive_commit,iqr_pct,median,10,10,83,2,13,61.859105468628584,35.61355927430913,81.27243194883205
legacy_three_workloads,workload,workload,Quorum,GAFAM,tps_positive_commit,sample_std_pct,mean,10,10,83,2,13,84.89799992146393,51.79696393430546,87.53776029066701
legacy_three_workloads,workload,workload,Quorum,GAFAM,tps_positive_commit,sample_std_pct,median,10,10,83,2,13,57.75318380413616,42.53603038515745,61.9955953989116
legacy_three_workloads,workload,workload,Quorum,PayPal,tps_positive_commit,iqr_pct,mean,10,10,138,11,17,16.710750605324744,2.5962909838886388,30.84468410311724
legacy_three_workloads,workload,workload,Quorum,PayPal,tps_positive_commit,iqr_pct,median,10,10,138,11,17,0.8433695941897066,0.25634341644819497,1.3190637352503929
legacy_three_workloads,workload,workload,Quorum,PayPal,tps_positive_commit,sample_std_pct,mean,10,10,138,11,17,15.695255430592795,10.851530467752719,19.13611428799277
legacy_three_workloads,workload,workload,Quorum,PayPal,tps_positive_commit,sample_std_pct,median,10,10,138,11,17,4.748216190528175,0.5137657831056943,6.394926654391643
legacy_three_workloads,workload,workload,Quorum,VISA,tps_positive_commit,iqr_pct,mean,10,10,98,2,18,84.4306775644994,49.585001453503075,97.33380564524867
legacy_three_workloads,workload,workload,Quorum,VISA,tps_positive_commit,iqr_pct,median,10,10,98,2,18,75.6045519203414,42.31372497620938,99.32029080853664
legacy_three_workloads,workload,workload,Quorum,VISA,tps_positive_commit,sample_std_pct,mean,10,10,98,2,18,78.08370830710655,49.95313195426057,83.44646587220014
legacy_three_workloads,workload,workload,Quorum,VISA,tps_positive_commit,sample_std_pct,median,10,10,98,2,18,66.63098311097811,47.22940126733853,76.05236656898788
legacy_three_workloads,workload,workload,Solana,GAFAM,tps_positive_commit,iqr_pct,mean,10,10,117,2,13,38.16933800277602,23.089815711684373,48.22543595362807
legacy_three_workloads,workload,workload,Solana,GAFAM,tps_positive_commit,iqr_pct,median,10,10,117,2,13,38.21888511785765,16.289632080885543,45.933359647243705
legacy_three_workloads,workload,workload,Solana,GAFAM,tps_positive_commit,sample_std_pct,mean,10,10,117,2,13,34.6966265847024,22.70794120688262,37.4973661206109
legacy_three_workloads,workload,workload,Solana,GAFAM,tps_positive_commit,sample_std_pct,median,10,10,117,2,13,35.336532143088704,20.779334648501916,38.84908588986726
legacy_three_workloads,workload,workload,Solana,PayPal,tps_positive_commit,iqr_pct,mean,10,6,55,2,13,35.748984012244165,12.070535956279326,54.43963498797064
legacy_three_workloads,workload,workload,Solana,PayPal,tps_positive_commit,iqr_pct,median,10,6,55,2,13,38.5893896763462,2.9321042185364745,56.81781585696773
legacy_three_workloads,workload,workload,Solana,PayPal,tps_positive_commit,sample_std_pct,mean,10,6,55,2,13,44.08582876240027,18.191753478301926,48.766127002676456
legacy_three_workloads,workload,workload,Solana,PayPal,tps_positive_commit,sample_std_pct,median,10,6,55,2,13,44.705932422722874,12.370739472353133,54.8691324809579
legacy_three_workloads,workload,workload,Solana,VISA,tps_positive_commit,iqr_pct,mean,10,5,66,10,15,54.37261363714384,34.12934560909691,76.13625489226408
legacy_three_workloads,workload,workload,Solana,VISA,tps_positive_commit,iqr_pct,median,10,5,66,10,15,58.01434122673307,27.82229921881977,77.97504850327921
legacy_three_workloads,workload,workload,Solana,VISA,tps_positive_commit,sample_std_pct,mean,10,5,66,10,15,46.19632218157939,35.809811949264265,52.75852446474898
legacy_three_workloads,workload,workload,Solana,VISA,tps_positive_commit,sample_std_pct,median,10,5,66,10,15,41.13391680827522,32.34715931316112,51.38024964685853
legacy_three_workloads,scaling,network_size,Algorand,10 nodes,tps_positive_commit,iqr_pct,mean,15,15,196,13,14,9.739049842873703,6.680058083605447,18.419682882310433
legacy_three_workloads,scaling,network_size,Algorand,10 nodes,tps_positive_commit,iqr_pct,median,15,15,196,13,14,2.0767638601414147,1.3014563296837276,3.706483336932509
legacy_three_workloads,scaling,network_size,Algorand,10 nodes,tps_positive_commit,sample_std_pct,mean,15,15,196,13,14,10.968453029838253,7.934517695837182,12.742562088007919
legacy_three_workloads,scaling,network_size,Algorand,10 nodes,tps_positive_commit,sample_std_pct,median,15,15,196,13,14,2.321114786072915,1.3335379833100427,2.7616471144756534
legacy_three_workloads,scaling,network_size,Algorand,40 nodes,tps_positive_commit,iqr_pct,mean,15,15,195,13,13,18.653560983904597,11.820969760290469,25.031285342747577
legacy_three_workloads,scaling,network_size,Algorand,40 nodes,tps_positive_commit,iqr_pct,median,15,15,195,13,13,13.942513942513942,6.315699168203801,17.295307946336333
legacy_three_workloads,scaling,network_size,Algorand,40 nodes,tps_positive_commit,sample_std_pct,mean,15,15,195,13,13,13.625385488576853,10.830293287487699,15.296403205198283
legacy_three_workloads,scaling,network_size,Algorand,40 nodes,tps_positive_commit,sample_std_pct,median,15,15,195,13,13,11.023684327435305,8.149225942940271,12.920567392895464
legacy_three_workloads,scaling,network_size,Diem,10 nodes,tps_positive_commit,iqr_pct,mean,15,15,190,11,14,8.397550776318285,5.618952758848315,10.536629364651704
legacy_three_workloads,scaling,network_size,Diem,10 nodes,tps_positive_commit,iqr_pct,median,15,15,190,11,14,6.018115310921434,2.2843662263805706,8.824220174603068
legacy_three_workloads,scaling,network_size,Diem,10 nodes,tps_positive_commit,sample_std_pct,mean,15,15,190,11,14,6.958391926734147,5.38642511840937,7.555950347165766
legacy_three_workloads,scaling,network_size,Diem,10 nodes,tps_positive_commit,sample_std_pct,median,15,15,190,11,14,5.712894477265748,3.7277585417730363,6.8023659299606
legacy_three_workloads,scaling,network_size,Diem,40 nodes,tps_positive_commit,iqr_pct,mean,15,15,225,9,23,10.250458249544131,7.405875118601283,15.741035619967302
legacy_three_workloads,scaling,network_size,Diem,40 nodes,tps_positive_commit,iqr_pct,median,15,15,225,9,23,5.056574718800206,2.1162757706858217,7.311573751735584
legacy_three_workloads,scaling,network_size,Diem,40 nodes,tps_positive_commit,sample_std_pct,mean,15,15,225,9,23,11.536657046268601,7.75818721367718,13.280669903896326
legacy_three_workloads,scaling,network_size,Diem,40 nodes,tps_positive_commit,sample_std_pct,median,15,15,225,9,23,6.336924860743286,3.4862232243042865,6.691166036838357
legacy_three_workloads,scaling,network_size,Ethereum,10 nodes,tps_positive_commit,iqr_pct,mean,15,15,203,13,15,17.138242426486222,13.928041299973183,22.40112577351176
legacy_three_workloads,scaling,network_size,Ethereum,10 nodes,tps_positive_commit,iqr_pct,median,15,15,203,13,15,15.491559086395236,10.875862944437914,19.637462235649533
legacy_three_workloads,scaling,network_size,Ethereum,10 nodes,tps_positive_commit,sample_std_pct,mean,15,15,203,13,15,16.84874042373678,13.573405572805342,18.011647308150515
legacy_three_workloads,scaling,network_size,Ethereum,10 nodes,tps_positive_commit,sample_std_pct,median,15,15,203,13,15,15.619875022554556,12.124840778062369,17.883221083779606
legacy_three_workloads,scaling,network_size,Ethereum,40 nodes,tps_positive_commit,iqr_pct,mean,15,15,195,13,13,7.959800088412663,6.4006373832025325,10.708539805221337
legacy_three_workloads,scaling,network_size,Ethereum,40 nodes,tps_positive_commit,iqr_pct,median,15,15,195,13,13,5.18341307814992,3.795833080976327,8.168944706028487
legacy_three_workloads,scaling,network_size,Ethereum,40 nodes,tps_positive_commit,sample_std_pct,mean,15,15,195,13,13,6.9527254351078245,5.740266849374223,7.357577214873104
legacy_three_workloads,scaling,network_size,Ethereum,40 nodes,tps_positive_commit,sample_std_pct,median,15,15,195,13,13,4.648058053034427,3.4771578255464064,5.198452883922573
legacy_three_workloads,scaling,network_size,Quorum,10 nodes,tps_positive_commit,iqr_pct,mean,15,15,147,2,17,61.7568752209488,34.599076535600084,69.56181304610858
legacy_three_workloads,scaling,network_size,Quorum,10 nodes,tps_positive_commit,iqr_pct,median,15,15,147,2,17,61.67122711008209,24.77998451800303,71.37304416405686
legacy_three_workloads,scaling,network_size,Quorum,10 nodes,tps_positive_commit,sample_std_pct,mean,15,15,147,2,17,54.90659244844132,35.674004600152514,58.22634550485339
legacy_three_workloads,scaling,network_size,Quorum,10 nodes,tps_positive_commit,sample_std_pct,median,15,15,147,2,17,46.233727524078404,32.96518822131928,51.045729453495
legacy_three_workloads,scaling,network_size,Quorum,40 nodes,tps_positive_commit,iqr_pct,mean,15,15,172,2,18,51.54386467103047,35.17815984509157,70.97515933991993
legacy_three_workloads,scaling,network_size,Quorum,40 nodes,tps_positive_commit,iqr_pct,median,15,15,172,2,18,62.69349845201238,15.267175572519081,73.36391059526544
legacy_three_workloads,scaling,network_size,Quorum,40 nodes,tps_positive_commit,sample_std_pct,mean,15,15,172,2,18,64.2113833243342,41.58448592232,66.29992446515239
legacy_three_workloads,scaling,network_size,Quorum,40 nodes,tps_positive_commit,sample_std_pct,median,15,15,172,2,18,56.99142296409814,38.43395380152042,59.305730035000764
legacy_three_workloads,scaling,network_size,Solana,10 nodes,tps_positive_commit,iqr_pct,mean,15,15,172,2,15,43.44840455410066,29.878149382203386,54.44232533992076
legacy_three_workloads,scaling,network_size,Solana,10 nodes,tps_positive_commit,iqr_pct,median,15,15,172,2,15,48.29679177505265,20.23063714328549,53.902698857948955
legacy_three_workloads,scaling,network_size,Solana,10 nodes,tps_positive_commit,sample_std_pct,mean,15,15,172,2,15,40.18450136786545,28.901514472947714,42.310910438647916
legacy_three_workloads,scaling,network_size,Solana,10 nodes,tps_positive_commit,sample_std_pct,median,15,15,172,2,15,41.13391680827522,26.469152428027915,45.1699050136611
legacy_three_workloads,scaling,network_size,Solana,40 nodes,tps_positive_commit,iqr_pct,mean,15,6,66,2,13,36.054047329239076,16.71759271400636,47.30674839470157
legacy_three_workloads,scaling,network_size,Solana,40 nodes,tps_positive_commit,iqr_pct,median,15,6,66,2,13,38.21888511785765,12.543740874324795,51.504976010042775
legacy_three_workloads,scaling,network_size,Solana,40 nodes,tps_positive_commit,sample_std_pct,mean,15,6,66,2,13,39.9492214685568,19.578499465208406,42.88094407164347
legacy_three_workloads,scaling,network_size,Solana,40 nodes,tps_positive_commit,sample_std_pct,median,15,6,66,2,13,35.336532143088704,18.323297043533824,41.35423858815475
six_workloads,topology,mode,Algorand,fat-tree,latency_positive_commit,iqr_pct,mean,12,12,159,13,16,22.148522806465152,14.51168178840106,27.754071807252334
six_workloads,topology,mode,Algorand,fat-tree,latency_positive_commit,iqr_pct,median,12,12,159,13,16,15.852509027577948,7.384610107895673,19.702580302769224
six_workloads,topology,mode,Algorand,fat-tree,latency_positive_commit,sample_std_pct,mean,12,12,159,13,16,17.627870244876288,14.16396500847192,18.642236970906932
six_workloads,topology,mode,Algorand,fat-tree,latency_positive_commit,sample_std_pct,median,12,12,159,13,16,14.171675081273133,10.586431274386728,16.228774660858537
six_workloads,topology,mode,Algorand,full mesh,latency_positive_commit,iqr_pct,mean,12,12,159,13,14,18.258658136096454,13.252245922490147,27.37667370167925
six_workloads,topology,mode,Algorand,full mesh,latency_positive_commit,iqr_pct,median,12,12,159,13,14,17.517451262956598,9.791698774643468,23.610180816312766
six_workloads,topology,mode,Algorand,full mesh,latency_positive_commit,sample_std_pct,mean,12,12,159,13,14,19.11747772469424,15.03790104917662,20.475044406073117
six_workloads,topology,mode,Algorand,full mesh,latency_positive_commit,sample_std_pct,median,12,12,159,13,14,15.430245264284736,11.59179838250604,17.534441601104213
six_workloads,topology,mode,Algorand,hypercube,latency_positive_commit,iqr_pct,mean,12,12,156,13,13,14.465831303865665,11.083602677901576,23.685763191166423
six_workloads,topology,mode,Algorand,hypercube,latency_positive_commit,iqr_pct,median,12,12,156,13,13,17.34531020356398,9.611505767824697,20.56468307762741
six_workloads,topology,mode,Algorand,hypercube,latency_positive_commit,sample_std_pct,mean,12,12,156,13,13,17.30822399326124,13.072196519624507,18.61118180386232
six_workloads,topology,mode,Algorand,hypercube,latency_positive_commit,sample_std_pct,median,12,12,156,13,13,17.486379777897305,11.762842288256719,18.807222767030886
six_workloads,topology,mode,Algorand,scale-free,latency_positive_commit,iqr_pct,mean,12,12,157,11,17,16.307135014632227,11.994417119717081,19.61560760878393
six_workloads,topology,mode,Algorand,scale-free,latency_positive_commit,iqr_pct,median,12,12,157,11,17,12.932117132364109,8.528725560163068,17.011505316892656
six_workloads,topology,mode,Algorand,scale-free,latency_positive_commit,sample_std_pct,mean,12,12,157,11,17,12.525417587739398,10.441637999040532,13.291257600632287
six_workloads,topology,mode,Algorand,scale-free,latency_positive_commit,sample_std_pct,median,12,12,157,11,17,11.209780533570706,8.424914401151803,12.675132202745976
six_workloads,topology,mode,Algorand,torus,latency_positive_commit,iqr_pct,mean,12,12,156,13,13,15.67688592234947,10.771042157770477,21.42126351384973
six_workloads,topology,mode,Algorand,torus,latency_positive_commit,iqr_pct,median,12,12,156,13,13,16.078274488990814,7.504383732681613,19.93495661361381
six_workloads,topology,mode,Algorand,torus,latency_positive_commit,sample_std_pct,mean,12,12,156,13,13,14.200667745122667,10.835893748731674,15.507424253072424
six_workloads,topology,mode,Algorand,torus,latency_positive_commit,sample_std_pct,median,12,12,156,13,13,12.823577487779676,10.282113221109134,14.792599829313435
six_workloads,topology,mode,Diem,fat-tree,latency_positive_commit,iqr_pct,mean,12,12,207,11,25,30.945893275535123,24.460136423185915,35.667024859460334
six_workloads,topology,mode,Diem,fat-tree,latency_positive_commit,iqr_pct,median,12,12,207,11,25,20.392797714230987,13.763404672301489,25.241480098297906
six_workloads,topology,mode,Diem,fat-tree,latency_positive_commit,sample_std_pct,mean,12,12,207,11,25,21.099892998638325,18.29705170193925,22.464375450259773
six_workloads,topology,mode,Diem,fat-tree,latency_positive_commit,sample_std_pct,median,12,12,207,11,25,16.0964640598253,12.487236009349726,18.77124247050968
six_workloads,topology,mode,Diem,full mesh,latency_positive_commit,iqr_pct,mean,12,12,149,11,13,14.745342578771776,10.089542971894158,18.291268967043003
six_workloads,topology,mode,Diem,full mesh,latency_positive_commit,iqr_pct,median,12,12,149,11,13,13.325308126019518,6.780299637121065,15.64949386992672
six_workloads,topology,mode,Diem,full mesh,latency_positive_commit,sample_std_pct,mean,12,12,149,11,13,13.127610415972194,10.173371702854494,14.097983007554713
six_workloads,topology,mode,Diem,full mesh,latency_positive_commit,sample_std_pct,median,12,12,149,11,13,10.239372649919474,7.656757933855211,11.703735613429718
six_workloads,topology,mode,Diem,hypercube,latency_positive_commit,iqr_pct,mean,12,12,138,9,13,14.870542034610976,9.909629599094952,20.513081388003073
six_workloads,topology,mode,Diem,hypercube,latency_positive_commit,iqr_pct,median,12,12,138,9,13,12.223755724775408,6.26368767699408,19.363900188873245
six_workloads,topology,mode,Diem,hypercube,latency_positive_commit,sample_std_pct,mean,12,12,138,9,13,13.922048866696136,11.066508423943455,14.73040315711429
six_workloads,topology,mode,Diem,hypercube,latency_positive_commit,sample_std_pct,median,12,12,138,9,13,12.763234238159079,9.230216812935542,14.3925424073863
six_workloads,topology,mode,Diem,scale-free,latency_positive_commit,iqr_pct,mean,12,12,184,12,19,12.355089529094963,9.34173144996434,18.2528663163236
six_workloads,topology,mode,Diem,scale-free,latency_positive_commit,iqr_pct,median,12,12,184,12,19,9.69666392072802,6.430491578455686,15.408792241241963
six_workloads,topology,mode,Diem,scale-free,latency_positive_commit,sample_std_pct,mean,12,12,184,12,19,12.83962309439628,10.615998995876089,13.58816730294496
six_workloads,topology,mode,Diem,scale-free,latency_positive_commit,sample_std_pct,median,12,12,184,12,19,12.837361437970088,8.320858510879162,14.200020563731846
six_workloads,topology,mode,Diem,torus,latency_positive_commit,iqr_pct,mean,12,12,144,9,13,13.804102725473326,9.29730840191801,17.8317915399093
six_workloads,topology,mode,Diem,torus,latency_positive_commit,iqr_pct,median,12,12,144,9,13,10.610808329900852,5.913367218304297,13.857563974137884
six_workloads,topology,mode,Diem,torus,latency_positive_commit,sample_std_pct,mean,12,12,144,9,13,11.956288970607266,9.031253631373433,13.101045701069381
six_workloads,topology,mode,Diem,torus,latency_positive_commit,sample_std_pct,median,12,12,144,9,13,11.69490494359905,6.596135183454654,12.556819719134777
six_workloads,topology,mode,Ethereum,fat-tree,latency_positive_commit,iqr_pct,mean,12,12,158,13,14,26.613171040985964,17.624292569355728,36.145565313704815
six_workloads,topology,mode,Ethereum,fat-tree,latency_positive_commit,iqr_pct,median,12,12,158,13,14,13.917383292075762,8.341254352053568,20.682381611381054
six_workloads,topology,mode,Ethereum,fat-tree,latency_positive_commit,sample_std_pct,mean,12,12,158,13,14,22.129764801694296,17.687822434800164,24.627512115041533
six_workloads,topology,mode,Ethereum,fat-tree,latency_positive_commit,sample_std_pct,median,12,12,158,13,14,15.22927567255954,10.008930872567971,17.352288486300406
six_workloads,topology,mode,Ethereum,full mesh,latency_positive_commit,iqr_pct,mean,12,12,154,11,13,20.233648370877546,14.466303314154056,27.144484399957015
six_workloads,topology,mode,Ethereum,full mesh,latency_positive_commit,iqr_pct,median,12,12,154,11,13,10.144848257883474,7.248750400263357,14.347211833842485
six_workloads,topology,mode,Ethereum,full mesh,latency_positive_commit,sample_std_pct,mean,12,12,154,11,13,17.840238460727832,14.003763553881083,19.515840563947688
six_workloads,topology,mode,Ethereum,full mesh,latency_positive_commit,sample_std_pct,median,12,12,154,11,13,9.548997455547436,7.266087388465716,11.736370613237876
six_workloads,topology,mode,Ethereum,hypercube,latency_positive_commit,iqr_pct,mean,12,12,156,12,14,19.32470418042695,13.92320101220556,25.14717465424431
six_workloads,topology,mode,Ethereum,hypercube,latency_positive_commit,iqr_pct,median,12,12,156,12,14,15.328749556934074,7.454795266297551,17.983578479879224
six_workloads,topology,mode,Ethereum,hypercube,latency_positive_commit,sample_std_pct,mean,12,12,156,12,14,17.610633774392248,13.854529753893802,18.773141392617475
six_workloads,topology,mode,Ethereum,hypercube,latency_positive_commit,sample_std_pct,median,12,12,156,12,14,12.300826716950535,8.227214684182364,14.677567930280068
six_workloads,topology,mode,Ethereum,scale-free,latency_positive_commit,iqr_pct,mean,12,12,157,13,14,23.71131845897331,16.03771388041454,33.07940425226738
six_workloads,topology,mode,Ethereum,scale-free,latency_positive_commit,iqr_pct,median,12,12,157,13,14,13.380364062264427,9.00607694546492,20.74882891134779
six_workloads,topology,mode,Ethereum,scale-free,latency_positive_commit,sample_std_pct,mean,12,12,157,13,14,19.420695668636885,15.218928538975597,21.9017084358886
six_workloads,topology,mode,Ethereum,scale-free,latency_positive_commit,sample_std_pct,median,12,12,157,13,14,12.490841262307685,9.046658745630463,14.851934280622828
six_workloads,topology,mode,Ethereum,torus,latency_positive_commit,iqr_pct,mean,12,12,167,13,16,22.74683177298979,16.732030433203906,30.307507608917785
six_workloads,topology,mode,Ethereum,torus,latency_positive_commit,iqr_pct,median,12,12,167,13,16,13.61349478291183,9.386746932481296,18.42933040274413
six_workloads,topology,mode,Ethereum,torus,latency_positive_commit,sample_std_pct,mean,12,12,167,13,16,20.036516004382673,16.218355817373578,21.52581397464792
six_workloads,topology,mode,Ethereum,torus,latency_positive_commit,sample_std_pct,median,12,12,167,13,16,11.072440070902042,8.105979414823606,13.235275464514332
six_workloads,topology,mode,Quorum,fat-tree,latency_positive_commit,iqr_pct,mean,12,6,62,3,14,55.975971975418084,26.41384998239963,82.19949749767841
six_workloads,topology,mode,Quorum,fat-tree,latency_positive_commit,iqr_pct,median,12,6,62,3,14,44.84115237323191,15.323287720985352,64.72764007937019
six_workloads,topology,mode,Quorum,fat-tree,latency_positive_commit,sample_std_pct,mean,12,6,62,3,14,64.08297635126924,42.138174181002086,72.7843542308749
six_workloads,topology,mode,Quorum,fat-tree,latency_positive_commit,sample_std_pct,median,12,6,62,3,14,54.97196929346116,29.039120052638054,67.34195478960845
six_workloads,topology,mode,Quorum,full mesh,latency_positive_commit,iqr_pct,mean,12,6,66,2,18,38.471428036815404,16.375092957274877,83.44563811856042
six_workloads,topology,mode,Quorum,full mesh,latency_positive_commit,iqr_pct,median,12,6,66,2,18,27.764586492640905,7.2680996975479255,67.51372844939262
six_workloads,topology,mode,Quorum,full mesh,latency_positive_commit,sample_std_pct,mean,12,6,66,2,18,85.92594606595249,51.31246367554781,96.52105447986791
six_workloads,topology,mode,Quorum,full mesh,latency_positive_commit,sample_std_pct,median,12,6,66,2,18,77.26372842852363,31.944688752782355,85.21268463163248
six_workloads,topology,mode,Quorum,hypercube,latency_positive_commit,iqr_pct,mean,12,6,68,4,17,49.64044315244863,25.27245010464414,77.97094611423707
six_workloads,topology,mode,Quorum,hypercube,latency_positive_commit,iqr_pct,median,12,6,68,4,17,45.46777785112869,17.339089000076125,70.48308937145198
six_workloads,topology,mode,Quorum,hypercube,latency_positive_commit,sample_std_pct,mean,12,6,68,4,17,77.1416298754694,37.92911197903802,84.97370019636449
six_workloads,topology,mode,Quorum,hypercube,latency_positive_commit,sample_std_pct,median,12,6,68,4,17,67.07487036687064,31.209713187703617,85.0742827268957
six_workloads,topology,mode,Quorum,scale-free,latency_positive_commit,iqr_pct,mean,12,6,67,5,16,60.391927816255524,21.83976863148081,76.13746491649762
six_workloads,topology,mode,Quorum,scale-free,latency_positive_commit,iqr_pct,median,12,6,67,5,16,55.47953643351951,11.119600157778695,77.39140687863193
six_workloads,topology,mode,Quorum,scale-free,latency_positive_commit,sample_std_pct,mean,12,6,67,5,16,71.86967272006281,42.052488301989904,76.57004855719235
six_workloads,topology,mode,Quorum,scale-free,latency_positive_commit,sample_std_pct,median,12,6,67,5,16,54.633690276364675,29.909126441000556,64.16603683192011
six_workloads,topology,mode,Quorum,torus,latency_positive_commit,iqr_pct,mean,12,6,62,3,18,54.4567114476765,14.752259886924438,62.03691651308841
six_workloads,topology,mode,Quorum,torus,latency_positive_commit,iqr_pct,median,12,6,62,3,18,18.89605997961856,8.061549622982932,46.8090005590058
six_workloads,topology,mode,Quorum,torus,latency_positive_commit,sample_std_pct,mean,12,6,62,3,18,64.32625743478604,24.39921369044541,69.16899471427844
six_workloads,topology,mode,Quorum,torus,latency_positive_commit,sample_std_pct,median,12,6,62,3,18,55.66143843048406,12.381055693917729,64.3636526547586
six_workloads,topology,mode,Solana,fat-tree,latency_positive_commit,iqr_pct,mean,12,8,73,2,13,32.94100881128432,16.774163481793632,40.776540038872064
six_workloads,topology,mode,Solana,fat-tree,latency_positive_commit,iqr_pct,median,12,8,73,2,13,39.48321643002116,9.269041379516379,45.167622921125485
six_workloads,topology,mode,Solana,fat-tree,latency_positive_commit,sample_std_pct,mean,12,8,73,2,13,26.666636205588436,18.84481948060928,27.457602365841044
six_workloads,topology,mode,Solana,fat-tree,latency_positive_commit,sample_std_pct,median,12,8,73,2,13,29.623120319456714,14.613499914964331,31.69419172853647
six_workloads,topology,mode,Solana,full mesh,latency_positive_commit,iqr_pct,mean,12,7,93,12,15,9.541379935012161,7.247551406572317,15.516582808806458
six_workloads,topology,mode,Solana,full mesh,latency_positive_commit,iqr_pct,median,12,7,93,12,15,8.941621528673371,5.376643078920214,15.103117481893
six_workloads,topology,mode,Solana,full mesh,latency_positive_commit,sample_std_pct,mean,12,7,93,12,15,9.645269458532754,7.742482391980548,10.377372314058285
six_workloads,topology,mode,Solana,full mesh,latency_positive_commit,sample_std_pct,median,12,7,93,12,15,9.538151346620001,6.908799357366536,10.58585869542785
six_workloads,topology,mode,Solana,hypercube,latency_positive_commit,iqr_pct,mean,12,7,92,12,15,20.33872524592457,13.716018319689537,28.732615126960475
six_workloads,topology,mode,Solana,hypercube,latency_positive_commit,iqr_pct,median,12,7,92,12,15,21.15403273871402,11.033746684293085,29.37424796423458
six_workloads,topology,mode,Solana,hypercube,latency_positive_commit,sample_std_pct,mean,12,7,92,12,15,19.28382616336442,14.908585813861071,21.037263740702738
six_workloads,topology,mode,Solana,hypercube,latency_positive_commit,sample_std_pct,median,12,7,92,12,15,18.084896993955237,13.062741891679272,20.948953533660095
six_workloads,topology,mode,Solana,scale-free,latency_positive_commit,iqr_pct,mean,12,7,49,2,14,32.29968275313767,14.416492730060456,39.68456041538919
six_workloads,topology,mode,Solana,scale-free,latency_positive_commit,iqr_pct,median,12,7,49,2,14,27.77624858549714,4.883167669440493,42.671701675713955
six_workloads,topology,mode,Solana,scale-free,latency_positive_commit,sample_std_pct,mean,12,7,49,2,14,30.877904561579083,14.334696894576245,32.03689593760849
six_workloads,topology,mode,Solana,scale-free,latency_positive_commit,sample_std_pct,median,12,7,49,2,14,24.16381401886254,8.874600334024054,29.145252017517475
six_workloads,topology,mode,Solana,torus,latency_positive_commit,iqr_pct,mean,12,7,87,10,15,23.485849950944704,14.650927209378585,31.771072593746883
six_workloads,topology,mode,Solana,torus,latency_positive_commit,iqr_pct,median,12,7,87,10,15,25.430419597619142,8.746135382010277,32.62084571077919
six_workloads,topology,mode,Solana,torus,latency_positive_commit,sample_std_pct,mean,12,7,87,10,15,19.731794829401217,15.544446021009076,21.273968427603563
six_workloads,topology,mode,Solana,torus,latency_positive_commit,sample_std_pct,median,12,7,87,10,15,18.943758365521976,13.54720823085903,22.208568157470125
six_workloads,workload,workload,Algorand,DDoS,latency_positive_commit,iqr_pct,mean,10,10,131,13,14,17.60639299827812,13.054699238213383,23.800185296497506
six_workloads,workload,workload,Algorand,DDoS,latency_positive_commit,iqr_pct,median,10,10,131,13,14,18.035210272010332,11.194958745142163,22.6048389658655
six_workloads,workload,workload,Algorand,DDoS,latency_positive_commit,sample_std_pct,mean,10,10,131,13,14,15.017124971657813,12.218193749448528,15.70637770364297
six_workloads,workload,workload,Algorand,DDoS,latency_positive_commit,sample_std_pct,median,10,10,131,13,14,13.110605240857508,10.846034416421066,15.061439230821087
six_workloads,workload,workload,Algorand,FIFA,latency_positive_commit,iqr_pct,mean,10,10,136,11,17,34.69358193417419,26.19139047068812,49.034262483178864
six_workloads,workload,workload,Algorand,FIFA,latency_positive_commit,iqr_pct,median,10,10,136,11,17,27.699785207249136,18.147253252033806,45.10867126380016
six_workloads,workload,workload,Algorand,FIFA,latency_positive_commit,sample_std_pct,mean,10,10,136,11,17,31.459567884242546,25.48426181327339,34.319015417816296
six_workloads,workload,workload,Algorand,FIFA,latency_positive_commit,sample_std_pct,median,10,10,136,11,17,31.922908732661526,23.718840512366423,35.87707432826352
six_workloads,workload,workload,Algorand,GAFAM,latency_positive_commit,iqr_pct,mean,10,10,131,13,14,22.390481757841506,14.98546939994651,29.511275774085735
six_workloads,workload,workload,Algorand,GAFAM,latency_positive_commit,iqr_pct,median,10,10,131,13,14,15.368871529895806,9.520005196099188,26.653604608114218
six_workloads,workload,workload,Algorand,GAFAM,latency_positive_commit,sample_std_pct,mean,10,10,131,13,14,20.823219783491194,16.47179966761031,21.982369893314445
six_workloads,workload,workload,Algorand,GAFAM,latency_positive_commit,sample_std_pct,median,10,10,131,13,14,19.48295921666797,13.330617383063144,22.12903845560042
six_workloads,workload,workload,Algorand,Gaming,latency_positive_commit,iqr_pct,mean,10,10,129,12,13,16.847556389330055,12.118025394824969,20.273040285904354
six_workloads,workload,workload,Algorand,Gaming,latency_positive_commit,iqr_pct,median,10,10,129,12,13,17.759035355136817,10.519126779622102,20.095570896838538
six_workloads,workload,workload,Algorand,Gaming,latency_positive_commit,sample_std_pct,mean,10,10,129,12,13,13.061307261048736,10.864048800189135,13.843668102287902
six_workloads,workload,workload,Algorand,Gaming,latency_positive_commit,sample_std_pct,median,10,10,129,12,13,12.93836299457079,10.342279693088338,13.838396900736782
six_workloads,workload,workload,Algorand,PayPal,latency_positive_commit,iqr_pct,mean,10,10,130,13,13,0.8239641220945508,0.5714805323822274,5.223232412762366
six_workloads,workload,workload,Algorand,PayPal,latency_positive_commit,iqr_pct,median,10,10,130,13,13,0.7636163531213374,0.47637408188514946,0.9781089633815593
six_workloads,workload,workload,Algorand,PayPal,latency_positive_commit,sample_std_pct,mean,10,10,130,13,13,4.053260455742267,1.7674059802307398,4.657040539784389
six_workloads,workload,workload,Algorand,PayPal,latency_positive_commit,sample_std_pct,median,10,10,130,13,13,0.7177924550479529,0.5192330991240806,0.7822457357081255
six_workloads,workload,workload,Algorand,VISA,latency_positive_commit,iqr_pct,mean,10,10,130,13,13,11.866462618372335,8.491264699423562,16.26263770856993
six_workloads,workload,workload,Algorand,VISA,latency_positive_commit,iqr_pct,median,10,10,130,13,13,11.328645859895397,5.221203152888523,16.00381140694844
six_workloads,workload,workload,Algorand,VISA,latency_positive_commit,sample_std_pct,mean,10,10,130,13,13,12.521108398650036,9.061651161231724,13.506501773980213
six_workloads,workload,workload,Algorand,VISA,latency_positive_commit,sample_std_pct,median,10,10,130,13,13,12.585624668074924,9.085235381379992,14.635375899112057
six_workloads,workload,workload,Diem,DDoS,latency_positive_commit,iqr_pct,mean,10,10,136,10,20,9.802552537718011,6.911033316101392,12.458322347629567
six_workloads,workload,workload,Diem,DDoS,latency_positive_commit,iqr_pct,median,10,10,136,10,20,11.250976004590031,5.126598156184777,12.527008334069322
six_workloads,workload,workload,Diem,DDoS,latency_positive_commit,sample_std_pct,mean,10,10,136,10,20,8.276664018986319,6.744417717570226,8.821401990625859
six_workloads,workload,workload,Diem,DDoS,latency_positive_commit,sample_std_pct,median,10,10,136,10,20,9.317206859069415,5.753001563687902,9.89124166799501
six_workloads,workload,workload,Diem,FIFA,latency_positive_commit,iqr_pct,mean,10,10,132,9,21,20.07592117555354,14.986654288182718,27.798190620230702
six_workloads,workload,workload,Diem,FIFA,latency_positive_commit,iqr_pct,median,10,10,132,9,21,18.212814419245838,11.776857668586576,27.302903654357753
six_workloads,workload,workload,Diem,FIFA,latency_positive_commit,sample_std_pct,mean,10,10,132,9,21,18.70036850535065,15.439288762814856,19.645292724647682
six_workloads,workload,workload,Diem,FIFA,latency_positive_commit,sample_std_pct,median,10,10,132,9,21,18.273414746134947,13.783601220169402,20.000487965923444
six_workloads,workload,workload,Diem,GAFAM,latency_positive_commit,iqr_pct,mean,10,10,136,10,19,17.090371762385413,12.472206163402921,20.016293469533966
six_workloads,workload,workload,Diem,GAFAM,latency_positive_commit,iqr_pct,median,10,10,136,10,19,11.502491779379834,7.885285860953833,15.389824987977422
six_workloads,workload,workload,Diem,GAFAM,latency_positive_commit,sample_std_pct,mean,10,10,136,10,19,12.678404057386347,10.686026767136758,13.427692071625493
six_workloads,workload,workload,Diem,GAFAM,latency_positive_commit,sample_std_pct,median,10,10,136,10,19,10.204795275331367,7.648556818589232,10.692560640368123
six_workloads,workload,workload,Diem,Gaming,latency_positive_commit,iqr_pct,mean,10,10,139,10,25,26.81636588206258,18.168399125220873,33.10941355160515
six_workloads,workload,workload,Diem,Gaming,latency_positive_commit,iqr_pct,median,10,10,139,10,25,27.661878369324135,9.441017280950916,34.983984487618336
six_workloads,workload,workload,Diem,Gaming,latency_positive_commit,sample_std_pct,mean,10,10,139,10,25,21.2554840386579,17.126501048468878,22.896350908206355
six_workloads,workload,workload,Diem,Gaming,latency_positive_commit,sample_std_pct,median,10,10,139,10,25,20.462106680264473,15.83474924521878,24.37567088431698
six_workloads,workload,workload,Diem,PayPal,latency_positive_commit,iqr_pct,mean,10,10,142,11,23,25.477632460015805,19.572900233825656,32.73057180758548
six_workloads,workload,workload,Diem,PayPal,latency_positive_commit,iqr_pct,median,10,10,142,11,23,15.813785010917687,11.695061340524179,24.64939562619113
six_workloads,workload,workload,Diem,PayPal,latency_positive_commit,sample_std_pct,mean,10,10,142,11,23,21.43836629550309,17.364615898498855,23.018415231705642
six_workloads,workload,workload,Diem,PayPal,latency_positive_commit,sample_std_pct,median,10,10,142,11,23,16.399668716799912,12.32739551604014,18.30132421263913
six_workloads,workload,workload,Diem,VISA,latency_positive_commit,iqr_pct,mean,10,10,137,9,23,4.802320354448046,3.8881960298237757,6.287468219207215
six_workloads,workload,workload,Diem,VISA,latency_positive_commit,iqr_pct,median,10,10,137,9,23,3.0598380062003443,1.9583514053737034,4.415861239328837
six_workloads,workload,workload,Diem,VISA,latency_positive_commit,sample_std_pct,mean,10,10,137,9,23,5.1852702996879305,3.36140363083133,6.21510024675942
six_workloads,workload,workload,Diem,VISA,latency_positive_commit,sample_std_pct,median,10,10,137,9,23,3.0691353382962445,2.188555530591413,3.4446027553644445
six_workloads,workload,workload,Ethereum,DDoS,latency_positive_commit,iqr_pct,mean,10,10,130,11,14,19.697573587609583,14.818243179262902,31.35220137434715
six_workloads,workload,workload,Ethereum,DDoS,latency_positive_commit,iqr_pct,median,10,10,130,11,14,22.72224091561721,12.014205758683074,25.57355386290773
six_workloads,workload,workload,Ethereum,DDoS,latency_positive_commit,sample_std_pct,mean,10,10,130,11,14,21.4347601900195,16.921152406927966,22.81514342719528
six_workloads,workload,workload,Ethereum,DDoS,latency_positive_commit,sample_std_pct,median,10,10,130,11,14,16.880676674198373,12.24722924894737,19.15092722454503
six_workloads,workload,workload,Ethereum,FIFA,latency_positive_commit,iqr_pct,mean,10,10,133,12,16,53.541975645744444,38.65398708760519,64.37621289162169
six_workloads,workload,workload,Ethereum,FIFA,latency_positive_commit,iqr_pct,median,10,10,133,12,16,54.43366779345307,35.5254410493862,64.18382917743509
six_workloads,workload,workload,Ethereum,FIFA,latency_positive_commit,sample_std_pct,mean,10,10,133,12,16,41.883165286403646,34.698752649000625,44.72667793789163
six_workloads,workload,workload,Ethereum,FIFA,latency_positive_commit,sample_std_pct,median,10,10,133,12,16,39.21194948098821,31.791816892689283,42.673447039167556
six_workloads,workload,workload,Ethereum,GAFAM,latency_positive_commit,iqr_pct,mean,10,10,132,13,15,8.117438582445507,6.065211531335308,10.324018457009224
six_workloads,workload,workload,Ethereum,GAFAM,latency_positive_commit,iqr_pct,median,10,10,132,13,15,7.13262364526303,5.142007036793788,9.659345752645734
six_workloads,workload,workload,Ethereum,GAFAM,latency_positive_commit,sample_std_pct,mean,10,10,132,13,15,6.881106136925867,5.666200101088856,7.319602971466918
six_workloads,workload,workload,Ethereum,GAFAM,latency_positive_commit,sample_std_pct,median,10,10,132,13,15,6.693786398640995,5.041615850556611,7.403633495743165
six_workloads,workload,workload,Ethereum,Gaming,latency_positive_commit,iqr_pct,mean,10,10,131,13,14,37.21926207040375,25.875614400890466,49.325835999331495
six_workloads,workload,workload,Ethereum,Gaming,latency_positive_commit,iqr_pct,median,10,10,131,13,14,25.565110854607905,16.61812239354466,39.62657294635154
six_workloads,workload,workload,Ethereum,Gaming,latency_positive_commit,sample_std_pct,mean,10,10,131,13,14,28.93277307143048,23.27041396023883,32.697530622168564
six_workloads,workload,workload,Ethereum,Gaming,latency_positive_commit,sample_std_pct,median,10,10,131,13,14,25.959903189231518,17.756235729148653,29.04299765650993
six_workloads,workload,workload,Ethereum,PayPal,latency_positive_commit,iqr_pct,mean,10,10,134,13,15,7.6473090781831825,5.694122656912717,11.30919504057088
six_workloads,workload,workload,Ethereum,PayPal,latency_positive_commit,iqr_pct,median,10,10,134,13,15,5.6970962041287905,4.14657946809614,9.481139259507785
six_workloads,workload,workload,Ethereum,PayPal,latency_positive_commit,sample_std_pct,mean,10,10,134,13,15,8.353156145745752,6.0365548042346795,9.184294230064516
six_workloads,workload,workload,Ethereum,PayPal,latency_positive_commit,sample_std_pct,median,10,10,134,13,15,7.330758772668588,4.312241844306729,8.17037345783618
six_workloads,workload,workload,Ethereum,VISA,latency_positive_commit,iqr_pct,mean,10,10,132,13,15,8.93204962471779,6.484462824997564,12.460586961474757
six_workloads,workload,workload,Ethereum,VISA,latency_positive_commit,iqr_pct,median,10,10,132,13,15,9.038629450891284,5.590749084227949,11.34600022439891
six_workloads,workload,workload,Ethereum,VISA,latency_positive_commit,sample_std_pct,mean,10,10,132,13,15,8.960457621275461,6.742578777424964,9.66526580773062
six_workloads,workload,workload,Ethereum,VISA,latency_positive_commit,sample_std_pct,median,10,10,132,13,15,8.15817505298121,5.759242359280062,8.797132373085876
six_workloads,workload,workload,Quorum,DDoS,latency_positive_commit,iqr_pct,mean,10,0,0,0,0,,,
six_workloads,workload,workload,Quorum,DDoS,latency_positive_commit,iqr_pct,median,10,0,0,0,0,,,
six_workloads,workload,workload,Quorum,DDoS,latency_positive_commit,sample_std_pct,mean,10,0,0,0,0,,,
six_workloads,workload,workload,Quorum,DDoS,latency_positive_commit,sample_std_pct,median,10,0,0,0,0,,,
six_workloads,workload,workload,Quorum,FIFA,latency_positive_commit,iqr_pct,mean,10,0,0,0,0,,,
six_workloads,workload,workload,Quorum,FIFA,latency_positive_commit,iqr_pct,median,10,0,0,0,0,,,
six_workloads,workload,workload,Quorum,FIFA,latency_positive_commit,sample_std_pct,mean,10,0,0,0,0,,,
six_workloads,workload,workload,Quorum,FIFA,latency_positive_commit,sample_std_pct,median,10,0,0,0,0,,,
six_workloads,workload,workload,Quorum,GAFAM,latency_positive_commit,iqr_pct,mean,10,10,85,2,13,67.70156071807473,38.727393663486865,77.69888056246434
six_workloads,workload,workload,Quorum,GAFAM,latency_positive_commit,iqr_pct,median,10,10,85,2,13,49.69391605879494,27.735044718514718,66.81385586665716
six_workloads,workload,workload,Quorum,GAFAM,latency_positive_commit,sample_std_pct,mean,10,10,85,2,13,56.21700738809947,37.822966505334186,59.61159701038152
six_workloads,workload,workload,Quorum,GAFAM,latency_positive_commit,sample_std_pct,median,10,10,85,2,13,38.81533680655344,27.682904001130463,43.515672751153794
six_workloads,workload,workload,Quorum,Gaming,latency_positive_commit,iqr_pct,mean,10,0,0,0,0,,,
six_workloads,workload,workload,Quorum,Gaming,latency_positive_commit,iqr_pct,median,10,0,0,0,0,,,
six_workloads,workload,workload,Quorum,Gaming,latency_positive_commit,sample_std_pct,mean,10,0,0,0,0,,,
six_workloads,workload,workload,Quorum,Gaming,latency_positive_commit,sample_std_pct,median,10,0,0,0,0,,,
six_workloads,workload,workload,Quorum,PayPal,latency_positive_commit,iqr_pct,mean,10,10,138,11,17,19.340548510098476,4.637811898766665,50.092366802328556
six_workloads,workload,workload,Quorum,PayPal,latency_positive_commit,iqr_pct,median,10,10,138,11,17,4.511320653340972,1.1498892476387952,8.112680660882491
six_workloads,workload,workload,Quorum,PayPal,latency_positive_commit,sample_std_pct,mean,10,10,138,11,17,65.49967117780434,39.79851153172827,70.1704866628654
six_workloads,workload,workload,Quorum,PayPal,latency_positive_commit,sample_std_pct,median,10,10,138,11,17,15.734998139392987,3.588818326966545,21.419988588533332
six_workloads,workload,workload,Quorum,VISA,latency_positive_commit,iqr_pct,mean,10,10,102,3,18,68.31978022899528,36.425431688192816,83.3832920408101
six_workloads,workload,workload,Quorum,VISA,latency_positive_commit,iqr_pct,median,10,10,102,3,18,57.826601233856465,25.21059825823657,72.14431510732577
six_workloads,workload,workload,Quorum,VISA,latency_positive_commit,sample_std_pct,mean,10,10,102,3,18,96.29121090262018,56.702808443098824,98.51907070508972
six_workloads,workload,workload,Quorum,VISA,latency_positive_commit,sample_std_pct,median,10,10,102,3,18,94.64772916655863,41.489969647199004,100.43281669717724
six_workloads,workload,workload,Solana,DDoS,latency_positive_commit,iqr_pct,mean,10,5,56,8,13,13.371146104531238,8.168778665127155,20.04791911217173
six_workloads,workload,workload,Solana,DDoS,latency_positive_commit,iqr_pct,median,10,5,56,8,13,11.18353652289726,5.291619450054482,17.63623683760071
six_workloads,workload,workload,Solana,DDoS,latency_positive_commit,sample_std_pct,mean,10,5,56,8,13,12.28322767673956,8.76539412504393,13.633353461010383
six_workloads,workload,workload,Solana,DDoS,latency_positive_commit,sample_std_pct,median,10,5,56,8,13,8.683303238510792,6.196180600572936,10.822799610381333
six_workloads,workload,workload,Solana,FIFA,latency_positive_commit,iqr_pct,mean,10,5,47,2,13,24.19621712830206,11.998663286881682,30.69038082299588
six_workloads,workload,workload,Solana,FIFA,latency_positive_commit,iqr_pct,median,10,5,47,2,13,21.078932664227796,6.7544341002035955,34.738322037575074
six_workloads,workload,workload,Solana,FIFA,latency_positive_commit,sample_std_pct,mean,10,5,47,2,13,20.037363167358773,12.640233801624362,21.510465487856578
six_workloads,workload,workload,Solana,FIFA,latency_positive_commit,sample_std_pct,median,10,5,47,2,13,18.769303915417915,11.734583170292439,21.29498493746138
six_workloads,workload,workload,Solana,GAFAM,latency_positive_commit,iqr_pct,mean,10,10,117,2,13,24.269404511845316,12.915073007535634,29.544959713882605
six_workloads,workload,workload,Solana,GAFAM,latency_positive_commit,iqr_pct,median,10,10,117,2,13,16.615009771700308,6.773700944325856,23.73300440900267
six_workloads,workload,workload,Solana,GAFAM,latency_positive_commit,sample_std_pct,mean,10,10,117,2,13,22.246744640148556,13.632303312572681,22.745009415449392
six_workloads,workload,workload,Solana,GAFAM,latency_positive_commit,sample_std_pct,median,10,10,117,2,13,12.489491306380426,8.767360475343597,14.500799102888093
six_workloads,workload,workload,Solana,Gaming,latency_positive_commit,iqr_pct,mean,10,5,53,2,15,25.911299823363958,13.012554472625522,34.12144931800032
six_workloads,workload,workload,Solana,Gaming,latency_positive_commit,iqr_pct,median,10,5,53,2,15,25.430419597619142,9.516123059900677,33.608946056141
six_workloads,workload,workload,Solana,Gaming,latency_positive_commit,sample_std_pct,mean,10,5,53,2,15,22.395152684530803,14.792236297750186,24.421542501792413
six_workloads,workload,workload,Solana,Gaming,latency_positive_commit,sample_std_pct,median,10,5,53,2,15,18.943758365521976,13.4372450035225,22.602392581183704
six_workloads,workload,workload,Solana,PayPal,latency_positive_commit,iqr_pct,mean,10,6,55,2,13,26.151033907624736,12.852152133051394,39.71669300065915
six_workloads,workload,workload,Solana,PayPal,latency_positive_commit,iqr_pct,median,10,6,55,2,13,22.227212175417403,7.660029723832707,28.46111306969802
six_workloads,workload,workload,Solana,PayPal,latency_positive_commit,sample_std_pct,mean,10,6,55,2,13,23.258212337304936,14.183552692106701,26.282850540132152
six_workloads,workload,workload,Solana,PayPal,latency_positive_commit,sample_std_pct,median,10,6,55,2,13,16.061738618066336,9.304682044897334,18.955825374915154
six_workloads,workload,workload,Solana,VISA,latency_positive_commit,iqr_pct,mean,10,5,66,10,15,29.238794368044104,14.832931476843918,42.71108576429152
six_workloads,workload,workload,Solana,VISA,latency_positive_commit,iqr_pct,median,10,5,66,10,15,24.838315324552404,10.342570235955439,38.312355659343154
six_workloads,workload,workload,Solana,VISA,latency_positive_commit,sample_std_pct,mean,10,5,66,10,15,26.9018433332778,19.80947707134845,29.166129406037417
six_workloads,workload,workload,Solana,VISA,latency_positive_commit,sample_std_pct,median,10,5,66,10,15,23.035376896121896,13.531254202443481,33.7730682749918
six_workloads,scaling,network_size,Algorand,10 nodes,latency_positive_commit,iqr_pct,mean,30,30,399,12,17,15.442687893954263,12.11668150357784,19.218058984476798
six_workloads,scaling,network_size,Algorand,10 nodes,latency_positive_commit,iqr_pct,median,30,30,399,12,17,12.932117132364109,6.7320333538299,12.82215085914658
six_workloads,scaling,network_size,Algorand,10 nodes,latency_positive_commit,sample_std_pct,mean,30,30,399,12,17,13.416287096238523,11.098478162382625,14.011326429987808
six_workloads,scaling,network_size,Algorand,10 nodes,latency_positive_commit,sample_std_pct,median,30,30,399,12,17,10.797357632390291,8.4905106788286,11.876790741454174
six_workloads,scaling,network_size,Algorand,40 nodes,latency_positive_commit,iqr_pct,mean,30,30,388,11,13,19.300125379409323,16.31851920226066,24.333365426862887
six_workloads,scaling,network_size,Algorand,40 nodes,latency_positive_commit,iqr_pct,median,30,30,388,11,13,19.318223058210314,13.613196521924456,23.085757310447125
six_workloads,scaling,network_size,Algorand,40 nodes,latency_positive_commit,sample_std_pct,mean,30,30,388,11,13,18.895575822039007,15.959812032475012,19.11206400695879
six_workloads,scaling,network_size,Algorand,40 nodes,latency_positive_commit,sample_std_pct,median,30,30,388,11,13,17.65185126898113,14.01909640942201,18.797413135760205
six_workloads,scaling,network_size,Diem,10 nodes,latency_positive_commit,iqr_pct,mean,30,30,383,11,14,15.546455477033302,11.670163433560587,17.49663650765201
six_workloads,scaling,network_size,Diem,10 nodes,latency_positive_commit,iqr_pct,median,30,30,383,11,14,12.223755724775408,7.138923118026681,13.915239239061044
six_workloads,scaling,network_size,Diem,10 nodes,latency_positive_commit,sample_std_pct,mean,30,30,383,11,14,12.547855515591966,10.851843629055418,12.768640637609513
six_workloads,scaling,network_size,Diem,10 nodes,latency_positive_commit,sample_std_pct,median,30,30,383,11,14,11.115620296125865,8.388745738087248,11.753173105909985
six_workloads,scaling,network_size,Diem,40 nodes,latency_positive_commit,iqr_pct,mean,30,30,439,9,25,19.141932580361164,16.917492950356863,23.025369726108757
six_workloads,scaling,network_size,Diem,40 nodes,latency_positive_commit,iqr_pct,median,30,30,439,9,25,13.907376357309175,9.940525600975096,17.0692762625116
six_workloads,scaling,network_size,Diem,40 nodes,latency_positive_commit,sample_std_pct,mean,30,30,439,9,25,16.630330222932116,14.268082236786006,17.079593064341378
six_workloads,scaling,network_size,Diem,40 nodes,latency_positive_commit,sample_std_pct,median,30,30,439,9,25,13.92411781917454,10.425324617755113,14.424860636823556
six_workloads,scaling,network_size,Ethereum,10 nodes,latency_positive_commit,iqr_pct,mean,30,30,402,11,16,29.865386933354376,24.546383975507872,36.421157814670785
six_workloads,scaling,network_size,Ethereum,10 nodes,latency_positive_commit,iqr_pct,median,30,30,402,11,16,20.933489221600887,13.461822228720317,25.41060203491298
six_workloads,scaling,network_size,Ethereum,10 nodes,latency_positive_commit,sample_std_pct,mean,30,30,402,11,16,26.208465903362615,22.410211325221187,27.12713920803542
six_workloads,scaling,network_size,Ethereum,10 nodes,latency_positive_commit,sample_std_pct,median,30,30,402,11,16,18.829584269713834,14.694500386560154,21.719259767733103
six_workloads,scaling,network_size,Ethereum,40 nodes,latency_positive_commit,iqr_pct,mean,30,30,390,13,13,15.18648259634705,12.030268635596519,18.089434514613984
six_workloads,scaling,network_size,Ethereum,40 nodes,latency_positive_commit,iqr_pct,median,30,30,390,13,13,8.73837048500355,6.761127325164473,11.27437479887139
six_workloads,scaling,network_size,Ethereum,40 nodes,latency_positive_commit,sample_std_pct,mean,30,30,390,13,13,12.606673580570945,10.692390442248257,13.052246387199848
six_workloads,scaling,network_size,Ethereum,40 nodes,latency_positive_commit,sample_std_pct,median,30,30,390,13,13,7.569757757343071,6.142739362530628,8.403579810289719
six_workloads,scaling,network_size,Quorum,10 nodes,latency_positive_commit,iqr_pct,mean,30,15,150,3,17,59.2622492301916,33.93193930834839,76.59458218626892
six_workloads,scaling,network_size,Quorum,10 nodes,latency_positive_commit,iqr_pct,median,30,15,150,3,17,48.15531063095548,19.973966080881127,62.33236608132936
six_workloads,scaling,network_size,Quorum,10 nodes,latency_positive_commit,sample_std_pct,mean,30,15,150,3,17,86.23512983360932,57.413648082850905,87.97020728949786
six_workloads,scaling,network_size,Quorum,10 nodes,latency_positive_commit,sample_std_pct,median,30,15,150,3,17,54.73078776365208,30.00915271575348,76.98138099130169
six_workloads,scaling,network_size,Quorum,40 nodes,latency_positive_commit,iqr_pct,mean,30,15,175,2,18,44.31234374125407,27.331959507709968,55.12710415872849
six_workloads,scaling,network_size,Quorum,40 nodes,latency_positive_commit,iqr_pct,median,30,15,175,2,18,28.308346734450392,7.609436660951223,46.78483911570584
six_workloads,scaling,network_size,Quorum,40 nodes,latency_positive_commit,sample_std_pct,mean,30,15,175,2,18,59.103463145406714,37.025167256678486,59.832115510391056
six_workloads,scaling,network_size,Quorum,40 nodes,latency_positive_commit,sample_std_pct,median,30,15,175,2,18,55.21315082327023,29.99535062815984,59.74835322271385
six_workloads,scaling,network_size,Solana,10 nodes,latency_positive_commit,iqr_pct,mean,30,30,328,2,15,26.715587514620708,19.486639848336885,29.920855857142243
six_workloads,scaling,network_size,Solana,10 nodes,latency_positive_commit,iqr_pct,median,30,30,328,2,15,22.99617403163321,12.8548504091304,24.937573788448226
six_workloads,scaling,network_size,Solana,10 nodes,latency_positive_commit,sample_std_pct,mean,30,30,328,2,15,23.72569257133058,18.014517636954004,23.30168468400344
six_workloads,scaling,network_size,Solana,10 nodes,latency_positive_commit,sample_std_pct,median,30,30,328,2,15,20.764542127517323,14.800705580946925,20.783758438676646
six_workloads,scaling,network_size,Solana,40 nodes,latency_positive_commit,iqr_pct,mean,30,6,66,2,13,10.286651707797873,5.5781084219660615,13.906073472399168
six_workloads,scaling,network_size,Solana,40 nodes,latency_positive_commit,iqr_pct,median,30,6,66,2,13,7.468955030198371,4.009753413812909,12.476195381992138
six_workloads,scaling,network_size,Solana,40 nodes,latency_positive_commit,sample_std_pct,mean,30,6,66,2,13,9.722312932488725,6.342989144413753,10.377478356006275
six_workloads,scaling,network_size,Solana,40 nodes,latency_positive_commit,sample_std_pct,median,30,6,66,2,13,10.154277040348099,6.06636370454748,11.34363056608355
legacy_three_workloads,topology,mode,Algorand,fat-tree,latency_positive_commit,iqr_pct,mean,6,6,78,13,13,12.643574997591328,4.452388483379557,19.276465378673702
legacy_three_workloads,topology,mode,Algorand,fat-tree,latency_positive_commit,iqr_pct,median,6,6,78,13,13,5.775293898319953,2.7002949774939347,7.865895062954271
legacy_three_workloads,topology,mode,Algorand,fat-tree,latency_positive_commit,sample_std_pct,mean,6,6,78,13,13,11.636449791908943,7.967144077927076,13.07378809991091
legacy_three_workloads,topology,mode,Algorand,fat-tree,latency_positive_commit,sample_std_pct,median,6,6,78,13,13,7.706270294069344,3.156753985064537,9.08575327890807
legacy_three_workloads,topology,mode,Algorand,full mesh,latency_positive_commit,iqr_pct,mean,6,6,79,13,14,11.424489451168236,6.415022698936921,22.301163122621887
legacy_three_workloads,topology,mode,Algorand,full mesh,latency_positive_commit,iqr_pct,median,6,6,79,13,14,4.790588473033818,2.36334747836641,19.588923464123823
legacy_three_workloads,topology,mode,Algorand,full mesh,latency_positive_commit,sample_std_pct,mean,6,6,79,13,14,14.859834660838546,9.781148687252632,16.398828448172843
legacy_three_workloads,topology,mode,Algorand,full mesh,latency_positive_commit,sample_std_pct,median,6,6,79,13,14,14.318732234590282,5.900260052940903,16.971348568327397
legacy_three_workloads,topology,mode,Algorand,hypercube,latency_positive_commit,iqr_pct,mean,6,6,78,13,13,9.09297314031841,6.064460617140266,20.60538864983224
legacy_three_workloads,topology,mode,Algorand,hypercube,latency_positive_commit,iqr_pct,median,6,6,78,13,13,8.098507328701409,3.2241826986539106,18.31206423178688
legacy_three_workloads,topology,mode,Algorand,hypercube,latency_positive_commit,sample_std_pct,mean,6,6,78,13,13,14.56070653085577,9.03149374535869,16.403113320379934
legacy_three_workloads,topology,mode,Algorand,hypercube,latency_positive_commit,sample_std_pct,median,6,6,78,13,13,13.975856069583521,6.4159849310727735,15.586212885731506
legacy_three_workloads,topology,mode,Algorand,scale-free,latency_positive_commit,iqr_pct,mean,6,6,78,13,13,13.790529449177987,8.473841365587514,18.15977567105619
legacy_three_workloads,topology,mode,Algorand,scale-free,latency_positive_commit,iqr_pct,median,6,6,78,13,13,12.932117132364109,5.621433026236649,17.41540941894758
legacy_three_workloads,topology,mode,Algorand,scale-free,latency_positive_commit,sample_std_pct,mean,6,6,78,13,13,10.66650908922397,8.177131411388073,11.828586106777182
legacy_three_workloads,topology,mode,Algorand,scale-free,latency_positive_commit,sample_std_pct,median,6,6,78,13,13,11.590896969995953,7.119866302697418,13.671997258577427
legacy_three_workloads,topology,mode,Algorand,torus,latency_positive_commit,iqr_pct,mean,6,6,78,13,13,11.516613792258026,5.279170492806923,15.564883185784524
legacy_three_workloads,topology,mode,Algorand,torus,latency_positive_commit,iqr_pct,median,6,6,78,13,13,3.006600009953184,1.5353815753710476,9.252746330503296
legacy_three_workloads,topology,mode,Algorand,torus,latency_positive_commit,sample_std_pct,mean,6,6,78,13,13,10.605814323645268,6.857892456566093,12.040492778152736
legacy_three_workloads,topology,mode,Algorand,torus,latency_positive_commit,sample_std_pct,median,6,6,78,13,13,10.411335569714872,2.179805791455313,13.33965403788326
legacy_three_workloads,topology,mode,Diem,fat-tree,latency_positive_commit,iqr_pct,mean,6,6,102,11,23,37.22744551859344,25.832478979880655,43.32740348998055
legacy_three_workloads,topology,mode,Diem,fat-tree,latency_positive_commit,iqr_pct,median,6,6,102,11,23,19.18949097632823,13.953887846630042,24.888566625653645
legacy_three_workloads,topology,mode,Diem,fat-tree,latency_positive_commit,sample_std_pct,mean,6,6,102,11,23,23.583036444348547,19.650523037484728,26.20878700756446
legacy_three_workloads,topology,mode,Diem,fat-tree,latency_positive_commit,sample_std_pct,median,6,6,102,11,23,13.826085109999728,10.612893132131207,16.96703266797101
legacy_three_workloads,topology,mode,Diem,full mesh,latency_positive_commit,iqr_pct,mean,6,6,76,12,13,13.094049992136341,7.890630124106884,19.333040587961772
legacy_three_workloads,topology,mode,Diem,full mesh,latency_positive_commit,iqr_pct,median,6,6,76,12,13,10.906996313612648,4.601715005305055,15.969425379680837
legacy_three_workloads,topology,mode,Diem,full mesh,latency_positive_commit,sample_std_pct,mean,6,6,76,12,13,12.104663682622101,8.42193567010962,13.543162965651344
legacy_three_workloads,topology,mode,Diem,full mesh,latency_positive_commit,sample_std_pct,median,6,6,76,12,13,8.466982152218876,5.825036968772736,10.129458970866317
legacy_three_workloads,topology,mode,Diem,hypercube,latency_positive_commit,iqr_pct,mean,6,6,68,9,13,11.661969823105322,6.81115512018607,17.045976894482777
legacy_three_workloads,topology,mode,Diem,hypercube,latency_positive_commit,iqr_pct,median,6,6,68,9,13,12.223755724775408,3.6705793425087596,18.033972801733846
legacy_three_workloads,topology,mode,Diem,hypercube,latency_positive_commit,sample_std_pct,mean,6,6,68,9,13,10.931243337834223,7.783581927622714,12.321007915630394
legacy_three_workloads,topology,mode,Diem,hypercube,latency_positive_commit,sample_std_pct,median,6,6,68,9,13,11.257307325456171,7.2825481724417696,12.782930428741333
legacy_three_workloads,topology,mode,Diem,scale-free,latency_positive_commit,iqr_pct,mean,6,6,93,12,19,8.395455410951357,6.387634522534556,14.667957920491142
legacy_three_workloads,topology,mode,Diem,scale-free,latency_positive_commit,iqr_pct,median,6,6,93,12,19,9.32800480833072,4.88829877962294,13.40246310092683
legacy_three_workloads,topology,mode,Diem,scale-free,latency_positive_commit,sample_std_pct,mean,6,6,93,12,19,10.299701696842206,7.642432383273008,11.707844476873191
legacy_three_workloads,topology,mode,Diem,scale-free,latency_positive_commit,sample_std_pct,median,6,6,93,12,19,9.620572441056261,6.192432082645855,11.27206124383103
legacy_three_workloads,topology,mode,Diem,torus,latency_positive_commit,iqr_pct,mean,6,6,76,12,13,8.57162021662898,5.713638496964484,12.330319621582552
legacy_three_workloads,topology,mode,Diem,torus,latency_positive_commit,iqr_pct,median,6,6,76,12,13,9.366888629434087,4.270001079255116,11.366126208440862
legacy_three_workloads,topology,mode,Diem,torus,latency_positive_commit,sample_std_pct,mean,6,6,76,12,13,8.584755925981868,5.6125466016221335,10.22549225771532
legacy_three_workloads,topology,mode,Diem,torus,latency_positive_commit,sample_std_pct,median,6,6,76,12,13,7.539746139291259,5.1355715203027765,8.77002775968863
legacy_three_workloads,topology,mode,Ethereum,fat-tree,latency_positive_commit,iqr_pct,mean,6,6,79,13,14,7.435589790883573,5.2922061246391054,14.473366554409429
legacy_three_workloads,topology,mode,Ethereum,fat-tree,latency_positive_commit,iqr_pct,median,6,6,79,13,14,7.0880113904707756,4.210340462637092,12.18718297167096
legacy_three_workloads,topology,mode,Ethereum,fat-tree,latency_positive_commit,sample_std_pct,mean,6,6,79,13,14,9.473492352930775,6.349711218552452,10.719060310765792
legacy_three_workloads,topology,mode,Ethereum,fat-tree,latency_positive_commit,sample_std_pct,median,6,6,79,13,14,7.214300453786289,5.142208241729058,8.478340388780504
legacy_three_workloads,topology,mode,Ethereum,full mesh,latency_positive_commit,iqr_pct,mean,6,6,78,13,13,7.9792079102836615,4.560672913168556,10.08273286955934
legacy_three_workloads,topology,mode,Ethereum,full mesh,latency_positive_commit,iqr_pct,median,6,6,78,13,13,8.404766164691505,3.866877947477984,9.655615060940043
legacy_three_workloads,topology,mode,Ethereum,full mesh,latency_positive_commit,sample_std_pct,mean,6,6,78,13,13,7.37558778691896,4.9718761741666055,8.510354051012719
legacy_three_workloads,topology,mode,Ethereum,full mesh,latency_positive_commit,sample_std_pct,median,6,6,78,13,13,6.816742337265545,4.354728975058193,7.833817180015087
legacy_three_workloads,topology,mode,Ethereum,hypercube,latency_positive_commit,iqr_pct,mean,6,6,79,13,14,6.389499765602285,4.805519196177434,9.83097071513337
legacy_three_workloads,topology,mode,Ethereum,hypercube,latency_positive_commit,iqr_pct,median,6,6,79,13,14,6.036358840488244,4.246216724237091,9.689045391162471
legacy_three_workloads,topology,mode,Ethereum,hypercube,latency_positive_commit,sample_std_pct,mean,6,6,79,13,14,6.740307766060113,4.925352813823076,7.591239388605414
legacy_three_workloads,topology,mode,Ethereum,hypercube,latency_positive_commit,sample_std_pct,median,6,6,79,13,14,6.032192961671864,4.398119064782464,6.928330017654479
legacy_three_workloads,topology,mode,Ethereum,scale-free,latency_positive_commit,iqr_pct,mean,6,6,78,13,13,9.251968015696868,5.8877849129203055,13.919975072897886
legacy_three_workloads,topology,mode,Ethereum,scale-free,latency_positive_commit,iqr_pct,median,6,6,78,13,13,8.243003819314833,4.598726911022329,12.113739960102262
legacy_three_workloads,topology,mode,Ethereum,scale-free,latency_positive_commit,sample_std_pct,mean,6,6,78,13,13,8.74423931373355,6.3670761687101045,9.663200303589678
legacy_three_workloads,topology,mode,Ethereum,scale-free,latency_positive_commit,sample_std_pct,median,6,6,78,13,13,8.275274471376123,5.149785835788805,9.172941399868781
legacy_three_workloads,topology,mode,Ethereum,torus,latency_positive_commit,iqr_pct,mean,6,6,84,13,15,10.105063326444414,7.120665051480863,12.787560447129847
legacy_three_workloads,topology,mode,Ethereum,torus,latency_positive_commit,iqr_pct,median,6,6,84,13,15,10.730241614242058,6.011822503062237,13.720417290799032
legacy_three_workloads,topology,mode,Ethereum,torus,latency_positive_commit,sample_std_pct,mean,6,6,84,13,15,7.990905953601735,6.183268480606838,8.83613584328178
legacy_three_workloads,topology,mode,Ethereum,torus,latency_positive_commit,sample_std_pct,median,6,6,84,13,15,8.074858126798912,6.0930556444437975,9.11136014937294
legacy_three_workloads,topology,mode,Quorum,fat-tree,latency_positive_commit,iqr_pct,mean,6,6,62,3,14,55.975971975418084,26.41384998239963,82.19949749767841
legacy_three_workloads,topology,mode,Quorum,fat-tree,latency_positive_commit,iqr_pct,median,6,6,62,3,14,44.84115237323191,15.323287720985352,64.72764007937019
legacy_three_workloads,topology,mode,Quorum,fat-tree,latency_positive_commit,sample_std_pct,mean,6,6,62,3,14,64.08297635126924,42.138174181002086,72.7843542308749
legacy_three_workloads,topology,mode,Quorum,fat-tree,latency_positive_commit,sample_std_pct,median,6,6,62,3,14,54.97196929346116,29.039120052638054,67.34195478960845
legacy_three_workloads,topology,mode,Quorum,full mesh,latency_positive_commit,iqr_pct,mean,6,6,66,2,18,38.471428036815404,16.375092957274877,83.44563811856042
legacy_three_workloads,topology,mode,Quorum,full mesh,latency_positive_commit,iqr_pct,median,6,6,66,2,18,27.764586492640905,7.2680996975479255,67.51372844939262
legacy_three_workloads,topology,mode,Quorum,full mesh,latency_positive_commit,sample_std_pct,mean,6,6,66,2,18,85.92594606595249,51.31246367554781,96.52105447986791
legacy_three_workloads,topology,mode,Quorum,full mesh,latency_positive_commit,sample_std_pct,median,6,6,66,2,18,77.26372842852363,31.944688752782355,85.21268463163248
legacy_three_workloads,topology,mode,Quorum,hypercube,latency_positive_commit,iqr_pct,mean,6,6,68,4,17,49.64044315244863,25.27245010464414,77.97094611423707
legacy_three_workloads,topology,mode,Quorum,hypercube,latency_positive_commit,iqr_pct,median,6,6,68,4,17,45.46777785112869,17.339089000076125,70.48308937145198
legacy_three_workloads,topology,mode,Quorum,hypercube,latency_positive_commit,sample_std_pct,mean,6,6,68,4,17,77.1416298754694,37.92911197903802,84.97370019636449
legacy_three_workloads,topology,mode,Quorum,hypercube,latency_positive_commit,sample_std_pct,median,6,6,68,4,17,67.07487036687064,31.209713187703617,85.0742827268957
legacy_three_workloads,topology,mode,Quorum,scale-free,latency_positive_commit,iqr_pct,mean,6,6,67,5,16,60.391927816255524,21.83976863148081,76.13746491649762
legacy_three_workloads,topology,mode,Quorum,scale-free,latency_positive_commit,iqr_pct,median,6,6,67,5,16,55.47953643351951,11.119600157778695,77.39140687863193
legacy_three_workloads,topology,mode,Quorum,scale-free,latency_positive_commit,sample_std_pct,mean,6,6,67,5,16,71.86967272006281,42.052488301989904,76.57004855719235
legacy_three_workloads,topology,mode,Quorum,scale-free,latency_positive_commit,sample_std_pct,median,6,6,67,5,16,54.633690276364675,29.909126441000556,64.16603683192011
legacy_three_workloads,topology,mode,Quorum,torus,latency_positive_commit,iqr_pct,mean,6,6,62,3,18,54.4567114476765,14.752259886924438,62.03691651308841
legacy_three_workloads,topology,mode,Quorum,torus,latency_positive_commit,iqr_pct,median,6,6,62,3,18,18.89605997961856,8.061549622982932,46.8090005590058
legacy_three_workloads,topology,mode,Quorum,torus,latency_positive_commit,sample_std_pct,mean,6,6,62,3,18,64.32625743478604,24.39921369044541,69.16899471427844
legacy_three_workloads,topology,mode,Quorum,torus,latency_positive_commit,sample_std_pct,median,6,6,62,3,18,55.66143843048406,12.381055693917729,64.3636526547586
legacy_three_workloads,topology,mode,Solana,fat-tree,latency_positive_commit,iqr_pct,mean,6,5,44,2,13,32.32665468915893,12.413999273698359,45.380698385559
legacy_three_workloads,topology,mode,Solana,fat-tree,latency_positive_commit,iqr_pct,median,6,5,44,2,13,36.9548969442608,6.472540736270356,62.98176643673726
legacy_three_workloads,topology,mode,Solana,fat-tree,latency_positive_commit,sample_std_pct,mean,6,5,44,2,13,29.61758483065849,18.4609443236559,30.939728641150026
legacy_three_workloads,topology,mode,Solana,fat-tree,latency_positive_commit,sample_std_pct,median,6,5,44,2,13,41.48638403705173,9.926307355959448,43.095651976475835
legacy_three_workloads,topology,mode,Solana,full mesh,latency_positive_commit,iqr_pct,mean,6,4,53,13,14,8.463222866186975,6.035959467015409,16.42346902266697
legacy_three_workloads,topology,mode,Solana,full mesh,latency_positive_commit,iqr_pct,median,6,4,53,13,14,8.70349542639988,4.902160627451576,16.90112130206719
legacy_three_workloads,topology,mode,Solana,full mesh,latency_positive_commit,sample_std_pct,mean,6,4,53,13,14,9.681505484141994,7.325053604652855,10.763019844443669
legacy_three_workloads,topology,mode,Solana,full mesh,latency_positive_commit,sample_std_pct,median,6,4,53,13,14,9.809485963969502,7.13719790127404,11.035760146696946
legacy_three_workloads,topology,mode,Solana,hypercube,latency_positive_commit,iqr_pct,mean,6,4,52,13,13,21.3615633030995,11.066433764737328,31.987595053538772
legacy_three_workloads,topology,mode,Solana,hypercube,latency_positive_commit,iqr_pct,median,6,4,52,13,13,22.957266922046763,9.560356910300262,30.223584284230242
legacy_three_workloads,topology,mode,Solana,hypercube,latency_positive_commit,sample_std_pct,mean,6,4,52,13,13,18.275771372441795,13.301969854122959,21.120178057561887
legacy_three_workloads,topology,mode,Solana,hypercube,latency_positive_commit,sample_std_pct,median,6,4,52,13,13,18.455106398864263,11.496981054172174,21.92867791135852
legacy_three_workloads,topology,mode,Solana,scale-free,latency_positive_commit,iqr_pct,mean,6,4,37,2,14,43.62991831104024,16.367540526189735,58.92663850997752
legacy_three_workloads,topology,mode,Solana,scale-free,latency_positive_commit,iqr_pct,median,6,4,37,2,14,48.619019336420976,8.587357547473623,56.50730512144506
legacy_three_workloads,topology,mode,Solana,scale-free,latency_positive_commit,sample_std_pct,mean,6,4,37,2,14,39.580152076902884,17.885801286399545,44.56422308945362
legacy_three_workloads,topology,mode,Solana,scale-free,latency_positive_commit,sample_std_pct,median,6,4,37,2,14,43.43478117856196,16.78842688702069,51.22573666626483
legacy_three_workloads,topology,mode,Solana,torus,latency_positive_commit,iqr_pct,mean,6,4,52,11,15,22.585532259330144,13.158788609576032,34.434478968292574
legacy_three_workloads,topology,mode,Solana,torus,latency_positive_commit,iqr_pct,median,6,4,52,11,15,19.518890138069107,8.936484574662677,33.470576806257625
legacy_three_workloads,topology,mode,Solana,torus,latency_positive_commit,sample_std_pct,mean,6,4,52,11,15,19.572074301116253,14.711317755643556,21.533046866454885
legacy_three_workloads,topology,mode,Solana,torus,latency_positive_commit,sample_std_pct,median,6,4,52,11,15,19.874072865650703,12.834424356053846,23.229380518703138
legacy_three_workloads,workload,workload,Algorand,GAFAM,latency_positive_commit,iqr_pct,mean,10,10,131,13,14,22.390481757841506,14.98546939994651,29.511275774085735
legacy_three_workloads,workload,workload,Algorand,GAFAM,latency_positive_commit,iqr_pct,median,10,10,131,13,14,15.368871529895806,9.520005196099188,26.653604608114218
legacy_three_workloads,workload,workload,Algorand,GAFAM,latency_positive_commit,sample_std_pct,mean,10,10,131,13,14,20.823219783491194,16.47179966761031,21.982369893314445
legacy_three_workloads,workload,workload,Algorand,GAFAM,latency_positive_commit,sample_std_pct,median,10,10,131,13,14,19.48295921666797,13.330617383063144,22.12903845560042
legacy_three_workloads,workload,workload,Algorand,PayPal,latency_positive_commit,iqr_pct,mean,10,10,130,13,13,0.8239641220945508,0.5714805323822274,5.223232412762366
legacy_three_workloads,workload,workload,Algorand,PayPal,latency_positive_commit,iqr_pct,median,10,10,130,13,13,0.7636163531213374,0.47637408188514946,0.9781089633815593
legacy_three_workloads,workload,workload,Algorand,PayPal,latency_positive_commit,sample_std_pct,mean,10,10,130,13,13,4.053260455742267,1.7674059802307398,4.657040539784389
legacy_three_workloads,workload,workload,Algorand,PayPal,latency_positive_commit,sample_std_pct,median,10,10,130,13,13,0.7177924550479529,0.5192330991240806,0.7822457357081255
legacy_three_workloads,workload,workload,Algorand,VISA,latency_positive_commit,iqr_pct,mean,10,10,130,13,13,11.866462618372335,8.491264699423562,16.26263770856993
legacy_three_workloads,workload,workload,Algorand,VISA,latency_positive_commit,iqr_pct,median,10,10,130,13,13,11.328645859895397,5.221203152888523,16.00381140694844
legacy_three_workloads,workload,workload,Algorand,VISA,latency_positive_commit,sample_std_pct,mean,10,10,130,13,13,12.521108398650036,9.061651161231724,13.506501773980213
legacy_three_workloads,workload,workload,Algorand,VISA,latency_positive_commit,sample_std_pct,median,10,10,130,13,13,12.585624668074924,9.085235381379992,14.635375899112057
legacy_three_workloads,workload,workload,Diem,GAFAM,latency_positive_commit,iqr_pct,mean,10,10,136,10,19,17.090371762385413,12.472206163402921,20.016293469533966
legacy_three_workloads,workload,workload,Diem,GAFAM,latency_positive_commit,iqr_pct,median,10,10,136,10,19,11.502491779379834,7.885285860953833,15.389824987977422
legacy_three_workloads,workload,workload,Diem,GAFAM,latency_positive_commit,sample_std_pct,mean,10,10,136,10,19,12.678404057386347,10.686026767136758,13.427692071625493
legacy_three_workloads,workload,workload,Diem,GAFAM,latency_positive_commit,sample_std_pct,median,10,10,136,10,19,10.204795275331367,7.648556818589232,10.692560640368123
legacy_three_workloads,workload,workload,Diem,PayPal,latency_positive_commit,iqr_pct,mean,10,10,142,11,23,25.477632460015805,19.572900233825656,32.73057180758548
legacy_three_workloads,workload,workload,Diem,PayPal,latency_positive_commit,iqr_pct,median,10,10,142,11,23,15.813785010917687,11.695061340524179,24.64939562619113
legacy_three_workloads,workload,workload,Diem,PayPal,latency_positive_commit,sample_std_pct,mean,10,10,142,11,23,21.43836629550309,17.364615898498855,23.018415231705642
legacy_three_workloads,workload,workload,Diem,PayPal,latency_positive_commit,sample_std_pct,median,10,10,142,11,23,16.399668716799912,12.32739551604014,18.30132421263913
legacy_three_workloads,workload,workload,Diem,VISA,latency_positive_commit,iqr_pct,mean,10,10,137,9,23,4.802320354448046,3.8881960298237757,6.287468219207215
legacy_three_workloads,workload,workload,Diem,VISA,latency_positive_commit,iqr_pct,median,10,10,137,9,23,3.0598380062003443,1.9583514053737034,4.415861239328837
legacy_three_workloads,workload,workload,Diem,VISA,latency_positive_commit,sample_std_pct,mean,10,10,137,9,23,5.1852702996879305,3.36140363083133,6.21510024675942
legacy_three_workloads,workload,workload,Diem,VISA,latency_positive_commit,sample_std_pct,median,10,10,137,9,23,3.0691353382962445,2.188555530591413,3.4446027553644445
legacy_three_workloads,workload,workload,Ethereum,GAFAM,latency_positive_commit,iqr_pct,mean,10,10,132,13,15,8.117438582445507,6.065211531335308,10.324018457009224
legacy_three_workloads,workload,workload,Ethereum,GAFAM,latency_positive_commit,iqr_pct,median,10,10,132,13,15,7.13262364526303,5.142007036793788,9.659345752645734
legacy_three_workloads,workload,workload,Ethereum,GAFAM,latency_positive_commit,sample_std_pct,mean,10,10,132,13,15,6.881106136925867,5.666200101088856,7.319602971466918
legacy_three_workloads,workload,workload,Ethereum,GAFAM,latency_positive_commit,sample_std_pct,median,10,10,132,13,15,6.693786398640995,5.041615850556611,7.403633495743165
legacy_three_workloads,workload,workload,Ethereum,PayPal,latency_positive_commit,iqr_pct,mean,10,10,134,13,15,7.6473090781831825,5.694122656912717,11.30919504057088
legacy_three_workloads,workload,workload,Ethereum,PayPal,latency_positive_commit,iqr_pct,median,10,10,134,13,15,5.6970962041287905,4.14657946809614,9.481139259507785
legacy_three_workloads,workload,workload,Ethereum,PayPal,latency_positive_commit,sample_std_pct,mean,10,10,134,13,15,8.353156145745752,6.0365548042346795,9.184294230064516
legacy_three_workloads,workload,workload,Ethereum,PayPal,latency_positive_commit,sample_std_pct,median,10,10,134,13,15,7.330758772668588,4.312241844306729,8.17037345783618
legacy_three_workloads,workload,workload,Ethereum,VISA,latency_positive_commit,iqr_pct,mean,10,10,132,13,15,8.93204962471779,6.484462824997564,12.460586961474757
legacy_three_workloads,workload,workload,Ethereum,VISA,latency_positive_commit,iqr_pct,median,10,10,132,13,15,9.038629450891284,5.590749084227949,11.34600022439891
legacy_three_workloads,workload,workload,Ethereum,VISA,latency_positive_commit,sample_std_pct,mean,10,10,132,13,15,8.960457621275461,6.742578777424964,9.66526580773062
legacy_three_workloads,workload,workload,Ethereum,VISA,latency_positive_commit,sample_std_pct,median,10,10,132,13,15,8.15817505298121,5.759242359280062,8.797132373085876
legacy_three_workloads,workload,workload,Quorum,GAFAM,latency_positive_commit,iqr_pct,mean,10,10,85,2,13,67.70156071807473,38.727393663486865,77.69888056246434
legacy_three_workloads,workload,workload,Quorum,GAFAM,latency_positive_commit,iqr_pct,median,10,10,85,2,13,49.69391605879494,27.735044718514718,66.81385586665716
legacy_three_workloads,workload,workload,Quorum,GAFAM,latency_positive_commit,sample_std_pct,mean,10,10,85,2,13,56.21700738809947,37.822966505334186,59.61159701038152
legacy_three_workloads,workload,workload,Quorum,GAFAM,latency_positive_commit,sample_std_pct,median,10,10,85,2,13,38.81533680655344,27.682904001130463,43.515672751153794
legacy_three_workloads,workload,workload,Quorum,PayPal,latency_positive_commit,iqr_pct,mean,10,10,138,11,17,19.340548510098476,4.637811898766665,50.092366802328556
legacy_three_workloads,workload,workload,Quorum,PayPal,latency_positive_commit,iqr_pct,median,10,10,138,11,17,4.511320653340972,1.1498892476387952,8.112680660882491
legacy_three_workloads,workload,workload,Quorum,PayPal,latency_positive_commit,sample_std_pct,mean,10,10,138,11,17,65.49967117780434,39.79851153172827,70.1704866628654
legacy_three_workloads,workload,workload,Quorum,PayPal,latency_positive_commit,sample_std_pct,median,10,10,138,11,17,15.734998139392987,3.588818326966545,21.419988588533332
legacy_three_workloads,workload,workload,Quorum,VISA,latency_positive_commit,iqr_pct,mean,10,10,102,3,18,68.31978022899528,36.425431688192816,83.3832920408101
legacy_three_workloads,workload,workload,Quorum,VISA,latency_positive_commit,iqr_pct,median,10,10,102,3,18,57.826601233856465,25.21059825823657,72.14431510732577
legacy_three_workloads,workload,workload,Quorum,VISA,latency_positive_commit,sample_std_pct,mean,10,10,102,3,18,96.29121090262018,56.702808443098824,98.51907070508972
legacy_three_workloads,workload,workload,Quorum,VISA,latency_positive_commit,sample_std_pct,median,10,10,102,3,18,94.64772916655863,41.489969647199004,100.43281669717724
legacy_three_workloads,workload,workload,Solana,GAFAM,latency_positive_commit,iqr_pct,mean,10,10,117,2,13,24.269404511845316,12.915073007535634,29.544959713882605
legacy_three_workloads,workload,workload,Solana,GAFAM,latency_positive_commit,iqr_pct,median,10,10,117,2,13,16.615009771700308,6.773700944325856,23.73300440900267
legacy_three_workloads,workload,workload,Solana,GAFAM,latency_positive_commit,sample_std_pct,mean,10,10,117,2,13,22.246744640148556,13.632303312572681,22.745009415449392
legacy_three_workloads,workload,workload,Solana,GAFAM,latency_positive_commit,sample_std_pct,median,10,10,117,2,13,12.489491306380426,8.767360475343597,14.500799102888093
legacy_three_workloads,workload,workload,Solana,PayPal,latency_positive_commit,iqr_pct,mean,10,6,55,2,13,26.151033907624736,12.852152133051394,39.71669300065915
legacy_three_workloads,workload,workload,Solana,PayPal,latency_positive_commit,iqr_pct,median,10,6,55,2,13,22.227212175417403,7.660029723832707,28.46111306969802
legacy_three_workloads,workload,workload,Solana,PayPal,latency_positive_commit,sample_std_pct,mean,10,6,55,2,13,23.258212337304936,14.183552692106701,26.282850540132152
legacy_three_workloads,workload,workload,Solana,PayPal,latency_positive_commit,sample_std_pct,median,10,6,55,2,13,16.061738618066336,9.304682044897334,18.955825374915154
legacy_three_workloads,workload,workload,Solana,VISA,latency_positive_commit,iqr_pct,mean,10,5,66,10,15,29.238794368044104,14.832931476843918,42.71108576429152
legacy_three_workloads,workload,workload,Solana,VISA,latency_positive_commit,iqr_pct,median,10,5,66,10,15,24.838315324552404,10.342570235955439,38.312355659343154
legacy_three_workloads,workload,workload,Solana,VISA,latency_positive_commit,sample_std_pct,mean,10,5,66,10,15,26.9018433332778,19.80947707134845,29.166129406037417
legacy_three_workloads,workload,workload,Solana,VISA,latency_positive_commit,sample_std_pct,median,10,5,66,10,15,23.035376896121896,13.531254202443481,33.7730682749918
legacy_three_workloads,scaling,network_size,Algorand,10 nodes,latency_positive_commit,iqr_pct,mean,15,15,196,13,14,4.90618701941576,3.581290819021814,7.414665155019789
legacy_three_workloads,scaling,network_size,Algorand,10 nodes,latency_positive_commit,iqr_pct,median,15,15,196,13,14,3.0681482938342044,1.5501022604967358,4.419677597555773
legacy_three_workloads,scaling,network_size,Algorand,10 nodes,latency_positive_commit,sample_std_pct,mean,15,15,196,13,14,6.977986709680261,4.537425458271163,7.665914029485202
legacy_three_workloads,scaling,network_size,Algorand,10 nodes,latency_positive_commit,sample_std_pct,median,15,15,196,13,14,8.339109906561054,1.947386897298202,9.469839307053997
legacy_three_workloads,scaling,network_size,Algorand,40 nodes,latency_positive_commit,iqr_pct,mean,15,15,195,13,13,18.481085312789837,13.482151655513215,24.857578898665896
legacy_three_workloads,scaling,network_size,Algorand,40 nodes,latency_positive_commit,iqr_pct,median,15,15,195,13,13,19.545677398267692,8.045371930287645,25.535658505022752
legacy_three_workloads,scaling,network_size,Algorand,40 nodes,latency_positive_commit,sample_std_pct,mean,15,15,195,13,13,17.953739048908737,14.347952536320403,18.60660336162633
legacy_three_workloads,scaling,network_size,Algorand,40 nodes,latency_positive_commit,sample_std_pct,median,15,15,195,13,13,17.641000375094922,13.75482202783851,19.835163456561716
legacy_three_workloads,scaling,network_size,Diem,10 nodes,latency_positive_commit,iqr_pct,mean,15,15,190,11,14,9.481787508692094,6.864275468784466,11.826886435171556
legacy_three_workloads,scaling,network_size,Diem,10 nodes,latency_positive_commit,iqr_pct,median,15,15,190,11,14,9.462624216722565,4.330629736729225,11.164728877720089
legacy_three_workloads,scaling,network_size,Diem,10 nodes,latency_positive_commit,sample_std_pct,mean,15,15,190,11,14,8.35630690041176,6.893454461860506,8.715700324583079
legacy_three_workloads,scaling,network_size,Diem,10 nodes,latency_positive_commit,sample_std_pct,median,15,15,190,11,14,7.335392653779491,5.710081547433102,9.358703265872258
legacy_three_workloads,scaling,network_size,Diem,40 nodes,latency_positive_commit,iqr_pct,mean,15,15,225,9,23,22.098428875874085,17.875974926775584,26.903384831065537
legacy_three_workloads,scaling,network_size,Diem,40 nodes,latency_positive_commit,iqr_pct,median,15,15,225,9,23,16.10615975585685,9.260729508525047,19.712556546265088
legacy_three_workloads,scaling,network_size,Diem,40 nodes,latency_positive_commit,sample_std_pct,mean,15,15,225,9,23,17.845053534639817,14.782539726029356,18.977146008411346
legacy_three_workloads,scaling,network_size,Diem,40 nodes,latency_positive_commit,sample_std_pct,median,15,15,225,9,23,13.86686040696482,9.086986308108383,15.613493935661305
legacy_three_workloads,scaling,network_size,Ethereum,10 nodes,latency_positive_commit,iqr_pct,mean,15,15,203,13,15,10.300641414557198,8.409038027343323,13.80132737183033
legacy_three_workloads,scaling,network_size,Ethereum,10 nodes,latency_positive_commit,iqr_pct,median,15,15,203,13,15,10.11922672809696,6.960121482518025,12.825097123286955
legacy_three_workloads,scaling,network_size,Ethereum,10 nodes,latency_positive_commit,sample_std_pct,mean,15,15,203,13,15,11.1131355588691,8.738487940439928,11.68833817170017
legacy_three_workloads,scaling,network_size,Ethereum,10 nodes,latency_positive_commit,sample_std_pct,median,15,15,203,13,15,10.39693269553368,7.530249438722329,11.47316390300501
legacy_three_workloads,scaling,network_size,Ethereum,40 nodes,latency_positive_commit,iqr_pct,mean,15,15,195,13,13,6.163890109007121,4.681245848841494,7.387923282372335
legacy_three_workloads,scaling,network_size,Ethereum,40 nodes,latency_positive_commit,iqr_pct,median,15,15,195,13,13,5.732684152662163,3.9586019756118267,7.243723275395055
legacy_three_workloads,scaling,network_size,Ethereum,40 nodes,latency_positive_commit,sample_std_pct,mean,15,15,195,13,13,5.016677710428952,4.254715241910596,5.22939933240376
legacy_three_workloads,scaling,network_size,Ethereum,40 nodes,latency_positive_commit,sample_std_pct,median,15,15,195,13,13,4.8827636733601105,3.8699468931735574,5.3955868520340955
legacy_three_workloads,scaling,network_size,Quorum,10 nodes,latency_positive_commit,iqr_pct,mean,15,15,150,3,17,59.2622492301916,33.93193930834839,76.59458218626892
legacy_three_workloads,scaling,network_size,Quorum,10 nodes,latency_positive_commit,iqr_pct,median,15,15,150,3,17,48.15531063095548,19.973966080881127,62.33236608132936
legacy_three_workloads,scaling,network_size,Quorum,10 nodes,latency_positive_commit,sample_std_pct,mean,15,15,150,3,17,86.23512983360932,57.413648082850905,87.97020728949786
legacy_three_workloads,scaling,network_size,Quorum,10 nodes,latency_positive_commit,sample_std_pct,median,15,15,150,3,17,54.73078776365208,30.00915271575348,76.98138099130169
legacy_three_workloads,scaling,network_size,Quorum,40 nodes,latency_positive_commit,iqr_pct,mean,15,15,175,2,18,44.31234374125407,27.331959507709968,55.12710415872849
legacy_three_workloads,scaling,network_size,Quorum,40 nodes,latency_positive_commit,iqr_pct,median,15,15,175,2,18,28.308346734450392,7.609436660951223,46.78483911570584
legacy_three_workloads,scaling,network_size,Quorum,40 nodes,latency_positive_commit,sample_std_pct,mean,15,15,175,2,18,59.103463145406714,37.025167256678486,59.832115510391056
legacy_three_workloads,scaling,network_size,Quorum,40 nodes,latency_positive_commit,sample_std_pct,median,15,15,175,2,18,55.21315082327023,29.99535062815984,59.74835322271385
legacy_three_workloads,scaling,network_size,Solana,10 nodes,latency_positive_commit,iqr_pct,mean,15,15,172,2,15,32.27162067717566,21.132917998306187,39.40308787390783
legacy_three_workloads,scaling,network_size,Solana,10 nodes,latency_positive_commit,iqr_pct,median,15,15,172,2,15,29.76102030708273,13.142163889740818,37.47274517134553
legacy_three_workloads,scaling,network_size,Solana,10 nodes,latency_positive_commit,sample_std_pct,mean,15,15,172,2,15,29.212803966451453,20.706419872314157,29.854749350068793
legacy_three_workloads,scaling,network_size,Solana,10 nodes,latency_positive_commit,sample_std_pct,median,15,15,172,2,15,27.943742727065796,15.991087032387293,31.685330744109137
legacy_three_workloads,scaling,network_size,Solana,40 nodes,latency_positive_commit,iqr_pct,mean,15,6,66,2,13,10.286651707797873,5.5781084219660615,13.906073472399168
legacy_three_workloads,scaling,network_size,Solana,40 nodes,latency_positive_commit,iqr_pct,median,15,6,66,2,13,7.468955030198371,4.009753413812909,12.476195381992138
legacy_three_workloads,scaling,network_size,Solana,40 nodes,latency_positive_commit,sample_std_pct,mean,15,6,66,2,13,9.722312932488725,6.342989144413753,10.377478356006275
legacy_three_workloads,scaling,network_size,Solana,40 nodes,latency_positive_commit,sample_std_pct,median,15,6,66,2,13,10.154277040348099,6.06636370454748,11.34363056608355
six_workloads,topology,mode,Algorand,fat-tree,energy_observed,iqr_pct,mean,12,12,159,13,16,17.291198334147925,13.579305610078835,22.21558458945597
six_workloads,topology,mode,Algorand,fat-tree,energy_observed,iqr_pct,median,12,12,159,13,16,16.465299030918036,11.364064525420888,23.448351714787886
six_workloads,topology,mode,Algorand,fat-tree,energy_observed,sample_std_pct,mean,12,12,159,13,16,14.671438037493838,12.37229547141899,15.361661047736895
six_workloads,topology,mode,Algorand,fat-tree,energy_observed,sample_std_pct,median,12,12,159,13,16,15.229783638721308,12.053668098895695,15.838684008281815
six_workloads,topology,mode,Algorand,full mesh,energy_observed,iqr_pct,mean,12,12,159,13,14,20.212987742422587,15.196288583603577,23.887308928166124
six_workloads,topology,mode,Algorand,full mesh,energy_observed,iqr_pct,median,12,12,159,13,14,18.824776530058497,13.639361207035817,24.005373296973133
six_workloads,topology,mode,Algorand,full mesh,energy_observed,sample_std_pct,mean,12,12,159,13,14,16.071257515372313,13.487437840600723,16.83236171403274
six_workloads,topology,mode,Algorand,full mesh,energy_observed,sample_std_pct,median,12,12,159,13,14,15.740103890076965,12.391815581968517,16.947675276300338
six_workloads,topology,mode,Algorand,hypercube,energy_observed,iqr_pct,mean,12,12,156,13,13,19.346391222708696,15.334658545304444,24.332426772903354
six_workloads,topology,mode,Algorand,hypercube,energy_observed,iqr_pct,median,12,12,156,13,13,20.771581657533382,12.996968220537966,24.69630314812797
six_workloads,topology,mode,Algorand,hypercube,energy_observed,sample_std_pct,mean,12,12,156,13,13,15.805045782526017,13.377898889474112,16.51330179979267
six_workloads,topology,mode,Algorand,hypercube,energy_observed,sample_std_pct,median,12,12,156,13,13,14.994982659407327,12.15101728003312,16.142818338633205
six_workloads,topology,mode,Algorand,scale-free,energy_observed,iqr_pct,mean,12,12,157,11,17,15.521384019964474,12.263098389693136,19.609809075870075
six_workloads,topology,mode,Algorand,scale-free,energy_observed,iqr_pct,median,12,12,157,11,17,14.75592887894183,10.479504036915843,19.210143308549895
six_workloads,topology,mode,Algorand,scale-free,energy_observed,sample_std_pct,mean,12,12,157,11,17,13.443848988140283,11.219648952152244,14.149439682727206
six_workloads,topology,mode,Algorand,scale-free,energy_observed,sample_std_pct,median,12,12,157,11,17,13.515481151697653,10.772051657561398,14.705092660010614
six_workloads,topology,mode,Algorand,torus,energy_observed,iqr_pct,mean,12,12,156,13,13,15.982068960098239,12.820185896482625,20.377770572736225
six_workloads,topology,mode,Algorand,torus,energy_observed,iqr_pct,median,12,12,156,13,13,15.511725973193105,12.28002460003433,20.15575966823107
six_workloads,topology,mode,Algorand,torus,energy_observed,sample_std_pct,mean,12,12,156,13,13,13.905999431634909,11.68026480032942,14.622371214753812
six_workloads,topology,mode,Algorand,torus,energy_observed,sample_std_pct,median,12,12,156,13,13,14.27682961707061,11.145134393421015,15.130959506725251
six_workloads,topology,mode,Diem,fat-tree,energy_observed,iqr_pct,mean,12,12,207,11,25,19.95612449140452,15.763440705752755,23.813297500394718
six_workloads,topology,mode,Diem,fat-tree,energy_observed,iqr_pct,median,12,12,207,11,25,22.09815297203283,13.857619933440407,24.38420920125204
six_workloads,topology,mode,Diem,fat-tree,energy_observed,sample_std_pct,mean,12,12,207,11,25,14.92639232506569,12.773996682001885,15.808008806807912
six_workloads,topology,mode,Diem,fat-tree,energy_observed,sample_std_pct,median,12,12,207,11,25,15.800764384502394,12.77645429494431,16.662752513986906
six_workloads,topology,mode,Diem,full mesh,energy_observed,iqr_pct,mean,12,12,149,11,13,15.391299758235105,11.621097005950311,18.280497440915052
six_workloads,topology,mode,Diem,full mesh,energy_observed,iqr_pct,median,12,12,149,11,13,15.734989781976111,10.09773843444177,18.523576445585604
six_workloads,topology,mode,Diem,full mesh,energy_observed,sample_std_pct,mean,12,12,149,11,13,12.01371149204441,10.13255571213933,12.483956873731136
six_workloads,topology,mode,Diem,full mesh,energy_observed,sample_std_pct,median,12,12,149,11,13,12.306783549988054,9.579376147010036,12.79422252498855
six_workloads,topology,mode,Diem,hypercube,energy_observed,iqr_pct,mean,12,12,138,9,13,16.12378599346643,12.003944291831232,20.731946614105123
six_workloads,topology,mode,Diem,hypercube,energy_observed,iqr_pct,median,12,12,138,9,13,13.385470446612672,9.747858370874653,18.85197061060658
six_workloads,topology,mode,Diem,hypercube,energy_observed,sample_std_pct,mean,12,12,138,9,13,13.225581306962559,10.833648341135977,13.910137357656573
six_workloads,topology,mode,Diem,hypercube,energy_observed,sample_std_pct,median,12,12,138,9,13,12.119403954491803,9.327202903336559,13.204278794183752
six_workloads,topology,mode,Diem,scale-free,energy_observed,iqr_pct,mean,12,12,185,12,19,15.888645325506083,13.094699276789441,19.95487407143796
six_workloads,topology,mode,Diem,scale-free,energy_observed,iqr_pct,median,12,12,185,12,19,17.595372457778364,12.16952347830328,20.37219661816986
six_workloads,topology,mode,Diem,scale-free,energy_observed,sample_std_pct,mean,12,12,185,12,19,13.751161383671237,11.686776318094637,14.544952075721847
six_workloads,topology,mode,Diem,scale-free,energy_observed,sample_std_pct,median,12,12,185,12,19,13.68662318241422,11.183879531366632,14.752919785015246
six_workloads,topology,mode,Diem,torus,energy_observed,iqr_pct,mean,12,12,144,9,13,18.50685687326507,14.53207907273388,23.84818446859854
six_workloads,topology,mode,Diem,torus,energy_observed,iqr_pct,median,12,12,144,9,13,18.20459189638094,12.136186512142249,22.722857165064653
six_workloads,topology,mode,Diem,torus,energy_observed,sample_std_pct,mean,12,12,144,9,13,15.264805650994047,12.769292325522182,15.988429723029101
six_workloads,topology,mode,Diem,torus,energy_observed,sample_std_pct,median,12,12,144,9,13,14.901660187652467,11.480661404813258,15.912848662794673
six_workloads,topology,mode,Ethereum,fat-tree,energy_observed,iqr_pct,mean,12,12,158,13,14,20.91270217952255,16.9421140573626,25.080272688018123
six_workloads,topology,mode,Ethereum,fat-tree,energy_observed,iqr_pct,median,12,12,158,13,14,19.00655807584935,14.666863846301535,24.729885530099207
six_workloads,topology,mode,Ethereum,fat-tree,energy_observed,sample_std_pct,mean,12,12,158,13,14,16.092822192993047,13.709903994137138,16.734975750098435
six_workloads,topology,mode,Ethereum,fat-tree,energy_observed,sample_std_pct,median,12,12,158,13,14,16.298258325828783,12.788989819780724,17.350078896173425
six_workloads,topology,mode,Ethereum,full mesh,energy_observed,iqr_pct,mean,12,12,154,11,13,18.40994663138289,13.91134959224296,22.257892551569196
six_workloads,topology,mode,Ethereum,full mesh,energy_observed,iqr_pct,median,12,12,154,11,13,17.599749226991214,12.773463338230558,22.546995893225642
six_workloads,topology,mode,Ethereum,full mesh,energy_observed,sample_std_pct,mean,12,12,154,11,13,14.334951619111287,12.115438421938345,14.942424217476313
six_workloads,topology,mode,Ethereum,full mesh,energy_observed,sample_std_pct,median,12,12,154,11,13,14.3944696855446,11.617881714638575,15.00442378649506
six_workloads,topology,mode,Ethereum,hypercube,energy_observed,iqr_pct,mean,12,12,156,12,14,15.606370257349724,12.986478643486176,21.551950718726406
six_workloads,topology,mode,Ethereum,hypercube,energy_observed,iqr_pct,median,12,12,156,12,14,15.51239521176021,12.111890995060188,21.518137821360526
six_workloads,topology,mode,Ethereum,hypercube,energy_observed,sample_std_pct,mean,12,12,156,12,14,14.12386516736825,11.750437176534817,14.894072577130677
six_workloads,topology,mode,Ethereum,hypercube,energy_observed,sample_std_pct,median,12,12,156,12,14,14.154409530536896,11.466650941737491,15.037472289662325
six_workloads,topology,mode,Ethereum,scale-free,energy_observed,iqr_pct,mean,12,12,157,13,14,17.585512469705474,12.749574103595464,20.370650215346426
six_workloads,topology,mode,Ethereum,scale-free,energy_observed,iqr_pct,median,12,12,157,13,14,16.07386272517096,10.886625156808316,20.286881004328738
six_workloads,topology,mode,Ethereum,scale-free,energy_observed,sample_std_pct,mean,12,12,157,13,14,13.254885343461524,11.14415953188291,13.860422512178442
six_workloads,topology,mode,Ethereum,scale-free,energy_observed,sample_std_pct,median,12,12,157,13,14,12.771526329698304,10.673356466212683,13.904925889885812
six_workloads,topology,mode,Ethereum,torus,energy_observed,iqr_pct,mean,12,12,168,13,16,19.072998062577113,14.312982843976188,21.55658780663173
six_workloads,topology,mode,Ethereum,torus,energy_observed,iqr_pct,median,12,12,168,13,16,19.128203538143726,12.312827124864132,21.329358800505407
six_workloads,topology,mode,Ethereum,torus,energy_observed,sample_std_pct,mean,12,12,168,13,16,13.418078201593147,11.568047319704563,13.994096178969125
six_workloads,topology,mode,Ethereum,torus,energy_observed,sample_std_pct,median,12,12,168,13,16,13.016209647103139,10.448206001894436,13.728874162691824
six_workloads,topology,mode,Quorum,fat-tree,energy_observed,iqr_pct,mean,12,12,166,13,16,17.752106285804583,14.469840384870396,22.323398950999735
six_workloads,topology,mode,Quorum,fat-tree,energy_observed,iqr_pct,median,12,12,166,13,16,17.77634166989183,12.597496090588468,21.95972625222518
six_workloads,topology,mode,Quorum,fat-tree,energy_observed,sample_std_pct,mean,12,12,166,13,16,14.843569639901995,12.674941148042276,15.507822203927331
six_workloads,topology,mode,Quorum,fat-tree,energy_observed,sample_std_pct,median,12,12,166,13,16,14.276675994513653,11.879109436865209,15.548831988530175
six_workloads,topology,mode,Quorum,full mesh,energy_observed,iqr_pct,mean,12,12,164,13,18,14.849625810228195,11.642593137048793,19.199091560687428
six_workloads,topology,mode,Quorum,full mesh,energy_observed,iqr_pct,median,12,12,164,13,18,15.04975711874804,10.176826209973447,19.196056763479636
six_workloads,topology,mode,Quorum,full mesh,energy_observed,sample_std_pct,mean,12,12,164,13,18,12.88639070201557,10.839133518162312,13.527225058179239
six_workloads,topology,mode,Quorum,full mesh,energy_observed,sample_std_pct,median,12,12,164,13,18,13.081928745250103,10.473902140935895,14.029264706933757
six_workloads,topology,mode,Quorum,hypercube,energy_observed,iqr_pct,mean,12,12,167,13,17,19.641081949634312,15.087341811920194,23.192399871652864
six_workloads,topology,mode,Quorum,hypercube,energy_observed,iqr_pct,median,12,12,167,13,17,19.329079308495423,13.847559106271287,23.1876323233542
six_workloads,topology,mode,Quorum,hypercube,energy_observed,sample_std_pct,mean,12,12,167,13,17,15.233161830925516,12.93564450011054,15.912260199757467
six_workloads,topology,mode,Quorum,hypercube,energy_observed,sample_std_pct,median,12,12,167,13,17,15.162515997821817,12.25076633563725,16.12577425415305
six_workloads,topology,mode,Quorum,scale-free,energy_observed,iqr_pct,mean,12,12,183,12,17,19.53800536507896,15.329135311287198,23.400074527436445
six_workloads,topology,mode,Quorum,scale-free,energy_observed,iqr_pct,median,12,12,183,12,17,18.615067359722225,13.35263956019226,23.135815025651905
six_workloads,topology,mode,Quorum,scale-free,energy_observed,sample_std_pct,mean,12,12,183,12,17,15.190399198563027,13.096788441291919,15.952226688783513
six_workloads,topology,mode,Quorum,scale-free,energy_observed,sample_std_pct,median,12,12,183,12,17,13.926742477411846,12.06642856505648,15.479660372726801
six_workloads,topology,mode,Quorum,torus,energy_observed,iqr_pct,mean,12,12,149,10,18,14.924652160222452,11.655303133664681,19.460180337456514
six_workloads,topology,mode,Quorum,torus,energy_observed,iqr_pct,median,12,12,149,10,18,13.408402271104983,9.499329917317949,19.84151427392599
six_workloads,topology,mode,Quorum,torus,energy_observed,sample_std_pct,mean,12,12,149,10,18,13.423843190864126,11.042311474452463,14.161863967413396
six_workloads,topology,mode,Quorum,torus,energy_observed,sample_std_pct,median,12,12,149,10,18,13.353040576876463,10.346674946343455,14.366273216973417
six_workloads,topology,mode,Solana,fat-tree,energy_observed,iqr_pct,mean,12,12,156,12,14,18.015752903597697,13.041036376933565,20.31974067162172
six_workloads,topology,mode,Solana,fat-tree,energy_observed,iqr_pct,median,12,12,156,12,14,17.079142714544936,11.988401982879562,19.862823620653693
six_workloads,topology,mode,Solana,fat-tree,energy_observed,sample_std_pct,mean,12,12,156,12,14,12.811204701971016,10.793168892695496,13.439025181024586
six_workloads,topology,mode,Solana,fat-tree,energy_observed,sample_std_pct,median,12,12,156,12,14,13.274061763077457,10.312476146547784,14.139112835664406
six_workloads,topology,mode,Solana,full mesh,energy_observed,iqr_pct,mean,12,12,164,13,16,16.964428561539737,13.314991142807651,20.614259808367784
six_workloads,topology,mode,Solana,full mesh,energy_observed,iqr_pct,median,12,12,164,13,16,17.484040929816317,11.851181983722022,20.434564462949687
six_workloads,topology,mode,Solana,full mesh,energy_observed,sample_std_pct,mean,12,12,164,13,16,13.37609812702611,11.318778845602257,13.968773538624639
six_workloads,topology,mode,Solana,full mesh,energy_observed,sample_std_pct,median,12,12,164,13,16,12.9811682607051,10.810709501532656,13.989654874026687
six_workloads,topology,mode,Solana,hypercube,energy_observed,iqr_pct,mean,12,12,164,13,16,16.534000845008837,12.48688470021676,19.965785578552566
six_workloads,topology,mode,Solana,hypercube,energy_observed,iqr_pct,median,12,12,164,13,16,16.449508428738856,10.892170775957267,19.595030245855668
six_workloads,topology,mode,Solana,hypercube,energy_observed,sample_std_pct,mean,12,12,164,13,16,13.085071370390954,11.043874441175694,13.793610126523687
six_workloads,topology,mode,Solana,hypercube,energy_observed,sample_std_pct,median,12,12,164,13,16,14.106639626515047,10.16287819394357,14.408672121626648
six_workloads,topology,mode,Solana,scale-free,energy_observed,iqr_pct,mean,12,12,204,13,26,17.82460020080519,13.972531543782253,19.78792636292163
six_workloads,topology,mode,Solana,scale-free,energy_observed,iqr_pct,median,12,12,204,13,26,18.910984735679424,12.663439240144648,20.641374294580086
six_workloads,topology,mode,Solana,scale-free,energy_observed,sample_std_pct,mean,12,12,204,13,26,12.87116299717889,11.232973947080735,13.461605882368513
six_workloads,topology,mode,Solana,scale-free,energy_observed,sample_std_pct,median,12,12,204,13,26,13.997427248466895,10.632742511517748,14.686147776900308
six_workloads,topology,mode,Solana,torus,energy_observed,iqr_pct,mean,12,12,160,13,16,16.8989205710357,12.661668147947179,21.512022427896547
six_workloads,topology,mode,Solana,torus,energy_observed,iqr_pct,median,12,12,160,13,16,17.678026320914135,10.93727704468653,21.93774958458689
six_workloads,topology,mode,Solana,torus,energy_observed,sample_std_pct,mean,12,12,160,13,16,14.394044321760544,12.020139659624997,15.121287748430795
six_workloads,topology,mode,Solana,torus,energy_observed,sample_std_pct,median,12,12,160,13,16,14.735222258001244,11.647423957635601,15.593496030948746
six_workloads,workload,workload,Algorand,DDoS,energy_observed,iqr_pct,mean,10,10,131,13,14,19.78128499420837,15.025300559161053,24.596616273962134
six_workloads,workload,workload,Algorand,DDoS,energy_observed,iqr_pct,median,10,10,131,13,14,19.00641997311847,13.603554864436658,24.68885319806298
six_workloads,workload,workload,Algorand,DDoS,energy_observed,sample_std_pct,mean,10,10,131,13,14,15.93129460676974,13.34382696662636,16.7998312260693
six_workloads,workload,workload,Algorand,DDoS,energy_observed,sample_std_pct,median,10,10,131,13,14,16.108330634461215,13.018351067581502,17.125093880375008
six_workloads,workload,workload,Algorand,FIFA,energy_observed,iqr_pct,mean,10,10,136,11,17,18.827452788919672,15.340296311067046,24.549729473409975
six_workloads,workload,workload,Algorand,FIFA,energy_observed,iqr_pct,median,10,10,136,11,17,18.477328458379247,14.400462341113922,23.986531222376634
six_workloads,workload,workload,Algorand,FIFA,energy_observed,sample_std_pct,mean,10,10,136,11,17,16.13826646197014,13.499548891295838,17.13668883094836
six_workloads,workload,workload,Algorand,FIFA,energy_observed,sample_std_pct,median,10,10,136,11,17,15.627849867198005,12.520672766170117,17.212805110446947
six_workloads,workload,workload,Algorand,GAFAM,energy_observed,iqr_pct,mean,10,10,131,13,14,19.90116690580671,14.666879971001233,23.65734351661839
six_workloads,workload,workload,Algorand,GAFAM,energy_observed,iqr_pct,median,10,10,131,13,14,19.984190431140394,12.857543910294343,24.45018366236653
six_workloads,workload,workload,Algorand,GAFAM,energy_observed,sample_std_pct,mean,10,10,131,13,14,14.943973732017275,12.655790709762357,15.671964659835309
six_workloads,workload,workload,Algorand,GAFAM,energy_observed,sample_std_pct,median,10,10,131,13,14,14.309130911441525,11.868596963531788,15.599005590534757
six_workloads,workload,workload,Algorand,Gaming,energy_observed,iqr_pct,mean,10,10,129,12,13,19.545901502190965,14.799523575677034,24.740455926926842
six_workloads,workload,workload,Algorand,Gaming,energy_observed,iqr_pct,median,10,10,129,12,13,18.615089770953297,12.57974595174737,24.709420253444893
six_workloads,workload,workload,Algorand,Gaming,energy_observed,sample_std_pct,mean,10,10,129,12,13,15.665775146513852,13.158686453417245,16.537702932449864
six_workloads,workload,workload,Algorand,Gaming,energy_observed,sample_std_pct,median,10,10,129,12,13,14.446802492546116,11.9302757447383,16.424379878337348
six_workloads,workload,workload,Algorand,PayPal,energy_observed,iqr_pct,mean,10,10,130,13,13,12.538098855893406,9.835441851513963,17.891930758745687
six_workloads,workload,workload,Algorand,PayPal,energy_observed,iqr_pct,median,10,10,130,13,13,11.637833633442096,8.379285030449772,17.601453996306702
six_workloads,workload,workload,Algorand,PayPal,energy_observed,sample_std_pct,mean,10,10,130,13,13,12.756682160556242,10.304868496698326,13.589823133102604
six_workloads,workload,workload,Algorand,PayPal,energy_observed,sample_std_pct,median,10,10,130,13,13,12.18780635871601,9.873985924415022,13.754125551877816
six_workloads,workload,workload,Algorand,VISA,energy_observed,iqr_pct,mean,10,10,130,13,13,15.430931288191195,11.095239875073432,19.44234947542361
six_workloads,workload,workload,Algorand,VISA,energy_observed,iqr_pct,median,10,10,130,13,13,14.668335122566214,9.436132760353138,18.94448770137206
six_workloads,workload,workload,Algorand,VISA,energy_observed,sample_std_pct,mean,10,10,130,13,13,13.241115598373593,10.744326559299605,14.08896440029571
six_workloads,workload,workload,Algorand,VISA,energy_observed,sample_std_pct,median,10,10,130,13,13,13.184567441995295,10.048407145465589,14.178393154373719
six_workloads,workload,workload,Diem,DDoS,energy_observed,iqr_pct,mean,10,10,137,10,20,16.77479914201509,13.037441587226036,22.66757108846435
six_workloads,workload,workload,Diem,DDoS,energy_observed,iqr_pct,median,10,10,137,10,20,18.189434618512934,11.235607822227784,21.729718295401298
six_workloads,workload,workload,Diem,DDoS,energy_observed,sample_std_pct,mean,10,10,137,10,20,14.590267975750653,12.086803168904895,15.505194213839648
six_workloads,workload,workload,Diem,DDoS,energy_observed,sample_std_pct,median,10,10,137,10,20,14.740565753156112,11.170390788375846,15.706252505240373
six_workloads,workload,workload,Diem,FIFA,energy_observed,iqr_pct,mean,10,10,132,9,21,19.509779622155868,15.03977055454517,23.73669740412837
six_workloads,workload,workload,Diem,FIFA,energy_observed,iqr_pct,median,10,10,132,9,21,16.206148749527085,12.68793701414791,23.479375893793
six_workloads,workload,workload,Diem,FIFA,energy_observed,sample_std_pct,mean,10,10,132,9,21,14.803845978213284,12.411014996453572,15.505513817507213
six_workloads,workload,workload,Diem,FIFA,energy_observed,sample_std_pct,median,10,10,132,9,21,14.115421504535334,11.20818839379931,15.639506270532182
six_workloads,workload,workload,Diem,GAFAM,energy_observed,iqr_pct,mean,10,10,136,10,19,18.389813189723604,13.938887219796262,22.7873756874429
six_workloads,workload,workload,Diem,GAFAM,energy_observed,iqr_pct,median,10,10,136,10,19,18.439608394359613,11.368210247165635,21.636297563144584
six_workloads,workload,workload,Diem,GAFAM,energy_observed,sample_std_pct,mean,10,10,136,10,19,14.451937962035615,12.128134312209216,15.286406378049668
six_workloads,workload,workload,Diem,GAFAM,energy_observed,sample_std_pct,median,10,10,136,10,19,15.534465684556785,10.747309017822865,16.401791417050774
six_workloads,workload,workload,Diem,Gaming,energy_observed,iqr_pct,mean,10,10,139,10,25,18.39947628462015,13.241610833547242,23.506245926055207
six_workloads,workload,workload,Diem,Gaming,energy_observed,iqr_pct,median,10,10,139,10,25,17.839574310014875,11.421110865634446,22.905564881351513
six_workloads,workload,workload,Diem,Gaming,energy_observed,sample_std_pct,mean,10,10,139,10,25,15.014676191441477,12.192850923476108,16.129921731531546
six_workloads,workload,workload,Diem,Gaming,energy_observed,sample_std_pct,median,10,10,139,10,25,14.477765482462981,11.336416535025919,15.267515670097415
six_workloads,workload,workload,Diem,PayPal,energy_observed,iqr_pct,mean,10,10,142,11,23,16.249754601287144,12.310750445797753,19.908619358065586
six_workloads,workload,workload,Diem,PayPal,energy_observed,iqr_pct,median,10,10,142,11,23,17.02236300809632,10.875294890423422,19.95846252554258
six_workloads,workload,workload,Diem,PayPal,energy_observed,sample_std_pct,mean,10,10,142,11,23,12.797094550413927,10.769479695464925,13.56899341398255
six_workloads,workload,workload,Diem,PayPal,energy_observed,sample_std_pct,median,10,10,142,11,23,12.083021848683586,9.847849148882121,13.510101747512602
six_workloads,workload,workload,Diem,VISA,energy_observed,iqr_pct,mean,10,10,137,9,23,13.716432090450786,10.594536433173456,17.397947971366857
six_workloads,workload,workload,Diem,VISA,energy_observed,iqr_pct,median,10,10,137,9,23,13.311492629931026,9.342659715937284,17.51542865947371
six_workloads,workload,workload,Diem,VISA,energy_observed,sample_std_pct,mean,10,10,137,9,23,11.360159932630577,9.506979314605731,11.972005076148307
six_workloads,workload,workload,Diem,VISA,energy_observed,sample_std_pct,median,10,10,137,9,23,10.57561100013289,8.780148613570955,12.034703626841264
six_workloads,workload,workload,Ethereum,DDoS,energy_observed,iqr_pct,mean,10,10,130,11,14,19.354722618077815,14.402879350349277,23.539487394898025
six_workloads,workload,workload,Ethereum,DDoS,energy_observed,iqr_pct,median,10,10,130,11,14,17.936839563885144,12.97242225168886,23.440977827367252
six_workloads,workload,workload,Ethereum,DDoS,energy_observed,sample_std_pct,mean,10,10,130,11,14,14.84567003830181,12.510714876441558,15.544262264969095
six_workloads,workload,workload,Ethereum,DDoS,energy_observed,sample_std_pct,median,10,10,130,11,14,14.82829415230224,11.73855765659616,16.06105996584655
six_workloads,workload,workload,Ethereum,FIFA,energy_observed,iqr_pct,mean,10,10,133,12,16,18.933333888087326,14.335800700258956,22.480780638869305
six_workloads,workload,workload,Ethereum,FIFA,energy_observed,iqr_pct,median,10,10,133,12,16,17.770622182531646,13.154950494414575,22.698825935318595
six_workloads,workload,workload,Ethereum,FIFA,energy_observed,sample_std_pct,mean,10,10,133,12,16,13.646169941361794,11.512103118757468,14.26364739294644
six_workloads,workload,workload,Ethereum,FIFA,energy_observed,sample_std_pct,median,10,10,133,12,16,14.050101213539774,11.141374020568978,14.57978090283336
six_workloads,workload,workload,Ethereum,GAFAM,energy_observed,iqr_pct,mean,10,10,132,13,15,18.23843853243436,14.075079487914728,22.89381751723107
six_workloads,workload,workload,Ethereum,GAFAM,energy_observed,iqr_pct,median,10,10,132,13,15,15.861765826188513,11.815603184887637,23.460608027375002
six_workloads,workload,workload,Ethereum,GAFAM,energy_observed,sample_std_pct,mean,10,10,132,13,15,14.106095415410602,11.94642077239681,14.90538145363373
six_workloads,workload,workload,Ethereum,GAFAM,energy_observed,sample_std_pct,median,10,10,132,13,15,13.30406996991614,11.06196023122769,14.850146677303657
six_workloads,workload,workload,Ethereum,Gaming,energy_observed,iqr_pct,mean,10,10,132,13,15,16.850889437045574,12.616598539342258,20.96690081247467
six_workloads,workload,workload,Ethereum,Gaming,energy_observed,iqr_pct,median,10,10,132,13,15,18.882459435712956,11.452004634413912,20.23092203193988
six_workloads,workload,workload,Ethereum,Gaming,energy_observed,sample_std_pct,mean,10,10,132,13,15,13.860452618069848,11.471865773944575,14.781337402307052
six_workloads,workload,workload,Ethereum,Gaming,energy_observed,sample_std_pct,median,10,10,132,13,15,13.63388560401742,10.540342875775359,14.866597918364418
six_workloads,workload,workload,Ethereum,PayPal,energy_observed,iqr_pct,mean,10,10,134,13,15,16.75262776591321,13.026174876324989,21.255447257598288
six_workloads,workload,workload,Ethereum,PayPal,energy_observed,iqr_pct,median,10,10,134,13,15,13.627857498005033,11.179391165591474,20.7838193479468
six_workloads,workload,workload,Ethereum,PayPal,energy_observed,sample_std_pct,mean,10,10,134,13,15,13.72681939295541,11.438537408789118,14.610365336923499
six_workloads,workload,workload,Ethereum,PayPal,energy_observed,sample_std_pct,median,10,10,134,13,15,12.639396593403504,10.226433734123479,14.654005814023373
six_workloads,workload,workload,Ethereum,VISA,energy_observed,iqr_pct,mean,10,10,132,13,15,19.77502327908703,14.350790309186314,24.585965089658984
six_workloads,workload,workload,Ethereum,VISA,energy_observed,iqr_pct,median,10,10,132,13,15,21.794854185581045,12.193369347009577,24.94740919932698
six_workloads,workload,workload,Ethereum,VISA,energy_observed,sample_std_pct,mean,10,10,132,13,15,15.284315623333246,12.702276017987518,16.137273072951004
six_workloads,workload,workload,Ethereum,VISA,energy_observed,sample_std_pct,median,10,10,132,13,15,14.455301105910124,11.89457235005524,16.04277482707028
six_workloads,workload,workload,Quorum,DDoS,energy_observed,iqr_pct,mean,10,10,132,11,16,16.187584623431384,12.968652347214864,22.33722543178693
six_workloads,workload,workload,Quorum,DDoS,energy_observed,iqr_pct,median,10,10,132,11,16,16.10313504223977,11.490884616739342,22.196546514046226
six_workloads,workload,workload,Quorum,DDoS,energy_observed,sample_std_pct,mean,10,10,132,11,16,15.077584735886035,12.37680356790504,16.098930239680957
six_workloads,workload,workload,Quorum,DDoS,energy_observed,sample_std_pct,median,10,10,132,11,16,14.292912220392362,11.732319774757451,16.475915027777198
six_workloads,workload,workload,Quorum,FIFA,energy_observed,iqr_pct,mean,10,10,135,11,16,20.0101829924213,14.886968835276837,24.54222821251951
six_workloads,workload,workload,Quorum,FIFA,energy_observed,iqr_pct,median,10,10,135,11,16,18.67133734007973,12.181829141342199,25.02337982049929
six_workloads,workload,workload,Quorum,FIFA,energy_observed,sample_std_pct,mean,10,10,135,11,16,15.878982032156989,13.233331889366177,16.820475613320877
six_workloads,workload,workload,Quorum,FIFA,energy_observed,sample_std_pct,median,10,10,135,11,16,14.221451499483209,12.08026539635087,16.66880461410867
six_workloads,workload,workload,Quorum,GAFAM,energy_observed,iqr_pct,mean,10,10,137,10,17,17.17561656997738,13.71899934621895,22.114365538832967
six_workloads,workload,workload,Quorum,GAFAM,energy_observed,iqr_pct,median,10,10,137,10,17,16.392148191059015,12.322626219897927,21.81732326566477
six_workloads,workload,workload,Quorum,GAFAM,energy_observed,sample_std_pct,mean,10,10,137,10,17,14.791549648038025,12.375035045864236,15.596376459735676
six_workloads,workload,workload,Quorum,GAFAM,energy_observed,sample_std_pct,median,10,10,137,10,17,14.133598982555903,11.769740362924079,15.288776387499393
six_workloads,workload,workload,Quorum,Gaming,energy_observed,iqr_pct,mean,10,10,140,11,17,15.35124779868866,11.570484568269217,19.182192158622502
six_workloads,workload,workload,Quorum,Gaming,energy_observed,iqr_pct,median,10,10,140,11,17,14.021094202058224,9.939503435682477,19.498994072345994
six_workloads,workload,workload,Quorum,Gaming,energy_observed,sample_std_pct,mean,10,10,140,11,17,13.062730346819672,10.770961500406791,13.882517718255757
six_workloads,workload,workload,Quorum,Gaming,energy_observed,sample_std_pct,median,10,10,140,11,17,12.583579607556377,10.314983105803453,14.152344922035399
six_workloads,workload,workload,Quorum,PayPal,energy_observed,iqr_pct,mean,10,10,138,11,17,18.304897518465573,13.47721615812371,22.22925979732505
six_workloads,workload,workload,Quorum,PayPal,energy_observed,iqr_pct,median,10,10,138,11,17,18.556457050242336,11.731523915737382,23.052445002880564
six_workloads,workload,workload,Quorum,PayPal,energy_observed,sample_std_pct,mean,10,10,138,11,17,13.419301577211309,11.38912127370027,14.095498150305037
six_workloads,workload,workload,Quorum,PayPal,energy_observed,sample_std_pct,median,10,10,138,11,17,13.035708502320574,10.980992383925194,14.31233806073159
six_workloads,workload,workload,Quorum,VISA,energy_observed,iqr_pct,mean,10,10,147,11,18,17.0170363821779,13.087224799378584,20.651679374688644
six_workloads,workload,workload,Quorum,VISA,energy_observed,iqr_pct,median,10,10,147,11,18,17.005112720725595,11.658522408912553,20.92913006998453
six_workloads,workload,workload,Quorum,VISA,energy_observed,sample_std_pct,mean,10,10,147,11,18,13.662689134612247,11.559150106014467,14.358622910518838
six_workloads,workload,workload,Quorum,VISA,energy_observed,sample_std_pct,median,10,10,147,11,18,14.059469942291418,11.07219790601541,14.768252834475376
six_workloads,workload,workload,Solana,DDoS,energy_observed,iqr_pct,mean,10,10,141,13,22,17.26372569291957,13.48687676434961,22.009197494574792
six_workloads,workload,workload,Solana,DDoS,energy_observed,iqr_pct,median,10,10,141,13,22,18.6393413966433,12.318942560046013,22.70933621594587
six_workloads,workload,workload,Solana,DDoS,energy_observed,sample_std_pct,mean,10,10,141,13,22,13.80704259573957,11.555150609204988,14.579382392670224
six_workloads,workload,workload,Solana,DDoS,energy_observed,sample_std_pct,median,10,10,141,13,22,12.695672148320227,10.807479501296024,14.293099332108316
six_workloads,workload,workload,Solana,FIFA,energy_observed,iqr_pct,mean,10,10,137,13,19,19.788220767492056,13.411105576991332,22.27446665922131
six_workloads,workload,workload,Solana,FIFA,energy_observed,iqr_pct,median,10,10,137,13,19,19.72237507198803,12.619228058498397,22.281189447415997
six_workloads,workload,workload,Solana,FIFA,energy_observed,sample_std_pct,mean,10,10,137,13,19,14.32327706508696,11.9726057075769,15.189663636492938
six_workloads,workload,workload,Solana,FIFA,energy_observed,sample_std_pct,median,10,10,137,13,19,14.473013694123875,11.478772773401168,15.228251645643443
six_workloads,workload,workload,Solana,GAFAM,energy_observed,iqr_pct,mean,10,10,132,13,15,18.236885627029437,12.766452202486352,21.583268844361633
six_workloads,workload,workload,Solana,GAFAM,energy_observed,iqr_pct,median,10,10,132,13,15,17.341023890036976,10.913343312694312,21.43952720300049
six_workloads,workload,workload,Solana,GAFAM,energy_observed,sample_std_pct,mean,10,10,132,13,15,14.136521979518736,11.403475022749864,15.141407662096722
six_workloads,workload,workload,Solana,GAFAM,energy_observed,sample_std_pct,median,10,10,132,13,15,15.298123836103857,10.927755540274113,16.178848433459095
six_workloads,workload,workload,Solana,Gaming,energy_observed,iqr_pct,mean,10,10,143,12,20,17.722415288808083,13.956932213512996,22.75495463794625
six_workloads,workload,workload,Solana,Gaming,energy_observed,iqr_pct,median,10,10,143,12,20,17.90404996768777,12.671988151186094,22.999783132342717
six_workloads,workload,workload,Solana,Gaming,energy_observed,sample_std_pct,mean,10,10,143,12,20,14.771077503655658,12.48845477354534,15.541956128278564
six_workloads,workload,workload,Solana,Gaming,energy_observed,sample_std_pct,median,10,10,143,12,20,15.014421821528142,12.152231100842448,15.841590281192449
six_workloads,workload,workload,Solana,PayPal,energy_observed,iqr_pct,mean,10,10,144,13,24,15.819565064511147,11.592875276840099,18.84729539129193
six_workloads,workload,workload,Solana,PayPal,energy_observed,iqr_pct,median,10,10,144,13,24,15.455044857332393,10.042335091276108,19.049412350305676
six_workloads,workload,workload,Solana,PayPal,energy_observed,sample_std_pct,mean,10,10,144,13,24,11.968178732957053,10.12977622570831,12.529814765374967
six_workloads,workload,workload,Solana,PayPal,energy_observed,sample_std_pct,median,10,10,144,13,24,12.321021322924825,9.37222575625168,13.229379008771712
six_workloads,workload,workload,Solana,VISA,energy_observed,iqr_pct,mean,10,10,151,13,26,14.654431257624296,11.058929322647602,17.022226882753223
six_workloads,workload,workload,Solana,VISA,energy_observed,iqr_pct,median,10,10,151,13,26,15.238486306770472,9.589407321868611,17.055185539340908
six_workloads,workload,workload,Solana,VISA,energy_observed,sample_std_pct,mean,10,10,151,13,26,10.838999945035036,9.207102847129397,11.360379371794009
six_workloads,workload,workload,Solana,VISA,energy_observed,sample_std_pct,median,10,10,151,13,26,10.513866828988956,7.997519390190351,11.118726698031397
six_workloads,scaling,network_size,Algorand,10 nodes,energy_observed,iqr_pct,mean,30,30,399,12,17,16.70318088701417,14.809299718806036,20.110288724413884
six_workloads,scaling,network_size,Algorand,10 nodes,energy_observed,iqr_pct,median,30,30,399,12,17,14.417466251672337,12.757922212822002,19.44660430101378
six_workloads,scaling,network_size,Algorand,10 nodes,energy_observed,sample_std_pct,mean,30,30,399,12,17,15.044873802702595,13.16385314515554,15.188280851806946
six_workloads,scaling,network_size,Algorand,10 nodes,energy_observed,sample_std_pct,median,30,30,399,12,17,14.867900877445095,12.444077109785688,15.258750365138447
six_workloads,scaling,network_size,Algorand,40 nodes,energy_observed,iqr_pct,mean,30,30,388,11,13,18.6384312247226,15.641561738465684,20.84741774628119
six_workloads,scaling,network_size,Algorand,40 nodes,energy_observed,iqr_pct,median,30,30,388,11,13,18.126503440360505,14.321468371049937,20.632694954597003
six_workloads,scaling,network_size,Algorand,40 nodes,energy_observed,sample_std_pct,mean,30,30,388,11,13,14.51416209936435,12.831196577672788,14.611378935185886
six_workloads,scaling,network_size,Algorand,40 nodes,energy_observed,sample_std_pct,median,30,30,388,11,13,14.036294024751742,12.26425762728477,14.557624969175738
six_workloads,scaling,network_size,Diem,10 nodes,energy_observed,iqr_pct,mean,30,30,383,11,14,15.884773588533099,13.85432836204904,19.12495068051662
six_workloads,scaling,network_size,Diem,10 nodes,energy_observed,iqr_pct,median,30,30,383,11,14,13.702675965454825,11.483146680723845,17.88543448121686
six_workloads,scaling,network_size,Diem,10 nodes,energy_observed,sample_std_pct,mean,30,30,383,11,14,13.529521751640115,11.811407125863088,13.750729617060223
six_workloads,scaling,network_size,Diem,10 nodes,energy_observed,sample_std_pct,median,30,30,383,11,14,12.339171286422564,10.439690218591867,12.941879795798636
six_workloads,scaling,network_size,Diem,40 nodes,energy_observed,iqr_pct,mean,30,30,440,9,25,18.46191138821779,15.751368442809529,20.50618908325394
six_workloads,scaling,network_size,Diem,40 nodes,energy_observed,iqr_pct,median,30,30,440,9,25,18.706625089295443,14.263339331524481,20.123208070508458
six_workloads,scaling,network_size,Diem,40 nodes,energy_observed,sample_std_pct,mean,30,30,440,9,25,14.143139111855056,12.557603526381644,14.296847037966181
six_workloads,scaling,network_size,Diem,40 nodes,energy_observed,sample_std_pct,median,30,30,440,9,25,14.61960285362978,11.975950228170325,14.64489686326399
six_workloads,scaling,network_size,Ethereum,10 nodes,energy_observed,iqr_pct,mean,30,30,403,11,16,18.40364797213202,15.578433674569734,20.58927982501095
six_workloads,scaling,network_size,Ethereum,10 nodes,energy_observed,iqr_pct,median,30,30,403,11,16,17.82225301595352,14.033141079290607,19.864429561881057
six_workloads,scaling,network_size,Ethereum,10 nodes,energy_observed,sample_std_pct,mean,30,30,403,11,16,14.272659056743558,12.618817310974132,14.42086445572414
six_workloads,scaling,network_size,Ethereum,10 nodes,energy_observed,sample_std_pct,median,30,30,403,11,16,13.018567814972634,11.63288714386342,13.8965920351322
six_workloads,scaling,network_size,Ethereum,40 nodes,energy_observed,iqr_pct,mean,30,30,390,13,13,18.23136386808308,15.536216988898428,20.780140993035968
six_workloads,scaling,network_size,Ethereum,40 nodes,energy_observed,iqr_pct,median,30,30,390,13,13,17.785655646938213,13.869692646734162,20.592288192798332
six_workloads,scaling,network_size,Ethereum,40 nodes,energy_observed,sample_std_pct,mean,30,30,390,13,13,14.217181953067344,12.546852656657482,14.376181656539062
six_workloads,scaling,network_size,Ethereum,40 nodes,energy_observed,sample_std_pct,median,30,30,390,13,13,14.293656204846721,12.144791315225675,14.720206377268275
six_workloads,scaling,network_size,Quorum,10 nodes,energy_observed,iqr_pct,mean,30,30,401,10,17,18.31835885604912,15.58907752980285,20.81929385664735
six_workloads,scaling,network_size,Quorum,10 nodes,energy_observed,iqr_pct,median,30,30,401,10,17,17.892307180070382,13.937072055377318,20.54119267851663
six_workloads,scaling,network_size,Quorum,10 nodes,energy_observed,sample_std_pct,mean,30,30,401,10,17,14.676196485224267,12.922049631863977,14.856548272413228
six_workloads,scaling,network_size,Quorum,10 nodes,energy_observed,sample_std_pct,median,30,30,401,10,17,13.85505006754292,12.20641216853194,14.70697822157951
six_workloads,scaling,network_size,Quorum,40 nodes,energy_observed,iqr_pct,mean,30,30,428,13,18,16.363829772338285,14.268413572509298,19.175066057744093
six_workloads,scaling,network_size,Quorum,40 nodes,energy_observed,iqr_pct,median,30,30,428,13,18,15.514095443434915,12.672205333200106,18.87993309576667
six_workloads,scaling,network_size,Quorum,40 nodes,energy_observed,sample_std_pct,mean,30,30,428,13,18,13.954749339683824,12.32403116923513,14.115894036064736
six_workloads,scaling,network_size,Quorum,40 nodes,energy_observed,sample_std_pct,median,30,30,428,13,18,13.659502436116579,11.881798683714639,14.205466392762808
six_workloads,scaling,network_size,Solana,10 nodes,energy_observed,iqr_pct,mean,30,30,458,12,26,16.976788767851147,14.444486767813906,18.975420146868544
six_workloads,scaling,network_size,Solana,10 nodes,energy_observed,iqr_pct,median,30,30,458,12,26,17.341023890036976,13.274875650315897,18.590471973823266
six_workloads,scaling,network_size,Solana,10 nodes,energy_observed,sample_std_pct,mean,30,30,458,12,26,13.536241780455526,12.00804463113396,13.729316501143634
six_workloads,scaling,network_size,Solana,10 nodes,energy_observed,sample_std_pct,median,30,30,458,12,26,14.241351574581014,11.596428548502033,14.182932566452
six_workloads,scaling,network_size,Solana,40 nodes,energy_observed,iqr_pct,mean,30,30,390,13,13,17.518292464943716,14.29257694763276,19.110041873281958
six_workloads,scaling,network_size,Solana,40 nodes,energy_observed,iqr_pct,median,30,30,390,13,13,18.43237451916312,13.071262870553902,18.940753931175312
six_workloads,scaling,network_size,Solana,40 nodes,energy_observed,sample_std_pct,mean,30,30,390,13,13,13.07879082687548,11.513089773623085,13.234453476548488
six_workloads,scaling,network_size,Solana,40 nodes,energy_observed,sample_std_pct,median,30,30,390,13,13,13.862979152591194,11.103802078213624,13.71551338054271
legacy_three_workloads,topology,mode,Algorand,fat-tree,energy_observed,iqr_pct,mean,6,6,78,13,13,15.768133990156464,10.559849716998967,21.85703375215696
legacy_three_workloads,topology,mode,Algorand,fat-tree,energy_observed,iqr_pct,median,6,6,78,13,13,16.014660765252547,9.209063581255778,22.36158374902096
legacy_three_workloads,topology,mode,Algorand,fat-tree,energy_observed,sample_std_pct,mean,6,6,78,13,13,14.16556944234742,11.176399353567147,15.50149113286766
legacy_three_workloads,topology,mode,Algorand,fat-tree,energy_observed,sample_std_pct,median,6,6,78,13,13,13.834039685610161,10.565241806046732,15.751751038791795
legacy_three_workloads,topology,mode,Algorand,full mesh,energy_observed,iqr_pct,mean,6,6,79,13,14,20.1888575878536,13.4885483746788,25.655186903343857
legacy_three_workloads,topology,mode,Algorand,full mesh,energy_observed,iqr_pct,median,6,6,79,13,14,20.507093993352502,11.613479221213193,26.198803582820435
legacy_three_workloads,topology,mode,Algorand,full mesh,energy_observed,sample_std_pct,mean,6,6,79,13,14,15.983967758305534,12.746851111667207,17.316559768822685
legacy_three_workloads,topology,mode,Algorand,full mesh,energy_observed,sample_std_pct,median,6,6,79,13,14,14.918776178028104,11.685538698033021,17.152226764814547
legacy_three_workloads,topology,mode,Algorand,hypercube,energy_observed,iqr_pct,mean,6,6,78,13,13,16.021432961619837,10.218950094327024,20.44784624629456
legacy_three_workloads,topology,mode,Algorand,hypercube,energy_observed,iqr_pct,median,6,6,78,13,13,14.791393051422904,8.842156303967455,21.856309980827735
legacy_three_workloads,topology,mode,Algorand,hypercube,energy_observed,sample_std_pct,mean,6,6,78,13,13,12.449595857866036,9.944920657944474,13.502184446922563
legacy_three_workloads,topology,mode,Algorand,hypercube,energy_observed,sample_std_pct,median,6,6,78,13,13,12.374419977978258,9.687935195351226,13.644830836327717
legacy_three_workloads,topology,mode,Algorand,scale-free,energy_observed,iqr_pct,mean,6,6,78,13,13,13.53142370481956,9.176719357149862,18.966257463500593
legacy_three_workloads,topology,mode,Algorand,scale-free,energy_observed,iqr_pct,median,6,6,78,13,13,12.415195103193554,7.857133189577317,18.560244559117635
legacy_three_workloads,topology,mode,Algorand,scale-free,energy_observed,sample_std_pct,mean,6,6,78,13,13,12.284653582384196,9.556043108722513,13.55396231603768
legacy_three_workloads,topology,mode,Algorand,scale-free,energy_observed,sample_std_pct,median,6,6,78,13,13,12.685673777155326,8.913755595463556,14.505009531865392
legacy_three_workloads,topology,mode,Algorand,torus,energy_observed,iqr_pct,mean,6,6,78,13,13,14.27381350536939,10.301840280846628,21.416438795104085
legacy_three_workloads,topology,mode,Algorand,torus,energy_observed,iqr_pct,median,6,6,78,13,13,14.57944521423454,9.476300284428184,20.68846908610098
legacy_three_workloads,topology,mode,Algorand,torus,energy_observed,sample_std_pct,mean,6,6,78,13,13,13.352499177341995,10.571618400495126,14.494452439109493
legacy_three_workloads,topology,mode,Algorand,torus,energy_observed,sample_std_pct,median,6,6,78,13,13,13.462353672966124,9.901189158698608,14.965827851384605
legacy_three_workloads,topology,mode,Diem,fat-tree,energy_observed,iqr_pct,mean,6,6,102,11,23,16.599161262400507,12.233289391760351,21.488060267866093
legacy_three_workloads,topology,mode,Diem,fat-tree,energy_observed,iqr_pct,median,6,6,102,11,23,16.12040335215021,10.00305526711607,21.910549791785968
legacy_three_workloads,topology,mode,Diem,fat-tree,energy_observed,sample_std_pct,mean,6,6,102,11,23,13.24941345323817,10.928369253534749,14.366762731745473
legacy_three_workloads,topology,mode,Diem,fat-tree,energy_observed,sample_std_pct,median,6,6,102,11,23,12.887291629180204,9.89792436861507,14.95899102621307
legacy_three_workloads,topology,mode,Diem,full mesh,energy_observed,iqr_pct,mean,6,6,76,12,13,12.65120443184675,8.566297218750899,16.324179502483847
legacy_three_workloads,topology,mode,Diem,full mesh,energy_observed,iqr_pct,median,6,6,76,12,13,12.018406857499341,7.613845220861976,16.589180602249282
legacy_three_workloads,topology,mode,Diem,full mesh,energy_observed,sample_std_pct,mean,6,6,76,12,13,10.391359414078563,8.225630810364805,11.296503712168525
legacy_three_workloads,topology,mode,Diem,full mesh,energy_observed,sample_std_pct,median,6,6,76,12,13,10.493254319884127,7.826945796469372,11.571157884689098
legacy_three_workloads,topology,mode,Diem,hypercube,energy_observed,iqr_pct,mean,6,6,68,9,13,14.385466110376276,9.64921954531727,19.9648972273555
legacy_three_workloads,topology,mode,Diem,hypercube,energy_observed,iqr_pct,median,6,6,68,9,13,13.376661389311295,8.307569465963223,18.92635753700732
legacy_three_workloads,topology,mode,Diem,hypercube,energy_observed,sample_std_pct,mean,6,6,68,9,13,11.604276217174347,9.02684622291137,12.663254913291661
legacy_three_workloads,topology,mode,Diem,hypercube,energy_observed,sample_std_pct,median,6,6,68,9,13,10.867911587091594,7.970985364390254,12.518878364255658
legacy_three_workloads,topology,mode,Diem,scale-free,energy_observed,iqr_pct,mean,6,6,93,12,19,15.565207690413294,11.655855697884355,20.923235153409454
legacy_three_workloads,topology,mode,Diem,scale-free,energy_observed,iqr_pct,median,6,6,93,12,19,18.439608394359613,10.526066421567926,21.881938138299592
legacy_three_workloads,topology,mode,Diem,scale-free,energy_observed,sample_std_pct,mean,6,6,93,12,19,13.590474574937764,11.073657197709041,14.924973776845809
legacy_three_workloads,topology,mode,Diem,scale-free,energy_observed,sample_std_pct,median,6,6,93,12,19,14.61960285362978,10.804397608459556,15.719007081624879
legacy_three_workloads,topology,mode,Diem,torus,energy_observed,iqr_pct,mean,6,6,76,12,13,21.392293640732404,14.579527713705389,27.120700489316533
legacy_three_workloads,topology,mode,Diem,torus,energy_observed,iqr_pct,median,6,6,76,12,13,19.41088889208926,12.653593475589158,27.129458764739145
legacy_three_workloads,topology,mode,Diem,torus,energy_observed,sample_std_pct,mean,6,6,76,12,13,15.513130415704689,12.559898791704237,16.897115532144856
legacy_three_workloads,topology,mode,Diem,torus,energy_observed,sample_std_pct,median,6,6,76,12,13,14.879616445022716,11.125863633934449,16.64404595683314
legacy_three_workloads,topology,mode,Ethereum,fat-tree,energy_observed,iqr_pct,mean,6,6,79,13,14,22.356269303549293,16.858391712290555,29.129529332399787
legacy_three_workloads,topology,mode,Ethereum,fat-tree,energy_observed,iqr_pct,median,6,6,79,13,14,23.125805861713392,15.17686909348422,30.671217538096336
legacy_three_workloads,topology,mode,Ethereum,fat-tree,energy_observed,sample_std_pct,mean,6,6,79,13,14,17.170748731356287,14.189227722118234,18.44806615302054
legacy_three_workloads,topology,mode,Ethereum,fat-tree,energy_observed,sample_std_pct,median,6,6,79,13,14,17.17243743611391,13.688651929176727,19.372361904538256
legacy_three_workloads,topology,mode,Ethereum,full mesh,energy_observed,iqr_pct,mean,6,6,78,13,13,16.470196314425866,11.310102526647077,21.605410493281966
legacy_three_workloads,topology,mode,Ethereum,full mesh,energy_observed,iqr_pct,median,6,6,78,13,13,14.584153915564851,10.334869326939177,22.645320785153523
legacy_three_workloads,topology,mode,Ethereum,full mesh,energy_observed,sample_std_pct,mean,6,6,78,13,13,12.547866258454377,10.210257893566993,13.478097761958562
legacy_three_workloads,topology,mode,Ethereum,full mesh,energy_observed,sample_std_pct,median,6,6,78,13,13,12.214352495049802,10.035519170583411,13.780646116842188
legacy_three_workloads,topology,mode,Ethereum,hypercube,energy_observed,iqr_pct,mean,6,6,79,13,14,14.030700095036146,10.501228453461628,23.86002969269336
legacy_three_workloads,topology,mode,Ethereum,hypercube,energy_observed,iqr_pct,median,6,6,79,13,14,13.786653889947797,8.693361437263832,23.070977344165087
legacy_three_workloads,topology,mode,Ethereum,hypercube,energy_observed,sample_std_pct,mean,6,6,79,13,14,14.170539402512153,10.86996913881582,15.636979316965052
legacy_three_workloads,topology,mode,Ethereum,hypercube,energy_observed,sample_std_pct,median,6,6,79,13,14,14.535057930961603,10.83330693538497,15.96381282621591
legacy_three_workloads,topology,mode,Ethereum,scale-free,energy_observed,iqr_pct,mean,6,6,78,13,13,17.538271138165133,10.559794223947014,22.131700163203753
legacy_three_workloads,topology,mode,Ethereum,scale-free,energy_observed,iqr_pct,median,6,6,78,13,13,13.220813508257926,8.783865466540172,22.5102514251464
legacy_three_workloads,topology,mode,Ethereum,scale-free,energy_observed,sample_std_pct,mean,6,6,78,13,13,13.403082302962432,10.490063127669456,14.764279272024588
legacy_three_workloads,topology,mode,Ethereum,scale-free,energy_observed,sample_std_pct,median,6,6,78,13,13,12.511194797124404,9.953557436061981,14.286741714393054
legacy_three_workloads,topology,mode,Ethereum,torus,energy_observed,iqr_pct,mean,6,6,84,13,15,20.881379111214546,14.150463095799415,24.84877227930475
legacy_three_workloads,topology,mode,Ethereum,torus,energy_observed,iqr_pct,median,6,6,84,13,15,21.296878178679897,11.330330287277086,25.160786808435354
legacy_three_workloads,topology,mode,Ethereum,torus,energy_observed,sample_std_pct,mean,6,6,84,13,15,14.569814024213507,11.919426212199154,15.881647142696869
legacy_three_workloads,topology,mode,Ethereum,torus,energy_observed,sample_std_pct,median,6,6,84,13,15,14.72232000008066,10.686428842901957,16.788318531166407
legacy_three_workloads,topology,mode,Quorum,fat-tree,energy_observed,iqr_pct,mean,6,6,85,13,16,18.363753998646867,12.83047849078441,22.383431186862694
legacy_three_workloads,topology,mode,Quorum,fat-tree,energy_observed,iqr_pct,median,6,6,85,13,16,17.995061176761702,11.457144421101514,22.626706153732403
legacy_three_workloads,topology,mode,Quorum,fat-tree,energy_observed,sample_std_pct,mean,6,6,85,13,16,13.440124901503948,11.086465122929672,14.469238143325649
legacy_three_workloads,topology,mode,Quorum,fat-tree,energy_observed,sample_std_pct,median,6,6,85,13,16,13.395765102627681,10.612677385435667,14.753616998761407
legacy_three_workloads,topology,mode,Quorum,full mesh,energy_observed,iqr_pct,mean,6,6,85,13,18,15.481399994920627,11.010919757729726,21.259423955077715
legacy_three_workloads,topology,mode,Quorum,full mesh,energy_observed,iqr_pct,median,6,6,85,13,18,15.312671854891699,9.559614777137996,21.34365569914888
legacy_three_workloads,topology,mode,Quorum,full mesh,energy_observed,sample_std_pct,mean,6,6,85,13,18,13.061358176612003,10.725169585745686,14.087244412395414
legacy_three_workloads,topology,mode,Quorum,full mesh,energy_observed,sample_std_pct,median,6,6,85,13,18,13.444196681828828,10.382940151392502,14.731524531970745
legacy_three_workloads,topology,mode,Quorum,hypercube,energy_observed,iqr_pct,mean,6,6,84,13,17,19.740646745782488,13.833952234483668,25.38496498457066
legacy_three_workloads,topology,mode,Quorum,hypercube,energy_observed,iqr_pct,median,6,6,84,13,17,19.329079308495423,12.703247368258893,25.68310337236869
legacy_three_workloads,topology,mode,Quorum,hypercube,energy_observed,sample_std_pct,mean,6,6,84,13,17,15.317590768617277,12.319901775733308,16.62092150469835
legacy_three_workloads,topology,mode,Quorum,hypercube,energy_observed,sample_std_pct,median,6,6,84,13,17,14.790005031741423,11.687666768674637,16.63381671251624
legacy_three_workloads,topology,mode,Quorum,scale-free,energy_observed,iqr_pct,mean,6,6,91,12,17,15.724416333261088,11.455960585763595,22.201470558305523
legacy_three_workloads,topology,mode,Quorum,scale-free,energy_observed,iqr_pct,median,6,6,91,12,17,14.380673132505635,9.77966499592127,22.242087044067922
legacy_three_workloads,topology,mode,Quorum,scale-free,energy_observed,sample_std_pct,mean,6,6,91,12,17,13.530500707905766,11.075020387275242,14.537962252604197
legacy_three_workloads,topology,mode,Quorum,scale-free,energy_observed,sample_std_pct,median,6,6,91,12,17,13.363253959901032,10.775737554871087,14.791228070562743
legacy_three_workloads,topology,mode,Quorum,torus,energy_observed,iqr_pct,mean,6,6,77,10,18,18.185700378423686,12.211948840206961,23.55413877578986
legacy_three_workloads,topology,mode,Quorum,torus,energy_observed,iqr_pct,median,6,6,77,10,18,18.994342542060707,10.678141037723753,24.467276451201695
legacy_three_workloads,topology,mode,Quorum,torus,energy_observed,sample_std_pct,mean,6,6,77,10,18,14.439659378463638,11.444585385622,15.757255619696217
legacy_three_workloads,topology,mode,Quorum,torus,energy_observed,sample_std_pct,median,6,6,77,10,18,13.773421478406547,10.87023486944538,15.458047887282676
legacy_three_workloads,topology,mode,Solana,fat-tree,energy_observed,iqr_pct,mean,6,6,78,13,13,19.010010961829753,12.047011363198031,21.850592303743497
legacy_three_workloads,topology,mode,Solana,fat-tree,energy_observed,iqr_pct,median,6,6,78,13,13,17.84246754604039,10.453021859295646,21.692106705089646
legacy_three_workloads,topology,mode,Solana,fat-tree,energy_observed,sample_std_pct,mean,6,6,78,13,13,12.146536857208256,9.80936099796063,13.298151183307539
legacy_three_workloads,topology,mode,Solana,fat-tree,energy_observed,sample_std_pct,median,6,6,78,13,13,12.706137452082007,9.00784499584343,13.999332476531846
legacy_three_workloads,topology,mode,Solana,full mesh,energy_observed,iqr_pct,mean,6,6,82,13,16,16.142878706468878,10.973959341696084,20.37289586559636
legacy_three_workloads,topology,mode,Solana,full mesh,energy_observed,iqr_pct,median,6,6,82,13,16,16.278780145839058,10.009185913258891,20.655009514675218
legacy_three_workloads,topology,mode,Solana,full mesh,energy_observed,sample_std_pct,mean,6,6,82,13,16,11.96444777082562,9.714108635720429,12.90558295996351
legacy_three_workloads,topology,mode,Solana,full mesh,energy_observed,sample_std_pct,median,6,6,82,13,16,11.889116661084817,9.137288386787931,13.41252019694004
legacy_three_workloads,topology,mode,Solana,hypercube,energy_observed,iqr_pct,mean,6,6,82,13,15,14.709267515753629,9.487597102453778,18.397517880614693
legacy_three_workloads,topology,mode,Solana,hypercube,energy_observed,iqr_pct,median,6,6,82,13,15,13.822065769413166,8.302822194439997,17.646769345664705
legacy_three_workloads,topology,mode,Solana,hypercube,energy_observed,sample_std_pct,mean,6,6,82,13,15,11.741563787094293,9.217745230422176,13.041391093258756
legacy_three_workloads,topology,mode,Solana,hypercube,energy_observed,sample_std_pct,median,6,6,82,13,15,10.96256271790025,8.347440962032643,12.694738140032054
legacy_three_workloads,topology,mode,Solana,scale-free,energy_observed,iqr_pct,mean,6,6,104,13,26,15.228414402069161,11.07993352314644,18.619826121889602
legacy_three_workloads,topology,mode,Solana,scale-free,energy_observed,iqr_pct,median,6,6,104,13,26,16.983899373893173,9.811738596267872,19.387738869598632
legacy_three_workloads,topology,mode,Solana,scale-free,energy_observed,sample_std_pct,mean,6,6,104,13,26,11.453930733521448,9.552567128199476,12.3307396440416
legacy_three_workloads,topology,mode,Solana,scale-free,energy_observed,sample_std_pct,median,6,6,104,13,26,12.33810530353052,8.860058909286835,12.916127603264005
legacy_three_workloads,topology,mode,Solana,torus,energy_observed,iqr_pct,mean,6,6,81,13,16,16.094231662486706,10.453099900208274,22.37662833620409
legacy_three_workloads,topology,mode,Solana,torus,energy_observed,iqr_pct,median,6,6,81,13,16,16.343415733041414,8.871055105625782,23.521573613300006
legacy_three_workloads,topology,mode,Solana,torus,energy_observed,sample_std_pct,mean,6,6,81,13,16,14.266355280535093,10.87098521405054,15.779039924908945
legacy_three_workloads,topology,mode,Solana,torus,energy_observed,sample_std_pct,median,6,6,81,13,16,14.975091167880107,10.34196599668002,16.884149523884428
legacy_three_workloads,workload,workload,Algorand,GAFAM,energy_observed,iqr_pct,mean,10,10,131,13,14,19.90116690580671,14.666879971001233,23.65734351661839
legacy_three_workloads,workload,workload,Algorand,GAFAM,energy_observed,iqr_pct,median,10,10,131,13,14,19.984190431140394,12.857543910294343,24.45018366236653
legacy_three_workloads,workload,workload,Algorand,GAFAM,energy_observed,sample_std_pct,mean,10,10,131,13,14,14.943973732017275,12.655790709762357,15.671964659835309
legacy_three_workloads,workload,workload,Algorand,GAFAM,energy_observed,sample_std_pct,median,10,10,131,13,14,14.309130911441525,11.868596963531788,15.599005590534757
legacy_three_workloads,workload,workload,Algorand,PayPal,energy_observed,iqr_pct,mean,10,10,130,13,13,12.538098855893406,9.835441851513963,17.891930758745687
legacy_three_workloads,workload,workload,Algorand,PayPal,energy_observed,iqr_pct,median,10,10,130,13,13,11.637833633442096,8.379285030449772,17.601453996306702
legacy_three_workloads,workload,workload,Algorand,PayPal,energy_observed,sample_std_pct,mean,10,10,130,13,13,12.756682160556242,10.304868496698326,13.589823133102604
legacy_three_workloads,workload,workload,Algorand,PayPal,energy_observed,sample_std_pct,median,10,10,130,13,13,12.18780635871601,9.873985924415022,13.754125551877816
legacy_three_workloads,workload,workload,Algorand,VISA,energy_observed,iqr_pct,mean,10,10,130,13,13,15.430931288191195,11.095239875073432,19.44234947542361
legacy_three_workloads,workload,workload,Algorand,VISA,energy_observed,iqr_pct,median,10,10,130,13,13,14.668335122566214,9.436132760353138,18.94448770137206
legacy_three_workloads,workload,workload,Algorand,VISA,energy_observed,sample_std_pct,mean,10,10,130,13,13,13.241115598373593,10.744326559299605,14.08896440029571
legacy_three_workloads,workload,workload,Algorand,VISA,energy_observed,sample_std_pct,median,10,10,130,13,13,13.184567441995295,10.048407145465589,14.178393154373719
legacy_three_workloads,workload,workload,Diem,GAFAM,energy_observed,iqr_pct,mean,10,10,136,10,19,18.389813189723604,13.938887219796262,22.7873756874429
legacy_three_workloads,workload,workload,Diem,GAFAM,energy_observed,iqr_pct,median,10,10,136,10,19,18.439608394359613,11.368210247165635,21.636297563144584
legacy_three_workloads,workload,workload,Diem,GAFAM,energy_observed,sample_std_pct,mean,10,10,136,10,19,14.451937962035615,12.128134312209216,15.286406378049668
legacy_three_workloads,workload,workload,Diem,GAFAM,energy_observed,sample_std_pct,median,10,10,136,10,19,15.534465684556785,10.747309017822865,16.401791417050774
legacy_three_workloads,workload,workload,Diem,PayPal,energy_observed,iqr_pct,mean,10,10,142,11,23,16.249754601287144,12.310750445797753,19.908619358065586
legacy_three_workloads,workload,workload,Diem,PayPal,energy_observed,iqr_pct,median,10,10,142,11,23,17.02236300809632,10.875294890423422,19.95846252554258
legacy_three_workloads,workload,workload,Diem,PayPal,energy_observed,sample_std_pct,mean,10,10,142,11,23,12.797094550413927,10.769479695464925,13.56899341398255
legacy_three_workloads,workload,workload,Diem,PayPal,energy_observed,sample_std_pct,median,10,10,142,11,23,12.083021848683586,9.847849148882121,13.510101747512602
legacy_three_workloads,workload,workload,Diem,VISA,energy_observed,iqr_pct,mean,10,10,137,9,23,13.716432090450786,10.594536433173456,17.397947971366857
legacy_three_workloads,workload,workload,Diem,VISA,energy_observed,iqr_pct,median,10,10,137,9,23,13.311492629931026,9.342659715937284,17.51542865947371
legacy_three_workloads,workload,workload,Diem,VISA,energy_observed,sample_std_pct,mean,10,10,137,9,23,11.360159932630577,9.506979314605731,11.972005076148307
legacy_three_workloads,workload,workload,Diem,VISA,energy_observed,sample_std_pct,median,10,10,137,9,23,10.57561100013289,8.780148613570955,12.034703626841264
legacy_three_workloads,workload,workload,Ethereum,GAFAM,energy_observed,iqr_pct,mean,10,10,132,13,15,18.23843853243436,14.075079487914728,22.89381751723107
legacy_three_workloads,workload,workload,Ethereum,GAFAM,energy_observed,iqr_pct,median,10,10,132,13,15,15.861765826188513,11.815603184887637,23.460608027375002
legacy_three_workloads,workload,workload,Ethereum,GAFAM,energy_observed,sample_std_pct,mean,10,10,132,13,15,14.106095415410602,11.94642077239681,14.90538145363373
legacy_three_workloads,workload,workload,Ethereum,GAFAM,energy_observed,sample_std_pct,median,10,10,132,13,15,13.30406996991614,11.06196023122769,14.850146677303657
legacy_three_workloads,workload,workload,Ethereum,PayPal,energy_observed,iqr_pct,mean,10,10,134,13,15,16.75262776591321,13.026174876324989,21.255447257598288
legacy_three_workloads,workload,workload,Ethereum,PayPal,energy_observed,iqr_pct,median,10,10,134,13,15,13.627857498005033,11.179391165591474,20.7838193479468
legacy_three_workloads,workload,workload,Ethereum,PayPal,energy_observed,sample_std_pct,mean,10,10,134,13,15,13.72681939295541,11.438537408789118,14.610365336923499
legacy_three_workloads,workload,workload,Ethereum,PayPal,energy_observed,sample_std_pct,median,10,10,134,13,15,12.639396593403504,10.226433734123479,14.654005814023373
legacy_three_workloads,workload,workload,Ethereum,VISA,energy_observed,iqr_pct,mean,10,10,132,13,15,19.77502327908703,14.350790309186314,24.585965089658984
legacy_three_workloads,workload,workload,Ethereum,VISA,energy_observed,iqr_pct,median,10,10,132,13,15,21.794854185581045,12.193369347009577,24.94740919932698
legacy_three_workloads,workload,workload,Ethereum,VISA,energy_observed,sample_std_pct,mean,10,10,132,13,15,15.284315623333246,12.702276017987518,16.137273072951004
legacy_three_workloads,workload,workload,Ethereum,VISA,energy_observed,sample_std_pct,median,10,10,132,13,15,14.455301105910124,11.89457235005524,16.04277482707028
legacy_three_workloads,workload,workload,Quorum,GAFAM,energy_observed,iqr_pct,mean,10,10,137,10,17,17.17561656997738,13.71899934621895,22.114365538832967
legacy_three_workloads,workload,workload,Quorum,GAFAM,energy_observed,iqr_pct,median,10,10,137,10,17,16.392148191059015,12.322626219897927,21.81732326566477
legacy_three_workloads,workload,workload,Quorum,GAFAM,energy_observed,sample_std_pct,mean,10,10,137,10,17,14.791549648038025,12.375035045864236,15.596376459735676
legacy_three_workloads,workload,workload,Quorum,GAFAM,energy_observed,sample_std_pct,median,10,10,137,10,17,14.133598982555903,11.769740362924079,15.288776387499393
legacy_three_workloads,workload,workload,Quorum,PayPal,energy_observed,iqr_pct,mean,10,10,138,11,17,18.304897518465573,13.47721615812371,22.22925979732505
legacy_three_workloads,workload,workload,Quorum,PayPal,energy_observed,iqr_pct,median,10,10,138,11,17,18.556457050242336,11.731523915737382,23.052445002880564
legacy_three_workloads,workload,workload,Quorum,PayPal,energy_observed,sample_std_pct,mean,10,10,138,11,17,13.419301577211309,11.38912127370027,14.095498150305037
legacy_three_workloads,workload,workload,Quorum,PayPal,energy_observed,sample_std_pct,median,10,10,138,11,17,13.035708502320574,10.980992383925194,14.31233806073159
legacy_three_workloads,workload,workload,Quorum,VISA,energy_observed,iqr_pct,mean,10,10,147,11,18,17.0170363821779,13.087224799378584,20.651679374688644
legacy_three_workloads,workload,workload,Quorum,VISA,energy_observed,iqr_pct,median,10,10,147,11,18,17.005112720725595,11.658522408912553,20.92913006998453
legacy_three_workloads,workload,workload,Quorum,VISA,energy_observed,sample_std_pct,mean,10,10,147,11,18,13.662689134612247,11.559150106014467,14.358622910518838
legacy_three_workloads,workload,workload,Quorum,VISA,energy_observed,sample_std_pct,median,10,10,147,11,18,14.059469942291418,11.07219790601541,14.768252834475376
legacy_three_workloads,workload,workload,Solana,GAFAM,energy_observed,iqr_pct,mean,10,10,132,13,15,18.236885627029437,12.766452202486352,21.583268844361633
legacy_three_workloads,workload,workload,Solana,GAFAM,energy_observed,iqr_pct,median,10,10,132,13,15,17.341023890036976,10.913343312694312,21.43952720300049
legacy_three_workloads,workload,workload,Solana,GAFAM,energy_observed,sample_std_pct,mean,10,10,132,13,15,14.136521979518736,11.403475022749864,15.141407662096722
legacy_three_workloads,workload,workload,Solana,GAFAM,energy_observed,sample_std_pct,median,10,10,132,13,15,15.298123836103857,10.927755540274113,16.178848433459095
legacy_three_workloads,workload,workload,Solana,PayPal,energy_observed,iqr_pct,mean,10,10,144,13,24,15.819565064511147,11.592875276840099,18.84729539129193
legacy_three_workloads,workload,workload,Solana,PayPal,energy_observed,iqr_pct,median,10,10,144,13,24,15.455044857332393,10.042335091276108,19.049412350305676
legacy_three_workloads,workload,workload,Solana,PayPal,energy_observed,sample_std_pct,mean,10,10,144,13,24,11.968178732957053,10.12977622570831,12.529814765374967
legacy_three_workloads,workload,workload,Solana,PayPal,energy_observed,sample_std_pct,median,10,10,144,13,24,12.321021322924825,9.37222575625168,13.229379008771712
legacy_three_workloads,workload,workload,Solana,VISA,energy_observed,iqr_pct,mean,10,10,151,13,26,14.654431257624296,11.058929322647602,17.022226882753223
legacy_three_workloads,workload,workload,Solana,VISA,energy_observed,iqr_pct,median,10,10,151,13,26,15.238486306770472,9.589407321868611,17.055185539340908
legacy_three_workloads,workload,workload,Solana,VISA,energy_observed,sample_std_pct,mean,10,10,151,13,26,10.838999945035036,9.207102847129397,11.360379371794009
legacy_three_workloads,workload,workload,Solana,VISA,energy_observed,sample_std_pct,median,10,10,151,13,26,10.513866828988956,7.997519390190351,11.118726698031397
legacy_three_workloads,scaling,network_size,Algorand,10 nodes,energy_observed,iqr_pct,mean,15,15,196,13,14,15.122049674547167,12.27010695278182,19.293890705576032
legacy_three_workloads,scaling,network_size,Algorand,10 nodes,energy_observed,iqr_pct,median,15,15,196,13,14,13.457602366317639,10.096646546029415,18.71547731614568
legacy_three_workloads,scaling,network_size,Algorand,10 nodes,energy_observed,sample_std_pct,mean,15,15,196,13,14,13.952624592636738,11.637767462572766,14.545456790804408
legacy_three_workloads,scaling,network_size,Algorand,10 nodes,energy_observed,sample_std_pct,median,15,15,196,13,14,13.727656608137007,10.791431347322233,14.631925515798528
legacy_three_workloads,scaling,network_size,Algorand,40 nodes,energy_observed,iqr_pct,mean,15,15,195,13,13,16.79141502538037,12.879971367244245,19.675013675348993
legacy_three_workloads,scaling,network_size,Algorand,40 nodes,energy_observed,iqr_pct,median,15,15,195,13,13,17.013318867676364,11.320705763647902,19.981149962070575
legacy_three_workloads,scaling,network_size,Algorand,40 nodes,energy_observed,sample_std_pct,mean,15,15,195,13,13,13.341889734661333,11.403552987834312,13.73155981837136
legacy_three_workloads,scaling,network_size,Algorand,40 nodes,energy_observed,sample_std_pct,median,15,15,195,13,13,12.641478275853585,10.981554347580607,14.017187615024943
legacy_three_workloads,scaling,network_size,Diem,10 nodes,energy_observed,iqr_pct,mean,15,15,190,11,14,15.1019801568435,12.111755673691253,18.439757082116405
legacy_three_workloads,scaling,network_size,Diem,10 nodes,energy_observed,iqr_pct,median,15,15,190,11,14,13.534273063830854,9.664172216372986,17.59127629777571
legacy_three_workloads,scaling,network_size,Diem,10 nodes,energy_observed,sample_std_pct,mean,15,15,190,11,14,12.482283352042488,10.58149932151881,13.043047178977268
legacy_three_workloads,scaling,network_size,Diem,10 nodes,energy_observed,sample_std_pct,median,15,15,190,11,14,10.699295271974119,9.124262709332648,12.345907950071739
legacy_three_workloads,scaling,network_size,Diem,40 nodes,energy_observed,iqr_pct,mean,15,15,225,9,23,17.135353097464193,13.917022543254319,20.223346555842582
legacy_three_workloads,scaling,network_size,Diem,40 nodes,energy_observed,iqr_pct,median,15,15,225,9,23,18.706533640469562,12.548978443003538,20.214166117770766
legacy_three_workloads,scaling,network_size,Diem,40 nodes,energy_observed,sample_std_pct,mean,15,15,225,9,23,13.257178278010922,11.514495016505316,13.736844017246485
legacy_three_workloads,scaling,network_size,Diem,40 nodes,energy_observed,sample_std_pct,median,15,15,225,9,23,14.360116452087883,10.74303932888657,14.66163734794013
legacy_three_workloads,scaling,network_size,Ethereum,10 nodes,energy_observed,iqr_pct,mean,15,15,203,13,15,18.41333518650462,15.393595385087384,23.405531969530575
legacy_three_workloads,scaling,network_size,Ethereum,10 nodes,energy_observed,iqr_pct,median,15,15,203,13,15,14.819643566803778,12.731766623956887,23.342699265666234
legacy_three_workloads,scaling,network_size,Ethereum,10 nodes,energy_observed,sample_std_pct,mean,15,15,203,13,15,15.368626920851826,13.175450384431517,15.967761988017955
legacy_three_workloads,scaling,network_size,Ethereum,10 nodes,energy_observed,sample_std_pct,median,15,15,203,13,15,14.68123628794758,11.8064357082116,15.776150884144858
legacy_three_workloads,scaling,network_size,Ethereum,40 nodes,energy_observed,iqr_pct,mean,15,15,195,13,13,18.097391198451774,13.737729361972642,20.585826985623072
legacy_three_workloads,scaling,network_size,Ethereum,40 nodes,energy_observed,iqr_pct,median,15,15,195,13,13,19.272498205364915,12.008475116584822,21.167712499782663
legacy_three_workloads,scaling,network_size,Ethereum,40 nodes,energy_observed,sample_std_pct,mean,15,15,195,13,13,13.376193366947676,11.47666585145274,13.850677555423314
legacy_three_workloads,scaling,network_size,Ethereum,40 nodes,energy_observed,sample_std_pct,median,15,15,195,13,13,13.668488949201603,10.789762126429451,14.430394597424051
legacy_three_workloads,scaling,network_size,Quorum,10 nodes,energy_observed,iqr_pct,mean,15,15,198,10,17,18.393965048392502,14.497148866430809,21.34800886244342
legacy_three_workloads,scaling,network_size,Quorum,10 nodes,energy_observed,iqr_pct,median,15,15,198,10,17,18.09430628837323,13.141377985567582,21.870398384778785
legacy_three_workloads,scaling,network_size,Quorum,10 nodes,energy_observed,sample_std_pct,mean,15,15,198,10,17,14.00928146857471,12.051152304579444,14.454914372160209
legacy_three_workloads,scaling,network_size,Quorum,10 nodes,energy_observed,sample_std_pct,median,15,15,198,10,17,13.887312379024609,11.510836751418928,14.686012451452553
legacy_three_workloads,scaling,network_size,Quorum,40 nodes,energy_observed,iqr_pct,mean,15,15,224,13,18,16.604401932021396,13.628953666957042,20.566096880878476
legacy_three_workloads,scaling,network_size,Quorum,40 nodes,energy_observed,iqr_pct,median,15,15,224,13,18,16.114409376301012,12.099482892181854,20.74834979998795
legacy_three_workloads,scaling,network_size,Quorum,40 nodes,energy_observed,sample_std_pct,mean,15,15,224,13,18,13.906412104666346,12.003861078476525,14.397405448021164
legacy_three_workloads,scaling,network_size,Quorum,40 nodes,energy_observed,sample_std_pct,median,15,15,224,13,18,12.961571483221775,11.429472582884513,14.616590396646902
legacy_three_workloads,scaling,network_size,Solana,10 nodes,energy_observed,iqr_pct,mean,15,15,232,13,26,15.491131333673943,12.605536448241779,18.700907843115793
legacy_three_workloads,scaling,network_size,Solana,10 nodes,energy_observed,iqr_pct,median,15,15,232,13,26,16.599136152503473,10.924010742950433,18.430921382324797
legacy_three_workloads,scaling,network_size,Solana,10 nodes,energy_observed,sample_std_pct,mean,15,15,232,13,26,12.776636669595707,10.931174773752065,13.31416014319196
legacy_three_workloads,scaling,network_size,Solana,10 nodes,energy_observed,sample_std_pct,median,15,15,232,13,26,14.582603658990266,10.137766017129513,14.367914483387352
legacy_three_workloads,scaling,network_size,Solana,40 nodes,energy_observed,iqr_pct,mean,15,15,195,13,13,16.98278996576931,12.32964418358747,18.367315635137253
legacy_three_workloads,scaling,network_size,Solana,40 nodes,energy_observed,iqr_pct,median,15,15,195,13,13,15.667645861285054,10.281504203449414,18.08355670520929
legacy_three_workloads,scaling,network_size,Solana,40 nodes,energy_observed,sample_std_pct,mean,15,15,195,13,13,11.85249710207818,10.009970511795554,12.353207464890026
legacy_three_workloads,scaling,network_size,Solana,40 nodes,energy_observed,sample_std_pct,median,15,15,195,13,13,12.44797546671955,8.935260343028533,12.83718087684148
